{
"type": "FeatureCollection",
"name": "landuse",
"crs": { "type": "name", "properties": { "name": "urn:ogc:def:crs:OGC:1.3:CRS84" } },
"features": [
{ "type": "Feature", "properties": { "element": "relation", "id": 1817046, "landuse": null }, "geometry": { "type": "Polygon", "coordinates": [ [ [ 73.0815268, 22.2429671 ], [ 73.0816555, 22.2430068 ], [ 73.0817413, 22.2430862 ], [ 73.0822563, 22.2427684 ], [ 73.0823851, 22.2427684 ], [ 73.0825138, 22.2428082 ], [ 73.0826211, 22.2429075 ], [ 73.0827284, 22.2430862 ], [ 73.0828571, 22.2430862 ], [ 73.0829215, 22.2427883 ], [ 73.0830288, 22.2427287 ], [ 73.0831146, 22.2427287 ], [ 73.0832219, 22.2426294 ], [ 73.0833507, 22.2423911 ], [ 73.0833936, 22.242113 ], [ 73.0834794, 22.2419939 ], [ 73.0833507, 22.2417555 ], [ 73.0833077, 22.2415172 ], [ 73.0830288, 22.2413384 ], [ 73.0829, 22.2414576 ], [ 73.0827284, 22.2414179 ], [ 73.0825567, 22.2414179 ], [ 73.0825138, 22.2414576 ], [ 73.0822134, 22.2414576 ], [ 73.0821705, 22.2414179 ], [ 73.0820847, 22.2414179 ], [ 73.0819988, 22.2414973 ], [ 73.081913, 22.2414973 ], [ 73.0818701, 22.2414576 ], [ 73.0817199, 22.2415569 ], [ 73.0816555, 22.2416562 ], [ 73.0815268, 22.2416165 ], [ 73.0814838, 22.2416562 ], [ 73.081398, 22.2416562 ], [ 73.0814195, 22.2417555 ], [ 73.0814195, 22.2417953 ], [ 73.0813551, 22.2417754 ], [ 73.0812478, 22.2418747 ], [ 73.0813122, 22.2419343 ], [ 73.081398, 22.2418946 ], [ 73.0814624, 22.2419939 ], [ 73.0812263, 22.2420534 ], [ 73.0811834, 22.2420137 ], [ 73.0811405, 22.2421329 ], [ 73.0810332, 22.2421528 ], [ 73.0810332, 22.2423514 ], [ 73.0809474, 22.2424308 ], [ 73.0809474, 22.24255 ], [ 73.0811834, 22.2427287 ], [ 73.0813336, 22.2427883 ], [ 73.0815268, 22.2429671 ] ], [ [ 73.081634, 22.2423514 ], [ 73.0816555, 22.2423315 ], [ 73.0817842, 22.2423315 ], [ 73.0818057, 22.2423911 ], [ 73.0816984, 22.2424109 ], [ 73.081634, 22.2423514 ] ] ] } },
{ "type": "Feature", "properties": { "element": "relation", "id": 1817047, "landuse": null }, "geometry": { "type": "Polygon", "coordinates": [ [ [ 73.2312155, 22.3360045 ], [ 73.2310009, 22.3359648 ], [ 73.230958, 22.3359251 ], [ 73.2308722, 22.3360045 ], [ 73.2307863, 22.3360045 ], [ 73.2307005, 22.3358854 ], [ 73.2305503, 22.3359846 ], [ 73.2306576, 22.3360045 ], [ 73.230722, 22.336064 ], [ 73.2307005, 22.3360839 ], [ 73.2305717, 22.3361633 ], [ 73.230443, 22.3360839 ], [ 73.2303357, 22.3361434 ], [ 73.2303786, 22.3363419 ], [ 73.2303357, 22.3363816 ], [ 73.2304859, 22.3364014 ], [ 73.2305717, 22.3365602 ], [ 73.2306576, 22.3365602 ], [ 73.2308722, 22.336719 ], [ 73.2310867, 22.3365999 ], [ 73.2313442, 22.3366396 ], [ 73.2314301, 22.3365999 ], [ 73.231473, 22.3366396 ], [ 73.2315588, 22.3366396 ], [ 73.2315588, 22.3365602 ], [ 73.2316232, 22.3365404 ], [ 73.2315803, 22.3365007 ], [ 73.2316875, 22.3364411 ], [ 73.2317948, 22.3365007 ], [ 73.2318163, 22.3366793 ], [ 73.2320738, 22.336719 ], [ 73.2321382, 22.3366198 ], [ 73.2320523, 22.3365007 ], [ 73.2320523, 22.3364213 ], [ 73.2321382, 22.3363419 ], [ 73.2321382, 22.3362228 ], [ 73.232224, 22.3361831 ], [ 73.231988, 22.3361236 ], [ 73.2318163, 22.3360442 ], [ 73.2317734, 22.3359648 ], [ 73.2316446, 22.3360442 ], [ 73.2314086, 22.3360243 ], [ 73.2313013, 22.3359251 ], [ 73.2312155, 22.3360045 ] ], [ [ 73.2312155, 22.336322 ], [ 73.231194, 22.3362228 ], [ 73.2312584, 22.3361633 ], [ 73.2313871, 22.3361633 ], [ 73.2314944, 22.3362228 ], [ 73.231473, 22.3362427 ], [ 73.2313013, 22.3362427 ], [ 73.2312155, 22.336322 ] ] ] } },
{ "type": "Feature", "properties": { "element": "relation", "id": 1817048, "landuse": null }, "geometry": { "type": "Polygon", "coordinates": [ [ [ 73.2132339, 22.3604944 ], [ 73.2139206, 22.3604547 ], [ 73.2140493, 22.360415 ], [ 73.2141566, 22.3603158 ], [ 73.2141566, 22.3602364 ], [ 73.2141995, 22.3601968 ], [ 73.2141137, 22.3599983 ], [ 73.2142425, 22.3598792 ], [ 73.2141995, 22.3597602 ], [ 73.2142425, 22.3597205 ], [ 73.2142425, 22.3592839 ], [ 73.2140923, 22.3592641 ], [ 73.2139635, 22.3593831 ], [ 73.2137918, 22.3594228 ], [ 73.213706, 22.3591847 ], [ 73.2135773, 22.3591847 ], [ 73.2135344, 22.3592244 ], [ 73.2134914, 22.359145 ], [ 73.2134056, 22.359145 ], [ 73.2132125, 22.3592442 ], [ 73.2131481, 22.3593435 ], [ 73.2129765, 22.3592244 ], [ 73.2128692, 22.3592442 ], [ 73.2129335, 22.3594228 ], [ 73.2131052, 22.3593831 ], [ 73.2131696, 22.3594824 ], [ 73.2129121, 22.3596808 ], [ 73.2128692, 22.360038 ], [ 73.2128048, 22.3600182 ], [ 73.212676, 22.3600182 ], [ 73.2125688, 22.3601571 ], [ 73.2125902, 22.360296 ], [ 73.212719, 22.360296 ], [ 73.2128906, 22.3604547 ], [ 73.2130194, 22.360415 ], [ 73.213191, 22.3604547 ], [ 73.2132339, 22.3604944 ] ], [ [ 73.2134271, 22.3594427 ], [ 73.2135344, 22.3593831 ], [ 73.2135987, 22.3594824 ], [ 73.2135344, 22.3595022 ], [ 73.2134271, 22.3594824 ], [ 73.2134271, 22.3594427 ] ] ] } },
{ "type": "Feature", "properties": { "element": "relation", "id": 1817049, "landuse": null }, "geometry": { "type": "Polygon", "coordinates": [ [ [ 73.2331252, 22.3365801 ], [ 73.2331252, 22.3366991 ], [ 73.233254, 22.3367785 ], [ 73.233254, 22.3368976 ], [ 73.2332969, 22.3369373 ], [ 73.233254, 22.3371358 ], [ 73.2331681, 22.3372152 ], [ 73.2331681, 22.3373343 ], [ 73.2332754, 22.3374335 ], [ 73.23349, 22.3374732 ], [ 73.2335329, 22.3375129 ], [ 73.2337904, 22.3374732 ], [ 73.2338333, 22.3375129 ], [ 73.2341337, 22.3375129 ], [ 73.2341337, 22.3373938 ], [ 73.2343483, 22.3374335 ], [ 73.234477, 22.3372747 ], [ 73.2345414, 22.3372549 ], [ 73.2345414, 22.3371755 ], [ 73.2343054, 22.3370763 ], [ 73.2341766, 22.3369572 ], [ 73.2340908, 22.3369572 ], [ 73.2340479, 22.3369175 ], [ 73.2339191, 22.3370763 ], [ 73.2338333, 22.3370763 ], [ 73.2337689, 22.3367785 ], [ 73.2336402, 22.3367388 ], [ 73.2336831, 22.3366198 ], [ 73.2336187, 22.3365602 ], [ 73.2335758, 22.3365999 ], [ 73.2333612, 22.3364808 ], [ 73.2332325, 22.3364808 ], [ 73.2330608, 22.3364014 ], [ 73.232975, 22.3364808 ], [ 73.2331252, 22.3365801 ] ], [ [ 73.234005, 22.3373541 ], [ 73.2339406, 22.3372549 ], [ 73.2340479, 22.3371556 ], [ 73.2341123, 22.3371755 ], [ 73.2341123, 22.3372152 ], [ 73.2340693, 22.3372946 ], [ 73.234005, 22.3373541 ] ] ] } },
{ "type": "Feature", "properties": { "element": "relation", "id": 1817050, "landuse": null }, "geometry": { "type": "Polygon", "coordinates": [ [ [ 73.214457, 22.3069245 ], [ 73.214457, 22.3065672 ], [ 73.2143068, 22.3064679 ], [ 73.214221, 22.3064679 ], [ 73.2141995, 22.3064084 ], [ 73.2140493, 22.3062694 ], [ 73.2139206, 22.30619 ], [ 73.2138348, 22.3061503 ], [ 73.2137918, 22.30619 ], [ 73.2137489, 22.3061503 ], [ 73.2136202, 22.3062694 ], [ 73.2134485, 22.3062694 ], [ 73.2132125, 22.3064084 ], [ 73.2131696, 22.3068848 ], [ 73.2132125, 22.3069245 ], [ 73.2132125, 22.3070039 ], [ 73.2131267, 22.307123 ], [ 73.2132983, 22.3074407 ], [ 73.2133627, 22.3075002 ], [ 73.2134485, 22.3074208 ], [ 73.2136202, 22.3074208 ], [ 73.2138348, 22.3075796 ], [ 73.2139635, 22.3075796 ], [ 73.2140064, 22.3077385 ], [ 73.2140923, 22.3077782 ], [ 73.2141352, 22.3076987 ], [ 73.2141995, 22.3077186 ], [ 73.2142639, 22.307937 ], [ 73.2143497, 22.3079767 ], [ 73.2144356, 22.3079767 ], [ 73.2146839, 22.3081028 ], [ 73.2146947, 22.3079588 ], [ 73.2147322, 22.3078497 ], [ 73.2147537, 22.3077281 ], [ 73.2146716, 22.3077583 ], [ 73.2146716, 22.3076392 ], [ 73.2145429, 22.3075201 ], [ 73.2145, 22.3072422 ], [ 73.214457, 22.3072025 ], [ 73.2145, 22.307123 ], [ 73.2144785, 22.3069444 ], [ 73.214457, 22.3069245 ] ], [ [ 73.2137704, 22.3066863 ], [ 73.213706, 22.3067459 ], [ 73.2135987, 22.3066863 ], [ 73.2136202, 22.3066268 ], [ 73.2136846, 22.3066069 ], [ 73.2137489, 22.3066268 ], [ 73.2137704, 22.3066863 ] ] ] } },
{ "type": "Feature", "properties": { "element": "relation", "id": 1817051, "landuse": null }, "geometry": { "type": "Polygon", "coordinates": [ [ [ 73.1124687, 22.3579146 ], [ 73.1122971, 22.3577956 ], [ 73.1121254, 22.3577956 ], [ 73.1120396, 22.3577162 ], [ 73.111825, 22.3577162 ], [ 73.1116533, 22.3575574 ], [ 73.1115675, 22.3575971 ], [ 73.1114817, 22.3575971 ], [ 73.11131, 22.3574781 ], [ 73.1110954, 22.3573987 ], [ 73.1109667, 22.3573987 ], [ 73.1109238, 22.357359 ], [ 73.1107306, 22.357617 ], [ 73.1107306, 22.3576964 ], [ 73.110559, 22.3578948 ], [ 73.110559, 22.3580536 ], [ 73.1106019, 22.3584901 ], [ 73.1106877, 22.3588077 ], [ 73.1107306, 22.3588473 ], [ 73.1107306, 22.3591649 ], [ 73.1108165, 22.3592442 ], [ 73.1108594, 22.359403 ], [ 73.1110525, 22.3595419 ], [ 73.1111383, 22.3595419 ], [ 73.1112242, 22.3596213 ], [ 73.1116533, 22.359661 ], [ 73.1119108, 22.3598594 ], [ 73.1122971, 22.3598991 ], [ 73.1123614, 22.3597999 ], [ 73.1123185, 22.3597602 ], [ 73.1123614, 22.3596808 ], [ 73.1126618, 22.3594427 ], [ 73.1126189, 22.359403 ], [ 73.1127048, 22.3593633 ], [ 73.1128335, 22.3590855 ], [ 73.1128335, 22.3588473 ], [ 73.1127906, 22.3586489 ], [ 73.1127477, 22.3586092 ], [ 73.1127906, 22.3585298 ], [ 73.1127906, 22.3579742 ], [ 73.1127477, 22.3579345 ], [ 73.1126404, 22.357875 ], [ 73.1124687, 22.3579146 ] ], [ [ 73.1119108, 22.3585497 ], [ 73.1119752, 22.3586092 ], [ 73.1119108, 22.3586687 ], [ 73.1118894, 22.3586489 ], [ 73.1118679, 22.3585894 ], [ 73.1119108, 22.3585497 ] ] ] } },
{ "type": "Feature", "properties": { "element": "relation", "id": 1817052, "landuse": null }, "geometry": { "type": "Polygon", "coordinates": [ [ [ 73.2185984, 22.2923326 ], [ 73.218534, 22.2923922 ], [ 73.2184267, 22.2924121 ], [ 73.2183194, 22.292551 ], [ 73.2183623, 22.2927893 ], [ 73.2183623, 22.2930275 ], [ 73.2184052, 22.2930672 ], [ 73.2184052, 22.2932658 ], [ 73.2184482, 22.2933452 ], [ 73.2185555, 22.2932856 ], [ 73.2187057, 22.2933055 ], [ 73.2184052, 22.2934246 ], [ 73.2184482, 22.2935437 ], [ 73.2184482, 22.2939805 ], [ 73.2184911, 22.2941393 ], [ 73.2186413, 22.2942386 ], [ 73.2190275, 22.2942783 ], [ 73.2191133, 22.2942783 ], [ 73.2191992, 22.2942783 ], [ 73.219285, 22.2942783 ], [ 73.2196283, 22.2941592 ], [ 73.2199717, 22.2941195 ], [ 73.2200146, 22.2940798 ], [ 73.2201862, 22.2940798 ], [ 73.2203364, 22.2939805 ], [ 73.2202935, 22.2937423 ], [ 73.2202935, 22.2936629 ], [ 73.2202935, 22.2935834 ], [ 73.2202935, 22.293504 ], [ 73.2202935, 22.2934246 ], [ 73.2202935, 22.2931467 ], [ 73.2202935, 22.2928687 ], [ 73.2203794, 22.2926702 ], [ 73.2203794, 22.2925113 ], [ 73.2202868, 22.2924307 ], [ 73.2201875, 22.2923884 ], [ 73.220036, 22.2923525 ], [ 73.2194138, 22.2923326 ], [ 73.2190704, 22.2923724 ], [ 73.2188988, 22.2923724 ], [ 73.2185984, 22.2923326 ] ], [ [ 73.2196069, 22.2933849 ], [ 73.2195854, 22.293643 ], [ 73.2191133, 22.293643 ], [ 73.2190919, 22.2935437 ], [ 73.2189846, 22.2935239 ], [ 73.2189202, 22.2934643 ], [ 73.2189202, 22.2933849 ], [ 73.2188773, 22.2933452 ], [ 73.2191348, 22.2931069 ], [ 73.2190919, 22.2930275 ], [ 73.2191563, 22.2928886 ], [ 73.2194138, 22.2928886 ], [ 73.2195425, 22.2928488 ], [ 73.2196283, 22.2927694 ], [ 73.2196927, 22.2929878 ], [ 73.2197356, 22.2930275 ], [ 73.2197356, 22.2931864 ], [ 73.2196927, 22.2932261 ], [ 73.2196283, 22.293365 ], [ 73.2196069, 22.2933849 ] ] ] } },
{ "type": "Feature", "properties": { "element": "relation", "id": 1817053, "landuse": null }, "geometry": { "type": "Polygon", "coordinates": [ [ [ 73.1258154, 22.2843114 ], [ 73.1262445, 22.28451 ], [ 73.1264162, 22.28451 ], [ 73.126502, 22.2844703 ], [ 73.1266093, 22.2842916 ], [ 73.1264591, 22.2841923 ], [ 73.1263733, 22.2841923 ], [ 73.1263518, 22.2841327 ], [ 73.1264591, 22.2839937 ], [ 73.1267166, 22.2839937 ], [ 73.126781, 22.2839342 ], [ 73.1266737, 22.2837555 ], [ 73.1266308, 22.2838349 ], [ 73.1263947, 22.283815 ], [ 73.1265879, 22.2837555 ], [ 73.1266952, 22.2836959 ], [ 73.1266522, 22.2836562 ], [ 73.1266308, 22.2835172 ], [ 73.1264162, 22.2835569 ], [ 73.1264162, 22.2836364 ], [ 73.1262445, 22.2836364 ], [ 73.1261158, 22.2835172 ], [ 73.12603, 22.2835172 ], [ 73.1258154, 22.2833187 ], [ 73.1257296, 22.2833187 ], [ 73.1256008, 22.2831201 ], [ 73.1254292, 22.2831201 ], [ 73.1253433, 22.283001 ], [ 73.1253004, 22.283001 ], [ 73.1251931, 22.2831003 ], [ 73.1251931, 22.2832194 ], [ 73.1251502, 22.2832591 ], [ 73.1251931, 22.2833782 ], [ 73.1251502, 22.2834577 ], [ 73.1251502, 22.2837753 ], [ 73.1251931, 22.283815 ], [ 73.1251931, 22.2838945 ], [ 73.1251502, 22.2840533 ], [ 73.1251073, 22.284093 ], [ 73.1251287, 22.284232 ], [ 73.1253004, 22.2842717 ], [ 73.1258154, 22.2843114 ] ], [ [ 73.1261587, 22.2839143 ], [ 73.1259871, 22.2839143 ], [ 73.1259441, 22.2838746 ], [ 73.1255794, 22.2838548 ], [ 73.1257296, 22.2836761 ], [ 73.12603, 22.2837952 ], [ 73.1261802, 22.283815 ], [ 73.1261802, 22.2838945 ], [ 73.1261587, 22.2839143 ] ] ] } },
{ "type": "Feature", "properties": { "element": "relation", "id": 1817054, "landuse": null }, "geometry": { "type": "Polygon", "coordinates": [ [ [ 73.1330037, 22.3501155 ], [ 73.1330466, 22.3502743 ], [ 73.133111, 22.3503338 ], [ 73.1332397, 22.3502544 ], [ 73.1333685, 22.3502941 ], [ 73.133626, 22.3502941 ], [ 73.1337762, 22.350433 ], [ 73.1338191, 22.3505918 ], [ 73.1339478, 22.3506712 ], [ 73.1340122, 22.3507704 ], [ 73.1341839, 22.3507307 ], [ 73.1342268, 22.3507704 ], [ 73.1343126, 22.3507307 ], [ 73.1344628, 22.3505124 ], [ 73.1344628, 22.350433 ], [ 73.1345272, 22.3503735 ], [ 73.134656, 22.3503735 ], [ 73.1348276, 22.3502544 ], [ 73.1349134, 22.3504132 ], [ 73.1350422, 22.3504132 ], [ 73.1351924, 22.3505124 ], [ 73.1352568, 22.3507307 ], [ 73.1353855, 22.350691 ], [ 73.1355143, 22.350691 ], [ 73.1355572, 22.3507307 ], [ 73.1356215, 22.3506712 ], [ 73.1354499, 22.3504727 ], [ 73.1354499, 22.3503536 ], [ 73.1353855, 22.3502147 ], [ 73.1353211, 22.3502743 ], [ 73.1353211, 22.3503536 ], [ 73.1352568, 22.3504132 ], [ 73.1352353, 22.3503933 ], [ 73.1351495, 22.3501552 ], [ 73.1351924, 22.3500758 ], [ 73.1350636, 22.3499567 ], [ 73.1350636, 22.3498773 ], [ 73.1349993, 22.3498178 ], [ 73.1349134, 22.3498178 ], [ 73.1348491, 22.3497583 ], [ 73.1346345, 22.3494407 ], [ 73.1346774, 22.349282 ], [ 73.1346774, 22.3492026 ], [ 73.1346345, 22.3491232 ], [ 73.1346989, 22.3490637 ], [ 73.1348276, 22.3490637 ], [ 73.1349349, 22.3489247 ], [ 73.134892, 22.3488057 ], [ 73.1347847, 22.3487064 ], [ 73.134613, 22.3487858 ], [ 73.1343126, 22.3487858 ], [ 73.1339693, 22.3489446 ], [ 73.1335616, 22.3493217 ], [ 73.1334543, 22.3495797 ], [ 73.133347, 22.3495598 ], [ 73.1332827, 22.3494606 ], [ 73.1332183, 22.3495201 ], [ 73.1332183, 22.3496789 ], [ 73.133111, 22.3497781 ], [ 73.1329608, 22.3498377 ], [ 73.1329608, 22.349917 ], [ 73.1330681, 22.3500163 ], [ 73.1331539, 22.3499766 ], [ 73.1331754, 22.3500758 ], [ 73.1332612, 22.3501155 ], [ 73.1331754, 22.3501155 ], [ 73.1330037, 22.3501155 ] ], [ [ 73.1334329, 22.3498773 ], [ 73.1334972, 22.3498178 ], [ 73.1335616, 22.3498773 ], [ 73.1336045, 22.3499567 ], [ 73.1335402, 22.3500163 ], [ 73.1334758, 22.3499567 ], [ 73.1334329, 22.3498773 ] ] ] } },
{ "type": "Feature", "properties": { "element": "relation", "id": 9049957, "landuse": null }, "geometry": { "type": "Polygon", "coordinates": [ [ [ 73.2849669, 22.3171677 ], [ 73.2849884, 22.3170685 ], [ 73.2851171, 22.3171082 ], [ 73.2853746, 22.3170288 ], [ 73.2855463, 22.3170288 ], [ 73.2856107, 22.3169295 ], [ 73.2855678, 22.3168898 ], [ 73.2855678, 22.3167707 ], [ 73.2853532, 22.3166119 ], [ 73.2852674, 22.3162943 ], [ 73.2853317, 22.3162744 ], [ 73.2853746, 22.3163141 ], [ 73.2854819, 22.3162149 ], [ 73.285439, 22.3160958 ], [ 73.2854819, 22.3159767 ], [ 73.285439, 22.3158973 ], [ 73.2854819, 22.3158576 ], [ 73.2854819, 22.3156591 ], [ 73.2855678, 22.3155003 ], [ 73.2855678, 22.3153415 ], [ 73.2856536, 22.3152224 ], [ 73.2854176, 22.315004 ], [ 73.2852888, 22.3149643 ], [ 73.285203, 22.3148849 ], [ 73.2850313, 22.3148849 ], [ 73.2849455, 22.3148055 ], [ 73.2845592, 22.3147658 ], [ 73.284452, 22.3146268 ], [ 73.2847738, 22.3144482 ], [ 73.2847524, 22.3145077 ], [ 73.2847953, 22.3145871 ], [ 73.2849026, 22.3146467 ], [ 73.2850742, 22.3146467 ], [ 73.2852459, 22.3145673 ], [ 73.2853317, 22.3147261 ], [ 73.285439, 22.3146665 ], [ 73.2852888, 22.3144482 ], [ 73.2850313, 22.3144879 ], [ 73.284924, 22.3143886 ], [ 73.284924, 22.3142695 ], [ 73.2852244, 22.314071 ], [ 73.285439, 22.3137931 ], [ 73.285439, 22.313674 ], [ 73.2853532, 22.3135946 ], [ 73.2853746, 22.313535 ], [ 73.2854605, 22.313535 ], [ 73.2855248, 22.3136343 ], [ 73.2855248, 22.3138725 ], [ 73.2852674, 22.3141504 ], [ 73.2852244, 22.3142298 ], [ 73.2852459, 22.3143291 ], [ 73.2854176, 22.3143688 ], [ 73.285675, 22.314607 ], [ 73.2859325, 22.314607 ], [ 73.2860613, 22.3147261 ], [ 73.2861471, 22.3147261 ], [ 73.2862544, 22.3148253 ], [ 73.2863188, 22.315004 ], [ 73.2863832, 22.3149842 ], [ 73.2864261, 22.3149047 ], [ 73.2863832, 22.3147459 ], [ 73.2864475, 22.3147261 ], [ 73.2867265, 22.3150239 ], [ 73.2866836, 22.3151827 ], [ 73.2867265, 22.3152621 ], [ 73.2867908, 22.3153216 ], [ 73.2868767, 22.3153216 ], [ 73.2869625, 22.3154407 ], [ 73.2870269, 22.3154209 ], [ 73.2870483, 22.3153613 ], [ 73.2872629, 22.3155201 ], [ 73.2873917, 22.3154804 ], [ 73.2874346, 22.3155201 ], [ 73.2876062, 22.3155201 ], [ 73.2876277, 22.3154606 ], [ 73.287499, 22.3153018 ], [ 73.2876062, 22.3152422 ], [ 73.2877135, 22.3153812 ], [ 73.2876277, 22.31554 ], [ 73.2877135, 22.3156988 ], [ 73.2878637, 22.3157186 ], [ 73.2879925, 22.315798 ], [ 73.2880354, 22.3157583 ], [ 73.2880783, 22.315798 ], [ 73.2882929, 22.3157186 ], [ 73.2884216, 22.3157186 ], [ 73.2884645, 22.3157583 ], [ 73.2887435, 22.31554 ], [ 73.2887006, 22.3155003 ], [ 73.2887006, 22.3153415 ], [ 73.2885718, 22.3152621 ], [ 73.2885718, 22.3151827 ], [ 73.2887006, 22.3150636 ], [ 73.2885933, 22.3150437 ], [ 73.2885289, 22.3149445 ], [ 73.2889366, 22.3144879 ], [ 73.2890654, 22.3144879 ], [ 73.2891083, 22.3144482 ], [ 73.2892156, 22.3145077 ], [ 73.2893443, 22.3146665 ], [ 73.2893872, 22.3148253 ], [ 73.2894516, 22.3148849 ], [ 73.2898808, 22.3148452 ], [ 73.2899666, 22.3149246 ], [ 73.2901812, 22.3148849 ], [ 73.2903099, 22.3150437 ], [ 73.2904387, 22.3150437 ], [ 73.2906103, 22.3151628 ], [ 73.290782, 22.3151628 ], [ 73.2910395, 22.3152819 ], [ 73.291297, 22.3152819 ], [ 73.2914472, 22.3154209 ], [ 73.2914686, 22.3155598 ], [ 73.2915974, 22.3155598 ], [ 73.2916832, 22.3156392 ], [ 73.2917476, 22.3156194 ], [ 73.291769, 22.3155598 ], [ 73.2918549, 22.3155598 ], [ 73.2921124, 22.3153216 ], [ 73.2922411, 22.315401 ], [ 73.2924128, 22.315401 ], [ 73.2926059, 22.3156194 ], [ 73.2926059, 22.3157782 ], [ 73.2928419, 22.3159171 ], [ 73.2928848, 22.3158774 ], [ 73.2929277, 22.3159171 ], [ 73.2930565, 22.3159171 ], [ 73.293314, 22.3156392 ], [ 73.2933569, 22.3156392 ], [ 73.2934642, 22.3158179 ], [ 73.2934213, 22.3158973 ], [ 73.2934213, 22.3161355 ], [ 73.2934642, 22.3161752 ], [ 73.2934642, 22.3164531 ], [ 73.2935071, 22.3164928 ], [ 73.2934642, 22.3166119 ], [ 73.2935071, 22.316731 ], [ 73.2933784, 22.317128 ], [ 73.2933998, 22.3171876 ], [ 73.2934427, 22.3171876 ], [ 73.2935929, 22.3169295 ], [ 73.2935929, 22.3166913 ], [ 73.2936358, 22.3166516 ], [ 73.2936358, 22.3164531 ], [ 73.29355, 22.3162149 ], [ 73.29355, 22.3159767 ], [ 73.2935929, 22.315937 ], [ 73.2935929, 22.3157782 ], [ 73.2936788, 22.3156591 ], [ 73.2935286, 22.3154804 ], [ 73.293314, 22.315401 ], [ 73.2932711, 22.3153216 ], [ 73.2930136, 22.3152819 ], [ 73.2929707, 22.3153216 ], [ 73.2926917, 22.315143 ], [ 73.2927561, 22.3149246 ], [ 73.2929277, 22.3149246 ], [ 73.2929921, 22.314865 ], [ 73.2929492, 22.3147459 ], [ 73.293035, 22.3146665 ], [ 73.293035, 22.3145871 ], [ 73.2929707, 22.3145276 ], [ 73.2928848, 22.3145276 ], [ 73.2927561, 22.3144085 ], [ 73.2924986, 22.3144482 ], [ 73.2923698, 22.3143291 ], [ 73.2923913, 22.3145077 ], [ 73.2923269, 22.3145673 ], [ 73.292284, 22.3145276 ], [ 73.2920694, 22.3145276 ], [ 73.2919836, 22.3144879 ], [ 73.2920051, 22.3149842 ], [ 73.2919407, 22.3150437 ], [ 73.2918978, 22.315004 ], [ 73.291769, 22.315004 ], [ 73.2917047, 22.3149445 ], [ 73.2916617, 22.3147062 ], [ 73.2919192, 22.3145077 ], [ 73.2918334, 22.3143489 ], [ 73.2918763, 22.3141107 ], [ 73.2918334, 22.314071 ], [ 73.2920051, 22.3139122 ], [ 73.2917476, 22.3136343 ], [ 73.2917476, 22.3135152 ], [ 73.2918334, 22.3133961 ], [ 73.2917476, 22.3133167 ], [ 73.2917047, 22.3131579 ], [ 73.291533, 22.3129991 ], [ 73.2917047, 22.31288 ], [ 73.2916617, 22.3127609 ], [ 73.2918119, 22.3126219 ], [ 73.2919192, 22.312602 ], [ 73.2919407, 22.3125028 ], [ 73.2920265, 22.3125425 ], [ 73.2920909, 22.3124829 ], [ 73.292048, 22.3124432 ], [ 73.2920694, 22.3123837 ], [ 73.2921553, 22.3124234 ], [ 73.2923698, 22.3122646 ], [ 73.2924986, 22.3123043 ], [ 73.2927132, 22.3122249 ], [ 73.292799, 22.3121455 ], [ 73.2930136, 22.3121455 ], [ 73.2930994, 22.3121852 ], [ 73.2932281, 22.3121455 ], [ 73.2933569, 22.3122646 ], [ 73.2934427, 22.3121852 ], [ 73.2936573, 22.3121852 ], [ 73.2936573, 22.3120661 ], [ 73.2934856, 22.3121058 ], [ 73.2934427, 22.3120661 ], [ 73.293314, 22.3120661 ], [ 73.2932496, 22.3119668 ], [ 73.2933354, 22.3118874 ], [ 73.2933354, 22.3117683 ], [ 73.2933998, 22.3117087 ], [ 73.2935929, 22.3116492 ], [ 73.2936358, 22.3113713 ], [ 73.2935929, 22.3112919 ], [ 73.2936573, 22.3112323 ], [ 73.2937217, 22.3112522 ], [ 73.2936788, 22.3113713 ], [ 73.2937646, 22.311411 ], [ 73.293786, 22.3114705 ], [ 73.2938719, 22.3114705 ], [ 73.2939363, 22.311411 ], [ 73.2938933, 22.3111331 ], [ 73.2939363, 22.3110934 ], [ 73.2935715, 22.3106765 ], [ 73.2934856, 22.3106765 ], [ 73.2933569, 22.3105574 ], [ 73.2932496, 22.3105772 ], [ 73.2932496, 22.3106963 ], [ 73.2931852, 22.3107559 ], [ 73.2928848, 22.3106368 ], [ 73.2928205, 22.3105375 ], [ 73.2929921, 22.3103787 ], [ 73.2929277, 22.3103192 ], [ 73.2927561, 22.3103192 ], [ 73.2927775, 22.3104184 ], [ 73.2927132, 22.3104383 ], [ 73.2926702, 22.3103589 ], [ 73.2924557, 22.3103589 ], [ 73.2924128, 22.3103192 ], [ 73.2922626, 22.3103787 ], [ 73.292284, 22.3104383 ], [ 73.2921553, 22.3103986 ], [ 73.2920694, 22.310478 ], [ 73.2919836, 22.3104383 ], [ 73.291769, 22.3105971 ], [ 73.2916403, 22.3105574 ], [ 73.2916188, 22.3106566 ], [ 73.2916617, 22.310736 ], [ 73.2915974, 22.3107956 ], [ 73.2914257, 22.3106765 ], [ 73.2913613, 22.3106963 ], [ 73.2914042, 22.3109345 ], [ 73.291254, 22.3110338 ], [ 73.2911468, 22.3109743 ], [ 73.2911682, 22.3107162 ], [ 73.2909966, 22.3108353 ], [ 73.2908678, 22.3108353 ], [ 73.290782, 22.3107559 ], [ 73.2906532, 22.3107559 ], [ 73.290503, 22.3105772 ], [ 73.2904601, 22.310339 ], [ 73.2902455, 22.3101802 ], [ 73.2902026, 22.309942 ], [ 73.2898164, 22.3096244 ], [ 73.2897735, 22.3089097 ], [ 73.289516, 22.3087906 ], [ 73.289516, 22.3086715 ], [ 73.2897467, 22.3082595 ], [ 73.2894489, 22.3081901 ], [ 73.2888937, 22.3081355 ], [ 73.2876921, 22.3080164 ], [ 73.2864475, 22.3078973 ], [ 73.2853317, 22.3078576 ], [ 73.2837439, 22.3078576 ], [ 73.2819414, 22.3077782 ], [ 73.2815552, 22.3076987 ], [ 73.2807398, 22.3075002 ], [ 73.2800102, 22.3073017 ], [ 73.2794952, 22.3073017 ], [ 73.2793665, 22.3073414 ], [ 73.2792592, 22.3074407 ], [ 73.2791734, 22.3076392 ], [ 73.2790446, 22.3083539 ], [ 73.2789159, 22.3095052 ], [ 73.2787442, 22.3114507 ], [ 73.2787013, 22.3117683 ], [ 73.2785135, 22.3140363 ], [ 73.2784492, 22.3147906 ], [ 73.2785189, 22.3153812 ], [ 73.2787871, 22.3149842 ], [ 73.2789588, 22.3149047 ], [ 73.2792377, 22.315004 ], [ 73.2793236, 22.315004 ], [ 73.2794523, 22.3151231 ], [ 73.2795811, 22.3150834 ], [ 73.279624, 22.3151628 ], [ 73.2798815, 22.3152422 ], [ 73.2800102, 22.3154407 ], [ 73.2801175, 22.3154606 ], [ 73.2801604, 22.3156194 ], [ 73.2804823, 22.3158377 ], [ 73.280654, 22.3158377 ], [ 73.2807398, 22.3159171 ], [ 73.2808256, 22.3159171 ], [ 73.2809114, 22.3160362 ], [ 73.2809973, 22.3160759 ], [ 73.2812977, 22.3161156 ], [ 73.2815123, 22.316195 ], [ 73.2817054, 22.316334 ], [ 73.2818556, 22.3165921 ], [ 73.2820272, 22.3165921 ], [ 73.2821989, 22.3167112 ], [ 73.2822847, 22.3167112 ], [ 73.2824564, 22.3169494 ], [ 73.2826281, 22.3170685 ], [ 73.2827568, 22.3170288 ], [ 73.2828856, 22.3172273 ], [ 73.283143, 22.3172273 ], [ 73.2831216, 22.317525 ], [ 73.283186, 22.3175846 ], [ 73.2834435, 22.3175052 ], [ 73.2834864, 22.3175449 ], [ 73.2836151, 22.3175449 ], [ 73.283658, 22.3176243 ], [ 73.2837439, 22.317664 ], [ 73.2838941, 22.3175647 ], [ 73.2839155, 22.3174655 ], [ 73.2839584, 22.3174655 ], [ 73.2840014, 22.3175846 ], [ 73.2843018, 22.3176243 ], [ 73.2843447, 22.3177037 ], [ 73.2844734, 22.317664 ], [ 73.284688, 22.317664 ], [ 73.2847738, 22.3177037 ], [ 73.2848597, 22.3176243 ], [ 73.2850742, 22.3176243 ], [ 73.2853103, 22.3174853 ], [ 73.2852888, 22.3174258 ], [ 73.2851386, 22.3174059 ], [ 73.2851386, 22.3173265 ], [ 73.2850313, 22.3171479 ], [ 73.2849669, 22.3171677 ] ], [ [ 73.2929707, 22.311669 ], [ 73.2929277, 22.3117087 ], [ 73.2928419, 22.3117087 ], [ 73.2927775, 22.3116095 ], [ 73.2928419, 22.3115499 ], [ 73.2929707, 22.3115499 ], [ 73.2929707, 22.311669 ] ], [ [ 73.2847953, 22.3143092 ], [ 73.2847524, 22.3143092 ], [ 73.2847095, 22.3142695 ], [ 73.2847095, 22.3141504 ], [ 73.2848382, 22.314071 ], [ 73.2848597, 22.3140115 ], [ 73.2849884, 22.3139718 ], [ 73.2850957, 22.3138725 ], [ 73.2850528, 22.3135946 ], [ 73.2848811, 22.3133564 ], [ 73.2848811, 22.313277 ], [ 73.2849455, 22.3132571 ], [ 73.2850957, 22.3134358 ], [ 73.2850957, 22.3135549 ], [ 73.2851386, 22.3135946 ], [ 73.2851386, 22.313674 ], [ 73.2852244, 22.3137534 ], [ 73.2852244, 22.3138328 ], [ 73.2851601, 22.3139321 ], [ 73.2851171, 22.3139321 ], [ 73.2847953, 22.3142298 ], [ 73.2847953, 22.3143092 ] ], [ [ 73.2909322, 22.3140313 ], [ 73.2910395, 22.3140115 ], [ 73.2911253, 22.3139718 ], [ 73.2911897, 22.314071 ], [ 73.2911897, 22.3143886 ], [ 73.2912755, 22.3145077 ], [ 73.2912326, 22.3147062 ], [ 73.2913184, 22.3147459 ], [ 73.2913613, 22.3149047 ], [ 73.2914472, 22.3149842 ], [ 73.2914901, 22.315143 ], [ 73.2914257, 22.3152025 ], [ 73.291297, 22.3152025 ], [ 73.2912326, 22.315143 ], [ 73.2912326, 22.3149842 ], [ 73.2911038, 22.3148253 ], [ 73.2911468, 22.3146665 ], [ 73.2908463, 22.3144283 ], [ 73.2908893, 22.3142298 ], [ 73.2909322, 22.3141901 ], [ 73.2909322, 22.3140313 ] ], [ [ 73.2883787, 22.3153216 ], [ 73.2882929, 22.3153613 ], [ 73.2882714, 22.3153018 ], [ 73.2883787, 22.3152422 ], [ 73.2885289, 22.3152621 ], [ 73.2884645, 22.3153216 ], [ 73.2883787, 22.3153216 ] ], [ [ 73.2929277, 22.3153613 ], [ 73.2931423, 22.3154407 ], [ 73.2932496, 22.3155797 ], [ 73.2930565, 22.315798 ], [ 73.2928848, 22.3157583 ], [ 73.2926917, 22.31554 ], [ 73.2927132, 22.3154804 ], [ 73.292799, 22.3155598 ], [ 73.2929063, 22.3154606 ], [ 73.2929277, 22.3153613 ] ], [ [ 73.2846451, 22.3172273 ], [ 73.284688, 22.317267 ], [ 73.2847095, 22.3174456 ], [ 73.2846451, 22.3175052 ], [ 73.2845807, 22.3174059 ], [ 73.2845807, 22.3173265 ], [ 73.2846451, 22.3172273 ] ] ] } },
{ "type": "Feature", "properties": { "element": "relation", "id": 9973270, "landuse": null }, "geometry": { "type": "Polygon", "coordinates": [ [ [ 73.189019, 22.3156647 ], [ 73.1891432, 22.3155029 ], [ 73.1892027, 22.3153121 ], [ 73.1891907, 22.3151139 ], [ 73.1891086, 22.3149305 ], [ 73.1889657, 22.3147825 ], [ 73.1887779, 22.3146864 ], [ 73.1885663, 22.3146531 ], [ 73.1883633, 22.3146837 ], [ 73.1881812, 22.3147722 ], [ 73.1880388, 22.3149095 ], [ 73.1879508, 22.3150815 ], [ 73.1879263, 22.3152704 ], [ 73.1879678, 22.3154568 ], [ 73.188071, 22.3156214 ], [ 73.1882253, 22.3157472 ], [ 73.1884235, 22.3158233 ], [ 73.1886378, 22.3158345 ], [ 73.188844, 22.3157796 ], [ 73.189019, 22.3156647 ] ], [ [ 73.1886069, 22.3155038 ], [ 73.1885052, 22.315503 ], [ 73.1884096, 22.3154709 ], [ 73.1883344, 22.3154146 ], [ 73.1882823, 22.3153392 ], [ 73.1882588, 22.3152524 ], [ 73.1882623, 22.3152102 ], [ 73.1882663, 22.3151631 ], [ 73.188304, 22.3150807 ], [ 73.1883615, 22.3150204 ], [ 73.188368, 22.3150136 ], [ 73.1884517, 22.3149687 ], [ 73.1885465, 22.3149507 ], [ 73.1886425, 22.3149615 ], [ 73.1887299, 22.3149999 ], [ 73.1887872, 22.3150518 ], [ 73.1888026, 22.3150657 ], [ 73.1888474, 22.3151502 ], [ 73.1888593, 22.3152436 ], [ 73.1888552, 22.3152602 ], [ 73.1888369, 22.3153353 ], [ 73.1887827, 22.3154149 ], [ 73.1887371, 22.3154483 ], [ 73.188703, 22.3154733 ], [ 73.1886069, 22.3155038 ] ] ] } },
{ "type": "Feature", "properties": { "element": "relation", "id": 9973271, "landuse": null }, "geometry": { "type": "Polygon", "coordinates": [ [ [ 73.1887365, 22.3153193 ], [ 73.1887572, 22.3152625 ], [ 73.1887575, 22.3152026 ], [ 73.1887375, 22.3151456 ], [ 73.1887083, 22.3151087 ], [ 73.1886992, 22.3150973 ], [ 73.1886464, 22.3150626 ], [ 73.1885845, 22.315045 ], [ 73.1885144, 22.3150472 ], [ 73.1884494, 22.3150713 ], [ 73.1884222, 22.3150936 ], [ 73.188397, 22.3151144 ], [ 73.1883635, 22.3151714 ], [ 73.1883529, 22.3152355 ], [ 73.1883664, 22.3152991 ], [ 73.1884025, 22.3153547 ], [ 73.1884089, 22.3153596 ], [ 73.1884568, 22.3153957 ], [ 73.1885176, 22.3154164 ], [ 73.1885823, 22.3154183 ], [ 73.1886444, 22.3154013 ], [ 73.1886819, 22.3153772 ], [ 73.1886976, 22.3153672 ], [ 73.1887365, 22.3153193 ] ], [ [ 73.1886111, 22.3152898 ], [ 73.1886029, 22.315295 ], [ 73.1885874, 22.3153049 ], [ 73.1885596, 22.3153121 ], [ 73.1885309, 22.3153105 ], [ 73.1885042, 22.3153004 ], [ 73.1884917, 22.3152901 ], [ 73.1884826, 22.3152828 ], [ 73.1884684, 22.3152597 ], [ 73.188463, 22.3152336 ], [ 73.188467, 22.3152073 ], [ 73.18848, 22.3151837 ], [ 73.1884927, 22.3151723 ], [ 73.1885006, 22.3151652 ], [ 73.1885266, 22.3151539 ], [ 73.1885551, 22.315151 ], [ 73.1885832, 22.3151568 ], [ 73.1886077, 22.3151707 ], [ 73.1886199, 22.3151844 ], [ 73.188626, 22.3151913 ], [ 73.1886361, 22.3152163 ], [ 73.1886369, 22.3152429 ], [ 73.1886282, 22.3152683 ], [ 73.1886111, 22.3152898 ] ] ] } },
{ "type": "Feature", "properties": { "element": "relation", "id": 9973274, "landuse": "grass" }, "geometry": { "type": "Polygon", "coordinates": [ [ [ 73.1893048, 22.3116068 ], [ 73.1894058, 22.3113917 ], [ 73.1894248, 22.3113159 ], [ 73.1894077, 22.3111996 ], [ 73.1893505, 22.3110744 ], [ 73.1892781, 22.3108858 ], [ 73.1892648, 22.3106514 ], [ 73.1892629, 22.3104152 ], [ 73.1892152, 22.3103746 ], [ 73.1890857, 22.3107324 ], [ 73.1890171, 22.3107166 ], [ 73.1891638, 22.3103217 ], [ 73.1891493, 22.3102786 ], [ 73.1891173, 22.3102298 ], [ 73.1890702, 22.3101822 ], [ 73.189023, 22.3101641 ], [ 73.1889389, 22.3101472 ], [ 73.188838, 22.3101825 ], [ 73.1886379, 22.3105421 ], [ 73.1884302, 22.3109175 ], [ 73.1883216, 22.3110991 ], [ 73.1882759, 22.3112807 ], [ 73.1893048, 22.3116068 ] ], [ [ 73.1890131, 22.3107505 ], [ 73.1890642, 22.3107655 ], [ 73.1890034, 22.3109431 ], [ 73.1889523, 22.3109281 ], [ 73.1890131, 22.3107505 ] ] ] } },
{ "type": "Feature", "properties": { "element": "relation", "id": 9973276, "landuse": null }, "geometry": { "type": "MultiPolygon", "coordinates": [ [ [ [ 73.1880112, 22.3099581 ], [ 73.1880516, 22.3102871 ], [ 73.1878819, 22.3118275 ], [ 73.187859, 22.3119821 ], [ 73.1878173, 22.3123434 ], [ 73.1878582, 22.314349 ], [ 73.1877768, 22.3157456 ], [ 73.1875344, 22.3177121 ], [ 73.1876879, 22.3178392 ], [ 73.1896358, 22.3178616 ], [ 73.1898702, 22.3177869 ], [ 73.189846, 22.317585 ], [ 73.1892317, 22.3167102 ], [ 73.1892398, 22.3164036 ], [ 73.1895308, 22.31594 ], [ 73.1896762, 22.3158278 ], [ 73.190533, 22.315783 ], [ 73.1909371, 22.3157381 ], [ 73.1910745, 22.3155138 ], [ 73.1910018, 22.3151923 ], [ 73.1899106, 22.3140632 ], [ 73.189458, 22.3137491 ], [ 73.1892236, 22.313293 ], [ 73.1893044, 22.3129491 ], [ 73.1895954, 22.3126425 ], [ 73.1902339, 22.3124556 ], [ 73.191018, 22.3124032 ], [ 73.1919151, 22.3125602 ], [ 73.1932245, 22.3133005 ], [ 73.193467, 22.3133603 ], [ 73.1938549, 22.313136 ], [ 73.1939439, 22.3129117 ], [ 73.1936448, 22.3121191 ], [ 73.1930144, 22.3111769 ], [ 73.1925213, 22.310818 ], [ 73.1917211, 22.3105787 ], [ 73.1910128, 22.3104555 ], [ 73.1905168, 22.3103693 ], [ 73.1901855, 22.3101974 ], [ 73.1892155, 22.3087916 ], [ 73.1887548, 22.3085598 ], [ 73.1882618, 22.3091729 ], [ 73.1880032, 22.3093449 ], [ 73.1880112, 22.3099581 ] ] ], [ [ [ 73.1927653, 22.3135227 ], [ 73.1918234, 22.3130648 ], [ 73.1912328, 22.3129172 ], [ 73.1905144, 22.3128433 ], [ 73.1899876, 22.3129024 ], [ 73.1895964, 22.3131387 ], [ 73.1896842, 22.3134045 ], [ 73.1904824, 22.3140322 ], [ 73.1909135, 22.3146746 ], [ 73.1925498, 22.3149921 ], [ 73.1927653, 22.3135227 ] ] ] ] } },
{ "type": "Feature", "properties": { "element": "relation", "id": 12626635, "landuse": null }, "geometry": { "type": "Polygon", "coordinates": [ [ [ 73.0399532, 22.300276 ], [ 73.0399818, 22.3006909 ], [ 73.0402958, 22.3017828 ], [ 73.040353, 22.3032551 ], [ 73.0406284, 22.3043934 ], [ 73.0409228, 22.3050337 ], [ 73.0419373, 22.3073712 ], [ 73.0426776, 22.30887 ], [ 73.0443437, 22.311759 ], [ 73.0457453, 22.314027 ], [ 73.0469503, 22.3164769 ], [ 73.0483885, 22.3215284 ], [ 73.0488896, 22.3226166 ], [ 73.0491471, 22.3231823 ], [ 73.0496863, 22.3236694 ], [ 73.0526517, 22.3258173 ], [ 73.0534512, 22.3263248 ], [ 73.0539966, 22.3270032 ], [ 73.0542487, 22.3275789 ], [ 73.0544383, 22.32827 ], [ 73.0545384, 22.3288244 ], [ 73.0544955, 22.3292586 ], [ 73.0544203, 22.3294844 ], [ 73.0541736, 22.329926 ], [ 73.0540609, 22.3304706 ], [ 73.0540596, 22.3305041 ], [ 73.0540569, 22.3305487 ], [ 73.0540824, 22.3305996 ], [ 73.0541588, 22.3306715 ], [ 73.0542205, 22.3307274 ], [ 73.054246, 22.3308341 ], [ 73.0542219, 22.3310375 ], [ 73.0542138, 22.3313327 ], [ 73.0540636, 22.3319431 ], [ 73.0539429, 22.3326601 ], [ 73.0538678, 22.3331489 ], [ 73.0538329, 22.3334838 ], [ 73.0536371, 22.3345903 ], [ 73.0533743, 22.3355033 ], [ 73.0532935, 22.3358858 ], [ 73.0532187, 22.3363568 ], [ 73.0529666, 22.3373144 ], [ 73.0528164, 22.3379099 ], [ 73.0525911, 22.3385003 ], [ 73.0521219, 22.3397481 ], [ 73.0516116, 22.3411296 ], [ 73.0537457, 22.3412914 ], [ 73.0552518, 22.3421274 ], [ 73.0558795, 22.3405495 ], [ 73.0562282, 22.3395224 ], [ 73.0571559, 22.3370925 ], [ 73.0577785, 22.335548 ], [ 73.0580914, 22.3346234 ], [ 73.0588811, 22.3325275 ], [ 73.0592161, 22.3317322 ], [ 73.0594146, 22.330978 ], [ 73.0594522, 22.330452 ], [ 73.0596185, 22.3299359 ], [ 73.0597365, 22.3295489 ], [ 73.060323, 22.3281846 ], [ 73.0607694, 22.3271445 ], [ 73.0616706, 22.3251676 ], [ 73.0624259, 22.3236273 ], [ 73.0630353, 22.3220869 ], [ 73.0635159, 22.3205783 ], [ 73.063782, 22.3195779 ], [ 73.0638249, 22.3184028 ], [ 73.0637133, 22.3173229 ], [ 73.0632756, 22.3160287 ], [ 73.062703, 22.3145524 ], [ 73.0620568, 22.3130828 ], [ 73.0614585, 22.3121753 ], [ 73.0610698, 22.3116059 ], [ 73.0598545, 22.3102745 ], [ 73.0590284, 22.309406 ], [ 73.0584383, 22.30887 ], [ 73.0580145, 22.3083836 ], [ 73.0574351, 22.3078476 ], [ 73.0567646, 22.3071776 ], [ 73.0559063, 22.3065325 ], [ 73.0555791, 22.3062396 ], [ 73.0552894, 22.3060064 ], [ 73.0545545, 22.3054704 ], [ 73.0537283, 22.304984 ], [ 73.052575, 22.3043984 ], [ 73.0516362, 22.3038624 ], [ 73.0510408, 22.3034653 ], [ 73.0505097, 22.303103 ], [ 73.0489272, 22.3022394 ], [ 73.0484337, 22.302031 ], [ 73.0478947, 22.3018229 ], [ 73.0475324, 22.3016041 ], [ 73.0470711, 22.3013659 ], [ 73.0463469, 22.3009887 ], [ 73.0454564, 22.3004725 ], [ 73.0437148, 22.2991229 ], [ 73.0420754, 22.2977729 ], [ 73.0415404, 22.297296 ], [ 73.0406177, 22.2976931 ], [ 73.0392366, 22.2988926 ], [ 73.0398996, 22.2999484 ], [ 73.0399532, 22.300276 ] ], [ [ 73.0527818, 22.3204524 ], [ 73.0514216, 22.3205423 ], [ 73.0497422, 22.3199832 ], [ 73.0483798, 22.3178522 ], [ 73.0461464, 22.3125376 ], [ 73.0437305, 22.3079634 ], [ 73.0421305, 22.3049542 ], [ 73.0418408, 22.3038872 ], [ 73.0416376, 22.3029733 ], [ 73.0414492, 22.3020856 ], [ 73.0413258, 22.3013609 ], [ 73.041358, 22.3011426 ], [ 73.0415189, 22.3010929 ], [ 73.041932, 22.3012666 ], [ 73.0433267, 22.3021749 ], [ 73.0445015, 22.303237 ], [ 73.0453652, 22.3037929 ], [ 73.0473661, 22.3051776 ], [ 73.0487609, 22.3062893 ], [ 73.0496671, 22.3069963 ], [ 73.0508731, 22.3080803 ], [ 73.052315, 22.3094461 ], [ 73.0538893, 22.3113514 ], [ 73.0548041, 22.312662 ], [ 73.0551338, 22.3141108 ], [ 73.0555165, 22.3152982 ], [ 73.055568, 22.3165448 ], [ 73.0555124, 22.3174004 ], [ 73.0554342, 22.3187955 ], [ 73.0547046, 22.3198475 ], [ 73.0527818, 22.3204524 ] ] ] } },
{ "type": "Feature", "properties": { "element": "way", "id": 28928033, "landuse": "industrial" }, "geometry": { "type": "Polygon", "coordinates": [ [ [ 73.1776245, 22.2601961 ], [ 73.177264, 22.2531899 ], [ 73.1772058, 22.2521536 ], [ 73.1768263, 22.2464613 ], [ 73.1765774, 22.2431803 ], [ 73.1767905, 22.243175 ], [ 73.1787918, 22.2431247 ], [ 73.1791702, 22.2432309 ], [ 73.1818216, 22.2439748 ], [ 73.1823474, 22.2439856 ], [ 73.1828259, 22.2424971 ], [ 73.1830445, 22.2424721 ], [ 73.184285, 22.2423303 ], [ 73.1848343, 22.2433233 ], [ 73.1868942, 22.2427195 ], [ 73.187332, 22.2430055 ], [ 73.1886452, 22.2427195 ], [ 73.1889161, 22.2435343 ], [ 73.1874681, 22.2439394 ], [ 73.1872976, 22.245929 ], [ 73.1875895, 22.2459529 ], [ 73.1874435, 22.247502 ], [ 73.190851, 22.2476211 ], [ 73.1900957, 22.2446818 ], [ 73.1910913, 22.2445229 ], [ 73.1936234, 22.2451028 ], [ 73.194207, 22.2453729 ], [ 73.1947477, 22.2457225 ], [ 73.1951683, 22.2463104 ], [ 73.1956232, 22.2475496 ], [ 73.1974686, 22.2532455 ], [ 73.1987217, 22.2569234 ], [ 73.1987131, 22.2570743 ], [ 73.1986101, 22.2572411 ], [ 73.1983955, 22.2573365 ], [ 73.1979321, 22.2574 ], [ 73.1928994, 22.2581644 ], [ 73.1878384, 22.2587663 ], [ 73.1847238, 22.2592023 ], [ 73.1837366, 22.2593405 ], [ 73.181421, 22.2596646 ], [ 73.1776245, 22.2601961 ] ] ] } },
{ "type": "Feature", "properties": { "element": "way", "id": 28937447, "landuse": null }, "geometry": { "type": "Polygon", "coordinates": [ [ [ 73.1983933, 22.2756949 ], [ 73.1983332, 22.2758061 ], [ 73.1983075, 22.2760523 ], [ 73.1983246, 22.2764335 ], [ 73.1984791, 22.2765209 ], [ 73.1987624, 22.2763779 ], [ 73.1990113, 22.2761714 ], [ 73.1990113, 22.2760682 ], [ 73.1990113, 22.275957 ], [ 73.1989169, 22.275814 ], [ 73.1986851, 22.2756949 ], [ 73.1983933, 22.2756949 ] ] ] } },
{ "type": "Feature", "properties": { "element": "way", "id": 28938076, "landuse": null }, "geometry": { "type": "Polygon", "coordinates": [ [ [ 73.1882567, 22.2764097 ], [ 73.1882888, 22.276859 ], [ 73.1883188, 22.2773649 ], [ 73.1886773, 22.2773628 ], [ 73.1891064, 22.2773628 ], [ 73.1892438, 22.2773231 ], [ 73.1893124, 22.2772198 ], [ 73.1893382, 22.2770531 ], [ 73.1893296, 22.2768863 ], [ 73.1891236, 22.2767274 ], [ 73.1882567, 22.2764097 ] ] ] } },
{ "type": "Feature", "properties": { "element": "way", "id": 28938083, "landuse": null }, "geometry": { "type": "Polygon", "coordinates": [ [ [ 73.1884884, 22.2764018 ], [ 73.1892438, 22.2767274 ], [ 73.1893639, 22.2768545 ], [ 73.1893811, 22.2772119 ], [ 73.1894841, 22.2772437 ], [ 73.1896729, 22.2772596 ], [ 73.1897587, 22.2772278 ], [ 73.1897416, 22.2762747 ], [ 73.1884884, 22.2764018 ] ] ] } },
{ "type": "Feature", "properties": { "element": "way", "id": 28938097, "landuse": null }, "geometry": { "type": "Polygon", "coordinates": [ [ [ 73.1856989, 22.2777282 ], [ 73.1857419, 22.2779347 ], [ 73.1858706, 22.278165 ], [ 73.1860509, 22.2784906 ], [ 73.1862053, 22.2785701 ], [ 73.1863684, 22.2785701 ], [ 73.1864199, 22.2784906 ], [ 73.1864421, 22.2782632 ], [ 73.1864221, 22.2780038 ], [ 73.1864172, 22.2779 ], [ 73.1863856, 22.2776964 ], [ 73.1862053, 22.2776726 ], [ 73.1858783, 22.2776849 ], [ 73.1856989, 22.2777282 ] ] ] } },
{ "type": "Feature", "properties": { "element": "way", "id": 28938123, "landuse": null }, "geometry": { "type": "Polygon", "coordinates": [ [ [ 73.1961445, 22.2828986 ], [ 73.1980328, 22.2827874 ], [ 73.2027878, 22.2825173 ], [ 73.202773, 22.282186 ], [ 73.1995674, 22.2823171 ], [ 73.1966021, 22.2824865 ], [ 73.1963939, 22.2825262 ], [ 73.1962715, 22.2825696 ], [ 73.1961445, 22.2828986 ] ] ] } },
{ "type": "Feature", "properties": { "element": "way", "id": 28938457, "landuse": "industrial" }, "geometry": { "type": "Polygon", "coordinates": [ [ [ 73.2113859, 22.2623391 ], [ 73.2135569, 22.2627194 ], [ 73.2154518, 22.2630513 ], [ 73.2159413, 22.2631371 ], [ 73.2197286, 22.2638006 ], [ 73.2195398, 22.2646664 ], [ 73.2211019, 22.2666125 ], [ 73.2215826, 22.2666999 ], [ 73.2215826, 22.2669699 ], [ 73.2170249, 22.2661439 ], [ 73.2157632, 22.2659929 ], [ 73.2154457, 22.2666681 ], [ 73.2150456, 22.2670939 ], [ 73.2134973, 22.2687412 ], [ 73.2117206, 22.2673671 ], [ 73.2117292, 22.2670732 ], [ 73.2116519, 22.2661915 ], [ 73.2113859, 22.2623391 ] ] ] } },
{ "type": "Feature", "properties": { "element": "way", "id": 28938500, "landuse": null }, "geometry": { "type": "Polygon", "coordinates": [ [ [ 73.2097401, 22.2751389 ], [ 73.2096945, 22.2752532 ], [ 73.2096996, 22.275405 ], [ 73.2097401, 22.2756711 ], [ 73.2098824, 22.2761075 ], [ 73.2099966, 22.2763445 ], [ 73.2101006, 22.2764971 ], [ 73.210351, 22.2768093 ], [ 73.2105477, 22.2770617 ], [ 73.2106321, 22.2771739 ], [ 73.2106938, 22.2772439 ], [ 73.2111185, 22.2771227 ], [ 73.2112126, 22.2771012 ], [ 73.2113017, 22.2770609 ], [ 73.2113857, 22.2769925 ], [ 73.2113989, 22.2769335 ], [ 73.2114659, 22.2766106 ], [ 73.2117557, 22.2759776 ], [ 73.2118945, 22.2756711 ], [ 73.2119837, 22.2754844 ], [ 73.2119363, 22.2754804 ], [ 73.2118413, 22.2754444 ], [ 73.2117361, 22.2754506 ], [ 73.2115613, 22.2754278 ], [ 73.2114294, 22.2754571 ], [ 73.2111046, 22.2754713 ], [ 73.2106608, 22.2754456 ], [ 73.2101631, 22.2753194 ], [ 73.2100743, 22.2752022 ], [ 73.2099472, 22.2751008 ], [ 73.2098199, 22.2750867 ], [ 73.2097401, 22.2751389 ] ] ] } },
{ "type": "Feature", "properties": { "element": "way", "id": 29107962, "landuse": "industrial" }, "geometry": { "type": "Polygon", "coordinates": [ [ [ 73.1184012, 22.3654514 ], [ 73.1152941, 22.3635305 ], [ 73.1151911, 22.3624192 ], [ 73.1138865, 22.3623716 ], [ 73.1139037, 22.3622684 ], [ 73.1134316, 22.3624192 ], [ 73.1128737, 22.3627844 ], [ 73.1125904, 22.3629114 ], [ 73.1121355, 22.3629511 ], [ 73.1115862, 22.3633082 ], [ 73.1107451, 22.3643322 ], [ 73.1136633, 22.3656419 ], [ 73.1111742, 22.3689993 ], [ 73.1077714, 22.3737995 ], [ 73.1076552, 22.3739362 ], [ 73.1050202, 22.3722139 ], [ 73.1044194, 22.3725155 ], [ 73.1035868, 22.3731981 ], [ 73.1036297, 22.3733251 ], [ 73.103501, 22.3735394 ], [ 73.1032778, 22.3736663 ], [ 73.1030976, 22.3744124 ], [ 73.1032606, 22.3758728 ], [ 73.1032435, 22.3774522 ], [ 73.1091572, 22.3812142 ], [ 73.1068055, 22.3844205 ], [ 73.107329, 22.3866903 ], [ 73.1070544, 22.3868014 ], [ 73.1070629, 22.3874442 ], [ 73.1045395, 22.3910551 ], [ 73.1049515, 22.3915233 ], [ 73.1031062, 22.3924756 ], [ 73.1073462, 22.3950468 ], [ 73.108668, 22.3933565 ], [ 73.110026, 22.3938136 ], [ 73.1108395, 22.3940787 ], [ 73.1145817, 22.3963483 ], [ 73.1153714, 22.3952214 ], [ 73.1147963, 22.3948326 ], [ 73.1155087, 22.3937771 ], [ 73.1161782, 22.3941977 ], [ 73.1167704, 22.3933248 ], [ 73.1200835, 22.3954436 ], [ 73.1203495, 22.3953246 ], [ 73.120298, 22.3950865 ], [ 73.1210877, 22.3939676 ], [ 73.121122, 22.3936501 ], [ 73.1214224, 22.393301 ], [ 73.1210619, 22.3931026 ], [ 73.1210362, 22.3929915 ], [ 73.120813, 22.3928327 ], [ 73.1208903, 22.3926661 ], [ 73.1210791, 22.3926978 ], [ 73.1212937, 22.3919836 ], [ 73.1224009, 22.3919915 ], [ 73.1236111, 22.3902853 ], [ 73.1227185, 22.3896822 ], [ 73.1214224, 22.3893647 ], [ 73.1211563, 22.3891584 ], [ 73.1212438, 22.3890372 ], [ 73.1215512, 22.388706 ], [ 73.1211392, 22.3881426 ], [ 73.1219632, 22.3878807 ], [ 73.1228215, 22.3876029 ], [ 73.123139, 22.3871982 ], [ 73.1233536, 22.3873569 ], [ 73.1236197, 22.3870712 ], [ 73.1252505, 22.3880632 ], [ 73.1275851, 22.3849602 ], [ 73.1277224, 22.3837062 ], [ 73.1269413, 22.3832142 ], [ 73.1270041, 22.3831583 ], [ 73.1272503, 22.3828173 ], [ 73.1278168, 22.38323 ], [ 73.1276709, 22.3834523 ], [ 73.1284176, 22.3839126 ], [ 73.1298167, 22.3820078 ], [ 73.1299282, 22.3815951 ], [ 73.1273791, 22.3799443 ], [ 73.1291214, 22.3776268 ], [ 73.1290871, 22.3775713 ], [ 73.131662, 22.3741187 ], [ 73.131662, 22.3739997 ], [ 73.1299025, 22.3728171 ], [ 73.1329066, 22.3683723 ], [ 73.1340481, 22.3669118 ], [ 73.1342884, 22.3659435 ], [ 73.1343485, 22.3655466 ], [ 73.1321169, 22.3652291 ], [ 73.1318337, 22.3661102 ], [ 73.1311642, 22.3660784 ], [ 73.1311127, 22.3650704 ], [ 73.1304518, 22.3649275 ], [ 73.1299111, 22.3657847 ], [ 73.1293274, 22.3656498 ], [ 73.1292416, 22.3657212 ], [ 73.1289935, 22.3655769 ], [ 73.1286837, 22.3653641 ], [ 73.1271988, 22.3649354 ], [ 73.1211649, 22.3633241 ], [ 73.1198775, 22.3639988 ], [ 73.1196543, 22.3640544 ], [ 73.119105, 22.3646973 ], [ 73.1189333, 22.3647926 ], [ 73.1184012, 22.3654514 ] ] ] } },
{ "type": "Feature", "properties": { "element": "way", "id": 29108062, "landuse": "industrial" }, "geometry": { "type": "Polygon", "coordinates": [ [ [ 73.116882, 22.3938168 ], [ 73.1185042, 22.3948405 ], [ 73.120298, 22.396007 ], [ 73.1204096, 22.396634 ], [ 73.1194569, 22.3980148 ], [ 73.1186587, 22.3980624 ], [ 73.1174656, 22.3978481 ], [ 73.1148478, 22.3978481 ], [ 73.1142556, 22.3978164 ], [ 73.1139208, 22.3977846 ], [ 73.1136977, 22.39761 ], [ 73.1136204, 22.3974355 ], [ 73.1136032, 22.3970387 ], [ 73.1139037, 22.3966736 ], [ 73.1143414, 22.3965625 ], [ 73.114659, 22.3968165 ], [ 73.116882, 22.3938168 ] ] ] } },
{ "type": "Feature", "properties": { "element": "way", "id": 29134755, "landuse": null }, "geometry": { "type": "Polygon", "coordinates": [ [ [ 73.2118388, 22.3928011 ], [ 73.2118388, 22.3939042 ], [ 73.2133323, 22.3938962 ], [ 73.2133323, 22.3927931 ], [ 73.2118388, 22.3928011 ] ] ] } },
{ "type": "Feature", "properties": { "element": "way", "id": 29134868, "landuse": "industrial" }, "geometry": { "type": "Polygon", "coordinates": [ [ [ 73.1998826, 22.3938169 ], [ 73.1969386, 22.395277 ], [ 73.1969729, 22.3956579 ], [ 73.1968356, 22.3958801 ], [ 73.1966983, 22.3962373 ], [ 73.1966124, 22.3966102 ], [ 73.1965953, 22.3967689 ], [ 73.1967841, 22.3969673 ], [ 73.1972819, 22.3976736 ], [ 73.1977797, 22.397745 ], [ 73.2011958, 22.3959992 ], [ 73.1998826, 22.3938169 ] ] ] } },
{ "type": "Feature", "properties": { "element": "way", "id": 29547279, "landuse": "industrial" }, "geometry": { "type": "Polygon", "coordinates": [ [ [ 73.1493271, 22.3663155 ], [ 73.1494708, 22.3683354 ], [ 73.1474881, 22.3682719 ], [ 73.1472049, 22.3681529 ], [ 73.1470421, 22.3680788 ], [ 73.1469803, 22.367735 ], [ 73.1469045, 22.3672163 ], [ 73.1467328, 22.3672242 ], [ 73.1466899, 22.3664781 ], [ 73.1468761, 22.3664535 ], [ 73.1472306, 22.3664066 ], [ 73.1472478, 22.3662479 ], [ 73.1489043, 22.3660336 ], [ 73.1489129, 22.3662479 ], [ 73.1493271, 22.3663155 ] ] ] } },
{ "type": "Feature", "properties": { "element": "way", "id": 29547338, "landuse": "industrial" }, "geometry": { "type": "Polygon", "coordinates": [ [ [ 73.1468701, 22.3680894 ], [ 73.1470332, 22.3680973 ], [ 73.1472049, 22.3681529 ], [ 73.1474881, 22.3682719 ], [ 73.1494708, 22.3683354 ], [ 73.1493271, 22.3663155 ], [ 73.1500802, 22.3664384 ], [ 73.1514707, 22.3671766 ], [ 73.1515822, 22.3673591 ], [ 73.1520715, 22.3672639 ], [ 73.1518655, 22.3666606 ], [ 73.1516166, 22.3665495 ], [ 73.1515565, 22.3663035 ], [ 73.1515565, 22.3659622 ], [ 73.1515822, 22.3658987 ], [ 73.1531272, 22.3655653 ], [ 73.1537967, 22.3653589 ], [ 73.155685, 22.3650732 ], [ 73.1569467, 22.3647795 ], [ 73.1571355, 22.3657399 ], [ 73.1579766, 22.3655415 ], [ 73.1582513, 22.3655812 ], [ 73.1591182, 22.3652637 ], [ 73.1591096, 22.3651367 ], [ 73.1589379, 22.3650097 ], [ 73.1586461, 22.3642635 ], [ 73.1592298, 22.3640651 ], [ 73.1597619, 22.3648033 ], [ 73.1608262, 22.3660891 ], [ 73.161942, 22.367375 ], [ 73.1610408, 22.3692561 ], [ 73.1599679, 22.3689704 ], [ 73.1584659, 22.3717246 ], [ 73.1583028, 22.3721294 ], [ 73.1583715, 22.372304 ], [ 73.1585603, 22.3726215 ], [ 73.1569037, 22.3744152 ], [ 73.1561399, 22.3752803 ], [ 73.1569037, 22.3759867 ], [ 73.1531701, 22.3798519 ], [ 73.1527581, 22.3801059 ], [ 73.1508098, 22.3820344 ], [ 73.1482005, 22.3798678 ], [ 73.1480289, 22.3794947 ], [ 73.1495309, 22.3778677 ], [ 73.149694, 22.3777169 ], [ 73.1467414, 22.375201 ], [ 73.1436172, 22.3744628 ], [ 73.1433905, 22.3737111 ], [ 73.1433425, 22.3733755 ], [ 73.143085, 22.3731612 ], [ 73.1427589, 22.3726056 ], [ 73.1438661, 22.3723913 ], [ 73.1438918, 22.3719706 ], [ 73.1441665, 22.3719706 ], [ 73.1441236, 22.3715261 ], [ 73.1443553, 22.3714706 ], [ 73.1442094, 22.3696212 ], [ 73.1454196, 22.3692164 ], [ 73.1453814, 22.3688841 ], [ 73.1453275, 22.3684732 ], [ 73.1453618, 22.3684573 ], [ 73.1454134, 22.3684335 ], [ 73.1461062, 22.3681132 ], [ 73.1461706, 22.3681112 ], [ 73.1468701, 22.3680894 ] ] ] } },
{ "type": "Feature", "properties": { "element": "way", "id": 29547602, "landuse": null }, "geometry": { "type": "Polygon", "coordinates": [ [ [ 73.1436257, 22.3734548 ], [ 73.1439347, 22.3737882 ], [ 73.1456685, 22.374185 ], [ 73.1459947, 22.3733755 ], [ 73.1451879, 22.3734628 ], [ 73.1436772, 22.3734072 ], [ 73.1436257, 22.3734548 ] ] ] } },
{ "type": "Feature", "properties": { "element": "way", "id": 29547612, "landuse": null }, "geometry": { "type": "Polygon", "coordinates": [ [ [ 73.1462607, 22.3732405 ], [ 73.1458917, 22.3742962 ], [ 73.1460033, 22.3743835 ], [ 73.1468272, 22.3745819 ], [ 73.1468873, 22.3744787 ], [ 73.1469989, 22.3741771 ], [ 73.1465268, 22.3738676 ], [ 73.1466298, 22.3733993 ], [ 73.1466041, 22.373312 ], [ 73.1464925, 22.3732405 ], [ 73.1462607, 22.3732405 ] ] ] } },
{ "type": "Feature", "properties": { "element": "way", "id": 29547617, "landuse": null }, "geometry": { "type": "Polygon", "coordinates": [ [ [ 73.1470933, 22.3742644 ], [ 73.1469989, 22.3745501 ], [ 73.1474452, 22.3746374 ], [ 73.1488442, 22.3744708 ], [ 73.1489215, 22.3742088 ], [ 73.147943, 22.3739946 ], [ 73.1478057, 22.3740184 ], [ 73.1476426, 22.3742088 ], [ 73.1474881, 22.374447 ], [ 73.147265, 22.3743914 ], [ 73.1470933, 22.3742644 ] ] ] } },
{ "type": "Feature", "properties": { "element": "way", "id": 29547626, "landuse": null }, "geometry": { "type": "Polygon", "coordinates": [ [ [ 73.1468101, 22.3731929 ], [ 73.1467414, 22.3732326 ], [ 73.1466641, 22.3737644 ], [ 73.1473594, 22.3741771 ], [ 73.1477542, 22.3737088 ], [ 73.1488442, 22.3739866 ], [ 73.149076, 22.3735501 ], [ 73.1497111, 22.3729548 ], [ 73.1501317, 22.3732326 ], [ 73.1503463, 22.3729707 ], [ 73.1493764, 22.3721532 ], [ 73.1484065, 22.3730739 ], [ 73.148149, 22.3730501 ], [ 73.1478143, 22.3730024 ], [ 73.1468101, 22.3731929 ] ] ] } },
{ "type": "Feature", "properties": { "element": "way", "id": 29547629, "landuse": null }, "geometry": { "type": "Polygon", "coordinates": [ [ [ 73.1497197, 22.3730818 ], [ 73.1491103, 22.3737088 ], [ 73.1489816, 22.3739946 ], [ 73.1491532, 22.3741612 ], [ 73.1496425, 22.3736771 ], [ 73.1500115, 22.3732882 ], [ 73.1497197, 22.3730818 ] ] ] } },
{ "type": "Feature", "properties": { "element": "way", "id": 29547633, "landuse": null }, "geometry": { "type": "Polygon", "coordinates": [ [ [ 73.1452909, 22.3714388 ], [ 73.1452479, 22.3715976 ], [ 73.1451278, 22.3725659 ], [ 73.1451449, 22.3732564 ], [ 73.1461921, 22.373177 ], [ 73.1464324, 22.3724072 ], [ 73.1454282, 22.3715182 ], [ 73.1452909, 22.3714388 ] ] ] } },
{ "type": "Feature", "properties": { "element": "way", "id": 29547641, "landuse": null }, "geometry": { "type": "Polygon", "coordinates": [ [ [ 73.1465526, 22.372431 ], [ 73.1463294, 22.3731532 ], [ 73.1474795, 22.3729389 ], [ 73.1479173, 22.3728834 ], [ 73.148252, 22.3729627 ], [ 73.1483808, 22.3729469 ], [ 73.1483893, 22.3728358 ], [ 73.1482606, 22.3727246 ], [ 73.1477027, 22.3723119 ], [ 73.1465526, 22.372431 ] ] ] } },
{ "type": "Feature", "properties": { "element": "way", "id": 29547662, "landuse": null }, "geometry": { "type": "Polygon", "coordinates": [ [ [ 73.1478572, 22.3722405 ], [ 73.1485009, 22.3727484 ], [ 73.1493249, 22.3720024 ], [ 73.1504149, 22.3729469 ], [ 73.1509299, 22.3724468 ], [ 73.1491017, 22.3709547 ], [ 73.1478572, 22.3722405 ] ] ] } },
{ "type": "Feature", "properties": { "element": "way", "id": 29547663, "landuse": null }, "geometry": { "type": "Polygon", "coordinates": [ [ [ 73.1454368, 22.3713277 ], [ 73.1465182, 22.3723199 ], [ 73.1475568, 22.3722246 ], [ 73.1473765, 22.3715896 ], [ 73.147059, 22.3712483 ], [ 73.1466384, 22.371169 ], [ 73.1454368, 22.3713277 ] ] ] } },
{ "type": "Feature", "properties": { "element": "way", "id": 29547681, "landuse": null }, "geometry": { "type": "Polygon", "coordinates": [ [ [ 73.1434627, 22.3731453 ], [ 73.1442008, 22.3732405 ], [ 73.1450419, 22.3732009 ], [ 73.144999, 22.372558 ], [ 73.1443982, 22.3725738 ], [ 73.143806, 22.3726294 ], [ 73.1434283, 22.3727008 ], [ 73.1430593, 22.3727326 ], [ 73.1431537, 22.3730659 ], [ 73.1434627, 22.3731453 ] ] ] } },
{ "type": "Feature", "properties": { "element": "way", "id": 29547687, "landuse": null }, "geometry": { "type": "Polygon", "coordinates": [ [ [ 73.1457286, 22.370534 ], [ 73.1451535, 22.3709229 ], [ 73.1451278, 22.3711928 ], [ 73.1459174, 22.3710975 ], [ 73.1461148, 22.3710658 ], [ 73.1461062, 22.3709309 ], [ 73.1459861, 22.3707166 ], [ 73.1457286, 22.370534 ] ] ] } },
{ "type": "Feature", "properties": { "element": "way", "id": 29549540, "landuse": null }, "geometry": { "type": "Polygon", "coordinates": [ [ [ 73.1724332, 22.2923985 ], [ 73.1727631, 22.2931831 ], [ 73.1729388, 22.2936412 ], [ 73.1730048, 22.2939834 ], [ 73.1714547, 22.294184 ], [ 73.1711199, 22.2929768 ], [ 73.1724332, 22.2923985 ] ] ] } },
{ "type": "Feature", "properties": { "element": "way", "id": 29718285, "landuse": null }, "geometry": { "type": "Polygon", "coordinates": [ [ [ 73.1778723, 22.3349144 ], [ 73.1787477, 22.3350589 ], [ 73.1786877, 22.3354638 ], [ 73.1778245, 22.3353451 ], [ 73.1778723, 22.3349144 ] ] ] } },
{ "type": "Feature", "properties": { "element": "way", "id": 29853722, "landuse": null }, "geometry": { "type": "Polygon", "coordinates": [ [ [ 73.2018168, 22.3406463 ], [ 73.2021687, 22.341083 ], [ 73.2027266, 22.3414482 ], [ 73.2030528, 22.3417101 ], [ 73.2025995, 22.3431425 ], [ 73.2022332, 22.3439052 ], [ 73.2021001, 22.3440044 ], [ 73.2019027, 22.3439647 ], [ 73.2018168, 22.3437504 ], [ 73.2017482, 22.343417 ], [ 73.2015508, 22.3431232 ], [ 73.2013362, 22.342758 ], [ 73.2011988, 22.3422817 ], [ 73.2012074, 22.3419086 ], [ 73.2012074, 22.3416228 ], [ 73.2012418, 22.341337 ], [ 73.2012503, 22.3411385 ], [ 73.2012074, 22.3409718 ], [ 73.2012761, 22.340813 ], [ 73.2013533, 22.340686 ], [ 73.2014134, 22.3406225 ], [ 73.2016194, 22.3406146 ], [ 73.2018168, 22.3406463 ] ] ] } },
{ "type": "Feature", "properties": { "element": "way", "id": 29876605, "landuse": null }, "geometry": { "type": "Polygon", "coordinates": [ [ [ 73.1778375, 22.3535077 ], [ 73.1781596, 22.3541007 ], [ 73.1786231, 22.3547675 ], [ 73.178194, 22.3554501 ], [ 73.1779536, 22.3546722 ], [ 73.1776962, 22.3546643 ], [ 73.1777648, 22.3538228 ], [ 73.1778375, 22.3535077 ] ] ] } },
{ "type": "Feature", "properties": { "element": "way", "id": 29917233, "landuse": "industrial" }, "geometry": { "type": "Polygon", "coordinates": [ [ [ 73.1636657, 22.3287129 ], [ 73.1605305, 22.3330413 ], [ 73.1607107, 22.3333271 ], [ 73.1620068, 22.3341846 ], [ 73.16544, 22.3363837 ], [ 73.1686501, 22.3319616 ], [ 73.1682123, 22.3317155 ], [ 73.1636657, 22.3287129 ] ] ] } },
{ "type": "Feature", "properties": { "element": "way", "id": 52256675, "landuse": null }, "geometry": { "type": "Polygon", "coordinates": [ [ [ 73.2484205, 22.3216268 ], [ 73.2484907, 22.3212947 ], [ 73.2485091, 22.3212619 ], [ 73.2485753, 22.3211816 ], [ 73.2485914, 22.3211408 ], [ 73.2486419, 22.3207586 ], [ 73.2489494, 22.319154 ], [ 73.2489339, 22.3190863 ], [ 73.2489011, 22.3190253 ], [ 73.2488364, 22.3189711 ], [ 73.2482444, 22.3185782 ], [ 73.2481781, 22.3185509 ], [ 73.2481229, 22.3185372 ], [ 73.2480427, 22.318539 ], [ 73.2479682, 22.3185569 ], [ 73.2479049, 22.3185988 ], [ 73.2473796, 22.3197056 ], [ 73.2473227, 22.3198457 ], [ 73.2472829, 22.3200099 ], [ 73.2472591, 22.3201648 ], [ 73.2472575, 22.3203197 ], [ 73.2472791, 22.3204805 ], [ 73.2473826, 22.3208456 ], [ 73.2474644, 22.3210433 ], [ 73.2477085, 22.3214886 ], [ 73.247749, 22.3215747 ], [ 73.2477846, 22.3216203 ], [ 73.2478405, 22.3216644 ], [ 73.2479092, 22.321699 ], [ 73.2480746, 22.3217385 ], [ 73.2482679, 22.3217344 ], [ 73.248334, 22.3217148 ], [ 73.2483785, 22.3216814 ], [ 73.2484205, 22.3216268 ] ] ] } },
{ "type": "Feature", "properties": { "element": "way", "id": 76822487, "landuse": null }, "geometry": { "type": "Polygon", "coordinates": [ [ [ 73.2022362, 22.3013837 ], [ 73.202286, 22.3014533 ], [ 73.2023466, 22.3015228 ], [ 73.2024931, 22.3016024 ], [ 73.2027399, 22.3016171 ], [ 73.2031941, 22.3016603 ], [ 73.2036041, 22.3017581 ], [ 73.2040971, 22.301886 ], [ 73.2041456, 22.301892 ], [ 73.204256, 22.3018928 ], [ 73.2042773, 22.3018746 ], [ 73.2043755, 22.3018544 ], [ 73.2044854, 22.3018264 ], [ 73.2045998, 22.3017951 ], [ 73.204683, 22.3017728 ], [ 73.2047634, 22.3017467 ], [ 73.2049042, 22.3016847 ], [ 73.2050711, 22.3015691 ], [ 73.2051861, 22.3014328 ], [ 73.2053856, 22.3011025 ], [ 73.2054369, 22.3010211 ], [ 73.2054708, 22.3009236 ], [ 73.2055203, 22.3006675 ], [ 73.2055516, 22.3004324 ], [ 73.2055225, 22.3002199 ], [ 73.2051942, 22.3003266 ], [ 73.2051858, 22.300315 ], [ 73.2051526, 22.3003357 ], [ 73.2051216, 22.3003746 ], [ 73.205097, 22.3003596 ], [ 73.205055, 22.3003688 ], [ 73.2050292, 22.3003035 ], [ 73.2050822, 22.3002663 ], [ 73.205124, 22.3002821 ], [ 73.2051646, 22.3002678 ], [ 73.2054971, 22.3001677 ], [ 73.2054672, 22.3000898 ], [ 73.2053981, 22.300007 ], [ 73.205302, 22.2998868 ], [ 73.2051894, 22.2998004 ], [ 73.2051288, 22.2997613 ], [ 73.2050493, 22.2997337 ], [ 73.204948, 22.2997141 ], [ 73.2047221, 22.2997408 ], [ 73.2043916, 22.2997682 ], [ 73.2040812, 22.2997852 ], [ 73.2036974, 22.299818 ], [ 73.2035005, 22.2998408 ], [ 73.203497, 22.2998775 ], [ 73.2031136, 22.2999101 ], [ 73.2029419, 22.2999209 ], [ 73.2028826, 22.2999196 ], [ 73.20274, 22.2998928 ], [ 73.2027343, 22.2999279 ], [ 73.2027001, 22.2999226 ], [ 73.2026603, 22.2999143 ], [ 73.2026625, 22.2998893 ], [ 73.2021063, 22.2999316 ], [ 73.2021011, 22.2999682 ], [ 73.2019459, 22.2999855 ], [ 73.2019513, 22.3000204 ], [ 73.2020697, 22.3000055 ], [ 73.2021049, 22.3000142 ], [ 73.2021422, 22.3004957 ], [ 73.2021498, 22.3005812 ], [ 73.2021663, 22.3008083 ], [ 73.2021887, 22.3010895 ], [ 73.2022294, 22.3010888 ], [ 73.2022381, 22.3011052 ], [ 73.2022563, 22.3011116 ], [ 73.2022828, 22.3010968 ], [ 73.2023095, 22.3011016 ], [ 73.202329, 22.3010988 ], [ 73.2023461, 22.3011032 ], [ 73.2023656, 22.3011208 ], [ 73.2023801, 22.3011395 ], [ 73.2023827, 22.3011588 ], [ 73.2023798, 22.3011781 ], [ 73.2023688, 22.3011973 ], [ 73.2023475, 22.301216 ], [ 73.2023184, 22.3012188 ], [ 73.2022818, 22.3012098 ], [ 73.2022802, 22.3011936 ], [ 73.2022313, 22.3011954 ], [ 73.2022362, 22.3013837 ] ] ] } },
{ "type": "Feature", "properties": { "element": "way", "id": 121174532, "landuse": "industrial" }, "geometry": { "type": "Polygon", "coordinates": [ [ [ 73.2151352, 22.2797068 ], [ 73.2145253, 22.2781165 ], [ 73.2173226, 22.2772096 ], [ 73.2180865, 22.2769619 ], [ 73.2181108, 22.2770275 ], [ 73.218471, 22.2769562 ], [ 73.2184884, 22.276976 ], [ 73.2186842, 22.2769611 ], [ 73.2186976, 22.2769872 ], [ 73.2190731, 22.2770071 ], [ 73.2194619, 22.2770439 ], [ 73.2200612, 22.2770875 ], [ 73.2200866, 22.2771468 ], [ 73.2201235, 22.2772332 ], [ 73.2201268, 22.2772409 ], [ 73.2201737, 22.2773505 ], [ 73.2203766, 22.2778248 ], [ 73.2204084, 22.2778992 ], [ 73.2201849, 22.2778609 ], [ 73.2194754, 22.27763 ], [ 73.2184616, 22.2779676 ], [ 73.2175442, 22.2790634 ], [ 73.2170216, 22.27927 ], [ 73.2166354, 22.2791792 ], [ 73.2151352, 22.2797068 ] ] ] } },
{ "type": "Feature", "properties": { "element": "way", "id": 135069276, "landuse": null }, "geometry": { "type": "Polygon", "coordinates": [ [ [ 73.2170963, 22.3637488 ], [ 73.2169461, 22.3638481 ], [ 73.216989, 22.3639671 ], [ 73.2169247, 22.3640267 ], [ 73.2167959, 22.363987 ], [ 73.2167315, 22.3640465 ], [ 73.2167745, 22.3642846 ], [ 73.2169676, 22.3644632 ], [ 73.217268, 22.3644235 ], [ 73.2173109, 22.3644632 ], [ 73.2174397, 22.3644632 ], [ 73.2175469, 22.364364 ], [ 73.2176113, 22.3642251 ], [ 73.2179117, 22.3640663 ], [ 73.2179976, 22.364106 ], [ 73.2181048, 22.3640862 ], [ 73.2181907, 22.3638481 ], [ 73.2181478, 22.3638084 ], [ 73.2181907, 22.3637687 ], [ 73.2181907, 22.3636893 ], [ 73.2182336, 22.3636496 ], [ 73.2182336, 22.3634909 ], [ 73.2181478, 22.3634115 ], [ 73.2181263, 22.3632726 ], [ 73.2179117, 22.3631932 ], [ 73.2175684, 22.3632329 ], [ 73.2172465, 22.3636496 ], [ 73.2170963, 22.3637488 ] ] ] } },
{ "type": "Feature", "properties": { "element": "way", "id": 135069287, "landuse": null }, "geometry": { "type": "Polygon", "coordinates": [ [ [ 73.1334913, 22.3145153 ], [ 73.1336016, 22.3146262 ], [ 73.1337166, 22.3148253 ], [ 73.1337682, 22.3149125 ], [ 73.1339264, 22.3149246 ], [ 73.1348276, 22.3149246 ], [ 73.134892, 22.314865 ], [ 73.1348491, 22.3145474 ], [ 73.1348608, 22.3144165 ], [ 73.1348826, 22.3143249 ], [ 73.1348491, 22.3142695 ], [ 73.1348062, 22.3142298 ], [ 73.1348062, 22.3141504 ], [ 73.1346989, 22.3140512 ], [ 73.1346214, 22.3140001 ], [ 73.1346044, 22.3139164 ], [ 73.1345315, 22.3138569 ], [ 73.1343555, 22.3138924 ], [ 73.1342697, 22.3139718 ], [ 73.1340551, 22.3139718 ], [ 73.1339908, 22.3140313 ], [ 73.1339269, 22.3140477 ], [ 73.1338902, 22.3140288 ], [ 73.1337909, 22.3139996 ], [ 73.1336562, 22.3138984 ], [ 73.1335249, 22.3137414 ], [ 73.1334037, 22.3137859 ], [ 73.1333389, 22.3138672 ], [ 73.1333507, 22.3139643 ], [ 73.1334575, 22.3142816 ], [ 73.1334913, 22.3145153 ] ] ] } },
{ "type": "Feature", "properties": { "element": "way", "id": 135069291, "landuse": null }, "geometry": { "type": "Polygon", "coordinates": [ [ [ 73.2521582, 22.2876867 ], [ 73.2523298, 22.2876867 ], [ 73.2525873, 22.2875279 ], [ 73.2527161, 22.2875279 ], [ 73.2528234, 22.2874286 ], [ 73.2526946, 22.2870713 ], [ 73.2525659, 22.2869521 ], [ 73.2526517, 22.2867536 ], [ 73.2525229, 22.2867536 ], [ 73.2526517, 22.286555 ], [ 73.2526302, 22.2864955 ], [ 73.2523298, 22.2864955 ], [ 73.2521152, 22.2866146 ], [ 73.2518148, 22.2868926 ], [ 73.2516003, 22.2870117 ], [ 73.2515144, 22.286972 ], [ 73.2514501, 22.2869918 ], [ 73.2515359, 22.2871507 ], [ 73.2513642, 22.2872698 ], [ 73.2514715, 22.2872897 ], [ 73.2517719, 22.2876073 ], [ 73.2519007, 22.2876073 ], [ 73.252008, 22.2876669 ], [ 73.2521582, 22.2876867 ] ] ] } },
{ "type": "Feature", "properties": { "element": "way", "id": 135069295, "landuse": null }, "geometry": { "type": "Polygon", "coordinates": [ [ [ 73.1348881, 22.3141901 ], [ 73.1349564, 22.3142497 ], [ 73.1352398, 22.3142733 ], [ 73.1354499, 22.3143886 ], [ 73.1354584, 22.3147222 ], [ 73.1353733, 22.3150557 ], [ 73.135407, 22.315143 ], [ 73.1354463, 22.3152185 ], [ 73.1356558, 22.3153101 ], [ 73.1357718, 22.3153928 ], [ 73.1359434, 22.3155201 ], [ 73.1362009, 22.3156789 ], [ 73.1363726, 22.3156789 ], [ 73.1365013, 22.3156392 ], [ 73.1366086, 22.3155003 ], [ 73.1365657, 22.3153812 ], [ 73.136394, 22.3152621 ], [ 73.1363511, 22.315143 ], [ 73.1362653, 22.3150636 ], [ 73.1362653, 22.3149842 ], [ 73.1361794, 22.3148253 ], [ 73.1363082, 22.3146268 ], [ 73.1362653, 22.314468 ], [ 73.1363082, 22.3143886 ], [ 73.1363726, 22.3143291 ], [ 73.1365871, 22.3143291 ], [ 73.136673, 22.3142894 ], [ 73.1367373, 22.3141901 ], [ 73.1368661, 22.3138328 ], [ 73.1368446, 22.3135747 ], [ 73.1366301, 22.3136541 ], [ 73.1365871, 22.3136144 ], [ 73.1364155, 22.3136144 ], [ 73.1362653, 22.3137534 ], [ 73.1361794, 22.3139519 ], [ 73.1359005, 22.3141703 ], [ 73.135643, 22.3139321 ], [ 73.1356081, 22.3138452 ], [ 73.1355143, 22.313813 ], [ 73.1353511, 22.3137815 ], [ 73.1351709, 22.3136939 ], [ 73.1350036, 22.3136558 ], [ 73.1347648, 22.3136597 ], [ 73.1346405, 22.3138199 ], [ 73.134638, 22.3139118 ], [ 73.1346866, 22.3140037 ], [ 73.1347636, 22.314071 ], [ 73.1348881, 22.3141901 ] ] ] } },
{ "type": "Feature", "properties": { "element": "way", "id": 135069306, "landuse": null }, "geometry": { "type": "Polygon", "coordinates": [ [ [ 73.1104732, 22.3604746 ], [ 73.1105375, 22.3605738 ], [ 73.1106663, 22.3606135 ], [ 73.1108809, 22.3606135 ], [ 73.111074, 22.3603952 ], [ 73.111074, 22.3602761 ], [ 73.1112242, 22.3602563 ], [ 73.1112885, 22.3601174 ], [ 73.1113744, 22.360038 ], [ 73.1113744, 22.3599586 ], [ 73.1112242, 22.35978 ], [ 73.1110525, 22.3597403 ], [ 73.1109667, 22.3598197 ], [ 73.1106663, 22.3595816 ], [ 73.1105375, 22.3595816 ], [ 73.1104732, 22.3593633 ], [ 73.1104088, 22.3593038 ], [ 73.1102586, 22.3595221 ], [ 73.1103015, 22.3597205 ], [ 73.1103015, 22.3599983 ], [ 73.1102586, 22.3600777 ], [ 73.1103873, 22.3602364 ], [ 73.1103873, 22.3603952 ], [ 73.1104732, 22.3604746 ] ] ] } },
{ "type": "Feature", "properties": { "element": "way", "id": 135069311, "landuse": null }, "geometry": { "type": "Polygon", "coordinates": [ [ [ 73.1670356, 22.2440594 ], [ 73.1669283, 22.2439998 ], [ 73.1668639, 22.2440991 ], [ 73.1668639, 22.2441786 ], [ 73.1671214, 22.2444566 ], [ 73.1671643, 22.2447744 ], [ 73.1674433, 22.2450723 ], [ 73.1675291, 22.245112 ], [ 73.167572, 22.2450723 ], [ 73.1675935, 22.2450922 ], [ 73.1676149, 22.2452312 ], [ 73.1677222, 22.2450922 ], [ 73.1676793, 22.2446155 ], [ 73.1676364, 22.2444169 ], [ 73.1675935, 22.2443772 ], [ 73.1676364, 22.2441786 ], [ 73.1675935, 22.2441388 ], [ 73.1677222, 22.2440197 ], [ 73.1676793, 22.2439402 ], [ 73.1677222, 22.2439005 ], [ 73.1677222, 22.2438211 ], [ 73.1675506, 22.243543 ], [ 73.1675506, 22.2434636 ], [ 73.1674862, 22.243404 ], [ 73.1673145, 22.2434437 ], [ 73.1672502, 22.2436622 ], [ 73.1671643, 22.2437813 ], [ 73.1672502, 22.2439402 ], [ 73.1672502, 22.2440197 ], [ 73.1671429, 22.244119 ], [ 73.1670356, 22.2440594 ] ] ] } },
{ "type": "Feature", "properties": { "element": "way", "id": 135069323, "landuse": null }, "geometry": { "type": "Polygon", "coordinates": [ [ [ 73.0865049, 22.2358964 ], [ 73.0864406, 22.2359162 ], [ 73.0864406, 22.2359957 ], [ 73.0864835, 22.2361149 ], [ 73.0866122, 22.236234 ], [ 73.0866981, 22.2363929 ], [ 73.0866122, 22.2365518 ], [ 73.0864835, 22.2367107 ], [ 73.0865264, 22.2367504 ], [ 73.0865264, 22.2368299 ], [ 73.086462, 22.2368895 ], [ 73.0864191, 22.2368497 ], [ 73.0863118, 22.2368696 ], [ 73.0864191, 22.2369689 ], [ 73.0865693, 22.2370285 ], [ 73.0865264, 22.237108 ], [ 73.0866122, 22.2372271 ], [ 73.0866337, 22.2373662 ], [ 73.0867624, 22.2373264 ], [ 73.0868483, 22.2374059 ], [ 73.086977, 22.237247 ], [ 73.0870843, 22.2371874 ], [ 73.087213, 22.2370285 ], [ 73.0872989, 22.2367902 ], [ 73.0873847, 22.2367107 ], [ 73.0873847, 22.2366313 ], [ 73.0875564, 22.2364724 ], [ 73.0876422, 22.2363135 ], [ 73.0877709, 22.236234 ], [ 73.0877709, 22.2361943 ], [ 73.0876207, 22.2362142 ], [ 73.0874491, 22.2361744 ], [ 73.0873203, 22.2362936 ], [ 73.0871487, 22.2361744 ], [ 73.086977, 22.2361744 ], [ 73.0866551, 22.235956 ], [ 73.0865049, 22.2358964 ] ] ] } },
{ "type": "Feature", "properties": { "element": "way", "id": 135069335, "landuse": null }, "geometry": { "type": "Polygon", "coordinates": [ [ [ 73.1890297, 22.2414179 ], [ 73.1889224, 22.2415569 ], [ 73.1889653, 22.2416364 ], [ 73.1889653, 22.2418747 ], [ 73.189137, 22.2420733 ], [ 73.189137, 22.2421925 ], [ 73.1892443, 22.2422918 ], [ 73.189373, 22.2422918 ], [ 73.1894374, 22.2423514 ], [ 73.1894374, 22.2425102 ], [ 73.1893516, 22.2426294 ], [ 73.1896734, 22.2429273 ], [ 73.189888, 22.2429671 ], [ 73.1899738, 22.2428876 ], [ 73.1900811, 22.2428677 ], [ 73.190124, 22.2426691 ], [ 73.1902099, 22.24255 ], [ 73.1900597, 22.2424904 ], [ 73.1899095, 22.2423514 ], [ 73.1900382, 22.2421528 ], [ 73.1899095, 22.2420336 ], [ 73.1899095, 22.2419144 ], [ 73.1898236, 22.241835 ], [ 73.1898236, 22.2416364 ], [ 73.1897807, 22.2415966 ], [ 73.1897807, 22.2414378 ], [ 73.1897378, 22.2413583 ], [ 73.1894159, 22.2412987 ], [ 73.1893301, 22.2412193 ], [ 73.1892014, 22.2412193 ], [ 73.1891155, 22.2412987 ], [ 73.1890297, 22.2414179 ] ] ] } },
{ "type": "Feature", "properties": { "element": "way", "id": 135069344, "landuse": null }, "geometry": { "type": "Polygon", "coordinates": [ [ [ 73.0802608, 22.2383791 ], [ 73.0801964, 22.2384387 ], [ 73.0800247, 22.2384387 ], [ 73.0799389, 22.2384784 ], [ 73.0797458, 22.2386572 ], [ 73.0796599, 22.2388161 ], [ 73.079617, 22.2389749 ], [ 73.0795312, 22.2390147 ], [ 73.0796599, 22.239253 ], [ 73.0797029, 22.2394913 ], [ 73.0797887, 22.2396105 ], [ 73.0797458, 22.2398091 ], [ 73.0798316, 22.2398488 ], [ 73.0797887, 22.2398886 ], [ 73.0797887, 22.239968 ], [ 73.0800676, 22.2400276 ], [ 73.0801964, 22.240107 ], [ 73.080411, 22.240107 ], [ 73.0804968, 22.2400673 ], [ 73.0805397, 22.240107 ], [ 73.0806684, 22.240107 ], [ 73.0806899, 22.2394119 ], [ 73.0807328, 22.2393325 ], [ 73.0806899, 22.239253 ], [ 73.0807328, 22.2392133 ], [ 73.0807328, 22.2391338 ], [ 73.0806899, 22.2390941 ], [ 73.0806899, 22.2388955 ], [ 73.0807328, 22.2387366 ], [ 73.0807757, 22.2386969 ], [ 73.0807757, 22.2384188 ], [ 73.0807114, 22.2383592 ], [ 73.0806684, 22.238399 ], [ 73.0805826, 22.2383195 ], [ 73.0804539, 22.2383592 ], [ 73.080411, 22.2382798 ], [ 73.0803466, 22.2382997 ], [ 73.0802608, 22.2383791 ] ] ] } },
{ "type": "Feature", "properties": { "element": "way", "id": 135069347, "landuse": null }, "geometry": { "type": "Polygon", "coordinates": [ [ [ 73.1513071, 22.403153 ], [ 73.1512213, 22.4031133 ], [ 73.1511354, 22.403153 ], [ 73.1510711, 22.4032125 ], [ 73.1510711, 22.4032919 ], [ 73.1516075, 22.4036688 ], [ 73.1517792, 22.4036688 ], [ 73.1519723, 22.4035696 ], [ 73.1519294, 22.4034506 ], [ 73.1519294, 22.4032125 ], [ 73.1518865, 22.4031332 ], [ 73.1517363, 22.403034 ], [ 73.1516504, 22.4030736 ], [ 73.1515217, 22.4030736 ], [ 73.1514788, 22.4031133 ], [ 73.1513071, 22.403153 ] ] ] } },
{ "type": "Feature", "properties": { "element": "way", "id": 135069349, "landuse": null }, "geometry": { "type": "Polygon", "coordinates": [ [ [ 73.0806255, 22.240544 ], [ 73.0806255, 22.2404646 ], [ 73.0802822, 22.2403454 ], [ 73.0801964, 22.2402659 ], [ 73.0800033, 22.2403652 ], [ 73.0799603, 22.2405241 ], [ 73.0799603, 22.2408022 ], [ 73.0799174, 22.2408419 ], [ 73.0799603, 22.2410802 ], [ 73.0799174, 22.24112 ], [ 73.0799174, 22.2411994 ], [ 73.0801105, 22.2414179 ], [ 73.0801964, 22.2414576 ], [ 73.080411, 22.2414576 ], [ 73.0806899, 22.2411994 ], [ 73.0807757, 22.2410008 ], [ 73.0807757, 22.2409214 ], [ 73.0809045, 22.2408419 ], [ 73.0807972, 22.2406632 ], [ 73.0806255, 22.2407823 ], [ 73.0805612, 22.240683 ], [ 73.0806255, 22.240544 ] ] ] } },
{ "type": "Feature", "properties": { "element": "way", "id": 135069356, "landuse": null }, "geometry": { "type": "Polygon", "coordinates": [ [ [ 73.2062173, 22.3557516 ], [ 73.2061315, 22.3556325 ], [ 73.2062173, 22.3554737 ], [ 73.20611, 22.3554142 ], [ 73.2060671, 22.3554539 ], [ 73.2060027, 22.3553944 ], [ 73.2060456, 22.355315 ], [ 73.2059813, 22.3552554 ], [ 73.2057667, 22.3553348 ], [ 73.2056808, 22.3552951 ], [ 73.2056165, 22.3553547 ], [ 73.2055521, 22.3554539 ], [ 73.2054877, 22.3555134 ], [ 73.2054877, 22.3555928 ], [ 73.2054448, 22.3556325 ], [ 73.2054448, 22.3558706 ], [ 73.2055521, 22.3560096 ], [ 73.2056808, 22.3558905 ], [ 73.2057667, 22.3559302 ], [ 73.2058525, 22.3559302 ], [ 73.2059813, 22.3558111 ], [ 73.2060242, 22.3558508 ], [ 73.2061744, 22.3558309 ], [ 73.2062173, 22.3557516 ] ] ] } },
{ "type": "Feature", "properties": { "element": "way", "id": 135069360, "landuse": null }, "geometry": { "type": "Polygon", "coordinates": [ [ [ 73.2397556, 22.2487266 ], [ 73.2397556, 22.2487663 ], [ 73.2398844, 22.2487663 ], [ 73.2399273, 22.248806 ], [ 73.2400346, 22.248667 ], [ 73.2400775, 22.2479123 ], [ 73.2400346, 22.2477137 ], [ 73.2399917, 22.247674 ], [ 73.2399917, 22.247396 ], [ 73.2397556, 22.2471378 ], [ 73.2396698, 22.2471378 ], [ 73.2396054, 22.2470782 ], [ 73.2395625, 22.2469988 ], [ 73.2395625, 22.2469193 ], [ 73.2394338, 22.2468399 ], [ 73.2393694, 22.2467009 ], [ 73.2392836, 22.2466611 ], [ 73.2389832, 22.2467406 ], [ 73.2388115, 22.2467406 ], [ 73.2387686, 22.24682 ], [ 73.2386613, 22.2468796 ], [ 73.2385325, 22.2471179 ], [ 73.2388759, 22.247396 ], [ 73.2390046, 22.2475549 ], [ 73.2389188, 22.2477535 ], [ 73.2390261, 22.2477336 ], [ 73.2391334, 22.2478329 ], [ 73.2391763, 22.2480315 ], [ 73.2391334, 22.2481109 ], [ 73.2393265, 22.2482897 ], [ 73.2396698, 22.2482897 ], [ 73.2397985, 22.2484486 ], [ 73.2398629, 22.2484684 ], [ 73.2398629, 22.2485876 ], [ 73.2397556, 22.2487266 ] ] ] } },
{ "type": "Feature", "properties": { "element": "way", "id": 135069369, "landuse": null }, "geometry": { "type": "Polygon", "coordinates": [ [ [ 73.2156012, 22.2539088 ], [ 73.2156566, 22.2539872 ], [ 73.2157016, 22.2541483 ], [ 73.2157136, 22.2541599 ], [ 73.2157202, 22.2541831 ], [ 73.2157478, 22.254226 ], [ 73.2157748, 22.2542741 ], [ 73.2157922, 22.2542919 ], [ 73.2157994, 22.2543273 ], [ 73.2158245, 22.254369 ], [ 73.2158921, 22.2544126 ], [ 73.2159106, 22.254475 ], [ 73.2160839, 22.2545565 ], [ 73.2162211, 22.2545803 ], [ 73.2163112, 22.254595 ], [ 73.216401, 22.254612 ], [ 73.2164728, 22.2546236 ], [ 73.2165237, 22.2546243 ], [ 73.2165934, 22.2546279 ], [ 73.2166729, 22.2545731 ], [ 73.2166886, 22.2543866 ], [ 73.2166457, 22.254188 ], [ 73.2166478, 22.2541004 ], [ 73.2166028, 22.253632 ], [ 73.2165599, 22.2533142 ], [ 73.2165732, 22.2532745 ], [ 73.2165599, 22.2532348 ], [ 73.2165599, 22.2530362 ], [ 73.2165665, 22.2529486 ], [ 73.2165687, 22.2528128 ], [ 73.2164526, 22.2527383 ], [ 73.2161951, 22.2526986 ], [ 73.2158089, 22.2524603 ], [ 73.2151651, 22.2525 ], [ 73.2148433, 22.2527184 ], [ 73.2147237, 22.2528879 ], [ 73.2147015, 22.2530027 ], [ 73.2147419, 22.2531928 ], [ 73.2149214, 22.2533048 ], [ 73.2153143, 22.2533736 ], [ 73.2153991, 22.2534875 ], [ 73.2154857, 22.253792 ], [ 73.2156012, 22.2539088 ] ] ] } },
{ "type": "Feature", "properties": { "element": "way", "id": 135069374, "landuse": null }, "geometry": { "type": "Polygon", "coordinates": [ [ [ 73.1193781, 22.31687 ], [ 73.1192493, 22.31687 ], [ 73.1191635, 22.3169097 ], [ 73.1190777, 22.3170288 ], [ 73.1190133, 22.3170486 ], [ 73.1190133, 22.3170883 ], [ 73.1191421, 22.3172471 ], [ 73.1191421, 22.3173265 ], [ 73.1190991, 22.3173662 ], [ 73.1191421, 22.3174059 ], [ 73.1190991, 22.3174456 ], [ 73.1193781, 22.3177037 ], [ 73.1194639, 22.3177037 ], [ 73.1195927, 22.3175846 ], [ 73.1197643, 22.3175846 ], [ 73.1198502, 22.3175052 ], [ 73.1200647, 22.3175449 ], [ 73.120172, 22.3174456 ], [ 73.120172, 22.3172868 ], [ 73.1201291, 22.3172074 ], [ 73.1203008, 22.3169692 ], [ 73.1201077, 22.31687 ], [ 73.119936, 22.31687 ], [ 73.1197643, 22.3167509 ], [ 73.1196356, 22.3168303 ], [ 73.1195498, 22.3168303 ], [ 73.1193781, 22.31687 ] ] ] } },
{ "type": "Feature", "properties": { "element": "way", "id": 135069378, "landuse": null }, "geometry": { "type": "Polygon", "coordinates": [ [ [ 73.2310009, 22.2711667 ], [ 73.2310867, 22.2712065 ], [ 73.2312155, 22.2710476 ], [ 73.2312799, 22.2710278 ], [ 73.2311511, 22.2707895 ], [ 73.2312799, 22.2706703 ], [ 73.231194, 22.2705512 ], [ 73.2313228, 22.2703129 ], [ 73.2312799, 22.2702732 ], [ 73.2312799, 22.2700349 ], [ 73.2311082, 22.2699555 ], [ 73.2310867, 22.2698959 ], [ 73.2307434, 22.2699356 ], [ 73.2306147, 22.2699753 ], [ 73.2302928, 22.2702335 ], [ 73.230207, 22.270432 ], [ 73.230207, 22.2705115 ], [ 73.2300997, 22.2706108 ], [ 73.2300138, 22.2706108 ], [ 73.2299709, 22.2707299 ], [ 73.2297778, 22.2708292 ], [ 73.2298207, 22.2708689 ], [ 73.2297778, 22.2709086 ], [ 73.2299495, 22.2709483 ], [ 73.2298636, 22.270988 ], [ 73.2299924, 22.2710675 ], [ 73.2300997, 22.2712065 ], [ 73.2302284, 22.2711667 ], [ 73.2302713, 22.2712065 ], [ 73.2303572, 22.2712065 ], [ 73.2304859, 22.2710873 ], [ 73.2305074, 22.2711866 ], [ 73.2305717, 22.2712462 ], [ 73.2307005, 22.2711667 ], [ 73.2308078, 22.2711866 ], [ 73.2310009, 22.2711667 ] ] ] } },
{ "type": "Feature", "properties": { "element": "way", "id": 135069382, "landuse": null }, "geometry": { "type": "Polygon", "coordinates": [ [ [ 73.2061958, 22.3833928 ], [ 73.2060885, 22.3834523 ], [ 73.2060456, 22.383611 ], [ 73.2060885, 22.3836904 ], [ 73.2059383, 22.3838293 ], [ 73.2056379, 22.3837896 ], [ 73.2054234, 22.3837896 ], [ 73.2052946, 22.3837102 ], [ 73.2049513, 22.3837102 ], [ 73.2047367, 22.3836309 ], [ 73.2045865, 22.3836904 ], [ 73.2045436, 22.3839682 ], [ 73.2043076, 22.3841071 ], [ 73.204093, 22.3840674 ], [ 73.2036638, 22.3840674 ], [ 73.2036209, 22.3841071 ], [ 73.2034063, 22.3841071 ], [ 73.2033634, 22.3840674 ], [ 73.2032347, 22.3840674 ], [ 73.2031274, 22.3841666 ], [ 73.2031274, 22.3842856 ], [ 73.203299, 22.3850396 ], [ 73.2034063, 22.3851388 ], [ 73.2036424, 22.3849999 ], [ 73.2036424, 22.3848809 ], [ 73.2037282, 22.3848412 ], [ 73.2037711, 22.3847618 ], [ 73.2036424, 22.3846428 ], [ 73.2036424, 22.3845634 ], [ 73.2037926, 22.3843848 ], [ 73.2039642, 22.3843055 ], [ 73.2040501, 22.3843055 ], [ 73.2043505, 22.3843848 ], [ 73.2043934, 22.3844245 ], [ 73.204565, 22.3843848 ], [ 73.2046938, 22.3844642 ], [ 73.2048011, 22.3846031 ], [ 73.2048011, 22.3846824 ], [ 73.2047582, 22.3847221 ], [ 73.2048655, 22.384742 ], [ 73.2050371, 22.3848213 ], [ 73.2050586, 22.3849205 ], [ 73.2051659, 22.3850197 ], [ 73.2052517, 22.3850197 ], [ 73.2053804, 22.3851388 ], [ 73.2055306, 22.3850793 ], [ 73.2057023, 22.3848015 ], [ 73.2056594, 22.3845634 ], [ 73.2056165, 22.384484 ], [ 73.2055521, 22.3844245 ], [ 73.205359, 22.3844047 ], [ 73.2054448, 22.3842459 ], [ 73.2054019, 22.3842063 ], [ 73.2055092, 22.3841864 ], [ 73.205874, 22.3845237 ], [ 73.205874, 22.3846031 ], [ 73.2059169, 22.3846428 ], [ 73.2058311, 22.3848015 ], [ 73.2057881, 22.3851586 ], [ 73.2060242, 22.3852578 ], [ 73.2063675, 22.3852578 ], [ 73.2064319, 22.3850396 ], [ 73.2065177, 22.3849602 ], [ 73.2065177, 22.3848809 ], [ 73.2066464, 22.3847221 ], [ 73.2067537, 22.3847023 ], [ 73.2067966, 22.384742 ], [ 73.2069039, 22.3846824 ], [ 73.206861, 22.384365 ], [ 73.206861, 22.3841269 ], [ 73.2069039, 22.3840872 ], [ 73.206861, 22.3840475 ], [ 73.2069039, 22.3840079 ], [ 73.206861, 22.3839682 ], [ 73.206861, 22.3837698 ], [ 73.2069039, 22.3837301 ], [ 73.2069039, 22.3834523 ], [ 73.2067966, 22.3834325 ], [ 73.2067537, 22.3833928 ], [ 73.2066679, 22.3834325 ], [ 73.2064533, 22.3834325 ], [ 73.2064104, 22.3833928 ], [ 73.2061958, 22.3833928 ] ] ] } },
{ "type": "Feature", "properties": { "element": "way", "id": 135069397, "landuse": null }, "geometry": { "type": "Polygon", "coordinates": [ [ [ 73.2376313, 22.3047011 ], [ 73.2377601, 22.3049393 ], [ 73.2379317, 22.3050584 ], [ 73.2380176, 22.3051776 ], [ 73.2381463, 22.3053761 ], [ 73.2381034, 22.3054555 ], [ 73.2381678, 22.305515 ], [ 73.2383394, 22.305515 ], [ 73.2384038, 22.3054555 ], [ 73.2383609, 22.3051378 ], [ 73.238318, 22.3050981 ], [ 73.238318, 22.304979 ], [ 73.2383609, 22.3049393 ], [ 73.2382321, 22.3048599 ], [ 73.2382321, 22.3047011 ], [ 73.2381892, 22.3046217 ], [ 73.2382321, 22.3045026 ], [ 73.2382751, 22.3044629 ], [ 73.2382751, 22.3043835 ], [ 73.2382321, 22.3043438 ], [ 73.2383609, 22.3042246 ], [ 73.2383609, 22.3041055 ], [ 73.2384896, 22.3039467 ], [ 73.2384896, 22.3038276 ], [ 73.2385632, 22.3037484 ], [ 73.2384436, 22.3036009 ], [ 73.2381463, 22.3033511 ], [ 73.2380903, 22.3033268 ], [ 73.2377404, 22.3032871 ], [ 73.2375455, 22.3034703 ], [ 73.2375455, 22.3037085 ], [ 73.2375026, 22.3038673 ], [ 73.2374167, 22.3039467 ], [ 73.2374167, 22.3040658 ], [ 73.2371163, 22.3042246 ], [ 73.2371593, 22.3042644 ], [ 73.2369876, 22.3043835 ], [ 73.2369876, 22.3044629 ], [ 73.2369447, 22.3045026 ], [ 73.2370949, 22.3046415 ], [ 73.2371807, 22.3046415 ], [ 73.2372236, 22.3046813 ], [ 73.2373953, 22.3046813 ], [ 73.2374382, 22.3046415 ], [ 73.2376313, 22.3047011 ] ] ] } },
{ "type": "Feature", "properties": { "element": "way", "id": 135069403, "landuse": null }, "geometry": { "type": "Polygon", "coordinates": [ [ [ 73.2416439, 22.2895531 ], [ 73.2416868, 22.2895531 ], [ 73.2417297, 22.2895928 ], [ 73.2419892, 22.2895729 ], [ 73.2420536, 22.2895133 ], [ 73.2420945, 22.2893347 ], [ 73.2420516, 22.2891361 ], [ 73.2420087, 22.2890964 ], [ 73.2420087, 22.2889376 ], [ 73.2421374, 22.2887787 ], [ 73.2420945, 22.2886596 ], [ 73.2421374, 22.2886199 ], [ 73.2421374, 22.2885405 ], [ 73.2419872, 22.2883221 ], [ 73.2418156, 22.2882427 ], [ 73.2416868, 22.2882427 ], [ 73.2415581, 22.2883221 ], [ 73.2415152, 22.2882824 ], [ 73.2413006, 22.2882427 ], [ 73.2411289, 22.2884809 ], [ 73.2410645, 22.2885008 ], [ 73.2410002, 22.2886398 ], [ 73.2409143, 22.2886795 ], [ 73.2408714, 22.2886398 ], [ 73.2407427, 22.2887986 ], [ 73.2406783, 22.2888185 ], [ 73.2406783, 22.2894538 ], [ 73.2407856, 22.2895928 ], [ 73.2409573, 22.2895531 ], [ 73.2411718, 22.2895531 ], [ 73.2413435, 22.2894339 ], [ 73.2414293, 22.2894737 ], [ 73.2416439, 22.2895531 ] ] ] } },
{ "type": "Feature", "properties": { "element": "way", "id": 135069420, "landuse": null }, "geometry": { "type": "Polygon", "coordinates": [ [ [ 73.1111383, 22.3625582 ], [ 73.1110525, 22.3624788 ], [ 73.1109881, 22.3624987 ], [ 73.1109881, 22.3626574 ], [ 73.1108165, 22.3628559 ], [ 73.1107306, 22.3630543 ], [ 73.1107306, 22.3632527 ], [ 73.1106019, 22.3633718 ], [ 73.1106019, 22.3634909 ], [ 73.1105161, 22.3636496 ], [ 73.1105161, 22.363729 ], [ 73.110559, 22.3638481 ], [ 73.1106234, 22.3639076 ], [ 73.1109881, 22.3634909 ], [ 73.1109023, 22.3633718 ], [ 73.1110096, 22.3634313 ], [ 73.1110954, 22.3633916 ], [ 73.1111169, 22.3633321 ], [ 73.1112027, 22.3632924 ], [ 73.1112027, 22.3632527 ], [ 73.1114173, 22.3630543 ], [ 73.1113315, 22.3628162 ], [ 73.1112027, 22.3626574 ], [ 73.1111383, 22.3625582 ] ] ] } },
{ "type": "Feature", "properties": { "element": "way", "id": 135069426, "landuse": null }, "geometry": { "type": "Polygon", "coordinates": [ [ [ 73.1814998, 22.2380337 ], [ 73.1817116, 22.2380631 ], [ 73.1817414, 22.2379905 ], [ 73.1818414, 22.2378627 ], [ 73.1817555, 22.2377435 ], [ 73.1817985, 22.2377038 ], [ 73.1817985, 22.2375449 ], [ 73.1819057, 22.2374059 ], [ 73.1819701, 22.237386 ], [ 73.1818628, 22.2372073 ], [ 73.1817555, 22.2372271 ], [ 73.1816912, 22.2370881 ], [ 73.1816053, 22.2370881 ], [ 73.1814551, 22.2371874 ], [ 73.1814981, 22.237386 ], [ 73.1814122, 22.2375449 ], [ 73.1814122, 22.2376244 ], [ 73.1814551, 22.2376641 ], [ 73.1814122, 22.2377038 ], [ 73.1814981, 22.237823 ], [ 73.1813693, 22.2379421 ], [ 73.1813908, 22.2380017 ], [ 73.1814998, 22.2380337 ] ] ] } },
{ "type": "Feature", "properties": { "element": "way", "id": 135069427, "landuse": null }, "geometry": { "type": "Polygon", "coordinates": [ [ [ 73.1828928, 22.2221115 ], [ 73.182807, 22.2220718 ], [ 73.1827641, 22.2221115 ], [ 73.1825495, 22.2221512 ], [ 73.1825066, 22.2221115 ], [ 73.1824207, 22.2221115 ], [ 73.1823778, 22.222191 ], [ 73.1822705, 22.2222506 ], [ 73.1823564, 22.22233 ], [ 73.1823564, 22.2224889 ], [ 73.1822705, 22.2226081 ], [ 73.182528, 22.2228465 ], [ 73.1826353, 22.2230252 ], [ 73.1828499, 22.2229855 ], [ 73.183043, 22.2228067 ], [ 73.1831288, 22.2224889 ], [ 73.1832147, 22.2224492 ], [ 73.1833434, 22.2222108 ], [ 73.1833434, 22.2220916 ], [ 73.183279, 22.2220321 ], [ 73.1830859, 22.2220519 ], [ 73.1828928, 22.2221115 ] ] ] } },
{ "type": "Feature", "properties": { "element": "way", "id": 135069432, "landuse": null }, "geometry": { "type": "Polygon", "coordinates": [ [ [ 73.1504488, 22.400455 ], [ 73.1504059, 22.4003756 ], [ 73.1502128, 22.4004748 ], [ 73.1501269, 22.4009906 ], [ 73.1501698, 22.4011097 ], [ 73.1502342, 22.4011692 ], [ 73.1503201, 22.4011295 ], [ 73.1504059, 22.4011295 ], [ 73.1505346, 22.4012088 ], [ 73.1506205, 22.4012088 ], [ 73.1506634, 22.4010898 ], [ 73.1505346, 22.4010898 ], [ 73.1504703, 22.4010303 ], [ 73.1506848, 22.4008716 ], [ 73.1507277, 22.4007922 ], [ 73.1507277, 22.4006732 ], [ 73.1505775, 22.400455 ], [ 73.1504488, 22.400455 ] ] ] } },
{ "type": "Feature", "properties": { "element": "way", "id": 135069437, "landuse": null }, "geometry": { "type": "Polygon", "coordinates": [ [ [ 73.1521225, 22.3290973 ], [ 73.1524229, 22.3290973 ], [ 73.1526375, 22.329137 ], [ 73.1526804, 22.3291767 ], [ 73.1527448, 22.3289187 ], [ 73.1528306, 22.328879 ], [ 73.1528735, 22.3287996 ], [ 73.1528521, 22.32874 ], [ 73.1527233, 22.3286606 ], [ 73.1526375, 22.3286606 ], [ 73.1525087, 22.3285812 ], [ 73.1524658, 22.3285018 ], [ 73.1523371, 22.3285018 ], [ 73.1522083, 22.3284224 ], [ 73.1520367, 22.3284224 ], [ 73.1518865, 22.3285217 ], [ 73.1519938, 22.3285415 ], [ 73.1519938, 22.3285812 ], [ 73.1517363, 22.3285812 ], [ 73.1516719, 22.3286408 ], [ 73.1516719, 22.328879 ], [ 73.151865, 22.3290179 ], [ 73.1520152, 22.3290378 ], [ 73.1521225, 22.3290973 ] ] ] } },
{ "type": "Feature", "properties": { "element": "way", "id": 135069440, "landuse": null }, "geometry": { "type": "Polygon", "coordinates": [ [ [ 73.1987071, 22.3684517 ], [ 73.1988358, 22.3682136 ], [ 73.1988144, 22.3681144 ], [ 73.1982136, 22.3681144 ], [ 73.197999, 22.3681938 ], [ 73.1978488, 22.3683327 ], [ 73.1978917, 22.3684914 ], [ 73.1978488, 22.3685311 ], [ 73.1978488, 22.3690867 ], [ 73.1980848, 22.369305 ], [ 73.1987715, 22.3693447 ], [ 73.1988788, 22.3692455 ], [ 73.1989646, 22.3690073 ], [ 73.1990933, 22.368928 ], [ 73.1990933, 22.3688486 ], [ 73.199029, 22.3687494 ], [ 73.1987715, 22.3685906 ], [ 73.1987071, 22.3684517 ] ] ] } },
{ "type": "Feature", "properties": { "element": "way", "id": 135069447, "landuse": null }, "geometry": { "type": "Polygon", "coordinates": [ [ [ 73.1143999, 22.3412045 ], [ 73.1144428, 22.3412045 ], [ 73.1145287, 22.3413236 ], [ 73.1145716, 22.3413236 ], [ 73.1147432, 22.3412839 ], [ 73.114872, 22.3412045 ], [ 73.1149578, 22.3412045 ], [ 73.1149364, 22.3409862 ], [ 73.1150007, 22.3409266 ], [ 73.1151295, 22.3409266 ], [ 73.1151509, 22.3408671 ], [ 73.1155801, 22.3405098 ], [ 73.115623, 22.3404305 ], [ 73.1154943, 22.3401526 ], [ 73.1154943, 22.3399541 ], [ 73.1153655, 22.339716 ], [ 73.1152582, 22.3396167 ], [ 73.1150436, 22.3396167 ], [ 73.1149578, 22.3398152 ], [ 73.1148291, 22.3398549 ], [ 73.1147861, 22.3398152 ], [ 73.1147003, 22.3398152 ], [ 73.1145072, 22.3399938 ], [ 73.1143785, 22.340232 ], [ 73.1142068, 22.3403908 ], [ 73.1142497, 22.3407083 ], [ 73.1141639, 22.3407877 ], [ 73.1142068, 22.3408274 ], [ 73.1140351, 22.3409862 ], [ 73.1140351, 22.3411053 ], [ 73.1141424, 22.3412045 ], [ 73.1143999, 22.3412045 ] ] ] } },
{ "type": "Feature", "properties": { "element": "way", "id": 135069450, "landuse": null }, "geometry": { "type": "Polygon", "coordinates": [ [ [ 73.2131267, 22.3635306 ], [ 73.2132339, 22.363471 ], [ 73.2132769, 22.3635504 ], [ 73.2134056, 22.3636298 ], [ 73.2135344, 22.3635901 ], [ 73.2137489, 22.3637092 ], [ 73.2139635, 22.3635107 ], [ 73.2140493, 22.3635107 ], [ 73.2141137, 22.3634512 ], [ 73.2139635, 22.363352 ], [ 73.2139206, 22.3633916 ], [ 73.2137918, 22.3633123 ], [ 73.213706, 22.3633916 ], [ 73.2136416, 22.3633718 ], [ 73.2136846, 22.3632131 ], [ 73.2135773, 22.3631138 ], [ 73.21347, 22.363094 ], [ 73.2133412, 22.3627368 ], [ 73.2132554, 22.3626971 ], [ 73.2132554, 22.3624193 ], [ 73.2132125, 22.3623796 ], [ 73.2132125, 22.3623002 ], [ 73.2130623, 22.362082 ], [ 73.2129121, 22.3622209 ], [ 73.2128692, 22.362459 ], [ 73.2128048, 22.3625185 ], [ 73.2125258, 22.3624987 ], [ 73.2124829, 22.3623399 ], [ 73.2125258, 22.3622605 ], [ 73.2124615, 22.362201 ], [ 73.2123327, 22.3622804 ], [ 73.2122469, 22.3622804 ], [ 73.2122684, 22.3622209 ], [ 73.2122469, 22.362201 ], [ 73.2121611, 22.362201 ], [ 73.2120967, 22.3623796 ], [ 73.2120538, 22.3624193 ], [ 73.2120538, 22.3626177 ], [ 73.2119679, 22.3627368 ], [ 73.2119679, 22.3629749 ], [ 73.2121181, 22.3629948 ], [ 73.212204, 22.3630345 ], [ 73.2122469, 22.3631932 ], [ 73.2124186, 22.3631932 ], [ 73.2124186, 22.363352 ], [ 73.2125473, 22.3632726 ], [ 73.2128048, 22.3632726 ], [ 73.2130194, 22.3635504 ], [ 73.2131267, 22.3635306 ] ] ] } },
{ "type": "Feature", "properties": { "element": "way", "id": 135069453, "landuse": null }, "geometry": { "type": "Polygon", "coordinates": [ [ [ 73.2198157, 22.3453922 ], [ 73.2202372, 22.345477 ], [ 73.2206663, 22.3455258 ], [ 73.2207327, 22.3454517 ], [ 73.220795, 22.3453922 ], [ 73.2208222, 22.3453056 ], [ 73.2206368, 22.3449952 ], [ 73.2205608, 22.3448364 ], [ 73.2205081, 22.3447571 ], [ 73.2203384, 22.3444305 ], [ 73.2201609, 22.3441453 ], [ 73.2200203, 22.344075 ], [ 73.2200321, 22.3439108 ], [ 73.2199717, 22.343734 ], [ 73.2197101, 22.3433694 ], [ 73.2192124, 22.3433279 ], [ 73.2190076, 22.3431708 ], [ 73.2186817, 22.3431473 ], [ 73.2184007, 22.343261 ], [ 73.2182972, 22.3435696 ], [ 73.2183441, 22.3439287 ], [ 73.2184692, 22.344055 ], [ 73.2183638, 22.3441885 ], [ 73.2183209, 22.344407 ], [ 73.2184418, 22.3446669 ], [ 73.2184516, 22.3448292 ], [ 73.2184418, 22.3449989 ], [ 73.2184535, 22.3450909 ], [ 73.2191894, 22.3451703 ], [ 73.2196265, 22.34532 ], [ 73.2198157, 22.3453922 ] ] ] } },
{ "type": "Feature", "properties": { "element": "way", "id": 135069462, "landuse": null }, "geometry": { "type": "Polygon", "coordinates": [ [ [ 73.1073189, 22.2385181 ], [ 73.107276, 22.2385579 ], [ 73.1070185, 22.2385579 ], [ 73.1067824, 22.2384188 ], [ 73.1066966, 22.2382997 ], [ 73.1067395, 22.2382599 ], [ 73.1067181, 22.2382401 ], [ 73.1065464, 22.2383195 ], [ 73.1064391, 22.2382599 ], [ 73.1063747, 22.2381606 ], [ 73.1061602, 22.2381606 ], [ 73.1057525, 22.2384983 ], [ 73.1058598, 22.2385181 ], [ 73.1059456, 22.2385976 ], [ 73.1060743, 22.2385976 ], [ 73.1060958, 22.2386969 ], [ 73.1061602, 22.2387565 ], [ 73.1063104, 22.2387763 ], [ 73.1062675, 22.2390544 ], [ 73.1063533, 22.2391338 ], [ 73.1063533, 22.2393325 ], [ 73.1063104, 22.2394913 ], [ 73.106246, 22.2395509 ], [ 73.1062031, 22.2395112 ], [ 73.1061387, 22.2395708 ], [ 73.1061387, 22.2396502 ], [ 73.1062031, 22.2397098 ], [ 73.106246, 22.2396701 ], [ 73.1062675, 22.23969 ], [ 73.1062675, 22.2398091 ], [ 73.1064391, 22.2400077 ], [ 73.1064391, 22.2401666 ], [ 73.1068468, 22.2402659 ], [ 73.1068897, 22.2403057 ], [ 73.1070185, 22.2402659 ], [ 73.1071043, 22.2403851 ], [ 73.107233, 22.2404248 ], [ 73.1072974, 22.240405 ], [ 73.1073403, 22.2401269 ], [ 73.1073403, 22.2400475 ], [ 73.1074691, 22.239968 ], [ 73.1074691, 22.2398886 ], [ 73.1073403, 22.2396502 ], [ 73.1074047, 22.2395907 ], [ 73.1075335, 22.2395907 ], [ 73.1075549, 22.2395311 ], [ 73.1073403, 22.2393722 ], [ 73.1072545, 22.239253 ], [ 73.1072545, 22.2391338 ], [ 73.1074047, 22.2389948 ], [ 73.1075764, 22.2390345 ], [ 73.1077051, 22.2389154 ], [ 73.1078339, 22.2390345 ], [ 73.1079626, 22.2390743 ], [ 73.108027, 22.2389749 ], [ 73.1079841, 22.2389352 ], [ 73.1079841, 22.2388161 ], [ 73.1080484, 22.2387167 ], [ 73.1081557, 22.2386969 ], [ 73.1081343, 22.2385976 ], [ 73.1080484, 22.2385976 ], [ 73.1078768, 22.2384387 ], [ 73.1076622, 22.2384784 ], [ 73.1074905, 22.238399 ], [ 73.1074691, 22.2384188 ], [ 73.1073189, 22.2385181 ] ] ] } },
{ "type": "Feature", "properties": { "element": "way", "id": 135069467, "landuse": null }, "geometry": { "type": "Polygon", "coordinates": [ [ [ 73.1610703, 22.238538 ], [ 73.1608987, 22.2386572 ], [ 73.1609631, 22.2387167 ], [ 73.1613922, 22.2384784 ], [ 73.1617355, 22.2385181 ], [ 73.1619501, 22.2385181 ], [ 73.161993, 22.2384784 ], [ 73.1621218, 22.2384784 ], [ 73.1622076, 22.2385181 ], [ 73.1622505, 22.2384784 ], [ 73.1623363, 22.2384784 ], [ 73.1623793, 22.2385181 ], [ 73.162508, 22.2385181 ], [ 73.1627655, 22.2384784 ], [ 73.1629801, 22.2383592 ], [ 73.1631088, 22.2383592 ], [ 73.1631732, 22.2382997 ], [ 73.1631303, 22.2382202 ], [ 73.1630445, 22.2381408 ], [ 73.163023, 22.2380415 ], [ 73.1628084, 22.2380017 ], [ 73.1622505, 22.2380017 ], [ 73.1622076, 22.2380415 ], [ 73.1620789, 22.2380415 ], [ 73.161993, 22.237962 ], [ 73.1619072, 22.237962 ], [ 73.1618214, 22.2380415 ], [ 73.1616497, 22.2380812 ], [ 73.1616068, 22.2380415 ], [ 73.1615639, 22.2380812 ], [ 73.161478, 22.2380812 ], [ 73.1613922, 22.2382003 ], [ 73.1613064, 22.2382003 ], [ 73.1611991, 22.2382997 ], [ 73.1611776, 22.238399 ], [ 73.1611133, 22.2384188 ], [ 73.1610703, 22.238538 ] ] ] } },
{ "type": "Feature", "properties": { "element": "way", "id": 135069471, "landuse": null }, "geometry": { "type": "Polygon", "coordinates": [ [ [ 73.1507063, 22.4018437 ], [ 73.1504703, 22.4020222 ], [ 73.1504273, 22.4022206 ], [ 73.1505561, 22.402419 ], [ 73.1508136, 22.4026967 ], [ 73.1508136, 22.4027761 ], [ 73.1509638, 22.4029149 ], [ 73.1511354, 22.4029149 ], [ 73.15135, 22.4028356 ], [ 73.1513929, 22.4028753 ], [ 73.1515217, 22.4027959 ], [ 73.1516504, 22.4027959 ], [ 73.1518865, 22.402538 ], [ 73.1517363, 22.4023595 ], [ 73.1516075, 22.4023595 ], [ 73.1515431, 22.4023 ], [ 73.1515002, 22.4021809 ], [ 73.1510925, 22.4017643 ], [ 73.1509209, 22.4017643 ], [ 73.150835, 22.401804 ], [ 73.1507063, 22.4018437 ] ] ] } },
{ "type": "Feature", "properties": { "element": "way", "id": 135069474, "landuse": null }, "geometry": { "type": "Polygon", "coordinates": [ [ [ 73.200767, 22.2282493 ], [ 73.20081, 22.2283685 ], [ 73.2007241, 22.228448 ], [ 73.2007241, 22.2286069 ], [ 73.2006383, 22.2286466 ], [ 73.2005954, 22.2287658 ], [ 73.2004666, 22.2288849 ], [ 73.2004666, 22.2291233 ], [ 73.2005739, 22.2292226 ], [ 73.2007027, 22.2292623 ], [ 73.201046, 22.2292623 ], [ 73.2013035, 22.2291829 ], [ 73.2013464, 22.2292226 ], [ 73.2013893, 22.2291432 ], [ 73.2014322, 22.2292226 ], [ 73.2014751, 22.2291432 ], [ 73.201561, 22.2291034 ], [ 73.2018185, 22.2291432 ], [ 73.2018614, 22.2291034 ], [ 73.2019472, 22.2291432 ], [ 73.202076, 22.2291432 ], [ 73.2021189, 22.2291829 ], [ 73.2022476, 22.2291829 ], [ 73.202548, 22.2293021 ], [ 73.2026339, 22.2293815 ], [ 73.2027197, 22.2293815 ], [ 73.202827, 22.2292822 ], [ 73.2029128, 22.2291233 ], [ 73.2029128, 22.2287658 ], [ 73.2028055, 22.228587 ], [ 73.2026553, 22.2286069 ], [ 73.2026768, 22.2287459 ], [ 73.2025909, 22.2286664 ], [ 73.2024193, 22.2286664 ], [ 73.2022905, 22.2287459 ], [ 73.2021618, 22.2286664 ], [ 73.202033, 22.2286664 ], [ 73.2018185, 22.2287856 ], [ 73.2017326, 22.2287856 ], [ 73.2014322, 22.2287459 ], [ 73.2013249, 22.2286466 ], [ 73.2014108, 22.2285274 ], [ 73.2013464, 22.2284281 ], [ 73.2012606, 22.228587 ], [ 73.2011962, 22.2285274 ], [ 73.201282, 22.228289 ], [ 73.2012391, 22.2282493 ], [ 73.2012391, 22.2281301 ], [ 73.2014537, 22.2280904 ], [ 73.2014108, 22.228011 ], [ 73.2014537, 22.2279315 ], [ 73.2013893, 22.2278322 ], [ 73.201282, 22.2278123 ], [ 73.2013679, 22.2277726 ], [ 73.201282, 22.2277329 ], [ 73.2013249, 22.2276534 ], [ 73.2012177, 22.2275938 ], [ 73.2011747, 22.2276336 ], [ 73.2011318, 22.2275938 ], [ 73.201046, 22.2275938 ], [ 73.2010674, 22.2275343 ], [ 73.2009723, 22.2274014 ], [ 73.2008824, 22.2274734 ], [ 73.2009816, 22.2276137 ], [ 73.2008958, 22.2276534 ], [ 73.2009387, 22.2276932 ], [ 73.2008529, 22.2277329 ], [ 73.20081, 22.2278123 ], [ 73.2008529, 22.228011 ], [ 73.20081, 22.2280507 ], [ 73.200767, 22.2282493 ] ] ] } },
{ "type": "Feature", "properties": { "element": "way", "id": 135069479, "landuse": null }, "geometry": { "type": "Polygon", "coordinates": [ [ [ 73.2320094, 22.3370167 ], [ 73.231945, 22.3369572 ], [ 73.2318163, 22.3369572 ], [ 73.2317734, 22.3369175 ], [ 73.2315159, 22.3369969 ], [ 73.2314301, 22.3369572 ], [ 73.2313013, 22.3370366 ], [ 73.2311726, 22.3370366 ], [ 73.2310653, 22.3371358 ], [ 73.2312369, 22.3372152 ], [ 73.2312584, 22.3372747 ], [ 73.2313871, 22.3372747 ], [ 73.2315588, 22.3373938 ], [ 73.2317305, 22.3373938 ], [ 73.2318807, 22.3372549 ], [ 73.231945, 22.3371159 ], [ 73.2320094, 22.3370167 ] ] ] } },
{ "type": "Feature", "properties": { "element": "way", "id": 135069490, "landuse": null }, "geometry": { "type": "Polygon", "coordinates": [ [ [ 73.1593323, 22.3295737 ], [ 73.1591606, 22.3295737 ], [ 73.158989, 22.3296531 ], [ 73.1588173, 22.3295737 ], [ 73.1586885, 22.3295737 ], [ 73.1586456, 22.3296134 ], [ 73.1583452, 22.3296134 ], [ 73.158195, 22.3297126 ], [ 73.1581092, 22.3299111 ], [ 73.1581521, 22.3300699 ], [ 73.1581521, 22.3301493 ], [ 73.1581092, 22.330189 ], [ 73.1581092, 22.3304669 ], [ 73.158195, 22.3305859 ], [ 73.158195, 22.3309829 ], [ 73.1583238, 22.3310226 ], [ 73.1582808, 22.3309432 ], [ 73.1583881, 22.3308837 ], [ 73.1585598, 22.3310028 ], [ 73.1588173, 22.3310028 ], [ 73.1587529, 22.331102 ], [ 73.1588817, 22.3312608 ], [ 73.1589246, 22.3313799 ], [ 73.1590748, 22.3314791 ], [ 73.159225, 22.3314593 ], [ 73.1594825, 22.3311814 ], [ 73.1594396, 22.3310226 ], [ 73.1594825, 22.3309829 ], [ 73.1594396, 22.3309432 ], [ 73.1594825, 22.3309035 ], [ 73.1594825, 22.3301096 ], [ 73.1594396, 22.3300699 ], [ 73.1594181, 22.3297325 ], [ 73.1593323, 22.3295737 ] ] ] } },
{ "type": "Feature", "properties": { "element": "way", "id": 135069496, "landuse": null }, "geometry": { "type": "Polygon", "coordinates": [ [ [ 73.2416224, 22.2742445 ], [ 73.2416439, 22.2742247 ], [ 73.2416868, 22.2742644 ], [ 73.2417727, 22.2742644 ], [ 73.242116, 22.2741055 ], [ 73.2422018, 22.2741055 ], [ 73.2422876, 22.2739864 ], [ 73.2424164, 22.2740261 ], [ 73.2423949, 22.2739666 ], [ 73.2424164, 22.2739467 ], [ 73.2425022, 22.2739467 ], [ 73.2426095, 22.2740063 ], [ 73.2425237, 22.274046 ], [ 73.242631, 22.2741453 ], [ 73.2427597, 22.2741453 ], [ 73.2428885, 22.2743438 ], [ 73.2430387, 22.274324 ], [ 73.2429099, 22.2740063 ], [ 73.2429099, 22.2739268 ], [ 73.2428455, 22.2738673 ], [ 73.2427382, 22.2738871 ], [ 73.2427812, 22.2737283 ], [ 73.2427168, 22.2736687 ], [ 73.2425666, 22.2736488 ], [ 73.2426095, 22.2735297 ], [ 73.2423949, 22.2731723 ], [ 73.2422447, 22.273073 ], [ 73.2421589, 22.2731127 ], [ 73.2420731, 22.273073 ], [ 73.2419658, 22.2728943 ], [ 73.2419658, 22.2728149 ], [ 73.2419014, 22.2727553 ], [ 73.2416868, 22.2726362 ], [ 73.2415152, 22.2726362 ], [ 73.2413435, 22.2725567 ], [ 73.2411718, 22.2725567 ], [ 73.2411289, 22.272517 ], [ 73.241086, 22.2725567 ], [ 73.2409573, 22.2725567 ], [ 73.2409143, 22.272517 ], [ 73.2408285, 22.272517 ], [ 73.2407212, 22.2726163 ], [ 73.2407641, 22.2727354 ], [ 73.2406783, 22.2728149 ], [ 73.2406783, 22.272934 ], [ 73.240571, 22.2730333 ], [ 73.2402706, 22.2729141 ], [ 73.240056, 22.2729539 ], [ 73.2398629, 22.2730929 ], [ 73.2399487, 22.2733311 ], [ 73.2399058, 22.2733709 ], [ 73.2399058, 22.2735297 ], [ 73.2400131, 22.2736687 ], [ 73.2400775, 22.2736886 ], [ 73.2401204, 22.2740063 ], [ 73.2400775, 22.274046 ], [ 73.2400775, 22.2741651 ], [ 73.2401419, 22.2742247 ], [ 73.2402492, 22.2742445 ], [ 73.2401633, 22.2744034 ], [ 73.2401633, 22.2744828 ], [ 73.2403135, 22.2746218 ], [ 73.2406569, 22.2745821 ], [ 73.2406998, 22.2745424 ], [ 73.2409143, 22.2745424 ], [ 73.2409573, 22.2745821 ], [ 73.241086, 22.2744233 ], [ 73.2413006, 22.2743438 ], [ 73.2414293, 22.2743438 ], [ 73.2416224, 22.2742445 ] ] ] } },
{ "type": "Feature", "properties": { "element": "way", "id": 135069508, "landuse": null }, "geometry": { "type": "Polygon", "coordinates": [ [ [ 73.1114173, 22.3603555 ], [ 73.1111169, 22.360673 ], [ 73.1110311, 22.3609111 ], [ 73.1110311, 22.3612287 ], [ 73.1112456, 22.3615859 ], [ 73.1111598, 22.361824 ], [ 73.1112027, 22.361943 ], [ 73.1111598, 22.3619827 ], [ 73.1111598, 22.3621018 ], [ 73.1112027, 22.3622605 ], [ 73.1112456, 22.3623002 ], [ 73.1112456, 22.3624193 ], [ 73.1113744, 22.3625384 ], [ 73.1114173, 22.3626971 ], [ 73.1115246, 22.3627963 ], [ 73.1119108, 22.3625979 ], [ 73.1120396, 22.3626773 ], [ 73.1121254, 22.3626773 ], [ 73.1121469, 22.3625384 ], [ 73.1121898, 22.3624987 ], [ 73.1121469, 22.3623399 ], [ 73.1121898, 22.3622605 ], [ 73.1121039, 22.3621415 ], [ 73.1121469, 22.3621018 ], [ 73.1121469, 22.3616255 ], [ 73.1119537, 22.3617644 ], [ 73.1119108, 22.3617644 ], [ 73.1118035, 22.3616652 ], [ 73.1118035, 22.3615065 ], [ 73.1116748, 22.3613477 ], [ 73.1116748, 22.3612683 ], [ 73.111825, 22.3611294 ], [ 73.1119108, 22.3611294 ], [ 73.1120396, 22.3610104 ], [ 73.1121254, 22.3610104 ], [ 73.1122541, 22.3611691 ], [ 73.1122971, 22.3611691 ], [ 73.1123614, 22.3610302 ], [ 73.1124258, 22.3609707 ], [ 73.1125116, 22.3609707 ], [ 73.112576, 22.3609111 ], [ 73.112576, 22.3608318 ], [ 73.1124473, 22.360673 ], [ 73.1124473, 22.3605143 ], [ 73.1124043, 22.3604349 ], [ 73.1122327, 22.3602761 ], [ 73.1122327, 22.3601968 ], [ 73.1121254, 22.3600975 ], [ 73.111825, 22.3599785 ], [ 73.1116962, 22.3599785 ], [ 73.1115031, 22.3601571 ], [ 73.1115031, 22.3601968 ], [ 73.1114173, 22.3603555 ] ] ] } },
{ "type": "Feature", "properties": { "element": "way", "id": 135070022, "landuse": null }, "geometry": { "type": "Polygon", "coordinates": [ [ [ 73.1310725, 22.3778967 ], [ 73.1311154, 22.3778174 ], [ 73.1310511, 22.3777578 ], [ 73.1305361, 22.3777578 ], [ 73.1304502, 22.3777182 ], [ 73.130343, 22.3778174 ], [ 73.130343, 22.3781745 ], [ 73.1303859, 22.3782142 ], [ 73.130343, 22.3782539 ], [ 73.1304288, 22.3784126 ], [ 73.1303859, 22.3785317 ], [ 73.1304288, 22.3785713 ], [ 73.1304288, 22.3786507 ], [ 73.1303859, 22.3787301 ], [ 73.1304717, 22.3788491 ], [ 73.1304288, 22.3788888 ], [ 73.1304288, 22.3789682 ], [ 73.1304932, 22.3790277 ], [ 73.1307507, 22.3790277 ], [ 73.1307936, 22.3790674 ], [ 73.1311798, 22.3790674 ], [ 73.1312442, 22.3790079 ], [ 73.1312442, 22.378611 ], [ 73.1311584, 22.3784126 ], [ 73.1311584, 22.3781348 ], [ 73.1312013, 22.3780951 ], [ 73.1311798, 22.3779959 ], [ 73.1310725, 22.3778967 ] ] ] } },
{ "type": "Feature", "properties": { "element": "way", "id": 135070023, "landuse": null }, "geometry": { "type": "Polygon", "coordinates": [ [ [ 73.1309223, 22.3791864 ], [ 73.1307507, 22.3792261 ], [ 73.1307077, 22.3791864 ], [ 73.130579, 22.3791864 ], [ 73.1304502, 22.3792658 ], [ 73.1303644, 22.3792658 ], [ 73.1303859, 22.3792063 ], [ 73.1303215, 22.3791864 ], [ 73.1301928, 22.3792658 ], [ 73.1301069, 22.3792261 ], [ 73.1300855, 22.3795237 ], [ 73.1301713, 22.3796031 ], [ 73.1301713, 22.3797222 ], [ 73.1302357, 22.3797817 ], [ 73.1304932, 22.3799404 ], [ 73.130579, 22.3798611 ], [ 73.1306648, 22.3798611 ], [ 73.1309223, 22.3799007 ], [ 73.1309652, 22.3799404 ], [ 73.1310725, 22.3796825 ], [ 73.1312442, 22.3795237 ], [ 73.1311798, 22.3792658 ], [ 73.1309223, 22.3791864 ] ] ] } },
{ "type": "Feature", "properties": { "element": "way", "id": 135070024, "landuse": null }, "geometry": { "type": "Polygon", "coordinates": [ [ [ 73.129549, 22.3780753 ], [ 73.1295705, 22.3781745 ], [ 73.1295276, 22.3782539 ], [ 73.1296563, 22.3783332 ], [ 73.1296134, 22.3784523 ], [ 73.1295276, 22.3785317 ], [ 73.1295276, 22.3786507 ], [ 73.1295705, 22.3786904 ], [ 73.1295705, 22.3788094 ], [ 73.1296563, 22.3790079 ], [ 73.1298923, 22.3791468 ], [ 73.1301498, 22.3791071 ], [ 73.1302571, 22.3790079 ], [ 73.1301713, 22.3787698 ], [ 73.1301284, 22.3783332 ], [ 73.1302142, 22.3782539 ], [ 73.1301713, 22.3781348 ], [ 73.1301713, 22.3780555 ], [ 73.1302142, 22.3780158 ], [ 73.1302142, 22.3778967 ], [ 73.1301713, 22.3778174 ], [ 73.1302571, 22.377738 ], [ 73.1300211, 22.3776785 ], [ 73.1298494, 22.3777975 ], [ 73.1296778, 22.3777975 ], [ 73.1296349, 22.3777182 ], [ 73.1295919, 22.3777182 ], [ 73.1296134, 22.3777777 ], [ 73.1295705, 22.3778174 ], [ 73.1296134, 22.377857 ], [ 73.1295061, 22.3778769 ], [ 73.129549, 22.3780753 ] ] ] } },
{ "type": "Feature", "properties": { "element": "way", "id": 135070025, "landuse": null }, "geometry": { "type": "Polygon", "coordinates": [ [ [ 73.1297851, 22.3963087 ], [ 73.129828, 22.396388 ], [ 73.1299782, 22.3965269 ], [ 73.1301928, 22.3965269 ], [ 73.1304717, 22.3963087 ], [ 73.1305575, 22.3961103 ], [ 73.1304717, 22.3955945 ], [ 73.1303644, 22.3954556 ], [ 73.1301498, 22.3954556 ], [ 73.1299782, 22.3955349 ], [ 73.129828, 22.3955548 ], [ 73.129828, 22.3959912 ], [ 73.1297851, 22.3960706 ], [ 73.129828, 22.3961103 ], [ 73.129828, 22.3961896 ], [ 73.1297851, 22.3963087 ] ] ] } },
{ "type": "Feature", "properties": { "element": "way", "id": 135070042, "landuse": null }, "geometry": { "type": "Polygon", "coordinates": [ [ [ 73.128798, 22.3959119 ], [ 73.1287122, 22.3960706 ], [ 73.1287122, 22.396388 ], [ 73.1286693, 22.3964277 ], [ 73.1286693, 22.3966658 ], [ 73.1286263, 22.3967054 ], [ 73.1286263, 22.3967848 ], [ 73.1287122, 22.3969435 ], [ 73.1288409, 22.3970229 ], [ 73.1288409, 22.3971022 ], [ 73.129034, 22.3972014 ], [ 73.1294203, 22.3972411 ], [ 73.1295544, 22.3972163 ], [ 73.1296134, 22.3969038 ], [ 73.1296483, 22.396755 ], [ 73.1296992, 22.3965467 ], [ 73.1297851, 22.3956341 ], [ 73.129549, 22.3956937 ], [ 73.1294203, 22.395654 ], [ 73.1293774, 22.3956937 ], [ 73.129034, 22.3956937 ], [ 73.1288624, 22.3958127 ], [ 73.128798, 22.3959119 ] ] ] } },
{ "type": "Feature", "properties": { "element": "way", "id": 136316766, "landuse": "residential" }, "geometry": { "type": "Polygon", "coordinates": [ [ [ 73.1563457, 22.3074222 ], [ 73.1565441, 22.3081766 ], [ 73.157169, 22.3080265 ], [ 73.1573957, 22.3090985 ], [ 73.1580448, 22.3090786 ], [ 73.1580233, 22.3087759 ], [ 73.1585866, 22.3086369 ], [ 73.1585651, 22.3084682 ], [ 73.1591571, 22.3083287 ], [ 73.1592853, 22.3088998 ], [ 73.159583, 22.3087385 ], [ 73.1600793, 22.3085524 ], [ 73.1599653, 22.3080066 ], [ 73.1602415, 22.3079555 ], [ 73.1603139, 22.3079421 ], [ 73.1605446, 22.3077734 ], [ 73.1604588, 22.3072225 ], [ 73.159951, 22.3073262 ], [ 73.1598419, 22.3066964 ], [ 73.159697, 22.3060661 ], [ 73.1587744, 22.3063291 ], [ 73.1582566, 22.3064631 ], [ 73.1581373, 22.3066292 ], [ 73.1570336, 22.3070772 ], [ 73.1563457, 22.3074222 ] ] ] } },
{ "type": "Feature", "properties": { "element": "way", "id": 161965535, "landuse": "industrial" }, "geometry": { "type": "Polygon", "coordinates": [ [ [ 73.177897, 22.2478324 ], [ 73.17689, 22.2479546 ], [ 73.176918, 22.2483041 ], [ 73.177948, 22.248165 ], [ 73.177897, 22.2478324 ] ] ] } },
{ "type": "Feature", "properties": { "element": "way", "id": 225645173, "landuse": null }, "geometry": { "type": "Polygon", "coordinates": [ [ [ 73.1968784, 22.3032575 ], [ 73.19723, 22.303267 ], [ 73.1972983, 22.3038292 ], [ 73.19709, 22.3038861 ], [ 73.1970627, 22.3035734 ], [ 73.1968647, 22.3035165 ], [ 73.1968784, 22.3032575 ] ] ] } },
{ "type": "Feature", "properties": { "element": "way", "id": 225645698, "landuse": null }, "geometry": { "type": "Polygon", "coordinates": [ [ [ 73.1960714, 22.3031088 ], [ 73.1961318, 22.302083 ], [ 73.1964463, 22.3020457 ], [ 73.1967487, 22.3021091 ], [ 73.19691, 22.3022993 ], [ 73.1970108, 22.3023665 ], [ 73.1970954, 22.3024634 ], [ 73.1972285, 22.3026425 ], [ 73.1972809, 22.3028327 ], [ 73.1973132, 22.3030043 ], [ 73.197289, 22.3030491 ], [ 73.1972245, 22.3031274 ], [ 73.1970592, 22.3031647 ], [ 73.1960714, 22.3031088 ] ] ] } },
{ "type": "Feature", "properties": { "element": "way", "id": 225760125, "landuse": null }, "geometry": { "type": "Polygon", "coordinates": [ [ [ 73.1950803, 22.2996666 ], [ 73.1950625, 22.2985885 ], [ 73.1956585, 22.2986023 ], [ 73.1958254, 22.2986409 ], [ 73.1955184, 22.2998541 ], [ 73.1950803, 22.2996666 ] ] ] } },
{ "type": "Feature", "properties": { "element": "way", "id": 225760417, "landuse": "commercial" }, "geometry": { "type": "Polygon", "coordinates": [ [ [ 73.1964242, 22.2986404 ], [ 73.196466, 22.2986424 ], [ 73.1964651, 22.298659 ], [ 73.1965346, 22.2986623 ], [ 73.1965309, 22.2987296 ], [ 73.1965071, 22.2987298 ], [ 73.1964816, 22.2987632 ], [ 73.1964763, 22.2988006 ], [ 73.1964051, 22.2988006 ], [ 73.1964062, 22.2987721 ], [ 73.1964497, 22.2987711 ], [ 73.1964519, 22.2987416 ], [ 73.1964179, 22.2987406 ], [ 73.1964242, 22.2986404 ] ] ] } },
{ "type": "Feature", "properties": { "element": "way", "id": 225762287, "landuse": null }, "geometry": { "type": "Polygon", "coordinates": [ [ [ 73.2041057, 22.3034961 ], [ 73.2040686, 22.3034556 ], [ 73.2040653, 22.3034275 ], [ 73.2040754, 22.3033869 ], [ 73.2041091, 22.3033589 ], [ 73.2040922, 22.3033246 ], [ 73.2040585, 22.303284 ], [ 73.2039877, 22.303231 ], [ 73.2044193, 22.3027288 ], [ 73.2044463, 22.3027163 ], [ 73.20448, 22.3027038 ], [ 73.2045508, 22.302682 ], [ 73.2046722, 22.3026445 ], [ 73.2047935, 22.3025915 ], [ 73.2049419, 22.3025011 ], [ 73.2050161, 22.3024605 ], [ 73.204979, 22.3028535 ], [ 73.2050734, 22.3028598 ], [ 73.2050633, 22.3029783 ], [ 73.2052824, 22.3029814 ], [ 73.2052656, 22.3037737 ], [ 73.205188, 22.3038268 ], [ 73.2051813, 22.3037488 ], [ 73.2048834, 22.3036683 ], [ 73.204925, 22.3035211 ], [ 73.204571, 22.3034618 ], [ 73.2045508, 22.3035086 ], [ 73.2042878, 22.3034462 ], [ 73.2041057, 22.3034961 ] ] ] } },
{ "type": "Feature", "properties": { "element": "way", "id": 225879201, "landuse": "commercial" }, "geometry": { "type": "Polygon", "coordinates": [ [ [ 73.2043106, 22.3047329 ], [ 73.2045667, 22.3047338 ], [ 73.2045652, 22.3049015 ], [ 73.204309, 22.3049015 ], [ 73.204309, 22.3048426 ], [ 73.2045233, 22.3048457 ], [ 73.2045233, 22.304807 ], [ 73.2043104, 22.3048045 ], [ 73.2043106, 22.3047329 ] ] ] } },
{ "type": "Feature", "properties": { "element": "way", "id": 251438208, "landuse": "commercial" }, "geometry": { "type": "Polygon", "coordinates": [ [ [ 73.2045042, 22.3267865 ], [ 73.2044641, 22.3261958 ], [ 73.2048468, 22.3261611 ], [ 73.2048816, 22.3268506 ], [ 73.2045042, 22.3267865 ] ] ] } },
{ "type": "Feature", "properties": { "element": "way", "id": 251438209, "landuse": "residential" }, "geometry": { "type": "Polygon", "coordinates": [ [ [ 73.2048648, 22.3264313 ], [ 73.2048337, 22.3259393 ], [ 73.2050184, 22.3259355 ], [ 73.2051467, 22.3259278 ], [ 73.2051588, 22.3259269 ], [ 73.205296, 22.3259265 ], [ 73.2053347, 22.3265286 ], [ 73.2048648, 22.3264313 ] ] ] } },
{ "type": "Feature", "properties": { "element": "way", "id": 295554089, "landuse": "commercial" }, "geometry": { "type": "Polygon", "coordinates": [ [ [ 73.1896507, 22.2828423 ], [ 73.1893566, 22.2812644 ], [ 73.1907019, 22.2810457 ], [ 73.1906504, 22.2827176 ], [ 73.1896507, 22.2828423 ] ] ] } },
{ "type": "Feature", "properties": { "element": "way", "id": 295554844, "landuse": "residential" }, "geometry": { "type": "Polygon", "coordinates": [ [ [ 73.1911124, 22.28256 ], [ 73.1911044, 22.2831916 ], [ 73.1918152, 22.2831544 ], [ 73.1918286, 22.2828988 ], [ 73.1916007, 22.282869 ], [ 73.1915885, 22.2825513 ], [ 73.1911124, 22.28256 ] ] ] } },
{ "type": "Feature", "properties": { "element": "way", "id": 295578870, "landuse": "residential" }, "geometry": { "type": "Polygon", "coordinates": [ [ [ 73.1870874, 22.3071238 ], [ 73.1870713, 22.3064489 ], [ 73.1874897, 22.3063695 ], [ 73.1875541, 22.3066474 ], [ 73.1880208, 22.3066126 ], [ 73.1880798, 22.3064985 ], [ 73.1880583, 22.3058881 ], [ 73.1890506, 22.3058575 ], [ 73.1889483, 22.3069765 ], [ 73.1887021, 22.3070146 ], [ 73.1887021, 22.3072281 ], [ 73.1884392, 22.3073769 ], [ 73.188053, 22.3073124 ], [ 73.1875575, 22.3072156 ], [ 73.1870874, 22.3071238 ] ] ] } },
{ "type": "Feature", "properties": { "element": "way", "id": 295582489, "landuse": null }, "geometry": { "type": "Polygon", "coordinates": [ [ [ 73.1944165, 22.2883309 ], [ 73.1944836, 22.2883855 ], [ 73.194505, 22.2884774 ], [ 73.1946043, 22.2885568 ], [ 73.1946901, 22.2888645 ], [ 73.1948376, 22.289207 ], [ 73.1949261, 22.2893708 ], [ 73.1952453, 22.2893063 ], [ 73.1954733, 22.2891251 ], [ 73.1955699, 22.2889961 ], [ 73.1956664, 22.2889042 ], [ 73.1954116, 22.2888372 ], [ 73.1952212, 22.2888273 ], [ 73.1950334, 22.2887901 ], [ 73.1949288, 22.2887851 ], [ 73.1949074, 22.2887777 ], [ 73.1949261, 22.288661 ], [ 73.1949744, 22.2883955 ], [ 73.1949664, 22.288259 ], [ 73.1950012, 22.2881796 ], [ 73.1949986, 22.2881076 ], [ 73.1949449, 22.2879661 ], [ 73.194894, 22.2878768 ], [ 73.194894, 22.2878073 ], [ 73.1947357, 22.2878321 ], [ 73.1945989, 22.287852 ], [ 73.1944889, 22.2879016 ], [ 73.1944273, 22.2879438 ], [ 73.1943951, 22.2879984 ], [ 73.1944165, 22.2883309 ] ] ] } },
{ "type": "Feature", "properties": { "element": "way", "id": 296171547, "landuse": "residential" }, "geometry": { "type": "Polygon", "coordinates": [ [ [ 73.1898407, 22.2755477 ], [ 73.1898058, 22.2749893 ], [ 73.1902001, 22.2749371 ], [ 73.1902296, 22.2751183 ], [ 73.1906132, 22.275096 ], [ 73.1906212, 22.2749744 ], [ 73.190817, 22.2749694 ], [ 73.1908331, 22.275513 ], [ 73.189932, 22.2755445 ], [ 73.1898407, 22.2755477 ] ] ] } },
{ "type": "Feature", "properties": { "element": "way", "id": 296171739, "landuse": "commercial" }, "geometry": { "type": "Polygon", "coordinates": [ [ [ 73.1903654, 22.2729487 ], [ 73.1902967, 22.2724488 ], [ 73.1909366, 22.2723734 ], [ 73.1910054, 22.2728733 ], [ 73.1903654, 22.2729487 ] ] ] } },
{ "type": "Feature", "properties": { "element": "way", "id": 296172753, "landuse": null }, "geometry": { "type": "Polygon", "coordinates": [ [ [ 73.185749, 22.2817006 ], [ 73.1857865, 22.2813109 ], [ 73.1872644, 22.2812042 ], [ 73.1876989, 22.2823608 ], [ 73.1870686, 22.2824799 ], [ 73.1866234, 22.282393 ], [ 73.1864383, 22.2822764 ], [ 73.1861245, 22.2822764 ], [ 73.186103, 22.281703 ], [ 73.185749, 22.2817006 ] ] ] } },
{ "type": "Feature", "properties": { "element": "way", "id": 296173418, "landuse": "residential" }, "geometry": { "type": "Polygon", "coordinates": [ [ [ 73.1907727, 22.2825022 ], [ 73.1913655, 22.2824873 ], [ 73.1913709, 22.2815442 ], [ 73.1918097, 22.2815234 ], [ 73.1918403, 22.2815219 ], [ 73.1918364, 22.2812849 ], [ 73.1918322, 22.2810354 ], [ 73.19088, 22.2810677 ], [ 73.1907727, 22.2825022 ] ] ] } },
{ "type": "Feature", "properties": { "element": "way", "id": 296174419, "landuse": "commercial" }, "geometry": { "type": "Polygon", "coordinates": [ [ [ 73.1976788, 22.2731054 ], [ 73.1980918, 22.273196 ], [ 73.1981455, 22.2731401 ], [ 73.1980865, 22.2729291 ], [ 73.1976801, 22.2730061 ], [ 73.1976788, 22.2731054 ] ] ] } },
{ "type": "Feature", "properties": { "element": "way", "id": 306572304, "landuse": null }, "geometry": { "type": "Polygon", "coordinates": [ [ [ 73.2039532, 22.2787987 ], [ 73.204031, 22.2791262 ], [ 73.2041301, 22.2791949 ], [ 73.204431, 22.2792179 ], [ 73.2044663, 22.2791327 ], [ 73.2043849, 22.2788871 ], [ 73.2042398, 22.278779 ], [ 73.2040593, 22.278743 ], [ 73.2039532, 22.2787987 ] ] ] } },
{ "type": "Feature", "properties": { "element": "way", "id": 306572310, "landuse": null }, "geometry": { "type": "Polygon", "coordinates": [ [ [ 73.1966608, 22.2823107 ], [ 73.1979397, 22.2790316 ], [ 73.1980331, 22.2790316 ], [ 73.1987434, 22.2790095 ], [ 73.1989986, 22.27899 ], [ 73.1991095, 22.2791975 ], [ 73.1987883, 22.2794812 ], [ 73.1986686, 22.2798056 ], [ 73.1988738, 22.2799696 ], [ 73.1996996, 22.2799348 ], [ 73.1997101, 22.2801605 ], [ 73.1990187, 22.2801739 ], [ 73.1991018, 22.2812079 ], [ 73.1998173, 22.2811853 ], [ 73.1997127, 22.2815544 ], [ 73.1994112, 22.281876 ], [ 73.1990902, 22.2820016 ], [ 73.1983036, 22.2819676 ], [ 73.1979899, 22.2819997 ], [ 73.1972992, 22.2820431 ], [ 73.1966608, 22.2823107 ] ] ] } },
{ "type": "Feature", "properties": { "element": "way", "id": 310058630, "landuse": null }, "geometry": { "type": "Polygon", "coordinates": [ [ [ 73.2072951, 22.3123261 ], [ 73.2073005, 22.3125395 ], [ 73.2073917, 22.3126636 ], [ 73.2074453, 22.3128373 ], [ 73.2075043, 22.3129564 ], [ 73.2077082, 22.3131748 ], [ 73.2077618, 22.3131748 ], [ 73.2077672, 22.3132343 ], [ 73.2078047, 22.3132939 ], [ 73.2078906, 22.3134527 ], [ 73.2081266, 22.3137058 ], [ 73.2082071, 22.3138149 ], [ 73.2083358, 22.3138398 ], [ 73.2084646, 22.3138249 ], [ 73.2085557, 22.3137703 ], [ 73.2086362, 22.3136363 ], [ 73.208604, 22.313542 ], [ 73.2085987, 22.3134378 ], [ 73.2086094, 22.3133584 ], [ 73.2085021, 22.313279 ], [ 73.2085236, 22.31314 ], [ 73.2085397, 22.3128919 ], [ 73.2085987, 22.3128472 ], [ 73.2085611, 22.3127529 ], [ 73.2085772, 22.3126934 ], [ 73.2085772, 22.3125197 ], [ 73.2085665, 22.3122517 ], [ 73.2086094, 22.3120432 ], [ 73.208545, 22.3119093 ], [ 73.2084109, 22.3118398 ], [ 73.2082285, 22.3117852 ], [ 73.208148, 22.3118348 ], [ 73.2080032, 22.311805 ], [ 73.2077511, 22.3118298 ], [ 73.2075902, 22.311805 ], [ 73.2073756, 22.3118596 ], [ 73.2073112, 22.3120284 ], [ 73.2073005, 22.3122219 ], [ 73.2072951, 22.3123261 ] ] ] } },
{ "type": "Feature", "properties": { "element": "way", "id": 310060884, "landuse": null }, "geometry": { "type": "Polygon", "coordinates": [ [ [ 73.2185194, 22.3128465 ], [ 73.2185357, 22.312961 ], [ 73.2185552, 22.3130152 ], [ 73.2185813, 22.3130484 ], [ 73.2186431, 22.3130755 ], [ 73.2186887, 22.3130845 ], [ 73.2187408, 22.3131147 ], [ 73.2188255, 22.3131177 ], [ 73.2188418, 22.3131478 ], [ 73.2189362, 22.3131659 ], [ 73.2189753, 22.313193 ], [ 73.2190861, 22.3132111 ], [ 73.2192294, 22.3132653 ], [ 73.219314, 22.3133165 ], [ 73.2195159, 22.313419 ], [ 73.2195713, 22.313425 ], [ 73.2195941, 22.3133949 ], [ 73.219669, 22.3133949 ], [ 73.2197341, 22.3133647 ], [ 73.2197732, 22.3132954 ], [ 73.2198318, 22.3131297 ], [ 73.2198612, 22.3130635 ], [ 73.219884, 22.3130393 ], [ 73.2198872, 22.3130092 ], [ 73.219923, 22.3129731 ], [ 73.2199817, 22.3129339 ], [ 73.2200142, 22.3128977 ], [ 73.2200142, 22.3128375 ], [ 73.2199654, 22.3127893 ], [ 73.2199914, 22.312735 ], [ 73.220024, 22.3126929 ], [ 73.22005, 22.3126115 ], [ 73.2200794, 22.3125452 ], [ 73.2200598, 22.3124548 ], [ 73.2200077, 22.3124127 ], [ 73.2199263, 22.3123343 ], [ 73.2198221, 22.3123163 ], [ 73.2196853, 22.3122349 ], [ 73.2196169, 22.3122259 ], [ 73.2195648, 22.3121867 ], [ 73.2195159, 22.3121505 ], [ 73.2194671, 22.3121415 ], [ 73.2193954, 22.3121505 ], [ 73.2193759, 22.3121144 ], [ 73.2192619, 22.312033 ], [ 73.2191479, 22.3119879 ], [ 73.2190372, 22.3119547 ], [ 73.2189623, 22.3119457 ], [ 73.2188613, 22.3119005 ], [ 73.2188255, 22.3119396 ], [ 73.2187669, 22.3119879 ], [ 73.2187734, 22.3121144 ], [ 73.2187115, 22.3123735 ], [ 73.2186822, 22.3125241 ], [ 73.2186594, 22.3126718 ], [ 73.2186041, 22.312732 ], [ 73.2185292, 22.3127863 ], [ 73.2185194, 22.3128465 ] ] ] } },
{ "type": "Feature", "properties": { "element": "way", "id": 310060885, "landuse": null }, "geometry": { "type": "Polygon", "coordinates": [ [ [ 73.2179665, 22.3082528 ], [ 73.2180179, 22.3082327 ], [ 73.2180812, 22.3082126 ], [ 73.2181346, 22.3081668 ], [ 73.2181583, 22.3081119 ], [ 73.2181978, 22.3080955 ], [ 73.2183046, 22.308068 ], [ 73.2184035, 22.308037 ], [ 73.2186249, 22.3080296 ], [ 73.2187356, 22.3080772 ], [ 73.2188721, 22.3082126 ], [ 73.2189788, 22.3084577 ], [ 73.2190302, 22.3086058 ], [ 73.219052, 22.3086808 ], [ 73.2190381, 22.308743 ], [ 73.2189472, 22.3087741 ], [ 73.2187989, 22.3087906 ], [ 73.2185083, 22.3087265 ], [ 73.2181267, 22.3087028 ], [ 73.2180851, 22.3087558 ], [ 73.2180061, 22.3087942 ], [ 73.2179448, 22.3087924 ], [ 73.217921, 22.308732 ], [ 73.2179072, 22.3086973 ], [ 73.2179408, 22.3086259 ], [ 73.2179092, 22.3085491 ], [ 73.2179032, 22.3084979 ], [ 73.2179467, 22.3084522 ], [ 73.2179428, 22.3083735 ], [ 73.2179388, 22.3082802 ], [ 73.2179665, 22.3082528 ] ] ] } },
{ "type": "Feature", "properties": { "element": "way", "id": 310060886, "landuse": null }, "geometry": { "type": "Polygon", "coordinates": [ [ [ 73.2154028, 22.3083087 ], [ 73.21573, 22.3083137 ], [ 73.2157997, 22.308346 ], [ 73.2158882, 22.3082988 ], [ 73.2159768, 22.3081425 ], [ 73.2160706, 22.3080705 ], [ 73.2161618, 22.3079067 ], [ 73.2161726, 22.3078497 ], [ 73.2163174, 22.3077678 ], [ 73.2164005, 22.3076834 ], [ 73.2163791, 22.3075941 ], [ 73.2162262, 22.3075296 ], [ 73.2160921, 22.3074986 ], [ 73.2160263, 22.3074886 ], [ 73.2159392, 22.3074899 ], [ 73.2158373, 22.3076263 ], [ 73.2157354, 22.3077454 ], [ 73.2156629, 22.3078124 ], [ 73.2155503, 22.3078124 ], [ 73.2154376, 22.3079191 ], [ 73.2152526, 22.3077306 ], [ 73.2147993, 22.3077082 ], [ 73.2147295, 22.3080581 ], [ 73.2148556, 22.3081003 ], [ 73.2149736, 22.3080804 ], [ 73.2150541, 22.3081102 ], [ 73.2150943, 22.3081301 ], [ 73.215215, 22.308145 ], [ 73.2153357, 22.3081946 ], [ 73.2154028, 22.3083087 ] ] ] } },
{ "type": "Feature", "properties": { "element": "way", "id": 310060887, "landuse": null }, "geometry": { "type": "Polygon", "coordinates": [ [ [ 73.216222, 22.3025088 ], [ 73.2163192, 22.3025415 ], [ 73.2164606, 22.3025987 ], [ 73.2165622, 22.302656 ], [ 73.2166903, 22.3026396 ], [ 73.2168229, 22.3026519 ], [ 73.2169643, 22.3027418 ], [ 73.2170438, 22.3028072 ], [ 73.2171587, 22.3028235 ], [ 73.2173398, 22.3028685 ], [ 73.2175828, 22.3028603 ], [ 73.2177949, 22.3028154 ], [ 73.2179716, 22.3026927 ], [ 73.2181881, 22.3025252 ], [ 73.2183692, 22.3024393 ], [ 73.2185459, 22.3024148 ], [ 73.2185592, 22.3025047 ], [ 73.218758, 22.3025946 ], [ 73.218864, 22.3027377 ], [ 73.219001, 22.3028603 ], [ 73.2191026, 22.3028522 ], [ 73.2192749, 22.3028276 ], [ 73.2194296, 22.3027908 ], [ 73.2194163, 22.3026927 ], [ 73.2193505, 22.3026237 ], [ 73.219187, 22.30252 ], [ 73.2190584, 22.3024445 ], [ 73.218864, 22.3023289 ], [ 73.2185636, 22.3022022 ], [ 73.2184797, 22.3021041 ], [ 73.2183206, 22.3021 ], [ 73.2181041, 22.3020837 ], [ 73.2180555, 22.301957 ], [ 73.2178921, 22.3018711 ], [ 73.2177993, 22.3017526 ], [ 73.2175961, 22.3017117 ], [ 73.2174547, 22.3017199 ], [ 73.2173486, 22.3017362 ], [ 73.2172294, 22.3017485 ], [ 73.2170173, 22.3017608 ], [ 73.2168627, 22.3017649 ], [ 73.2166771, 22.301818 ], [ 73.2164606, 22.3018834 ], [ 73.2162839, 22.3020019 ], [ 73.2162353, 22.3022635 ], [ 73.2162044, 22.3024025 ], [ 73.216222, 22.3025088 ] ] ] } },
{ "type": "Feature", "properties": { "element": "way", "id": 310060888, "landuse": null }, "geometry": { "type": "Polygon", "coordinates": [ [ [ 73.2163104, 22.3002443 ], [ 73.2163016, 22.3005181 ], [ 73.2162927, 22.3007266 ], [ 73.2163192, 22.3011231 ], [ 73.2162927, 22.3013479 ], [ 73.2163236, 22.3015114 ], [ 73.216412, 22.3015441 ], [ 73.2165225, 22.30154 ], [ 73.2166064, 22.3016136 ], [ 73.2166948, 22.3016422 ], [ 73.2168229, 22.3016913 ], [ 73.217057, 22.3016831 ], [ 73.2171808, 22.3014787 ], [ 73.2173663, 22.3012907 ], [ 73.2175386, 22.3012049 ], [ 73.2177374, 22.3011762 ], [ 73.2179362, 22.3010495 ], [ 73.2178125, 22.3008942 ], [ 73.2179053, 22.3007021 ], [ 73.2179716, 22.3005018 ], [ 73.2181041, 22.3002565 ], [ 73.2181306, 22.3001707 ], [ 73.2180467, 22.3001584 ], [ 73.2179318, 22.3002034 ], [ 73.2176049, 22.3001993 ], [ 73.2172514, 22.300232 ], [ 73.2171233, 22.3002647 ], [ 73.2170836, 22.3001502 ], [ 73.2169864, 22.3002238 ], [ 73.2168008, 22.3002197 ], [ 73.2165446, 22.3002238 ], [ 73.2163104, 22.3002443 ] ] ] } },
{ "type": "Feature", "properties": { "element": "way", "id": 310060889, "landuse": null }, "geometry": { "type": "Polygon", "coordinates": [ [ [ 73.2161734, 22.3000358 ], [ 73.2162176, 22.2997578 ], [ 73.2163325, 22.2996597 ], [ 73.2164562, 22.2996597 ], [ 73.2164694, 22.2995657 ], [ 73.2165092, 22.2994921 ], [ 73.2165976, 22.2995207 ], [ 73.2166948, 22.2994676 ], [ 73.2168185, 22.299484 ], [ 73.2169422, 22.2993777 ], [ 73.2169819, 22.2994472 ], [ 73.2169864, 22.2995494 ], [ 73.2172073, 22.2995698 ], [ 73.2172912, 22.2994799 ], [ 73.2173663, 22.2994308 ], [ 73.2174414, 22.2994267 ], [ 73.2177507, 22.2995575 ], [ 73.2179186, 22.2995453 ], [ 73.2182058, 22.2996352 ], [ 73.2182853, 22.2998191 ], [ 73.2183427, 22.3000399 ], [ 73.2180644, 22.3000767 ], [ 73.2176623, 22.3000971 ], [ 73.217004, 22.3000562 ], [ 73.2164827, 22.3000767 ], [ 73.2161734, 22.3000358 ] ] ] } },
{ "type": "Feature", "properties": { "element": "way", "id": 310062313, "landuse": null }, "geometry": { "type": "Polygon", "coordinates": [ [ [ 73.2032394, 22.3088512 ], [ 73.2033852, 22.3087858 ], [ 73.2033852, 22.3086632 ], [ 73.2036989, 22.3084343 ], [ 73.2038447, 22.3082994 ], [ 73.2040391, 22.3081973 ], [ 73.2041407, 22.3082013 ], [ 73.2041716, 22.3082545 ], [ 73.2041804, 22.3083281 ], [ 73.204176, 22.3084589 ], [ 73.204229, 22.3085529 ], [ 73.2043881, 22.3088267 ], [ 73.2043748, 22.3089657 ], [ 73.2043837, 22.3090924 ], [ 73.2042776, 22.3092436 ], [ 73.203933, 22.3092722 ], [ 73.2037696, 22.3092232 ], [ 73.2036017, 22.3091415 ], [ 73.203394, 22.3089657 ], [ 73.2032394, 22.3088512 ] ] ] } },
{ "type": "Feature", "properties": { "element": "way", "id": 310066064, "landuse": null }, "geometry": { "type": "Polygon", "coordinates": [ [ [ 73.2438278, 22.3295631 ], [ 73.2440615, 22.3295464 ], [ 73.2443912, 22.3296241 ], [ 73.244571, 22.3296019 ], [ 73.2448047, 22.3294799 ], [ 73.2449965, 22.329308 ], [ 73.2450684, 22.3291195 ], [ 73.2451044, 22.3288978 ], [ 73.2451284, 22.3287647 ], [ 73.2451703, 22.3286039 ], [ 73.2451584, 22.3284431 ], [ 73.2450265, 22.3284099 ], [ 73.2449546, 22.3283711 ], [ 73.2447088, 22.3283323 ], [ 73.2446249, 22.3282879 ], [ 73.244529, 22.3282824 ], [ 73.2443912, 22.3282879 ], [ 73.2443372, 22.3282214 ], [ 73.2442353, 22.3281382 ], [ 73.2441215, 22.3281327 ], [ 73.2440196, 22.3283101 ], [ 73.2438398, 22.3285429 ], [ 73.2437139, 22.3289698 ], [ 73.243594, 22.3292526 ], [ 73.243618, 22.3294355 ], [ 73.2438278, 22.3295631 ] ] ] } },
{ "type": "Feature", "properties": { "element": "way", "id": 310066065, "landuse": null }, "geometry": { "type": "Polygon", "coordinates": [ [ [ 73.243592, 22.3272541 ], [ 73.2435305, 22.3272102 ], [ 73.2434846, 22.3272295 ], [ 73.2432531, 22.3275976 ], [ 73.2438983, 22.3280336 ], [ 73.2440742, 22.3278387 ], [ 73.2441503, 22.3276414 ], [ 73.243592, 22.3272541 ] ] ] } },
{ "type": "Feature", "properties": { "element": "way", "id": 310182439, "landuse": null }, "geometry": { "type": "Polygon", "coordinates": [ [ [ 73.225293, 22.2829394 ], [ 73.2255867, 22.283139 ], [ 73.2260242, 22.2832999 ], [ 73.2262939, 22.2830836 ], [ 73.2267135, 22.2827564 ], [ 73.2265157, 22.282651 ], [ 73.2265157, 22.2825234 ], [ 73.2263119, 22.2824513 ], [ 73.2263419, 22.282346 ], [ 73.2257905, 22.2820908 ], [ 73.2255148, 22.2821796 ], [ 73.2252091, 22.2821297 ], [ 73.2250533, 22.2822128 ], [ 73.2248195, 22.2823959 ], [ 73.2250413, 22.2824569 ], [ 73.2251731, 22.2827397 ], [ 73.225293, 22.2829394 ] ] ] } },
{ "type": "Feature", "properties": { "element": "way", "id": 310186368, "landuse": null }, "geometry": { "type": "Polygon", "coordinates": [ [ [ 73.1552776, 22.3287547 ], [ 73.1558784, 22.3288638 ], [ 73.1559749, 22.3286058 ], [ 73.1559588, 22.3284023 ], [ 73.1558891, 22.3281791 ], [ 73.1557443, 22.3281096 ], [ 73.1555458, 22.3280947 ], [ 73.1553151, 22.3281443 ], [ 73.1552346, 22.3282833 ], [ 73.1552239, 22.3284966 ], [ 73.1552776, 22.3287547 ] ] ] } },
{ "type": "Feature", "properties": { "element": "way", "id": 310186811, "landuse": null }, "geometry": { "type": "Polygon", "coordinates": [ [ [ 73.1434159, 22.2886159 ], [ 73.1436251, 22.2886705 ], [ 73.1438987, 22.2887549 ], [ 73.1440006, 22.2887797 ], [ 73.1440811, 22.2887003 ], [ 73.1440596, 22.2883181 ], [ 73.1445049, 22.287926 ], [ 73.1449608, 22.2874842 ], [ 73.1450198, 22.2871566 ], [ 73.1450252, 22.2869134 ], [ 73.1448535, 22.2866106 ], [ 73.1445102, 22.2865312 ], [ 73.1441723, 22.2864319 ], [ 73.1437002, 22.2864766 ], [ 73.1434642, 22.2866503 ], [ 73.1432818, 22.2867595 ], [ 73.1432764, 22.2870176 ], [ 73.1433354, 22.2871913 ], [ 73.1433891, 22.2875735 ], [ 73.1435017, 22.2880898 ], [ 73.1433515, 22.2884273 ], [ 73.1434159, 22.2886159 ] ] ] } },
{ "type": "Feature", "properties": { "element": "way", "id": 312662341, "landuse": "grass" }, "geometry": { "type": "Polygon", "coordinates": [ [ [ 73.1751186, 22.2940242 ], [ 73.1748521, 22.2939158 ], [ 73.1750165, 22.293629 ], [ 73.1753038, 22.2937794 ], [ 73.1753888, 22.2938896 ], [ 73.1751186, 22.2940242 ] ] ] } },
{ "type": "Feature", "properties": { "element": "way", "id": 312662342, "landuse": "grass" }, "geometry": { "type": "Polygon", "coordinates": [ [ [ 73.1542213, 22.2917893 ], [ 73.1543923, 22.2909708 ], [ 73.1546516, 22.2910054 ], [ 73.1546275, 22.2912576 ], [ 73.1553572, 22.2913145 ], [ 73.1553598, 22.2918091 ], [ 73.1542213, 22.2917893 ] ] ] } },
{ "type": "Feature", "properties": { "element": "way", "id": 312662343, "landuse": "grass" }, "geometry": { "type": "Polygon", "coordinates": [ [ [ 73.1747822, 22.2942446 ], [ 73.1745837, 22.294019 ], [ 73.1745497, 22.2938931 ], [ 73.174614, 22.2937917 ], [ 73.17482, 22.2938931 ], [ 73.1747954, 22.293977 ], [ 73.1749258, 22.2941554 ], [ 73.1747822, 22.2942446 ] ] ] } },
{ "type": "Feature", "properties": { "element": "way", "id": 327916533, "landuse": null }, "geometry": { "type": "Polygon", "coordinates": [ [ [ 73.1761749, 22.2961061 ], [ 73.1765663, 22.2960076 ], [ 73.1767185, 22.2959794 ], [ 73.1768468, 22.2962611 ], [ 73.1763293, 22.2970235 ], [ 73.1762597, 22.2970738 ], [ 73.176201, 22.296939 ], [ 73.1761271, 22.2961283 ], [ 73.1761749, 22.2961061 ] ] ] } },
{ "type": "Feature", "properties": { "element": "way", "id": 327917951, "landuse": "residential" }, "geometry": { "type": "Polygon", "coordinates": [ [ [ 73.2249572, 22.3164533 ], [ 73.2260901, 22.3151256 ], [ 73.2269076, 22.315717 ], [ 73.2256639, 22.3171794 ], [ 73.2251333, 22.316582 ], [ 73.2249572, 22.3164533 ] ] ] } },
{ "type": "Feature", "properties": { "element": "way", "id": 327918105, "landuse": "residential" }, "geometry": { "type": "Polygon", "coordinates": [ [ [ 73.221332, 22.3164036 ], [ 73.2218086, 22.3157208 ], [ 73.2222453, 22.3147479 ], [ 73.2222853, 22.3147052 ], [ 73.2245197, 22.3163912 ], [ 73.2250571, 22.3167839 ], [ 73.2254541, 22.3172617 ], [ 73.227016, 22.3190947 ], [ 73.224598, 22.3212389 ], [ 73.2236152, 22.321951 ], [ 73.223579, 22.3219901 ], [ 73.2235329, 22.3220185 ], [ 73.2201435, 22.3181172 ], [ 73.2204049, 22.3177616 ], [ 73.2209553, 22.3170163 ], [ 73.2212259, 22.3165639 ], [ 73.221332, 22.3164036 ] ] ] } },
{ "type": "Feature", "properties": { "element": "way", "id": 384818510, "landuse": "commercial" }, "geometry": { "type": "Polygon", "coordinates": [ [ [ 73.1549097, 22.3164764 ], [ 73.1553817, 22.3162679 ], [ 73.1554032, 22.315861 ], [ 73.1548709, 22.3157873 ], [ 73.1549097, 22.3164764 ] ] ] } },
{ "type": "Feature", "properties": { "element": "way", "id": 384820147, "landuse": null }, "geometry": { "type": "Polygon", "coordinates": [ [ [ 73.1656199, 22.3083111 ], [ 73.1656003, 22.3080985 ], [ 73.1657658, 22.30758 ], [ 73.1660038, 22.3062137 ], [ 73.1677585, 22.3060304 ], [ 73.1679461, 22.3069821 ], [ 73.1678775, 22.3084115 ], [ 73.1673792, 22.3085436 ], [ 73.1670015, 22.3085515 ], [ 73.1664694, 22.3085277 ], [ 73.1657924, 22.308483 ], [ 73.1656199, 22.3083111 ] ] ] } },
{ "type": "Feature", "properties": { "element": "way", "id": 390194867, "landuse": null }, "geometry": { "type": "Polygon", "coordinates": [ [ [ 73.1702327, 22.287984 ], [ 73.1701371, 22.2879283 ], [ 73.1699059, 22.2879446 ], [ 73.1698454, 22.2877383 ], [ 73.1701222, 22.2876638 ], [ 73.170169, 22.2877613 ], [ 73.1702327, 22.287984 ] ] ] } },
{ "type": "Feature", "properties": { "element": "way", "id": 390194904, "landuse": null }, "geometry": { "type": "Polygon", "coordinates": [ [ [ 73.171505, 22.287448 ], [ 73.1712314, 22.2867456 ], [ 73.171285, 22.2867009 ], [ 73.1714621, 22.2869591 ], [ 73.1716015, 22.287175 ], [ 73.1716927, 22.2873289 ], [ 73.171505, 22.287448 ] ] ] } },
{ "type": "Feature", "properties": { "element": "way", "id": 390197956, "landuse": "commercial" }, "geometry": { "type": "Polygon", "coordinates": [ [ [ 73.1709942, 22.3117109 ], [ 73.1709821, 22.3109703 ], [ 73.1711237, 22.310931 ], [ 73.1713856, 22.3109866 ], [ 73.1713891, 22.3117076 ], [ 73.1709942, 22.3117109 ] ] ] } },
{ "type": "Feature", "properties": { "element": "way", "id": 415852203, "landuse": "industrial" }, "geometry": { "type": "Polygon", "coordinates": [ [ [ 73.0984568, 22.3772241 ], [ 73.0987257, 22.3776665 ], [ 73.0998365, 22.377327 ], [ 73.1002482, 22.3783816 ], [ 73.102709, 22.3776305 ], [ 73.102696, 22.3759055 ], [ 73.1028388, 22.3758678 ], [ 73.1026774, 22.3745559 ], [ 73.1029083, 22.3737841 ], [ 73.1030001, 22.3734773 ], [ 73.1028925, 22.3734173 ], [ 73.1019895, 22.3745508 ], [ 73.1011809, 22.3752299 ], [ 73.0992208, 22.3766531 ], [ 73.0984568, 22.3772241 ] ] ] } },
{ "type": "Feature", "properties": { "element": "way", "id": 431733570, "landuse": null }, "geometry": { "type": "Polygon", "coordinates": [ [ [ 73.21244, 22.3158192 ], [ 73.2135075, 22.3157696 ], [ 73.213537, 22.3160276 ], [ 73.2124668, 22.3160847 ], [ 73.21244, 22.3158192 ] ] ] } },
{ "type": "Feature", "properties": { "element": "way", "id": 431733572, "landuse": null }, "geometry": { "type": "Polygon", "coordinates": [ [ [ 73.2133546, 22.3143279 ], [ 73.2125339, 22.3145066 ], [ 73.2125124, 22.313921 ], [ 73.2130649, 22.3138366 ], [ 73.2133546, 22.3143279 ] ] ] } },
{ "type": "Feature", "properties": { "element": "way", "id": 431733608, "landuse": "industrial" }, "geometry": { "type": "Polygon", "coordinates": [ [ [ 73.1628138, 22.2718245 ], [ 73.1627172, 22.2727181 ], [ 73.1634897, 22.2727677 ], [ 73.1636024, 22.2718146 ], [ 73.1628138, 22.2718245 ] ] ] } },
{ "type": "Feature", "properties": { "element": "way", "id": 431733611, "landuse": "industrial" }, "geometry": { "type": "Polygon", "coordinates": [ [ [ 73.1597934, 22.276827 ], [ 73.158761, 22.2776052 ], [ 73.1624517, 22.2792682 ], [ 73.1624946, 22.2791887 ], [ 73.1612125, 22.2782009 ], [ 73.1605093, 22.2774367 ], [ 73.1597934, 22.276827 ] ] ] } },
{ "type": "Feature", "properties": { "element": "way", "id": 431733615, "landuse": "industrial" }, "geometry": { "type": "Polygon", "coordinates": [ [ [ 73.1613439, 22.2728372 ], [ 73.1615907, 22.2727975 ], [ 73.1639028, 22.273001 ], [ 73.1632644, 22.2750264 ], [ 73.1626582, 22.2751108 ], [ 73.1615049, 22.2750016 ], [ 73.1617892, 22.2738996 ], [ 73.1612527, 22.2735074 ], [ 73.1613439, 22.2728372 ] ] ] } },
{ "type": "Feature", "properties": { "element": "way", "id": 431733616, "landuse": "industrial" }, "geometry": { "type": "Polygon", "coordinates": [ [ [ 73.1772092, 22.2860065 ], [ 73.1775632, 22.2873815 ], [ 73.1785449, 22.287307 ], [ 73.1787917, 22.2893669 ], [ 73.1773916, 22.2894612 ], [ 73.1773218, 22.2887167 ], [ 73.1758252, 22.2887812 ], [ 73.1757417, 22.2876678 ], [ 73.1756213, 22.2860611 ], [ 73.1772092, 22.2860065 ] ] ] } },
{ "type": "Feature", "properties": { "element": "way", "id": 442156393, "landuse": "residential" }, "geometry": { "type": "Polygon", "coordinates": [ [ [ 73.2118416, 22.2765724 ], [ 73.2119255, 22.2766047 ], [ 73.2116411, 22.2772387 ], [ 73.2115572, 22.2772064 ], [ 73.2118416, 22.2765724 ] ] ] } },
{ "type": "Feature", "properties": { "element": "way", "id": 442156394, "landuse": "residential" }, "geometry": { "type": "Polygon", "coordinates": [ [ [ 73.211712, 22.277252 ], [ 73.2118648, 22.2773122 ], [ 73.2119052, 22.2772244 ], [ 73.2117523, 22.2771643 ], [ 73.211712, 22.277252 ] ] ] } },
{ "type": "Feature", "properties": { "element": "way", "id": 442156395, "landuse": "residential" }, "geometry": { "type": "Polygon", "coordinates": [ [ [ 73.2114913, 22.2773863 ], [ 73.2115429, 22.2772372 ], [ 73.2117649, 22.277303 ], [ 73.2117133, 22.2774521 ], [ 73.2114913, 22.2773863 ] ] ] } },
{ "type": "Feature", "properties": { "element": "way", "id": 442156397, "landuse": null }, "geometry": { "type": "Polygon", "coordinates": [ [ [ 73.2097174, 22.2776318 ], [ 73.2098708, 22.2781288 ], [ 73.2099475, 22.2781039 ], [ 73.2101086, 22.2786044 ], [ 73.2109487, 22.2783488 ], [ 73.2109652, 22.2782134 ], [ 73.2109404, 22.278118 ], [ 73.2108982, 22.2780233 ], [ 73.2109372, 22.277891 ], [ 73.2110024, 22.2777383 ], [ 73.2110407, 22.2775715 ], [ 73.2110906, 22.2774047 ], [ 73.2111174, 22.2772414 ], [ 73.2104078, 22.2774331 ], [ 73.2097174, 22.2776318 ] ] ] } },
{ "type": "Feature", "properties": { "element": "way", "id": 442156398, "landuse": "residential" }, "geometry": { "type": "Polygon", "coordinates": [ [ [ 73.2118175, 22.2764889 ], [ 73.2120016, 22.2765705 ], [ 73.2120841, 22.2763558 ], [ 73.2118884, 22.2762688 ], [ 73.2118175, 22.2764889 ] ] ] } },
{ "type": "Feature", "properties": { "element": "way", "id": 446231590, "landuse": "industrial" }, "geometry": { "type": "Polygon", "coordinates": [ [ [ 73.2251429, 22.4461158 ], [ 73.2219622, 22.4469886 ], [ 73.2178215, 22.4475399 ], [ 73.2150239, 22.4469948 ], [ 73.2107041, 22.4467046 ], [ 73.2091993, 22.4466437 ], [ 73.2075727, 22.4465302 ], [ 73.2077969, 22.4462056 ], [ 73.2072841, 22.4464044 ], [ 73.2058155, 22.4462554 ], [ 73.2032841, 22.4461556 ], [ 73.2021504, 22.4461119 ], [ 73.199526, 22.4460091 ], [ 73.198408, 22.4459653 ], [ 73.1981019, 22.4459533 ], [ 73.1970039, 22.4459274 ], [ 73.1954765, 22.4462503 ], [ 73.1952095, 22.4463067 ], [ 73.1951773, 22.4457811 ], [ 73.1945658, 22.4457712 ], [ 73.1934983, 22.4457167 ], [ 73.1939234, 22.442965 ], [ 73.1938604, 22.4428271 ], [ 73.1932837, 22.443017 ], [ 73.1928572, 22.4417973 ], [ 73.1911701, 22.4423898 ], [ 73.191382, 22.4406297 ], [ 73.1926748, 22.4308517 ], [ 73.1931683, 22.4286303 ], [ 73.1960624, 22.42927 ], [ 73.1973509, 22.4296504 ], [ 73.2032946, 22.4322884 ], [ 73.2093242, 22.4340734 ], [ 73.225396, 22.4290157 ], [ 73.2341752, 22.4360685 ], [ 73.2351291, 22.4368027 ], [ 73.2342759, 22.4376126 ], [ 73.2336938, 22.4379596 ], [ 73.2330206, 22.4379993 ], [ 73.2317412, 22.4386786 ], [ 73.2315803, 22.4390108 ], [ 73.2323581, 22.4409395 ], [ 73.2300889, 22.4406321 ], [ 73.2300621, 22.4399727 ], [ 73.2296383, 22.4399628 ], [ 73.2294023, 22.4413759 ], [ 73.2299012, 22.4414552 ], [ 73.2297698, 22.4425534 ], [ 73.2289115, 22.4424394 ], [ 73.2288337, 22.4432451 ], [ 73.2284608, 22.4432451 ], [ 73.2285306, 22.4428286 ], [ 73.2277045, 22.442722 ], [ 73.227734, 22.4423824 ], [ 73.2275033, 22.4423749 ], [ 73.2275838, 22.4436888 ], [ 73.22808, 22.4437359 ], [ 73.2280773, 22.4438723 ], [ 73.2283187, 22.4439169 ], [ 73.228367, 22.4443359 ], [ 73.2289115, 22.4443879 ], [ 73.2289383, 22.4448193 ], [ 73.2286996, 22.4448044 ], [ 73.2286408, 22.44627 ], [ 73.2286352, 22.4464083 ], [ 73.2267845, 22.4462992 ], [ 73.2261189, 22.4461768 ], [ 73.2254958, 22.4460778 ], [ 73.2251429, 22.4461158 ] ] ] } },
{ "type": "Feature", "properties": { "element": "way", "id": 464261824, "landuse": "commercial" }, "geometry": { "type": "Polygon", "coordinates": [ [ [ 73.2101224, 22.3007313 ], [ 73.2105823, 22.3007252 ], [ 73.210587, 22.3009371 ], [ 73.2101244, 22.3009383 ], [ 73.2101224, 22.3007313 ] ] ] } },
{ "type": "Feature", "properties": { "element": "way", "id": 486344000, "landuse": "residential" }, "geometry": { "type": "Polygon", "coordinates": [ [ [ 73.1737754, 22.3050257 ], [ 73.1740187, 22.3049961 ], [ 73.1739903, 22.3048318 ], [ 73.1737558, 22.304863 ], [ 73.1737754, 22.3050257 ] ] ] } },
{ "type": "Feature", "properties": { "element": "way", "id": 486344005, "landuse": "meadow" }, "geometry": { "type": "Polygon", "coordinates": [ [ [ 73.1738894, 22.3057385 ], [ 73.1741655, 22.3057455 ], [ 73.1741541, 22.3055075 ], [ 73.1738742, 22.305518 ], [ 73.1738894, 22.3057385 ] ] ] } },
{ "type": "Feature", "properties": { "element": "way", "id": 491002284, "landuse": "grass" }, "geometry": { "type": "Polygon", "coordinates": [ [ [ 73.1140137, 22.3968493 ], [ 73.1148586, 22.3974122 ], [ 73.1147513, 22.3978115 ], [ 73.1139573, 22.397742 ], [ 73.1137294, 22.3975461 ], [ 73.1136596, 22.397065 ], [ 73.1137991, 22.3968765 ], [ 73.1138608, 22.3969485 ], [ 73.1139413, 22.396879 ], [ 73.1139868, 22.3969113 ], [ 73.1140137, 22.3968493 ] ] ] } },
{ "type": "Feature", "properties": { "element": "way", "id": 491002285, "landuse": null }, "geometry": { "type": "Polygon", "coordinates": [ [ [ 73.1127343, 22.396145 ], [ 73.1133083, 22.3963235 ], [ 73.113378, 22.396517 ], [ 73.1124714, 22.3969137 ], [ 73.1118491, 22.3968145 ], [ 73.1116828, 22.3962442 ], [ 73.111892, 22.396021 ], [ 73.112525, 22.3960359 ], [ 73.1127343, 22.396145 ] ] ] } },
{ "type": "Feature", "properties": { "element": "way", "id": 491002289, "landuse": "residential" }, "geometry": { "type": "Polygon", "coordinates": [ [ [ 73.1242383, 22.3994482 ], [ 73.1242973, 22.3974643 ], [ 73.12397, 22.3971816 ], [ 73.124072, 22.3968443 ], [ 73.1245011, 22.3966955 ], [ 73.1249517, 22.3962243 ], [ 73.1256223, 22.3962343 ], [ 73.1253433, 22.3949794 ], [ 73.1267059, 22.3947116 ], [ 73.1277198, 22.3948108 ], [ 73.1289589, 22.3943743 ], [ 73.1303751, 22.3944537 ], [ 73.1302679, 22.3953216 ], [ 73.1298602, 22.3955002 ], [ 73.1287765, 22.395773 ], [ 73.1285995, 22.3969633 ], [ 73.1289804, 22.3972411 ], [ 73.1295598, 22.3972708 ], [ 73.1297529, 22.3965814 ], [ 73.1302893, 22.3966162 ], [ 73.1306326, 22.396269 ], [ 73.1310779, 22.3963483 ], [ 73.1311852, 22.3965517 ], [ 73.1318611, 22.3965715 ], [ 73.1323278, 22.3969683 ], [ 73.1321615, 22.3974891 ], [ 73.1317806, 22.3974643 ], [ 73.1317377, 22.3969237 ], [ 73.1309438, 22.396884 ], [ 73.1307185, 22.3986348 ], [ 73.1301713, 22.398977 ], [ 73.1301713, 22.3992894 ], [ 73.1296241, 22.3993093 ], [ 73.1292808, 22.3982082 ], [ 73.1288409, 22.3989175 ], [ 73.1279343, 22.3987637 ], [ 73.1272906, 22.3988282 ], [ 73.1268078, 22.3991903 ], [ 73.1264001, 22.3995325 ], [ 73.1242383, 22.3994482 ] ] ] } },
{ "type": "Feature", "properties": { "element": "way", "id": 491446288, "landuse": "residential" }, "geometry": { "type": "Polygon", "coordinates": [ [ [ 73.2217661, 22.4172869 ], [ 73.2238582, 22.4173167 ], [ 73.224974, 22.4163546 ], [ 73.2258002, 22.4153232 ], [ 73.2246844, 22.4148372 ], [ 73.223472, 22.4155314 ], [ 73.2221846, 22.4152041 ], [ 73.2217018, 22.4158984 ], [ 73.2217661, 22.4172869 ] ] ] } },
{ "type": "Feature", "properties": { "element": "way", "id": 491446289, "landuse": null }, "geometry": { "type": "Polygon", "coordinates": [ [ [ 73.2284716, 22.4145793 ], [ 73.2294372, 22.4149463 ], [ 73.2311324, 22.4157893 ], [ 73.2326237, 22.416067 ], [ 73.2338039, 22.4163447 ], [ 73.2333211, 22.4136371 ], [ 73.2325057, 22.4128535 ], [ 73.2317118, 22.4119708 ], [ 73.2308642, 22.4114451 ], [ 73.2292549, 22.4127047 ], [ 73.2283751, 22.4133792 ], [ 73.2282678, 22.4140338 ], [ 73.2283107, 22.4144504 ], [ 73.2284716, 22.4145793 ] ] ] } },
{ "type": "Feature", "properties": { "element": "way", "id": 491446293, "landuse": "residential" }, "geometry": { "type": "Polygon", "coordinates": [ [ [ 73.1881875, 22.3724476 ], [ 73.1890136, 22.3724178 ], [ 73.1899256, 22.372904 ], [ 73.1904513, 22.3731966 ], [ 73.1906525, 22.374596 ], [ 73.1891531, 22.3743971 ], [ 73.1883699, 22.3752602 ], [ 73.1881875, 22.3762772 ], [ 73.1876832, 22.3764458 ], [ 73.1867123, 22.375925 ], [ 73.1871736, 22.3755976 ], [ 73.1872219, 22.3749676 ], [ 73.1874365, 22.3749378 ], [ 73.1868947, 22.3738862 ], [ 73.1862134, 22.3738514 ], [ 73.1862456, 22.3728444 ], [ 73.1867552, 22.3729288 ], [ 73.1871039, 22.372398 ], [ 73.1879354, 22.3727105 ], [ 73.1881875, 22.3724476 ] ] ] } },
{ "type": "Feature", "properties": { "element": "way", "id": 491446294, "landuse": null }, "geometry": { "type": "Polygon", "coordinates": [ [ [ 73.1906068, 22.3749577 ], [ 73.1899953, 22.3747493 ], [ 73.1892711, 22.3744318 ], [ 73.1887454, 22.3755579 ], [ 73.188563, 22.3760192 ], [ 73.1889171, 22.3760142 ], [ 73.1891799, 22.3772048 ], [ 73.1894857, 22.3778 ], [ 73.1907678, 22.377681 ], [ 73.1906068, 22.3769071 ], [ 73.1901992, 22.3769617 ], [ 73.190108, 22.3770659 ], [ 73.1899095, 22.3770807 ], [ 73.1897646, 22.3769766 ], [ 73.1897324, 22.376793 ], [ 73.1898612, 22.3766938 ], [ 73.1900865, 22.3767484 ], [ 73.1901884, 22.3768426 ], [ 73.1906551, 22.376793 ], [ 73.1904835, 22.3759101 ], [ 73.1906444, 22.3751313 ], [ 73.1906068, 22.3749577 ] ] ] } },
{ "type": "Feature", "properties": { "element": "way", "id": 491446296, "landuse": null }, "geometry": { "type": "Polygon", "coordinates": [ [ [ 73.1720621, 22.3660209 ], [ 73.1732047, 22.3661152 ], [ 73.1733442, 22.3648105 ], [ 73.1737679, 22.3646567 ], [ 73.1735855, 22.3640812 ], [ 73.1725288, 22.3638878 ], [ 73.1721479, 22.364106 ], [ 73.1720513, 22.3650486 ], [ 73.172105, 22.3657729 ], [ 73.1720621, 22.3660209 ] ] ] } },
{ "type": "Feature", "properties": { "element": "way", "id": 491446297, "landuse": null }, "geometry": { "type": "Polygon", "coordinates": [ [ [ 73.1808758, 22.375729 ], [ 73.1810528, 22.3757141 ], [ 73.1812513, 22.3758481 ], [ 73.1810475, 22.3767459 ], [ 73.1810099, 22.3769741 ], [ 73.180452, 22.3768997 ], [ 73.1806559, 22.3760018 ], [ 73.1808758, 22.375729 ] ] ] } },
{ "type": "Feature", "properties": { "element": "way", "id": 491446298, "landuse": "residential" }, "geometry": { "type": "Polygon", "coordinates": [ [ [ 73.1725824, 22.3635851 ], [ 73.1740844, 22.3608566 ], [ 73.1713271, 22.3604796 ], [ 73.1713218, 22.3596411 ], [ 73.1705815, 22.359532 ], [ 73.170104, 22.357364 ], [ 73.1706405, 22.3571556 ], [ 73.1710267, 22.3571705 ], [ 73.1712359, 22.3562874 ], [ 73.173886, 22.3567537 ], [ 73.1750125, 22.3560592 ], [ 73.1758922, 22.3558111 ], [ 73.1762892, 22.3548784 ], [ 73.1767613, 22.3548982 ], [ 73.1771046, 22.3539159 ], [ 73.1759137, 22.3534892 ], [ 73.1757099, 22.3540945 ], [ 73.1742507, 22.3537572 ], [ 73.1738967, 22.3543128 ], [ 73.173371, 22.3543029 ], [ 73.174873, 22.3508994 ], [ 73.1731135, 22.3510879 ], [ 73.1721157, 22.3557813 ], [ 73.1706369, 22.3559485 ], [ 73.1701845, 22.3562973 ], [ 73.1697017, 22.3561882 ], [ 73.1705171, 22.3542136 ], [ 73.16953, 22.3538961 ], [ 73.1706351, 22.3525069 ], [ 73.170957, 22.3511673 ], [ 73.1663436, 22.3514551 ], [ 73.1670624, 22.3532511 ], [ 73.1658179, 22.3531618 ], [ 73.1654638, 22.3541739 ], [ 73.1640154, 22.3538167 ], [ 73.1637472, 22.3544914 ], [ 73.1629855, 22.3543525 ], [ 73.1627494, 22.3554936 ], [ 73.1642515, 22.355821 ], [ 73.1657109, 22.3554072 ], [ 73.1663121, 22.3556099 ], [ 73.166577, 22.3568102 ], [ 73.1659788, 22.3599686 ], [ 73.1656033, 22.3608318 ], [ 73.1646913, 22.3608119 ], [ 73.1647343, 22.3597304 ], [ 73.1632322, 22.3592046 ], [ 73.1631035, 22.3605937 ], [ 73.1633824, 22.3620919 ], [ 73.1625885, 22.3621911 ], [ 73.160947, 22.3623399 ], [ 73.1597454, 22.3628856 ], [ 73.159681, 22.363987 ], [ 73.1614228, 22.3662132 ], [ 73.1623525, 22.363729 ], [ 73.1629747, 22.3638183 ], [ 73.1636721, 22.3629452 ], [ 73.1645304, 22.3630642 ], [ 73.1648201, 22.3635901 ], [ 73.164981, 22.3621018 ], [ 73.1658179, 22.3621713 ], [ 73.1652385, 22.3651677 ], [ 73.1649918, 22.3673703 ], [ 73.1640905, 22.367152 ], [ 73.1635112, 22.3682732 ], [ 73.1655282, 22.3704261 ], [ 73.1670624, 22.3703071 ], [ 73.1703669, 22.3698011 ], [ 73.1718582, 22.3692256 ], [ 73.1716651, 22.3681144 ], [ 73.1706458, 22.3680946 ], [ 73.1692082, 22.3675985 ], [ 73.1679851, 22.3676084 ], [ 73.1676847, 22.3669238 ], [ 73.168264, 22.3662194 ], [ 73.1678885, 22.3640167 ], [ 73.168897, 22.3638282 ], [ 73.1700021, 22.3640267 ], [ 73.1713969, 22.3638481 ], [ 73.1722015, 22.3638977 ], [ 73.1725824, 22.3635851 ] ] ] } },
{ "type": "Feature", "properties": { "element": "way", "id": 491446299, "landuse": null }, "geometry": { "type": "Polygon", "coordinates": [ [ [ 73.1682587, 22.3640019 ], [ 73.168366, 22.3640267 ], [ 73.1690848, 22.3640217 ], [ 73.1700289, 22.3642053 ], [ 73.1717402, 22.3639423 ], [ 73.1718582, 22.3650982 ], [ 73.170104, 22.3655249 ], [ 73.168999, 22.3657134 ], [ 73.169176, 22.3662045 ], [ 73.1694335, 22.3665518 ], [ 73.1701684, 22.3662095 ], [ 73.17078, 22.3661499 ], [ 73.1719601, 22.3657382 ], [ 73.1717134, 22.3662392 ], [ 73.1716973, 22.3679209 ], [ 73.1710106, 22.3679755 ], [ 73.16953, 22.3674546 ], [ 73.1688112, 22.3673852 ], [ 73.1680602, 22.3674645 ], [ 73.167851, 22.367033 ], [ 73.1684089, 22.3665071 ], [ 73.1681997, 22.3647708 ], [ 73.1680977, 22.3641408 ], [ 73.1682587, 22.3640019 ] ] ] } },
{ "type": "Feature", "properties": { "element": "way", "id": 492169559, "landuse": null }, "geometry": { "type": "Polygon", "coordinates": [ [ [ 73.2332834, 22.3452557 ], [ 73.233659, 22.3458412 ], [ 73.2345655, 22.346898 ], [ 73.234292, 22.3471163 ], [ 73.2337877, 22.3468682 ], [ 73.2335892, 22.3465507 ], [ 73.2333478, 22.3458958 ], [ 73.2331225, 22.3455981 ], [ 73.2331976, 22.3452706 ], [ 73.2332834, 22.3452557 ] ] ] } },
{ "type": "Feature", "properties": { "element": "way", "id": 492169574, "landuse": null }, "geometry": { "type": "Polygon", "coordinates": [ [ [ 73.2292735, 22.3261944 ], [ 73.2294345, 22.32644 ], [ 73.2289597, 22.3265393 ], [ 73.2283965, 22.3264202 ], [ 73.228375, 22.3262887 ], [ 73.2278681, 22.3260704 ], [ 73.227632, 22.3258619 ], [ 73.2277071, 22.3256585 ], [ 73.2278332, 22.3256039 ], [ 73.228021, 22.3258346 ], [ 73.2281551, 22.325718 ], [ 73.2283187, 22.3256262 ], [ 73.228544, 22.3257379 ], [ 73.2288605, 22.3259786 ], [ 73.2291314, 22.3261746 ], [ 73.2292735, 22.3261944 ] ] ] } },
{ "type": "Feature", "properties": { "element": "way", "id": 493414625, "landuse": null }, "geometry": { "type": "Polygon", "coordinates": [ [ [ 73.1404696, 22.4164712 ], [ 73.1405555, 22.4165729 ], [ 73.1406118, 22.4168233 ], [ 73.1404455, 22.4168506 ], [ 73.1400029, 22.416744 ], [ 73.1400217, 22.4165258 ], [ 73.1402551, 22.4164067 ], [ 73.1404267, 22.416434 ], [ 73.1404696, 22.4164712 ] ] ] } },
{ "type": "Feature", "properties": { "element": "way", "id": 546116090, "landuse": "industrial" }, "geometry": { "type": "Polygon", "coordinates": [ [ [ 73.1400123, 22.3729982 ], [ 73.1402323, 22.3722368 ], [ 73.1406856, 22.3721574 ], [ 73.1417423, 22.3724054 ], [ 73.1417102, 22.3725146 ], [ 73.1419113, 22.3725592 ], [ 73.1428769, 22.3736927 ], [ 73.1400123, 22.3729982 ] ] ] } },
{ "type": "Feature", "properties": { "element": "way", "id": 548047453, "landuse": "industrial" }, "geometry": { "type": "Polygon", "coordinates": [ [ [ 73.1766437, 22.2427608 ], [ 73.1768248, 22.2430757 ], [ 73.1792011, 22.2430108 ], [ 73.1791601, 22.2415616 ], [ 73.1766216, 22.241579 ], [ 73.1766437, 22.2427608 ] ] ] } },
{ "type": "Feature", "properties": { "element": "way", "id": 556906050, "landuse": null }, "geometry": { "type": "Polygon", "coordinates": [ [ [ 73.1889371, 22.3668732 ], [ 73.1890622, 22.3671987 ], [ 73.189104, 22.3673543 ], [ 73.1891115, 22.3674433 ], [ 73.1891119, 22.3675629 ], [ 73.1890953, 22.3676875 ], [ 73.1890419, 22.3678862 ], [ 73.1899257, 22.3668488 ], [ 73.1899454, 22.3667658 ], [ 73.1899403, 22.3666797 ], [ 73.1899335, 22.366578 ], [ 73.1898804, 22.3664347 ], [ 73.1898278, 22.3663713 ], [ 73.1897714, 22.3663093 ], [ 73.1896414, 22.3662389 ], [ 73.1894868, 22.3661771 ], [ 73.1893932, 22.3661634 ], [ 73.1888766, 22.3662342 ], [ 73.188849, 22.366324 ], [ 73.1888388, 22.3664165 ], [ 73.1888413, 22.3665188 ], [ 73.1888523, 22.3666077 ], [ 73.1888777, 22.3667193 ], [ 73.1889371, 22.3668732 ] ] ] } },
{ "type": "Feature", "properties": { "element": "way", "id": 571831295, "landuse": "residential" }, "geometry": { "type": "Polygon", "coordinates": [ [ [ 73.2182664, 22.2453126 ], [ 73.2182693, 22.245407 ], [ 73.21838, 22.2454017 ], [ 73.218381, 22.2453206 ], [ 73.2182664, 22.2453126 ] ] ] } },
{ "type": "Feature", "properties": { "element": "way", "id": 577417464, "landuse": "residential" }, "geometry": { "type": "Polygon", "coordinates": [ [ [ 73.2027338, 22.250454 ], [ 73.2028353, 22.2498847 ], [ 73.2035966, 22.2500048 ], [ 73.2034697, 22.2505534 ], [ 73.2030752, 22.2504985 ], [ 73.2027338, 22.250454 ] ] ] } },
{ "type": "Feature", "properties": { "element": "way", "id": 584880998, "landuse": "industrial" }, "geometry": { "type": "Polygon", "coordinates": [ [ [ 73.1765227, 22.238082 ], [ 73.1765693, 22.2396839 ], [ 73.1785235, 22.239613 ], [ 73.1792866, 22.2395318 ], [ 73.1794358, 22.2394198 ], [ 73.1794351, 22.2381331 ], [ 73.1784149, 22.238036 ], [ 73.1772782, 22.238036 ], [ 73.1765227, 22.238082 ] ] ] } },
{ "type": "Feature", "properties": { "element": "way", "id": 588057019, "landuse": "residential" }, "geometry": { "type": "Polygon", "coordinates": [ [ [ 73.0839879, 22.2327816 ], [ 73.0875773, 22.2354347 ], [ 73.0883273, 22.234852 ], [ 73.0939792, 22.2390918 ], [ 73.093631, 22.2459471 ], [ 73.0932024, 22.2461702 ], [ 73.0925194, 22.2460462 ], [ 73.0924792, 22.2457859 ], [ 73.0916488, 22.245476 ], [ 73.0907113, 22.2450793 ], [ 73.0905104, 22.2457611 ], [ 73.0892113, 22.2453892 ], [ 73.0891711, 22.2448562 ], [ 73.0884211, 22.2446455 ], [ 73.0881398, 22.2454512 ], [ 73.0880193, 22.2464057 ], [ 73.0868273, 22.2486866 ], [ 73.086546, 22.2502733 ], [ 73.0847781, 22.2499386 ], [ 73.0848585, 22.2493932 ], [ 73.0836129, 22.2491453 ], [ 73.0836263, 22.2484883 ], [ 73.0828094, 22.2482899 ], [ 73.082729, 22.2485502 ], [ 73.0802781, 22.2481288 ], [ 73.0803584, 22.2478561 ], [ 73.079662, 22.2476701 ], [ 73.0794343, 22.2485131 ], [ 73.0782959, 22.2483767 ], [ 73.0791664, 22.2457115 ], [ 73.07847, 22.2455132 ], [ 73.0777601, 22.2471867 ], [ 73.0766619, 22.2469264 ], [ 73.0756172, 22.2462694 ], [ 73.0756976, 22.2450793 ], [ 73.0742779, 22.2449182 ], [ 73.0745056, 22.243976 ], [ 73.0773717, 22.2443727 ], [ 73.078845, 22.2424265 ], [ 73.0769164, 22.2420794 ], [ 73.0768092, 22.2423397 ], [ 73.0762199, 22.2423149 ], [ 73.0763003, 22.2419926 ], [ 73.0747601, 22.2417695 ], [ 73.074961, 22.2407901 ], [ 73.0741842, 22.2406538 ], [ 73.0741842, 22.2396992 ], [ 73.073769, 22.2392777 ], [ 73.0738226, 22.2384471 ], [ 73.0742244, 22.2383356 ], [ 73.074144, 22.2376661 ], [ 73.074961, 22.2375669 ], [ 73.0756976, 22.2379884 ], [ 73.0758985, 22.2368727 ], [ 73.0753896, 22.2367487 ], [ 73.075644, 22.235757 ], [ 73.0763405, 22.2359181 ], [ 73.0765146, 22.2357074 ], [ 73.0770235, 22.2358438 ], [ 73.0770235, 22.2366744 ], [ 73.077211, 22.2367611 ], [ 73.0773583, 22.2362901 ], [ 73.0783896, 22.2360421 ], [ 73.0776932, 22.2358562 ], [ 73.0779343, 22.2353107 ], [ 73.0788718, 22.2356206 ], [ 73.0784968, 22.2346536 ], [ 73.0776341, 22.2342987 ], [ 73.0774119, 22.2342073 ], [ 73.0765414, 22.2337858 ], [ 73.0766485, 22.2334139 ], [ 73.0762333, 22.2331288 ], [ 73.0765548, 22.2326577 ], [ 73.0770771, 22.2325213 ], [ 73.0791128, 22.2342941 ], [ 73.0794477, 22.234071 ], [ 73.0797691, 22.2329676 ], [ 73.0807334, 22.2331659 ], [ 73.0805191, 22.2349264 ], [ 73.0809745, 22.2351247 ], [ 73.0812156, 22.2349388 ], [ 73.0837335, 22.2350875 ], [ 73.0836933, 22.2342445 ], [ 73.0839879, 22.2327816 ] ] ] } },
{ "type": "Feature", "properties": { "element": "way", "id": 618282228, "landuse": "industrial" }, "geometry": { "type": "Polygon", "coordinates": [ [ [ 73.0544265, 22.2676112 ], [ 73.0561236, 22.2674828 ], [ 73.0563103, 22.2699373 ], [ 73.057447, 22.2699472 ], [ 73.0569294, 22.2728263 ], [ 73.0558567, 22.2725251 ], [ 73.0544265, 22.2676112 ] ] ] } },
{ "type": "Feature", "properties": { "element": "way", "id": 618282237, "landuse": "residential" }, "geometry": { "type": "Polygon", "coordinates": [ [ [ 73.0547537, 22.2876885 ], [ 73.0545029, 22.2862268 ], [ 73.0553514, 22.2860836 ], [ 73.0545296, 22.2846812 ], [ 73.0547057, 22.2837825 ], [ 73.0559117, 22.2834912 ], [ 73.0584413, 22.2842566 ], [ 73.0590497, 22.2833973 ], [ 73.060704, 22.2836294 ], [ 73.0612003, 22.2853479 ], [ 73.0608001, 22.2856935 ], [ 73.0601757, 22.2850368 ], [ 73.0591938, 22.2857627 ], [ 73.0585801, 22.2870268 ], [ 73.0589056, 22.2873872 ], [ 73.0582172, 22.2880094 ], [ 73.0571712, 22.2873774 ], [ 73.0571232, 22.2867947 ], [ 73.0556076, 22.2865182 ], [ 73.0558103, 22.287323 ], [ 73.0547537, 22.2876885 ] ] ] } },
{ "type": "Feature", "properties": { "element": "way", "id": 623473827, "landuse": "residential" }, "geometry": { "type": "Polygon", "coordinates": [ [ [ 73.2272251, 22.2575174 ], [ 73.2285611, 22.2562759 ], [ 73.2274901, 22.2554849 ], [ 73.2273819, 22.2540882 ], [ 73.2281284, 22.2540932 ], [ 73.2282257, 22.2534424 ], [ 73.2278742, 22.2524913 ], [ 73.2273549, 22.2519656 ], [ 73.2254942, 22.2519206 ], [ 73.2253481, 22.2506089 ], [ 73.22339, 22.2505338 ], [ 73.222557, 22.2508442 ], [ 73.2221514, 22.251505 ], [ 73.2221243, 22.2521709 ], [ 73.2245097, 22.2524863 ], [ 73.2245584, 22.2534474 ], [ 73.2239039, 22.2534975 ], [ 73.2238931, 22.253918 ], [ 73.2250344, 22.2543736 ], [ 73.2253806, 22.2548842 ], [ 73.2260675, 22.2550995 ], [ 73.2262785, 22.2558604 ], [ 73.2272251, 22.2575174 ] ] ] } },
{ "type": "Feature", "properties": { "element": "way", "id": 623473828, "landuse": "residential" }, "geometry": { "type": "Polygon", "coordinates": [ [ [ 73.2254779, 22.2502084 ], [ 73.226246, 22.2501333 ], [ 73.2263758, 22.2495125 ], [ 73.2276091, 22.2496177 ], [ 73.2273603, 22.2485163 ], [ 73.2281987, 22.2483911 ], [ 73.2281338, 22.2495526 ], [ 73.228718, 22.2495125 ], [ 73.2285611, 22.248336 ], [ 73.2281987, 22.2477753 ], [ 73.2276794, 22.2476702 ], [ 73.2270195, 22.2462484 ], [ 73.2262893, 22.245958 ], [ 73.2257484, 22.2468191 ], [ 73.225413, 22.2472196 ], [ 73.2251155, 22.2490419 ], [ 73.2254779, 22.2502084 ] ] ] } },
{ "type": "Feature", "properties": { "element": "way", "id": 623473830, "landuse": "residential" }, "geometry": { "type": "Polygon", "coordinates": [ [ [ 73.1889533, 22.2258996 ], [ 73.1890568, 22.2250942 ], [ 73.1900271, 22.2250044 ], [ 73.1901305, 22.2245673 ], [ 73.1910102, 22.2245673 ], [ 73.1909067, 22.2256301 ], [ 73.1900109, 22.2257888 ], [ 73.1900626, 22.2264235 ], [ 73.1895937, 22.2265253 ], [ 73.1889533, 22.2258996 ] ] ] } },
{ "type": "Feature", "properties": { "element": "way", "id": 625588651, "landuse": "residential" }, "geometry": { "type": "Polygon", "coordinates": [ [ [ 73.0626851, 22.3303732 ], [ 73.0631067, 22.3288725 ], [ 73.0638218, 22.3274706 ], [ 73.0647824, 22.328216 ], [ 73.0683633, 22.3280975 ], [ 73.0685554, 22.3267301 ], [ 73.0703592, 22.3269276 ], [ 73.0701506, 22.3274946 ], [ 73.0698362, 22.3283493 ], [ 73.0685447, 22.3296377 ], [ 73.0674987, 22.3297216 ], [ 73.0655669, 22.3298401 ], [ 73.0650492, 22.3308126 ], [ 73.0641687, 22.3310446 ], [ 73.0648198, 22.3315579 ], [ 73.0659404, 22.3324317 ], [ 73.0651079, 22.3335818 ], [ 73.0652947, 22.3346037 ], [ 73.0646383, 22.3347369 ], [ 73.0640566, 22.334031 ], [ 73.0645209, 22.3323675 ], [ 73.0635496, 22.332096 ], [ 73.0627972, 22.3308274 ], [ 73.0626851, 22.3303732 ] ] ] } },
{ "type": "Feature", "properties": { "element": "way", "id": 625590791, "landuse": "residential" }, "geometry": { "type": "Polygon", "coordinates": [ [ [ 73.1724489, 22.2486262 ], [ 73.1745014, 22.2487865 ], [ 73.1745192, 22.2484781 ], [ 73.1734218, 22.2483219 ], [ 73.1724778, 22.2477216 ], [ 73.1724489, 22.2486262 ] ] ] } },
{ "type": "Feature", "properties": { "element": "way", "id": 625590793, "landuse": "residential" }, "geometry": { "type": "Polygon", "coordinates": [ [ [ 73.1751929, 22.2505036 ], [ 73.175832, 22.2506665 ], [ 73.1762674, 22.2497792 ], [ 73.1754847, 22.249522 ], [ 73.1751929, 22.2505036 ] ] ] } },
{ "type": "Feature", "properties": { "element": "way", "id": 625590794, "landuse": "residential" }, "geometry": { "type": "Polygon", "coordinates": [ [ [ 73.1726827, 22.2522439 ], [ 73.1731783, 22.2526125 ], [ 73.1735395, 22.2538084 ], [ 73.1734284, 22.2546914 ], [ 73.1724419, 22.2552701 ], [ 73.1719695, 22.2553301 ], [ 73.1706727, 22.2549443 ], [ 73.1703022, 22.2543528 ], [ 73.1704319, 22.2533069 ], [ 73.1712887, 22.2525182 ], [ 73.1726827, 22.2522439 ] ] ] } },
{ "type": "Feature", "properties": { "element": "way", "id": 625594176, "landuse": "residential" }, "geometry": { "type": "Polygon", "coordinates": [ [ [ 73.267303, 22.2864132 ], [ 73.268632, 22.2865022 ], [ 73.2682988, 22.2876938 ], [ 73.2674335, 22.2874999 ], [ 73.2671416, 22.2872457 ], [ 73.267303, 22.2864132 ] ] ] } },
{ "type": "Feature", "properties": { "element": "way", "id": 629822019, "landuse": "residential" }, "geometry": { "type": "Polygon", "coordinates": [ [ [ 73.2418971, 22.2821439 ], [ 73.2417353, 22.2820829 ], [ 73.2413277, 22.2820219 ], [ 73.2412889, 22.2821934 ], [ 73.2411472, 22.282142 ], [ 73.2411479, 22.2819332 ], [ 73.24104, 22.281789 ], [ 73.2410342, 22.2817658 ], [ 73.2410102, 22.2817435 ], [ 73.240957, 22.2817104 ], [ 73.2408615, 22.2817099 ], [ 73.2407857, 22.2817009 ], [ 73.2406086, 22.2817345 ], [ 73.2402987, 22.2817586 ], [ 73.2403421, 22.2818461 ], [ 73.2404035, 22.2819038 ], [ 73.2403307, 22.2820469 ], [ 73.2401838, 22.2821303 ], [ 73.2401751, 22.282205 ], [ 73.240191, 22.2822507 ], [ 73.2402386, 22.282298 ], [ 73.2401629, 22.2823436 ], [ 73.2401922, 22.2825 ], [ 73.2402167, 22.2825519 ], [ 73.2400812, 22.2830486 ], [ 73.2400996, 22.2831342 ], [ 73.2402414, 22.2830943 ], [ 73.2403708, 22.2829916 ], [ 73.2404694, 22.2830486 ], [ 73.2406974, 22.2831114 ], [ 73.2408699, 22.2831513 ], [ 73.2408329, 22.2833223 ], [ 73.2409808, 22.2833965 ], [ 73.241025, 22.2833292 ], [ 73.2412656, 22.2833587 ], [ 73.2413179, 22.2832393 ], [ 73.2414532, 22.283172 ], [ 73.2414638, 22.2831294 ], [ 73.2413966, 22.2830999 ], [ 73.2414214, 22.2830213 ], [ 73.2414037, 22.2829853 ], [ 73.2415629, 22.2829755 ], [ 73.2415346, 22.2827495 ], [ 73.241866, 22.2828053 ], [ 73.2418393, 22.2825858 ], [ 73.241849, 22.2825117 ], [ 73.2418971, 22.2821439 ] ] ] } },
{ "type": "Feature", "properties": { "element": "way", "id": 630056726, "landuse": "residential" }, "geometry": { "type": "Polygon", "coordinates": [ [ [ 73.1611271, 22.3111085 ], [ 73.1599643, 22.3109634 ], [ 73.1599605, 22.3103088 ], [ 73.1604118, 22.3103017 ], [ 73.1603133, 22.3095508 ], [ 73.1605633, 22.3094872 ], [ 73.160761, 22.3094332 ], [ 73.1607106, 22.309193 ], [ 73.1615221, 22.3090597 ], [ 73.1616041, 22.3089032 ], [ 73.1623451, 22.3087361 ], [ 73.16232, 22.3084272 ], [ 73.1640512, 22.3083848 ], [ 73.1640508, 22.3097153 ], [ 73.1648773, 22.309735 ], [ 73.1648587, 22.3098697 ], [ 73.1636747, 22.3098918 ], [ 73.16337, 22.3098918 ], [ 73.1633038, 22.3100192 ], [ 73.1631263, 22.3100094 ], [ 73.1631475, 22.3097104 ], [ 73.1615528, 22.3098918 ], [ 73.1613833, 22.3105682 ], [ 73.1611926, 22.3110632 ], [ 73.1611271, 22.3111085 ] ] ] } },
{ "type": "Feature", "properties": { "element": "way", "id": 647401800, "landuse": "residential" }, "geometry": { "type": "Polygon", "coordinates": [ [ [ 73.138307, 22.3855294 ], [ 73.1395011, 22.3857257 ], [ 73.1400967, 22.3854044 ], [ 73.139388, 22.3850322 ], [ 73.1395866, 22.3845681 ], [ 73.1392226, 22.3838516 ], [ 73.1382464, 22.3837572 ], [ 73.138216, 22.3844559 ], [ 73.1386765, 22.3846089 ], [ 73.138307, 22.3855294 ] ] ] } },
{ "type": "Feature", "properties": { "element": "way", "id": 647401802, "landuse": "industrial" }, "geometry": { "type": "Polygon", "coordinates": [ [ [ 73.1308466, 22.3893642 ], [ 73.1353084, 22.3894738 ], [ 73.1354766, 22.3884412 ], [ 73.1342385, 22.3882831 ], [ 73.1342743, 22.3876533 ], [ 73.1337283, 22.3876151 ], [ 73.1335821, 22.388612 ], [ 73.1309238, 22.3886146 ], [ 73.1308466, 22.3893642 ] ] ] } },
{ "type": "Feature", "properties": { "element": "way", "id": 647401804, "landuse": "industrial" }, "geometry": { "type": "Polygon", "coordinates": [ [ [ 73.1356872, 22.3918086 ], [ 73.1364234, 22.3919146 ], [ 73.1368526, 22.3897801 ], [ 73.1361903, 22.3896877 ], [ 73.1356872, 22.3918086 ] ] ] } },
{ "type": "Feature", "properties": { "element": "way", "id": 647401805, "landuse": null }, "geometry": { "type": "Polygon", "coordinates": [ [ [ 73.1425939, 22.3907071 ], [ 73.1432295, 22.3906982 ], [ 73.1435968, 22.3901637 ], [ 73.1435471, 22.3899323 ], [ 73.1434978, 22.389703 ], [ 73.1431209, 22.3897975 ], [ 73.1417187, 22.3894756 ], [ 73.1414919, 22.389576 ], [ 73.1414855, 22.3897739 ], [ 73.1417857, 22.3901194 ], [ 73.1425843, 22.3900692 ], [ 73.1425939, 22.3907071 ] ] ] } },
{ "type": "Feature", "properties": { "element": "way", "id": 647401815, "landuse": null }, "geometry": { "type": "Polygon", "coordinates": [ [ [ 73.1435703, 22.3873763 ], [ 73.144026, 22.387272 ], [ 73.1442273, 22.3867606 ], [ 73.1436322, 22.3863045 ], [ 73.14315, 22.3863147 ], [ 73.1429929, 22.3862411 ], [ 73.1425372, 22.3857706 ], [ 73.1423271, 22.3857256 ], [ 73.1420152, 22.3866236 ], [ 73.1420439, 22.3868486 ], [ 73.1426036, 22.3871901 ], [ 73.143192, 22.3873558 ], [ 73.1435703, 22.3873763 ] ] ] } },
{ "type": "Feature", "properties": { "element": "way", "id": 647401818, "landuse": "residential" }, "geometry": { "type": "Polygon", "coordinates": [ [ [ 73.1412242, 22.3894903 ], [ 73.1416883, 22.3893031 ], [ 73.1417627, 22.3888387 ], [ 73.1400477, 22.3886091 ], [ 73.1399236, 22.3893684 ], [ 73.1412242, 22.3894903 ] ] ] } },
{ "type": "Feature", "properties": { "element": "way", "id": 647401823, "landuse": "industrial" }, "geometry": { "type": "Polygon", "coordinates": [ [ [ 73.1401066, 22.3910428 ], [ 73.1418636, 22.3912916 ], [ 73.1420778, 22.3907236 ], [ 73.1414803, 22.3898079 ], [ 73.1408446, 22.389918 ], [ 73.140147, 22.3904375 ], [ 73.1401066, 22.3910428 ] ] ] } },
{ "type": "Feature", "properties": { "element": "way", "id": 647451824, "landuse": "residential" }, "geometry": { "type": "Polygon", "coordinates": [ [ [ 73.1833054, 22.1857695 ], [ 73.1830216, 22.1852225 ], [ 73.182546, 22.1848532 ], [ 73.1824731, 22.1842601 ], [ 73.1830791, 22.1838197 ], [ 73.1838309, 22.183983 ], [ 73.1839958, 22.1843844 ], [ 73.1853536, 22.1837593 ], [ 73.1853728, 22.1850911 ], [ 73.1850007, 22.1852048 ], [ 73.1847437, 22.1856949 ], [ 73.1833054, 22.1857695 ] ] ] } },
{ "type": "Feature", "properties": { "element": "way", "id": 658361182, "landuse": "residential" }, "geometry": { "type": "Polygon", "coordinates": [ [ [ 73.1606385, 22.3149534 ], [ 73.1607378, 22.3142735 ], [ 73.1614834, 22.314085 ], [ 73.1614432, 22.3151991 ], [ 73.1610394, 22.3151063 ], [ 73.1606385, 22.3149534 ] ] ] } },
{ "type": "Feature", "properties": { "element": "way", "id": 658361184, "landuse": null }, "geometry": { "type": "Polygon", "coordinates": [ [ [ 73.1614432, 22.3151991 ], [ 73.1614834, 22.314085 ], [ 73.1607378, 22.3142735 ], [ 73.1607651, 22.3137592 ], [ 73.1608825, 22.3130578 ], [ 73.1609789, 22.3125335 ], [ 73.1611705, 22.3116902 ], [ 73.1612735, 22.3110305 ], [ 73.1626135, 22.3111065 ], [ 73.1625227, 22.312086 ], [ 73.1637691, 22.3121822 ], [ 73.1636854, 22.3132758 ], [ 73.1644019, 22.3132959 ], [ 73.1640684, 22.313986 ], [ 73.163757, 22.314436 ], [ 73.1632868, 22.3147851 ], [ 73.1626335, 22.315129 ], [ 73.1621765, 22.3152301 ], [ 73.1614432, 22.3151991 ] ] ] } },
{ "type": "Feature", "properties": { "element": "way", "id": 661513912, "landuse": "industrial" }, "geometry": { "type": "Polygon", "coordinates": [ [ [ 73.1285025, 22.411413 ], [ 73.130149, 22.4116565 ], [ 73.1320111, 22.4082081 ], [ 73.1331187, 22.4086565 ], [ 73.1352203, 22.4065143 ], [ 73.1359627, 22.4045326 ], [ 73.1354239, 22.4043112 ], [ 73.1331966, 22.4059607 ], [ 73.1319751, 22.4071232 ], [ 73.1291671, 22.4100679 ], [ 73.1285025, 22.411413 ] ] ] } },
{ "type": "Feature", "properties": { "element": "way", "id": 661513913, "landuse": "industrial" }, "geometry": { "type": "Polygon", "coordinates": [ [ [ 73.1315381, 22.4066416 ], [ 73.1335139, 22.4049478 ], [ 73.1359328, 22.4030713 ], [ 73.1360034, 22.4030051 ], [ 73.137244, 22.4018424 ], [ 73.1378907, 22.4008847 ], [ 73.1403754, 22.3960078 ], [ 73.1388427, 22.3949338 ], [ 73.1367231, 22.3943249 ], [ 73.1363818, 22.3956203 ], [ 73.1373159, 22.3960078 ], [ 73.1369387, 22.3972755 ], [ 73.1354358, 22.3970651 ], [ 73.1353221, 22.3979287 ], [ 73.1338252, 22.3977682 ], [ 73.1328673, 22.3998219 ], [ 73.1327655, 22.4009013 ], [ 73.1316818, 22.4009567 ], [ 73.131107, 22.4039348 ], [ 73.1319811, 22.404123 ], [ 73.1317895, 22.405457 ], [ 73.1309094, 22.4052301 ], [ 73.131095, 22.4064589 ], [ 73.1315381, 22.4066416 ] ] ] } },
{ "type": "Feature", "properties": { "element": "way", "id": 661513914, "landuse": "industrial" }, "geometry": { "type": "Polygon", "coordinates": [ [ [ 73.1407945, 22.3952162 ], [ 73.1369866, 22.3939429 ], [ 73.1348251, 22.3936219 ], [ 73.1349149, 22.3931845 ], [ 73.136765, 22.3931956 ], [ 73.1370943, 22.3923431 ], [ 73.1390642, 22.392714 ], [ 73.1395073, 22.3921881 ], [ 73.1400821, 22.3922822 ], [ 73.140591, 22.3914573 ], [ 73.1413214, 22.3929465 ], [ 73.141986, 22.3934004 ], [ 73.1410939, 22.3951497 ], [ 73.1407945, 22.3952162 ] ] ] } },
{ "type": "Feature", "properties": { "element": "way", "id": 661513916, "landuse": "industrial" }, "geometry": { "type": "Polygon", "coordinates": [ [ [ 73.1517155, 22.3849192 ], [ 73.1531286, 22.3825552 ], [ 73.1522005, 22.3820902 ], [ 73.1499373, 22.3843767 ], [ 73.1517155, 22.3849192 ] ] ] } },
{ "type": "Feature", "properties": { "element": "way", "id": 661930359, "landuse": "industrial" }, "geometry": { "type": "Polygon", "coordinates": [ [ [ 73.1110606, 22.3982182 ], [ 73.1119108, 22.3983372 ], [ 73.1120262, 22.3981091 ], [ 73.1129059, 22.3981636 ], [ 73.1130373, 22.3978388 ], [ 73.1126323, 22.3971295 ], [ 73.1121576, 22.3971047 ], [ 73.1117043, 22.3971245 ], [ 73.1110887, 22.3970886 ], [ 73.1110606, 22.3982182 ] ] ] } },
{ "type": "Feature", "properties": { "element": "way", "id": 661930360, "landuse": "industrial" }, "geometry": { "type": "Polygon", "coordinates": [ [ [ 73.109293, 22.3979851 ], [ 73.1092393, 22.3971245 ], [ 73.1110887, 22.3970886 ], [ 73.1110606, 22.3982182 ], [ 73.1101406, 22.3981983 ], [ 73.1101379, 22.398119 ], [ 73.109293, 22.3979851 ] ] ] } },
{ "type": "Feature", "properties": { "element": "way", "id": 678445356, "landuse": "industrial" }, "geometry": { "type": "Polygon", "coordinates": [ [ [ 73.0867898, 22.4142738 ], [ 73.0876637, 22.4182319 ], [ 73.092624, 22.4190426 ], [ 73.0945333, 22.417987 ], [ 73.0967082, 22.4160552 ], [ 73.0972886, 22.4154847 ], [ 73.0986441, 22.4132832 ], [ 73.100261, 22.4060034 ], [ 73.1004787, 22.4058658 ], [ 73.1004631, 22.4051889 ], [ 73.100389, 22.4050984 ], [ 73.1006176, 22.403716 ], [ 73.0994918, 22.4017806 ], [ 73.0982546, 22.4002812 ], [ 73.0965887, 22.3989069 ], [ 73.0960429, 22.3978859 ], [ 73.0947393, 22.3981239 ], [ 73.0947286, 22.3994779 ], [ 73.093325, 22.4013923 ], [ 73.0932319, 22.4029447 ], [ 73.0919015, 22.4033117 ], [ 73.0920195, 22.4037283 ], [ 73.0871939, 22.4055258 ], [ 73.0860604, 22.4062628 ], [ 73.0860597, 22.4068131 ], [ 73.0875295, 22.4083902 ], [ 73.0872023, 22.4086729 ], [ 73.0858961, 22.409878 ], [ 73.0882323, 22.4122584 ], [ 73.0871004, 22.4142024 ], [ 73.0867898, 22.4142738 ] ] ] } },
{ "type": "Feature", "properties": { "element": "way", "id": 678468831, "landuse": "commercial" }, "geometry": { "type": "Polygon", "coordinates": [ [ [ 73.1463246, 22.2949546 ], [ 73.1463263, 22.2948588 ], [ 73.1464361, 22.2948613 ], [ 73.1464281, 22.2949546 ], [ 73.1463246, 22.2949546 ] ] ] } },
{ "type": "Feature", "properties": { "element": "way", "id": 679003949, "landuse": "residential" }, "geometry": { "type": "Polygon", "coordinates": [ [ [ 73.1442919, 22.2919886 ], [ 73.1442289, 22.2913641 ], [ 73.14571, 22.2913057 ], [ 73.1457427, 22.2919033 ], [ 73.1442919, 22.2919886 ] ] ] } },
{ "type": "Feature", "properties": { "element": "way", "id": 679003950, "landuse": "residential" }, "geometry": { "type": "Polygon", "coordinates": [ [ [ 73.1421866, 22.2933411 ], [ 73.1421235, 22.2929025 ], [ 73.1428007, 22.2928722 ], [ 73.1428497, 22.293354 ], [ 73.1421866, 22.2933411 ] ] ] } },
{ "type": "Feature", "properties": { "element": "way", "id": 679004450, "landuse": "residential" }, "geometry": { "type": "Polygon", "coordinates": [ [ [ 73.1464078, 22.2922333 ], [ 73.1468876, 22.2923349 ], [ 73.1470136, 22.2920358 ], [ 73.1466294, 22.2917763 ], [ 73.1463855, 22.2919907 ], [ 73.1464078, 22.2922333 ] ] ] } },
{ "type": "Feature", "properties": { "element": "way", "id": 679005588, "landuse": "commercial" }, "geometry": { "type": "Polygon", "coordinates": [ [ [ 73.1378577, 22.301602 ], [ 73.138061, 22.300673 ], [ 73.1391424, 22.3009325 ], [ 73.1388619, 22.3018014 ], [ 73.1378577, 22.301602 ] ] ] } },
{ "type": "Feature", "properties": { "element": "way", "id": 680923680, "landuse": "industrial" }, "geometry": { "type": "Polygon", "coordinates": [ [ [ 73.1766216, 22.241579 ], [ 73.1766003, 22.2400524 ], [ 73.1765762, 22.2397769 ], [ 73.1782311, 22.2397371 ], [ 73.1801113, 22.239608 ], [ 73.1827721, 22.2394988 ], [ 73.1830445, 22.2424721 ], [ 73.1828259, 22.2424971 ], [ 73.1823474, 22.2439856 ], [ 73.1818216, 22.2439748 ], [ 73.1791702, 22.2432309 ], [ 73.1792011, 22.2430108 ], [ 73.1791601, 22.2415616 ], [ 73.1766216, 22.241579 ] ] ] } },
{ "type": "Feature", "properties": { "element": "way", "id": 680923682, "landuse": "industrial" }, "geometry": { "type": "Polygon", "coordinates": [ [ [ 73.1823078, 22.2368896 ], [ 73.1843305, 22.2370657 ], [ 73.1844968, 22.2356878 ], [ 73.1845504, 22.2351168 ], [ 73.1847221, 22.2351267 ], [ 73.1852907, 22.2351739 ], [ 73.1852451, 22.2345085 ], [ 73.1851834, 22.2344812 ], [ 73.1845584, 22.2344613 ], [ 73.1844136, 22.2344911 ], [ 73.184419, 22.2345631 ], [ 73.1824797, 22.2343993 ], [ 73.1825092, 22.235092 ], [ 73.1824636, 22.2359982 ], [ 73.1823078, 22.2368896 ] ] ] } },
{ "type": "Feature", "properties": { "element": "way", "id": 719056980, "landuse": null }, "geometry": { "type": "Polygon", "coordinates": [ [ [ 73.1884399, 22.3129739 ], [ 73.1884344, 22.3129909 ], [ 73.1884235, 22.3130055 ], [ 73.1884082, 22.3130161 ], [ 73.18839, 22.3130219 ], [ 73.1883709, 22.313022 ], [ 73.1883526, 22.3130167 ], [ 73.1883358, 22.3130051 ], [ 73.1883243, 22.3129888 ], [ 73.1883194, 22.31297 ], [ 73.1883218, 22.3129507 ], [ 73.1883312, 22.3129333 ], [ 73.1883464, 22.3129199 ], [ 73.1883657, 22.3129122 ], [ 73.1883866, 22.312911 ], [ 73.1884051, 22.3129157 ], [ 73.188421, 22.3129256 ], [ 73.1884328, 22.3129395 ], [ 73.1884393, 22.3129562 ], [ 73.1884399, 22.3129739 ] ] ] } },
{ "type": "Feature", "properties": { "element": "way", "id": 719056981, "landuse": "grass" }, "geometry": { "type": "Polygon", "coordinates": [ [ [ 73.1889741, 22.3146689 ], [ 73.1887758, 22.3145929 ], [ 73.1886365, 22.3145582 ], [ 73.1884651, 22.3145317 ], [ 73.1883525, 22.3145483 ], [ 73.1883025, 22.3145615 ], [ 73.1883222, 22.3141451 ], [ 73.1883793, 22.3136081 ], [ 73.1884115, 22.3132595 ], [ 73.1884722, 22.3133272 ], [ 73.1885919, 22.3135999 ], [ 73.1887633, 22.3140807 ], [ 73.1888759, 22.314383 ], [ 73.1889919, 22.3146474 ], [ 73.1889741, 22.3146689 ] ] ] } },
{ "type": "Feature", "properties": { "element": "way", "id": 719056986, "landuse": null }, "geometry": { "type": "Polygon", "coordinates": [ [ [ 73.1883037, 22.3165394 ], [ 73.1882815, 22.3165257 ], [ 73.1882667, 22.3165017 ], [ 73.1882555, 22.3164811 ], [ 73.1882555, 22.3164502 ], [ 73.1882667, 22.3164022 ], [ 73.1883061, 22.3162733 ], [ 73.188326, 22.3162085 ], [ 73.1883742, 22.316085 ], [ 73.1883983, 22.3160627 ], [ 73.1884316, 22.3160542 ], [ 73.1884557, 22.316049 ], [ 73.1884946, 22.316061 ], [ 73.188515, 22.3160679 ], [ 73.1885372, 22.3160936 ], [ 73.1885502, 22.3161279 ], [ 73.1885484, 22.316169 ], [ 73.1884946, 22.3163302 ], [ 73.1884409, 22.3164914 ], [ 73.1884223, 22.3165205 ], [ 73.1883945, 22.3165377 ], [ 73.1883593, 22.3165531 ], [ 73.1883315, 22.3165497 ], [ 73.1883037, 22.3165394 ] ] ] } },
{ "type": "Feature", "properties": { "element": "way", "id": 719056990, "landuse": "grass" }, "geometry": { "type": "Polygon", "coordinates": [ [ [ 73.1885235, 22.3160142 ], [ 73.1885565, 22.315913 ], [ 73.1886284, 22.3159061 ], [ 73.1887138, 22.3158881 ], [ 73.1887842, 22.3158645 ], [ 73.1888397, 22.3158534 ], [ 73.1888831, 22.3158382 ], [ 73.1889101, 22.3158354 ], [ 73.1889311, 22.3158423 ], [ 73.1889266, 22.3158604 ], [ 73.1889116, 22.3158909 ], [ 73.1886434, 22.3163538 ], [ 73.188558, 22.316322 ], [ 73.1885955, 22.3161653 ], [ 73.1886044, 22.3161168 ], [ 73.188582, 22.3160711 ], [ 73.188555, 22.3160406 ], [ 73.1885235, 22.3160142 ] ] ] } },
{ "type": "Feature", "properties": { "element": "way", "id": 719056991, "landuse": "grass" }, "geometry": { "type": "Polygon", "coordinates": [ [ [ 73.1882658, 22.3162138 ], [ 73.1883063, 22.3160766 ], [ 73.1883377, 22.3160447 ], [ 73.1883827, 22.3160087 ], [ 73.1884126, 22.3159976 ], [ 73.1884801, 22.3160004 ], [ 73.188504, 22.3159089 ], [ 73.1884591, 22.3159006 ], [ 73.1884126, 22.3158909 ], [ 73.1883692, 22.3158825 ], [ 73.1883138, 22.3158617 ], [ 73.1882478, 22.3158409 ], [ 73.1881849, 22.3158049 ], [ 73.1881594, 22.3161293 ], [ 73.1881534, 22.3161944 ], [ 73.1882658, 22.3162138 ] ] ] } },
{ "type": "Feature", "properties": { "element": "way", "id": 719056993, "landuse": "grass" }, "geometry": { "type": "Polygon", "coordinates": [ [ [ 73.1885295, 22.3163677 ], [ 73.1886404, 22.3164023 ], [ 73.1884651, 22.3167281 ], [ 73.1882868, 22.3170039 ], [ 73.1881804, 22.3172077 ], [ 73.188119, 22.3173255 ], [ 73.188041, 22.3173824 ], [ 73.188056, 22.3172535 ], [ 73.1880875, 22.3167281 ], [ 73.1881085, 22.3163732 ], [ 73.1881309, 22.3162526 ], [ 73.1882553, 22.316279 ], [ 73.1882074, 22.316437 ], [ 73.1882179, 22.316516 ], [ 73.1882508, 22.3165576 ], [ 73.1883212, 22.3165936 ], [ 73.1883797, 22.3165881 ], [ 73.1884426, 22.3165631 ], [ 73.1884966, 22.316498 ], [ 73.1885115, 22.3164356 ], [ 73.1885295, 22.3163677 ] ] ] } },
{ "type": "Feature", "properties": { "element": "way", "id": 719056995, "landuse": null }, "geometry": { "type": "Polygon", "coordinates": [ [ [ 73.1886447, 22.3132619 ], [ 73.1886161, 22.3132669 ], [ 73.1885874, 22.3132628 ], [ 73.1885618, 22.3132499 ], [ 73.1885436, 22.3132315 ], [ 73.1885325, 22.3132088 ], [ 73.1885296, 22.313184 ], [ 73.1885352, 22.3131597 ], [ 73.1885487, 22.3131381 ], [ 73.1885689, 22.3131216 ], [ 73.1885936, 22.3131116 ], [ 73.1886204, 22.3131093 ], [ 73.1886466, 22.3131149 ], [ 73.1886714, 22.313129 ], [ 73.1886895, 22.3131501 ], [ 73.188699, 22.3131755 ], [ 73.1886986, 22.3132025 ], [ 73.1886885, 22.3132277 ], [ 73.1886698, 22.3132483 ], [ 73.1886447, 22.3132619 ] ] ] } },
{ "type": "Feature", "properties": { "element": "way", "id": 719057006, "landuse": null }, "geometry": { "type": "Polygon", "coordinates": [ [ [ 73.1889523, 22.3109281 ], [ 73.1890034, 22.3109431 ], [ 73.1890642, 22.3107655 ], [ 73.1890131, 22.3107505 ], [ 73.1889523, 22.3109281 ] ] ] } },
{ "type": "Feature", "properties": { "element": "way", "id": 719057016, "landuse": "grass" }, "geometry": { "type": "Polygon", "coordinates": [ [ [ 73.1895005, 22.3112533 ], [ 73.1894676, 22.3111299 ], [ 73.1893856, 22.3108984 ], [ 73.1893425, 22.3108054 ], [ 73.1893425, 22.3105966 ], [ 73.1893671, 22.3104827 ], [ 73.1899067, 22.3106213 ], [ 73.1899949, 22.3106782 ], [ 73.1901837, 22.3108547 ], [ 73.1899067, 22.3110616 ], [ 73.1896851, 22.3112058 ], [ 73.1895005, 22.3112533 ] ] ] } },
{ "type": "Feature", "properties": { "element": "way", "id": 719057023, "landuse": null }, "geometry": { "type": "Polygon", "coordinates": [ [ [ 73.1881033, 22.3090707 ], [ 73.1880559, 22.309067 ], [ 73.1880123, 22.3090494 ], [ 73.1879768, 22.3090192 ], [ 73.1879539, 22.3089799 ], [ 73.1879461, 22.3089358 ], [ 73.1879543, 22.3088918 ], [ 73.1879776, 22.3088527 ], [ 73.1880135, 22.3088228 ], [ 73.1880579, 22.3088054 ], [ 73.1881061, 22.3088024 ], [ 73.1881526, 22.3088141 ], [ 73.1881925, 22.3088393 ], [ 73.188221, 22.3088745 ], [ 73.1882356, 22.3089164 ], [ 73.1882349, 22.3089604 ], [ 73.1882189, 22.3090018 ], [ 73.1881894, 22.3090363 ], [ 73.1881494, 22.3090601 ], [ 73.1881033, 22.3090707 ] ] ] } },
{ "type": "Feature", "properties": { "element": "way", "id": 719461159, "landuse": "grass" }, "geometry": { "type": "Polygon", "coordinates": [ [ [ 73.1911158, 22.2939475 ], [ 73.1911156, 22.2940636 ], [ 73.1910881, 22.2940733 ], [ 73.1910369, 22.2940737 ], [ 73.1909934, 22.2940524 ], [ 73.1909485, 22.2940121 ], [ 73.1909319, 22.2939671 ], [ 73.1909229, 22.2939232 ], [ 73.1909229, 22.2938747 ], [ 73.1909357, 22.2938261 ], [ 73.1909614, 22.2937811 ], [ 73.1910177, 22.2937467 ], [ 73.1910625, 22.2937467 ], [ 73.1911035, 22.293755 ], [ 73.191116, 22.2937727 ], [ 73.1911149, 22.2938573 ], [ 73.1910892, 22.2938578 ], [ 73.1910751, 22.2938659 ], [ 73.1910657, 22.2938741 ], [ 73.1910584, 22.2938838 ], [ 73.1910543, 22.2939018 ], [ 73.1910581, 22.2939196 ], [ 73.191066, 22.2939314 ], [ 73.191078, 22.2939415 ], [ 73.1910932, 22.2939472 ], [ 73.1911158, 22.2939475 ] ] ] } },
{ "type": "Feature", "properties": { "element": "way", "id": 719461162, "landuse": null }, "geometry": { "type": "Polygon", "coordinates": [ [ [ 73.1909007, 22.2936296 ], [ 73.1910857, 22.2936285 ], [ 73.1910835, 22.2933192 ], [ 73.1908986, 22.2933203 ], [ 73.1909007, 22.2936296 ] ] ] } },
{ "type": "Feature", "properties": { "element": "way", "id": 719461163, "landuse": null }, "geometry": { "type": "Polygon", "coordinates": [ [ [ 73.1909237, 22.2941723 ], [ 73.1911086, 22.2941723 ], [ 73.1911087, 22.29448 ], [ 73.1909237, 22.29448 ], [ 73.1909237, 22.2941723 ] ] ] } },
{ "type": "Feature", "properties": { "element": "way", "id": 719461164, "landuse": "grass" }, "geometry": { "type": "Polygon", "coordinates": [ [ [ 73.1916, 22.2945831 ], [ 73.1916979, 22.2945804 ], [ 73.191697, 22.2946156 ], [ 73.1916802, 22.2946451 ], [ 73.191651, 22.2946778 ], [ 73.1916156, 22.2947089 ], [ 73.1915634, 22.2947196 ], [ 73.1915201, 22.2947196 ], [ 73.1914732, 22.2946999 ], [ 73.1914458, 22.2946582 ], [ 73.1914281, 22.2946172 ], [ 73.1914263, 22.2945804 ], [ 73.1914643, 22.2945847 ], [ 73.1916, 22.2945831 ] ] ] } },
{ "type": "Feature", "properties": { "element": "way", "id": 719461176, "landuse": null }, "geometry": { "type": "Polygon", "coordinates": [ [ [ 73.1819249, 22.2947906 ], [ 73.1820762, 22.2948627 ], [ 73.1824017, 22.2947566 ], [ 73.1825529, 22.2947185 ], [ 73.1827271, 22.2947863 ], [ 73.1829518, 22.2948287 ], [ 73.1831122, 22.294816 ], [ 73.1831993, 22.2950408 ], [ 73.1832085, 22.2952147 ], [ 73.1832635, 22.2954014 ], [ 73.1832727, 22.295571 ], [ 73.1830847, 22.2958722 ], [ 73.1829014, 22.2960588 ], [ 73.1827455, 22.2961522 ], [ 73.1824108, 22.2963261 ], [ 73.1823558, 22.2963727 ], [ 73.1823971, 22.2964236 ], [ 73.1826767, 22.2964067 ], [ 73.1828326, 22.296377 ], [ 73.1831443, 22.2960928 ], [ 73.1834377, 22.2957534 ], [ 73.1834973, 22.2954353 ], [ 73.1833919, 22.2949814 ], [ 73.1832773, 22.2947524 ], [ 73.1830985, 22.2946336 ], [ 73.1828234, 22.2945573 ], [ 73.1826309, 22.2945445 ], [ 73.1823329, 22.2946039 ], [ 73.1821403, 22.2946888 ], [ 73.1819249, 22.2947906 ] ] ] } },
{ "type": "Feature", "properties": { "element": "way", "id": 719461180, "landuse": null }, "geometry": { "type": "Polygon", "coordinates": [ [ [ 73.1924839, 22.293848 ], [ 73.1925385, 22.2938472 ], [ 73.1925365, 22.2937268 ], [ 73.1924818, 22.2937276 ], [ 73.1924839, 22.293848 ] ] ] } },
{ "type": "Feature", "properties": { "element": "way", "id": 719461181, "landuse": null }, "geometry": { "type": "Polygon", "coordinates": [ [ [ 73.1923888, 22.2939116 ], [ 73.1921997, 22.2939139 ], [ 73.1921948, 22.2935709 ], [ 73.1923838, 22.2935685 ], [ 73.1923888, 22.2939116 ] ] ] } },
{ "type": "Feature", "properties": { "element": "way", "id": 719461187, "landuse": "grass" }, "geometry": { "type": "Polygon", "coordinates": [ [ [ 73.1925775, 22.2932786 ], [ 73.1925729, 22.2931888 ], [ 73.1918348, 22.2932079 ], [ 73.1918349, 22.2933393 ], [ 73.1919139, 22.2933383 ], [ 73.1919148, 22.2934003 ], [ 73.1920393, 22.2933987 ], [ 73.1920377, 22.2932854 ], [ 73.1925775, 22.2932786 ] ] ] } },
{ "type": "Feature", "properties": { "element": "way", "id": 719461188, "landuse": "grass" }, "geometry": { "type": "Polygon", "coordinates": [ [ [ 73.1926509, 22.2932777 ], [ 73.1926531, 22.2931531 ], [ 73.1926785, 22.2931517 ], [ 73.1928374, 22.293228 ], [ 73.1929467, 22.2933056 ], [ 73.1929932, 22.2933721 ], [ 73.1929947, 22.2934332 ], [ 73.1929767, 22.2934955 ], [ 73.1929303, 22.2935732 ], [ 73.1928508, 22.2936993 ], [ 73.192755, 22.2938588 ], [ 73.1927235, 22.2939031 ], [ 73.1926905, 22.2939101 ], [ 73.1926591, 22.2939073 ], [ 73.1926291, 22.2938907 ], [ 73.1926216, 22.2938699 ], [ 73.1926141, 22.2935302 ], [ 73.1926125, 22.2934381 ], [ 73.1926532, 22.2934376 ], [ 73.1926509, 22.2932777 ] ] ] } },
{ "type": "Feature", "properties": { "element": "way", "id": 730443598, "landuse": null }, "geometry": { "type": "Polygon", "coordinates": [ [ [ 73.1886172, 22.3128677 ], [ 73.1889217, 22.312647 ], [ 73.1890739, 22.3127269 ], [ 73.1889327, 22.312994 ], [ 73.1888934, 22.3130782 ], [ 73.1888526, 22.3132582 ], [ 73.1888432, 22.3133308 ], [ 73.1885592, 22.3133294 ], [ 73.1884525, 22.3131668 ], [ 73.1884383, 22.3130811 ], [ 73.1884995, 22.3130172 ], [ 73.1885137, 22.312933 ], [ 73.1886172, 22.3128677 ] ] ] } },
{ "type": "Feature", "properties": { "element": "way", "id": 730443606, "landuse": null }, "geometry": { "type": "Polygon", "coordinates": [ [ [ 73.1892701, 22.3095561 ], [ 73.1892585, 22.3096421 ], [ 73.1889467, 22.3098677 ], [ 73.1888837, 22.3097986 ], [ 73.1888621, 22.3097434 ], [ 73.1888621, 22.3096682 ], [ 73.1889351, 22.309573 ], [ 73.189023, 22.3095024 ], [ 73.1891673, 22.3095024 ], [ 73.1892701, 22.3095561 ] ] ] } },
{ "type": "Feature", "properties": { "element": "way", "id": 730443608, "landuse": "grass" }, "geometry": { "type": "Polygon", "coordinates": [ [ [ 73.1895699, 22.3114761 ], [ 73.1898687, 22.3114782 ], [ 73.1899512, 22.3114534 ], [ 73.1900025, 22.3115277 ], [ 73.1900872, 22.311573 ], [ 73.1901853, 22.3115607 ], [ 73.190328, 22.3116617 ], [ 73.1900004, 22.3118758 ], [ 73.1897274, 22.3120492 ], [ 73.189503, 22.3121774 ], [ 73.1893916, 22.3122413 ], [ 73.1892868, 22.3123156 ], [ 73.1892199, 22.3123403 ], [ 73.1894116, 22.3117731 ], [ 73.1894897, 22.31154 ], [ 73.1895699, 22.3114761 ] ] ] } },
{ "type": "Feature", "properties": { "element": "way", "id": 751823797, "landuse": null }, "geometry": { "type": "Polygon", "coordinates": [ [ [ 73.196212, 22.2845079 ], [ 73.1962493, 22.2845684 ], [ 73.1963567, 22.2846937 ], [ 73.1965295, 22.2847456 ], [ 73.196693, 22.2847456 ], [ 73.1969311, 22.2846548 ], [ 73.1972253, 22.2843956 ], [ 73.1973935, 22.2840715 ], [ 73.1974915, 22.2837344 ], [ 73.1974822, 22.2832807 ], [ 73.1974121, 22.2831942 ], [ 73.1971366, 22.2831424 ], [ 73.1968658, 22.2831251 ], [ 73.1967163, 22.2831856 ], [ 73.1966182, 22.2834233 ], [ 73.1966182, 22.2835486 ], [ 73.1964314, 22.2836696 ], [ 73.1963754, 22.2837301 ], [ 73.1964314, 22.2838338 ], [ 73.1964408, 22.2839159 ], [ 73.1963941, 22.2839332 ], [ 73.1964314, 22.2840326 ], [ 73.1964735, 22.2841492 ], [ 73.1964081, 22.2842486 ], [ 73.1963427, 22.2842486 ], [ 73.1963147, 22.2843264 ], [ 73.1963194, 22.2844172 ], [ 73.196324, 22.2844517 ], [ 73.196212, 22.2845079 ] ] ] } },
{ "type": "Feature", "properties": { "element": "way", "id": 751823801, "landuse": "residential" }, "geometry": { "type": "Polygon", "coordinates": [ [ [ 73.1991415, 22.2638399 ], [ 73.1991369, 22.2637408 ], [ 73.1992039, 22.2637408 ], [ 73.199217, 22.2637493 ], [ 73.1992201, 22.263765 ], [ 73.1992208, 22.2638392 ], [ 73.1991415, 22.2638399 ] ] ] } },
{ "type": "Feature", "properties": { "element": "way", "id": 752890900, "landuse": null }, "geometry": { "type": "Polygon", "coordinates": [ [ [ 73.1965282, 22.2586719 ], [ 73.1970945, 22.2586096 ], [ 73.1970733, 22.2584066 ], [ 73.1964751, 22.2584328 ], [ 73.1965282, 22.2586719 ] ] ] } },
{ "type": "Feature", "properties": { "element": "way", "id": 757099863, "landuse": "residential" }, "geometry": { "type": "Polygon", "coordinates": [ [ [ 73.1925878, 22.3535641 ], [ 73.1915876, 22.3536653 ], [ 73.191524, 22.3531662 ], [ 73.1914374, 22.3527873 ], [ 73.192402, 22.3525872 ], [ 73.1925293, 22.352606 ], [ 73.192514, 22.3528791 ], [ 73.1925878, 22.3535641 ] ] ] } },
{ "type": "Feature", "properties": { "element": "way", "id": 757102561, "landuse": "grass" }, "geometry": { "type": "Polygon", "coordinates": [ [ [ 73.1896354, 22.3660356 ], [ 73.1896371, 22.366013 ], [ 73.1900189, 22.3658923 ], [ 73.1903664, 22.365764 ], [ 73.1906797, 22.3656373 ], [ 73.1910044, 22.3654804 ], [ 73.1915705, 22.3651575 ], [ 73.1915852, 22.365174 ], [ 73.1908526, 22.3660296 ], [ 73.1904986, 22.3660718 ], [ 73.1904627, 22.3661654 ], [ 73.1904251, 22.3662212 ], [ 73.1901461, 22.3665894 ], [ 73.1901135, 22.3665833 ], [ 73.1901005, 22.3664853 ], [ 73.190076, 22.3663978 ], [ 73.1900548, 22.3663464 ], [ 73.1900091, 22.366277 ], [ 73.1899569, 22.3662107 ], [ 73.1899112, 22.3661624 ], [ 73.1898533, 22.3661224 ], [ 73.1897904, 22.3660869 ], [ 73.1897203, 22.3660567 ], [ 73.1896354, 22.3660356 ] ] ] } },
{ "type": "Feature", "properties": { "element": "way", "id": 767988941, "landuse": "residential" }, "geometry": { "type": "Polygon", "coordinates": [ [ [ 73.1766858, 22.3340695 ], [ 73.176683, 22.3340192 ], [ 73.1765992, 22.3340238 ], [ 73.1765985, 22.3340119 ], [ 73.1765849, 22.3340112 ], [ 73.1765834, 22.3339649 ], [ 73.1765978, 22.3339609 ], [ 73.1765971, 22.3339371 ], [ 73.1765834, 22.3339364 ], [ 73.1765813, 22.3338728 ], [ 73.1765992, 22.3338722 ], [ 73.1765942, 22.333857 ], [ 73.1766013, 22.3338497 ], [ 73.1766515, 22.3338497 ], [ 73.1766586, 22.3338265 ], [ 73.1767417, 22.3338272 ], [ 73.1767574, 22.3340642 ], [ 73.1766858, 22.3340695 ] ] ] } },
{ "type": "Feature", "properties": { "element": "way", "id": 769451686, "landuse": null }, "geometry": { "type": "Polygon", "coordinates": [ [ [ 73.2546487, 22.322776 ], [ 73.2550602, 22.3230153 ], [ 73.255106, 22.3230504 ], [ 73.2551374, 22.3230972 ], [ 73.255151, 22.3231509 ], [ 73.2551454, 22.3232057 ], [ 73.2551211, 22.323256 ], [ 73.2550844, 22.3232938 ], [ 73.2550373, 22.32332 ], [ 73.2549839, 22.3233321 ], [ 73.254929, 22.3233291 ], [ 73.2548776, 22.3233112 ], [ 73.254832, 22.3232781 ], [ 73.2547998, 22.3232334 ], [ 73.2547486, 22.3231474 ], [ 73.2546042, 22.3228302 ], [ 73.2545958, 22.3228058 ], [ 73.2545995, 22.3227884 ], [ 73.2546118, 22.3227762 ], [ 73.2546287, 22.3227727 ], [ 73.2546487, 22.322776 ] ] ] } },
{ "type": "Feature", "properties": { "element": "way", "id": 839616082, "landuse": null }, "geometry": { "type": "Polygon", "coordinates": [ [ [ 73.1561158, 22.2999933 ], [ 73.1570045, 22.2999958 ], [ 73.1570045, 22.3006055 ], [ 73.1564166, 22.300598 ], [ 73.1564084, 22.301271 ], [ 73.1560939, 22.3012684 ], [ 73.1561158, 22.2999933 ] ] ] } },
{ "type": "Feature", "properties": { "element": "way", "id": 842245855, "landuse": null }, "geometry": { "type": "Polygon", "coordinates": [ [ [ 73.1137472, 22.3506357 ], [ 73.1137472, 22.3504416 ], [ 73.1139284, 22.3504469 ], [ 73.1139025, 22.350641 ], [ 73.1137472, 22.3506357 ] ] ] } },
{ "type": "Feature", "properties": { "element": "way", "id": 842245856, "landuse": null }, "geometry": { "type": "Polygon", "coordinates": [ [ [ 73.1142273, 22.3503272 ], [ 73.114236, 22.3499896 ], [ 73.1147304, 22.3499018 ], [ 73.1147649, 22.3503645 ], [ 73.1142273, 22.3503272 ] ] ] } },
{ "type": "Feature", "properties": { "element": "way", "id": 856494126, "landuse": null }, "geometry": { "type": "Polygon", "coordinates": [ [ [ 73.1187291, 22.3224282 ], [ 73.1184349, 22.3222813 ], [ 73.1184116, 22.3218752 ], [ 73.1184303, 22.3216333 ], [ 73.118491, 22.3214216 ], [ 73.1185237, 22.321305 ], [ 73.1187758, 22.3212272 ], [ 73.1189113, 22.3212142 ], [ 73.119056, 22.3212315 ], [ 73.1191214, 22.3212877 ], [ 73.1191588, 22.3214389 ], [ 73.1191634, 22.3216419 ], [ 73.1190841, 22.3218277 ], [ 73.1189486, 22.3219227 ], [ 73.1188506, 22.3222943 ], [ 73.1187291, 22.3224282 ] ] ] } },
{ "type": "Feature", "properties": { "element": "way", "id": 857200418, "landuse": "residential" }, "geometry": { "type": "Polygon", "coordinates": [ [ [ 73.2045464, 22.2810666 ], [ 73.2048227, 22.2815655 ], [ 73.2041092, 22.2816697 ], [ 73.2041066, 22.2819725 ], [ 73.205225, 22.2819228 ], [ 73.2051794, 22.2817466 ], [ 73.2056327, 22.2816176 ], [ 73.2050346, 22.280935 ], [ 73.2045464, 22.2810666 ] ] ] } },
{ "type": "Feature", "properties": { "element": "way", "id": 891411134, "landuse": "residential" }, "geometry": { "type": "Polygon", "coordinates": [ [ [ 73.1560929, 22.3232259 ], [ 73.156327, 22.3224744 ], [ 73.156837, 22.3225269 ], [ 73.1566215, 22.3233502 ], [ 73.1560929, 22.3232259 ] ] ] } },
{ "type": "Feature", "properties": { "element": "way", "id": 893008508, "landuse": "retail" }, "geometry": { "type": "Polygon", "coordinates": [ [ [ 73.171689, 22.2955167 ], [ 73.1735905, 22.2950529 ], [ 73.1732144, 22.2940265 ], [ 73.1713994, 22.2942802 ], [ 73.171689, 22.2955167 ] ] ] } },
{ "type": "Feature", "properties": { "element": "way", "id": 925538068, "landuse": "industrial" }, "geometry": { "type": "Polygon", "coordinates": [ [ [ 73.2213074, 22.4294509 ], [ 73.2214308, 22.4286972 ], [ 73.2209319, 22.4287171 ], [ 73.2209319, 22.4281171 ], [ 73.2209319, 22.4279782 ], [ 73.2209909, 22.4279882 ], [ 73.2211143, 22.4272741 ], [ 73.221817, 22.4274477 ], [ 73.2219404, 22.4271154 ], [ 73.222053, 22.4266344 ], [ 73.2221925, 22.4266394 ], [ 73.2222515, 22.4262229 ], [ 73.2118124, 22.4176043 ], [ 73.2116997, 22.4189879 ], [ 73.2092965, 22.4188491 ], [ 73.2091677, 22.4208128 ], [ 73.2089049, 22.4220426 ], [ 73.212381, 22.42236 ], [ 73.2123917, 22.422474 ], [ 73.2137006, 22.4224939 ], [ 73.2137757, 22.4235501 ], [ 73.2144302, 22.423555 ], [ 73.21439, 22.4252708 ], [ 73.2142317, 22.4253848 ], [ 73.2142773, 22.4259551 ], [ 73.2153422, 22.4259948 ], [ 73.2164097, 22.4260815 ], [ 73.2170668, 22.4261832 ], [ 73.2171124, 22.4260791 ], [ 73.2177132, 22.4261882 ], [ 73.2183234, 22.426327 ], [ 73.2183114, 22.4264138 ], [ 73.2187647, 22.4264844 ], [ 73.2187687, 22.4266282 ], [ 73.2193722, 22.4267014 ], [ 73.2193655, 22.4274824 ], [ 73.2192635, 22.4281121 ], [ 73.2194352, 22.4282063 ], [ 73.2200468, 22.4283005 ], [ 73.2199126, 22.4289873 ], [ 73.2199609, 22.4290195 ], [ 73.2199797, 22.4292501 ], [ 73.2208782, 22.429322 ], [ 73.2208836, 22.4294187 ], [ 73.2213074, 22.4294509 ] ] ] } },
{ "type": "Feature", "properties": { "element": "way", "id": 930108462, "landuse": null }, "geometry": { "type": "Polygon", "coordinates": [ [ [ 73.1696051, 22.4223129 ], [ 73.1695408, 22.4221567 ], [ 73.1695408, 22.4219409 ], [ 73.1694871, 22.4217327 ], [ 73.1694522, 22.4214451 ], [ 73.1694576, 22.42115 ], [ 73.1695461, 22.4210533 ], [ 73.1696776, 22.4209219 ], [ 73.1698868, 22.420788 ], [ 73.1700531, 22.4207582 ], [ 73.1702757, 22.4208004 ], [ 73.1704393, 22.4209417 ], [ 73.170568, 22.4210409 ], [ 73.1706324, 22.4210583 ], [ 73.1707048, 22.4210632 ], [ 73.1707853, 22.4210855 ], [ 73.1708524, 22.4211748 ], [ 73.1708899, 22.4213533 ], [ 73.1708926, 22.4216707 ], [ 73.1709328, 22.4217922 ], [ 73.1709972, 22.4219013 ], [ 73.1710803, 22.4219608 ], [ 73.1711528, 22.4220178 ], [ 73.1711876, 22.422112 ], [ 73.1711769, 22.4222633 ], [ 73.1710857, 22.4223972 ], [ 73.1709516, 22.4224815 ], [ 73.1707853, 22.4225459 ], [ 73.1703722, 22.4226575 ], [ 73.1698975, 22.4228261 ], [ 73.1698117, 22.4228658 ], [ 73.1697661, 22.4228682 ], [ 73.1697097, 22.4228645 ], [ 73.1696735, 22.4228484 ], [ 73.1696507, 22.4227976 ], [ 73.1696534, 22.42266 ], [ 73.1696293, 22.4224158 ], [ 73.1696051, 22.4223129 ] ] ] } },
{ "type": "Feature", "properties": { "element": "way", "id": 944620962, "landuse": null }, "geometry": { "type": "Polygon", "coordinates": [ [ [ 73.2615995, 22.2537015 ], [ 73.2615459, 22.2538107 ], [ 73.2614976, 22.2538455 ], [ 73.2614413, 22.2538554 ], [ 73.261326, 22.2538628 ], [ 73.261039, 22.2538157 ], [ 73.2608244, 22.2538678 ], [ 73.2608002, 22.2538206 ], [ 73.2608405, 22.2536196 ], [ 73.2609344, 22.2534905 ], [ 73.2611516, 22.2534706 ], [ 73.2613152, 22.2534234 ], [ 73.2614922, 22.2534359 ], [ 73.26157, 22.2535128 ], [ 73.2615888, 22.25356 ], [ 73.2615995, 22.2537015 ] ] ] } },
{ "type": "Feature", "properties": { "element": "way", "id": 944620963, "landuse": null }, "geometry": { "type": "Polygon", "coordinates": [ [ [ 73.2576835, 22.2597485 ], [ 73.2579571, 22.2597436 ], [ 73.2585955, 22.2595897 ], [ 73.2586867, 22.2595251 ], [ 73.25881, 22.2590088 ], [ 73.2587349, 22.258701 ], [ 73.258751, 22.2585024 ], [ 73.2585901, 22.2582244 ], [ 73.2582843, 22.2581102 ], [ 73.2579356, 22.2581251 ], [ 73.2575065, 22.2579762 ], [ 73.2572919, 22.2580506 ], [ 73.2572544, 22.2581549 ], [ 73.2573992, 22.2586613 ], [ 73.2573616, 22.2588698 ], [ 73.2573831, 22.2590833 ], [ 73.2575923, 22.2596691 ], [ 73.2576835, 22.2597485 ] ] ] } },
{ "type": "Feature", "properties": { "element": "way", "id": 944620964, "landuse": "residential" }, "geometry": { "type": "Polygon", "coordinates": [ [ [ 73.2580912, 22.2547689 ], [ 73.2580617, 22.2549427 ], [ 73.2581019, 22.255109 ], [ 73.2582682, 22.2551909 ], [ 73.2582682, 22.2554044 ], [ 73.2586223, 22.2554292 ], [ 73.258625, 22.2555534 ], [ 73.2587939, 22.2561243 ], [ 73.2584533, 22.2562261 ], [ 73.2584291, 22.2563516 ], [ 73.2583728, 22.2566431 ], [ 73.258456, 22.2568715 ], [ 73.2585928, 22.2570751 ], [ 73.258912, 22.2571619 ], [ 73.2595235, 22.2573034 ], [ 73.2594967, 22.2575715 ], [ 73.2597783, 22.2576708 ], [ 73.2598105, 22.2581028 ], [ 73.2613152, 22.2583833 ], [ 73.2614386, 22.2580258 ], [ 73.262026, 22.2581102 ], [ 73.2622567, 22.2571818 ], [ 73.261739, 22.25709 ], [ 73.2619294, 22.2560399 ], [ 73.2615808, 22.2560101 ], [ 73.2616022, 22.255881 ], [ 73.2605347, 22.2557172 ], [ 73.2606447, 22.2550494 ], [ 73.260009, 22.2549079 ], [ 73.2601914, 22.2540341 ], [ 73.2596093, 22.2539597 ], [ 73.2593787, 22.2535203 ], [ 73.259207, 22.2539472 ], [ 73.2589656, 22.2542551 ], [ 73.2583567, 22.2539199 ], [ 73.2578713, 22.254543 ], [ 73.2578042, 22.2546473 ], [ 73.2580912, 22.2547689 ] ] ] } },
{ "type": "Feature", "properties": { "element": "way", "id": 944622038, "landuse": "residential" }, "geometry": { "type": "Polygon", "coordinates": [ [ [ 73.1888869, 22.2368929 ], [ 73.1887789, 22.2360669 ], [ 73.1893048, 22.236008 ], [ 73.1892599, 22.235664 ], [ 73.1902518, 22.2355529 ], [ 73.1904048, 22.2367229 ], [ 73.1888869, 22.2368929 ] ] ] } },
{ "type": "Feature", "properties": { "element": "way", "id": 944622042, "landuse": null }, "geometry": { "type": "Polygon", "coordinates": [ [ [ 73.1894508, 22.2364475 ], [ 73.189909, 22.2363964 ], [ 73.1898826, 22.2361943 ], [ 73.1894245, 22.2362454 ], [ 73.1894508, 22.2364475 ] ] ] } },
{ "type": "Feature", "properties": { "element": "way", "id": 944622133, "landuse": "residential" }, "geometry": { "type": "Polygon", "coordinates": [ [ [ 73.2143176, 22.2457103 ], [ 73.2140359, 22.2468796 ], [ 73.2149345, 22.24718 ], [ 73.2150793, 22.2466537 ], [ 73.2154226, 22.2464253 ], [ 73.2156935, 22.2467729 ], [ 73.2161173, 22.2465196 ], [ 73.215428, 22.2456632 ], [ 73.2143176, 22.2457103 ] ] ] } },
{ "type": "Feature", "properties": { "element": "way", "id": 944622142, "landuse": "residential" }, "geometry": { "type": "Polygon", "coordinates": [ [ [ 73.2120457, 22.246614 ], [ 73.2127109, 22.2457351 ], [ 73.2119894, 22.2455241 ], [ 73.2117185, 22.246326 ], [ 73.2120457, 22.246614 ] ] ] } },
{ "type": "Feature", "properties": { "element": "way", "id": 944622145, "landuse": null }, "geometry": { "type": "Polygon", "coordinates": [ [ [ 73.2120752, 22.2439104 ], [ 73.2123035, 22.2439243 ], [ 73.2123247, 22.2436249 ], [ 73.2120964, 22.2436111 ], [ 73.2120752, 22.2439104 ] ] ] } },
{ "type": "Feature", "properties": { "element": "way", "id": 944622178, "landuse": "residential" }, "geometry": { "type": "Polygon", "coordinates": [ [ [ 73.211174, 22.242972 ], [ 73.2117775, 22.2430688 ], [ 73.2118258, 22.243265 ], [ 73.2121825, 22.2432873 ], [ 73.2124373, 22.2430142 ], [ 73.2127941, 22.2434487 ], [ 73.2134217, 22.2441637 ], [ 73.2134163, 22.2443077 ], [ 73.2126385, 22.244263 ], [ 73.2125527, 22.2455341 ], [ 73.2115281, 22.2453851 ], [ 73.2116407, 22.2442183 ], [ 73.2110506, 22.2438956 ], [ 73.211174, 22.242972 ] ] ] } },
{ "type": "Feature", "properties": { "element": "way", "id": 944622209, "landuse": "residential" }, "geometry": { "type": "Polygon", "coordinates": [ [ [ 73.2096344, 22.2434785 ], [ 73.2101065, 22.2430465 ], [ 73.2097833, 22.2417816 ], [ 73.2091047, 22.2419492 ], [ 73.2096344, 22.2434785 ] ] ] } },
{ "type": "Feature", "properties": { "element": "way", "id": 944622210, "landuse": null }, "geometry": { "type": "Polygon", "coordinates": [ [ [ 73.2015342, 22.2346575 ], [ 73.2015954, 22.2344798 ], [ 73.2013732, 22.2344142 ], [ 73.201312, 22.2345919 ], [ 73.2015342, 22.2346575 ] ] ] } },
{ "type": "Feature", "properties": { "element": "way", "id": 944622248, "landuse": "residential" }, "geometry": { "type": "Polygon", "coordinates": [ [ [ 73.2015476, 22.2351764 ], [ 73.2019821, 22.2340914 ], [ 73.2014671, 22.2338338 ], [ 73.2009655, 22.2350752 ], [ 73.2015476, 22.2351764 ] ] ] } },
{ "type": "Feature", "properties": { "element": "way", "id": 944622249, "landuse": "residential" }, "geometry": { "type": "Polygon", "coordinates": [ [ [ 73.1988895, 22.2367455 ], [ 73.199482, 22.2366863 ], [ 73.1995708, 22.2365816 ], [ 73.1996566, 22.2363259 ], [ 73.1996083, 22.23573 ], [ 73.1988253, 22.2357744 ], [ 73.1988895, 22.2367455 ] ] ] } },
{ "type": "Feature", "properties": { "element": "way", "id": 944632812, "landuse": null }, "geometry": { "type": "Polygon", "coordinates": [ [ [ 73.2597783, 22.2576708 ], [ 73.2598416, 22.257341 ], [ 73.2595235, 22.2573034 ], [ 73.2594967, 22.2575715 ], [ 73.2597783, 22.2576708 ] ] ] } },
{ "type": "Feature", "properties": { "element": "way", "id": 944632813, "landuse": null }, "geometry": { "type": "Polygon", "coordinates": [ [ [ 73.258912, 22.2571619 ], [ 73.2589481, 22.2569582 ], [ 73.258456, 22.2568715 ], [ 73.2585928, 22.2570751 ], [ 73.258912, 22.2571619 ] ] ] } },
{ "type": "Feature", "properties": { "element": "way", "id": 944632814, "landuse": null }, "geometry": { "type": "Polygon", "coordinates": [ [ [ 73.2588378, 22.2564043 ], [ 73.2588847, 22.256144 ], [ 73.2587939, 22.2561243 ], [ 73.2584533, 22.2562261 ], [ 73.2584291, 22.2563516 ], [ 73.2588378, 22.2564043 ] ] ] } },
{ "type": "Feature", "properties": { "element": "way", "id": 944632815, "landuse": null }, "geometry": { "type": "Polygon", "coordinates": [ [ [ 73.2582682, 22.2551909 ], [ 73.2586957, 22.2548826 ], [ 73.2580912, 22.2547689 ], [ 73.2580617, 22.2549427 ], [ 73.2581019, 22.255109 ], [ 73.2582682, 22.2551909 ] ] ] } },
{ "type": "Feature", "properties": { "element": "way", "id": 944632816, "landuse": null }, "geometry": { "type": "Polygon", "coordinates": [ [ [ 73.2590875, 22.2548459 ], [ 73.2591726, 22.2544668 ], [ 73.2594372, 22.2543152 ], [ 73.2592671, 22.2540907 ], [ 73.2590623, 22.2543444 ], [ 73.2587347, 22.2545397 ], [ 73.258741, 22.2547759 ], [ 73.2590875, 22.2548459 ] ] ] } },
{ "type": "Feature", "properties": { "element": "way", "id": 944632817, "landuse": null }, "geometry": { "type": "Polygon", "coordinates": [ [ [ 73.2595286, 22.2543386 ], [ 73.2594152, 22.254187 ], [ 73.259642, 22.2539974 ], [ 73.2598814, 22.254047 ], [ 73.2598688, 22.2541316 ], [ 73.2595286, 22.2543386 ] ] ] } },
{ "type": "Feature", "properties": { "element": "way", "id": 944632818, "landuse": null }, "geometry": { "type": "Polygon", "coordinates": [ [ [ 73.2586749, 22.2547555 ], [ 73.258552, 22.2545776 ], [ 73.2583536, 22.254703 ], [ 73.2586749, 22.2547555 ] ] ] } },
{ "type": "Feature", "properties": { "element": "way", "id": 958731848, "landuse": null }, "geometry": { "type": "Polygon", "coordinates": [ [ [ 73.2159831, 22.3320668 ], [ 73.2159681, 22.3320445 ], [ 73.2159614, 22.332019 ], [ 73.2159638, 22.3319929 ], [ 73.215975, 22.3319688 ], [ 73.2159939, 22.3319492 ], [ 73.2160162, 22.3319369 ], [ 73.2160413, 22.3319312 ], [ 73.2160672, 22.3319324 ], [ 73.2160916, 22.3319405 ], [ 73.2161125, 22.3319548 ], [ 73.2174187, 22.3332033 ], [ 73.2174351, 22.3332411 ], [ 73.2174339, 22.3332811 ], [ 73.2174222, 22.3333254 ], [ 73.2174071, 22.3333588 ], [ 73.217281, 22.3334636 ], [ 73.2172366, 22.3334668 ], [ 73.2172027, 22.3334647 ], [ 73.2171665, 22.3334409 ], [ 73.2159831, 22.3320668 ] ] ] } },
{ "type": "Feature", "properties": { "element": "way", "id": 958731849, "landuse": null }, "geometry": { "type": "Polygon", "coordinates": [ [ [ 73.2173442, 22.3329535 ], [ 73.217323, 22.332924 ], [ 73.2173142, 22.3328815 ], [ 73.2173248, 22.3328553 ], [ 73.2177725, 22.3324641 ], [ 73.2182764, 22.3327959 ], [ 73.2177658, 22.3332469 ], [ 73.2176522, 22.3332416 ], [ 73.2173442, 22.3329535 ] ] ] } },
{ "type": "Feature", "properties": { "element": "way", "id": 981223411, "landuse": "residential" }, "geometry": { "type": "Polygon", "coordinates": [ [ [ 73.2311994, 22.2374158 ], [ 73.2315749, 22.2377286 ], [ 73.2328235, 22.2376988 ], [ 73.2334055, 22.237854 ], [ 73.2334135, 22.2375238 ], [ 73.2330367, 22.2374766 ], [ 73.2331198, 22.2366126 ], [ 73.2333733, 22.2366722 ], [ 73.2333747, 22.236856 ], [ 73.2334471, 22.2368721 ], [ 73.2334873, 22.2366486 ], [ 73.2337207, 22.2366213 ], [ 73.2340372, 22.2366635 ], [ 73.2340667, 22.2365767 ], [ 73.233836, 22.2365121 ], [ 73.2338038, 22.2361844 ], [ 73.2335705, 22.2359858 ], [ 73.2327658, 22.2360677 ], [ 73.2328382, 22.2357176 ], [ 73.2325754, 22.2357027 ], [ 73.2325566, 22.2355736 ], [ 73.2314086, 22.2355438 ], [ 73.2313898, 22.2356655 ], [ 73.2310733, 22.2356431 ], [ 73.2311887, 22.2364451 ], [ 73.2311377, 22.2373165 ], [ 73.2311994, 22.2374158 ] ] ] } },
{ "type": "Feature", "properties": { "element": "way", "id": 981223412, "landuse": "industrial" }, "geometry": { "type": "Polygon", "coordinates": [ [ [ 73.2290643, 22.2351342 ], [ 73.2299978, 22.2353849 ], [ 73.2303706, 22.2353651 ], [ 73.230333, 22.2349629 ], [ 73.2301238, 22.2349703 ], [ 73.2300943, 22.2341262 ], [ 73.2290402, 22.233935 ], [ 73.2290643, 22.2351342 ] ] ] } },
{ "type": "Feature", "properties": { "element": "way", "id": 981223419, "landuse": "residential" }, "geometry": { "type": "Polygon", "coordinates": [ [ [ 73.2768171, 22.3011624 ], [ 73.278767, 22.3009924 ], [ 73.2787925, 22.3005693 ], [ 73.2783727, 22.3005557 ], [ 73.2783607, 22.2997045 ], [ 73.2781997, 22.2989302 ], [ 73.2761901, 22.2992671 ], [ 73.2762028, 22.3001946 ], [ 73.2766266, 22.3009192 ], [ 73.2768171, 22.3011624 ] ] ] } },
{ "type": "Feature", "properties": { "element": "way", "id": 984765068, "landuse": null }, "geometry": { "type": "Polygon", "coordinates": [ [ [ 73.2679483, 22.2411547 ], [ 73.2676023, 22.2407501 ], [ 73.2673287, 22.2405862 ], [ 73.2668728, 22.2403702 ], [ 73.2665965, 22.2401939 ], [ 73.2664141, 22.2399655 ], [ 73.2664436, 22.2397744 ], [ 73.2666206, 22.239253 ], [ 73.2667467, 22.2390147 ], [ 73.2667199, 22.2388334 ], [ 73.2666716, 22.2386721 ], [ 73.2666635, 22.2385206 ], [ 73.2667091, 22.238327 ], [ 73.2668352, 22.2382078 ], [ 73.2670417, 22.2382301 ], [ 73.2673261, 22.2383568 ], [ 73.2675594, 22.2385008 ], [ 73.2677874, 22.2385901 ], [ 73.268128, 22.2387019 ], [ 73.2685089, 22.2387739 ], [ 73.2688442, 22.2388061 ], [ 73.2690963, 22.2388359 ], [ 73.2694584, 22.2389452 ], [ 73.2696864, 22.2391264 ], [ 73.2697588, 22.2392878 ], [ 73.2697669, 22.2393945 ], [ 73.2696649, 22.2396353 ], [ 73.2696408, 22.2398017 ], [ 73.2696167, 22.2399208 ], [ 73.2695281, 22.2400797 ], [ 73.2693833, 22.2401815 ], [ 73.2690829, 22.2404397 ], [ 73.2688576, 22.240611 ], [ 73.2685143, 22.2408593 ], [ 73.2682729, 22.2410629 ], [ 73.2681736, 22.2411522 ], [ 73.268069, 22.2412565 ], [ 73.2680073, 22.2412615 ], [ 73.2679483, 22.2411547 ] ] ] } },
{ "type": "Feature", "properties": { "element": "way", "id": 991881622, "landuse": null }, "geometry": { "type": "Polygon", "coordinates": [ [ [ 73.1448508, 22.2916387 ], [ 73.1450647, 22.291635 ], [ 73.1450526, 22.2915407 ], [ 73.1448508, 22.291545 ], [ 73.1448508, 22.2916387 ] ] ] } },
{ "type": "Feature", "properties": { "element": "way", "id": 1003091523, "landuse": "industrial" }, "geometry": { "type": "Polygon", "coordinates": [ [ [ 73.1303644, 22.3628956 ], [ 73.1306702, 22.3624044 ], [ 73.1289536, 22.3613676 ], [ 73.1286639, 22.3617694 ], [ 73.1303644, 22.3628956 ] ] ] } },
{ "type": "Feature", "properties": { "element": "way", "id": 1009721566, "landuse": null }, "geometry": { "type": "Polygon", "coordinates": [ [ [ 73.1549227, 22.3211129 ], [ 73.1556228, 22.3212593 ], [ 73.1558937, 22.3200013 ], [ 73.1552282, 22.3198367 ], [ 73.1549227, 22.3211129 ] ] ] } },
{ "type": "Feature", "properties": { "element": "way", "id": 1011173906, "landuse": null }, "geometry": { "type": "Polygon", "coordinates": [ [ [ 73.220503, 22.2958442 ], [ 73.221195, 22.2958144 ], [ 73.2214954, 22.2961371 ], [ 73.2213559, 22.296281 ], [ 73.2212969, 22.2963952 ], [ 73.2213827, 22.2965341 ], [ 73.2212325, 22.2965341 ], [ 73.2209321, 22.2965391 ], [ 73.2207873, 22.296549 ], [ 73.2207927, 22.2966731 ], [ 73.2207875, 22.2967657 ], [ 73.2205309, 22.2967286 ], [ 73.220503, 22.2958442 ] ] ] } },
{ "type": "Feature", "properties": { "element": "way", "id": 1024632484, "landuse": "grass" }, "geometry": { "type": "Polygon", "coordinates": [ [ [ 73.2015504, 22.3627323 ], [ 73.2018786, 22.3627404 ], [ 73.2018672, 22.3631363 ], [ 73.201539, 22.3631283 ], [ 73.2015444, 22.3629403 ], [ 73.2015504, 22.3627323 ] ] ] } },
{ "type": "Feature", "properties": { "element": "way", "id": 1024632487, "landuse": "grass" }, "geometry": { "type": "Polygon", "coordinates": [ [ [ 73.2000434, 22.3623249 ], [ 73.2009025, 22.3625979 ], [ 73.2010943, 22.3626525 ], [ 73.2008904, 22.3630667 ], [ 73.199906, 22.3628807 ], [ 73.2000434, 22.3623249 ] ] ] } },
{ "type": "Feature", "properties": { "element": "way", "id": 1116322830, "landuse": null }, "geometry": { "type": "Polygon", "coordinates": [ [ [ 73.1999038, 22.2814111 ], [ 73.2000679, 22.2814341 ], [ 73.2005429, 22.2814134 ], [ 73.2004956, 22.2809201 ], [ 73.2000009, 22.2809327 ], [ 73.1999286, 22.2810983 ], [ 73.1999038, 22.2814111 ] ] ] } },
{ "type": "Feature", "properties": { "element": "way", "id": 1146985632, "landuse": "commercial" }, "geometry": { "type": "Polygon", "coordinates": [ [ [ 73.2009836, 22.2682464 ], [ 73.2009321, 22.2681556 ], [ 73.2010023, 22.2681122 ], [ 73.201056, 22.2682114 ], [ 73.2009836, 22.2682464 ] ] ] } },
{ "type": "Feature", "properties": { "element": "way", "id": 1154574891, "landuse": null }, "geometry": { "type": "Polygon", "coordinates": [ [ [ 73.2423818, 22.3053842 ], [ 73.2423433, 22.3053522 ], [ 73.2423317, 22.3052987 ], [ 73.2421931, 22.3052774 ], [ 73.2420622, 22.3052311 ], [ 73.2419313, 22.3050957 ], [ 73.2418889, 22.3050066 ], [ 73.2418774, 22.3048784 ], [ 73.2417657, 22.3048463 ], [ 73.2417349, 22.3047252 ], [ 73.2416271, 22.3046005 ], [ 73.2414577, 22.3044794 ], [ 73.2413499, 22.3044367 ], [ 73.2413268, 22.3043369 ], [ 73.2413576, 22.3041303 ], [ 73.2415039, 22.3039949 ], [ 73.2418312, 22.3038988 ], [ 73.2419274, 22.3036708 ], [ 73.2421392, 22.3034143 ], [ 73.242274, 22.3032932 ], [ 73.2424588, 22.3033858 ], [ 73.2424087, 22.3035639 ], [ 73.2424126, 22.3037278 ], [ 73.2425666, 22.3038667 ], [ 73.2427437, 22.3038489 ], [ 73.2430055, 22.3039059 ], [ 73.243175, 22.3038703 ], [ 73.2433136, 22.3039308 ], [ 73.2433482, 22.3040448 ], [ 73.2432943, 22.3041303 ], [ 73.2432096, 22.3041446 ], [ 73.2430479, 22.3041624 ], [ 73.2429632, 22.3042051 ], [ 73.2428361, 22.3043227 ], [ 73.2428785, 22.304426 ], [ 73.2429093, 22.3044865 ], [ 73.2428169, 22.3049069 ], [ 73.2423818, 22.3053842 ] ] ] } },
{ "type": "Feature", "properties": { "element": "way", "id": 1157561055, "landuse": null }, "geometry": { "type": "Polygon", "coordinates": [ [ [ 73.2567775, 22.3081487 ], [ 73.2567775, 22.3088459 ], [ 73.256976, 22.3088857 ], [ 73.256968, 22.3094167 ], [ 73.2568741, 22.3094142 ], [ 73.2569516, 22.3098342 ], [ 73.2565195, 22.3099504 ], [ 73.2564958, 22.3101279 ], [ 73.2565335, 22.3104873 ], [ 73.2561568, 22.3106239 ], [ 73.2558473, 22.3106512 ], [ 73.2557803, 22.3109663 ], [ 73.2558235, 22.3112601 ], [ 73.2561316, 22.3112715 ], [ 73.2561686, 22.3114539 ], [ 73.2559098, 22.3115679 ], [ 73.2558235, 22.3116478 ], [ 73.2571534, 22.3117293 ], [ 73.2572619, 22.3080241 ], [ 73.256893, 22.3080457 ], [ 73.2567775, 22.3081487 ] ] ] } },
{ "type": "Feature", "properties": { "element": "way", "id": 1157562236, "landuse": null }, "geometry": { "type": "Polygon", "coordinates": [ [ [ 73.2548597, 22.307024 ], [ 73.2549601, 22.3069894 ], [ 73.2550558, 22.307011 ], [ 73.2550979, 22.3070629 ], [ 73.2551819, 22.3070046 ], [ 73.2552403, 22.3069549 ], [ 73.2553057, 22.3068404 ], [ 73.2553781, 22.3068361 ], [ 73.2553967, 22.3067928 ], [ 73.2554644, 22.3067475 ], [ 73.2554668, 22.3066956 ], [ 73.2556326, 22.3067259 ], [ 73.2558474, 22.3067151 ], [ 73.2558614, 22.3066697 ], [ 73.2558894, 22.3066848 ], [ 73.2561019, 22.3066503 ], [ 73.2563611, 22.3065682 ], [ 73.2564288, 22.3063673 ], [ 73.2564381, 22.3063327 ], [ 73.2564848, 22.3063284 ], [ 73.2564358, 22.306242 ], [ 73.2562934, 22.3060476 ], [ 73.2561696, 22.3060562 ], [ 73.2561136, 22.3059936 ], [ 73.2561206, 22.3059093 ], [ 73.2561603, 22.305838 ], [ 73.2551305, 22.3059525 ], [ 73.2546916, 22.3059115 ], [ 73.2545375, 22.305892 ], [ 73.2544697, 22.3059201 ], [ 73.2545141, 22.3059892 ], [ 73.2545888, 22.3059547 ], [ 73.2547243, 22.3059763 ], [ 73.254813, 22.3060389 ], [ 73.2547453, 22.3061296 ], [ 73.254813, 22.3067453 ], [ 73.254841, 22.3067842 ], [ 73.2549064, 22.3067842 ], [ 73.2549461, 22.3067928 ], [ 73.2549624, 22.3068533 ], [ 73.2549297, 22.3069052 ], [ 73.2548924, 22.3069009 ], [ 73.254848, 22.3069289 ], [ 73.2548597, 22.307024 ] ] ] } },
{ "type": "Feature", "properties": { "element": "way", "id": 1157562376, "landuse": null }, "geometry": { "type": "Polygon", "coordinates": [ [ [ 73.2562864, 22.307011 ], [ 73.2562934, 22.3068814 ], [ 73.2562303, 22.306903 ], [ 73.256172, 22.3068793 ], [ 73.2561533, 22.306808 ], [ 73.2560856, 22.3067734 ], [ 73.2560529, 22.3067669 ], [ 73.2560062, 22.3067151 ], [ 73.2561229, 22.3067043 ], [ 73.2562654, 22.306646 ], [ 73.2564125, 22.3065898 ], [ 73.2563938, 22.3065315 ], [ 73.2564522, 22.3063586 ], [ 73.2565059, 22.3063414 ], [ 73.2564708, 22.3062571 ], [ 73.2563237, 22.306054 ], [ 73.2563331, 22.3060303 ], [ 73.2563914, 22.3060324 ], [ 73.2563844, 22.3060843 ], [ 73.2564428, 22.3061102 ], [ 73.2565012, 22.3061469 ], [ 73.2565619, 22.3061599 ], [ 73.2565852, 22.3061016 ], [ 73.2566203, 22.3061642 ], [ 73.2566903, 22.3068814 ], [ 73.2566086, 22.3069138 ], [ 73.2565526, 22.3068577 ], [ 73.2565175, 22.3068836 ], [ 73.2564265, 22.3069376 ], [ 73.2564311, 22.3069613 ], [ 73.2564125, 22.3070067 ], [ 73.2563517, 22.307024 ], [ 73.2563167, 22.3070218 ], [ 73.2562864, 22.307011 ] ] ] } },
{ "type": "Feature", "properties": { "element": "way", "id": 1157562931, "landuse": null }, "geometry": { "type": "Polygon", "coordinates": [ [ [ 73.2554926, 22.3078995 ], [ 73.2554182, 22.3079306 ], [ 73.2553227, 22.3079355 ], [ 73.2553103, 22.3079765 ], [ 73.2552926, 22.3079634 ], [ 73.2550325, 22.3079781 ], [ 73.2549935, 22.3079765 ], [ 73.2550112, 22.3079437 ], [ 73.2549794, 22.3076065 ], [ 73.2549688, 22.3075066 ], [ 73.2549599, 22.3074067 ], [ 73.2555563, 22.3073478 ], [ 73.2556306, 22.3073625 ], [ 73.2556589, 22.3075639 ], [ 73.2556501, 22.3077014 ], [ 73.2555917, 22.3078062 ], [ 73.2556713, 22.3078291 ], [ 73.2557385, 22.3077931 ], [ 73.2557828, 22.3078668 ], [ 73.2557668, 22.307965 ], [ 73.2556872, 22.3080485 ], [ 73.2556713, 22.3081877 ], [ 73.2557509, 22.3082335 ], [ 73.2558659, 22.3082744 ], [ 73.255981, 22.3082613 ], [ 73.2560553, 22.3081484 ], [ 73.2560942, 22.3081484 ], [ 73.2562376, 22.3081615 ], [ 73.2563243, 22.3081746 ], [ 73.2564004, 22.3081451 ], [ 73.2565154, 22.3081418 ], [ 73.2566163, 22.3081353 ], [ 73.2566463, 22.3080943 ], [ 73.2566021, 22.3080485 ], [ 73.2563774, 22.3080731 ], [ 73.2561597, 22.3081009 ], [ 73.2561455, 22.3080665 ], [ 73.2561597, 22.308042 ], [ 73.2561208, 22.3079814 ], [ 73.2559951, 22.3079666 ], [ 73.2559385, 22.3079126 ], [ 73.2559332, 22.3078553 ], [ 73.255965, 22.30778 ], [ 73.2560341, 22.307726 ], [ 73.25605, 22.3076883 ], [ 73.2559845, 22.307667 ], [ 73.2559951, 22.3076294 ], [ 73.2559137, 22.3075885 ], [ 73.2559102, 22.3073445 ], [ 73.2559226, 22.3072348 ], [ 73.2557297, 22.3072561 ], [ 73.2549493, 22.3072119 ], [ 73.2549051, 22.3072839 ], [ 73.2548644, 22.307302 ], [ 73.2548714, 22.3074395 ], [ 73.2549387, 22.307464 ], [ 73.2549458, 22.3074968 ], [ 73.2549311, 22.3075491 ], [ 73.2549542, 22.3077131 ], [ 73.2549586, 22.3077951 ], [ 73.2549737, 22.3078607 ], [ 73.2549401, 22.3078804 ], [ 73.2549454, 22.3079868 ], [ 73.2549454, 22.308085 ], [ 73.2549879, 22.3080965 ], [ 73.255225, 22.3080817 ], [ 73.2552444, 22.3080146 ], [ 73.2553719, 22.3079901 ], [ 73.2554303, 22.3080457 ], [ 73.2555046, 22.3080179 ], [ 73.2555524, 22.3079573 ], [ 73.2555311, 22.3078984 ], [ 73.2554926, 22.3078995 ] ] ] } },
{ "type": "Feature", "properties": { "element": "way", "id": 1157563091, "landuse": null }, "geometry": { "type": "Polygon", "coordinates": [ [ [ 73.2547714, 22.3115279 ], [ 73.2548486, 22.3115429 ], [ 73.2548608, 22.3116219 ], [ 73.2549706, 22.311667 ], [ 73.255243, 22.311667 ], [ 73.2556089, 22.3116858 ], [ 73.2556699, 22.3116256 ], [ 73.2556007, 22.3116181 ], [ 73.2554463, 22.3116144 ], [ 73.2553853, 22.3115354 ], [ 73.2553975, 22.3114677 ], [ 73.255369, 22.3113849 ], [ 73.2553406, 22.3111743 ], [ 73.255365, 22.3111104 ], [ 73.255445, 22.3110965 ], [ 73.2554287, 22.3109604 ], [ 73.2552862, 22.3109604 ], [ 73.2551251, 22.3109648 ], [ 73.2551041, 22.3107725 ], [ 73.2550679, 22.3099345 ], [ 73.2549526, 22.3099469 ], [ 73.2549606, 22.3098923 ], [ 73.2548882, 22.3098923 ], [ 73.2548345, 22.3094506 ], [ 73.2547594, 22.3094432 ], [ 73.254738, 22.3093811 ], [ 73.2547648, 22.3093538 ], [ 73.2547675, 22.3092744 ], [ 73.2548104, 22.3092521 ], [ 73.2548158, 22.3091926 ], [ 73.2547809, 22.309205 ], [ 73.2547675, 22.3091851 ], [ 73.2547755, 22.309138 ], [ 73.2547487, 22.3091107 ], [ 73.2546977, 22.3092868 ], [ 73.2547273, 22.3097012 ], [ 73.2547621, 22.3102521 ], [ 73.2548201, 22.3109018 ], [ 73.2548425, 22.3112008 ], [ 73.2548043, 22.3114165 ], [ 73.2547714, 22.3115279 ] ] ] } },
{ "type": "Feature", "properties": { "element": "way", "id": 1157563233, "landuse": null }, "geometry": { "type": "Polygon", "coordinates": [ [ [ 73.2569511, 22.3079601 ], [ 73.2571852, 22.3079174 ], [ 73.2571668, 22.3077606 ], [ 73.2572315, 22.3076751 ], [ 73.2572746, 22.3076665 ], [ 73.2573082, 22.3057668 ], [ 73.2573001, 22.3057179 ], [ 73.2572025, 22.3057743 ], [ 73.2567187, 22.3058007 ], [ 73.256609, 22.3058082 ], [ 73.2566618, 22.3058796 ], [ 73.2567919, 22.3058495 ], [ 73.2567838, 22.3059248 ], [ 73.2566826, 22.305967 ], [ 73.2566815, 22.3059703 ], [ 73.2566822, 22.3059737 ], [ 73.2566843, 22.3059772 ], [ 73.2566875, 22.3059791 ], [ 73.2568529, 22.3059361 ], [ 73.2569871, 22.3059624 ], [ 73.2570358, 22.3061091 ], [ 73.2570237, 22.306252 ], [ 73.2570399, 22.306346 ], [ 73.2569708, 22.3064062 ], [ 73.2569423, 22.3065002 ], [ 73.2569586, 22.306598 ], [ 73.2570887, 22.3066281 ], [ 73.257048, 22.306741 ], [ 73.2569586, 22.3067297 ], [ 73.2569667, 22.3067823 ], [ 73.2569789, 22.3068538 ], [ 73.2568773, 22.3068801 ], [ 73.2568163, 22.3069102 ], [ 73.2567716, 22.3070306 ], [ 73.2568122, 22.3073766 ], [ 73.2568448, 22.3077302 ], [ 73.2568366, 22.3078355 ], [ 73.2569261, 22.3078016 ], [ 73.2569139, 22.3078844 ], [ 73.2569017, 22.3079558 ], [ 73.2569511, 22.3079601 ] ] ] } },
{ "type": "Feature", "properties": { "element": "way", "id": 1157563821, "landuse": null }, "geometry": { "type": "Polygon", "coordinates": [ [ [ 73.257341, 22.3078637 ], [ 73.2574345, 22.3056822 ], [ 73.2575808, 22.3056032 ], [ 73.2577638, 22.3055242 ], [ 73.2579142, 22.3054904 ], [ 73.258211, 22.3054791 ], [ 73.2585809, 22.3054828 ], [ 73.2585199, 22.3055167 ], [ 73.2583248, 22.3055129 ], [ 73.2582272, 22.3055731 ], [ 73.2582191, 22.3057461 ], [ 73.2582557, 22.3058402 ], [ 73.258089, 22.3058251 ], [ 73.2580036, 22.3058665 ], [ 73.2580036, 22.3059455 ], [ 73.2578329, 22.305968 ], [ 73.2577338, 22.3060152 ], [ 73.2576743, 22.3059079 ], [ 73.2576052, 22.3058778 ], [ 73.2576174, 22.3059944 ], [ 73.2575808, 22.3061335 ], [ 73.2575889, 22.3063103 ], [ 73.2578491, 22.3063028 ], [ 73.2579061, 22.3062877 ], [ 73.2578979, 22.3062313 ], [ 73.2578817, 22.3061222 ], [ 73.2578329, 22.3061072 ], [ 73.2577556, 22.3061147 ], [ 73.2577475, 22.3060658 ], [ 73.2578044, 22.3060621 ], [ 73.2578695, 22.3060508 ], [ 73.257967, 22.3060433 ], [ 73.2580443, 22.3060658 ], [ 73.2581297, 22.306111 ], [ 73.2582069, 22.3060884 ], [ 73.2582841, 22.3060508 ], [ 73.2583533, 22.3060583 ], [ 73.2583411, 22.3061899 ], [ 73.2583898, 22.3063931 ], [ 73.2583898, 22.3064871 ], [ 73.2584874, 22.3065172 ], [ 73.2585606, 22.3064984 ], [ 73.2585403, 22.3065774 ], [ 73.2586175, 22.3065661 ], [ 73.2586988, 22.3065698 ], [ 73.2589346, 22.3065623 ], [ 73.258959, 22.3065397 ], [ 73.2589834, 22.306472 ], [ 73.2591013, 22.3064796 ], [ 73.2591826, 22.3064532 ], [ 73.2592111, 22.3064043 ], [ 73.2592883, 22.3064119 ], [ 73.259333, 22.3065059 ], [ 73.259394, 22.3068933 ], [ 73.259394, 22.3070249 ], [ 73.2593981, 22.3071265 ], [ 73.2592802, 22.3071716 ], [ 73.2591094, 22.3071942 ], [ 73.2587761, 22.3072092 ], [ 73.2586582, 22.3072544 ], [ 73.2587273, 22.3073559 ], [ 73.2587883, 22.3074725 ], [ 73.2587801, 22.3075816 ], [ 73.2588452, 22.3076681 ], [ 73.2592802, 22.3076117 ], [ 73.2592558, 22.3076643 ], [ 73.2591867, 22.3077283 ], [ 73.2580931, 22.3077809 ], [ 73.2578451, 22.3077734 ], [ 73.2577678, 22.3078411 ], [ 73.2577434, 22.3078863 ], [ 73.257471, 22.3079051 ], [ 73.2573735, 22.30789 ], [ 73.257341, 22.3078637 ] ] ] } },
{ "type": "Feature", "properties": { "element": "way", "id": 1160170611, "landuse": null }, "geometry": { "type": "Polygon", "coordinates": [ [ [ 73.2585218, 22.3104759 ], [ 73.2583615, 22.3090791 ], [ 73.2595508, 22.3090164 ], [ 73.259483, 22.3092616 ], [ 73.2599082, 22.30933 ], [ 73.2599514, 22.3091533 ], [ 73.2613686, 22.309159 ], [ 73.2616336, 22.3107381 ], [ 73.2585218, 22.3104759 ] ] ] } },
{ "type": "Feature", "properties": { "element": "way", "id": 1160171476, "landuse": null }, "geometry": { "type": "Polygon", "coordinates": [ [ [ 73.2572689, 22.3102416 ], [ 73.2574072, 22.3102341 ], [ 73.2574275, 22.3097 ], [ 73.2574356, 22.3094104 ], [ 73.257582, 22.3093615 ], [ 73.2579682, 22.309369 ], [ 73.2580414, 22.3095458 ], [ 73.2580333, 22.3096436 ], [ 73.2580414, 22.3097339 ], [ 73.2582772, 22.3097113 ], [ 73.2582569, 22.3094104 ], [ 73.2581918, 22.3089327 ], [ 73.2577812, 22.3089816 ], [ 73.2577243, 22.3089365 ], [ 73.2577649, 22.3088011 ], [ 73.2577975, 22.3085942 ], [ 73.2577405, 22.3079774 ], [ 73.2573584, 22.3080075 ], [ 73.2572689, 22.3102416 ] ] ] } },
{ "type": "Feature", "properties": { "element": "way", "id": 1160171915, "landuse": null }, "geometry": { "type": "Polygon", "coordinates": [ [ [ 73.252297, 22.3098112 ], [ 73.25229, 22.3089927 ], [ 73.25401, 22.3090385 ], [ 73.2541091, 22.3100797 ], [ 73.2529412, 22.3100077 ], [ 73.2527784, 22.3098047 ], [ 73.252297, 22.3098112 ] ] ] } },
{ "type": "Feature", "properties": { "element": "way", "id": 1160172129, "landuse": null }, "geometry": { "type": "Polygon", "coordinates": [ [ [ 73.2513415, 22.3088224 ], [ 73.252743, 22.3088486 ], [ 73.2528279, 22.3083051 ], [ 73.2522546, 22.3083247 ], [ 73.2523041, 22.3077877 ], [ 73.2519714, 22.3077681 ], [ 73.2519573, 22.3080038 ], [ 73.2512848, 22.3080038 ], [ 73.2513415, 22.3088224 ] ] ] } },
{ "type": "Feature", "properties": { "element": "way", "id": 1160172348, "landuse": null }, "geometry": { "type": "Polygon", "coordinates": [ [ [ 73.2530884, 22.3076262 ], [ 73.2538364, 22.307645 ], [ 73.2538689, 22.3073291 ], [ 73.2537795, 22.306652 ], [ 73.2529786, 22.3066332 ], [ 73.2529786, 22.3061668 ], [ 73.2536697, 22.3061593 ], [ 73.2536057, 22.3054898 ], [ 73.2531765, 22.3053012 ], [ 73.2528385, 22.3052467 ], [ 73.2523772, 22.3050481 ], [ 73.2519391, 22.3047795 ], [ 73.2518131, 22.3046591 ], [ 73.2515529, 22.30455 ], [ 73.251065, 22.3045839 ], [ 73.2510163, 22.3045538 ], [ 73.2511992, 22.3068933 ], [ 73.2531011, 22.3069444 ], [ 73.2530884, 22.3076262 ] ] ] } },
{ "type": "Feature", "properties": { "element": "way", "id": 1160173074, "landuse": null }, "geometry": { "type": "Polygon", "coordinates": [ [ [ 73.2516365, 22.3110814 ], [ 73.2518457, 22.3110219 ], [ 73.2518135, 22.3105306 ], [ 73.2523446, 22.3105206 ], [ 73.2528864, 22.3105752 ], [ 73.2529025, 22.3101832 ], [ 73.2540344, 22.3101931 ], [ 73.2541042, 22.3107688 ], [ 73.2538788, 22.3107787 ], [ 73.2538788, 22.3109077 ], [ 73.2531225, 22.3111261 ], [ 73.2531386, 22.3113246 ], [ 73.253675, 22.3116521 ], [ 73.2536428, 22.3118606 ], [ 73.2536535, 22.3120789 ], [ 73.2536589, 22.3122278 ], [ 73.2535838, 22.3124115 ], [ 73.2533156, 22.3123966 ], [ 73.2531654, 22.3123469 ], [ 73.2529615, 22.3121484 ], [ 73.2525109, 22.3118258 ], [ 73.2519906, 22.3115082 ], [ 73.2517599, 22.3112899 ], [ 73.2516365, 22.3110814 ] ] ] } },
{ "type": "Feature", "properties": { "element": "way", "id": 1160173203, "landuse": null }, "geometry": { "type": "Polygon", "coordinates": [ [ [ 73.2544139, 22.3057909 ], [ 73.2546727, 22.3057681 ], [ 73.255104, 22.3058479 ], [ 73.2555723, 22.3057567 ], [ 73.2557017, 22.3046108 ], [ 73.2553012, 22.3043372 ], [ 73.254913, 22.3041034 ], [ 73.2544077, 22.3042118 ], [ 73.2542906, 22.3042859 ], [ 73.2544139, 22.3057909 ] ] ] } },
{ "type": "Feature", "properties": { "element": "way", "id": 1160173499, "landuse": null }, "geometry": { "type": "Polygon", "coordinates": [ [ [ 73.2549018, 22.3118738 ], [ 73.2569687, 22.3119 ], [ 73.2569121, 22.3135109 ], [ 73.2552416, 22.3134847 ], [ 73.2554115, 22.3130001 ], [ 73.2549868, 22.3127513 ], [ 73.2549018, 22.3118738 ] ] ] } },
{ "type": "Feature", "properties": { "element": "way", "id": 1160173625, "landuse": null }, "geometry": { "type": "Polygon", "coordinates": [ [ [ 73.2510784, 22.3043676 ], [ 73.2517126, 22.3044128 ], [ 73.2523143, 22.3047438 ], [ 73.2536152, 22.3052553 ], [ 73.2538917, 22.3053757 ], [ 73.2536152, 22.3022462 ], [ 73.2534363, 22.3027277 ], [ 73.2526232, 22.3027578 ], [ 73.2523468, 22.3025171 ], [ 73.251924, 22.3026525 ], [ 73.251306, 22.302818 ], [ 73.2513385, 22.3032693 ], [ 73.2508019, 22.3034499 ], [ 73.2510784, 22.3043676 ] ] ] } },
{ "type": "Feature", "properties": { "element": "way", "id": 1180990753, "landuse": null }, "geometry": { "type": "Polygon", "coordinates": [ [ [ 73.2110319, 22.3358252 ], [ 73.2110036, 22.3343848 ], [ 73.212568, 22.3343259 ], [ 73.2125963, 22.3357532 ], [ 73.2110319, 22.3358252 ] ] ] } },
{ "type": "Feature", "properties": { "element": "way", "id": 1180990754, "landuse": null }, "geometry": { "type": "Polygon", "coordinates": [ [ [ 73.2192065, 22.3399907 ], [ 73.2191533, 22.3399415 ], [ 73.2191031, 22.33967 ], [ 73.2190911, 22.3396049 ], [ 73.2190734, 22.3394161 ], [ 73.2184433, 22.3386855 ], [ 73.2183634, 22.3386445 ], [ 73.2179767, 22.3386696 ], [ 73.2178575, 22.3386773 ], [ 73.2177776, 22.3385706 ], [ 73.2177244, 22.3384229 ], [ 73.2178043, 22.3384393 ], [ 73.2177512, 22.3382122 ], [ 73.2177333, 22.3381355 ], [ 73.217743, 22.3380486 ], [ 73.2177599, 22.3378975 ], [ 73.2185853, 22.3378729 ], [ 73.2189669, 22.3376512 ], [ 73.2191621, 22.3376676 ], [ 73.2197407, 22.3373648 ], [ 73.2198366, 22.3373146 ], [ 73.2207241, 22.3371176 ], [ 73.2209906, 22.3370293 ], [ 73.2213187, 22.3369206 ], [ 73.2214546, 22.336908 ], [ 73.2216417, 22.3368655 ], [ 73.2217036, 22.3368655 ], [ 73.2217902, 22.3368656 ], [ 73.2219222, 22.3369042 ], [ 73.2220731, 22.3369452 ], [ 73.2225435, 22.3372736 ], [ 73.222919, 22.3374247 ], [ 73.2231825, 22.3375308 ], [ 73.223502, 22.3376594 ], [ 73.2237416, 22.3377497 ], [ 73.2242741, 22.338037 ], [ 73.2246468, 22.3384639 ], [ 73.2235552, 22.3383326 ], [ 73.2235641, 22.3382176 ], [ 73.2234842, 22.3381273 ], [ 73.2230227, 22.3379549 ], [ 73.2224725, 22.3379057 ], [ 73.2222861, 22.3379632 ], [ 73.2220731, 22.3380288 ], [ 73.2219932, 22.3379878 ], [ 73.2217625, 22.3377826 ], [ 73.2205644, 22.3377826 ], [ 73.2204579, 22.33784 ], [ 73.220421, 22.339014 ], [ 73.2203691, 22.3391452 ], [ 73.2203336, 22.33949 ], [ 73.2201916, 22.3397116 ], [ 73.2195704, 22.3399907 ], [ 73.2192065, 22.3399907 ] ] ] } },
{ "type": "Feature", "properties": { "element": "way", "id": 1201431206, "landuse": null }, "geometry": { "type": "Polygon", "coordinates": [ [ [ 73.227674, 22.3198623 ], [ 73.2280061, 22.3202195 ], [ 73.2280782, 22.3203664 ], [ 73.2283056, 22.3207436 ], [ 73.2285726, 22.3208638 ], [ 73.228901, 22.3211409 ], [ 73.2289443, 22.3213044 ], [ 73.2288433, 22.3215715 ], [ 73.2285293, 22.3217952 ], [ 73.2280927, 22.321892 ], [ 73.2279555, 22.3218386 ], [ 73.2278906, 22.3216883 ], [ 73.2279086, 22.3213011 ], [ 73.2276704, 22.321004 ], [ 73.2273384, 22.3205233 ], [ 73.2273312, 22.3202862 ], [ 73.2275261, 22.319899 ], [ 73.227674, 22.3198623 ] ] ] } },
{ "type": "Feature", "properties": { "element": "way", "id": 1268977447, "landuse": "residential" }, "geometry": { "type": "Polygon", "coordinates": [ [ [ 73.1857621, 22.2402769 ], [ 73.1857782, 22.2397158 ], [ 73.1853061, 22.239691 ], [ 73.1853115, 22.2391001 ], [ 73.1855318, 22.2388393 ], [ 73.1855959, 22.2387638 ], [ 73.1866496, 22.2388152 ], [ 73.1865936, 22.2400386 ], [ 73.1867754, 22.2400527 ], [ 73.1867687, 22.2403503 ], [ 73.1857621, 22.2402769 ] ] ] } },
{ "type": "Feature", "properties": { "element": "way", "id": 1272468375, "landuse": "residential" }, "geometry": { "type": "Polygon", "coordinates": [ [ [ 73.1867906, 22.2403474 ], [ 73.1868063, 22.2401268 ], [ 73.1885913, 22.2402516 ], [ 73.1885317, 22.2404694 ], [ 73.1879106, 22.2405217 ], [ 73.1876251, 22.2403997 ], [ 73.1867906, 22.2403474 ] ] ] } },
{ "type": "Feature", "properties": { "element": "way", "id": 1272468376, "landuse": "residential" }, "geometry": { "type": "Polygon", "coordinates": [ [ [ 73.1885055, 22.240181 ], [ 73.1865936, 22.2400386 ], [ 73.1866496, 22.2388152 ], [ 73.1867938, 22.2388246 ], [ 73.1874889, 22.2388695 ], [ 73.1881542, 22.2389125 ], [ 73.1885854, 22.2389312 ], [ 73.1885779, 22.2398708 ], [ 73.1885055, 22.240181 ] ] ] } },
{ "type": "Feature", "properties": { "element": "way", "id": 1272468377, "landuse": "residential" }, "geometry": { "type": "Polygon", "coordinates": [ [ [ 73.1852858, 22.2398715 ], [ 73.1847714, 22.239865 ], [ 73.1847597, 22.2405251 ], [ 73.1849327, 22.2406745 ], [ 73.1852928, 22.2406398 ], [ 73.1852858, 22.2398715 ] ] ] } },
{ "type": "Feature", "properties": { "element": "way", "id": 1272505468, "landuse": "residential" }, "geometry": { "type": "Polygon", "coordinates": [ [ [ 73.1869086, 22.2374908 ], [ 73.1876918, 22.2375592 ], [ 73.1876893, 22.23769 ], [ 73.1878028, 22.2376963 ], [ 73.1881557, 22.237716 ], [ 73.1881318, 22.2379513 ], [ 73.1883338, 22.2379694 ], [ 73.188489, 22.2389137 ], [ 73.1874889, 22.2388695 ], [ 73.1867938, 22.2388246 ], [ 73.1868686, 22.2377049 ], [ 73.1869086, 22.2374908 ] ] ] } },
{ "type": "Feature", "properties": { "element": "way", "id": 1273971694, "landuse": "residential" }, "geometry": { "type": "Polygon", "coordinates": [ [ [ 73.1868989, 22.2374574 ], [ 73.1869086, 22.2374908 ], [ 73.1868686, 22.2377049 ], [ 73.1867938, 22.2388246 ], [ 73.1866496, 22.2388152 ], [ 73.1855959, 22.2387638 ], [ 73.185599, 22.2387519 ], [ 73.1856045, 22.2379688 ], [ 73.185695, 22.2373761 ], [ 73.1868989, 22.2374574 ] ] ] } },
{ "type": "Feature", "properties": { "element": "way", "id": 1273971695, "landuse": "residential" }, "geometry": { "type": "Polygon", "coordinates": [ [ [ 73.1848277, 22.2389193 ], [ 73.1847921, 22.2398118 ], [ 73.1847714, 22.239865 ], [ 73.1847545, 22.2400793 ], [ 73.1843862, 22.2400812 ], [ 73.1842278, 22.2400885 ], [ 73.1842773, 22.2406932 ], [ 73.1829389, 22.2407024 ], [ 73.1829132, 22.2397385 ], [ 73.1829211, 22.2393664 ], [ 73.1828835, 22.2389065 ], [ 73.1828755, 22.2387635 ], [ 73.1833309, 22.238758 ], [ 73.1833906, 22.2387598 ], [ 73.1833862, 22.2391921 ], [ 73.1835542, 22.239189 ], [ 73.1835507, 22.2393793 ], [ 73.1842318, 22.2393848 ], [ 73.1842456, 22.2390567 ], [ 73.1842536, 22.2388811 ], [ 73.1843896, 22.2388913 ], [ 73.1848277, 22.2389193 ] ] ] } },
{ "type": "Feature", "properties": { "element": "way", "id": 1273971696, "landuse": "residential" }, "geometry": { "type": "Polygon", "coordinates": [ [ [ 73.1848454, 22.2389229 ], [ 73.1848277, 22.2389193 ], [ 73.1843896, 22.2388913 ], [ 73.1844992, 22.2380055 ], [ 73.1847851, 22.2380452 ], [ 73.1847946, 22.2380011 ], [ 73.1849947, 22.2380408 ], [ 73.1848454, 22.2389229 ] ] ] } },
{ "type": "Feature", "properties": { "element": "way", "id": 1273971697, "landuse": "residential" }, "geometry": { "type": "Polygon", "coordinates": [ [ [ 73.1843896, 22.2388913 ], [ 73.1842536, 22.2388811 ], [ 73.1839307, 22.2388567 ], [ 73.1839243, 22.2384804 ], [ 73.1839042, 22.2381872 ], [ 73.1841234, 22.238217 ], [ 73.1841577, 22.2376954 ], [ 73.1845342, 22.2377556 ], [ 73.1844992, 22.2380055 ], [ 73.1843896, 22.2388913 ] ] ] } },
{ "type": "Feature", "properties": { "element": "way", "id": 1273971698, "landuse": "residential" }, "geometry": { "type": "Polygon", "coordinates": [ [ [ 73.1836209, 22.2388319 ], [ 73.1836236, 22.2387526 ], [ 73.1833906, 22.2387598 ], [ 73.1834354, 22.2373371 ], [ 73.1841918, 22.2374239 ], [ 73.1841577, 22.2376954 ], [ 73.1841234, 22.238217 ], [ 73.1839042, 22.2381872 ], [ 73.1839243, 22.2384804 ], [ 73.1839307, 22.2388567 ], [ 73.1836209, 22.2388319 ] ] ] } },
{ "type": "Feature", "properties": { "element": "way", "id": 1283480236, "landuse": "residential" }, "geometry": { "type": "Polygon", "coordinates": [ [ [ 73.195151, 22.2147483 ], [ 73.1950344, 22.2138362 ], [ 73.1948887, 22.2138039 ], [ 73.1948479, 22.2131292 ], [ 73.1961304, 22.2130753 ], [ 73.1961246, 22.2138039 ], [ 73.1956582, 22.2147321 ], [ 73.195151, 22.2147483 ] ] ] } },
{ "type": "Feature", "properties": { "element": "way", "id": 1307302991, "landuse": "residential" }, "geometry": { "type": "Polygon", "coordinates": [ [ [ 73.117877, 22.3573308 ], [ 73.1181407, 22.3573338 ], [ 73.1181448, 22.3570179 ], [ 73.1178811, 22.3570149 ], [ 73.117877, 22.3573308 ] ] ] } },
{ "type": "Feature", "properties": { "element": "way", "id": 1380946425, "landuse": "residential" }, "geometry": { "type": "Polygon", "coordinates": [ [ [ 73.1355967, 22.3385515 ], [ 73.1378937, 22.3385252 ], [ 73.1375278, 22.3406648 ], [ 73.1364504, 22.3405069 ], [ 73.1357416, 22.3388833 ], [ 73.1355967, 22.3385515 ] ] ] } },
{ "type": "Feature", "properties": { "element": "way", "id": 1382021982, "landuse": "residential" }, "geometry": { "type": "Polygon", "coordinates": [ [ [ 73.1637566, 22.4267373 ], [ 73.1638075, 22.4262576 ], [ 73.1639095, 22.4262625 ], [ 73.1639229, 22.4261807 ], [ 73.1645985, 22.4262352 ], [ 73.1645245, 22.4268979 ], [ 73.1642154, 22.4268681 ], [ 73.1642268, 22.4267752 ], [ 73.1637566, 22.4267373 ] ] ] } },
{ "type": "Feature", "properties": { "element": "way", "id": 1382021983, "landuse": "residential" }, "geometry": { "type": "Polygon", "coordinates": [ [ [ 73.1648014, 22.4196624 ], [ 73.1657023, 22.4196168 ], [ 73.1656625, 22.4193012 ], [ 73.1648811, 22.4192907 ], [ 73.1648014, 22.4196624 ] ] ] } },
{ "type": "Feature", "properties": { "element": "way", "id": 1382021984, "landuse": "residential" }, "geometry": { "type": "Polygon", "coordinates": [ [ [ 73.1659432, 22.4253919 ], [ 73.1667815, 22.425413 ], [ 73.1667512, 22.4255813 ], [ 73.1671305, 22.4255602 ], [ 73.1676919, 22.4253779 ], [ 73.168075, 22.4251675 ], [ 73.168974, 22.4252482 ], [ 73.1690195, 22.424596 ], [ 73.1694481, 22.4244873 ], [ 73.1693571, 22.4242208 ], [ 73.1701157, 22.4241507 ], [ 73.1700437, 22.4237053 ], [ 73.1701726, 22.4231057 ], [ 73.1695619, 22.4230391 ], [ 73.1694216, 22.422699 ], [ 73.1694178, 22.4218119 ], [ 73.1691257, 22.4215664 ], [ 73.1693343, 22.4205951 ], [ 73.1691371, 22.4203356 ], [ 73.1685567, 22.4204654 ], [ 73.168534, 22.4202164 ], [ 73.1683519, 22.4202445 ], [ 73.1683671, 22.4200937 ], [ 73.1680257, 22.4200551 ], [ 73.1680257, 22.4199499 ], [ 73.167707, 22.4200095 ], [ 73.1676767, 22.4197571 ], [ 73.1675212, 22.4197606 ], [ 73.167525, 22.4201393 ], [ 73.1667853, 22.420255 ], [ 73.166808, 22.4205671 ], [ 73.1658635, 22.4206723 ], [ 73.1657991, 22.4198447 ], [ 73.1647521, 22.4200025 ], [ 73.1642666, 22.4206898 ], [ 73.1641111, 22.421591 ], [ 73.1645587, 22.4216856 ], [ 73.1646156, 22.4219486 ], [ 73.1653856, 22.421868 ], [ 73.1654918, 22.4223659 ], [ 73.1654501, 22.4230602 ], [ 73.1647825, 22.4232635 ], [ 73.1647559, 22.4240525 ], [ 73.1637128, 22.4241401 ], [ 73.1637242, 22.42461 ], [ 73.1644525, 22.4243856 ], [ 73.1644525, 22.4249115 ], [ 73.1649759, 22.4249326 ], [ 73.1649266, 22.4258548 ], [ 73.1659242, 22.4258162 ], [ 73.1659432, 22.4253919 ] ] ] } },
{ "type": "Feature", "properties": { "element": "way", "id": 1386625408, "landuse": "commercial" }, "geometry": { "type": "Polygon", "coordinates": [ [ [ 73.2295296, 22.3020059 ], [ 73.2298147, 22.3020822 ], [ 73.2298571, 22.3019465 ], [ 73.229572, 22.3018701 ], [ 73.2295296, 22.3020059 ] ] ] } },
{ "type": "Feature", "properties": { "element": "way", "id": 1458652719, "landuse": null }, "geometry": { "type": "Polygon", "coordinates": [ [ [ 73.1901293, 22.3403382 ], [ 73.1902693, 22.340326 ], [ 73.1902537, 22.3401482 ], [ 73.1901116, 22.3401639 ], [ 73.1901293, 22.3403382 ] ] ] } },
{ "type": "Feature", "properties": { "element": "way", "id": 1458663504, "landuse": null }, "geometry": { "type": "Polygon", "coordinates": [ [ [ 73.1921263, 22.3404728 ], [ 73.1922934, 22.340454 ], [ 73.1923313, 22.3406828 ], [ 73.1921549, 22.3406946 ], [ 73.1921263, 22.3404728 ] ] ] } },
{ "type": "Feature", "properties": { "element": "way", "id": 1459194781, "landuse": null }, "geometry": { "type": "Polygon", "coordinates": [ [ [ 73.1880547, 22.3420597 ], [ 73.188605, 22.3419627 ], [ 73.1885918, 22.3418412 ], [ 73.1880375, 22.3418752 ], [ 73.1880547, 22.3420597 ] ] ] } },
{ "type": "Feature", "properties": { "element": "way", "id": 1459484369, "landuse": null }, "geometry": { "type": "Polygon", "coordinates": [ [ [ 73.1966222, 22.3412749 ], [ 73.1972613, 22.3412385 ], [ 73.1970395, 22.3396361 ], [ 73.1964299, 22.3396733 ], [ 73.1966222, 22.3412749 ] ] ] } },
{ "type": "Feature", "properties": { "element": "way", "id": 1459484370, "landuse": null }, "geometry": { "type": "Polygon", "coordinates": [ [ [ 73.1972808, 22.3401794 ], [ 73.1980531, 22.3401353 ], [ 73.1980546, 22.3400736 ], [ 73.1981507, 22.3400675 ], [ 73.1981241, 22.3398088 ], [ 73.19801, 22.339817 ], [ 73.1972375, 22.3398507 ], [ 73.1972808, 22.3401794 ] ] ] } },
{ "type": "Feature", "properties": { "element": "way", "id": 1460412377, "landuse": null }, "geometry": { "type": "Polygon", "coordinates": [ [ [ 73.2006454, 22.343337 ], [ 73.2009133, 22.3440295 ], [ 73.2009265, 22.3440414 ], [ 73.2009397, 22.3440557 ], [ 73.2009616, 22.3440677 ], [ 73.2009964, 22.3440805 ], [ 73.2010371, 22.3440868 ], [ 73.201559, 22.3441005 ], [ 73.2012609, 22.343279 ], [ 73.2012479, 22.3432523 ], [ 73.201238, 22.3432458 ], [ 73.2012273, 22.3432394 ], [ 73.2012114, 22.3432347 ], [ 73.2011797, 22.3432377 ], [ 73.2006454, 22.343337 ] ] ] } },
{ "type": "Feature", "properties": { "element": "way", "id": 1461767583, "landuse": null }, "geometry": { "type": "Polygon", "coordinates": [ [ [ 73.2167863, 22.3483488 ], [ 73.217369, 22.3483925 ], [ 73.2174207, 22.3478852 ], [ 73.2168328, 22.3478461 ], [ 73.2167863, 22.3483488 ] ] ] } },
{ "type": "Feature", "properties": { "element": "way", "id": 1461767584, "landuse": null }, "geometry": { "type": "Polygon", "coordinates": [ [ [ 73.2167826, 22.347411 ], [ 73.2174599, 22.3474757 ], [ 73.2175897, 22.3469328 ], [ 73.2168415, 22.3468725 ], [ 73.2167826, 22.347411 ] ] ] } },
{ "type": "Feature", "properties": { "element": "way", "id": 1461767587, "landuse": null }, "geometry": { "type": "Polygon", "coordinates": [ [ [ 73.2176781, 22.3497291 ], [ 73.217764, 22.349725 ], [ 73.2177627, 22.3496282 ], [ 73.217976, 22.34962 ], [ 73.2179727, 22.3497249 ], [ 73.2182047, 22.3497283 ], [ 73.2182095, 22.3496888 ], [ 73.2182429, 22.3496915 ], [ 73.2182438, 22.3496302 ], [ 73.2183316, 22.3496284 ], [ 73.2183262, 22.3484378 ], [ 73.2181398, 22.3483915 ], [ 73.218149, 22.347963 ], [ 73.217698, 22.3479517 ], [ 73.2176461, 22.3483829 ], [ 73.2176781, 22.3497291 ] ] ] } },
{ "type": "Feature", "properties": { "element": "way", "id": 1461767596, "landuse": null }, "geometry": { "type": "Polygon", "coordinates": [ [ [ 73.2165514, 22.3493922 ], [ 73.2171931, 22.3494281 ], [ 73.2172063, 22.3492828 ], [ 73.217385, 22.3492953 ], [ 73.2173854, 22.3490236 ], [ 73.2166346, 22.348983 ], [ 73.2166261, 22.3490224 ], [ 73.2165796, 22.3490252 ], [ 73.2165514, 22.3493922 ] ] ] } },
{ "type": "Feature", "properties": { "element": "way", "id": 1461771689, "landuse": null }, "geometry": { "type": "Polygon", "coordinates": [ [ [ 73.2111486, 22.3496525 ], [ 73.2116373, 22.3496046 ], [ 73.2116138, 22.3493118 ], [ 73.2111249, 22.3493773 ], [ 73.2111486, 22.3496525 ] ] ] } },
{ "type": "Feature", "properties": { "element": "way", "id": 1461771690, "landuse": null }, "geometry": { "type": "Polygon", "coordinates": [ [ [ 73.214102, 22.3478821 ], [ 73.2137143, 22.3478705 ], [ 73.213748, 22.347514 ], [ 73.2141298, 22.3474849 ], [ 73.214102, 22.3478821 ] ] ] } },
{ "type": "Feature", "properties": { "element": "way", "id": 1461771691, "landuse": null }, "geometry": { "type": "Polygon", "coordinates": [ [ [ 73.2155185, 22.3457157 ], [ 73.2159802, 22.3457456 ], [ 73.2159034, 22.3466951 ], [ 73.2154208, 22.3466446 ], [ 73.2155185, 22.3457157 ] ] ] } },
{ "type": "Feature", "properties": { "element": "way", "id": 1461771692, "landuse": null }, "geometry": { "type": "Polygon", "coordinates": [ [ [ 73.2171199, 22.3437341 ], [ 73.2178792, 22.3436987 ], [ 73.2178854, 22.3433904 ], [ 73.217666, 22.3433838 ], [ 73.2176693, 22.3432086 ], [ 73.2170386, 22.3433081 ], [ 73.2171199, 22.3437341 ] ] ] } },
{ "type": "Feature", "properties": { "element": "way", "id": 1461771693, "landuse": null }, "geometry": { "type": "Polygon", "coordinates": [ [ [ 73.2160435, 22.34491 ], [ 73.216807, 22.3449759 ], [ 73.2168437, 22.3445121 ], [ 73.2160534, 22.3445569 ], [ 73.2160435, 22.34491 ] ] ] } },
{ "type": "Feature", "properties": { "element": "way", "id": 1461771696, "landuse": null }, "geometry": { "type": "Polygon", "coordinates": [ [ [ 73.204669, 22.3434002 ], [ 73.2052712, 22.3434829 ], [ 73.2052466, 22.3435425 ], [ 73.2057095, 22.3436514 ], [ 73.205828, 22.3430931 ], [ 73.2047644, 22.3429542 ], [ 73.204669, 22.3434002 ] ] ] } },
{ "type": "Feature", "properties": { "element": "way", "id": 1461771697, "landuse": null }, "geometry": { "type": "Polygon", "coordinates": [ [ [ 73.2033424, 22.3422634 ], [ 73.2039469, 22.342372 ], [ 73.2040117, 22.3424826 ], [ 73.2037429, 22.342958 ], [ 73.2033449, 22.3427785 ], [ 73.2033833, 22.3426608 ], [ 73.2032197, 22.3425942 ], [ 73.2033424, 22.3422634 ] ] ] } },
{ "type": "Feature", "properties": { "element": "way", "id": 1461771698, "landuse": null }, "geometry": { "type": "Polygon", "coordinates": [ [ [ 73.2055064, 22.3425855 ], [ 73.2059142, 22.3426771 ], [ 73.2060415, 22.342058 ], [ 73.2056237, 22.3419931 ], [ 73.2055064, 22.3425855 ] ] ] } },
{ "type": "Feature", "properties": { "element": "way", "id": 1461771699, "landuse": null }, "geometry": { "type": "Polygon", "coordinates": [ [ [ 73.2057667, 22.3418363 ], [ 73.2061734, 22.3418976 ], [ 73.2062789, 22.3414695 ], [ 73.205802, 22.3414071 ], [ 73.2057667, 22.3418363 ] ] ] } },
{ "type": "Feature", "properties": { "element": "way", "id": 1461771700, "landuse": null }, "geometry": { "type": "Polygon", "coordinates": [ [ [ 73.2006856, 22.3458755 ], [ 73.2009796, 22.3458926 ], [ 73.2010046, 22.3458152 ], [ 73.2012942, 22.3458125 ], [ 73.2013251, 22.3455563 ], [ 73.2012849, 22.3454456 ], [ 73.2007084, 22.3453802 ], [ 73.2006856, 22.3458755 ] ] ] } },
{ "type": "Feature", "properties": { "element": "way", "id": 1461783329, "landuse": null }, "geometry": { "type": "Polygon", "coordinates": [ [ [ 73.2168062, 22.352791 ], [ 73.217368, 22.3527996 ], [ 73.2173999, 22.3527922 ], [ 73.217428, 22.3527798 ], [ 73.217444, 22.3527627 ], [ 73.2174505, 22.3527286 ], [ 73.2174268, 22.3523356 ], [ 73.216798, 22.3523243 ], [ 73.2168062, 22.352791 ] ] ] } },
{ "type": "Feature", "properties": { "element": "way", "id": 1462036122, "landuse": null }, "geometry": { "type": "Polygon", "coordinates": [ [ [ 73.1848941, 22.3387739 ], [ 73.1858584, 22.3387412 ], [ 73.185801, 22.3393973 ], [ 73.1857019, 22.3400438 ], [ 73.1849303, 22.339872 ], [ 73.18489, 22.3393463 ], [ 73.1848941, 22.3387739 ] ] ] } },
{ "type": "Feature", "properties": { "element": "way", "id": 1462751041, "landuse": null }, "geometry": { "type": "Polygon", "coordinates": [ [ [ 73.2208049, 22.3381809 ], [ 73.220825, 22.3382535 ], [ 73.2208637, 22.3383127 ], [ 73.2209159, 22.3383509 ], [ 73.2210129, 22.33837 ], [ 73.2211428, 22.33838 ], [ 73.2211934, 22.3383762 ], [ 73.2212574, 22.3383391 ], [ 73.2212946, 22.3382715 ], [ 73.2212993, 22.3382133 ], [ 73.2212845, 22.3381269 ], [ 73.2212576, 22.3380518 ], [ 73.2212115, 22.3379921 ], [ 73.2211132, 22.3379499 ], [ 73.2209618, 22.3379358 ], [ 73.2208995, 22.3379675 ], [ 73.2208629, 22.3380167 ], [ 73.220831, 22.3380912 ], [ 73.2208049, 22.3381809 ] ] ] } },
{ "type": "Feature", "properties": { "element": "way", "id": 1462751042, "landuse": null }, "geometry": { "type": "Polygon", "coordinates": [ [ [ 73.2225538, 22.3380851 ], [ 73.2225406, 22.338162 ], [ 73.2225494, 22.338204 ], [ 73.2225896, 22.3382437 ], [ 73.2226439, 22.3382857 ], [ 73.2226939, 22.3382949 ], [ 73.222743, 22.3382864 ], [ 73.2227833, 22.3382677 ], [ 73.2228987, 22.3382008 ], [ 73.2229266, 22.3381571 ], [ 73.2229216, 22.3381024 ], [ 73.2228724, 22.3380592 ], [ 73.2227566, 22.3380304 ], [ 73.2226504, 22.3380293 ], [ 73.2225693, 22.3380472 ], [ 73.2225538, 22.3380851 ] ] ] } },
{ "type": "Feature", "properties": { "element": "way", "id": 1462751047, "landuse": null }, "geometry": { "type": "Polygon", "coordinates": [ [ [ 73.2204375, 22.3386584 ], [ 73.2205261, 22.3379184 ], [ 73.2205434, 22.337901 ], [ 73.2206846, 22.3378871 ], [ 73.2207056, 22.3380511 ], [ 73.2206923, 22.3380942 ], [ 73.220692, 22.3381598 ], [ 73.220713, 22.3382543 ], [ 73.220734, 22.3382953 ], [ 73.2207373, 22.3383591 ], [ 73.2207381, 22.3384157 ], [ 73.2207093, 22.3384393 ], [ 73.2206613, 22.3384726 ], [ 73.2206151, 22.3385312 ], [ 73.2205852, 22.3385597 ], [ 73.220509, 22.3386122 ], [ 73.2204375, 22.3386584 ] ] ] } },
{ "type": "Feature", "properties": { "element": "way", "id": 1462751048, "landuse": null }, "geometry": { "type": "Polygon", "coordinates": [ [ [ 73.2204343, 22.3387783 ], [ 73.2215989, 22.3386183 ], [ 73.2217437, 22.3378829 ], [ 73.2216872, 22.3378556 ], [ 73.2207219, 22.3378851 ], [ 73.220739, 22.3380428 ], [ 73.2207353, 22.3380865 ], [ 73.2207184, 22.3381223 ], [ 73.2207244, 22.3381713 ], [ 73.2207334, 22.338214 ], [ 73.2207544, 22.338264 ], [ 73.2207724, 22.3383092 ], [ 73.2207784, 22.3383815 ], [ 73.2207857, 22.3384252 ], [ 73.2207809, 22.3384461 ], [ 73.2207421, 22.3384742 ], [ 73.2206804, 22.3384975 ], [ 73.2206586, 22.3385412 ], [ 73.2206217, 22.3385878 ], [ 73.2205748, 22.3386208 ], [ 73.220529, 22.3386524 ], [ 73.220488, 22.3386758 ], [ 73.2204466, 22.3387049 ], [ 73.2204343, 22.3387783 ] ] ] } },
{ "type": "Feature", "properties": { "element": "way", "id": 1462751049, "landuse": null }, "geometry": { "type": "Polygon", "coordinates": [ [ [ 73.221767, 22.3379191 ], [ 73.2216349, 22.3386153 ], [ 73.2222216, 22.3385396 ], [ 73.22228, 22.3388337 ], [ 73.2227894, 22.3385942 ], [ 73.2224835, 22.3382146 ], [ 73.2224805, 22.3381808 ], [ 73.2224784, 22.3381574 ], [ 73.2224244, 22.3380027 ], [ 73.222096, 22.3381031 ], [ 73.2220142, 22.3380949 ], [ 73.2219704, 22.3380821 ], [ 73.2218934, 22.3380284 ], [ 73.221767, 22.3379191 ] ] ] } },
{ "type": "Feature", "properties": { "element": "way", "id": 1462751050, "landuse": null }, "geometry": { "type": "Polygon", "coordinates": [ [ [ 73.2224621, 22.3380032 ], [ 73.2225153, 22.3381148 ], [ 73.2225215, 22.3381579 ], [ 73.2225202, 22.3381894 ], [ 73.2228261, 22.3385713 ], [ 73.2231392, 22.3384282 ], [ 73.2235169, 22.3384615 ], [ 73.2235221, 22.3384112 ], [ 73.2234931, 22.3383827 ], [ 73.223477, 22.3383574 ], [ 73.2234719, 22.3383328 ], [ 73.2234699, 22.338304 ], [ 73.2234132, 22.3382231 ], [ 73.2232578, 22.3381529 ], [ 73.2228992, 22.3380557 ], [ 73.2226264, 22.337984 ], [ 73.2224621, 22.3380032 ] ] ] } },
{ "type": "Feature", "properties": { "element": "way", "id": 1466683789, "landuse": null }, "geometry": { "type": "Polygon", "coordinates": [ [ [ 73.2407187, 22.2751337 ], [ 73.2406601, 22.275047 ], [ 73.2408521, 22.2749426 ], [ 73.2408533, 22.2749721 ], [ 73.2408376, 22.2750123 ], [ 73.2408244, 22.2750414 ], [ 73.2408067, 22.2750761 ], [ 73.240793, 22.2751025 ], [ 73.2407848, 22.2751107 ], [ 73.2407187, 22.2751337 ] ] ] } },
{ "type": "Feature", "properties": { "element": "way", "id": 1466683817, "landuse": null }, "geometry": { "type": "Polygon", "coordinates": [ [ [ 73.2522947, 22.256192 ], [ 73.2527144, 22.2564246 ], [ 73.2529107, 22.2565105 ], [ 73.2530053, 22.2566142 ], [ 73.2530264, 22.2567437 ], [ 73.2530216, 22.2568895 ], [ 73.2530075, 22.2570017 ], [ 73.2531199, 22.2570347 ], [ 73.2533648, 22.2570914 ], [ 73.2535283, 22.2571176 ], [ 73.2535028, 22.2568947 ], [ 73.2535711, 22.2567074 ], [ 73.2536326, 22.2565527 ], [ 73.2536442, 22.2564319 ], [ 73.2536956, 22.2563194 ], [ 73.2537731, 22.2562538 ], [ 73.2538714, 22.2561097 ], [ 73.2539719, 22.2559959 ], [ 73.2539478, 22.2559226 ], [ 73.2538633, 22.2558563 ], [ 73.2535927, 22.2557445 ], [ 73.2534779, 22.2557371 ], [ 73.2533496, 22.2557184 ], [ 73.2533131, 22.255585 ], [ 73.2532559, 22.2555242 ], [ 73.2531502, 22.2554774 ], [ 73.2529894, 22.2554362 ], [ 73.2528762, 22.2554456 ], [ 73.2525985, 22.2556197 ], [ 73.2524135, 22.2557768 ], [ 73.2523247, 22.2560474 ], [ 73.2522947, 22.256192 ] ] ] } },
{ "type": "Feature", "properties": { "element": "way", "id": 1466683818, "landuse": null }, "geometry": { "type": "Polygon", "coordinates": [ [ [ 73.2521522, 22.2562593 ], [ 73.2523879, 22.256371 ], [ 73.2525415, 22.2564655 ], [ 73.2526894, 22.2565878 ], [ 73.2527778, 22.2567463 ], [ 73.2528041, 22.2569226 ], [ 73.2527479, 22.2570911 ], [ 73.2526815, 22.2571919 ], [ 73.2526385, 22.2573511 ], [ 73.2525865, 22.257535 ], [ 73.2525639, 22.2576196 ], [ 73.2525417, 22.2576864 ], [ 73.252504, 22.2576319 ], [ 73.2524451, 22.25756 ], [ 73.2523198, 22.2575097 ], [ 73.2521717, 22.2574923 ], [ 73.2519772, 22.2574551 ], [ 73.2518836, 22.2573873 ], [ 73.2517818, 22.257277 ], [ 73.251697, 22.2572358 ], [ 73.2515906, 22.2571464 ], [ 73.251503, 22.2570191 ], [ 73.2514185, 22.2569108 ], [ 73.2514272, 22.2567185 ], [ 73.2513947, 22.2565385 ], [ 73.2515105, 22.2563763 ], [ 73.2516704, 22.2562959 ], [ 73.2518224, 22.2562808 ], [ 73.2519237, 22.2563093 ], [ 73.2521522, 22.2562593 ] ] ] } },
{ "type": "Feature", "properties": { "element": "way", "id": 1466683819, "landuse": null }, "geometry": { "type": "Polygon", "coordinates": [ [ [ 73.2496589, 22.2546405 ], [ 73.2495426, 22.2546528 ], [ 73.2494145, 22.2546712 ], [ 73.24926, 22.254705 ], [ 73.2491709, 22.254707 ], [ 73.249152, 22.2546694 ], [ 73.2491072, 22.2546401 ], [ 73.2490703, 22.2546386 ], [ 73.2490604, 22.254666 ], [ 73.2490786, 22.2547022 ], [ 73.2490823, 22.2547325 ], [ 73.2490963, 22.254765 ], [ 73.2490963, 22.2547916 ], [ 73.2490755, 22.2548215 ], [ 73.2490583, 22.2548278 ], [ 73.2490618, 22.2548553 ], [ 73.249039, 22.2548922 ], [ 73.2490089, 22.2548902 ], [ 73.2490237, 22.2549217 ], [ 73.2490012, 22.2549729 ], [ 73.2489708, 22.2549751 ], [ 73.248972, 22.2550195 ], [ 73.2489617, 22.2550493 ], [ 73.2489294, 22.2550497 ], [ 73.2488894, 22.2550712 ], [ 73.248937, 22.2551095 ], [ 73.2488975, 22.2551808 ], [ 73.2488621, 22.255178 ], [ 73.2488853, 22.2552063 ], [ 73.2488518, 22.2552439 ], [ 73.2488019, 22.2553124 ], [ 73.2487806, 22.255326 ], [ 73.248733, 22.2553055 ], [ 73.2487439, 22.2553346 ], [ 73.2487675, 22.255355 ], [ 73.2487397, 22.2553859 ], [ 73.2487154, 22.2554002 ], [ 73.2487154, 22.255416 ], [ 73.2487452, 22.255411 ], [ 73.2487746, 22.2554282 ], [ 73.2487877, 22.2554555 ], [ 73.2488264, 22.2554859 ], [ 73.2488895, 22.2555203 ], [ 73.248955, 22.2555346 ], [ 73.2490153, 22.2555511 ], [ 73.2490605, 22.2555723 ], [ 73.2490691, 22.2555874 ], [ 73.2490686, 22.2556227 ], [ 73.2490343, 22.2556461 ], [ 73.2489829, 22.2556617 ], [ 73.2489542, 22.2556908 ], [ 73.2488934, 22.2557111 ], [ 73.2490169, 22.2557044 ], [ 73.2490799, 22.2556901 ], [ 73.2491293, 22.2556554 ], [ 73.2491658, 22.2556232 ], [ 73.2492113, 22.2556243 ], [ 73.2492422, 22.2556534 ], [ 73.2492917, 22.2556659 ], [ 73.2493282, 22.2556997 ], [ 73.2493883, 22.2557288 ], [ 73.2494231, 22.2557798 ], [ 73.2494462, 22.255811 ], [ 73.2494804, 22.2557737 ], [ 73.2495265, 22.2557681 ], [ 73.2495686, 22.2558071 ], [ 73.2496001, 22.2558503 ], [ 73.2496675, 22.2558929 ], [ 73.2496844, 22.2558705 ], [ 73.2496696, 22.2558298 ], [ 73.2496797, 22.2557841 ], [ 73.2496959, 22.2557428 ], [ 73.2497109, 22.2556744 ], [ 73.2497375, 22.2556626 ], [ 73.2497727, 22.2556781 ], [ 73.2497725, 22.2557001 ], [ 73.2497775, 22.2557329 ], [ 73.2498028, 22.2557603 ], [ 73.249842, 22.2557901 ], [ 73.2498826, 22.2558106 ], [ 73.2499111, 22.2557737 ], [ 73.249927, 22.2557419 ], [ 73.2499857, 22.2557314 ], [ 73.2500368, 22.2557216 ], [ 73.2500724, 22.2556951 ], [ 73.2500904, 22.2556378 ], [ 73.250106, 22.2555661 ], [ 73.2500935, 22.2555152 ], [ 73.2500746, 22.2554663 ], [ 73.2500736, 22.2554148 ], [ 73.2500785, 22.2553704 ], [ 73.2501039, 22.2553564 ], [ 73.2501403, 22.2553318 ], [ 73.2500836, 22.2553053 ], [ 73.2500349, 22.2552791 ], [ 73.2500129, 22.2552359 ], [ 73.2500047, 22.2551295 ], [ 73.2499704, 22.2551154 ], [ 73.2499141, 22.2550085 ], [ 73.2498741, 22.2549947 ], [ 73.2498471, 22.2549648 ], [ 73.2498447, 22.2549275 ], [ 73.2498518, 22.2548852 ], [ 73.249819, 22.2547775 ], [ 73.2497828, 22.254772 ], [ 73.2497562, 22.2547406 ], [ 73.2497633, 22.2547046 ], [ 73.2496589, 22.2546405 ] ] ] } },
{ "type": "Feature", "properties": { "element": "way", "id": 1491175179, "landuse": null }, "geometry": { "type": "Polygon", "coordinates": [ [ [ 73.245444, 22.3485696 ], [ 73.2454135, 22.348658 ], [ 73.245442, 22.3487971 ], [ 73.2454705, 22.3489363 ], [ 73.245505, 22.3490509 ], [ 73.2455967, 22.3491844 ], [ 73.2457576, 22.3492787 ], [ 73.2458595, 22.3493456 ], [ 73.2459856, 22.3493828 ], [ 73.2460902, 22.3494399 ], [ 73.2461733, 22.3494275 ], [ 73.2462458, 22.3494473 ], [ 73.2463852, 22.3494399 ], [ 73.2464706, 22.3493759 ], [ 73.246591, 22.3493836 ], [ 73.2466674, 22.3494494 ], [ 73.2468477, 22.3494576 ], [ 73.2470558, 22.3494542 ], [ 73.247235, 22.3494972 ], [ 73.2474319, 22.3495013 ], [ 73.2475706, 22.3495008 ], [ 73.2476346, 22.3493989 ], [ 73.2476719, 22.349276 ], [ 73.2476665, 22.3490657 ], [ 73.2475992, 22.3488599 ], [ 73.2474349, 22.3488073 ], [ 73.2473492, 22.3488594 ], [ 73.2472556, 22.348783 ], [ 73.2471901, 22.3486629 ], [ 73.2472244, 22.3485483 ], [ 73.2472657, 22.3484612 ], [ 73.247353, 22.3483758 ], [ 73.2474034, 22.3484105 ], [ 73.2473889, 22.3484693 ], [ 73.2473582, 22.3485222 ], [ 73.2473663, 22.3485552 ], [ 73.2473998, 22.3485952 ], [ 73.247444, 22.3486359 ], [ 73.2475352, 22.3486121 ], [ 73.2475808, 22.3485269 ], [ 73.2476188, 22.3484382 ], [ 73.2476023, 22.3483609 ], [ 73.2475614, 22.3482818 ], [ 73.2473722, 22.3481781 ], [ 73.2471885, 22.3480923 ], [ 73.2469339, 22.3480348 ], [ 73.2467664, 22.3479738 ], [ 73.2465807, 22.3478341 ], [ 73.2464583, 22.3477841 ], [ 73.2462952, 22.3477418 ], [ 73.2461305, 22.3477776 ], [ 73.2459892, 22.3479171 ], [ 73.245771, 22.348039 ], [ 73.2457191, 22.3481658 ], [ 73.2456752, 22.348271 ], [ 73.2455445, 22.348397 ], [ 73.245444, 22.3485696 ] ] ] } },
{ "type": "Feature", "properties": { "element": "way", "id": 1530353963, "landuse": "residential" }, "geometry": { "type": "Polygon", "coordinates": [ [ [ 73.2383998, 22.3001952 ], [ 73.2383539, 22.3001692 ], [ 73.2384019, 22.3001276 ], [ 73.2384546, 22.3001276 ], [ 73.2384972, 22.3001464 ], [ 73.2385134, 22.3001914 ], [ 73.2384932, 22.3002308 ], [ 73.2384546, 22.3002402 ], [ 73.2384123, 22.3002593 ], [ 73.2383998, 22.3001952 ] ] ] } },
{ "type": "Feature", "properties": { "element": "way", "id": 1530355040, "landuse": "residential" }, "geometry": { "type": "Polygon", "coordinates": [ [ [ 73.2299783, 22.3008482 ], [ 73.2299729, 22.3006974 ], [ 73.2300982, 22.3006897 ], [ 73.2301052, 22.3008426 ], [ 73.2299783, 22.3008482 ] ] ] } },
{ "type": "Feature", "properties": { "element": "way", "id": 1530356984, "landuse": "residential" }, "geometry": { "type": "Polygon", "coordinates": [ [ [ 73.2365162, 22.3099972 ], [ 73.236605, 22.3099325 ], [ 73.2366011, 22.3098496 ], [ 73.2365726, 22.3098134 ], [ 73.2364825, 22.3097903 ], [ 73.2363953, 22.309854 ], [ 73.2363979, 22.3099389 ], [ 73.2365162, 22.3099972 ] ] ] } },
{ "type": "Feature", "properties": { "element": "way", "id": 1530372564, "landuse": "residential" }, "geometry": { "type": "Polygon", "coordinates": [ [ [ 73.2289582, 22.3046645 ], [ 73.2290337, 22.304561 ], [ 73.2291423, 22.3046313 ], [ 73.229061, 22.3047371 ], [ 73.2289582, 22.3046645 ] ] ] } },
{ "type": "Feature", "properties": { "element": "way", "id": 1530373029, "landuse": "residential" }, "geometry": { "type": "Polygon", "coordinates": [ [ [ 73.2415962, 22.2996676 ], [ 73.2415812, 22.2995533 ], [ 73.2416897, 22.2995363 ], [ 73.2417128, 22.2996498 ], [ 73.2415962, 22.2996676 ] ] ] } },
{ "type": "Feature", "properties": { "element": "way", "id": 1530442730, "landuse": "industrial" }, "geometry": { "type": "Polygon", "coordinates": [ [ [ 73.1769606, 22.3195213 ], [ 73.1773327, 22.3192165 ], [ 73.1774275, 22.3191157 ], [ 73.1777714, 22.3182491 ], [ 73.1777627, 22.3182476 ], [ 73.1773773, 22.31818 ], [ 73.1775739, 22.3175863 ], [ 73.1761458, 22.3175566 ], [ 73.1759611, 22.3179122 ], [ 73.176148, 22.3182156 ], [ 73.1760583, 22.3182542 ], [ 73.1764253, 22.3190675 ], [ 73.1769606, 22.3195213 ] ] ] } },
{ "type": "Feature", "properties": { "element": "way", "id": 1530794731, "landuse": "commercial" }, "geometry": { "type": "Polygon", "coordinates": [ [ [ 73.2533592, 22.2968317 ], [ 73.2533355, 22.2966033 ], [ 73.2534343, 22.2965954 ], [ 73.2534428, 22.2968416 ], [ 73.2533592, 22.2968317 ] ] ] } },
{ "type": "Feature", "properties": { "element": "way", "id": 1530795366, "landuse": "retail" }, "geometry": { "type": "Polygon", "coordinates": [ [ [ 73.2539621, 22.2988547 ], [ 73.2539471, 22.2986621 ], [ 73.2543033, 22.2988666 ], [ 73.2539621, 22.2988547 ] ] ] } },
{ "type": "Feature", "properties": { "element": "way", "id": 1530796277, "landuse": "residential" }, "geometry": { "type": "Polygon", "coordinates": [ [ [ 73.2492163, 22.2979363 ], [ 73.2492952, 22.2979942 ], [ 73.2493398, 22.2979771 ], [ 73.2492635, 22.2979198 ], [ 73.2492163, 22.2979363 ] ] ] } },
{ "type": "Feature", "properties": { "element": "way", "id": 1530796645, "landuse": "residential" }, "geometry": { "type": "Polygon", "coordinates": [ [ [ 73.2374001, 22.2930825 ], [ 73.2373691, 22.2930331 ], [ 73.237436, 22.2929284 ], [ 73.2375513, 22.2929717 ], [ 73.2375331, 22.2930799 ], [ 73.2374001, 22.2930825 ] ] ] } },
{ "type": "Feature", "properties": { "element": "way", "id": 1530797473, "landuse": "residential" }, "geometry": { "type": "Polygon", "coordinates": [ [ [ 73.2384318, 22.300372 ], [ 73.2385113, 22.3003606 ], [ 73.238493, 22.300287 ], [ 73.2384287, 22.3003097 ], [ 73.2384318, 22.300372 ] ] ] } },
{ "type": "Feature", "properties": { "element": "way", "id": 1530798066, "landuse": "commercial" }, "geometry": { "type": "Polygon", "coordinates": [ [ [ 73.2135588, 22.3272161 ], [ 73.213653, 22.327099 ], [ 73.2138302, 22.3271616 ], [ 73.2135588, 22.3272161 ] ] ] } },
{ "type": "Feature", "properties": { "element": "way", "id": 1530798106, "landuse": "residential" }, "geometry": { "type": "Polygon", "coordinates": [ [ [ 73.2136041, 22.3273215 ], [ 73.2138448, 22.3272003 ], [ 73.2137694, 22.3273426 ], [ 73.2136041, 22.3273215 ] ] ] } },
{ "type": "Feature", "properties": { "element": "way", "id": 1531882053, "landuse": "residential" }, "geometry": { "type": "Polygon", "coordinates": [ [ [ 73.223603, 22.3125755 ], [ 73.2236688, 22.3124892 ], [ 73.2237766, 22.3125596 ], [ 73.2237108, 22.3126459 ], [ 73.223603, 22.3125755 ] ] ] } },
{ "type": "Feature", "properties": { "element": "way", "id": 1531882054, "landuse": "residential" }, "geometry": { "type": "Polygon", "coordinates": [ [ [ 73.2258582, 22.3092733 ], [ 73.225934, 22.3091714 ], [ 73.2260474, 22.3092392 ], [ 73.2259685, 22.3093477 ], [ 73.2258582, 22.3092733 ] ] ] } },
{ "type": "Feature", "properties": { "element": "way", "id": 1531882055, "landuse": "residential" }, "geometry": { "type": "Polygon", "coordinates": [ [ [ 73.2289582, 22.3046645 ], [ 73.2290477, 22.304537 ], [ 73.2291763, 22.3045773 ], [ 73.229061, 22.3047371 ], [ 73.2289582, 22.3046645 ] ] ] } },
{ "type": "Feature", "properties": { "element": "way", "id": 1531882056, "landuse": "residential" }, "geometry": { "type": "Polygon", "coordinates": [ [ [ 73.2341452, 22.3006402 ], [ 73.2341332, 22.3005009 ], [ 73.2346329, 22.3004807 ], [ 73.2346486, 22.3006138 ], [ 73.234434, 22.300626 ], [ 73.2341452, 22.3006402 ] ] ] } },
{ "type": "Feature", "properties": { "element": "way", "id": 1532155915, "landuse": "residential" }, "geometry": { "type": "Polygon", "coordinates": [ [ [ 73.2383507, 22.3003163 ], [ 73.2382952, 22.3001242 ], [ 73.2385172, 22.3000912 ], [ 73.2385729, 22.3002515 ], [ 73.2383507, 22.3003163 ] ] ] } },
{ "type": "Feature", "properties": { "element": "way", "id": 1532155916, "landuse": "residential" }, "geometry": { "type": "Polygon", "coordinates": [ [ [ 73.2492522, 22.2981074 ], [ 73.2491352, 22.2978927 ], [ 73.2494066, 22.2977988 ], [ 73.2495099, 22.2980209 ], [ 73.2492522, 22.2981074 ] ] ] } },
{ "type": "Feature", "properties": { "element": "way", "id": 1532160000, "landuse": "residential" }, "geometry": { "type": "Polygon", "coordinates": [ [ [ 73.2415962, 22.2996676 ], [ 73.2415812, 22.2995533 ], [ 73.2416897, 22.2995363 ], [ 73.2417128, 22.2996498 ], [ 73.2415962, 22.2996676 ] ] ] } },
{ "type": "Feature", "properties": { "element": "way", "id": 1532160001, "landuse": "residential" }, "geometry": { "type": "Polygon", "coordinates": [ [ [ 73.2534133, 22.2969669 ], [ 73.2533751, 22.2964235 ], [ 73.2537296, 22.2964251 ], [ 73.2537713, 22.2969369 ], [ 73.2534133, 22.2969669 ] ] ] } },
{ "type": "Feature", "properties": { "element": "way", "id": 1532160002, "landuse": null }, "geometry": { "type": "Polygon", "coordinates": [ [ [ 73.2388046, 22.3033211 ], [ 73.2373669, 22.3031821 ], [ 73.2371416, 22.3040727 ], [ 73.2369869, 22.3042171 ], [ 73.2369174, 22.3046927 ], [ 73.2374703, 22.3048178 ], [ 73.2380616, 22.3056236 ], [ 73.2384763, 22.3056944 ], [ 73.2386316, 22.304608 ], [ 73.2388046, 22.3033211 ] ] ] } },
{ "type": "Feature", "properties": { "element": "way", "id": 1532991282, "landuse": "grass" }, "geometry": { "type": "Polygon", "coordinates": [ [ [ 73.1729773, 22.3205221 ], [ 73.171195, 22.3186477 ], [ 73.171143, 22.3185364 ], [ 73.1711527, 22.3184311 ], [ 73.1721713, 22.317308 ], [ 73.1722331, 22.3172885 ], [ 73.1723421, 22.3173095 ], [ 73.1724185, 22.3173772 ], [ 73.1727128, 22.3176947 ], [ 73.1728592, 22.3177443 ], [ 73.1730641, 22.3177187 ], [ 73.1739683, 22.3180662 ], [ 73.1750505, 22.3184385 ], [ 73.1749592, 22.3188411 ], [ 73.1746032, 22.3195016 ], [ 73.1741662, 22.3201763 ], [ 73.1739662, 22.3204034 ], [ 73.1737873, 22.3203929 ], [ 73.17361, 22.3202981 ], [ 73.1734133, 22.3201387 ], [ 73.1729773, 22.3205221 ] ] ] } },
{ "type": "Feature", "properties": { "element": "way", "id": 1532994337, "landuse": "grass" }, "geometry": { "type": "Polygon", "coordinates": [ [ [ 73.1691713, 22.3232959 ], [ 73.1695057, 22.3225718 ], [ 73.170648, 22.3230838 ], [ 73.1707232, 22.3231145 ], [ 73.1703389, 22.3238335 ], [ 73.1691713, 22.3232959 ] ] ] } },
{ "type": "Feature", "properties": { "element": "way", "id": 1532994338, "landuse": "grass" }, "geometry": { "type": "Polygon", "coordinates": [ [ [ 73.1703524, 22.3238426 ], [ 73.1707419, 22.3231141 ], [ 73.1718307, 22.3235923 ], [ 73.1716236, 22.3239332 ], [ 73.1714609, 22.3240711 ], [ 73.1712527, 22.3241543 ], [ 73.1703524, 22.3238426 ] ] ] } },
{ "type": "Feature", "properties": { "element": "way", "id": 1532994339, "landuse": "grass" }, "geometry": { "type": "Polygon", "coordinates": [ [ [ 73.1707349, 22.3230616 ], [ 73.1711073, 22.322314 ], [ 73.1723074, 22.322824 ], [ 73.1720749, 22.3232617 ], [ 73.1718602, 22.3235581 ], [ 73.1707349, 22.3230616 ] ] ] } },
{ "type": "Feature", "properties": { "element": "way", "id": 1532994340, "landuse": "grass" }, "geometry": { "type": "Polygon", "coordinates": [ [ [ 73.17187, 22.323768 ], [ 73.1722636, 22.3232429 ], [ 73.1729204, 22.3236489 ], [ 73.172524, 22.3241871 ], [ 73.17187, 22.323768 ] ] ] } },
{ "type": "Feature", "properties": { "element": "way", "id": 1533006811, "landuse": "grass" }, "geometry": { "type": "Polygon", "coordinates": [ [ [ 73.1627442, 22.3071054 ], [ 73.1627417, 22.3070074 ], [ 73.1629543, 22.3070028 ], [ 73.1629549, 22.3070992 ], [ 73.1627442, 22.3071054 ] ] ] } },
{ "type": "Feature", "properties": { "element": "way", "id": 1533006812, "landuse": "grass" }, "geometry": { "type": "Polygon", "coordinates": [ [ [ 73.1632255, 22.3073691 ], [ 73.1632255, 22.3071072 ], [ 73.1634556, 22.3071 ], [ 73.1634605, 22.3073665 ], [ 73.1632255, 22.3073691 ] ] ] } },
{ "type": "Feature", "properties": { "element": "way", "id": 1533006813, "landuse": "grass" }, "geometry": { "type": "Polygon", "coordinates": [ [ [ 73.1634719, 22.3073626 ], [ 73.1634584, 22.3068341 ], [ 73.163646, 22.3068256 ], [ 73.1636439, 22.3073573 ], [ 73.1634719, 22.3073626 ] ] ] } },
{ "type": "Feature", "properties": { "element": "way", "id": 1533006814, "landuse": "grass" }, "geometry": { "type": "Polygon", "coordinates": [ [ [ 73.1637295, 22.3073631 ], [ 73.1637246, 22.3068267 ], [ 73.1639539, 22.3068207 ], [ 73.1639775, 22.3073601 ], [ 73.1637295, 22.3073631 ] ] ] } },
{ "type": "Feature", "properties": { "element": "way", "id": 1533006815, "landuse": "grass" }, "geometry": { "type": "Polygon", "coordinates": [ [ [ 73.1634569, 22.3078425 ], [ 73.1634554, 22.3076677 ], [ 73.1636409, 22.307667 ], [ 73.1636416, 22.3078445 ], [ 73.1634569, 22.3078425 ] ] ] } },
{ "type": "Feature", "properties": { "element": "way", "id": 1533007297, "landuse": null }, "geometry": { "type": "Polygon", "coordinates": [ [ [ 73.1794449, 22.3230094 ], [ 73.1794297, 22.3230382 ], [ 73.1794061, 22.3230616 ], [ 73.1793762, 22.3230777 ], [ 73.1793426, 22.3230851 ], [ 73.179308, 22.3230832 ], [ 73.1792718, 22.3230701 ], [ 73.1792422, 22.3230469 ], [ 73.1792223, 22.323016 ], [ 73.1792143, 22.3229808 ], [ 73.1792192, 22.3229451 ], [ 73.1792362, 22.3229128 ], [ 73.1792637, 22.3228874 ], [ 73.1792986, 22.3228716 ], [ 73.1793372, 22.3228672 ], [ 73.1793752, 22.3228745 ], [ 73.1794086, 22.3228929 ], [ 73.1794315, 22.322917 ], [ 73.1794458, 22.3229461 ], [ 73.1794504, 22.3229778 ], [ 73.1794449, 22.3230094 ] ] ] } },
{ "type": "Feature", "properties": { "element": "way", "id": 1533007895, "landuse": "grass" }, "geometry": { "type": "Polygon", "coordinates": [ [ [ 73.1689077, 22.3136827 ], [ 73.1689028, 22.3133525 ], [ 73.169302, 22.3133464 ], [ 73.1693142, 22.3136767 ], [ 73.1689077, 22.3136827 ] ] ] } },
{ "type": "Feature", "properties": { "element": "way", "id": 1533010633, "landuse": "grass" }, "geometry": { "type": "Polygon", "coordinates": [ [ [ 73.1709618, 22.315866 ], [ 73.170959, 22.3155022 ], [ 73.1712093, 22.3155083 ], [ 73.1712121, 22.3158643 ], [ 73.1709618, 22.315866 ] ] ] } },
{ "type": "Feature", "properties": { "element": "way", "id": 1533010645, "landuse": "grass" }, "geometry": { "type": "Polygon", "coordinates": [ [ [ 73.1722271, 22.3165764 ], [ 73.172229, 22.3164546 ], [ 73.1724871, 22.3164552 ], [ 73.1724876, 22.3165807 ], [ 73.1722271, 22.3165764 ] ] ] } },
{ "type": "Feature", "properties": { "element": "way", "id": 1533010646, "landuse": "grass" }, "geometry": { "type": "Polygon", "coordinates": [ [ [ 73.172203, 22.317097 ], [ 73.1722019, 22.3167843 ], [ 73.1725131, 22.3167923 ], [ 73.1725217, 22.3172994 ], [ 73.172203, 22.317097 ] ] ] } },
{ "type": "Feature", "properties": { "element": "way", "id": 1533010673, "landuse": "grass" }, "geometry": { "type": "Polygon", "coordinates": [ [ [ 73.1743767, 22.3181661 ], [ 73.1744207, 22.3179865 ], [ 73.1746562, 22.3180142 ], [ 73.1746894, 22.31804 ], [ 73.1746047, 22.3182534 ], [ 73.1743767, 22.3181661 ] ] ] } },
{ "type": "Feature", "properties": { "element": "way", "id": 1533027407, "landuse": "grass" }, "geometry": { "type": "Polygon", "coordinates": [ [ [ 73.1719313, 22.315326 ], [ 73.1719308, 22.3150487 ], [ 73.1722113, 22.3150444 ], [ 73.1722232, 22.315323 ], [ 73.1719313, 22.315326 ] ] ] } },
{ "type": "Feature", "properties": { "element": "way", "id": 1533027421, "landuse": "grass" }, "geometry": { "type": "Polygon", "coordinates": [ [ [ 73.1725993, 22.3164924 ], [ 73.1728735, 22.3164869 ], [ 73.1728713, 22.3163157 ], [ 73.1725977, 22.3163187 ], [ 73.1725993, 22.3164924 ] ] ] } },
{ "type": "Feature", "properties": { "element": "way", "id": 1533027422, "landuse": "grass" }, "geometry": { "type": "Polygon", "coordinates": [ [ [ 73.1725976, 22.3162057 ], [ 73.1728751, 22.3162017 ], [ 73.1728751, 22.3159136 ], [ 73.1725969, 22.3159149 ], [ 73.1725976, 22.3162057 ] ] ] } },
{ "type": "Feature", "properties": { "element": "way", "id": 1533027436, "landuse": "grass" }, "geometry": { "type": "Polygon", "coordinates": [ [ [ 73.1739416, 22.3160552 ], [ 73.1742324, 22.3160522 ], [ 73.1742342, 22.3161936 ], [ 73.1739431, 22.3161963 ], [ 73.1739416, 22.3160552 ] ] ] } },
{ "type": "Feature", "properties": { "element": "way", "id": 1533027447, "landuse": "grass" }, "geometry": { "type": "Polygon", "coordinates": [ [ [ 73.173367, 22.3158605 ], [ 73.173366, 22.3155779 ], [ 73.173861, 22.3155684 ], [ 73.1738694, 22.315857 ], [ 73.173367, 22.3158605 ] ] ] } },
{ "type": "Feature", "properties": { "element": "way", "id": 1533027471, "landuse": "grass" }, "geometry": { "type": "Polygon", "coordinates": [ [ [ 73.173946, 22.3158642 ], [ 73.1739409, 22.3155691 ], [ 73.1742388, 22.3155674 ], [ 73.1742421, 22.315862 ], [ 73.173946, 22.3158642 ] ] ] } },
{ "type": "Feature", "properties": { "element": "way", "id": 1533027472, "landuse": "grass" }, "geometry": { "type": "Polygon", "coordinates": [ [ [ 73.1735597, 22.3161826 ], [ 73.1735511, 22.3159106 ], [ 73.173906, 22.3159004 ], [ 73.1739075, 22.3162757 ], [ 73.1735618, 22.3162837 ], [ 73.1735597, 22.3161826 ] ] ] } },
{ "type": "Feature", "properties": { "element": "way", "id": 1533027478, "landuse": "grass" }, "geometry": { "type": "Polygon", "coordinates": [ [ [ 73.1748014, 22.3170673 ], [ 73.1748108, 22.316777 ], [ 73.1752273, 22.316777 ], [ 73.1751012, 22.3170811 ], [ 73.1748014, 22.3170673 ] ] ] } },
{ "type": "Feature", "properties": { "element": "way", "id": 1533027479, "landuse": "grass" }, "geometry": { "type": "Polygon", "coordinates": [ [ [ 73.1749827, 22.3177009 ], [ 73.1753154, 22.316957 ], [ 73.1753657, 22.3167124 ], [ 73.1753871, 22.3161546 ], [ 73.175385, 22.3160593 ], [ 73.1759085, 22.3160434 ], [ 73.1759391, 22.3159739 ], [ 73.1759122, 22.3157919 ], [ 73.1758426, 22.3156059 ], [ 73.1757773, 22.3154668 ], [ 73.1757477, 22.3153392 ], [ 73.1761665, 22.3152519 ], [ 73.1765461, 22.3151425 ], [ 73.1768838, 22.3150837 ], [ 73.1769134, 22.3150951 ], [ 73.1769368, 22.3152399 ], [ 73.1769849, 22.3153596 ], [ 73.1771574, 22.3159034 ], [ 73.1772434, 22.3162189 ], [ 73.1772917, 22.3162566 ], [ 73.1777447, 22.3162444 ], [ 73.1781561, 22.3162531 ], [ 73.1787549, 22.316273 ], [ 73.1788308, 22.3162849 ], [ 73.1786005, 22.3167105 ], [ 73.1781338, 22.3165661 ], [ 73.1777321, 22.31653 ], [ 73.1773792, 22.3165826 ], [ 73.1772247, 22.3167662 ], [ 73.1772052, 22.3170415 ], [ 73.1771711, 22.3175605 ], [ 73.1761419, 22.3175395 ], [ 73.1759385, 22.3179044 ], [ 73.1758281, 22.3180759 ], [ 73.1751769, 22.3177931 ], [ 73.1749827, 22.3177009 ] ] ] } },
{ "type": "Feature", "properties": { "element": "way", "id": 1533027499, "landuse": "grass" }, "geometry": { "type": "Polygon", "coordinates": [ [ [ 73.1721741, 22.3121567 ], [ 73.1721752, 22.311844 ], [ 73.1725164, 22.311849 ], [ 73.1725218, 22.3121497 ], [ 73.1721741, 22.3121567 ] ] ] } },
{ "type": "Feature", "properties": { "element": "way", "id": 1533030525, "landuse": "grass" }, "geometry": { "type": "Polygon", "coordinates": [ [ [ 73.172613, 22.3147746 ], [ 73.1725983, 22.3142193 ], [ 73.1732034, 22.3142171 ], [ 73.1731972, 22.3147563 ], [ 73.172613, 22.3147746 ] ] ] } },
{ "type": "Feature", "properties": { "element": "way", "id": 1533030526, "landuse": "grass" }, "geometry": { "type": "Polygon", "coordinates": [ [ [ 73.1729426, 22.3141508 ], [ 73.1729454, 22.3137553 ], [ 73.1731875, 22.3137592 ], [ 73.1731833, 22.3141508 ], [ 73.1729426, 22.3141508 ] ] ] } },
{ "type": "Feature", "properties": { "element": "way", "id": 1533030527, "landuse": "grass" }, "geometry": { "type": "Polygon", "coordinates": [ [ [ 73.1709541, 22.3136937 ], [ 73.1709634, 22.3133878 ], [ 73.1712399, 22.3133835 ], [ 73.1712408, 22.3136885 ], [ 73.1709541, 22.3136937 ] ] ] } },
{ "type": "Feature", "properties": { "element": "way", "id": 1533036363, "landuse": "grass" }, "geometry": { "type": "Polygon", "coordinates": [ [ [ 73.1692284, 22.32237 ], [ 73.1695758, 22.3216356 ], [ 73.1710534, 22.3222352 ], [ 73.170691, 22.3230007 ], [ 73.1692284, 22.32237 ] ] ] } },
{ "type": "Feature", "properties": { "element": "way", "id": 1533036364, "landuse": "grass" }, "geometry": { "type": "Polygon", "coordinates": [ [ [ 73.1695856, 22.3216108 ], [ 73.1699979, 22.3207368 ], [ 73.1707215, 22.3209805 ], [ 73.1702776, 22.3218951 ], [ 73.1695856, 22.3216108 ] ] ] } },
{ "type": "Feature", "properties": { "element": "way", "id": 1533036365, "landuse": "grass" }, "geometry": { "type": "Polygon", "coordinates": [ [ [ 73.1702922, 22.3219026 ], [ 73.1705979, 22.3212678 ], [ 73.1710386, 22.3214423 ], [ 73.1707248, 22.3220786 ], [ 73.1702922, 22.3219026 ] ] ] } },
{ "type": "Feature", "properties": { "element": "way", "id": 1533036366, "landuse": "grass" }, "geometry": { "type": "Polygon", "coordinates": [ [ [ 73.1700213, 22.3207033 ], [ 73.1702096, 22.320313 ], [ 73.1703638, 22.3204125 ], [ 73.1703581, 22.3204623 ], [ 73.1703702, 22.3204924 ], [ 73.1704006, 22.3205042 ], [ 73.1704587, 22.3204904 ], [ 73.1704983, 22.3204826 ], [ 73.1707341, 22.3206295 ], [ 73.1708714, 22.3204553 ], [ 73.1713811, 22.3207591 ], [ 73.1710923, 22.321017 ], [ 73.1710513, 22.321072 ], [ 73.1700213, 22.3207033 ] ] ] } },
{ "type": "Feature", "properties": { "element": "way", "id": 1533036367, "landuse": "grass" }, "geometry": { "type": "Polygon", "coordinates": [ [ [ 73.1705985, 22.3212594 ], [ 73.1707322, 22.3209846 ], [ 73.1710453, 22.3210987 ], [ 73.1710946, 22.3210542 ], [ 73.1712188, 22.3211545 ], [ 73.1710787, 22.3213123 ], [ 73.1710418, 22.3214341 ], [ 73.1705985, 22.3212594 ] ] ] } },
{ "type": "Feature", "properties": { "element": "way", "id": 1533036369, "landuse": "grass" }, "geometry": { "type": "Polygon", "coordinates": [ [ [ 73.1708876, 22.3218165 ], [ 73.1711064, 22.3213619 ], [ 73.1712942, 22.3215088 ], [ 73.1713972, 22.3215544 ], [ 73.1712019, 22.3219614 ], [ 73.1708876, 22.3218165 ] ] ] } },
{ "type": "Feature", "properties": { "element": "way", "id": 1533036372, "landuse": "grass" }, "geometry": { "type": "Polygon", "coordinates": [ [ [ 73.16472, 22.3106497 ], [ 73.1649032, 22.3106439 ], [ 73.1649156, 22.3100499 ], [ 73.1646982, 22.3100549 ], [ 73.16472, 22.3106497 ] ] ] } },
{ "type": "Feature", "properties": { "element": "way", "id": 1533036373, "landuse": "grass" }, "geometry": { "type": "Polygon", "coordinates": [ [ [ 73.163865, 22.3106318 ], [ 73.1638575, 22.3101365 ], [ 73.1640603, 22.3101355 ], [ 73.1640763, 22.3106269 ], [ 73.163865, 22.3106318 ] ] ] } },
{ "type": "Feature", "properties": { "element": "way", "id": 1533036374, "landuse": "grass" }, "geometry": { "type": "Polygon", "coordinates": [ [ [ 73.1638697, 22.310976 ], [ 73.1638894, 22.3107764 ], [ 73.1640584, 22.3107746 ], [ 73.1640584, 22.310963 ], [ 73.1638697, 22.310976 ] ] ] } },
{ "type": "Feature", "properties": { "element": "way", "id": 1533036377, "landuse": "grass" }, "geometry": { "type": "Polygon", "coordinates": [ [ [ 73.1635727, 22.3121523 ], [ 73.1636757, 22.3116441 ], [ 73.1639268, 22.3116759 ], [ 73.163871, 22.3118843 ], [ 73.1638527, 22.3121771 ], [ 73.1635727, 22.3121523 ] ] ] } },
{ "type": "Feature", "properties": { "element": "way", "id": 1533036378, "landuse": "grass" }, "geometry": { "type": "Polygon", "coordinates": [ [ [ 73.1614869, 22.3088384 ], [ 73.1613953, 22.3084875 ], [ 73.1617474, 22.3084201 ], [ 73.1618343, 22.3087589 ], [ 73.1614869, 22.3088384 ] ] ] } },
{ "type": "Feature", "properties": { "element": "way", "id": 1533036379, "landuse": "grass" }, "geometry": { "type": "Polygon", "coordinates": [ [ [ 73.1619875, 22.3087744 ], [ 73.1619118, 22.3083882 ], [ 73.1622695, 22.308319 ], [ 73.1623331, 22.30872 ], [ 73.1619875, 22.3087744 ] ] ] } },
{ "type": "Feature", "properties": { "element": "way", "id": 1533036380, "landuse": "grass" }, "geometry": { "type": "Polygon", "coordinates": [ [ [ 73.1626345, 22.3090805 ], [ 73.1625836, 22.3088156 ], [ 73.1631296, 22.3087347 ], [ 73.1631678, 22.3090174 ], [ 73.1626345, 22.3090805 ] ] ] } },
{ "type": "Feature", "properties": { "element": "way", "id": 1533036381, "landuse": "grass" }, "geometry": { "type": "Polygon", "coordinates": [ [ [ 73.1615042, 22.3097773 ], [ 73.1615504, 22.3093723 ], [ 73.1624397, 22.3091483 ], [ 73.1632254, 22.309054 ], [ 73.1632157, 22.3093826 ], [ 73.1629474, 22.3094035 ], [ 73.1629485, 22.3096099 ], [ 73.1627866, 22.3096152 ], [ 73.1624044, 22.3096547 ], [ 73.1619391, 22.3097423 ], [ 73.1615042, 22.3097773 ] ] ] } },
{ "type": "Feature", "properties": { "element": "way", "id": 1533036382, "landuse": "grass" }, "geometry": { "type": "Polygon", "coordinates": [ [ [ 73.1632147, 22.3096334 ], [ 73.1632204, 22.3094115 ], [ 73.163792, 22.3094055 ], [ 73.1637928, 22.3094898 ], [ 73.1638424, 22.3094868 ], [ 73.1638448, 22.3096869 ], [ 73.1639362, 22.3096892 ], [ 73.1639319, 22.309789 ], [ 73.1635054, 22.3097913 ], [ 73.1632892, 22.3097594 ], [ 73.1632147, 22.3096334 ] ] ] } },
{ "type": "Feature", "properties": { "element": "way", "id": 1533036384, "landuse": "grass" }, "geometry": { "type": "Polygon", "coordinates": [ [ [ 73.1619909, 22.3103435 ], [ 73.1620274, 22.3100735 ], [ 73.1624876, 22.3100974 ], [ 73.1624941, 22.3098065 ], [ 73.1631346, 22.3097232 ], [ 73.1631132, 22.310041 ], [ 73.1628464, 22.310022 ], [ 73.16284, 22.3100717 ], [ 73.1626595, 22.310077 ], [ 73.1626454, 22.3103671 ], [ 73.1619909, 22.3103435 ] ] ] } },
{ "type": "Feature", "properties": { "element": "way", "id": 1533036385, "landuse": null }, "geometry": { "type": "Polygon", "coordinates": [ [ [ 73.1659523, 22.311738 ], [ 73.1659549, 22.3115081 ], [ 73.1661604, 22.3114989 ], [ 73.1661596, 22.3117283 ], [ 73.1659523, 22.311738 ] ] ] } },
{ "type": "Feature", "properties": { "element": "way", "id": 1533036386, "landuse": "grass" }, "geometry": { "type": "Polygon", "coordinates": [ [ [ 73.1648303, 22.313079 ], [ 73.1648572, 22.3128825 ], [ 73.1653968, 22.3128676 ], [ 73.1654054, 22.313082 ], [ 73.1648303, 22.313079 ] ] ] } },
{ "type": "Feature", "properties": { "element": "way", "id": 1533036388, "landuse": "grass" }, "geometry": { "type": "Polygon", "coordinates": [ [ [ 73.1658786, 22.3146602 ], [ 73.1659344, 22.3140856 ], [ 73.1661973, 22.3139188 ], [ 73.1664344, 22.3138632 ], [ 73.1666157, 22.3138285 ], [ 73.1667037, 22.3143287 ], [ 73.1666522, 22.314422 ], [ 73.1665245, 22.314421 ], [ 73.1662734, 22.3148568 ], [ 73.1658786, 22.3146602 ] ] ] } },
{ "type": "Feature", "properties": { "element": "way", "id": 1533036391, "landuse": "grass" }, "geometry": { "type": "Polygon", "coordinates": [ [ [ 73.1666462, 22.3150221 ], [ 73.1668237, 22.3147291 ], [ 73.1669778, 22.3145741 ], [ 73.1671639, 22.3145501 ], [ 73.1674091, 22.3146391 ], [ 73.1676233, 22.3145435 ], [ 73.167767, 22.3147559 ], [ 73.1679086, 22.3148929 ], [ 73.1676095, 22.3152182 ], [ 73.1676948, 22.3152914 ], [ 73.1676201, 22.3154149 ], [ 73.1676267, 22.3154771 ], [ 73.1676621, 22.3155238 ], [ 73.1675008, 22.3157328 ], [ 73.1672542, 22.3155047 ], [ 73.1669217, 22.3152032 ], [ 73.1666462, 22.3150221 ] ] ] } },
{ "type": "Feature", "properties": { "element": "way", "id": 1533036392, "landuse": "grass" }, "geometry": { "type": "Polygon", "coordinates": [ [ [ 73.1668043, 22.3155153 ], [ 73.1666316, 22.3153333 ], [ 73.1662593, 22.3151644 ], [ 73.1657497, 22.3149653 ], [ 73.1650567, 22.3151286 ], [ 73.1649975, 22.3152289 ], [ 73.1649396, 22.3156097 ], [ 73.1644959, 22.3156713 ], [ 73.1643061, 22.3158469 ], [ 73.1642144, 22.3159063 ], [ 73.1637362, 22.3158903 ], [ 73.1637166, 22.3164959 ], [ 73.164089, 22.3165312 ], [ 73.164331, 22.3165365 ], [ 73.1645774, 22.3165469 ], [ 73.1647784, 22.3166779 ], [ 73.1650549, 22.3168385 ], [ 73.1654986, 22.3170336 ], [ 73.1656713, 22.3168184 ], [ 73.1657566, 22.3166566 ], [ 73.1657534, 22.3165107 ], [ 73.1656607, 22.3163186 ], [ 73.1657111, 22.3162584 ], [ 73.1658578, 22.3163499 ], [ 73.1660649, 22.3164938 ], [ 73.1668043, 22.3155153 ] ] ] } },
{ "type": "Feature", "properties": { "element": "way", "id": 1533036393, "landuse": "grass" }, "geometry": { "type": "Polygon", "coordinates": [ [ [ 73.1636872, 22.3177491 ], [ 73.1637387, 22.3175635 ], [ 73.1637548, 22.317371 ], [ 73.1637634, 22.3170672 ], [ 73.1637491, 22.3169239 ], [ 73.1637223, 22.3167234 ], [ 73.1637304, 22.316533 ], [ 73.164062, 22.3165459 ], [ 73.164181, 22.3166948 ], [ 73.1645727, 22.3169846 ], [ 73.1647347, 22.3170819 ], [ 73.1645877, 22.3174052 ], [ 73.164938, 22.3175685 ], [ 73.1649413, 22.3176588 ], [ 73.1649779, 22.3177152 ], [ 73.165099, 22.3177945 ], [ 73.1652355, 22.3179495 ], [ 73.1652323, 22.318042 ], [ 73.1642293, 22.3179163 ], [ 73.163678, 22.3177851 ], [ 73.1636872, 22.3177491 ] ] ] } },
{ "type": "Feature", "properties": { "element": "way", "id": 1533039255, "landuse": "grass" }, "geometry": { "type": "Polygon", "coordinates": [ [ [ 73.1629892, 22.3152232 ], [ 73.162981, 22.3151909 ], [ 73.1630453, 22.3151428 ], [ 73.1632941, 22.3150036 ], [ 73.1634526, 22.3151969 ], [ 73.1632469, 22.3152142 ], [ 73.1630241, 22.315224 ], [ 73.1629892, 22.3152232 ] ] ] } },
{ "type": "Feature", "properties": { "element": "way", "id": 1533039257, "landuse": "commercial" }, "geometry": { "type": "Polygon", "coordinates": [ [ [ 73.1665539, 22.3170297 ], [ 73.1661181, 22.3167198 ], [ 73.1666011, 22.3160954 ], [ 73.1670808, 22.3164625 ], [ 73.1665539, 22.3170297 ] ] ] } },
{ "type": "Feature", "properties": { "element": "way", "id": 1533039258, "landuse": "commercial" }, "geometry": { "type": "Polygon", "coordinates": [ [ [ 73.1647525, 22.3195691 ], [ 73.1649134, 22.3188604 ], [ 73.1658404, 22.319049 ], [ 73.1656494, 22.3198033 ], [ 73.1647525, 22.3195691 ] ] ] } },
{ "type": "Feature", "properties": { "element": "way", "id": 1533039259, "landuse": "grass" }, "geometry": { "type": "Polygon", "coordinates": [ [ [ 73.1677573, 22.3218745 ], [ 73.1685931, 22.3208786 ], [ 73.1671588, 22.320325 ], [ 73.165731, 22.3197804 ], [ 73.1656562, 22.3198827 ], [ 73.1655522, 22.3198496 ], [ 73.1653928, 22.32031 ], [ 73.1657571, 22.3204965 ], [ 73.1657506, 22.3206289 ], [ 73.1677573, 22.3218745 ] ] ] } },
{ "type": "Feature", "properties": { "element": "way", "id": 1533039260, "landuse": "grass" }, "geometry": { "type": "Polygon", "coordinates": [ [ [ 73.1691232, 22.323268 ], [ 73.1674414, 22.3225661 ], [ 73.1683248, 22.321707 ], [ 73.1692563, 22.3220842 ], [ 73.1691346, 22.3223697 ], [ 73.1691515, 22.3224325 ], [ 73.16948, 22.3225713 ], [ 73.1691232, 22.323268 ] ] ] } },
{ "type": "Feature", "properties": { "element": "way", "id": 1533039261, "landuse": "grass" }, "geometry": { "type": "Polygon", "coordinates": [ [ [ 73.1683441, 22.321683 ], [ 73.168968, 22.3209244 ], [ 73.1693737, 22.320394 ], [ 73.169925, 22.3197153 ], [ 73.1705067, 22.3191163 ], [ 73.1706397, 22.319156 ], [ 73.1708478, 22.3193207 ], [ 73.1703436, 22.3199639 ], [ 73.1699788, 22.320611 ], [ 73.1692754, 22.3220632 ], [ 73.1683441, 22.321683 ] ] ] } },
{ "type": "Feature", "properties": { "element": "way", "id": 1533039265, "landuse": "grass" }, "geometry": { "type": "Polygon", "coordinates": [ [ [ 73.1703063, 22.3179028 ], [ 73.1705734, 22.3175922 ], [ 73.1707591, 22.3173599 ], [ 73.1709618, 22.3174781 ], [ 73.1712118, 22.3176408 ], [ 73.1714897, 22.317354 ], [ 73.1717171, 22.3175346 ], [ 73.1715058, 22.3177699 ], [ 73.1711002, 22.3181708 ], [ 73.170957, 22.3183132 ], [ 73.1709109, 22.3183281 ], [ 73.1708443, 22.3183003 ], [ 73.1703063, 22.3179028 ] ] ] } },
{ "type": "Feature", "properties": { "element": "way", "id": 1533173700, "landuse": null }, "geometry": { "type": "Polygon", "coordinates": [ [ [ 73.1803793, 22.3231145 ], [ 73.1803641, 22.3231433 ], [ 73.1803405, 22.3231667 ], [ 73.1803106, 22.3231828 ], [ 73.180277, 22.3231902 ], [ 73.1802424, 22.3231883 ], [ 73.1802062, 22.3231752 ], [ 73.1801766, 22.323152 ], [ 73.1801567, 22.3231211 ], [ 73.1801487, 22.3230859 ], [ 73.1801536, 22.3230502 ], [ 73.1801706, 22.3230179 ], [ 73.1801981, 22.3229925 ], [ 73.180233, 22.3229767 ], [ 73.1802716, 22.3229723 ], [ 73.1803096, 22.3229796 ], [ 73.180343, 22.322998 ], [ 73.1803659, 22.3230221 ], [ 73.1803802, 22.3230512 ], [ 73.1803848, 22.3230829 ], [ 73.1803793, 22.3231145 ] ] ] } },
{ "type": "Feature", "properties": { "element": "way", "id": 1533173701, "landuse": null }, "geometry": { "type": "Polygon", "coordinates": [ [ [ 73.1790782, 22.3233382 ], [ 73.179063, 22.323367 ], [ 73.1790394, 22.3233904 ], [ 73.1790095, 22.3234065 ], [ 73.1789759, 22.3234139 ], [ 73.1789413, 22.323412 ], [ 73.1789051, 22.3233989 ], [ 73.1788755, 22.3233757 ], [ 73.1788556, 22.3233448 ], [ 73.1788476, 22.3233096 ], [ 73.1788525, 22.3232739 ], [ 73.1788695, 22.3232416 ], [ 73.178897, 22.3232162 ], [ 73.1789319, 22.3232004 ], [ 73.1789705, 22.323196 ], [ 73.1790085, 22.3232033 ], [ 73.1790419, 22.3232217 ], [ 73.1790648, 22.3232458 ], [ 73.1790791, 22.3232749 ], [ 73.1790837, 22.3233066 ], [ 73.1790782, 22.3233382 ] ] ] } },
{ "type": "Feature", "properties": { "element": "way", "id": 1533173702, "landuse": null }, "geometry": { "type": "Polygon", "coordinates": [ [ [ 73.1781371, 22.3229136 ], [ 73.1781219, 22.3229424 ], [ 73.1780983, 22.3229658 ], [ 73.1780684, 22.3229819 ], [ 73.1780348, 22.3229893 ], [ 73.1780002, 22.3229874 ], [ 73.177964, 22.3229743 ], [ 73.1779344, 22.3229511 ], [ 73.1779145, 22.3229202 ], [ 73.1779065, 22.322885 ], [ 73.1779114, 22.3228493 ], [ 73.1779284, 22.322817 ], [ 73.1779559, 22.3227916 ], [ 73.1779908, 22.3227758 ], [ 73.1780294, 22.3227714 ], [ 73.1780674, 22.3227787 ], [ 73.1781008, 22.3227971 ], [ 73.1781237, 22.3228212 ], [ 73.178138, 22.3228503 ], [ 73.1781426, 22.322882 ], [ 73.1781371, 22.3229136 ] ] ] } },
{ "type": "Feature", "properties": { "element": "way", "id": 1533173703, "landuse": null }, "geometry": { "type": "Polygon", "coordinates": [ [ [ 73.1783339, 22.3229337 ], [ 73.1783187, 22.3229625 ], [ 73.1782951, 22.3229859 ], [ 73.1782652, 22.323002 ], [ 73.1782316, 22.3230094 ], [ 73.178197, 22.3230075 ], [ 73.1781608, 22.3229944 ], [ 73.1781312, 22.3229712 ], [ 73.1781113, 22.3229403 ], [ 73.1781033, 22.3229051 ], [ 73.1781082, 22.3228694 ], [ 73.1781252, 22.3228371 ], [ 73.1781527, 22.3228117 ], [ 73.1781876, 22.3227959 ], [ 73.1782262, 22.3227915 ], [ 73.1782642, 22.3227988 ], [ 73.1782976, 22.3228172 ], [ 73.1783205, 22.3228413 ], [ 73.1783348, 22.3228704 ], [ 73.1783394, 22.3229021 ], [ 73.1783339, 22.3229337 ] ] ] } },
{ "type": "Feature", "properties": { "element": "way", "id": 1533173704, "landuse": null }, "geometry": { "type": "Polygon", "coordinates": [ [ [ 73.1788019, 22.3230154 ], [ 73.1787867, 22.3230442 ], [ 73.1787631, 22.3230676 ], [ 73.1787332, 22.3230837 ], [ 73.1786996, 22.3230911 ], [ 73.178665, 22.3230892 ], [ 73.1786288, 22.3230761 ], [ 73.1785992, 22.3230529 ], [ 73.1785793, 22.323022 ], [ 73.1785713, 22.3229868 ], [ 73.1785762, 22.3229511 ], [ 73.1785932, 22.3229188 ], [ 73.1786207, 22.3228934 ], [ 73.1786556, 22.3228776 ], [ 73.1786942, 22.3228732 ], [ 73.1787322, 22.3228805 ], [ 73.1787656, 22.3228989 ], [ 73.1787885, 22.322923 ], [ 73.1788028, 22.3229521 ], [ 73.1788074, 22.3229838 ], [ 73.1788019, 22.3230154 ] ] ] } },
{ "type": "Feature", "properties": { "element": "way", "id": 1533173705, "landuse": null }, "geometry": { "type": "Polygon", "coordinates": [ [ [ 73.1781046, 22.3232892 ], [ 73.1780894, 22.323318 ], [ 73.1780658, 22.3233414 ], [ 73.1780359, 22.3233575 ], [ 73.1780023, 22.3233649 ], [ 73.1779677, 22.323363 ], [ 73.1779315, 22.3233499 ], [ 73.1779019, 22.3233267 ], [ 73.177882, 22.3232958 ], [ 73.177874, 22.3232606 ], [ 73.1778789, 22.3232249 ], [ 73.1778959, 22.3231926 ], [ 73.1779234, 22.3231672 ], [ 73.1779583, 22.3231514 ], [ 73.1779969, 22.323147 ], [ 73.1780349, 22.3231543 ], [ 73.1780683, 22.3231727 ], [ 73.1780912, 22.3231968 ], [ 73.1781055, 22.3232259 ], [ 73.1781101, 22.3232576 ], [ 73.1781046, 22.3232892 ] ] ] } },
{ "type": "Feature", "properties": { "element": "way", "id": 1533173706, "landuse": null }, "geometry": { "type": "Polygon", "coordinates": [ [ [ 73.1788221, 22.3233608 ], [ 73.1788069, 22.3233896 ], [ 73.1787833, 22.323413 ], [ 73.1787534, 22.3234291 ], [ 73.1787198, 22.3234365 ], [ 73.1786852, 22.3234346 ], [ 73.178649, 22.3234215 ], [ 73.1786194, 22.3233983 ], [ 73.1785995, 22.3233674 ], [ 73.1785915, 22.3233322 ], [ 73.1785964, 22.3232965 ], [ 73.1786134, 22.3232642 ], [ 73.1786409, 22.3232388 ], [ 73.1786758, 22.323223 ], [ 73.1787144, 22.3232186 ], [ 73.1787524, 22.3232259 ], [ 73.1787858, 22.3232443 ], [ 73.1788087, 22.3232684 ], [ 73.178823, 22.3232975 ], [ 73.1788276, 22.3233292 ], [ 73.1788221, 22.3233608 ] ] ] } },
{ "type": "Feature", "properties": { "element": "way", "id": 1533173707, "landuse": null }, "geometry": { "type": "Polygon", "coordinates": [ [ [ 73.1773565, 22.3228344 ], [ 73.1773413, 22.3228632 ], [ 73.1773177, 22.3228866 ], [ 73.1772878, 22.3229027 ], [ 73.1772542, 22.3229101 ], [ 73.1772196, 22.3229082 ], [ 73.1771834, 22.3228951 ], [ 73.1771538, 22.3228719 ], [ 73.1771339, 22.322841 ], [ 73.1771259, 22.3228058 ], [ 73.1771308, 22.3227701 ], [ 73.1771478, 22.3227378 ], [ 73.1771753, 22.3227124 ], [ 73.1772102, 22.3226966 ], [ 73.1772488, 22.3226922 ], [ 73.1772868, 22.3226995 ], [ 73.1773202, 22.3227179 ], [ 73.1773431, 22.322742 ], [ 73.1773574, 22.3227711 ], [ 73.177362, 22.3228028 ], [ 73.1773565, 22.3228344 ] ] ] } },
{ "type": "Feature", "properties": { "element": "way", "id": 1533173708, "landuse": null }, "geometry": { "type": "Polygon", "coordinates": [ [ [ 73.1777143, 22.3228558 ], [ 73.1776991, 22.3228846 ], [ 73.1776755, 22.322908 ], [ 73.1776456, 22.3229241 ], [ 73.177612, 22.3229315 ], [ 73.1775774, 22.3229296 ], [ 73.1775412, 22.3229165 ], [ 73.1775116, 22.3228933 ], [ 73.1774917, 22.3228624 ], [ 73.1774837, 22.3228272 ], [ 73.1774886, 22.3227915 ], [ 73.1775056, 22.3227592 ], [ 73.1775331, 22.3227338 ], [ 73.177568, 22.322718 ], [ 73.1776066, 22.3227136 ], [ 73.1776446, 22.3227209 ], [ 73.177678, 22.3227393 ], [ 73.1777009, 22.3227634 ], [ 73.1777152, 22.3227925 ], [ 73.1777198, 22.3228242 ], [ 73.1777143, 22.3228558 ] ] ] } },
{ "type": "Feature", "properties": { "element": "way", "id": 1533173709, "landuse": null }, "geometry": { "type": "Polygon", "coordinates": [ [ [ 73.1776976, 22.3231535 ], [ 73.1776824, 22.3231823 ], [ 73.1776588, 22.3232057 ], [ 73.1776289, 22.3232218 ], [ 73.1775953, 22.3232292 ], [ 73.1775607, 22.3232273 ], [ 73.1775245, 22.3232142 ], [ 73.1774949, 22.323191 ], [ 73.177475, 22.3231601 ], [ 73.177467, 22.3231249 ], [ 73.1774719, 22.3230892 ], [ 73.1774889, 22.3230569 ], [ 73.1775164, 22.3230315 ], [ 73.1775513, 22.3230157 ], [ 73.1775899, 22.3230113 ], [ 73.1776279, 22.3230186 ], [ 73.1776613, 22.323037 ], [ 73.1776842, 22.3230611 ], [ 73.1776985, 22.3230902 ], [ 73.1777031, 22.3231219 ], [ 73.1776976, 22.3231535 ] ] ] } },
{ "type": "Feature", "properties": { "element": "way", "id": 1533173710, "landuse": null }, "geometry": { "type": "Polygon", "coordinates": [ [ [ 73.1777006, 22.3238703 ], [ 73.1776854, 22.3238991 ], [ 73.1776618, 22.3239225 ], [ 73.1776319, 22.3239386 ], [ 73.1775983, 22.323946 ], [ 73.1775637, 22.3239441 ], [ 73.1775275, 22.323931 ], [ 73.1774979, 22.3239078 ], [ 73.177478, 22.3238769 ], [ 73.17747, 22.3238417 ], [ 73.1774749, 22.323806 ], [ 73.1774919, 22.3237737 ], [ 73.1775194, 22.3237483 ], [ 73.1775543, 22.3237325 ], [ 73.1775929, 22.3237281 ], [ 73.1776309, 22.3237354 ], [ 73.1776643, 22.3237538 ], [ 73.1776872, 22.3237779 ], [ 73.1777015, 22.323807 ], [ 73.1777061, 22.3238387 ], [ 73.1777006, 22.3238703 ] ] ] } },
{ "type": "Feature", "properties": { "element": "way", "id": 1533173711, "landuse": null }, "geometry": { "type": "Polygon", "coordinates": [ [ [ 73.1779255, 22.3240841 ], [ 73.1779103, 22.3241129 ], [ 73.1778867, 22.3241363 ], [ 73.1778568, 22.3241524 ], [ 73.1778232, 22.3241598 ], [ 73.1777886, 22.3241579 ], [ 73.1777524, 22.3241448 ], [ 73.1777228, 22.3241216 ], [ 73.1777029, 22.3240907 ], [ 73.1776949, 22.3240555 ], [ 73.1776998, 22.3240198 ], [ 73.1777168, 22.3239875 ], [ 73.1777443, 22.3239621 ], [ 73.1777792, 22.3239463 ], [ 73.1778178, 22.3239419 ], [ 73.1778558, 22.3239492 ], [ 73.1778892, 22.3239676 ], [ 73.1779121, 22.3239917 ], [ 73.1779264, 22.3240208 ], [ 73.177931, 22.3240525 ], [ 73.1779255, 22.3240841 ] ] ] } },
{ "type": "Feature", "properties": { "element": "way", "id": 1533173712, "landuse": null }, "geometry": { "type": "Polygon", "coordinates": [ [ [ 73.1784734, 22.323922 ], [ 73.1784582, 22.3239508 ], [ 73.1784346, 22.3239742 ], [ 73.1784047, 22.3239903 ], [ 73.1783711, 22.3239977 ], [ 73.1783365, 22.3239958 ], [ 73.1783003, 22.3239827 ], [ 73.1782707, 22.3239595 ], [ 73.1782508, 22.3239286 ], [ 73.1782428, 22.3238934 ], [ 73.1782477, 22.3238577 ], [ 73.1782647, 22.3238254 ], [ 73.1782922, 22.3238 ], [ 73.1783271, 22.3237842 ], [ 73.1783657, 22.3237798 ], [ 73.1784037, 22.3237871 ], [ 73.1784371, 22.3238055 ], [ 73.17846, 22.3238296 ], [ 73.1784743, 22.3238587 ], [ 73.1784789, 22.3238904 ], [ 73.1784734, 22.323922 ] ] ] } },
{ "type": "Feature", "properties": { "element": "way", "id": 1533173713, "landuse": null }, "geometry": { "type": "Polygon", "coordinates": [ [ [ 73.1787036, 22.3238453 ], [ 73.1786884, 22.3238741 ], [ 73.1786648, 22.3238975 ], [ 73.1786349, 22.3239136 ], [ 73.1786013, 22.323921 ], [ 73.1785667, 22.3239191 ], [ 73.1785305, 22.323906 ], [ 73.1785009, 22.3238828 ], [ 73.178481, 22.3238519 ], [ 73.178473, 22.3238167 ], [ 73.1784779, 22.323781 ], [ 73.1784949, 22.3237487 ], [ 73.1785224, 22.3237233 ], [ 73.1785573, 22.3237075 ], [ 73.1785959, 22.3237031 ], [ 73.1786339, 22.3237104 ], [ 73.1786673, 22.3237288 ], [ 73.1786902, 22.3237529 ], [ 73.1787045, 22.323782 ], [ 73.1787091, 22.3238137 ], [ 73.1787036, 22.3238453 ] ] ] } },
{ "type": "Feature", "properties": { "element": "way", "id": 1533173714, "landuse": null }, "geometry": { "type": "Polygon", "coordinates": [ [ [ 73.1785701, 22.3235699 ], [ 73.1785549, 22.3235987 ], [ 73.1785313, 22.3236221 ], [ 73.1785014, 22.3236382 ], [ 73.1784678, 22.3236456 ], [ 73.1784332, 22.3236437 ], [ 73.178397, 22.3236306 ], [ 73.1783674, 22.3236074 ], [ 73.1783475, 22.3235765 ], [ 73.1783395, 22.3235413 ], [ 73.1783444, 22.3235056 ], [ 73.1783614, 22.3234733 ], [ 73.1783889, 22.3234479 ], [ 73.1784238, 22.3234321 ], [ 73.1784624, 22.3234277 ], [ 73.1785004, 22.323435 ], [ 73.1785338, 22.3234534 ], [ 73.1785567, 22.3234775 ], [ 73.178571, 22.3235066 ], [ 73.1785756, 22.3235383 ], [ 73.1785701, 22.3235699 ] ] ] } },
{ "type": "Feature", "properties": { "element": "way", "id": 1533173715, "landuse": null }, "geometry": { "type": "Polygon", "coordinates": [ [ [ 73.1773131, 22.3243037 ], [ 73.1772979, 22.3243325 ], [ 73.1772743, 22.3243559 ], [ 73.1772444, 22.324372 ], [ 73.1772108, 22.3243794 ], [ 73.1771762, 22.3243775 ], [ 73.17714, 22.3243644 ], [ 73.1771104, 22.3243412 ], [ 73.1770905, 22.3243103 ], [ 73.1770825, 22.3242751 ], [ 73.1770874, 22.3242394 ], [ 73.1771044, 22.3242071 ], [ 73.1771319, 22.3241817 ], [ 73.1771668, 22.3241659 ], [ 73.1772054, 22.3241615 ], [ 73.1772434, 22.3241688 ], [ 73.1772768, 22.3241872 ], [ 73.1772997, 22.3242113 ], [ 73.177314, 22.3242404 ], [ 73.1773186, 22.3242721 ], [ 73.1773131, 22.3243037 ] ] ] } },
{ "type": "Feature", "properties": { "element": "way", "id": 1533173716, "landuse": null }, "geometry": { "type": "Polygon", "coordinates": [ [ [ 73.1769182, 22.3244292 ], [ 73.176903, 22.324458 ], [ 73.1768794, 22.3244814 ], [ 73.1768495, 22.3244975 ], [ 73.1768159, 22.3245049 ], [ 73.1767813, 22.324503 ], [ 73.1767451, 22.3244899 ], [ 73.1767155, 22.3244667 ], [ 73.1766956, 22.3244358 ], [ 73.1766876, 22.3244006 ], [ 73.1766925, 22.3243649 ], [ 73.1767095, 22.3243326 ], [ 73.176737, 22.3243072 ], [ 73.1767719, 22.3242914 ], [ 73.1768105, 22.324287 ], [ 73.1768485, 22.3242943 ], [ 73.1768819, 22.3243127 ], [ 73.1769048, 22.3243368 ], [ 73.1769191, 22.3243659 ], [ 73.1769237, 22.3243976 ], [ 73.1769182, 22.3244292 ] ] ] } },
{ "type": "Feature", "properties": { "element": "way", "id": 1533173717, "landuse": null }, "geometry": { "type": "Polygon", "coordinates": [ [ [ 73.1772978, 22.3232417 ], [ 73.1773152, 22.3232652 ], [ 73.1773435, 22.3232763 ], [ 73.1773739, 22.3232716 ], [ 73.1773941, 22.3232563 ], [ 73.1774043, 22.323234 ], [ 73.1774023, 22.3232098 ], [ 73.1773884, 22.3231893 ], [ 73.1773658, 22.323177 ], [ 73.1773397, 22.3231758 ], [ 73.1773123, 22.3231888 ], [ 73.1772967, 22.3232133 ], [ 73.1772978, 22.3232417 ] ] ] } },
{ "type": "Feature", "properties": { "element": "way", "id": 1533173718, "landuse": null }, "geometry": { "type": "Polygon", "coordinates": [ [ [ 73.1772074, 22.3232155 ], [ 73.1772249, 22.323239 ], [ 73.1772531, 22.3232501 ], [ 73.1772835, 22.3232454 ], [ 73.1773037, 22.3232301 ], [ 73.1773139, 22.3232078 ], [ 73.1773119, 22.3231836 ], [ 73.177298, 22.3231631 ], [ 73.1772754, 22.3231508 ], [ 73.1772493, 22.3231496 ], [ 73.1772219, 22.3231626 ], [ 73.1772064, 22.3231871 ], [ 73.1772074, 22.3232155 ] ] ] } },
{ "type": "Feature", "properties": { "element": "way", "id": 1533173719, "landuse": null }, "geometry": { "type": "Polygon", "coordinates": [ [ [ 73.1772003, 22.3233243 ], [ 73.1772177, 22.3233477 ], [ 73.177246, 22.3233589 ], [ 73.1772763, 22.3233542 ], [ 73.1772965, 22.3233388 ], [ 73.1773068, 22.3233165 ], [ 73.1773047, 22.3232924 ], [ 73.1772909, 22.3232719 ], [ 73.1772683, 22.3232596 ], [ 73.1772421, 22.3232584 ], [ 73.1772148, 22.3232713 ], [ 73.1771992, 22.3232959 ], [ 73.1772003, 22.3233243 ] ] ] } },
{ "type": "Feature", "properties": { "element": "way", "id": 1533173720, "landuse": null }, "geometry": { "type": "Polygon", "coordinates": [ [ [ 73.1770367, 22.3233006 ], [ 73.1770541, 22.3233241 ], [ 73.1770824, 22.3233352 ], [ 73.1771127, 22.3233306 ], [ 73.177133, 22.3233152 ], [ 73.1771432, 22.3232929 ], [ 73.1771411, 22.3232688 ], [ 73.1771273, 22.3232482 ], [ 73.1771047, 22.323236 ], [ 73.1770786, 22.3232347 ], [ 73.1770512, 22.3232477 ], [ 73.1770356, 22.3232722 ], [ 73.1770367, 22.3233006 ] ] ] } },
{ "type": "Feature", "properties": { "element": "way", "id": 1533173721, "landuse": null }, "geometry": { "type": "Polygon", "coordinates": [ [ [ 73.1771747, 22.3234198 ], [ 73.1771921, 22.3234433 ], [ 73.1772204, 22.3234544 ], [ 73.1772508, 22.3234497 ], [ 73.177271, 22.3234343 ], [ 73.1772812, 22.3234121 ], [ 73.1772792, 22.3233879 ], [ 73.1772653, 22.3233674 ], [ 73.1772427, 22.3233551 ], [ 73.1772166, 22.3233539 ], [ 73.1771892, 22.3233669 ], [ 73.1771736, 22.3233914 ], [ 73.1771747, 22.3234198 ] ] ] } },
{ "type": "Feature", "properties": { "element": "way", "id": 1533173722, "landuse": null }, "geometry": { "type": "Polygon", "coordinates": [ [ [ 73.1769345, 22.3233999 ], [ 73.1769519, 22.3234234 ], [ 73.1769802, 22.3234345 ], [ 73.1770105, 22.3234299 ], [ 73.1770307, 22.3234145 ], [ 73.177041, 22.3233922 ], [ 73.1770389, 22.3233681 ], [ 73.177025, 22.3233475 ], [ 73.1770025, 22.3233353 ], [ 73.1769763, 22.323334 ], [ 73.1769489, 22.323347 ], [ 73.1769334, 22.3233715 ], [ 73.1769345, 22.3233999 ] ] ] } },
{ "type": "Feature", "properties": { "element": "way", "id": 1533173723, "landuse": null }, "geometry": { "type": "Polygon", "coordinates": [ [ [ 73.1773426, 22.3231257 ], [ 73.17736, 22.3231492 ], [ 73.1773883, 22.3231603 ], [ 73.1774186, 22.3231557 ], [ 73.1774389, 22.3231403 ], [ 73.1774491, 22.323118 ], [ 73.1774471, 22.3230939 ], [ 73.1774332, 22.3230733 ], [ 73.1774106, 22.3230611 ], [ 73.1773845, 22.3230598 ], [ 73.1773571, 22.3230728 ], [ 73.1773415, 22.3230973 ], [ 73.1773426, 22.3231257 ] ] ] } },
{ "type": "Feature", "properties": { "element": "way", "id": 1533173724, "landuse": null }, "geometry": { "type": "Polygon", "coordinates": [ [ [ 73.1777956, 22.3229356 ], [ 73.177813, 22.322959 ], [ 73.1778413, 22.3229702 ], [ 73.1778716, 22.3229655 ], [ 73.1778918, 22.3229501 ], [ 73.1779021, 22.3229278 ], [ 73.1779, 22.3229037 ], [ 73.1778862, 22.3228832 ], [ 73.1778636, 22.3228709 ], [ 73.1778375, 22.3228697 ], [ 73.1778101, 22.3228826 ], [ 73.1777945, 22.3229072 ], [ 73.1777956, 22.3229356 ] ] ] } },
{ "type": "Feature", "properties": { "element": "way", "id": 1533173725, "landuse": null }, "geometry": { "type": "Polygon", "coordinates": [ [ [ 73.1773406, 22.3227282 ], [ 73.177358, 22.3227516 ], [ 73.1773863, 22.3227628 ], [ 73.1774166, 22.3227581 ], [ 73.1774369, 22.3227427 ], [ 73.1774471, 22.3227204 ], [ 73.1774451, 22.3226963 ], [ 73.1774312, 22.3226758 ], [ 73.1774086, 22.3226635 ], [ 73.1773825, 22.3226623 ], [ 73.1773551, 22.3226752 ], [ 73.1773395, 22.3226998 ], [ 73.1773406, 22.3227282 ] ] ] } },
{ "type": "Feature", "properties": { "element": "way", "id": 1533173726, "landuse": null }, "geometry": { "type": "Polygon", "coordinates": [ [ [ 73.1780962, 22.3232469 ], [ 73.1781136, 22.3232704 ], [ 73.1781419, 22.3232815 ], [ 73.1781723, 22.3232768 ], [ 73.1781925, 22.3232614 ], [ 73.1782027, 22.3232392 ], [ 73.1782007, 22.323215 ], [ 73.1781868, 22.3231945 ], [ 73.1781642, 22.3231822 ], [ 73.1781381, 22.323181 ], [ 73.1781107, 22.323194 ], [ 73.1780951, 22.3232185 ], [ 73.1780962, 22.3232469 ] ] ] } },
{ "type": "Feature", "properties": { "element": "way", "id": 1533173727, "landuse": null }, "geometry": { "type": "Polygon", "coordinates": [ [ [ 73.1781989, 22.3232491 ], [ 73.1782163, 22.3232725 ], [ 73.1782446, 22.3232837 ], [ 73.178275, 22.323279 ], [ 73.1782952, 22.3232636 ], [ 73.1783054, 22.3232413 ], [ 73.1783034, 22.3232172 ], [ 73.1782895, 22.3231967 ], [ 73.1782669, 22.3231844 ], [ 73.1782408, 22.3231832 ], [ 73.1782134, 22.3231961 ], [ 73.1781978, 22.3232207 ], [ 73.1781989, 22.3232491 ] ] ] } },
{ "type": "Feature", "properties": { "element": "way", "id": 1533173728, "landuse": null }, "geometry": { "type": "Polygon", "coordinates": [ [ [ 73.1781473, 22.3233417 ], [ 73.1781647, 22.3233652 ], [ 73.178193, 22.3233763 ], [ 73.1782233, 22.3233716 ], [ 73.1782435, 22.3233563 ], [ 73.1782538, 22.323334 ], [ 73.1782517, 22.3233098 ], [ 73.1782379, 22.3232893 ], [ 73.1782153, 22.323277 ], [ 73.1781892, 22.3232758 ], [ 73.1781618, 22.3232888 ], [ 73.1781462, 22.3233133 ], [ 73.1781473, 22.3233417 ] ] ] } },
{ "type": "Feature", "properties": { "element": "way", "id": 1533173729, "landuse": null }, "geometry": { "type": "Polygon", "coordinates": [ [ [ 73.1780773, 22.3236453 ], [ 73.1780947, 22.3236687 ], [ 73.178123, 22.3236799 ], [ 73.1781533, 22.3236752 ], [ 73.1781735, 22.3236598 ], [ 73.1781838, 22.3236375 ], [ 73.1781817, 22.3236134 ], [ 73.1781678, 22.3235929 ], [ 73.1781453, 22.3235806 ], [ 73.1781191, 22.3235794 ], [ 73.1780918, 22.3235923 ], [ 73.1780762, 22.3236169 ], [ 73.1780773, 22.3236453 ] ] ] } },
{ "type": "Feature", "properties": { "element": "way", "id": 1533173730, "landuse": null }, "geometry": { "type": "Polygon", "coordinates": [ [ [ 73.1779556, 22.3236266 ], [ 73.177973, 22.3236501 ], [ 73.1780013, 22.3236612 ], [ 73.1780317, 22.3236566 ], [ 73.1780519, 22.3236412 ], [ 73.1780621, 22.3236189 ], [ 73.1780601, 22.3235948 ], [ 73.1780462, 22.3235742 ], [ 73.1780236, 22.323562 ], [ 73.1779975, 22.3235607 ], [ 73.1779701, 22.3235737 ], [ 73.1779545, 22.3235982 ], [ 73.1779556, 22.3236266 ] ] ] } },
{ "type": "Feature", "properties": { "element": "way", "id": 1533173731, "landuse": null }, "geometry": { "type": "Polygon", "coordinates": [ [ [ 73.1781129, 22.3235385 ], [ 73.1781303, 22.3235619 ], [ 73.1781586, 22.3235731 ], [ 73.178189, 22.3235684 ], [ 73.1782092, 22.323553 ], [ 73.1782194, 22.3235307 ], [ 73.1782174, 22.3235066 ], [ 73.1782035, 22.3234861 ], [ 73.1781809, 22.3234738 ], [ 73.1781548, 22.3234726 ], [ 73.1781274, 22.3234855 ], [ 73.1781118, 22.3235101 ], [ 73.1781129, 22.3235385 ] ] ] } },
{ "type": "Feature", "properties": { "element": "way", "id": 1533173732, "landuse": null }, "geometry": { "type": "Polygon", "coordinates": [ [ [ 73.1779029, 22.3234747 ], [ 73.1779204, 22.3234981 ], [ 73.1779486, 22.3235093 ], [ 73.177979, 22.3235046 ], [ 73.1779992, 22.3234892 ], [ 73.1780094, 22.323467 ], [ 73.1780074, 22.3234428 ], [ 73.1779935, 22.3234223 ], [ 73.1779709, 22.32341 ], [ 73.1779448, 22.3234088 ], [ 73.1779174, 22.3234217 ], [ 73.1779018, 22.3234463 ], [ 73.1779029, 22.3234747 ] ] ] } },
{ "type": "Feature", "properties": { "element": "way", "id": 1533173733, "landuse": null }, "geometry": { "type": "Polygon", "coordinates": [ [ [ 73.1777511, 22.3235887 ], [ 73.1777685, 22.3236121 ], [ 73.1777968, 22.3236232 ], [ 73.1778271, 22.3236186 ], [ 73.1778473, 22.3236032 ], [ 73.1778576, 22.3235809 ], [ 73.1778555, 22.3235568 ], [ 73.1778416, 22.3235363 ], [ 73.1778191, 22.323524 ], [ 73.1777929, 22.3235228 ], [ 73.1777656, 22.3235357 ], [ 73.17775, 22.3235602 ], [ 73.1777511, 22.3235887 ] ] ] } },
{ "type": "Feature", "properties": { "element": "way", "id": 1533173734, "landuse": null }, "geometry": { "type": "Polygon", "coordinates": [ [ [ 73.1783491, 22.3236971 ], [ 73.1783665, 22.3237206 ], [ 73.1783948, 22.3237317 ], [ 73.1784251, 22.323727 ], [ 73.1784454, 22.3237116 ], [ 73.1784556, 22.3236894 ], [ 73.1784536, 22.3236652 ], [ 73.1784397, 22.3236447 ], [ 73.1784171, 22.3236324 ], [ 73.178391, 22.3236312 ], [ 73.1783636, 22.3236442 ], [ 73.178348, 22.3236687 ], [ 73.1783491, 22.3236971 ] ] ] } },
{ "type": "Feature", "properties": { "element": "way", "id": 1533173735, "landuse": null }, "geometry": { "type": "Polygon", "coordinates": [ [ [ 73.178644, 22.3235071 ], [ 73.1786614, 22.3235306 ], [ 73.1786897, 22.3235417 ], [ 73.1787201, 22.323537 ], [ 73.1787403, 22.3235216 ], [ 73.1787505, 22.3234994 ], [ 73.1787485, 22.3234752 ], [ 73.1787346, 22.3234547 ], [ 73.178712, 22.3234424 ], [ 73.1786859, 22.3234412 ], [ 73.1786585, 22.3234542 ], [ 73.1786429, 22.3234787 ], [ 73.178644, 22.3235071 ] ] ] } },
{ "type": "Feature", "properties": { "element": "way", "id": 1533173736, "landuse": null }, "geometry": { "type": "Polygon", "coordinates": [ [ [ 73.1786115, 22.3236848 ], [ 73.1786289, 22.3237083 ], [ 73.1786572, 22.3237194 ], [ 73.1786875, 22.3237147 ], [ 73.1787077, 22.3236994 ], [ 73.178718, 22.3236771 ], [ 73.1787159, 22.323653 ], [ 73.1787021, 22.3236324 ], [ 73.1786795, 22.3236202 ], [ 73.1786533, 22.3236189 ], [ 73.178626, 22.3236319 ], [ 73.1786104, 22.3236564 ], [ 73.1786115, 22.3236848 ] ] ] } },
{ "type": "Feature", "properties": { "element": "way", "id": 1533173737, "landuse": null }, "geometry": { "type": "Polygon", "coordinates": [ [ [ 73.1780791, 22.3227977 ], [ 73.1780965, 22.3228211 ], [ 73.1781248, 22.3228323 ], [ 73.1781551, 22.3228276 ], [ 73.1781753, 22.3228122 ], [ 73.1781856, 22.3227899 ], [ 73.1781835, 22.3227658 ], [ 73.1781697, 22.3227453 ], [ 73.1781471, 22.322733 ], [ 73.1781209, 22.3227318 ], [ 73.1780936, 22.3227447 ], [ 73.178078, 22.3227693 ], [ 73.1780791, 22.3227977 ] ] ] } },
{ "type": "Feature", "properties": { "element": "way", "id": 1533173738, "landuse": null }, "geometry": { "type": "Polygon", "coordinates": [ [ [ 73.1783131, 22.3229942 ], [ 73.1783306, 22.3230177 ], [ 73.1783589, 22.3230288 ], [ 73.1783892, 22.3230242 ], [ 73.1784094, 22.3230088 ], [ 73.1784196, 22.3229865 ], [ 73.1784176, 22.3229624 ], [ 73.1784037, 22.3229418 ], [ 73.1783811, 22.3229296 ], [ 73.178355, 22.3229283 ], [ 73.1783276, 22.3229413 ], [ 73.1783121, 22.3229658 ], [ 73.1783131, 22.3229942 ] ] ] } },
{ "type": "Feature", "properties": { "element": "way", "id": 1533173739, "landuse": null }, "geometry": { "type": "Polygon", "coordinates": [ [ [ 73.1784663, 22.3230278 ], [ 73.1784837, 22.3230512 ], [ 73.178512, 22.3230624 ], [ 73.1785423, 22.3230577 ], [ 73.1785626, 22.3230423 ], [ 73.1785728, 22.32302 ], [ 73.1785707, 22.3229959 ], [ 73.1785569, 22.3229754 ], [ 73.1785343, 22.3229631 ], [ 73.1785082, 22.3229619 ], [ 73.1784808, 22.3229748 ], [ 73.1784652, 22.3229994 ], [ 73.1784663, 22.3230278 ] ] ] } },
{ "type": "Feature", "properties": { "element": "way", "id": 1533173740, "landuse": null }, "geometry": { "type": "Polygon", "coordinates": [ [ [ 73.1770374, 22.3236645 ], [ 73.1770548, 22.3236879 ], [ 73.1770831, 22.323699 ], [ 73.1771134, 22.3236944 ], [ 73.1771337, 22.323679 ], [ 73.1771439, 22.3236567 ], [ 73.1771419, 22.3236326 ], [ 73.177128, 22.3236121 ], [ 73.1771054, 22.3235998 ], [ 73.1770793, 22.3235986 ], [ 73.1770519, 22.3236115 ], [ 73.1770363, 22.323636 ], [ 73.1770374, 22.3236645 ] ] ] } },
{ "type": "Feature", "properties": { "element": "way", "id": 1533173741, "landuse": null }, "geometry": { "type": "Polygon", "coordinates": [ [ [ 73.1771328, 22.3237247 ], [ 73.1771503, 22.3237481 ], [ 73.1771786, 22.3237593 ], [ 73.1772089, 22.3237546 ], [ 73.1772291, 22.3237392 ], [ 73.1772393, 22.323717 ], [ 73.1772373, 22.3236928 ], [ 73.1772234, 22.3236723 ], [ 73.1772009, 22.32366 ], [ 73.1771747, 22.3236588 ], [ 73.1771473, 22.3236717 ], [ 73.1771318, 22.3236963 ], [ 73.1771328, 22.3237247 ] ] ] } },
{ "type": "Feature", "properties": { "element": "way", "id": 1533173742, "landuse": null }, "geometry": { "type": "Polygon", "coordinates": [ [ [ 73.1771421, 22.3235785 ], [ 73.1771596, 22.3236019 ], [ 73.1771879, 22.3236131 ], [ 73.1772182, 22.3236084 ], [ 73.1772384, 22.323593 ], [ 73.1772486, 22.3235707 ], [ 73.1772466, 22.3235466 ], [ 73.1772327, 22.3235261 ], [ 73.1772101, 22.3235138 ], [ 73.177184, 22.3235126 ], [ 73.1771566, 22.3235255 ], [ 73.1771411, 22.32355 ], [ 73.1771421, 22.3235785 ] ] ] } },
{ "type": "Feature", "properties": { "element": "way", "id": 1533173743, "landuse": null }, "geometry": { "type": "Polygon", "coordinates": [ [ [ 73.1772157, 22.3236638 ], [ 73.1772332, 22.3236872 ], [ 73.1772615, 22.3236983 ], [ 73.1772918, 22.3236937 ], [ 73.177312, 22.3236783 ], [ 73.1773223, 22.323656 ], [ 73.1773202, 22.3236319 ], [ 73.1773063, 22.3236114 ], [ 73.1772838, 22.3235991 ], [ 73.1772576, 22.3235979 ], [ 73.1772302, 22.3236108 ], [ 73.1772147, 22.3236353 ], [ 73.1772157, 22.3236638 ] ] ] } },
{ "type": "Feature", "properties": { "element": "way", "id": 1533173744, "landuse": null }, "geometry": { "type": "Polygon", "coordinates": [ [ [ 73.1772491, 22.3235484 ], [ 73.1772665, 22.3235718 ], [ 73.1772948, 22.3235829 ], [ 73.1773251, 22.3235783 ], [ 73.1773453, 22.3235629 ], [ 73.1773556, 22.3235406 ], [ 73.1773535, 22.3235165 ], [ 73.1773396, 22.323496 ], [ 73.1773171, 22.3234837 ], [ 73.1772909, 22.3234825 ], [ 73.1772636, 22.3234954 ], [ 73.177248, 22.3235199 ], [ 73.1772491, 22.3235484 ] ] ] } },
{ "type": "Feature", "properties": { "element": "way", "id": 1533173745, "landuse": null }, "geometry": { "type": "Polygon", "coordinates": [ [ [ 73.1772739, 22.3234588 ], [ 73.1772913, 22.3234822 ], [ 73.1773196, 22.3234934 ], [ 73.1773499, 22.3234887 ], [ 73.1773701, 22.3234733 ], [ 73.1773804, 22.323451 ], [ 73.1773783, 22.3234269 ], [ 73.1773644, 22.3234064 ], [ 73.1773419, 22.3233941 ], [ 73.1773157, 22.3233929 ], [ 73.1772884, 22.3234058 ], [ 73.1772728, 22.3234303 ], [ 73.1772739, 22.3234588 ] ] ] } },
{ "type": "Feature", "properties": { "element": "way", "id": 1533173746, "landuse": null }, "geometry": { "type": "Polygon", "coordinates": [ [ [ 73.1773059, 22.3233358 ], [ 73.1773233, 22.3233593 ], [ 73.1773516, 22.3233704 ], [ 73.1773819, 22.3233657 ], [ 73.1774022, 22.3233503 ], [ 73.1774124, 22.3233281 ], [ 73.1774104, 22.3233039 ], [ 73.1773965, 22.3232834 ], [ 73.1773739, 22.3232711 ], [ 73.1773478, 22.3232699 ], [ 73.1773204, 22.3232829 ], [ 73.1773048, 22.3233074 ], [ 73.1773059, 22.3233358 ] ] ] } },
{ "type": "Feature", "properties": { "element": "way", "id": 1533173747, "landuse": null }, "geometry": { "type": "Polygon", "coordinates": [ [ [ 73.1770789, 22.3234663 ], [ 73.1770963, 22.3234897 ], [ 73.1771246, 22.3235008 ], [ 73.1771549, 22.3234962 ], [ 73.1771751, 22.3234808 ], [ 73.1771854, 22.3234585 ], [ 73.1771833, 22.3234344 ], [ 73.1771694, 22.3234139 ], [ 73.1771469, 22.3234016 ], [ 73.1771207, 22.3234004 ], [ 73.1770934, 22.3234133 ], [ 73.1770778, 22.3234378 ], [ 73.1770789, 22.3234663 ] ] ] } },
{ "type": "Feature", "properties": { "element": "way", "id": 1533173748, "landuse": null }, "geometry": { "type": "Polygon", "coordinates": [ [ [ 73.1771748, 22.3238279 ], [ 73.1771923, 22.3238514 ], [ 73.1772205, 22.3238625 ], [ 73.1772509, 22.3238579 ], [ 73.1772711, 22.3238425 ], [ 73.1772813, 22.3238202 ], [ 73.1772793, 22.3237961 ], [ 73.1772654, 22.3237755 ], [ 73.1772428, 22.3237633 ], [ 73.1772167, 22.323762 ], [ 73.1771893, 22.323775 ], [ 73.1771738, 22.3237995 ], [ 73.1771748, 22.3238279 ] ] ] } },
{ "type": "Feature", "properties": { "element": "way", "id": 1533173749, "landuse": null }, "geometry": { "type": "Polygon", "coordinates": [ [ [ 73.1772355, 22.3237543 ], [ 73.177253, 22.3237778 ], [ 73.1772813, 22.3237889 ], [ 73.1773116, 22.3237842 ], [ 73.1773318, 22.3237688 ], [ 73.177342, 22.3237466 ], [ 73.17734, 22.3237224 ], [ 73.1773261, 22.3237019 ], [ 73.1773036, 22.3236896 ], [ 73.1772774, 22.3236884 ], [ 73.17725, 22.3237014 ], [ 73.1772345, 22.3237259 ], [ 73.1772355, 22.3237543 ] ] ] } },
{ "type": "Feature", "properties": { "element": "way", "id": 1533173750, "landuse": null }, "geometry": { "type": "Polygon", "coordinates": [ [ [ 73.1771607, 22.3239247 ], [ 73.1771781, 22.3239481 ], [ 73.1772064, 22.3239592 ], [ 73.1772367, 22.3239546 ], [ 73.1772569, 22.3239392 ], [ 73.1772672, 22.3239169 ], [ 73.1772651, 22.3238928 ], [ 73.1772512, 22.3238722 ], [ 73.1772287, 22.32386 ], [ 73.1772025, 22.3238588 ], [ 73.1771752, 22.3238717 ], [ 73.1771596, 22.3238962 ], [ 73.1771607, 22.3239247 ] ] ] } },
{ "type": "Feature", "properties": { "element": "way", "id": 1533173751, "landuse": null }, "geometry": { "type": "Polygon", "coordinates": [ [ [ 73.1772275, 22.3240553 ], [ 73.1772449, 22.3240788 ], [ 73.1772732, 22.3240899 ], [ 73.1773035, 22.3240852 ], [ 73.1773237, 22.3240698 ], [ 73.177334, 22.3240476 ], [ 73.1773319, 22.3240234 ], [ 73.1773181, 22.3240029 ], [ 73.1772955, 22.3239906 ], [ 73.1772693, 22.3239894 ], [ 73.177242, 22.3240024 ], [ 73.1772264, 22.3240269 ], [ 73.1772275, 22.3240553 ] ] ] } },
{ "type": "Feature", "properties": { "element": "way", "id": 1533173752, "landuse": null }, "geometry": { "type": "Polygon", "coordinates": [ [ [ 73.1772443, 22.3241667 ], [ 73.1772618, 22.3241901 ], [ 73.1772901, 22.3242013 ], [ 73.1773204, 22.3241966 ], [ 73.1773406, 22.3241812 ], [ 73.1773508, 22.3241589 ], [ 73.1773488, 22.3241348 ], [ 73.1773349, 22.3241143 ], [ 73.1773124, 22.324102 ], [ 73.1772862, 22.3241008 ], [ 73.1772588, 22.3241137 ], [ 73.1772433, 22.3241383 ], [ 73.1772443, 22.3241667 ] ] ] } },
{ "type": "Feature", "properties": { "element": "way", "id": 1533173753, "landuse": null }, "geometry": { "type": "Polygon", "coordinates": [ [ [ 73.177297, 22.324252 ], [ 73.1773144, 22.3242754 ], [ 73.1773427, 22.3242865 ], [ 73.1773731, 22.3242819 ], [ 73.1773933, 22.3242665 ], [ 73.1774035, 22.3242442 ], [ 73.1774015, 22.3242201 ], [ 73.1773876, 22.3241996 ], [ 73.177365, 22.3241873 ], [ 73.1773389, 22.3241861 ], [ 73.1773115, 22.324199 ], [ 73.1772959, 22.3242235 ], [ 73.177297, 22.324252 ] ] ] } },
{ "type": "Feature", "properties": { "element": "way", "id": 1533173754, "landuse": null }, "geometry": { "type": "Polygon", "coordinates": [ [ [ 73.1773019, 22.3243534 ], [ 73.1773193, 22.3243768 ], [ 73.1773476, 22.3243879 ], [ 73.1773779, 22.3243833 ], [ 73.1773981, 22.3243679 ], [ 73.1774084, 22.3243456 ], [ 73.1774063, 22.3243215 ], [ 73.1773924, 22.324301 ], [ 73.1773699, 22.3242887 ], [ 73.1773437, 22.3242875 ], [ 73.1773164, 22.3243004 ], [ 73.1773008, 22.3243249 ], [ 73.1773019, 22.3243534 ] ] ] } },
{ "type": "Feature", "properties": { "element": "way", "id": 1533173755, "landuse": null }, "geometry": { "type": "Polygon", "coordinates": [ [ [ 73.1773464, 22.3244519 ], [ 73.1773638, 22.3244754 ], [ 73.1773921, 22.3244865 ], [ 73.1774224, 22.3244819 ], [ 73.1774426, 22.3244665 ], [ 73.1774529, 22.3244442 ], [ 73.1774508, 22.3244201 ], [ 73.1774369, 22.3243995 ], [ 73.1774144, 22.3243873 ], [ 73.1773882, 22.324386 ], [ 73.1773609, 22.324399 ], [ 73.1773453, 22.3244235 ], [ 73.1773464, 22.3244519 ] ] ] } },
{ "type": "Feature", "properties": { "element": "way", "id": 1533173756, "landuse": null }, "geometry": { "type": "Polygon", "coordinates": [ [ [ 73.177079, 22.3244399 ], [ 73.1770965, 22.3244633 ], [ 73.1771248, 22.3244744 ], [ 73.1771551, 22.3244698 ], [ 73.1771753, 22.3244544 ], [ 73.1771855, 22.3244321 ], [ 73.1771835, 22.324408 ], [ 73.1771696, 22.3243875 ], [ 73.177147, 22.3243752 ], [ 73.1771209, 22.324374 ], [ 73.1770935, 22.3243869 ], [ 73.177078, 22.3244114 ], [ 73.177079, 22.3244399 ] ] ] } },
{ "type": "Feature", "properties": { "element": "way", "id": 1533173757, "landuse": null }, "geometry": { "type": "Polygon", "coordinates": [ [ [ 73.1779246, 22.3242052 ], [ 73.1779421, 22.3242287 ], [ 73.1779703, 22.3242398 ], [ 73.1780007, 22.3242352 ], [ 73.1780209, 22.3242198 ], [ 73.1780311, 22.3241975 ], [ 73.1780291, 22.3241734 ], [ 73.1780152, 22.3241528 ], [ 73.1779926, 22.3241406 ], [ 73.1779665, 22.3241393 ], [ 73.1779391, 22.3241523 ], [ 73.1779235, 22.3241768 ], [ 73.1779246, 22.3242052 ] ] ] } },
{ "type": "Feature", "properties": { "element": "way", "id": 1533173758, "landuse": null }, "geometry": { "type": "Polygon", "coordinates": [ [ [ 73.1779502, 22.3241071 ], [ 73.1779676, 22.3241305 ], [ 73.1779959, 22.3241416 ], [ 73.1780263, 22.324137 ], [ 73.1780465, 22.3241216 ], [ 73.1780567, 22.3240993 ], [ 73.1780547, 22.3240752 ], [ 73.1780408, 22.3240546 ], [ 73.1780182, 22.3240424 ], [ 73.1779921, 22.3240411 ], [ 73.1779647, 22.3240541 ], [ 73.1779491, 22.3240786 ], [ 73.1779502, 22.3241071 ] ] ] } },
{ "type": "Feature", "properties": { "element": "way", "id": 1533173759, "landuse": null }, "geometry": { "type": "Polygon", "coordinates": [ [ [ 73.1779704, 22.3240196 ], [ 73.1779878, 22.324043 ], [ 73.1780161, 22.3240542 ], [ 73.1780464, 22.3240495 ], [ 73.1780666, 22.3240341 ], [ 73.1780769, 22.3240119 ], [ 73.1780748, 22.3239877 ], [ 73.1780609, 22.3239672 ], [ 73.1780384, 22.3239549 ], [ 73.1780122, 22.3239537 ], [ 73.1779848, 22.3239667 ], [ 73.1779693, 22.3239912 ], [ 73.1779704, 22.3240196 ] ] ] } },
{ "type": "Feature", "properties": { "element": "way", "id": 1533173760, "landuse": null }, "geometry": { "type": "Polygon", "coordinates": [ [ [ 73.1778379, 22.3241852 ], [ 73.1778553, 22.3242086 ], [ 73.1778836, 22.3242197 ], [ 73.1779139, 22.3242151 ], [ 73.1779341, 22.3241997 ], [ 73.1779444, 22.3241774 ], [ 73.1779423, 22.3241533 ], [ 73.1779284, 22.3241327 ], [ 73.1779059, 22.3241205 ], [ 73.1778797, 22.3241193 ], [ 73.1778524, 22.3241322 ], [ 73.1778368, 22.3241567 ], [ 73.1778379, 22.3241852 ] ] ] } },
{ "type": "Feature", "properties": { "element": "way", "id": 1533173761, "landuse": null }, "geometry": { "type": "Polygon", "coordinates": [ [ [ 73.177951, 22.3238601 ], [ 73.1779684, 22.3238836 ], [ 73.1779967, 22.3238947 ], [ 73.1780271, 22.3238901 ], [ 73.1780473, 22.3238747 ], [ 73.1780575, 22.3238524 ], [ 73.1780555, 22.3238283 ], [ 73.1780416, 22.3238077 ], [ 73.178019, 22.3237955 ], [ 73.1779929, 22.3237942 ], [ 73.1779655, 22.3238072 ], [ 73.1779499, 22.3238317 ], [ 73.177951, 22.3238601 ] ] ] } },
{ "type": "Feature", "properties": { "element": "way", "id": 1533173762, "landuse": null }, "geometry": { "type": "Polygon", "coordinates": [ [ [ 73.177837, 22.3238528 ], [ 73.1778544, 22.3238762 ], [ 73.1778827, 22.3238873 ], [ 73.1779131, 22.3238827 ], [ 73.1779333, 22.3238673 ], [ 73.1779435, 22.323845 ], [ 73.1779415, 22.3238209 ], [ 73.1779276, 22.3238004 ], [ 73.177905, 22.3237881 ], [ 73.1778789, 22.3237869 ], [ 73.1778515, 22.3237998 ], [ 73.1778359, 22.3238243 ], [ 73.177837, 22.3238528 ] ] ] } },
{ "type": "Feature", "properties": { "element": "way", "id": 1533173763, "landuse": null }, "geometry": { "type": "Polygon", "coordinates": [ [ [ 73.1777386, 22.3238212 ], [ 73.177756, 22.3238447 ], [ 73.1777843, 22.3238558 ], [ 73.1778147, 22.3238511 ], [ 73.1778349, 22.3238358 ], [ 73.1778451, 22.3238135 ], [ 73.1778431, 22.3237893 ], [ 73.1778292, 22.3237688 ], [ 73.1778066, 22.3237566 ], [ 73.1777805, 22.3237553 ], [ 73.1777531, 22.3237683 ], [ 73.1777375, 22.3237928 ], [ 73.1777386, 22.3238212 ] ] ] } },
{ "type": "Feature", "properties": { "element": "way", "id": 1533173764, "landuse": null }, "geometry": { "type": "Polygon", "coordinates": [ [ [ 73.1775837, 22.3241337 ], [ 73.1776011, 22.3241572 ], [ 73.1776294, 22.3241683 ], [ 73.1776597, 22.3241636 ], [ 73.1776799, 22.3241483 ], [ 73.1776902, 22.324126 ], [ 73.1776881, 22.3241019 ], [ 73.1776742, 22.3240813 ], [ 73.1776517, 22.3240691 ], [ 73.1776255, 22.3240678 ], [ 73.1775982, 22.3240808 ], [ 73.1775826, 22.3241053 ], [ 73.1775837, 22.3241337 ] ] ] } },
{ "type": "Feature", "properties": { "element": "way", "id": 1535588002, "landuse": "commercial" }, "geometry": { "type": "Polygon", "coordinates": [ [ [ 73.1669849, 22.3096566 ], [ 73.1680654, 22.3096316 ], [ 73.1680865, 22.3084193 ], [ 73.1673106, 22.3086169 ], [ 73.1669488, 22.3086188 ], [ 73.166987, 22.3096565 ], [ 73.1669849, 22.3096566 ] ] ] } },
{ "type": "Feature", "properties": { "element": "way", "id": 1535589324, "landuse": null }, "geometry": { "type": "Polygon", "coordinates": [ [ [ 73.165933, 22.3140372 ], [ 73.1661755, 22.3138863 ], [ 73.166418, 22.3138327 ], [ 73.1664051, 22.3137037 ], [ 73.1664373, 22.3135389 ], [ 73.1664781, 22.3134277 ], [ 73.166566, 22.3133364 ], [ 73.1667356, 22.3132372 ], [ 73.1670059, 22.3131796 ], [ 73.167257, 22.3131558 ], [ 73.1675059, 22.3131201 ], [ 73.1677097, 22.3130506 ], [ 73.167802, 22.3129136 ], [ 73.1678992, 22.3128079 ], [ 73.1664394, 22.313001 ], [ 73.166418, 22.3128163 ], [ 73.1657828, 22.3128898 ], [ 73.1659094, 22.3131677 ], [ 73.1659239, 22.3132758 ], [ 73.1659695, 22.3136143 ], [ 73.165933, 22.3140372 ] ] ] } },
{ "type": "Feature", "properties": { "element": "way", "id": 1535589325, "landuse": null }, "geometry": { "type": "Polygon", "coordinates": [ [ [ 73.1666721, 22.3144591 ], [ 73.1667339, 22.3143357 ], [ 73.1666363, 22.3138152 ], [ 73.1664932, 22.3138212 ], [ 73.1664867, 22.3136618 ], [ 73.1665258, 22.3135143 ], [ 73.1666656, 22.3133759 ], [ 73.1668803, 22.3132796 ], [ 73.1671307, 22.3132345 ], [ 73.1673779, 22.3132195 ], [ 73.1676446, 22.3131713 ], [ 73.1678137, 22.313081 ], [ 73.1679761, 22.3131202 ], [ 73.1679565, 22.3143448 ], [ 73.1674155, 22.3146015 ], [ 73.1671692, 22.3145229 ], [ 73.1669653, 22.3145491 ], [ 73.1667926, 22.314722 ], [ 73.1666284, 22.3149944 ], [ 73.1663028, 22.3148582 ], [ 73.1665434, 22.3144548 ], [ 73.1666721, 22.3144591 ] ] ] } },
{ "type": "Feature", "properties": { "element": "way", "id": 1535747139, "landuse": null }, "geometry": { "type": "Polygon", "coordinates": [ [ [ 73.1742629, 22.3140246 ], [ 73.1742614, 22.3141395 ], [ 73.1745231, 22.3141372 ], [ 73.1745222, 22.3137815 ], [ 73.1742594, 22.3137849 ], [ 73.1742594, 22.3139398 ], [ 73.1742904, 22.3139397 ], [ 73.174291, 22.3140238 ], [ 73.1742629, 22.3140246 ] ] ] } },
{ "type": "Feature", "properties": { "element": "way", "id": 1544768629, "landuse": null }, "geometry": { "type": "Polygon", "coordinates": [ [ [ 73.2192065, 22.3399907 ], [ 73.2195704, 22.3399907 ], [ 73.2201916, 22.3397116 ], [ 73.2203336, 22.33949 ], [ 73.220421, 22.339014 ], [ 73.2204028, 22.3387005 ], [ 73.2204871, 22.3379142 ], [ 73.2205441, 22.3378779 ], [ 73.2206992, 22.3378698 ], [ 73.2212162, 22.33783 ], [ 73.2216668, 22.33783 ], [ 73.2217591, 22.3378773 ], [ 73.2218439, 22.337964 ], [ 73.2219887, 22.3380682 ], [ 73.222096, 22.3380781 ], [ 73.2224393, 22.3379739 ], [ 73.2226217, 22.3379689 ], [ 73.2230884, 22.338093 ], [ 73.2235474, 22.3383787 ], [ 73.2246468, 22.3384639 ], [ 73.2242741, 22.338037 ], [ 73.2237416, 22.3377497 ], [ 73.223502, 22.3376594 ], [ 73.2231825, 22.3375308 ], [ 73.222919, 22.3374247 ], [ 73.2225435, 22.3372736 ], [ 73.2220731, 22.3369452 ], [ 73.2218725, 22.3369603 ], [ 73.2216417, 22.3368655 ], [ 73.2214546, 22.336908 ], [ 73.2213187, 22.3369206 ], [ 73.2209906, 22.3370293 ], [ 73.2207241, 22.3371176 ], [ 73.2198366, 22.3373146 ], [ 73.2197407, 22.3373648 ], [ 73.2191621, 22.3376676 ], [ 73.2189669, 22.3376512 ], [ 73.2185853, 22.3378729 ], [ 73.2177599, 22.3378975 ], [ 73.217743, 22.3380486 ], [ 73.2177333, 22.3381355 ], [ 73.2177512, 22.3382122 ], [ 73.2178043, 22.3384393 ], [ 73.2177244, 22.3384229 ], [ 73.2177776, 22.3385706 ], [ 73.2178575, 22.3386773 ], [ 73.2179767, 22.3386696 ], [ 73.2183634, 22.3386445 ], [ 73.2184433, 22.3386855 ], [ 73.2190734, 22.3394161 ], [ 73.2190911, 22.3396049 ], [ 73.2191031, 22.33967 ], [ 73.2191533, 22.3399415 ], [ 73.2192065, 22.3399907 ] ] ] } },
{ "type": "Feature", "properties": { "element": "way", "id": 1550186580, "landuse": "residential" }, "geometry": { "type": "Polygon", "coordinates": [ [ [ 73.2645138, 22.3037997 ], [ 73.2648786, 22.3008814 ], [ 73.2688268, 22.3009211 ], [ 73.268741, 22.3040975 ], [ 73.2645138, 22.3037997 ] ] ] } }
]
}
