{
"type": "FeatureCollection",
"name": "pois",
"crs": { "type": "name", "properties": { "name": "urn:ogc:def:crs:OGC:1.3:CRS84" } },
"features": [
{ "type": "Feature", "properties": { "element": "node", "id": 329049159, "amenity": "hospital", "shop": null, "name": "Metro Hospital And Research Institute" }, "geometry": { "type": "Point", "coordinates": [ 73.2089837, 22.33499 ] } },
{ "type": "Feature", "properties": { "element": "node", "id": 329053557, "amenity": "hospital", "shop": null, "name": "Mental Hospital" }, "geometry": { "type": "Point", "coordinates": [ 73.1989415, 22.3176736 ] } },
{ "type": "Feature", "properties": { "element": "node", "id": 665176429, "amenity": "bus_station", "shop": null, "name": "Sayaji Park Busstop" }, "geometry": { "type": "Point", "coordinates": [ 73.2428234, 22.31432 ] } },
{ "type": "Feature", "properties": { "element": "node", "id": 904961663, "amenity": null, "shop": null, "name": "Shiva Statue" }, "geometry": { "type": "Point", "coordinates": [ 73.2037759, 22.3007902 ] } },
{ "type": "Feature", "properties": { "element": "node", "id": 1236530101, "amenity": "fuel", "shop": null, "name": null }, "geometry": { "type": "Point", "coordinates": [ 73.1430738, 22.3927409 ] } },
{ "type": "Feature", "properties": { "element": "node", "id": 1236531440, "amenity": "fuel", "shop": null, "name": null }, "geometry": { "type": "Point", "coordinates": [ 73.1479157, 22.3860446 ] } },
{ "type": "Feature", "properties": { "element": "node", "id": 1236533395, "amenity": "fuel", "shop": null, "name": "Fuel" }, "geometry": { "type": "Point", "coordinates": [ 73.1923745, 22.2032701 ] } },
{ "type": "Feature", "properties": { "element": "node", "id": 1728615879, "amenity": "toilets", "shop": null, "name": null }, "geometry": { "type": "Point", "coordinates": [ 73.210155, 22.327542 ] } },
{ "type": "Feature", "properties": { "element": "node", "id": 1885476293, "amenity": "police", "shop": null, "name": "Makarpura Road Police Station" }, "geometry": { "type": "Point", "coordinates": [ 73.2032808, 22.270730199999988 ] } },
{ "type": "Feature", "properties": { "element": "node", "id": 2022830550, "amenity": "cafe", "shop": null, "name": "Canara Coffee House" }, "geometry": { "type": "Point", "coordinates": [ 73.2024685, 22.2995039 ] } },
{ "type": "Feature", "properties": { "element": "node", "id": 2153505700, "amenity": "fast_food", "shop": null, "name": "Hot Stuff" }, "geometry": { "type": "Point", "coordinates": [ 73.1891104, 22.3365654 ] } },
{ "type": "Feature", "properties": { "element": "node", "id": 2153506561, "amenity": null, "shop": null, "name": "Jyoti Ground" }, "geometry": { "type": "Point", "coordinates": [ 73.1894907, 22.3388246 ] } },
{ "type": "Feature", "properties": { "element": "node", "id": 2153507438, "amenity": null, "shop": null, "name": null }, "geometry": { "type": "Point", "coordinates": [ 73.1897051, 22.3409693 ] } },
{ "type": "Feature", "properties": { "element": "node", "id": 2153514988, "amenity": "school", "shop": null, "name": "Navarachana School" }, "geometry": { "type": "Point", "coordinates": [ 73.1908028, 22.337347 ] } },
{ "type": "Feature", "properties": { "element": "node", "id": 2297198351, "amenity": null, "shop": "supermarket", "name": "D'Mart" }, "geometry": { "type": "Point", "coordinates": [ 73.1530793, 22.294938 ] } },
{ "type": "Feature", "properties": { "element": "node", "id": 2297199989, "amenity": "fuel", "shop": null, "name": "HP" }, "geometry": { "type": "Point", "coordinates": [ 73.1525701, 22.2949821 ] } },
{ "type": "Feature", "properties": { "element": "node", "id": 2343096126, "amenity": "place_of_worship", "shop": null, "name": "Dada Alay" }, "geometry": { "type": "Point", "coordinates": [ 73.2049371, 22.3046807 ] } },
{ "type": "Feature", "properties": { "element": "node", "id": 2343992059, "amenity": "bank", "shop": null, "name": "Bank of Baroda" }, "geometry": { "type": "Point", "coordinates": [ 73.2041971, 22.3064507 ] } },
{ "type": "Feature", "properties": { "element": "node", "id": 2343993398, "amenity": "atm", "shop": null, "name": null }, "geometry": { "type": "Point", "coordinates": [ 73.2054186, 22.3040821 ] } },
{ "type": "Feature", "properties": { "element": "node", "id": 2343994258, "amenity": "place_of_worship", "shop": null, "name": "Sai Baba" }, "geometry": { "type": "Point", "coordinates": [ 73.2043115, 22.303544299999988 ] } },
{ "type": "Feature", "properties": { "element": "node", "id": 2343996418, "amenity": "school", "shop": null, "name": "Maharani Kanya Vidyalaya" }, "geometry": { "type": "Point", "coordinates": [ 73.2017984, 22.3009434 ] } },
{ "type": "Feature", "properties": { "element": "node", "id": 2344001571, "amenity": "school", "shop": null, "name": "Maharani English Medium School" }, "geometry": { "type": "Point", "coordinates": [ 73.2013813, 22.3005868 ] } },
{ "type": "Feature", "properties": { "element": "node", "id": 2344004347, "amenity": "fire_station", "shop": null, "name": null }, "geometry": { "type": "Point", "coordinates": [ 73.2016377, 22.3001135 ] } },
{ "type": "Feature", "properties": { "element": "node", "id": 2344004644, "amenity": "fast_food", "shop": null, "name": "Chatkazz Vadapav" }, "geometry": { "type": "Point", "coordinates": [ 73.1989767, 22.3002336 ] } },
{ "type": "Feature", "properties": { "element": "node", "id": 2344006749, "amenity": "place_of_worship", "shop": null, "name": "Shree Siddhivinayak Temple" }, "geometry": { "type": "Point", "coordinates": [ 73.1994009, 22.2999403 ] } },
{ "type": "Feature", "properties": { "element": "node", "id": 2344012239, "amenity": null, "shop": "confectionery", "name": "Bumia Butter Suppliers Dairy" }, "geometry": { "type": "Point", "coordinates": [ 73.199894, 22.3002386 ] } },
{ "type": "Feature", "properties": { "element": "node", "id": 2344024837, "amenity": "pharmacy", "shop": null, "name": "Sairam Chemist & Druggist" }, "geometry": { "type": "Point", "coordinates": [ 73.2046619, 22.3036205 ] } },
{ "type": "Feature", "properties": { "element": "node", "id": 2344024838, "amenity": "hospital", "shop": null, "name": "Bhumi Nursing Home & Echo Doppler Clinic" }, "geometry": { "type": "Point", "coordinates": [ 73.2047701, 22.3036505 ] } },
{ "type": "Feature", "properties": { "element": "node", "id": 2344034465, "amenity": null, "shop": "confectionery", "name": "Govardhan" }, "geometry": { "type": "Point", "coordinates": [ 73.2038207, 22.3051278 ] } },
{ "type": "Feature", "properties": { "element": "node", "id": 2344035276, "amenity": "marketplace", "shop": null, "name": "Vegetable Market" }, "geometry": { "type": "Point", "coordinates": [ 73.2019863, 22.3051663 ] } },
{ "type": "Feature", "properties": { "element": "node", "id": 2344037782, "amenity": "bank", "shop": null, "name": "State Bank of India" }, "geometry": { "type": "Point", "coordinates": [ 73.2012585, 22.3041662 ] } },
{ "type": "Feature", "properties": { "element": "node", "id": 2344040371, "amenity": "post_office", "shop": null, "name": "Vadodara Head Post Office" }, "geometry": { "type": "Point", "coordinates": [ 73.1975816, 22.3036587 ] } },
{ "type": "Feature", "properties": { "element": "node", "id": 2344040378, "amenity": "place_of_worship", "shop": null, "name": "Suryanarayan Temple" }, "geometry": { "type": "Point", "coordinates": [ 73.1970121, 22.3034353 ] } },
{ "type": "Feature", "properties": { "element": "node", "id": 2344052438, "amenity": null, "shop": "mobile_phone", "name": "Vodafone Store" }, "geometry": { "type": "Point", "coordinates": [ 73.1948627, 22.3034617 ] } },
{ "type": "Feature", "properties": { "element": "node", "id": 2344052439, "amenity": null, "shop": null, "name": "State Record Room" }, "geometry": { "type": "Point", "coordinates": [ 73.1943188, 22.3024042 ] } },
{ "type": "Feature", "properties": { "element": "node", "id": 2344052440, "amenity": null, "shop": null, "name": "Land Record Office" }, "geometry": { "type": "Point", "coordinates": [ 73.1943144, 22.3027955 ] } },
{ "type": "Feature", "properties": { "element": "node", "id": 2344052441, "amenity": null, "shop": null, "name": "Registrar Office" }, "geometry": { "type": "Point", "coordinates": [ 73.1947726, 22.3032072 ] } },
{ "type": "Feature", "properties": { "element": "node", "id": 2344054761, "amenity": null, "shop": null, "name": "Vadodara Irrigation Circle" }, "geometry": { "type": "Point", "coordinates": [ 73.1944207, 22.3034497 ] } },
{ "type": "Feature", "properties": { "element": "node", "id": 2344605595, "amenity": "cafe", "shop": null, "name": "Coco Chai" }, "geometry": { "type": "Point", "coordinates": [ 73.1967093, 22.2957077 ] } },
{ "type": "Feature", "properties": { "element": "node", "id": 2344621377, "amenity": "cafe", "shop": null, "name": "FTE Canteen" }, "geometry": { "type": "Point", "coordinates": [ 73.1972376, 22.2974074 ] } },
{ "type": "Feature", "properties": { "element": "node", "id": 2345123906, "amenity": null, "shop": null, "name": "Civil Garden" }, "geometry": { "type": "Point", "coordinates": [ 73.1971818, 22.2966739 ] } },
{ "type": "Feature", "properties": { "element": "node", "id": 2345123907, "amenity": null, "shop": null, "name": "Computer Garden" }, "geometry": { "type": "Point", "coordinates": [ 73.1971776, 22.298177 ] } },
{ "type": "Feature", "properties": { "element": "node", "id": 2345140429, "amenity": null, "shop": "stationery", "name": "Sanjay Drawing Store" }, "geometry": { "type": "Point", "coordinates": [ 73.1960791, 22.298692 ] } },
{ "type": "Feature", "properties": { "element": "node", "id": 2345140430, "amenity": null, "shop": "stationery", "name": "Ashish" }, "geometry": { "type": "Point", "coordinates": [ 73.1979786, 22.2988719 ] } },
{ "type": "Feature", "properties": { "element": "node", "id": 2345144067, "amenity": null, "shop": null, "name": "Swami Vivekanand Art Gallery" }, "geometry": { "type": "Point", "coordinates": [ 73.195277, 22.2988587 ] } },
{ "type": "Feature", "properties": { "element": "node", "id": 2345144103, "amenity": "place_of_worship", "shop": null, "name": "Khane Rafaiya Masjid" }, "geometry": { "type": "Point", "coordinates": [ 73.1959004, 22.2994661 ] } },
{ "type": "Feature", "properties": { "element": "node", "id": 2346907388, "amenity": null, "shop": "clothes", "name": "Sachin Tailor" }, "geometry": { "type": "Point", "coordinates": [ 73.2041812, 22.3046438 ] } },
{ "type": "Feature", "properties": { "element": "node", "id": 2346907389, "amenity": "place_of_worship", "shop": null, "name": null }, "geometry": { "type": "Point", "coordinates": [ 73.2040287, 22.3051002 ] } },
{ "type": "Feature", "properties": { "element": "node", "id": 2377178372, "amenity": null, "shop": null, "name": "Fitness Center" }, "geometry": { "type": "Point", "coordinates": [ 73.1950517, 22.2981911 ] } },
{ "type": "Feature", "properties": { "element": "node", "id": 2528885441, "amenity": "cafe", "shop": null, "name": null }, "geometry": { "type": "Point", "coordinates": [ 73.1739473, 22.309703 ] } },
{ "type": "Feature", "properties": { "element": "node", "id": 2558169847, "amenity": "place_of_worship", "shop": null, "name": null }, "geometry": { "type": "Point", "coordinates": [ 73.1403974, 22.3492355 ] } },
{ "type": "Feature", "properties": { "element": "node", "id": 2562424748, "amenity": null, "shop": null, "name": "Hotel Legend" }, "geometry": { "type": "Point", "coordinates": [ 73.2258652, 22.2565335 ] } },
{ "type": "Feature", "properties": { "element": "node", "id": 2562424749, "amenity": null, "shop": null, "name": "Hotel Nirmal" }, "geometry": { "type": "Point", "coordinates": [ 73.2089023, 22.2370962 ] } },
{ "type": "Feature", "properties": { "element": "node", "id": 2562424750, "amenity": "fuel", "shop": null, "name": "Indian Oil" }, "geometry": { "type": "Point", "coordinates": [ 73.1922296, 22.1969687 ] } },
{ "type": "Feature", "properties": { "element": "node", "id": 2562424770, "amenity": "fuel", "shop": null, "name": "Reliance" }, "geometry": { "type": "Point", "coordinates": [ 73.1915116, 22.1942173 ] } },
{ "type": "Feature", "properties": { "element": "node", "id": 2689526082, "amenity": "bank", "shop": null, "name": "HDFC Bank" }, "geometry": { "type": "Point", "coordinates": [ 73.1672324, 22.2930785 ] } },
{ "type": "Feature", "properties": { "element": "node", "id": 2911119036, "amenity": null, "shop": null, "name": "Saumyaa Automation" }, "geometry": { "type": "Point", "coordinates": [ 73.1812301, 22.3071955 ] } },
{ "type": "Feature", "properties": { "element": "node", "id": 3320465231, "amenity": "restaurant", "shop": null, "name": "Delhi Express" }, "geometry": { "type": "Point", "coordinates": [ 73.1655462, 22.30613 ] } },
{ "type": "Feature", "properties": { "element": "node", "id": 3329739017, "amenity": null, "shop": null, "name": null }, "geometry": { "type": "Point", "coordinates": [ 73.1784193, 22.2711002 ] } },
{ "type": "Feature", "properties": { "element": "node", "id": 3647016531, "amenity": "place_of_worship", "shop": null, "name": null }, "geometry": { "type": "Point", "coordinates": [ 73.2046404, 22.3254368 ] } },
{ "type": "Feature", "properties": { "element": "node", "id": 3647017027, "amenity": "fuel", "shop": null, "name": null }, "geometry": { "type": "Point", "coordinates": [ 73.2039355, 22.3206224 ] } },
{ "type": "Feature", "properties": { "element": "node", "id": 3647017657, "amenity": "school", "shop": null, "name": "Cricket Pitch" }, "geometry": { "type": "Point", "coordinates": [ 73.203754800000013, 22.3217261 ] } },
{ "type": "Feature", "properties": { "element": "node", "id": 3844037272, "amenity": "hospital", "shop": null, "name": "Nirmal Hospital" }, "geometry": { "type": "Point", "coordinates": [ 73.1703061, 22.2892704 ] } },
{ "type": "Feature", "properties": { "element": "node", "id": 3881713855, "amenity": "fast_food", "shop": null, "name": "Goodies Cafeteria" }, "geometry": { "type": "Point", "coordinates": [ 73.1584287, 22.3102246 ] } },
{ "type": "Feature", "properties": { "element": "node", "id": 3881714384, "amenity": "fast_food", "shop": null, "name": "Lilleria" }, "geometry": { "type": "Point", "coordinates": [ 73.1584019, 22.3105074 ] } },
{ "type": "Feature", "properties": { "element": "node", "id": 3881723461, "amenity": "place_of_worship", "shop": null, "name": "Atmajyoti Ashram" }, "geometry": { "type": "Point", "coordinates": [ 73.1558028, 22.3160942 ] } },
{ "type": "Feature", "properties": { "element": "node", "id": 3882193585, "amenity": "fast_food", "shop": null, "name": "Frigtemp" }, "geometry": { "type": "Point", "coordinates": [ 73.1891946, 22.3249248 ] } },
{ "type": "Feature", "properties": { "element": "node", "id": 4104599940, "amenity": null, "shop": null, "name": "L&T Knowledge City" }, "geometry": { "type": "Point", "coordinates": [ 73.2557347, 22.3070266 ] } },
{ "type": "Feature", "properties": { "element": "node", "id": 4104599941, "amenity": "bank", "shop": null, "name": "ICICI Bank" }, "geometry": { "type": "Point", "coordinates": [ 73.2564804, 22.3079298 ] } },
{ "type": "Feature", "properties": { "element": "node", "id": 4209327892, "amenity": null, "shop": null, "name": "Gujarat Pollution Control Board, RO" }, "geometry": { "type": "Point", "coordinates": [ 73.1617102, 22.3139225 ] } },
{ "type": "Feature", "properties": { "element": "node", "id": 4209354790, "amenity": "cafe", "shop": null, "name": "Cup of chemistry" }, "geometry": { "type": "Point", "coordinates": [ 73.1590719, 22.3098085 ] } },
{ "type": "Feature", "properties": { "element": "node", "id": 4273735300, "amenity": null, "shop": "clothes", "name": "Palav shree ani Madayali " }, "geometry": { "type": "Point", "coordinates": [ 73.2006884, 22.2998441 ] } },
{ "type": "Feature", "properties": { "element": "node", "id": 4275241789, "amenity": "clinic", "shop": null, "name": "Nital skin clinic " }, "geometry": { "type": "Point", "coordinates": [ 73.1678198, 22.2931898 ] } },
{ "type": "Feature", "properties": { "element": "node", "id": 4312565715, "amenity": "fuel", "shop": null, "name": "C N G" }, "geometry": { "type": "Point", "coordinates": [ 73.1920393, 22.2033923 ] } },
{ "type": "Feature", "properties": { "element": "node", "id": 4323346994, "amenity": "bank", "shop": null, "name": "Corporation Bank" }, "geometry": { "type": "Point", "coordinates": [ 73.2006334, 22.3519086 ] } },
{ "type": "Feature", "properties": { "element": "node", "id": 4323347599, "amenity": "fast_food", "shop": null, "name": "McDonald's" }, "geometry": { "type": "Point", "coordinates": [ 73.2008394, 22.3511802 ] } },
{ "type": "Feature", "properties": { "element": "node", "id": 4323348397, "amenity": null, "shop": "car", "name": "swaraj mazdha" }, "geometry": { "type": "Point", "coordinates": [ 73.1646806, 22.3755151 ] } },
{ "type": "Feature", "properties": { "element": "node", "id": 4323397091, "amenity": "school", "shop": null, "name": "Ambe school" }, "geometry": { "type": "Point", "coordinates": [ 73.2007145, 22.3521366 ] } },
{ "type": "Feature", "properties": { "element": "node", "id": 4323406798, "amenity": "fuel", "shop": null, "name": "Indian Oil" }, "geometry": { "type": "Point", "coordinates": [ 73.1987893, 22.3565808 ] } },
{ "type": "Feature", "properties": { "element": "node", "id": 4323406799, "amenity": "fast_food", "shop": null, "name": "Domino's" }, "geometry": { "type": "Point", "coordinates": [ 73.20093540000002, 22.3512548 ] } },
{ "type": "Feature", "properties": { "element": "node", "id": 4323427291, "amenity": "fast_food", "shop": null, "name": "Southern Spice" }, "geometry": { "type": "Point", "coordinates": [ 73.2004175, 22.3511081 ] } },
{ "type": "Feature", "properties": { "element": "node", "id": 4323468590, "amenity": "fast_food", "shop": null, "name": "Subway" }, "geometry": { "type": "Point", "coordinates": [ 73.2008301, 22.3514675 ] } },
{ "type": "Feature", "properties": { "element": "node", "id": 4326493995, "amenity": null, "shop": null, "name": "Airforce station" }, "geometry": { "type": "Point", "coordinates": [ 73.2446914, 22.3406433 ] } },
{ "type": "Feature", "properties": { "element": "node", "id": 4326493996, "amenity": null, "shop": null, "name": "Venus Composite" }, "geometry": { "type": "Point", "coordinates": [ 73.2192897, 22.2793523 ] } },
{ "type": "Feature", "properties": { "element": "node", "id": 4326495896, "amenity": null, "shop": null, "name": "the fitness forever" }, "geometry": { "type": "Point", "coordinates": [ 73.2007365, 22.3516035 ] } },
{ "type": "Feature", "properties": { "element": "node", "id": 4326514789, "amenity": "fuel", "shop": null, "name": null }, "geometry": { "type": "Point", "coordinates": [ 73.2226144, 22.2807547 ] } },
{ "type": "Feature", "properties": { "element": "node", "id": 4330586090, "amenity": "fuel", "shop": null, "name": "C N G" }, "geometry": { "type": "Point", "coordinates": [ 73.191619200000019, 22.2031026 ] } },
{ "type": "Feature", "properties": { "element": "node", "id": 4339754915, "amenity": null, "shop": "outdoor", "name": "Agni Fiber Boards" }, "geometry": { "type": "Point", "coordinates": [ 73.193864, 22.250785 ] } },
{ "type": "Feature", "properties": { "element": "node", "id": 4349341791, "amenity": null, "shop": "hairdresser", "name": "k hair salon" }, "geometry": { "type": "Point", "coordinates": [ 73.199852, 22.3496758 ] } },
{ "type": "Feature", "properties": { "element": "node", "id": 4349371289, "amenity": "pharmacy", "shop": null, "name": "shri padma" }, "geometry": { "type": "Point", "coordinates": [ 73.2000949, 22.3498793 ] } },
{ "type": "Feature", "properties": { "element": "node", "id": 4349886793, "amenity": "atm", "shop": null, "name": null }, "geometry": { "type": "Point", "coordinates": [ 73.2012299, 22.3488235 ] } },
{ "type": "Feature", "properties": { "element": "node", "id": 4349944189, "amenity": "bank", "shop": null, "name": "HDFC BANK" }, "geometry": { "type": "Point", "coordinates": [ 73.2012462, 22.3487787 ] } },
{ "type": "Feature", "properties": { "element": "node", "id": 4351284892, "amenity": "theatre", "shop": null, "name": "Inox" }, "geometry": { "type": "Point", "coordinates": [ 73.1872145, 22.3230512 ] } },
{ "type": "Feature", "properties": { "element": "node", "id": 4351301589, "amenity": "hospital", "shop": null, "name": "Schvijk hospital" }, "geometry": { "type": "Point", "coordinates": [ 73.2012042, 22.3512565 ] } },
{ "type": "Feature", "properties": { "element": "node", "id": 4351743798, "amenity": "cafe", "shop": null, "name": "Family Restaurant" }, "geometry": { "type": "Point", "coordinates": [ 73.2009242, 22.3496463 ] } },
{ "type": "Feature", "properties": { "element": "node", "id": 4403908095, "amenity": null, "shop": null, "name": "nandan home" }, "geometry": { "type": "Point", "coordinates": [ 73.1593583, 22.321454 ] } },
{ "type": "Feature", "properties": { "element": "node", "id": 4423234471, "amenity": "hospital", "shop": null, "name": "Astha Physiotherapy Clinic" }, "geometry": { "type": "Point", "coordinates": [ 73.1384215, 22.3128782 ] } },
{ "type": "Feature", "properties": { "element": "node", "id": 4435502490, "amenity": "fuel", "shop": null, "name": "CNG Petrol pump" }, "geometry": { "type": "Point", "coordinates": [ 73.2024833, 22.3450417 ] } },
{ "type": "Feature", "properties": { "element": "node", "id": 4437105689, "amenity": null, "shop": null, "name": "MSUniversity" }, "geometry": { "type": "Point", "coordinates": [ 73.18725, 22.3142967 ] } },
{ "type": "Feature", "properties": { "element": "node", "id": 4437105789, "amenity": null, "shop": null, "name": "Sayaji park" }, "geometry": { "type": "Point", "coordinates": [ 73.1885434, 22.3152509 ] } },
{ "type": "Feature", "properties": { "element": "node", "id": 4470087289, "amenity": "restaurant", "shop": null, "name": "Pizza Mēo" }, "geometry": { "type": "Point", "coordinates": [ 73.1841521, 22.3085946 ] } },
{ "type": "Feature", "properties": { "element": "node", "id": 4470989390, "amenity": null, "shop": "travel_agency", "name": "Mahashagar Travels" }, "geometry": { "type": "Point", "coordinates": [ 73.1944002, 22.2889715 ] } },
{ "type": "Feature", "properties": { "element": "node", "id": 4473292490, "amenity": "restaurant", "shop": null, "name": "Kalyan" }, "geometry": { "type": "Point", "coordinates": [ 73.184278, 22.3086925 ] } },
{ "type": "Feature", "properties": { "element": "node", "id": 4482106089, "amenity": null, "shop": "travel_agency", "name": "Mahasagar Travels Ltd" }, "geometry": { "type": "Point", "coordinates": [ 73.1944504, 22.2889084 ] } },
{ "type": "Feature", "properties": { "element": "node", "id": 4482106189, "amenity": "cafe", "shop": null, "name": "Dairy Den" }, "geometry": { "type": "Point", "coordinates": [ 73.1843787, 22.3088994 ] } },
{ "type": "Feature", "properties": { "element": "node", "id": 4488348489, "amenity": null, "shop": null, "name": "shrutisharma " }, "geometry": { "type": "Point", "coordinates": [ 73.2370572, 22.2965917 ] } },
{ "type": "Feature", "properties": { "element": "node", "id": 4547413889, "amenity": "school", "shop": null, "name": "Jivan bharti school" }, "geometry": { "type": "Point", "coordinates": [ 73.1976318, 22.3162441 ] } },
{ "type": "Feature", "properties": { "element": "node", "id": 4583547390, "amenity": "atm", "shop": null, "name": null }, "geometry": { "type": "Point", "coordinates": [ 73.1524873, 22.3185603 ] } },
{ "type": "Feature", "properties": { "element": "node", "id": 4583551389, "amenity": "atm", "shop": null, "name": null }, "geometry": { "type": "Point", "coordinates": [ 73.1765402, 22.3099105 ] } },
{ "type": "Feature", "properties": { "element": "node", "id": 4684749195, "amenity": null, "shop": null, "name": "Kuber Bhuvan" }, "geometry": { "type": "Point", "coordinates": [ 73.1954821, 22.3025898 ] } },
{ "type": "Feature", "properties": { "element": "node", "id": 4704652035, "amenity": null, "shop": null, "name": "Shagun Residency" }, "geometry": { "type": "Point", "coordinates": [ 73.1644009, 22.2980864 ] } },
{ "type": "Feature", "properties": { "element": "node", "id": 4730252790, "amenity": null, "shop": null, "name": "Saurabh Park Society (Gopi)" }, "geometry": { "type": "Point", "coordinates": [ 73.1424445, 22.3223734 ] } },
{ "type": "Feature", "properties": { "element": "node", "id": 4730432322, "amenity": null, "shop": null, "name": "Alembic Colony" }, "geometry": { "type": "Point", "coordinates": [ 73.1685201, 22.3241965 ] } },
{ "type": "Feature", "properties": { "element": "node", "id": 4809037399, "amenity": null, "shop": "supermarket", "name": "Reliance Fresh" }, "geometry": { "type": "Point", "coordinates": [ 73.2391254, 22.3043297 ] } },
{ "type": "Feature", "properties": { "element": "node", "id": 4813160325, "amenity": null, "shop": null, "name": "Sunrise" }, "geometry": { "type": "Point", "coordinates": [ 73.1761034, 22.3079672 ] } },
{ "type": "Feature", "properties": { "element": "node", "id": 4877517439, "amenity": null, "shop": null, "name": null }, "geometry": { "type": "Point", "coordinates": [ 73.1690144, 22.3178533 ] } },
{ "type": "Feature", "properties": { "element": "node", "id": 4877532112, "amenity": "fast_food", "shop": null, "name": "Subway" }, "geometry": { "type": "Point", "coordinates": [ 73.1684808, 22.3173132 ] } },
{ "type": "Feature", "properties": { "element": "node", "id": 4914777904, "amenity": null, "shop": null, "name": "Hampton by Hilton Vadodara-Alkapuri" }, "geometry": { "type": "Point", "coordinates": [ 73.1687578, 22.311994 ] } },
{ "type": "Feature", "properties": { "element": "node", "id": 4944062721, "amenity": "school", "shop": null, "name": "Rameshwar school" }, "geometry": { "type": "Point", "coordinates": [ 73.143624, 22.307893 ] } },
{ "type": "Feature", "properties": { "element": "node", "id": 4945168222, "amenity": "fuel", "shop": null, "name": "Cng Vadodara" }, "geometry": { "type": "Point", "coordinates": [ 73.1648741, 22.3152894 ] } },
{ "type": "Feature", "properties": { "element": "node", "id": 4945175021, "amenity": "fuel", "shop": null, "name": "Cng adani" }, "geometry": { "type": "Point", "coordinates": [ 73.164572, 22.3153114 ] } },
{ "type": "Feature", "properties": { "element": "node", "id": 5043126322, "amenity": null, "shop": "car_repair", "name": null }, "geometry": { "type": "Point", "coordinates": [ 73.1349468, 22.4024637 ] } },
{ "type": "Feature", "properties": { "element": "node", "id": 5240630041, "amenity": "restaurant", "shop": null, "name": "The Gateway Hotel" }, "geometry": { "type": "Point", "coordinates": [ 73.1743197, 22.2934916 ] } },
{ "type": "Feature", "properties": { "element": "node", "id": 5240634617, "amenity": "fast_food", "shop": null, "name": "Subway" }, "geometry": { "type": "Point", "coordinates": [ 73.1431511, 22.2699124 ] } },
{ "type": "Feature", "properties": { "element": "node", "id": 5242745277, "amenity": null, "shop": null, "name": "Sri Krishna" }, "geometry": { "type": "Point", "coordinates": [ 73.1800284, 22.3079248 ] } },
{ "type": "Feature", "properties": { "element": "node", "id": 5357363523, "amenity": null, "shop": null, "name": "Dumad chokdi" }, "geometry": { "type": "Point", "coordinates": [ 73.1894003, 22.3670865 ] } },
{ "type": "Feature", "properties": { "element": "node", "id": 5724979221, "amenity": null, "shop": null, "name": null }, "geometry": { "type": "Point", "coordinates": [ 73.1623708, 22.4006768 ] } },
{ "type": "Feature", "properties": { "element": "node", "id": 5725206321, "amenity": "fuel", "shop": null, "name": "CNG pump Bharat Petroleum" }, "geometry": { "type": "Point", "coordinates": [ 73.1883648, 22.2343063 ] } },
{ "type": "Feature", "properties": { "element": "node", "id": 5749135021, "amenity": "fuel", "shop": null, "name": "Gail Gas" }, "geometry": { "type": "Point", "coordinates": [ 73.1446714, 22.3864139 ] } },
{ "type": "Feature", "properties": { "element": "node", "id": 5751332312, "amenity": null, "shop": null, "name": null }, "geometry": { "type": "Point", "coordinates": [ 73.1756545, 22.3145278 ] } },
{ "type": "Feature", "properties": { "element": "node", "id": 5763083853, "amenity": "water_point", "shop": null, "name": null }, "geometry": { "type": "Point", "coordinates": [ 73.1862066, 22.3058043 ] } },
{ "type": "Feature", "properties": { "element": "node", "id": 6050547003, "amenity": "restaurant", "shop": null, "name": "Giriraj" }, "geometry": { "type": "Point", "coordinates": [ 73.2475187, 22.2859258 ] } },
{ "type": "Feature", "properties": { "element": "node", "id": 6305492256, "amenity": "library", "shop": null, "name": "Smt Hansa Mehta Library" }, "geometry": { "type": "Point", "coordinates": [ 73.1852914, 22.3107247 ] } },
{ "type": "Feature", "properties": { "element": "node", "id": 6305492274, "amenity": null, "shop": null, "name": "Computer Application Department" }, "geometry": { "type": "Point", "coordinates": [ 73.1854786, 22.3120204 ] } },
{ "type": "Feature", "properties": { "element": "node", "id": 6305492275, "amenity": null, "shop": null, "name": "Statistics Department" }, "geometry": { "type": "Point", "coordinates": [ 73.1854842, 22.3116591 ] } },
{ "type": "Feature", "properties": { "element": "node", "id": 6305492276, "amenity": null, "shop": null, "name": "Mathematics Department" }, "geometry": { "type": "Point", "coordinates": [ 73.1854835, 22.3112947 ] } },
{ "type": "Feature", "properties": { "element": "node", "id": 6305492277, "amenity": null, "shop": null, "name": "Geology Department" }, "geometry": { "type": "Point", "coordinates": [ 73.1850629, 22.3116771 ] } },
{ "type": "Feature", "properties": { "element": "node", "id": 6305492278, "amenity": null, "shop": null, "name": "Physics Department" }, "geometry": { "type": "Point", "coordinates": [ 73.1845374, 22.3111481 ] } },
{ "type": "Feature", "properties": { "element": "node", "id": 6305492279, "amenity": null, "shop": null, "name": "Chemistry Department" }, "geometry": { "type": "Point", "coordinates": [ 73.1847886, 22.310906 ] } },
{ "type": "Feature", "properties": { "element": "node", "id": 6332861495, "amenity": null, "shop": null, "name": "Environmental Studies Department" }, "geometry": { "type": "Point", "coordinates": [ 73.1845485, 22.3117645 ] } },
{ "type": "Feature", "properties": { "element": "node", "id": 6350984285, "amenity": null, "shop": null, "name": "Fitness Track" }, "geometry": { "type": "Point", "coordinates": [ 73.2087418, 22.2870502 ] } },
{ "type": "Feature", "properties": { "element": "node", "id": 6350985944, "amenity": "cinema", "shop": null, "name": "Cinemarc Vihar" }, "geometry": { "type": "Point", "coordinates": [ 73.2095701, 22.2893997 ] } },
{ "type": "Feature", "properties": { "element": "node", "id": 6351005599, "amenity": "university", "shop": null, "name": "Navrachana University" }, "geometry": { "type": "Point", "coordinates": [ 73.122261, 22.2927001 ] } },
{ "type": "Feature", "properties": { "element": "node", "id": 6352355304, "amenity": "cafe", "shop": null, "name": "Tea Post" }, "geometry": { "type": "Point", "coordinates": [ 73.1225043, 22.2929511 ] } },
{ "type": "Feature", "properties": { "element": "node", "id": 6352355305, "amenity": "cafe", "shop": null, "name": "Gossip" }, "geometry": { "type": "Point", "coordinates": [ 73.1219622, 22.2928758 ] } },
{ "type": "Feature", "properties": { "element": "node", "id": 6352805919, "amenity": "cinema", "shop": null, "name": "Cinepolis" }, "geometry": { "type": "Point", "coordinates": [ 73.1659132, 22.3225001 ] } },
{ "type": "Feature", "properties": { "element": "node", "id": 6357743403, "amenity": "restaurant", "shop": null, "name": "Da Pizza Planet" }, "geometry": { "type": "Point", "coordinates": [ 73.1429303, 22.2948715 ] } },
{ "type": "Feature", "properties": { "element": "node", "id": 6357743404, "amenity": "cafe", "shop": null, "name": "Caffein Restro" }, "geometry": { "type": "Point", "coordinates": [ 73.1433879, 22.2951243 ] } },
{ "type": "Feature", "properties": { "element": "node", "id": 6357743405, "amenity": "restaurant", "shop": null, "name": "Ready Platter" }, "geometry": { "type": "Point", "coordinates": [ 73.1433798, 22.2948132 ] } },
{ "type": "Feature", "properties": { "element": "node", "id": 6357743410, "amenity": "hospital", "shop": null, "name": "Raneshwar Hospital" }, "geometry": { "type": "Point", "coordinates": [ 73.1445083, 22.2950183 ] } },
{ "type": "Feature", "properties": { "element": "node", "id": 6357758241, "amenity": null, "shop": null, "name": "Fitness Track Gym" }, "geometry": { "type": "Point", "coordinates": [ 73.1397264, 22.2984884 ] } },
{ "type": "Feature", "properties": { "element": "node", "id": 6357758242, "amenity": "restaurant", "shop": null, "name": "The Chocolate Room" }, "geometry": { "type": "Point", "coordinates": [ 73.1403087, 22.298249 ] } },
{ "type": "Feature", "properties": { "element": "node", "id": 6373600420, "amenity": "college", "shop": null, "name": "School of Business and Law" }, "geometry": { "type": "Point", "coordinates": [ 73.1222249, 22.2929426 ] } },
{ "type": "Feature", "properties": { "element": "node", "id": 6400625389, "amenity": null, "shop": null, "name": "Mine" }, "geometry": { "type": "Point", "coordinates": [ 73.1997274, 22.3253933 ] } },
{ "type": "Feature", "properties": { "element": "node", "id": 6661385086, "amenity": "place_of_worship", "shop": null, "name": "SWAMINARAYAN TEMPLE" }, "geometry": { "type": "Point", "coordinates": [ 73.2538443, 22.2960823 ] } },
{ "type": "Feature", "properties": { "element": "node", "id": 6714907186, "amenity": "college", "shop": null, "name": "Pioneer Pharmacy Degree College" }, "geometry": { "type": "Point", "coordinates": [ 73.2699414, 22.3326956 ] } },
{ "type": "Feature", "properties": { "element": "node", "id": 6714907385, "amenity": "school", "shop": null, "name": "American School of Baroda" }, "geometry": { "type": "Point", "coordinates": [ 73.2682358, 22.3319378 ] } },
{ "type": "Feature", "properties": { "element": "node", "id": 6720642785, "amenity": null, "shop": null, "name": "GAURAV" }, "geometry": { "type": "Point", "coordinates": [ 73.2519211, 22.3256148 ] } },
{ "type": "Feature", "properties": { "element": "node", "id": 6720642787, "amenity": null, "shop": null, "name": "KAMALA TALAV" }, "geometry": { "type": "Point", "coordinates": [ 73.2481143, 22.3208889 ] } },
{ "type": "Feature", "properties": { "element": "node", "id": 6720643585, "amenity": null, "shop": null, "name": "Amardeep Residency Society" }, "geometry": { "type": "Point", "coordinates": [ 73.2519529, 22.3262115 ] } },
{ "type": "Feature", "properties": { "element": "node", "id": 6842759386, "amenity": "fuel", "shop": null, "name": "CNG pump" }, "geometry": { "type": "Point", "coordinates": [ 73.1916628, 22.3796541 ] } },
{ "type": "Feature", "properties": { "element": "node", "id": 6888389473, "amenity": "blood_bank", "shop": null, "name": "Medical Care Centre Trust, Shri Jalaram Blood Bank, Vadodara" }, "geometry": { "type": "Point", "coordinates": [ 73.1951679, 22.315035 ] } },
{ "type": "Feature", "properties": { "element": "node", "id": 6888389478, "amenity": "blood_bank", "shop": null, "name": "Indu Blood Bank, Vadodara" }, "geometry": { "type": "Point", "coordinates": [ 73.1935506, 22.3040969 ] } },
{ "type": "Feature", "properties": { "element": "node", "id": 6888389483, "amenity": "blood_bank", "shop": null, "name": "S. S. G. Hospital's Blood Bank, Vadodara" }, "geometry": { "type": "Point", "coordinates": [ 73.1909287, 22.3063178 ] } },
{ "type": "Feature", "properties": { "element": "node", "id": 6888389488, "amenity": "blood_bank", "shop": null, "name": "Suraktam Blood Bank, Vadodara" }, "geometry": { "type": "Point", "coordinates": [ 73.1862053, 22.3078849 ] } },
{ "type": "Feature", "properties": { "element": "node", "id": 6888389527, "amenity": "blood_bank", "shop": null, "name": "Bhailal Amin General Hospital Blood Bank" }, "geometry": { "type": "Point", "coordinates": [ 73.1631383, 22.3254079 ] } },
{ "type": "Feature", "properties": { "element": "node", "id": 6888389532, "amenity": "blood_bank", "shop": null, "name": "GMERS Medical College and General Hospital Blood Bank" }, "geometry": { "type": "Point", "coordinates": [ 73.1479758, 22.3136889 ] } },
{ "type": "Feature", "properties": { "element": "node", "id": 6888435330, "amenity": "blood_bank", "shop": null, "name": "Jamnabai Blood Bank" }, "geometry": { "type": "Point", "coordinates": [ 73.2121597, 22.2997987 ] } },
{ "type": "Feature", "properties": { "element": "node", "id": 6968406121, "amenity": "clinic", "shop": null, "name": "Alpana Clinic" }, "geometry": { "type": "Point", "coordinates": [ 73.2066008, 22.2569913 ] } },
{ "type": "Feature", "properties": { "element": "node", "id": 6968415149, "amenity": "hospital", "shop": null, "name": "As Siddiq Surgical Hospital" }, "geometry": { "type": "Point", "coordinates": [ 73.2213646, 22.2994608 ] } },
{ "type": "Feature", "properties": { "element": "node", "id": 6968439244, "amenity": "hospital", "shop": null, "name": "Dwarkesh Hospital" }, "geometry": { "type": "Point", "coordinates": [ 73.1978278, 22.3248646 ] } },
{ "type": "Feature", "properties": { "element": "node", "id": 6968717515, "amenity": "hospital", "shop": null, "name": "Harshal Generaland Surgical Hospital" }, "geometry": { "type": "Point", "coordinates": [ 73.2231125, 22.3004297 ] } },
{ "type": "Feature", "properties": { "element": "node", "id": 6968717627, "amenity": "hospital", "shop": null, "name": "Shree Vallabhacharya Mahaprabhuji Hospital" }, "geometry": { "type": "Point", "coordinates": [ 73.2309942, 22.2933762 ] } },
{ "type": "Feature", "properties": { "element": "node", "id": 6968717650, "amenity": "hospital", "shop": null, "name": "Bhailal Amin General Hospital" }, "geometry": { "type": "Point", "coordinates": [ 73.1631088, 22.3253843 ] } },
{ "type": "Feature", "properties": { "element": "node", "id": 6968861302, "amenity": "hospital", "shop": null, "name": "Shree Viththalesh Hospital" }, "geometry": { "type": "Point", "coordinates": [ 73.1909884, 22.26855 ] } },
{ "type": "Feature", "properties": { "element": "node", "id": 6968861312, "amenity": "clinic", "shop": null, "name": "Rushabh Nursing Home and Clinic" }, "geometry": { "type": "Point", "coordinates": [ 73.1951036, 22.2748253 ] } },
{ "type": "Feature", "properties": { "element": "node", "id": 6968861341, "amenity": "hospital", "shop": null, "name": "Brij Psychiatric Hospital" }, "geometry": { "type": "Point", "coordinates": [ 73.1873332, 22.3098142 ] } },
{ "type": "Feature", "properties": { "element": "node", "id": 6969842707, "amenity": "clinic", "shop": null, "name": "Priyal Clinic" }, "geometry": { "type": "Point", "coordinates": [ 73.2212457, 22.2998124 ] } },
{ "type": "Feature", "properties": { "element": "node", "id": 6969913814, "amenity": "hospital", "shop": null, "name": "Shree Vraj Hospital" }, "geometry": { "type": "Point", "coordinates": [ 73.1640472, 22.2951426 ] } },
{ "type": "Feature", "properties": { "element": "node", "id": 6969957544, "amenity": "hospital", "shop": null, "name": "Kaka Hospital, Vadodara" }, "geometry": { "type": "Point", "coordinates": [ 73.2330582, 22.2998869 ] } },
{ "type": "Feature", "properties": { "element": "node", "id": 6969966099, "amenity": "hospital", "shop": null, "name": "Sanjivani Hospital and Laprascopy Center" }, "geometry": { "type": "Point", "coordinates": [ 73.171775, 22.2975095 ] } },
{ "type": "Feature", "properties": { "element": "node", "id": 6969968217, "amenity": "hospital", "shop": null, "name": "BM Parikh Foundation Trust" }, "geometry": { "type": "Point", "coordinates": [ 73.2092294, 22.3006735 ] } },
{ "type": "Feature", "properties": { "element": "node", "id": 6970040744, "amenity": "hospital", "shop": null, "name": "Navrang Hospital" }, "geometry": { "type": "Point", "coordinates": [ 73.2061046, 22.3268271 ] } },
{ "type": "Feature", "properties": { "element": "node", "id": 6970041646, "amenity": "hospital", "shop": null, "name": "Dr. Bhavesh Patel's Hospital" }, "geometry": { "type": "Point", "coordinates": [ 73.1778905, 22.3396366 ] } },
{ "type": "Feature", "properties": { "element": "node", "id": 6970043192, "amenity": "hospital", "shop": null, "name": "Desai Urological and Maternity Hospital" }, "geometry": { "type": "Point", "coordinates": [ 73.1811172, 22.3341735 ] } },
{ "type": "Feature", "properties": { "element": "node", "id": 6970044497, "amenity": "hospital", "shop": null, "name": "Uro - Care Hospital - Vadodara" }, "geometry": { "type": "Point", "coordinates": [ 73.1538525, 22.3037135 ] } },
{ "type": "Feature", "properties": { "element": "node", "id": 6970052948, "amenity": "hospital", "shop": null, "name": "Chiplonkar Eye Hospital" }, "geometry": { "type": "Point", "coordinates": [ 73.1974619, 22.3003143 ] } },
{ "type": "Feature", "properties": { "element": "node", "id": 6970150961, "amenity": "hospital", "shop": null, "name": "Dr. Handas Eye Hospital" }, "geometry": { "type": "Point", "coordinates": [ 73.2019834, 22.2683086 ] } },
{ "type": "Feature", "properties": { "element": "node", "id": 6970162258, "amenity": "hospital", "shop": null, "name": "Sant Hospital" }, "geometry": { "type": "Point", "coordinates": [ 73.1984147, 22.3016761 ] } },
{ "type": "Feature", "properties": { "element": "node", "id": 6970331220, "amenity": "hospital", "shop": null, "name": "Aditya Surgical Hospital" }, "geometry": { "type": "Point", "coordinates": [ 73.2106014, 22.2919691 ] } },
{ "type": "Feature", "properties": { "element": "node", "id": 6970343550, "amenity": "clinic", "shop": null, "name": "Acharya Nursing Home and Icu" }, "geometry": { "type": "Point", "coordinates": [ 73.155714, 22.3261721 ] } },
{ "type": "Feature", "properties": { "element": "node", "id": 6970366432, "amenity": "hospital", "shop": null, "name": "Rudraksha Medical and Eye Care Centre" }, "geometry": { "type": "Point", "coordinates": [ 73.1757715, 22.3430081 ] } },
{ "type": "Feature", "properties": { "element": "node", "id": 6970438826, "amenity": "hospital", "shop": null, "name": "Nisarg Orthopaedic and Maternity Hospital" }, "geometry": { "type": "Point", "coordinates": [ 73.2204612, 22.3182731 ] } },
{ "type": "Feature", "properties": { "element": "node", "id": 6970440495, "amenity": "hospital", "shop": null, "name": "Ankur Children Hospital, Vihar Road" }, "geometry": { "type": "Point", "coordinates": [ 73.2411504, 22.3215968 ] } },
{ "type": "Feature", "properties": { "element": "node", "id": 6970440613, "amenity": "hospital", "shop": null, "name": "Vraj Hospital" }, "geometry": { "type": "Point", "coordinates": [ 73.1745639, 22.3472341 ] } },
{ "type": "Feature", "properties": { "element": "node", "id": 6970455204, "amenity": "hospital", "shop": null, "name": "Aadit Nursing Home" }, "geometry": { "type": "Point", "coordinates": [ 73.145417, 22.2983445 ] } },
{ "type": "Feature", "properties": { "element": "node", "id": 6970468507, "amenity": "hospital", "shop": null, "name": "Kala Laser and Cosmetic Surgery Centre" }, "geometry": { "type": "Point", "coordinates": [ 73.1766218, 22.3132981 ] } },
{ "type": "Feature", "properties": { "element": "node", "id": 6970473271, "amenity": "hospital", "shop": null, "name": "Om Multi Speciality Hospital" }, "geometry": { "type": "Point", "coordinates": [ 73.1504716, 22.3231785 ] } },
{ "type": "Feature", "properties": { "element": "node", "id": 6970482646, "amenity": "hospital", "shop": null, "name": "Neurosurgical Hospital" }, "geometry": { "type": "Point", "coordinates": [ 73.1998304, 22.302478 ] } },
{ "type": "Feature", "properties": { "element": "node", "id": 6970497637, "amenity": "hospital", "shop": null, "name": "Neurology Hospital" }, "geometry": { "type": "Point", "coordinates": [ 73.1587912, 22.313471 ] } },
{ "type": "Feature", "properties": { "element": "node", "id": 6970622256, "amenity": "clinic", "shop": null, "name": "Kamubala Poly Clinic" }, "geometry": { "type": "Point", "coordinates": [ 73.1759928, 22.3439198 ] } },
{ "type": "Feature", "properties": { "element": "node", "id": 6970628472, "amenity": "hospital", "shop": null, "name": "Spandan Multi Speciality Hospital" }, "geometry": { "type": "Point", "coordinates": [ 73.203126, 22.2772602 ] } },
{ "type": "Feature", "properties": { "element": "node", "id": 6970628477, "amenity": "hospital", "shop": null, "name": "Devpushp Meternity and Lapruscopy Hospital" }, "geometry": { "type": "Point", "coordinates": [ 73.1976423, 22.2694876 ] } },
{ "type": "Feature", "properties": { "element": "node", "id": 6970628482, "amenity": "hospital", "shop": null, "name": "Shivam Eye Hospital, Vadodara" }, "geometry": { "type": "Point", "coordinates": [ 73.1978354, 22.2775159 ] } },
{ "type": "Feature", "properties": { "element": "node", "id": 6970635980, "amenity": "hospital", "shop": null, "name": "Shree Vraj Hospital and I.C.U" }, "geometry": { "type": "Point", "coordinates": [ 73.1870703, 22.2724593 ] } },
{ "type": "Feature", "properties": { "element": "node", "id": 6970636559, "amenity": "clinic", "shop": null, "name": "Rishabh Nursing Home" }, "geometry": { "type": "Point", "coordinates": [ 73.1588729, 22.3211998 ] } },
{ "type": "Feature", "properties": { "element": "node", "id": 6970639701, "amenity": "hospital", "shop": null, "name": "Chintu Children Hospital" }, "geometry": { "type": "Point", "coordinates": [ 73.1719883, 22.2966006 ] } },
{ "type": "Feature", "properties": { "element": "node", "id": 6970646987, "amenity": "hospital", "shop": null, "name": "Shri Narhari Arogya Kendra Hospital" }, "geometry": { "type": "Point", "coordinates": [ 73.188335, 22.3182458 ] } },
{ "type": "Feature", "properties": { "element": "node", "id": 6970661089, "amenity": "hospital", "shop": null, "name": "Kamat Kidney and Eye Hospital - Vadodara" }, "geometry": { "type": "Point", "coordinates": [ 73.1678402, 22.2961439 ] } },
{ "type": "Feature", "properties": { "element": "node", "id": 6970669189, "amenity": "clinic", "shop": null, "name": "Shrey Nursing Home and Iccu" }, "geometry": { "type": "Point", "coordinates": [ 73.2010312, 22.2972923 ] } },
{ "type": "Feature", "properties": { "element": "node", "id": 6970670587, "amenity": "hospital", "shop": null, "name": "Palash Hospital" }, "geometry": { "type": "Point", "coordinates": [ 73.2021077, 22.2514256 ] } },
{ "type": "Feature", "properties": { "element": "node", "id": 6970677899, "amenity": "hospital", "shop": null, "name": "Aum Sai Retina Care Centre" }, "geometry": { "type": "Point", "coordinates": [ 73.1711031, 22.314571 ] } },
{ "type": "Feature", "properties": { "element": "node", "id": 6970680766, "amenity": "clinic", "shop": null, "name": "Aditya Oral And Maxillofacial Clinic" }, "geometry": { "type": "Point", "coordinates": [ 73.199544, 22.3002988 ] } },
{ "type": "Feature", "properties": { "element": "node", "id": 6970701030, "amenity": "clinic", "shop": null, "name": "Prutha Maternity Nursing Home" }, "geometry": { "type": "Point", "coordinates": [ 73.1972091, 22.3204963 ] } },
{ "type": "Feature", "properties": { "element": "node", "id": 6970717636, "amenity": "doctors", "shop": null, "name": "Dr. Girish K. Zinzuvadia" }, "geometry": { "type": "Point", "coordinates": [ 73.2007161, 22.3040081 ] } },
{ "type": "Feature", "properties": { "element": "node", "id": 6970724561, "amenity": "hospital", "shop": null, "name": "Uma Laparoscopy Hospital" }, "geometry": { "type": "Point", "coordinates": [ 73.2304068, 22.3015719 ] } },
{ "type": "Feature", "properties": { "element": "node", "id": 6970724566, "amenity": "clinic", "shop": null, "name": "Swar Clinic" }, "geometry": { "type": "Point", "coordinates": [ 73.2002735, 22.3036229 ] } },
{ "type": "Feature", "properties": { "element": "node", "id": 6970732308, "amenity": "clinic", "shop": null, "name": "Utkarsh Clinic" }, "geometry": { "type": "Point", "coordinates": [ 73.1555665, 22.326476 ] } },
{ "type": "Feature", "properties": { "element": "node", "id": 6970732328, "amenity": "hospital", "shop": null, "name": "Yogeshwar Hospital" }, "geometry": { "type": "Point", "coordinates": [ 73.1441362, 22.3213065 ] } },
{ "type": "Feature", "properties": { "element": "node", "id": 6970741767, "amenity": "hospital", "shop": null, "name": "Gayatri Maternity Hospital(Only For Apollo Tyre)" }, "geometry": { "type": "Point", "coordinates": [ 73.2348619, 22.3009602 ] } },
{ "type": "Feature", "properties": { "element": "node", "id": 6970743458, "amenity": "hospital", "shop": null, "name": "Gorwa Hospital" }, "geometry": { "type": "Point", "coordinates": [ 73.1558843, 22.3338708 ] } },
{ "type": "Feature", "properties": { "element": "node", "id": 6970809028, "amenity": "hospital", "shop": null, "name": "Navjivan Hospital, Vadodara" }, "geometry": { "type": "Point", "coordinates": [ 73.2241385, 22.3123949 ] } },
{ "type": "Feature", "properties": { "element": "node", "id": 6970849781, "amenity": "hospital", "shop": null, "name": "City Heart Centre" }, "geometry": { "type": "Point", "coordinates": [ 73.1992335, 22.3015396 ] } },
{ "type": "Feature", "properties": { "element": "node", "id": 6970853227, "amenity": "hospital", "shop": null, "name": "Sankalp Eye Hospital and Retina Centre" }, "geometry": { "type": "Point", "coordinates": [ 73.16585, 22.3081256 ] } },
{ "type": "Feature", "properties": { "element": "node", "id": 6970895708, "amenity": "hospital", "shop": null, "name": "Netradeep Hospital" }, "geometry": { "type": "Point", "coordinates": [ 73.1635849, 22.2910521 ] } },
{ "type": "Feature", "properties": { "element": "node", "id": 6970996297, "amenity": "hospital", "shop": null, "name": "Desai Eye Institute and Research Centre" }, "geometry": { "type": "Point", "coordinates": [ 73.1594714, 22.322088 ] } },
{ "type": "Feature", "properties": { "element": "node", "id": 6971013934, "amenity": "hospital", "shop": null, "name": "Anjali Memorial Hospital" }, "geometry": { "type": "Point", "coordinates": [ 73.187985, 22.3228796 ] } },
{ "type": "Feature", "properties": { "element": "node", "id": 6971032533, "amenity": "clinic", "shop": null, "name": "Shreenath Clinic" }, "geometry": { "type": "Point", "coordinates": [ 73.1971614, 22.3022255 ] } },
{ "type": "Feature", "properties": { "element": "node", "id": 6971032538, "amenity": "hospital", "shop": null, "name": "Sankalp Hospital, Vadodara" }, "geometry": { "type": "Point", "coordinates": [ 73.1985165, 22.3011709 ] } },
{ "type": "Feature", "properties": { "element": "node", "id": 6971032550, "amenity": "hospital", "shop": null, "name": "Dr Kalpit Baxi Orthopaedic Hospital" }, "geometry": { "type": "Point", "coordinates": [ 73.198415, 22.3016359 ] } },
{ "type": "Feature", "properties": { "element": "node", "id": 6971032603, "amenity": "hospital", "shop": null, "name": "Sanjivani Hospital, Vadodara" }, "geometry": { "type": "Point", "coordinates": [ 73.2017379, 22.2706017 ] } },
{ "type": "Feature", "properties": { "element": "node", "id": 6971034523, "amenity": "hospital", "shop": null, "name": "Rahul Children Hospital" }, "geometry": { "type": "Point", "coordinates": [ 73.1580971, 22.3231078 ] } },
{ "type": "Feature", "properties": { "element": "node", "id": 6971034569, "amenity": "hospital", "shop": null, "name": "Anantshree Hospital" }, "geometry": { "type": "Point", "coordinates": [ 73.2391461, 22.2997336 ] } },
{ "type": "Feature", "properties": { "element": "node", "id": 6971041986, "amenity": "hospital", "shop": null, "name": "Sarveshwar Hospital" }, "geometry": { "type": "Point", "coordinates": [ 73.2324895, 22.3074035 ] } },
{ "type": "Feature", "properties": { "element": "node", "id": 6971042021, "amenity": "hospital", "shop": null, "name": "Viroc Vadodara Institute For Reconstructive Orthopaedic Care" }, "geometry": { "type": "Point", "coordinates": [ 73.2022248, 22.31288 ] } },
{ "type": "Feature", "properties": { "element": "node", "id": 6971973802, "amenity": "hospital", "shop": null, "name": "Anya Ent Hospital" }, "geometry": { "type": "Point", "coordinates": [ 73.1603475, 22.3190324 ] } },
{ "type": "Feature", "properties": { "element": "node", "id": 6974190968, "amenity": "doctors", "shop": null, "name": "Dr. Vasant M. Patel" }, "geometry": { "type": "Point", "coordinates": [ 73.1998256, 22.2956706 ] } },
{ "type": "Feature", "properties": { "element": "node", "id": 6974211790, "amenity": "hospital", "shop": null, "name": "Balvantray Mehta Nisargopchar Arogya Bhavan" }, "geometry": { "type": "Point", "coordinates": [ 73.2102178, 22.3227822 ] } },
{ "type": "Feature", "properties": { "element": "node", "id": 6974227937, "amenity": "clinic", "shop": null, "name": "Nene Clinic" }, "geometry": { "type": "Point", "coordinates": [ 73.1483225, 22.3177998 ] } },
{ "type": "Feature", "properties": { "element": "node", "id": 6974319992, "amenity": "clinic", "shop": null, "name": "Dr. Kumars Clinic" }, "geometry": { "type": "Point", "coordinates": [ 73.1807578, 22.3341915 ] } },
{ "type": "Feature", "properties": { "element": "node", "id": 6974625536, "amenity": "hospital", "shop": null, "name": "Vadilal Eye Hospital" }, "geometry": { "type": "Point", "coordinates": [ 73.1720252, 22.2994966 ] } },
{ "type": "Feature", "properties": { "element": "node", "id": 6974690590, "amenity": "hospital", "shop": null, "name": "Ami Surgical Hospital" }, "geometry": { "type": "Point", "coordinates": [ 73.1768015, 22.3084506 ] } },
{ "type": "Feature", "properties": { "element": "node", "id": 6974776305, "amenity": "hospital", "shop": null, "name": "Dr Nutan Shahs Eye Hospital and Advanced Phaco Centre" }, "geometry": { "type": "Point", "coordinates": [ 73.1797117, 22.3355132 ] } },
{ "type": "Feature", "properties": { "element": "node", "id": 6974794536, "amenity": "hospital", "shop": null, "name": "Arpan Surgical Hospital" }, "geometry": { "type": "Point", "coordinates": [ 73.1459132, 22.3262018 ] } },
{ "type": "Feature", "properties": { "element": "node", "id": 6974816168, "amenity": "doctors", "shop": null, "name": "Dr. Vipul J. Mistry" }, "geometry": { "type": "Point", "coordinates": [ 73.1590473, 22.3209126 ] } },
{ "type": "Feature", "properties": { "element": "node", "id": 6974900282, "amenity": "hospital", "shop": null, "name": "Kalpana Hospital" }, "geometry": { "type": "Point", "coordinates": [ 73.1807873, 22.3311566 ] } },
{ "type": "Feature", "properties": { "element": "node", "id": 6974937986, "amenity": "hospital", "shop": null, "name": "Baroda Heart Institute And Research Centre" }, "geometry": { "type": "Point", "coordinates": [ 73.1651379, 22.3066429 ] } },
{ "type": "Feature", "properties": { "element": "node", "id": 6974975366, "amenity": "hospital", "shop": null, "name": "Batra Hospital" }, "geometry": { "type": "Point", "coordinates": [ 73.2219645, 22.3144767 ] } },
{ "type": "Feature", "properties": { "element": "node", "id": 6974999628, "amenity": "hospital", "shop": null, "name": "Sigma Hospital" }, "geometry": { "type": "Point", "coordinates": [ 73.1972077, 22.2702937 ] } },
{ "type": "Feature", "properties": { "element": "node", "id": 6975013974, "amenity": "hospital", "shop": null, "name": "Siddharth Hospital, Vadodara" }, "geometry": { "type": "Point", "coordinates": [ 73.189173900000014, 22.3195243 ] } },
{ "type": "Feature", "properties": { "element": "node", "id": 6975027858, "amenity": "hospital", "shop": null, "name": "Dhanvantri E.N.T Hospital" }, "geometry": { "type": "Point", "coordinates": [ 73.2306898, 22.2795461 ] } },
{ "type": "Feature", "properties": { "element": "node", "id": 6975038295, "amenity": "hospital", "shop": null, "name": "Vardhman Ent Hospital" }, "geometry": { "type": "Point", "coordinates": [ 73.1700242, 22.2999166 ] } },
{ "type": "Feature", "properties": { "element": "node", "id": 6975061281, "amenity": "hospital", "shop": null, "name": "Maa Hospital, Vadodara" }, "geometry": { "type": "Point", "coordinates": [ 73.2467991, 22.3166894 ] } },
{ "type": "Feature", "properties": { "element": "node", "id": 6975133162, "amenity": "hospital", "shop": null, "name": "Mangalam Orthopaedic Hospital" }, "geometry": { "type": "Point", "coordinates": [ 73.2311109, 22.2795561 ] } },
{ "type": "Feature", "properties": { "element": "node", "id": 6975148920, "amenity": "hospital", "shop": null, "name": "Krishnashray Hospital and Icu" }, "geometry": { "type": "Point", "coordinates": [ 73.1997766, 22.302415 ] } },
{ "type": "Feature", "properties": { "element": "node", "id": 6975170232, "amenity": "hospital", "shop": null, "name": "Ankur Children Hospital" }, "geometry": { "type": "Point", "coordinates": [ 73.1762624, 22.3437672 ] } },
{ "type": "Feature", "properties": { "element": "node", "id": 6975207010, "amenity": "hospital", "shop": null, "name": "Anusha Hospital" }, "geometry": { "type": "Point", "coordinates": [ 73.1570014, 22.3105772 ] } },
{ "type": "Feature", "properties": { "element": "node", "id": 6975256381, "amenity": "hospital", "shop": null, "name": "Amit Orthopaedic Hosptial" }, "geometry": { "type": "Point", "coordinates": [ 73.1759633, 22.3441666 ] } },
{ "type": "Feature", "properties": { "element": "node", "id": 6975456770, "amenity": "clinic", "shop": null, "name": "Govind Clinic and Retinal Laser Centre" }, "geometry": { "type": "Point", "coordinates": [ 73.199027, 22.3041527 ] } },
{ "type": "Feature", "properties": { "element": "node", "id": 6975479348, "amenity": "hospital", "shop": null, "name": "Hari Surgical Hospital" }, "geometry": { "type": "Point", "coordinates": [ 73.2036417, 22.3197352 ] } },
{ "type": "Feature", "properties": { "element": "node", "id": 6975611357, "amenity": "hospital", "shop": null, "name": "Satyam Hospital - Valpoi Sattari" }, "geometry": { "type": "Point", "coordinates": [ 73.1674111, 22.3563134 ] } },
{ "type": "Feature", "properties": { "element": "node", "id": 6975620780, "amenity": "clinic", "shop": null, "name": "Dr. Rupa Jain Eye Clinic" }, "geometry": { "type": "Point", "coordinates": [ 73.1737284, 22.3094054 ] } },
{ "type": "Feature", "properties": { "element": "node", "id": 6975630788, "amenity": "hospital", "shop": null, "name": "Urmi Children Hospital" }, "geometry": { "type": "Point", "coordinates": [ 73.0834244, 22.246604 ] } },
{ "type": "Feature", "properties": { "element": "node", "id": 6975633438, "amenity": "hospital", "shop": null, "name": "Balaji Hospital" }, "geometry": { "type": "Point", "coordinates": [ 73.1628017, 22.3180659 ] } },
{ "type": "Feature", "properties": { "element": "node", "id": 6975633443, "amenity": "hospital", "shop": null, "name": "Amruta Hospital" }, "geometry": { "type": "Point", "coordinates": [ 73.1647383, 22.2923835 ] } },
{ "type": "Feature", "properties": { "element": "node", "id": 6975781970, "amenity": "dentist", "shop": null, "name": "Toshi Dental Clinic" }, "geometry": { "type": "Point", "coordinates": [ 73.2043679, 22.3037408 ] } },
{ "type": "Feature", "properties": { "element": "node", "id": 6975837290, "amenity": "hospital", "shop": null, "name": "Anuj Children Hospital" }, "geometry": { "type": "Point", "coordinates": [ 73.2227571, 22.3133651 ] } },
{ "type": "Feature", "properties": { "element": "node", "id": 6975854581, "amenity": "hospital", "shop": null, "name": "Anand Hospital" }, "geometry": { "type": "Point", "coordinates": [ 73.1376419, 22.3176782 ] } },
{ "type": "Feature", "properties": { "element": "node", "id": 6975865076, "amenity": "hospital", "shop": null, "name": "Shree Shubham Surgical and Eye Hospital" }, "geometry": { "type": "Point", "coordinates": [ 73.158934, 22.3211675 ] } },
{ "type": "Feature", "properties": { "element": "node", "id": 6975868104, "amenity": "hospital", "shop": null, "name": "Ashutosh Hospital" }, "geometry": { "type": "Point", "coordinates": [ 73.1658165, 22.2826982 ] } },
{ "type": "Feature", "properties": { "element": "node", "id": 6975868109, "amenity": "clinic", "shop": null, "name": "Saurabh Clinic" }, "geometry": { "type": "Point", "coordinates": [ 73.1925716, 22.3396718 ] } },
{ "type": "Feature", "properties": { "element": "node", "id": 6975973342, "amenity": "hospital", "shop": null, "name": "Misha Maternity Home" }, "geometry": { "type": "Point", "coordinates": [ 73.1886659, 22.3213241 ] } },
{ "type": "Feature", "properties": { "element": "node", "id": 6975986781, "amenity": "hospital", "shop": null, "name": "Chintamani Orthopaedic Hospital" }, "geometry": { "type": "Point", "coordinates": [ 73.2022174, 22.3029553 ] } },
{ "type": "Feature", "properties": { "element": "node", "id": 6976057082, "amenity": "hospital", "shop": null, "name": "Shree Vallabh Hospital" }, "geometry": { "type": "Point", "coordinates": [ 73.2379626, 22.2936889 ] } },
{ "type": "Feature", "properties": { "element": "node", "id": 6976062465, "amenity": "hospital", "shop": null, "name": "Abhishek Hospital, Vadodara" }, "geometry": { "type": "Point", "coordinates": [ 73.1571369, 22.3247553 ] } },
{ "type": "Feature", "properties": { "element": "node", "id": 6976102848, "amenity": "hospital", "shop": null, "name": "Shirali Hospital" }, "geometry": { "type": "Point", "coordinates": [ 73.1563939, 22.3108216 ] } },
{ "type": "Feature", "properties": { "element": "node", "id": 6976102853, "amenity": "hospital", "shop": null, "name": "Krishna Ent and Skin Hospital" }, "geometry": { "type": "Point", "coordinates": [ 73.1974411, 22.3001785 ] } },
{ "type": "Feature", "properties": { "element": "node", "id": 6976102873, "amenity": "hospital", "shop": null, "name": "Navjeevan Nursing Home, Vadodara" }, "geometry": { "type": "Point", "coordinates": [ 73.1733763, 22.3059952 ] } },
{ "type": "Feature", "properties": { "element": "node", "id": 6976102884, "amenity": "hospital", "shop": null, "name": "Raghuvir Eye Care Hospital" }, "geometry": { "type": "Point", "coordinates": [ 73.2066899, 22.3269422 ] } },
{ "type": "Feature", "properties": { "element": "node", "id": 6976107742, "amenity": "hospital", "shop": null, "name": "Vandana Hospital, Vadodara" }, "geometry": { "type": "Point", "coordinates": [ 73.1559969, 22.3115748 ] } },
{ "type": "Feature", "properties": { "element": "node", "id": 6976113880, "amenity": "hospital", "shop": null, "name": "Chandan Hospital And I C U - Vadodara" }, "geometry": { "type": "Point", "coordinates": [ 73.1998833, 22.3020223 ] } },
{ "type": "Feature", "properties": { "element": "node", "id": 6976388680, "amenity": "clinic", "shop": null, "name": "Aaram Nursing Home, Baroda" }, "geometry": { "type": "Point", "coordinates": [ 73.2021095, 22.3024286 ] } },
{ "type": "Feature", "properties": { "element": "node", "id": 6976413349, "amenity": "hospital", "shop": null, "name": "Vins Hospital Pvt Ltd / Vadodara Institute Of Neurologyl Sciences" }, "geometry": { "type": "Point", "coordinates": [ 73.1738799, 22.3050746 ] } },
{ "type": "Feature", "properties": { "element": "node", "id": 6976413354, "amenity": "clinic", "shop": null, "name": "Dr. Dandekar Eye Clinic And Surgery Centre" }, "geometry": { "type": "Point", "coordinates": [ 73.1999483, 22.2986957 ] } },
{ "type": "Feature", "properties": { "element": "node", "id": 6976489663, "amenity": "hospital", "shop": null, "name": "Kalawati Hospital, Vadodara" }, "geometry": { "type": "Point", "coordinates": [ 73.2239205, 22.3117875 ] } },
{ "type": "Feature", "properties": { "element": "node", "id": 6976489677, "amenity": "hospital", "shop": null, "name": "Shilpa Children Hospital" }, "geometry": { "type": "Point", "coordinates": [ 73.1534006, 22.3116393 ] } },
{ "type": "Feature", "properties": { "element": "node", "id": 6976489684, "amenity": "hospital", "shop": null, "name": "Ganga Jamna Hospital" }, "geometry": { "type": "Point", "coordinates": [ 73.159457, 22.3203797 ] } },
{ "type": "Feature", "properties": { "element": "node", "id": 6976489902, "amenity": "hospital", "shop": null, "name": "Aadhar Hospital, Vadodara" }, "geometry": { "type": "Point", "coordinates": [ 73.1729545, 22.3072955 ] } },
{ "type": "Feature", "properties": { "element": "node", "id": 6976524007, "amenity": "hospital", "shop": null, "name": "Paavan Hospital" }, "geometry": { "type": "Point", "coordinates": [ 73.1568566, 22.3254265 ] } },
{ "type": "Feature", "properties": { "element": "node", "id": 6976811083, "amenity": "hospital", "shop": null, "name": "Shreeji Hospital and Trauma Care Centre" }, "geometry": { "type": "Point", "coordinates": [ 73.1687455, 22.354995 ] } },
{ "type": "Feature", "properties": { "element": "node", "id": 6976868722, "amenity": "hospital", "shop": null, "name": "Sunderam Hospital" }, "geometry": { "type": "Point", "coordinates": [ 73.1689889, 22.3093557 ] } },
{ "type": "Feature", "properties": { "element": "node", "id": 6977128117, "amenity": "hospital", "shop": null, "name": "Makarpura Hospital" }, "geometry": { "type": "Point", "coordinates": [ 73.2003795, 22.2512997 ] } },
{ "type": "Feature", "properties": { "element": "node", "id": 6977175141, "amenity": "hospital", "shop": null, "name": "Parth Surgical Hospital, Vadodara" }, "geometry": { "type": "Point", "coordinates": [ 73.2290389, 22.3033288 ] } },
{ "type": "Feature", "properties": { "element": "node", "id": 6977175146, "amenity": "hospital", "shop": null, "name": "Sanjiv Hospital" }, "geometry": { "type": "Point", "coordinates": [ 73.1811655, 22.3124556 ] } },
{ "type": "Feature", "properties": { "element": "node", "id": 6977175151, "amenity": "clinic", "shop": null, "name": "Rituma Clinic" }, "geometry": { "type": "Point", "coordinates": [ 73.166666800000016, 22.3093762 ] } },
{ "type": "Feature", "properties": { "element": "node", "id": 6977175173, "amenity": "hospital", "shop": null, "name": "Dipti Eye Hospital" }, "geometry": { "type": "Point", "coordinates": [ 73.1799041, 22.3333864 ] } },
{ "type": "Feature", "properties": { "element": "node", "id": 6977704169, "amenity": "hospital", "shop": null, "name": "Ananyaa Children Hospital" }, "geometry": { "type": "Point", "coordinates": [ 73.1760035, 22.3087161 ] } },
{ "type": "Feature", "properties": { "element": "node", "id": 6977799866, "amenity": "hospital", "shop": null, "name": "Synergy Hospital, Vadodara" }, "geometry": { "type": "Point", "coordinates": [ 73.1397066, 22.2984091 ] } },
{ "type": "Feature", "properties": { "element": "node", "id": 6977803462, "amenity": "hospital", "shop": null, "name": "Anjaneya Orthopaedic Hospital" }, "geometry": { "type": "Point", "coordinates": [ 73.1463953, 22.3214857 ] } },
{ "type": "Feature", "properties": { "element": "node", "id": 6977963004, "amenity": "hospital", "shop": null, "name": "Neeta Maternity and Gynaec Hospital" }, "geometry": { "type": "Point", "coordinates": [ 73.2243933, 22.311045 ] } },
{ "type": "Feature", "properties": { "element": "node", "id": 6977963068, "amenity": "hospital", "shop": null, "name": "Adarsh General Hospital" }, "geometry": { "type": "Point", "coordinates": [ 73.1611575, 22.3087881 ] } },
{ "type": "Feature", "properties": { "element": "node", "id": 6978044469, "amenity": "hospital", "shop": null, "name": "Samvedan Multispeciality Hospital" }, "geometry": { "type": "Point", "coordinates": [ 73.2338977, 22.285947 ] } },
{ "type": "Feature", "properties": { "element": "node", "id": 6978093703, "amenity": "hospital", "shop": null, "name": "Siddhi Surgical Hospital" }, "geometry": { "type": "Point", "coordinates": [ 73.202666, 22.3022444 ] } },
{ "type": "Feature", "properties": { "element": "node", "id": 6978213629, "amenity": "hospital", "shop": null, "name": "Manav Hospital, Vadodara" }, "geometry": { "type": "Point", "coordinates": [ 73.1555772, 22.3162223 ] } },
{ "type": "Feature", "properties": { "element": "node", "id": 6978270567, "amenity": "hospital", "shop": null, "name": "Krishna Hospital, Vadodara" }, "geometry": { "type": "Point", "coordinates": [ 73.0850016, 22.2384846 ] } },
{ "type": "Feature", "properties": { "element": "node", "id": 6978420651, "amenity": "hospital", "shop": null, "name": "Neel Surgical Hospital For Children, Vadodara" }, "geometry": { "type": "Point", "coordinates": [ 73.1715699, 22.2946518 ] } },
{ "type": "Feature", "properties": { "element": "node", "id": 6978430901, "amenity": "hospital", "shop": null, "name": "Eye-Q Super Speciality Eye Hospitals, BPC Road" }, "geometry": { "type": "Point", "coordinates": [ 73.1898022, 22.323645 ] } },
{ "type": "Feature", "properties": { "element": "node", "id": 6978459533, "amenity": "hospital", "shop": null, "name": "Kothari Hospital, Vadodara" }, "geometry": { "type": "Point", "coordinates": [ 73.1586818, 22.2953554 ] } },
{ "type": "Feature", "properties": { "element": "node", "id": 6978644045, "amenity": "clinic", "shop": null, "name": "Pooja Nursing Home, Vadodara" }, "geometry": { "type": "Point", "coordinates": [ 73.1950727, 22.2920088 ] } },
{ "type": "Feature", "properties": { "element": "node", "id": 6978692877, "amenity": "clinic", "shop": null, "name": "Shruti Ent Clinic" }, "geometry": { "type": "Point", "coordinates": [ 73.2118191, 22.3189195 ] } },
{ "type": "Feature", "properties": { "element": "node", "id": 6978697265, "amenity": "hospital", "shop": null, "name": "I Care Hospital and Phaco Center" }, "geometry": { "type": "Point", "coordinates": [ 73.1582554, 22.3102559 ] } },
{ "type": "Feature", "properties": { "element": "node", "id": 6978981171, "amenity": "hospital", "shop": null, "name": "Shanti Hospital, Vadodara" }, "geometry": { "type": "Point", "coordinates": [ 73.2341921, 22.3019056 ] } },
{ "type": "Feature", "properties": { "element": "node", "id": 6978995185, "amenity": "clinic", "shop": null, "name": "Vrund Clinic" }, "geometry": { "type": "Point", "coordinates": [ 73.2060577, 22.3301493 ] } },
{ "type": "Feature", "properties": { "element": "node", "id": 6978995205, "amenity": "hospital", "shop": null, "name": "Shreeji Hospital, Ghanshyam Nagar" }, "geometry": { "type": "Point", "coordinates": [ 73.0851813, 22.2449358 ] } },
{ "type": "Feature", "properties": { "element": "node", "id": 6979173513, "amenity": "hospital", "shop": null, "name": "Aashaa The Right Direction Hospital" }, "geometry": { "type": "Point", "coordinates": [ 73.199729, 22.3021823 ] } },
{ "type": "Feature", "properties": { "element": "node", "id": 6979190421, "amenity": "clinic", "shop": null, "name": "Uday Clinic" }, "geometry": { "type": "Point", "coordinates": [ 73.2271251, 22.3011599 ] } },
{ "type": "Feature", "properties": { "element": "node", "id": 6979193608, "amenity": "clinic", "shop": null, "name": "Advanced Eye Care Clinic" }, "geometry": { "type": "Point", "coordinates": [ 73.149683, 22.2946264 ] } },
{ "type": "Feature", "properties": { "element": "node", "id": 6979224507, "amenity": "clinic", "shop": null, "name": "Shree Vallabh Nursing Home" }, "geometry": { "type": "Point", "coordinates": [ 73.2297724, 22.299403 ] } },
{ "type": "Feature", "properties": { "element": "node", "id": 6979254243, "amenity": "hospital", "shop": null, "name": "Dr Thakorbhai V Patel Eye Institute and Sheth M L Vaduwala Hospital" }, "geometry": { "type": "Point", "coordinates": [ 73.1958707, 22.3067384 ] } },
{ "type": "Feature", "properties": { "element": "node", "id": 6979266292, "amenity": "hospital", "shop": null, "name": "Baba Advanced Orthopaedic Hospital" }, "geometry": { "type": "Point", "coordinates": [ 73.1971675, 22.3203189 ] } },
{ "type": "Feature", "properties": { "element": "node", "id": 6979370256, "amenity": "hospital", "shop": null, "name": "Vision Plus Lasik Laser Center" }, "geometry": { "type": "Point", "coordinates": [ 73.1708832, 22.3097621 ] } },
{ "type": "Feature", "properties": { "element": "node", "id": 6979537043, "amenity": "hospital", "shop": null, "name": "Siddhi Vinayak Hospital, Vadodara" }, "geometry": { "type": "Point", "coordinates": [ 73.2110775, 22.2551673 ] } },
{ "type": "Feature", "properties": { "element": "node", "id": 6979632801, "amenity": "hospital", "shop": null, "name": "Aastha Children Icu" }, "geometry": { "type": "Point", "coordinates": [ 73.1809884, 22.3319853 ] } },
{ "type": "Feature", "properties": { "element": "node", "id": 6979632841, "amenity": "clinic", "shop": null, "name": "Shaishav Nursing Home" }, "geometry": { "type": "Point", "coordinates": [ 73.2210593, 22.2991101 ] } },
{ "type": "Feature", "properties": { "element": "node", "id": 6979632851, "amenity": "hospital", "shop": null, "name": "Baroda Life Line Hospital" }, "geometry": { "type": "Point", "coordinates": [ 73.2312047, 22.2824016 ] } },
{ "type": "Feature", "properties": { "element": "node", "id": 6979632860, "amenity": "hospital", "shop": null, "name": "Baroda Neurosurgical and Children and Multispeciality Hospital" }, "geometry": { "type": "Point", "coordinates": [ 73.1720151, 22.2967414 ] } },
{ "type": "Feature", "properties": { "element": "node", "id": 6979632870, "amenity": "hospital", "shop": null, "name": "Beena Gopal Nursing and Maternity Hospital" }, "geometry": { "type": "Point", "coordinates": [ 73.1415224, 22.36867 ] } },
{ "type": "Feature", "properties": { "element": "node", "id": 6979967488, "amenity": "clinic", "shop": null, "name": "Ganga Clinic" }, "geometry": { "type": "Point", "coordinates": [ 73.1975008, 22.3025471 ] } },
{ "type": "Feature", "properties": { "element": "node", "id": 6979967499, "amenity": "hospital", "shop": null, "name": "Shree Maruti Surgical and Trauma Hospital" }, "geometry": { "type": "Point", "coordinates": [ 73.1997719, 22.3044008 ] } },
{ "type": "Feature", "properties": { "element": "node", "id": 6980252862, "amenity": "hospital", "shop": null, "name": "Deep Pain Management Centre Hospital" }, "geometry": { "type": "Point", "coordinates": [ 73.2009025, 22.320037299999989 ] } },
{ "type": "Feature", "properties": { "element": "node", "id": 6980252872, "amenity": "hospital", "shop": null, "name": "Aayush Children Hospital" }, "geometry": { "type": "Point", "coordinates": [ 73.2067792, 22.326976 ] } },
{ "type": "Feature", "properties": { "element": "node", "id": 6980252884, "amenity": "hospital", "shop": null, "name": "Amish Plastic Surgical Hospital" }, "geometry": { "type": "Point", "coordinates": [ 73.1744036, 22.2985859 ] } },
{ "type": "Feature", "properties": { "element": "node", "id": 6980252917, "amenity": "hospital", "shop": null, "name": "Indrapuri Hospital" }, "geometry": { "type": "Point", "coordinates": [ 73.2303109, 22.3005265 ] } },
{ "type": "Feature", "properties": { "element": "node", "id": 6980716059, "amenity": "hospital", "shop": null, "name": "Shrey Children Hospital Neonatal Care" }, "geometry": { "type": "Point", "coordinates": [ 73.1580354, 22.3232294 ] } },
{ "type": "Feature", "properties": { "element": "node", "id": 6980891655, "amenity": "hospital", "shop": null, "name": "Singhania Dental and Ent Care" }, "geometry": { "type": "Point", "coordinates": [ 73.2043719, 22.2564824 ] } },
{ "type": "Feature", "properties": { "element": "node", "id": 6980923984, "amenity": "hospital", "shop": null, "name": "Ramkrishna Paramhansa Hospital,Kalali" }, "geometry": { "type": "Point", "coordinates": [ 73.1632577, 22.2569956 ] } },
{ "type": "Feature", "properties": { "element": "node", "id": 6981465766, "amenity": "hospital", "shop": null, "name": "Saujanya Fracture and Orthopaedic Hospital" }, "geometry": { "type": "Point", "coordinates": [ 73.1984375, 22.2991889 ] } },
{ "type": "Feature", "properties": { "element": "node", "id": 6981475024, "amenity": "hospital", "shop": null, "name": "Shree Maharani Shntidevi Hospital" }, "geometry": { "type": "Point", "coordinates": [ 73.1826876, 22.2781506 ] } },
{ "type": "Feature", "properties": { "element": "node", "id": 6981560344, "amenity": "hospital", "shop": null, "name": "Bina Clinic Eye Care Centre" }, "geometry": { "type": "Point", "coordinates": [ 73.1764179, 22.3094916 ] } },
{ "type": "Feature", "properties": { "element": "node", "id": 6981614616, "amenity": "hospital", "shop": null, "name": "Citizen Hospital" }, "geometry": { "type": "Point", "coordinates": [ 73.2390878, 22.3050746 ] } },
{ "type": "Feature", "properties": { "element": "node", "id": 6981640949, "amenity": "hospital", "shop": null, "name": "Maitri Hospital, Vadodara" }, "geometry": { "type": "Point", "coordinates": [ 73.1771931, 22.3072608 ] } },
{ "type": "Feature", "properties": { "element": "node", "id": 6981646331, "amenity": "dentist", "shop": null, "name": "Vakade Centre For Dental Excellence" }, "geometry": { "type": "Point", "coordinates": [ 73.1931321, 22.3036378 ] } },
{ "type": "Feature", "properties": { "element": "node", "id": 6981660832, "amenity": "hospital", "shop": null, "name": "Shreejala Hospital" }, "geometry": { "type": "Point", "coordinates": [ 73.2004975, 22.301516 ] } },
{ "type": "Feature", "properties": { "element": "node", "id": 6981663622, "amenity": "hospital", "shop": null, "name": "Bittu Hospital" }, "geometry": { "type": "Point", "coordinates": [ 73.2296115, 22.2980281 ] } },
{ "type": "Feature", "properties": { "element": "node", "id": 6981666240, "amenity": "clinic", "shop": null, "name": "Zainee Nursing Home" }, "geometry": { "type": "Point", "coordinates": [ 73.2214509, 22.2991784 ] } },
{ "type": "Feature", "properties": { "element": "node", "id": 6981687944, "amenity": "clinic", "shop": null, "name": "City Plaza Eye Clinic" }, "geometry": { "type": "Point", "coordinates": [ 73.2009548, 22.3032283 ] } },
{ "type": "Feature", "properties": { "element": "node", "id": 6981695096, "amenity": "hospital", "shop": null, "name": "Shreeji Hospital, Sangam" }, "geometry": { "type": "Point", "coordinates": [ 73.2125822, 22.3202792 ] } },
{ "type": "Feature", "properties": { "element": "node", "id": 6981707490, "amenity": "hospital", "shop": null, "name": "Centre For Sight, Allkapuri 2" }, "geometry": { "type": "Point", "coordinates": [ 73.170619, 22.3180535 ] } },
{ "type": "Feature", "properties": { "element": "node", "id": 6981785474, "amenity": "clinic", "shop": null, "name": "Siddhi Clinic" }, "geometry": { "type": "Point", "coordinates": [ 73.1538968, 22.3107596 ] } },
{ "type": "Feature", "properties": { "element": "node", "id": 6981814724, "amenity": "hospital", "shop": null, "name": "Premier Kidney Care Pvt.Ltd." }, "geometry": { "type": "Point", "coordinates": [ 73.1745431, 22.3008919 ] } },
{ "type": "Feature", "properties": { "element": "node", "id": 6981826715, "amenity": "clinic", "shop": null, "name": "Baroda Children Eye Care And Squint Clinic" }, "geometry": { "type": "Point", "coordinates": [ 73.1662685, 22.3107832 ] } },
{ "type": "Feature", "properties": { "element": "node", "id": 6981887332, "amenity": "hospital", "shop": null, "name": "Unity Hospital, Vadodara" }, "geometry": { "type": "Point", "coordinates": [ 73.1524202, 22.312045 ] } },
{ "type": "Feature", "properties": { "element": "node", "id": 6981889405, "amenity": "hospital", "shop": null, "name": "Madhuram Hospital, Vadodara" }, "geometry": { "type": "Point", "coordinates": [ 73.2231742, 22.3128601 ] } },
{ "type": "Feature", "properties": { "element": "node", "id": 6981891647, "amenity": "hospital", "shop": null, "name": "Sanjiv Nursing Home" }, "geometry": { "type": "Point", "coordinates": [ 73.1694871, 22.2929866 ] } },
{ "type": "Feature", "properties": { "element": "node", "id": 6981895664, "amenity": "hospital", "shop": null, "name": "Shree Krushna Children and Maternity Hospital" }, "geometry": { "type": "Point", "coordinates": [ 73.2358456, 22.2893669 ] } },
{ "type": "Feature", "properties": { "element": "node", "id": 6981902064, "amenity": "hospital", "shop": null, "name": "Anand Medical Nursing Home" }, "geometry": { "type": "Point", "coordinates": [ 73.2298462, 22.3015185 ] } },
{ "type": "Feature", "properties": { "element": "node", "id": 6981912541, "amenity": "hospital", "shop": null, "name": "Shree Mahaveer Hospital" }, "geometry": { "type": "Point", "coordinates": [ 73.2278111, 22.294063 ] } },
{ "type": "Feature", "properties": { "element": "node", "id": 6981923120, "amenity": "hospital", "shop": null, "name": "Madhuram Hospital, Makarpura" }, "geometry": { "type": "Point", "coordinates": [ 73.1987701, 22.2577863 ] } },
{ "type": "Feature", "properties": { "element": "node", "id": 6981927316, "amenity": "hospital", "shop": null, "name": "Anand Multi Speciality Hospital" }, "geometry": { "type": "Point", "coordinates": [ 73.1531914, 22.3355498 ] } },
{ "type": "Feature", "properties": { "element": "node", "id": 6981939847, "amenity": "hospital", "shop": null, "name": "Shushrut Hospital" }, "geometry": { "type": "Point", "coordinates": [ 73.2100086, 22.3273183 ] } },
{ "type": "Feature", "properties": { "element": "node", "id": 6981939867, "amenity": "hospital", "shop": null, "name": "Subhechha Multispeciality Hospitals Pvt. Ltd" }, "geometry": { "type": "Point", "coordinates": [ 73.1743486, 22.3007964 ] } },
{ "type": "Feature", "properties": { "element": "node", "id": 6981942241, "amenity": "clinic", "shop": null, "name": "Om Eye Clinic" }, "geometry": { "type": "Point", "coordinates": [ 73.2212283, 22.2999762 ] } },
{ "type": "Feature", "properties": { "element": "node", "id": 6981966038, "amenity": "hospital", "shop": null, "name": "Avdhoot Neurosurgical Hospital" }, "geometry": { "type": "Point", "coordinates": [ 73.1703736, 22.3070132 ] } },
{ "type": "Feature", "properties": { "element": "node", "id": 6981979823, "amenity": "hospital", "shop": null, "name": "Padma Maternity Hospital" }, "geometry": { "type": "Point", "coordinates": [ 73.1965332, 22.2483294 ] } },
{ "type": "Feature", "properties": { "element": "node", "id": 6981981260, "amenity": "hospital", "shop": null, "name": "Sameep Children Hospital" }, "geometry": { "type": "Point", "coordinates": [ 73.2222582, 22.3140326 ] } },
{ "type": "Feature", "properties": { "element": "node", "id": 6981986440, "amenity": "hospital", "shop": null, "name": "Om E.N.T. Hospital" }, "geometry": { "type": "Point", "coordinates": [ 73.1977482, 22.277896899999988 ] } },
{ "type": "Feature", "properties": { "element": "node", "id": 6982014633, "amenity": "clinic", "shop": null, "name": "Modi Nursing Home and Iccu" }, "geometry": { "type": "Point", "coordinates": [ 73.145187, 22.3136907 ] } },
{ "type": "Feature", "properties": { "element": "node", "id": 6982019686, "amenity": "clinic", "shop": null, "name": "Minal Clinic" }, "geometry": { "type": "Point", "coordinates": [ 73.1528896, 22.3093874 ] } },
{ "type": "Feature", "properties": { "element": "node", "id": 6982022749, "amenity": "clinic", "shop": null, "name": "Maharshi Atreya Health Centre - Ayurveda Panchakarma Health Centre" }, "geometry": { "type": "Point", "coordinates": [ 73.1300104, 22.3520058 ] } },
{ "type": "Feature", "properties": { "element": "node", "id": 6982048207, "amenity": "hospital", "shop": null, "name": "Anupama Eye Hospital and Phaco Center" }, "geometry": { "type": "Point", "coordinates": [ 73.1548463, 22.327621 ] } },
{ "type": "Feature", "properties": { "element": "node", "id": 6982060242, "amenity": "clinic", "shop": null, "name": "Aum Medical Nursing Home" }, "geometry": { "type": "Point", "coordinates": [ 73.229924, 22.2931814 ] } },
{ "type": "Feature", "properties": { "element": "node", "id": 6982070582, "amenity": "hospital", "shop": null, "name": "Baps Pramukh Swami Hospital" }, "geometry": { "type": "Point", "coordinates": [ 73.1581427, 22.2755538 ] } },
{ "type": "Feature", "properties": { "element": "node", "id": 6982092224, "amenity": "clinic", "shop": null, "name": "Krishna Nursing Home, Vadodara" }, "geometry": { "type": "Point", "coordinates": [ 73.1783944, 22.3356965 ] } },
{ "type": "Feature", "properties": { "element": "node", "id": 6982197088, "amenity": "clinic", "shop": null, "name": "Lifeline Clinic" }, "geometry": { "type": "Point", "coordinates": [ 73.1523733, 22.2971453 ] } },
{ "type": "Feature", "properties": { "element": "node", "id": 6982497378, "amenity": "hospital", "shop": null, "name": "Raj Kidacare and Neonatal Care" }, "geometry": { "type": "Point", "coordinates": [ 73.215098800000021, 22.3084996 ] } },
{ "type": "Feature", "properties": { "element": "node", "id": 6982527827, "amenity": "clinic", "shop": null, "name": "Nikunj Clinic" }, "geometry": { "type": "Point", "coordinates": [ 73.2306522, 22.2934134 ] } },
{ "type": "Feature", "properties": { "element": "node", "id": 6982527832, "amenity": "hospital", "shop": null, "name": "Shreenath Hospital, Vadodara" }, "geometry": { "type": "Point", "coordinates": [ 73.1546766, 22.3279746 ] } },
{ "type": "Feature", "properties": { "element": "node", "id": 6982527924, "amenity": "hospital", "shop": null, "name": "Shailee E.N.T. Hospital" }, "geometry": { "type": "Point", "coordinates": [ 73.2204323, 22.3003782 ] } },
{ "type": "Feature", "properties": { "element": "node", "id": 6982731925, "amenity": "clinic", "shop": null, "name": "Sangam Critical Care and Trauma Centre" }, "geometry": { "type": "Point", "coordinates": [ 73.2116555, 22.3205888 ] } },
{ "type": "Feature", "properties": { "element": "node", "id": 6983255868, "amenity": "hospital", "shop": null, "name": "Sarthak Hospital and Skin Care Centre" }, "geometry": { "type": "Point", "coordinates": [ 73.1598848, 22.3206365 ] } },
{ "type": "Feature", "properties": { "element": "node", "id": 6983301320, "amenity": "hospital", "shop": null, "name": "Baroda Eye Institute" }, "geometry": { "type": "Point", "coordinates": [ 73.2009011, 22.3017952 ] } },
{ "type": "Feature", "properties": { "element": "node", "id": 6983412007, "amenity": "hospital", "shop": null, "name": "Gunjan Hospital And Icu Unit" }, "geometry": { "type": "Point", "coordinates": [ 73.1779066, 22.3394356 ] } },
{ "type": "Feature", "properties": { "element": "node", "id": 6983443624, "amenity": "hospital", "shop": null, "name": "Maa Children Hospital" }, "geometry": { "type": "Point", "coordinates": [ 73.179899500000019, 22.3083166 ] } },
{ "type": "Feature", "properties": { "element": "node", "id": 6983447119, "amenity": "hospital", "shop": null, "name": "Kamat Eye Hospital" }, "geometry": { "type": "Point", "coordinates": [ 73.1934969, 22.3041378 ] } },
{ "type": "Feature", "properties": { "element": "node", "id": 6983535347, "amenity": "hospital", "shop": null, "name": "Aashray Nursing Home" }, "geometry": { "type": "Point", "coordinates": [ 73.1867981, 22.2375201 ] } },
{ "type": "Feature", "properties": { "element": "node", "id": 6983537256, "amenity": "hospital", "shop": null, "name": "Aayush Orthopedic Hospital and Joint Replacement Center" }, "geometry": { "type": "Point", "coordinates": [ 73.1975108, 22.3029988 ] } },
{ "type": "Feature", "properties": { "element": "node", "id": 6983548318, "amenity": "hospital", "shop": null, "name": "Abhinav Hospital, Vadodara" }, "geometry": { "type": "Point", "coordinates": [ 73.0846797, 22.2457004 ] } },
{ "type": "Feature", "properties": { "element": "node", "id": 6983558898, "amenity": "doctors", "shop": null, "name": "Dr. Shreyas H. Shah" }, "geometry": { "type": "Point", "coordinates": [ 73.2006718, 22.303983899999988 ] } },
{ "type": "Feature", "properties": { "element": "node", "id": 6983574298, "amenity": "hospital", "shop": null, "name": "Arman Children Hospital" }, "geometry": { "type": "Point", "coordinates": [ 73.1379745, 22.3164252 ] } },
{ "type": "Feature", "properties": { "element": "node", "id": 6983629349, "amenity": "hospital", "shop": null, "name": "Shreeji Hospital, Ayurvedic Cross Road" }, "geometry": { "type": "Point", "coordinates": [ 73.2208608, 22.3004117 ] } },
{ "type": "Feature", "properties": { "element": "node", "id": 6983629593, "amenity": "clinic", "shop": null, "name": "Mehta Nursing Home, Vadodara" }, "geometry": { "type": "Point", "coordinates": [ 73.1546686, 22.3259847 ] } },
{ "type": "Feature", "properties": { "element": "node", "id": 6983633875, "amenity": "hospital", "shop": null, "name": "Atmaj Eye Care Centre" }, "geometry": { "type": "Point", "coordinates": [ 73.1582808, 22.3163985 ] } },
{ "type": "Feature", "properties": { "element": "node", "id": 6983689270, "amenity": "hospital", "shop": null, "name": "Monal Surgical Hospital and Endoscopy Center" }, "geometry": { "type": "Point", "coordinates": [ 73.1706069, 22.2977018 ] } },
{ "type": "Feature", "properties": { "element": "node", "id": 6983689389, "amenity": "hospital", "shop": null, "name": "Shrinathji Hospital and Icu" }, "geometry": { "type": "Point", "coordinates": [ 73.229354, 22.3034107 ] } },
{ "type": "Feature", "properties": { "element": "node", "id": 6983694774, "amenity": "clinic", "shop": null, "name": "Aashray Uro-Andrology Clinic" }, "geometry": { "type": "Point", "coordinates": [ 73.1760317, 22.3090567 ] } },
{ "type": "Feature", "properties": { "element": "node", "id": 6983695044, "amenity": "hospital", "shop": null, "name": "Navkar Children Hospital, Vadodara" }, "geometry": { "type": "Point", "coordinates": [ 73.1972332, 22.3205497 ] } },
{ "type": "Feature", "properties": { "element": "node", "id": 6983724701, "amenity": "clinic", "shop": null, "name": "Jiruwala Eye Clinic and Phaco Centre" }, "geometry": { "type": "Point", "coordinates": [ 73.2210372, 22.2990896 ] } },
{ "type": "Feature", "properties": { "element": "node", "id": 6983742432, "amenity": "hospital", "shop": null, "name": "Gupta Hospital, Vadodara" }, "geometry": { "type": "Point", "coordinates": [ 73.2018064, 22.266988 ] } },
{ "type": "Feature", "properties": { "element": "node", "id": 6983763368, "amenity": "hospital", "shop": null, "name": "Ankur Maternity Hospital" }, "geometry": { "type": "Point", "coordinates": [ 73.2021457, 22.2765231 ] } },
{ "type": "Feature", "properties": { "element": "node", "id": 6983795755, "amenity": "hospital", "shop": null, "name": "Medical College Hospital, Baroda" }, "geometry": { "type": "Point", "coordinates": [ 73.1917025, 22.3044852 ] } },
{ "type": "Feature", "properties": { "element": "node", "id": 6983795913, "amenity": "hospital", "shop": null, "name": "Shree Vijay Vallabh Sarvajanik Hospital" }, "geometry": { "type": "Point", "coordinates": [ 73.2006088, 22.3015198 ] } },
{ "type": "Feature", "properties": { "element": "node", "id": 6986262200, "amenity": "hospital", "shop": null, "name": "Dr. Kadam Eye Hospital & Institute" }, "geometry": { "type": "Point", "coordinates": [ 73.1731081, 22.3014701 ] } },
{ "type": "Feature", "properties": { "element": "node", "id": 6986279316, "amenity": "hospital", "shop": null, "name": "Vraj Children Hospital" }, "geometry": { "type": "Point", "coordinates": [ 73.2259208, 22.3013001 ] } },
{ "type": "Feature", "properties": { "element": "node", "id": 6986279334, "amenity": "hospital", "shop": null, "name": "Mahavir Hospital, Vadodara" }, "geometry": { "type": "Point", "coordinates": [ 73.2297347, 22.2918352 ] } },
{ "type": "Feature", "properties": { "element": "node", "id": 6986279405, "amenity": "hospital", "shop": null, "name": "Aatmiya Hospital, Centre For Trauma and Spine" }, "geometry": { "type": "Point", "coordinates": [ 73.2027237, 22.2702136 ] } },
{ "type": "Feature", "properties": { "element": "node", "id": 6986376130, "amenity": "hospital", "shop": null, "name": "Samanvaya Trust Hospital" }, "geometry": { "type": "Point", "coordinates": [ 73.1988385, 22.301722 ] } },
{ "type": "Feature", "properties": { "element": "node", "id": 6986434691, "amenity": "hospital", "shop": null, "name": "Sanjeevani Nursing Home, Vadodara" }, "geometry": { "type": "Point", "coordinates": [ 73.2041466, 22.2917097 ] } },
{ "type": "Feature", "properties": { "element": "node", "id": 6986551285, "amenity": "hospital", "shop": null, "name": "Premdas Jalaram Hospital" }, "geometry": { "type": "Point", "coordinates": [ 73.2229523, 22.3122131 ] } },
{ "type": "Feature", "properties": { "element": "node", "id": 6986551295, "amenity": "hospital", "shop": null, "name": "Parth Hospital Child Hospital and Maternity Home" }, "geometry": { "type": "Point", "coordinates": [ 73.1680951, 22.3560691 ] } },
{ "type": "Feature", "properties": { "element": "node", "id": 6986551305, "amenity": "hospital", "shop": null, "name": "Anukriti Hospital and I.C.U" }, "geometry": { "type": "Point", "coordinates": [ 73.2110654, 22.2544772 ] } },
{ "type": "Feature", "properties": { "element": "node", "id": 6986573147, "amenity": "clinic", "shop": null, "name": "Hi-Tech Eye Surgery Clinic" }, "geometry": { "type": "Point", "coordinates": [ 73.1695432, 22.3098556 ] } },
{ "type": "Feature", "properties": { "element": "node", "id": 6986591549, "amenity": "clinic", "shop": null, "name": "Shushrusha Clinic" }, "geometry": { "type": "Point", "coordinates": [ 73.2032789, 22.2983402 ] } },
{ "type": "Feature", "properties": { "element": "node", "id": 6986591564, "amenity": "clinic", "shop": null, "name": "Modi Clinic" }, "geometry": { "type": "Point", "coordinates": [ 73.1807712, 22.3338026 ] } },
{ "type": "Feature", "properties": { "element": "node", "id": 6986605737, "amenity": "hospital", "shop": null, "name": "Urav Hospital" }, "geometry": { "type": "Point", "coordinates": [ 73.1546789, 22.2948243 ] } },
{ "type": "Feature", "properties": { "element": "node", "id": 6986605759, "amenity": "hospital", "shop": null, "name": "Rutvij Hospital" }, "geometry": { "type": "Point", "coordinates": [ 73.1538752, 22.3108302 ] } },
{ "type": "Feature", "properties": { "element": "node", "id": 6986605761, "amenity": "clinic", "shop": null, "name": "Darsh Orthodontic Clinic" }, "geometry": { "type": "Point", "coordinates": [ 73.1971041, 22.3219876 ] } },
{ "type": "Feature", "properties": { "element": "node", "id": 6986618794, "amenity": "hospital", "shop": null, "name": "Saakshi Children Hospital" }, "geometry": { "type": "Point", "coordinates": [ 73.2106993, 22.2921726 ] } },
{ "type": "Feature", "properties": { "element": "node", "id": 6986765630, "amenity": "hospital", "shop": null, "name": "Sannidhi Super Speciality Orthopaedic Hospital" }, "geometry": { "type": "Point", "coordinates": [ 73.237927, 22.2935896 ] } },
{ "type": "Feature", "properties": { "element": "node", "id": 6986767628, "amenity": "hospital", "shop": null, "name": "Om Prasutigruh Hospital" }, "geometry": { "type": "Point", "coordinates": [ 73.2349813, 22.2871966 ] } },
{ "type": "Feature", "properties": { "element": "node", "id": 6986945383, "amenity": "hospital", "shop": null, "name": "Sapan Hospital Maternity and Nursinghom" }, "geometry": { "type": "Point", "coordinates": [ 73.1977234, 22.3026182 ] } },
{ "type": "Feature", "properties": { "element": "node", "id": 6987485604, "amenity": "clinic", "shop": null, "name": "San - Dip Nursing Home" }, "geometry": { "type": "Point", "coordinates": [ 73.1790479, 22.3342182 ] } },
{ "type": "Feature", "properties": { "element": "node", "id": 6987751729, "amenity": "hospital", "shop": null, "name": "GMERS Medical College and Hospital, Gotri" }, "geometry": { "type": "Point", "coordinates": [ 73.148016, 22.3138502 ] } },
{ "type": "Feature", "properties": { "element": "node", "id": 6987970758, "amenity": "clinic", "shop": null, "name": "Smita Surgical Clinic" }, "geometry": { "type": "Point", "coordinates": [ 73.1759566, 22.3439483 ] } },
{ "type": "Feature", "properties": { "element": "node", "id": 6988006394, "amenity": "hospital", "shop": null, "name": "Aesthetique Centre For Plastic and Cosmetic Surgery" }, "geometry": { "type": "Point", "coordinates": [ 73.1695434, 22.3078582 ] } },
{ "type": "Feature", "properties": { "element": "node", "id": 6988079980, "amenity": "hospital", "shop": null, "name": "Rushikesh Maternity Hospital" }, "geometry": { "type": "Point", "coordinates": [ 73.1566574, 22.3247528 ] } },
{ "type": "Feature", "properties": { "element": "node", "id": 6988127599, "amenity": "hospital", "shop": null, "name": "Kesha Hospital" }, "geometry": { "type": "Point", "coordinates": [ 73.1719199, 22.3093204 ] } },
{ "type": "Feature", "properties": { "element": "node", "id": 6988214000, "amenity": "doctors", "shop": null, "name": "Dr M C Jain, Jain Eye Associates" }, "geometry": { "type": "Point", "coordinates": [ 73.1738524, 22.309236 ] } },
{ "type": "Feature", "properties": { "element": "node", "id": 6988334242, "amenity": "clinic", "shop": null, "name": "Krishna Critical Child Care Pvt Ltd" }, "geometry": { "type": "Point", "coordinates": [ 73.1763542, 22.3095028 ] } },
{ "type": "Feature", "properties": { "element": "node", "id": 6988428407, "amenity": "hospital", "shop": null, "name": "Kashvi Digestive Centre - Vadodara" }, "geometry": { "type": "Point", "coordinates": [ 73.1746966, 22.3140164 ] } },
{ "type": "Feature", "properties": { "element": "node", "id": 6988520933, "amenity": "hospital", "shop": null, "name": "Dev Hospital And Iccu, Vadodara" }, "geometry": { "type": "Point", "coordinates": [ 73.1564288, 22.3108762 ] } },
{ "type": "Feature", "properties": { "element": "node", "id": 6988522070, "amenity": "clinic", "shop": null, "name": "Ashutosh Clinic" }, "geometry": { "type": "Point", "coordinates": [ 73.2041252, 22.305721 ] } },
{ "type": "Feature", "properties": { "element": "node", "id": 6988673966, "amenity": "hospital", "shop": null, "name": "Samir Hosptial" }, "geometry": { "type": "Point", "coordinates": [ 73.1975584, 22.299764 ] } },
{ "type": "Feature", "properties": { "element": "node", "id": 6988906972, "amenity": "hospital", "shop": null, "name": "Dr Jitendra .C. Gandhi" }, "geometry": { "type": "Point", "coordinates": [ 73.2012619, 22.3035981 ] } },
{ "type": "Feature", "properties": { "element": "node", "id": 6988906977, "amenity": "hospital", "shop": null, "name": "Riddhi Hospital" }, "geometry": { "type": "Point", "coordinates": [ 73.1593524, 22.3147726 ] } },
{ "type": "Feature", "properties": { "element": "node", "id": 6989050311, "amenity": "clinic", "shop": null, "name": "Noble Nursing Home" }, "geometry": { "type": "Point", "coordinates": [ 73.1781956, 22.3379533 ] } },
{ "type": "Feature", "properties": { "element": "node", "id": 6989083272, "amenity": "clinic", "shop": null, "name": "Ohm Clinic" }, "geometry": { "type": "Point", "coordinates": [ 73.167511, 22.3618122 ] } },
{ "type": "Feature", "properties": { "element": "node", "id": 6989194982, "amenity": "hospital", "shop": null, "name": "Dhvani Ent Hospital" }, "geometry": { "type": "Point", "coordinates": [ 73.197687200000018, 22.3027357 ] } },
{ "type": "Feature", "properties": { "element": "node", "id": 6990615521, "amenity": "hospital", "shop": null, "name": "Astha Children Hospital, Vadodara" }, "geometry": { "type": "Point", "coordinates": [ 73.151747, 22.2966235 ] } },
{ "type": "Feature", "properties": { "element": "node", "id": 6990719570, "amenity": "hospital", "shop": null, "name": "Aaditya Child Care" }, "geometry": { "type": "Point", "coordinates": [ 73.2051471, 22.2901983 ] } },
{ "type": "Feature", "properties": { "element": "node", "id": 6990989119, "amenity": "dentist", "shop": null, "name": "Parshwa Dental Clinic" }, "geometry": { "type": "Point", "coordinates": [ 73.1793711, 22.3347962 ] } },
{ "type": "Feature", "properties": { "element": "node", "id": 6991217905, "amenity": "clinic", "shop": null, "name": "Aum Advanced Orthopaedic Clinic" }, "geometry": { "type": "Point", "coordinates": [ 73.1752284, 22.3082658 ] } },
{ "type": "Feature", "properties": { "element": "node", "id": 6993558489, "amenity": "hospital", "shop": null, "name": "Akshar Orhopedic Hospital - Vadodara" }, "geometry": { "type": "Point", "coordinates": [ 73.1811547, 22.3071466 ] } },
{ "type": "Feature", "properties": { "element": "node", "id": 6993603800, "amenity": "hospital", "shop": null, "name": "Shreeji Hospital, Vadodara" }, "geometry": { "type": "Point", "coordinates": [ 73.2369286, 22.2927893 ] } },
{ "type": "Feature", "properties": { "element": "node", "id": 6993868908, "amenity": "hospital", "shop": null, "name": "Netra The Eye Hospita" }, "geometry": { "type": "Point", "coordinates": [ 73.171362, 22.2986882 ] } },
{ "type": "Feature", "properties": { "element": "node", "id": 6993868951, "amenity": "clinic", "shop": null, "name": "Neel Medical Nursing Home" }, "geometry": { "type": "Point", "coordinates": [ 73.156316, 22.3341615 ] } },
{ "type": "Feature", "properties": { "element": "node", "id": 6993892253, "amenity": "hospital", "shop": null, "name": "Sudha Eye Hospital" }, "geometry": { "type": "Point", "coordinates": [ 73.2122549, 22.3166107 ] } },
{ "type": "Feature", "properties": { "element": "node", "id": 6993975129, "amenity": "hospital", "shop": null, "name": "Pranayam Lung Institute And Research Centre Hospital" }, "geometry": { "type": "Point", "coordinates": [ 73.2225184, 22.3223362 ] } },
{ "type": "Feature", "properties": { "element": "node", "id": 7095285971, "amenity": "fast_food", "shop": null, "name": "Burger King" }, "geometry": { "type": "Point", "coordinates": [ 73.2544159, 22.3018409 ] } },
{ "type": "Feature", "properties": { "element": "node", "id": 7095294131, "amenity": "fast_food", "shop": null, "name": "Burger King" }, "geometry": { "type": "Point", "coordinates": [ 73.1654796, 22.3219443 ] } },
{ "type": "Feature", "properties": { "element": "node", "id": 7095295458, "amenity": "fast_food", "shop": null, "name": "McDonald's" }, "geometry": { "type": "Point", "coordinates": [ 73.158158300000011, 22.3130881 ] } },
{ "type": "Feature", "properties": { "element": "node", "id": 7095305002, "amenity": "fast_food", "shop": null, "name": "McDonald's" }, "geometry": { "type": "Point", "coordinates": [ 73.1384812, 22.3015915 ] } },
{ "type": "Feature", "properties": { "element": "node", "id": 7095312772, "amenity": "fast_food", "shop": null, "name": "McDonald's" }, "geometry": { "type": "Point", "coordinates": [ 73.1683863, 22.3172319 ] } },
{ "type": "Feature", "properties": { "element": "node", "id": 7095335323, "amenity": "fast_food", "shop": null, "name": "McDonald's" }, "geometry": { "type": "Point", "coordinates": [ 73.1649712, 22.2970337 ] } },
{ "type": "Feature", "properties": { "element": "node", "id": 7095346152, "amenity": "fast_food", "shop": null, "name": "McDonald's" }, "geometry": { "type": "Point", "coordinates": [ 73.1882821, 22.2733459 ] } },
{ "type": "Feature", "properties": { "element": "node", "id": 7095347686, "amenity": "fast_food", "shop": null, "name": "McDonald's" }, "geometry": { "type": "Point", "coordinates": [ 73.1904577, 22.2727018 ] } },
{ "type": "Feature", "properties": { "element": "node", "id": 7095351316, "amenity": "fast_food", "shop": null, "name": "Burger King" }, "geometry": { "type": "Point", "coordinates": [ 73.1659044, 22.3076346 ] } },
{ "type": "Feature", "properties": { "element": "node", "id": 7095377137, "amenity": "fast_food", "shop": null, "name": "McDonald's" }, "geometry": { "type": "Point", "coordinates": [ 73.1867698, 22.3228945 ] } },
{ "type": "Feature", "properties": { "element": "node", "id": 7095406829, "amenity": "fast_food", "shop": null, "name": "McDonald's" }, "geometry": { "type": "Point", "coordinates": [ 73.2541038, 22.3125533 ] } },
{ "type": "Feature", "properties": { "element": "node", "id": 7095409510, "amenity": "fast_food", "shop": null, "name": "McDonald's" }, "geometry": { "type": "Point", "coordinates": [ 73.2404379, 22.3012708 ] } },
{ "type": "Feature", "properties": { "element": "node", "id": 7097971974, "amenity": "fast_food", "shop": null, "name": "Subway" }, "geometry": { "type": "Point", "coordinates": [ 73.1603544, 22.3089875 ] } },
{ "type": "Feature", "properties": { "element": "node", "id": 7097987463, "amenity": "fast_food", "shop": null, "name": "KFC" }, "geometry": { "type": "Point", "coordinates": [ 73.1655062, 22.3223768 ] } },
{ "type": "Feature", "properties": { "element": "node", "id": 7097989781, "amenity": "fast_food", "shop": null, "name": "Domino's" }, "geometry": { "type": "Point", "coordinates": [ 73.1944365, 22.2709058 ] } },
{ "type": "Feature", "properties": { "element": "node", "id": 7097998981, "amenity": "fast_food", "shop": null, "name": "Subway" }, "geometry": { "type": "Point", "coordinates": [ 73.1941976, 22.271048799999988 ] } },
{ "type": "Feature", "properties": { "element": "node", "id": 7098005061, "amenity": "fast_food", "shop": null, "name": "Subway" }, "geometry": { "type": "Point", "coordinates": [ 73.1320175, 22.3158037 ] } },
{ "type": "Feature", "properties": { "element": "node", "id": 7098007505, "amenity": "fast_food", "shop": null, "name": "KFC" }, "geometry": { "type": "Point", "coordinates": [ 73.1699104, 22.3173237 ] } },
{ "type": "Feature", "properties": { "element": "node", "id": 7098028446, "amenity": "fast_food", "shop": null, "name": "Subway" }, "geometry": { "type": "Point", "coordinates": [ 73.1652321, 22.3223109 ] } },
{ "type": "Feature", "properties": { "element": "node", "id": 7098029044, "amenity": "fast_food", "shop": null, "name": "Subway" }, "geometry": { "type": "Point", "coordinates": [ 73.1596747, 22.3201933 ] } },
{ "type": "Feature", "properties": { "element": "node", "id": 7098030447, "amenity": "fast_food", "shop": null, "name": "KFC" }, "geometry": { "type": "Point", "coordinates": [ 73.1886805, 22.2734946 ] } },
{ "type": "Feature", "properties": { "element": "node", "id": 7098033446, "amenity": "fast_food", "shop": null, "name": "Subway" }, "geometry": { "type": "Point", "coordinates": [ 73.1866446, 22.3089015 ] } },
{ "type": "Feature", "properties": { "element": "node", "id": 7098040237, "amenity": "restaurant", "shop": null, "name": "Pizza Hut" }, "geometry": { "type": "Point", "coordinates": [ 73.1650009, 22.3217705 ] } },
{ "type": "Feature", "properties": { "element": "node", "id": 7098041167, "amenity": "fast_food", "shop": null, "name": "Domino's" }, "geometry": { "type": "Point", "coordinates": [ 73.166166, 22.3226584 ] } },
{ "type": "Feature", "properties": { "element": "node", "id": 7098045064, "amenity": "fast_food", "shop": null, "name": "Domino's" }, "geometry": { "type": "Point", "coordinates": [ 73.159645600000019, 22.3200841 ] } },
{ "type": "Feature", "properties": { "element": "node", "id": 7098059135, "amenity": "fast_food", "shop": null, "name": "Domino's" }, "geometry": { "type": "Point", "coordinates": [ 73.1615258, 22.3158697 ] } },
{ "type": "Feature", "properties": { "element": "node", "id": 7098059410, "amenity": "fast_food", "shop": null, "name": "Domino's" }, "geometry": { "type": "Point", "coordinates": [ 73.188303, 22.3190656 ] } },
{ "type": "Feature", "properties": { "element": "node", "id": 7098062368, "amenity": "restaurant", "shop": null, "name": "Pizza Hut" }, "geometry": { "type": "Point", "coordinates": [ 73.1881068, 22.2735572 ] } },
{ "type": "Feature", "properties": { "element": "node", "id": 7098067282, "amenity": "fast_food", "shop": null, "name": "Subway" }, "geometry": { "type": "Point", "coordinates": [ 73.1973994, 22.323134 ] } },
{ "type": "Feature", "properties": { "element": "node", "id": 7098071037, "amenity": "restaurant", "shop": null, "name": "Pizza Hut" }, "geometry": { "type": "Point", "coordinates": [ 73.1649813, 22.3121029 ] } },
{ "type": "Feature", "properties": { "element": "node", "id": 7098072008, "amenity": "fast_food", "shop": null, "name": "Domino's" }, "geometry": { "type": "Point", "coordinates": [ 73.1791996, 22.3373315 ] } },
{ "type": "Feature", "properties": { "element": "node", "id": 7098075930, "amenity": "fast_food", "shop": null, "name": "Domino's" }, "geometry": { "type": "Point", "coordinates": [ 73.1662708, 22.2829953 ] } },
{ "type": "Feature", "properties": { "element": "node", "id": 7098076994, "amenity": "fast_food", "shop": null, "name": "Domino's" }, "geometry": { "type": "Point", "coordinates": [ 73.2008805, 22.3517647 ] } },
{ "type": "Feature", "properties": { "element": "node", "id": 7098083471, "amenity": "fast_food", "shop": null, "name": "Domino's" }, "geometry": { "type": "Point", "coordinates": [ 73.2276885, 22.3179465 ] } },
{ "type": "Feature", "properties": { "element": "node", "id": 7098090588, "amenity": "fast_food", "shop": null, "name": "Domino's" }, "geometry": { "type": "Point", "coordinates": [ 73.230419, 22.3003308 ] } },
{ "type": "Feature", "properties": { "element": "node", "id": 7104052880, "amenity": "fuel", "shop": null, "name": "Indian Oil" }, "geometry": { "type": "Point", "coordinates": [ 73.1975823, 22.3239565 ] } },
{ "type": "Feature", "properties": { "element": "node", "id": 7104053835, "amenity": "fuel", "shop": null, "name": "Indian Oil" }, "geometry": { "type": "Point", "coordinates": [ 73.134883, 22.3561238 ] } },
{ "type": "Feature", "properties": { "element": "node", "id": 7104071807, "amenity": "fuel", "shop": null, "name": "Indian Oil" }, "geometry": { "type": "Point", "coordinates": [ 73.1549782, 22.3213939 ] } },
{ "type": "Feature", "properties": { "element": "node", "id": 7104080218, "amenity": "fuel", "shop": null, "name": "Indian Oil" }, "geometry": { "type": "Point", "coordinates": [ 73.1533097, 22.335759 ] } },
{ "type": "Feature", "properties": { "element": "node", "id": 7104081356, "amenity": "fuel", "shop": null, "name": "Indian Oil" }, "geometry": { "type": "Point", "coordinates": [ 73.1418889, 22.3447274 ] } },
{ "type": "Feature", "properties": { "element": "node", "id": 7104106698, "amenity": "fuel", "shop": null, "name": "Indian Oil" }, "geometry": { "type": "Point", "coordinates": [ 73.1885379, 22.3239466 ] } },
{ "type": "Feature", "properties": { "element": "node", "id": 7104117696, "amenity": "fuel", "shop": null, "name": "Indian Oil" }, "geometry": { "type": "Point", "coordinates": [ 73.180105, 22.3344565 ] } },
{ "type": "Feature", "properties": { "element": "node", "id": 7104123186, "amenity": "fuel", "shop": null, "name": "Indian Oil" }, "geometry": { "type": "Point", "coordinates": [ 73.1825726, 22.3288592 ] } },
{ "type": "Feature", "properties": { "element": "node", "id": 7104139745, "amenity": "fuel", "shop": null, "name": "Indian Oil" }, "geometry": { "type": "Point", "coordinates": [ 73.2197376, 22.2990384 ] } },
{ "type": "Feature", "properties": { "element": "node", "id": 7104142919, "amenity": "fuel", "shop": null, "name": "Indian Oil" }, "geometry": { "type": "Point", "coordinates": [ 73.2279556, 22.3174358 ] } },
{ "type": "Feature", "properties": { "element": "node", "id": 7104143575, "amenity": "fuel", "shop": null, "name": "Indian Oil" }, "geometry": { "type": "Point", "coordinates": [ 73.2265719, 22.3024035 ] } },
{ "type": "Feature", "properties": { "element": "node", "id": 7104184235, "amenity": "fuel", "shop": null, "name": "Indian Oil" }, "geometry": { "type": "Point", "coordinates": [ 73.2116941, 22.3134845 ] } },
{ "type": "Feature", "properties": { "element": "node", "id": 7104185971, "amenity": "fuel", "shop": null, "name": "Indian Oil" }, "geometry": { "type": "Point", "coordinates": [ 73.1907895, 22.2716168 ] } },
{ "type": "Feature", "properties": { "element": "node", "id": 7104192978, "amenity": "fuel", "shop": null, "name": "Indian Oil" }, "geometry": { "type": "Point", "coordinates": [ 73.1610199, 22.2768734 ] } },
{ "type": "Feature", "properties": { "element": "node", "id": 7104200007, "amenity": "fuel", "shop": null, "name": "Indian Oil" }, "geometry": { "type": "Point", "coordinates": [ 73.1575476, 22.2949315 ] } },
{ "type": "Feature", "properties": { "element": "node", "id": 7104202078, "amenity": "fuel", "shop": null, "name": "Indian Oil" }, "geometry": { "type": "Point", "coordinates": [ 73.2026182, 22.3062586 ] } },
{ "type": "Feature", "properties": { "element": "node", "id": 7104222072, "amenity": "fuel", "shop": null, "name": "Indian Oil" }, "geometry": { "type": "Point", "coordinates": [ 73.1995871, 22.2605164 ] } },
{ "type": "Feature", "properties": { "element": "node", "id": 7104223204, "amenity": "fuel", "shop": null, "name": "Indian Oil" }, "geometry": { "type": "Point", "coordinates": [ 73.1974735, 22.2783903 ] } },
{ "type": "Feature", "properties": { "element": "node", "id": 7104224030, "amenity": "fuel", "shop": null, "name": "Indian Oil" }, "geometry": { "type": "Point", "coordinates": [ 73.17431, 22.3137865 ] } },
{ "type": "Feature", "properties": { "element": "node", "id": 7104249918, "amenity": "fuel", "shop": null, "name": "Indian Oil" }, "geometry": { "type": "Point", "coordinates": [ 73.1911221, 22.3259099 ] } },
{ "type": "Feature", "properties": { "element": "node", "id": 7104278988, "amenity": "fuel", "shop": null, "name": "Indian Oil" }, "geometry": { "type": "Point", "coordinates": [ 73.1851032, 22.309047 ] } },
{ "type": "Feature", "properties": { "element": "node", "id": 7104293723, "amenity": "fuel", "shop": null, "name": "Indian Oil" }, "geometry": { "type": "Point", "coordinates": [ 73.2440581, 22.2791821 ] } },
{ "type": "Feature", "properties": { "element": "node", "id": 7104355343, "amenity": "fuel", "shop": null, "name": "Indian Oil" }, "geometry": { "type": "Point", "coordinates": [ 73.2098975, 22.3601653 ] } },
{ "type": "Feature", "properties": { "element": "node", "id": 7104366034, "amenity": "fuel", "shop": null, "name": "Indian Oil" }, "geometry": { "type": "Point", "coordinates": [ 73.2104928, 22.2912468 ] } },
{ "type": "Feature", "properties": { "element": "node", "id": 7104374418, "amenity": "fuel", "shop": null, "name": "Indian Oil" }, "geometry": { "type": "Point", "coordinates": [ 73.2600226, 22.2524337 ] } },
{ "type": "Feature", "properties": { "element": "node", "id": 7104375122, "amenity": "fuel", "shop": null, "name": "Indian Oil" }, "geometry": { "type": "Point", "coordinates": [ 73.2212915, 22.346874 ] } },
{ "type": "Feature", "properties": { "element": "node", "id": 7104405027, "amenity": "fuel", "shop": null, "name": "Indian Oil" }, "geometry": { "type": "Point", "coordinates": [ 73.1712952, 22.3625714 ] } },
{ "type": "Feature", "properties": { "element": "node", "id": 7104430092, "amenity": "fuel", "shop": null, "name": "Indian Oil" }, "geometry": { "type": "Point", "coordinates": [ 73.1907144, 22.3829248 ] } },
{ "type": "Feature", "properties": { "element": "node", "id": 7104434953, "amenity": "fuel", "shop": null, "name": "Indian Oil" }, "geometry": { "type": "Point", "coordinates": [ 73.1382289, 22.3992927 ] } },
{ "type": "Feature", "properties": { "element": "node", "id": 7462317830, "amenity": null, "shop": null, "name": "Mildware" }, "geometry": { "type": "Point", "coordinates": [ 73.1485533, 22.3284354 ] } },
{ "type": "Feature", "properties": { "element": "node", "id": 7639792583, "amenity": "place_of_worship", "shop": null, "name": "Baroda Mar Thoma Syrian Church" }, "geometry": { "type": "Point", "coordinates": [ 73.1923844, 22.3215284 ] } },
{ "type": "Feature", "properties": { "element": "node", "id": 7639792584, "amenity": "place_of_worship", "shop": null, "name": "Shiv Temple" }, "geometry": { "type": "Point", "coordinates": [ 73.1927692, 22.3212049 ] } },
{ "type": "Feature", "properties": { "element": "node", "id": 7639935615, "amenity": null, "shop": "supermarket", "name": "Aarya Mart" }, "geometry": { "type": "Point", "coordinates": [ 73.1180171, 22.3570606 ] } },
{ "type": "Feature", "properties": { "element": "node", "id": 7642316951, "amenity": "place_of_worship", "shop": null, "name": "Mata Temple" }, "geometry": { "type": "Point", "coordinates": [ 73.1905831, 22.3228124 ] } },
{ "type": "Feature", "properties": { "element": "node", "id": 7642316961, "amenity": "place_of_worship", "shop": null, "name": "Badi Masjid" }, "geometry": { "type": "Point", "coordinates": [ 73.1896418, 22.3228013 ] } },
{ "type": "Feature", "properties": { "element": "node", "id": 7642316967, "amenity": "place_of_worship", "shop": null, "name": "Nani Masjid" }, "geometry": { "type": "Point", "coordinates": [ 73.1902303, 22.3222551 ] } },
{ "type": "Feature", "properties": { "element": "node", "id": 7642316968, "amenity": "place_of_worship", "shop": null, "name": "Fakir ki Jhopadi" }, "geometry": { "type": "Point", "coordinates": [ 73.1890207, 22.3234779 ] } },
{ "type": "Feature", "properties": { "element": "node", "id": 7675638506, "amenity": null, "shop": null, "name": "Station II" }, "geometry": { "type": "Point", "coordinates": [ 73.1009138, 22.3769592 ] } },
{ "type": "Feature", "properties": { "element": "node", "id": 7675638507, "amenity": null, "shop": null, "name": "Station I" }, "geometry": { "type": "Point", "coordinates": [ 73.1014341, 22.3762102 ] } },
{ "type": "Feature", "properties": { "element": "node", "id": 7740233364, "amenity": "fast_food", "shop": null, "name": "Subway" }, "geometry": { "type": "Point", "coordinates": [ 73.1534212, 22.2949189 ] } },
{ "type": "Feature", "properties": { "element": "node", "id": 7740233365, "amenity": "fast_food", "shop": null, "name": "Domino's" }, "geometry": { "type": "Point", "coordinates": [ 73.1536692, 22.2949415 ] } },
{ "type": "Feature", "properties": { "element": "node", "id": 7740233369, "amenity": "bank", "shop": null, "name": "Bank of Baroda" }, "geometry": { "type": "Point", "coordinates": [ 73.1520846, 22.2945394 ] } },
{ "type": "Feature", "properties": { "element": "node", "id": 7740233370, "amenity": "bank", "shop": null, "name": "Axis Bank" }, "geometry": { "type": "Point", "coordinates": [ 73.1496658, 22.2950957 ] } },
{ "type": "Feature", "properties": { "element": "node", "id": 7740233371, "amenity": "restaurant", "shop": null, "name": "Pizza Hut" }, "geometry": { "type": "Point", "coordinates": [ 73.1382288, 22.3015421 ] } },
{ "type": "Feature", "properties": { "element": "node", "id": 7740233376, "amenity": "cinema", "shop": null, "name": "Bansal Multiplex" }, "geometry": { "type": "Point", "coordinates": [ 73.1383016, 22.3031532 ] } },
{ "type": "Feature", "properties": { "element": "node", "id": 7740275829, "amenity": null, "shop": "tobacco", "name": "Amar Pan" }, "geometry": { "type": "Point", "coordinates": [ 73.164275, 22.2976031 ] } },
{ "type": "Feature", "properties": { "element": "node", "id": 7740296614, "amenity": "fuel", "shop": null, "name": "Essar Petrol Pump" }, "geometry": { "type": "Point", "coordinates": [ 73.1316273, 22.2905919 ] } },
{ "type": "Feature", "properties": { "element": "node", "id": 7776271081, "amenity": null, "shop": null, "name": "Amin Developer" }, "geometry": { "type": "Point", "coordinates": [ 73.1973648, 22.3404977 ] } },
{ "type": "Feature", "properties": { "element": "node", "id": 7839317281, "amenity": null, "shop": null, "name": "Krishna Associates" }, "geometry": { "type": "Point", "coordinates": [ 73.1930907, 22.2652905 ] } },
{ "type": "Feature", "properties": { "element": "node", "id": 7857530333, "amenity": "place_of_worship", "shop": null, "name": null }, "geometry": { "type": "Point", "coordinates": [ 73.1150519, 22.3543865 ] } },
{ "type": "Feature", "properties": { "element": "node", "id": 7865869775, "amenity": "hospital", "shop": null, "name": "Krishna Surgical Hospital" }, "geometry": { "type": "Point", "coordinates": [ 73.084708, 22.245731 ] } },
{ "type": "Feature", "properties": { "element": "node", "id": 7865869785, "amenity": "clinic", "shop": null, "name": "Arogyam Clinic" }, "geometry": { "type": "Point", "coordinates": [ 73.0839723, 22.241017 ] } },
{ "type": "Feature", "properties": { "element": "node", "id": 7865869788, "amenity": "hospital", "shop": null, "name": "Yash Hospital" }, "geometry": { "type": "Point", "coordinates": [ 73.0846418, 22.2456674 ] } },
{ "type": "Feature", "properties": { "element": "node", "id": 7865869792, "amenity": "hospital", "shop": null, "name": "Sardar Vallavbhai Patel Medical Charitable Hospital" }, "geometry": { "type": "Point", "coordinates": [ 73.083602, 22.248074 ] } },
{ "type": "Feature", "properties": { "element": "node", "id": 7865869819, "amenity": "hospital", "shop": null, "name": "Vatsalya Hospital" }, "geometry": { "type": "Point", "coordinates": [ 73.0848049, 22.2466769 ] } },
{ "type": "Feature", "properties": { "element": "node", "id": 7865869826, "amenity": "hospital", "shop": null, "name": "Shubh Hospital" }, "geometry": { "type": "Point", "coordinates": [ 73.084548, 22.246189 ] } },
{ "type": "Feature", "properties": { "element": "node", "id": 7865869836, "amenity": "clinic", "shop": null, "name": "Government Ayurvedic Clinic" }, "geometry": { "type": "Point", "coordinates": [ 73.2929948, 22.2911383 ] } },
{ "type": "Feature", "properties": { "element": "node", "id": 7865869840, "amenity": "clinic", "shop": null, "name": "Om Sai Clinic" }, "geometry": { "type": "Point", "coordinates": [ 73.088551, 22.2393172 ] } },
{ "type": "Feature", "properties": { "element": "node", "id": 7865869846, "amenity": "hospital", "shop": null, "name": "Dr. Shakubhai Hospital" }, "geometry": { "type": "Point", "coordinates": [ 73.080865500000016, 22.2372225 ] } },
{ "type": "Feature", "properties": { "element": "node", "id": 7866013209, "amenity": "hospital", "shop": null, "name": "Neomu Women's Hospital" }, "geometry": { "type": "Point", "coordinates": [ 73.1691533, 22.2888087 ] } },
{ "type": "Feature", "properties": { "element": "node", "id": 7866013210, "amenity": "clinic", "shop": null, "name": "Nidhi Cardiology Clinic" }, "geometry": { "type": "Point", "coordinates": [ 73.1697089, 22.2929509 ] } },
{ "type": "Feature", "properties": { "element": "node", "id": 7866013211, "amenity": "hospital", "shop": null, "name": "Welcare Hospital" }, "geometry": { "type": "Point", "coordinates": [ 73.1613198, 22.2755483 ] } },
{ "type": "Feature", "properties": { "element": "node", "id": 7866013212, "amenity": "hospital", "shop": null, "name": "Sai Om Physiotherapy & Spine Health Centre" }, "geometry": { "type": "Point", "coordinates": [ 73.1572105, 22.3245722 ] } },
{ "type": "Feature", "properties": { "element": "node", "id": 7866013213, "amenity": "clinic", "shop": null, "name": "Dr. Namisha Patel City Clinic" }, "geometry": { "type": "Point", "coordinates": [ 73.183110700000015, 22.3155542 ] } },
{ "type": "Feature", "properties": { "element": "node", "id": 7866013214, "amenity": "clinic", "shop": null, "name": "Lalitha Child Care" }, "geometry": { "type": "Point", "coordinates": [ 73.1705212, 22.2956528 ] } },
{ "type": "Feature", "properties": { "element": "node", "id": 7866013215, "amenity": "clinic", "shop": null, "name": "Karishma Clinic" }, "geometry": { "type": "Point", "coordinates": [ 73.1642096, 22.2959188 ] } },
{ "type": "Feature", "properties": { "element": "node", "id": 7866013216, "amenity": "clinic", "shop": null, "name": "Alka Clinic" }, "geometry": { "type": "Point", "coordinates": [ 73.1629594, 22.2960287 ] } },
{ "type": "Feature", "properties": { "element": "node", "id": 7866013217, "amenity": "hospital", "shop": null, "name": "ESI Hospital" }, "geometry": { "type": "Point", "coordinates": [ 73.1563129, 22.2737232 ] } },
{ "type": "Feature", "properties": { "element": "node", "id": 7866013218, "amenity": "clinic", "shop": null, "name": "Kaya Clinic" }, "geometry": { "type": "Point", "coordinates": [ 73.1646455, 22.2944124 ] } },
{ "type": "Feature", "properties": { "element": "node", "id": 7866013219, "amenity": "hospital", "shop": null, "name": "Vrajrenu Orthopaedic Hospital" }, "geometry": { "type": "Point", "coordinates": [ 73.138687, 22.3054 ] } },
{ "type": "Feature", "properties": { "element": "node", "id": 7866013220, "amenity": "hospital", "shop": null, "name": "Baroda Laparoscopy Hospital" }, "geometry": { "type": "Point", "coordinates": [ 73.175811, 22.3088019 ] } },
{ "type": "Feature", "properties": { "element": "node", "id": 7866013221, "amenity": "hospital", "shop": null, "name": "Vaanya Gynec & Children Hospital" }, "geometry": { "type": "Point", "coordinates": [ 73.1374991, 22.2939738 ] } },
{ "type": "Feature", "properties": { "element": "node", "id": 7866013222, "amenity": "hospital", "shop": null, "name": "Himalaya Cancer Hospital & Research Institute" }, "geometry": { "type": "Point", "coordinates": [ 73.176878, 22.3067785 ] } },
{ "type": "Feature", "properties": { "element": "node", "id": 7866013223, "amenity": "hospital", "shop": null, "name": "Mahalaxmi Homeopathic Girls College and Hospital" }, "geometry": { "type": "Point", "coordinates": [ 73.1773603, 22.2863066 ] } },
{ "type": "Feature", "properties": { "element": "node", "id": 7866013224, "amenity": "clinic", "shop": null, "name": "Rachit Clinic" }, "geometry": { "type": "Point", "coordinates": [ 73.1727608, 22.298404 ] } },
{ "type": "Feature", "properties": { "element": "node", "id": 7866013225, "amenity": "hospital", "shop": null, "name": "Sterling Cancer Hospital" }, "geometry": { "type": "Point", "coordinates": [ 73.129788, 22.285062 ] } },
{ "type": "Feature", "properties": { "element": "node", "id": 7866013226, "amenity": "hospital", "shop": null, "name": "Ansaar General Hospital" }, "geometry": { "type": "Point", "coordinates": [ 73.156056, 22.288457 ] } },
{ "type": "Feature", "properties": { "element": "node", "id": 7866013227, "amenity": "clinic", "shop": null, "name": "Sakhiya Skin Clinic" }, "geometry": { "type": "Point", "coordinates": [ 73.1723082, 22.3079976 ] } },
{ "type": "Feature", "properties": { "element": "node", "id": 7866013228, "amenity": "clinic", "shop": null, "name": "Arpan Clinic" }, "geometry": { "type": "Point", "coordinates": [ 73.1763927, 22.3094691 ] } },
{ "type": "Feature", "properties": { "element": "node", "id": 7866013229, "amenity": "hospital", "shop": null, "name": "Life Care Hospital" }, "geometry": { "type": "Point", "coordinates": [ 73.1700426, 22.2890568 ] } },
{ "type": "Feature", "properties": { "element": "node", "id": 7866013230, "amenity": "clinic", "shop": null, "name": "The Eye Clinic" }, "geometry": { "type": "Point", "coordinates": [ 73.1294638, 22.2938249 ] } },
{ "type": "Feature", "properties": { "element": "node", "id": 7866013231, "amenity": "clinic", "shop": null, "name": "Arin Multi Speciality Clinic" }, "geometry": { "type": "Point", "coordinates": [ 73.1660129, 22.2906154 ] } },
{ "type": "Feature", "properties": { "element": "node", "id": 7866013232, "amenity": "hospital", "shop": null, "name": "Manusmruti Hospital" }, "geometry": { "type": "Point", "coordinates": [ 73.159115, 22.31827 ] } },
{ "type": "Feature", "properties": { "element": "node", "id": 7866013233, "amenity": "hospital", "shop": null, "name": "Shishu Children Hospital" }, "geometry": { "type": "Point", "coordinates": [ 73.1525618, 22.2953982 ] } },
{ "type": "Feature", "properties": { "element": "node", "id": 7866013234, "amenity": "hospital", "shop": null, "name": "Shashwat Hospital" }, "geometry": { "type": "Point", "coordinates": [ 73.130148, 22.289535 ] } },
{ "type": "Feature", "properties": { "element": "node", "id": 7866013235, "amenity": "hospital", "shop": null, "name": "Child Hospital" }, "geometry": { "type": "Point", "coordinates": [ 73.1589457, 22.3226436 ] } },
{ "type": "Feature", "properties": { "element": "node", "id": 7866013237, "amenity": "hospital", "shop": null, "name": "Jeevan Jyot Children & Dental Hospital" }, "geometry": { "type": "Point", "coordinates": [ 73.157596, 22.3239978 ] } },
{ "type": "Feature", "properties": { "element": "node", "id": 7866013238, "amenity": "clinic", "shop": null, "name": "Arth Radiology Clinic" }, "geometry": { "type": "Point", "coordinates": [ 73.1590392, 22.2809341 ] } },
{ "type": "Feature", "properties": { "element": "node", "id": 7866013239, "amenity": "hospital", "shop": null, "name": "Aakar Plastic Surgery Hospital" }, "geometry": { "type": "Point", "coordinates": [ 73.175144, 22.3077668 ] } },
{ "type": "Feature", "properties": { "element": "node", "id": 7866013241, "amenity": "clinic", "shop": null, "name": "Dev Clinic" }, "geometry": { "type": "Point", "coordinates": [ 73.154649, 22.294809 ] } },
{ "type": "Feature", "properties": { "element": "node", "id": 7866013242, "amenity": "clinic", "shop": null, "name": "Aum Clinic" }, "geometry": { "type": "Point", "coordinates": [ 73.137763, 22.294738 ] } },
{ "type": "Feature", "properties": { "element": "node", "id": 7866013243, "amenity": "clinic", "shop": null, "name": "Sahayog Medical Centre" }, "geometry": { "type": "Point", "coordinates": [ 73.1545908, 22.3255445 ] } },
{ "type": "Feature", "properties": { "element": "node", "id": 7866013244, "amenity": "hospital", "shop": null, "name": "Sanjeevani Dental Hospital" }, "geometry": { "type": "Point", "coordinates": [ 73.142633, 22.294785 ] } },
{ "type": "Feature", "properties": { "element": "node", "id": 7866013245, "amenity": "hospital", "shop": null, "name": "Gastro Care Hospital" }, "geometry": { "type": "Point", "coordinates": [ 73.1679376, 22.2937053 ] } },
{ "type": "Feature", "properties": { "element": "node", "id": 7866013246, "amenity": "hospital", "shop": null, "name": "ESI Hospital" }, "geometry": { "type": "Point", "coordinates": [ 73.149813800000018, 22.3090247 ] } },
{ "type": "Feature", "properties": { "element": "node", "id": 7866013247, "amenity": "dentist", "shop": null, "name": "Disha Dental Care" }, "geometry": { "type": "Point", "coordinates": [ 73.1681482, 22.2930951 ] } },
{ "type": "Feature", "properties": { "element": "node", "id": 7866013248, "amenity": "hospital", "shop": null, "name": "Madhuvan Maternity and Eye Hospital" }, "geometry": { "type": "Point", "coordinates": [ 73.1527805, 22.3102086 ] } },
{ "type": "Feature", "properties": { "element": "node", "id": 7866013249, "amenity": "hospital", "shop": null, "name": "Mom & Me Hospital" }, "geometry": { "type": "Point", "coordinates": [ 73.151673, 22.280589 ] } },
{ "type": "Feature", "properties": { "element": "node", "id": 7866013250, "amenity": "hospital", "shop": null, "name": "Mangalam Hospital" }, "geometry": { "type": "Point", "coordinates": [ 73.149379, 22.303549 ] } },
{ "type": "Feature", "properties": { "element": "node", "id": 7866013251, "amenity": "hospital", "shop": null, "name": "Aadi Children Hospital" }, "geometry": { "type": "Point", "coordinates": [ 73.1648357, 22.2914235 ] } },
{ "type": "Feature", "properties": { "element": "node", "id": 7866013252, "amenity": "hospital", "shop": null, "name": "Shree Chimanbhai Patel Orthopaedic Hospital" }, "geometry": { "type": "Point", "coordinates": [ 73.1776929, 22.3075831 ] } },
{ "type": "Feature", "properties": { "element": "node", "id": 7866013253, "amenity": "hospital", "shop": null, "name": "Vigos Hospital" }, "geometry": { "type": "Point", "coordinates": [ 73.1699738, 22.3082558 ] } },
{ "type": "Feature", "properties": { "element": "node", "id": 7866013254, "amenity": "hospital", "shop": null, "name": "Neuron - Neuro Surgical Hospital" }, "geometry": { "type": "Point", "coordinates": [ 73.151637, 22.280705 ] } },
{ "type": "Feature", "properties": { "element": "node", "id": 7866013255, "amenity": "hospital", "shop": null, "name": "Bharucha Hospital" }, "geometry": { "type": "Point", "coordinates": [ 73.156779, 22.324579 ] } },
{ "type": "Feature", "properties": { "element": "node", "id": 7866013256, "amenity": "clinic", "shop": null, "name": "Nene Clinic" }, "geometry": { "type": "Point", "coordinates": [ 73.1485198, 22.3177026 ] } },
{ "type": "Feature", "properties": { "element": "node", "id": 7866013257, "amenity": "hospital", "shop": null, "name": "Shiv Sagar Hospital" }, "geometry": { "type": "Point", "coordinates": [ 73.1562346, 22.3037938 ] } },
{ "type": "Feature", "properties": { "element": "node", "id": 7866013258, "amenity": "hospital", "shop": null, "name": "Shivani Hospital" }, "geometry": { "type": "Point", "coordinates": [ 73.14648, 22.314052 ] } },
{ "type": "Feature", "properties": { "element": "node", "id": 7866013259, "amenity": "clinic", "shop": null, "name": "Sneh Clinic" }, "geometry": { "type": "Point", "coordinates": [ 73.1687002, 22.3152525 ] } },
{ "type": "Feature", "properties": { "element": "node", "id": 7866013260, "amenity": "clinic", "shop": null, "name": "Sanidhya Clinic" }, "geometry": { "type": "Point", "coordinates": [ 73.1666218, 22.3018049 ] } },
{ "type": "Feature", "properties": { "element": "node", "id": 7866013261, "amenity": "dentist", "shop": null, "name": "Vadodara Smiles Dental Clinic" }, "geometry": { "type": "Point", "coordinates": [ 73.1641, 22.291485 ] } },
{ "type": "Feature", "properties": { "element": "node", "id": 7866013262, "amenity": "clinic", "shop": null, "name": "Dr. Mihir Acharya Neuro Clinic" }, "geometry": { "type": "Point", "coordinates": [ 73.1751, 22.298398 ] } },
{ "type": "Feature", "properties": { "element": "node", "id": 7866013263, "amenity": "clinic", "shop": null, "name": "Care N Cure Homeopathic Clinic" }, "geometry": { "type": "Point", "coordinates": [ 73.1580669, 22.2946072 ] } },
{ "type": "Feature", "properties": { "element": "node", "id": 7866013264, "amenity": "clinic", "shop": null, "name": "Homeopathy Clinic" }, "geometry": { "type": "Point", "coordinates": [ 73.1663729, 22.3054704 ] } },
{ "type": "Feature", "properties": { "element": "node", "id": 7866013265, "amenity": "hospital", "shop": null, "name": "Dr. Ashok Prajapati Hospital" }, "geometry": { "type": "Point", "coordinates": [ 73.170356, 22.291533 ] } },
{ "type": "Feature", "properties": { "element": "node", "id": 7866013266, "amenity": "hospital", "shop": null, "name": "Vraj Children Hospital" }, "geometry": { "type": "Point", "coordinates": [ 73.1718018, 22.2982887 ] } },
{ "type": "Feature", "properties": { "element": "node", "id": 7866013267, "amenity": "hospital", "shop": null, "name": "Vadodara Critical Child Care Centre" }, "geometry": { "type": "Point", "coordinates": [ 73.176368, 22.309353 ] } },
{ "type": "Feature", "properties": { "element": "node", "id": 7866013268, "amenity": "clinic", "shop": null, "name": "Dr. Mona Shah's Clinic" }, "geometry": { "type": "Point", "coordinates": [ 73.1719602, 22.2923396 ] } },
{ "type": "Feature", "properties": { "element": "node", "id": 7866013269, "amenity": "hospital", "shop": null, "name": "Kalyan Chest Hospital" }, "geometry": { "type": "Point", "coordinates": [ 73.1684778, 22.3088775 ] } },
{ "type": "Feature", "properties": { "element": "node", "id": 7866013270, "amenity": "hospital", "shop": null, "name": "Om Shiv Hospital" }, "geometry": { "type": "Point", "coordinates": [ 73.147448, 22.304466 ] } },
{ "type": "Feature", "properties": { "element": "node", "id": 7866013271, "amenity": "clinic", "shop": null, "name": "Aadit Nursing Home" }, "geometry": { "type": "Point", "coordinates": [ 73.148394, 22.3059834 ] } },
{ "type": "Feature", "properties": { "element": "node", "id": 7866013272, "amenity": "hospital", "shop": null, "name": "Uma Children Hospital" }, "geometry": { "type": "Point", "coordinates": [ 73.1764991, 22.3095398 ] } },
{ "type": "Feature", "properties": { "element": "node", "id": 7866013273, "amenity": "hospital", "shop": null, "name": "Tricolour Hospitals" }, "geometry": { "type": "Point", "coordinates": [ 73.1669112, 22.317209 ] } },
{ "type": "Feature", "properties": { "element": "node", "id": 7866013274, "amenity": "hospital", "shop": null, "name": "Vadodara Diabetes and Endocrine Centre" }, "geometry": { "type": "Point", "coordinates": [ 73.1688704, 22.3078989 ] } },
{ "type": "Feature", "properties": { "element": "node", "id": 7866013275, "amenity": "hospital", "shop": null, "name": "N.M. Hospital" }, "geometry": { "type": "Point", "coordinates": [ 73.169821, 22.290494 ] } },
{ "type": "Feature", "properties": { "element": "node", "id": 7866013276, "amenity": "hospital", "shop": null, "name": "Venus Super Speciality Hospital" }, "geometry": { "type": "Point", "coordinates": [ 73.1652661, 22.2887972 ] } },
{ "type": "Feature", "properties": { "element": "node", "id": 7866013277, "amenity": "hospital", "shop": null, "name": "Astha Hospital" }, "geometry": { "type": "Point", "coordinates": [ 73.1717486, 22.2980908 ] } },
{ "type": "Feature", "properties": { "element": "node", "id": 7866013278, "amenity": "hospital", "shop": null, "name": "Pramukh Swami Hospital" }, "geometry": { "type": "Point", "coordinates": [ 73.153211, 22.275862 ] } },
{ "type": "Feature", "properties": { "element": "node", "id": 7866013279, "amenity": "hospital", "shop": null, "name": "Swastik Hospital" }, "geometry": { "type": "Point", "coordinates": [ 73.151736, 22.296834 ] } },
{ "type": "Feature", "properties": { "element": "node", "id": 7866013280, "amenity": "hospital", "shop": null, "name": "Srushtil Hospital" }, "geometry": { "type": "Point", "coordinates": [ 73.1711987, 22.2925648 ] } },
{ "type": "Feature", "properties": { "element": "node", "id": 7866013281, "amenity": "clinic", "shop": null, "name": "Tanvi Maternity & Nursing Home" }, "geometry": { "type": "Point", "coordinates": [ 73.1629455, 22.3171853 ] } },
{ "type": "Feature", "properties": { "element": "node", "id": 7866013282, "amenity": "clinic", "shop": null, "name": "Skin Clinic" }, "geometry": { "type": "Point", "coordinates": [ 73.153388, 22.280907 ] } },
{ "type": "Feature", "properties": { "element": "node", "id": 7866013283, "amenity": "hospital", "shop": null, "name": "The Children's Hospital" }, "geometry": { "type": "Point", "coordinates": [ 73.174157, 22.2985762 ] } },
{ "type": "Feature", "properties": { "element": "node", "id": 7866013284, "amenity": "hospital", "shop": null, "name": "Oral Research Hospital" }, "geometry": { "type": "Point", "coordinates": [ 73.1732789, 22.282988 ] } },
{ "type": "Feature", "properties": { "element": "node", "id": 7866013285, "amenity": "hospital", "shop": null, "name": "Kalpana Group of Hospitals" }, "geometry": { "type": "Point", "coordinates": [ 73.15209, 22.287579 ] } },
{ "type": "Feature", "properties": { "element": "node", "id": 7866013286, "amenity": "clinic", "shop": null, "name": "Pooja Clinic" }, "geometry": { "type": "Point", "coordinates": [ 73.174449, 22.309851 ] } },
{ "type": "Feature", "properties": { "element": "node", "id": 7866013288, "amenity": "hospital", "shop": null, "name": "Anmol Children's Hospital" }, "geometry": { "type": "Point", "coordinates": [ 73.1481167, 22.2731238 ] } },
{ "type": "Feature", "properties": { "element": "node", "id": 7866013289, "amenity": "hospital", "shop": null, "name": "Parth Hospital" }, "geometry": { "type": "Point", "coordinates": [ 73.152101, 22.3046284 ] } },
{ "type": "Feature", "properties": { "element": "node", "id": 7866013290, "amenity": "hospital", "shop": null, "name": "Aman Hospital & Research Centre" }, "geometry": { "type": "Point", "coordinates": [ 73.1487836, 22.3092994 ] } },
{ "type": "Feature", "properties": { "element": "node", "id": 7866013291, "amenity": "hospital", "shop": null, "name": "Vihaan Hospital" }, "geometry": { "type": "Point", "coordinates": [ 73.1348109, 22.2912319 ] } },
{ "type": "Feature", "properties": { "element": "node", "id": 7866085794, "amenity": "clinic", "shop": null, "name": "Param Clinic" }, "geometry": { "type": "Point", "coordinates": [ 73.2318011, 22.3214675 ] } },
{ "type": "Feature", "properties": { "element": "node", "id": 7866085795, "amenity": "hospital", "shop": null, "name": "Kavya Hospital" }, "geometry": { "type": "Point", "coordinates": [ 73.2351825, 22.2934153 ] } },
{ "type": "Feature", "properties": { "element": "node", "id": 7866085796, "amenity": "clinic", "shop": null, "name": "Sai Skin and Hair Clinic" }, "geometry": { "type": "Point", "coordinates": [ 73.191283, 22.266319 ] } },
{ "type": "Feature", "properties": { "element": "node", "id": 7866085797, "amenity": "hospital", "shop": null, "name": "Sri Vitthalesh Hospital" }, "geometry": { "type": "Point", "coordinates": [ 73.191085, 22.268491 ] } },
{ "type": "Feature", "properties": { "element": "node", "id": 7866085798, "amenity": "hospital", "shop": null, "name": "Lotus Hospital For Newborn and Children" }, "geometry": { "type": "Point", "coordinates": [ 73.2204661, 22.3167882 ] } },
{ "type": "Feature", "properties": { "element": "node", "id": 7866085799, "amenity": "clinic", "shop": null, "name": "Chirag Clinic & Nursing Home" }, "geometry": { "type": "Point", "coordinates": [ 73.1892142, 22.2599219 ] } },
{ "type": "Feature", "properties": { "element": "node", "id": 7866085800, "amenity": "hospital", "shop": null, "name": "Bankers Heart & Multispeciality Hospital" }, "geometry": { "type": "Point", "coordinates": [ 73.2209434, 22.3175601 ] } },
{ "type": "Feature", "properties": { "element": "node", "id": 7866085801, "amenity": "hospital", "shop": null, "name": "Savita Hospital" }, "geometry": { "type": "Point", "coordinates": [ 73.2424076, 22.2930488 ] } },
{ "type": "Feature", "properties": { "element": "node", "id": 7866085802, "amenity": "hospital", "shop": null, "name": "Yogini Hospital" }, "geometry": { "type": "Point", "coordinates": [ 73.205026, 22.283837 ] } },
{ "type": "Feature", "properties": { "element": "node", "id": 7866085803, "amenity": "hospital", "shop": null, "name": "Medistar Hospital" }, "geometry": { "type": "Point", "coordinates": [ 73.179818, 22.26037 ] } },
{ "type": "Feature", "properties": { "element": "node", "id": 7866085804, "amenity": "hospital", "shop": null, "name": "Kalrav Children Hospital" }, "geometry": { "type": "Point", "coordinates": [ 73.2436431, 22.3041871 ] } },
{ "type": "Feature", "properties": { "element": "node", "id": 7866085805, "amenity": "hospital", "shop": null, "name": "Shrey Orthopaedic Hospital" }, "geometry": { "type": "Point", "coordinates": [ 73.1972841, 22.2710618 ] } },
{ "type": "Feature", "properties": { "element": "node", "id": 7866085807, "amenity": "hospital", "shop": null, "name": "Manjalpur Hospital" }, "geometry": { "type": "Point", "coordinates": [ 73.1972108, 22.2705043 ] } },
{ "type": "Feature", "properties": { "element": "node", "id": 7866085808, "amenity": "hospital", "shop": null, "name": "Payal Hospital" }, "geometry": { "type": "Point", "coordinates": [ 73.223971, 22.316131 ] } },
{ "type": "Feature", "properties": { "element": "node", "id": 7866085809, "amenity": "hospital", "shop": null, "name": "Leprosy Hospital" }, "geometry": { "type": "Point", "coordinates": [ 73.24261180000002, 22.3134401 ] } },
{ "type": "Feature", "properties": { "element": "node", "id": 7866085810, "amenity": "hospital", "shop": null, "name": "Krishna Hospital" }, "geometry": { "type": "Point", "coordinates": [ 73.2369896, 22.2874453 ] } },
{ "type": "Feature", "properties": { "element": "node", "id": 7866085811, "amenity": "hospital", "shop": null, "name": "Nidan Children Clinic & Hospital" }, "geometry": { "type": "Point", "coordinates": [ 73.2317358, 22.2833115 ] } },
{ "type": "Feature", "properties": { "element": "node", "id": 7866085812, "amenity": "hospital", "shop": null, "name": "Dhanvantari Multi Speciality Hospital" }, "geometry": { "type": "Point", "coordinates": [ 73.1898002, 22.2729286 ] } },
{ "type": "Feature", "properties": { "element": "node", "id": 7866085813, "amenity": "hospital", "shop": null, "name": "Solace Hospital" }, "geometry": { "type": "Point", "coordinates": [ 73.2423944, 22.2929722 ] } },
{ "type": "Feature", "properties": { "element": "node", "id": 7866085814, "amenity": "hospital", "shop": null, "name": "District TB Centre" }, "geometry": { "type": "Point", "coordinates": [ 73.245104, 22.311859 ] } },
{ "type": "Feature", "properties": { "element": "node", "id": 7866085815, "amenity": "hospital", "shop": null, "name": "Pioneer Homoeopathic Medical College & Hospital" }, "geometry": { "type": "Point", "coordinates": [ 73.2632792, 22.3273069 ] } },
{ "type": "Feature", "properties": { "element": "node", "id": 7866085816, "amenity": "hospital", "shop": null, "name": "Vrundavan Hospital" }, "geometry": { "type": "Point", "coordinates": [ 73.2428009, 22.2996729 ] } },
{ "type": "Feature", "properties": { "element": "node", "id": 7866085817, "amenity": "hospital", "shop": null, "name": "Vatsalya Maternity Hospital" }, "geometry": { "type": "Point", "coordinates": [ 73.2329645, 22.3165077 ] } },
{ "type": "Feature", "properties": { "element": "node", "id": 7866085818, "amenity": "hospital", "shop": null, "name": "Jay Hospital" }, "geometry": { "type": "Point", "coordinates": [ 73.1907202, 22.2611622 ] } },
{ "type": "Feature", "properties": { "element": "node", "id": 7866085819, "amenity": "hospital", "shop": null, "name": "ESIC Hospital" }, "geometry": { "type": "Point", "coordinates": [ 73.2150222, 22.2827353 ] } },
{ "type": "Feature", "properties": { "element": "node", "id": 7866085820, "amenity": "hospital", "shop": null, "name": "Mitra Prashuti Gurha" }, "geometry": { "type": "Point", "coordinates": [ 73.2452264, 22.315657 ] } },
{ "type": "Feature", "properties": { "element": "node", "id": 7866085821, "amenity": "hospital", "shop": null, "name": "Akshar Prasuti Gruh Hospital" }, "geometry": { "type": "Point", "coordinates": [ 73.230491, 22.278979 ] } },
{ "type": "Feature", "properties": { "element": "node", "id": 7866085822, "amenity": "hospital", "shop": null, "name": "Sai Hospital" }, "geometry": { "type": "Point", "coordinates": [ 73.231369900000018, 22.3225726 ] } },
{ "type": "Feature", "properties": { "element": "node", "id": 7866085823, "amenity": "dentist", "shop": null, "name": "Kiansh Dental Clinic and Implant Centre" }, "geometry": { "type": "Point", "coordinates": [ 73.1812713, 22.2614019 ] } },
{ "type": "Feature", "properties": { "element": "node", "id": 7866085824, "amenity": "hospital", "shop": null, "name": "Sarabhai Ayurvedic Hospital" }, "geometry": { "type": "Point", "coordinates": [ 73.204791, 22.279283 ] } },
{ "type": "Feature", "properties": { "element": "node", "id": 7866085825, "amenity": "hospital", "shop": null, "name": "Shree Hospital & ICU" }, "geometry": { "type": "Point", "coordinates": [ 73.2240058, 22.3105054 ] } },
{ "type": "Feature", "properties": { "element": "node", "id": 7866085826, "amenity": "hospital", "shop": null, "name": "Bankers MultiSpeciality Hospital" }, "geometry": { "type": "Point", "coordinates": [ 73.1955406, 22.2637739 ] } },
{ "type": "Feature", "properties": { "element": "node", "id": 7866085827, "amenity": "hospital", "shop": null, "name": "Dabhoiwala Surgical Hospital" }, "geometry": { "type": "Point", "coordinates": [ 73.2237388, 22.3005951 ] } },
{ "type": "Feature", "properties": { "element": "node", "id": 7866085828, "amenity": "hospital", "shop": null, "name": "ENT Hospital" }, "geometry": { "type": "Point", "coordinates": [ 73.1797951, 22.2719622 ] } },
{ "type": "Feature", "properties": { "element": "node", "id": 7866085829, "amenity": "hospital", "shop": null, "name": "Soham Surgical Hospital" }, "geometry": { "type": "Point", "coordinates": [ 73.232943, 22.281414 ] } },
{ "type": "Feature", "properties": { "element": "node", "id": 7866085830, "amenity": "hospital", "shop": null, "name": "Ami Hospital" }, "geometry": { "type": "Point", "coordinates": [ 73.2492586, 22.2967734 ] } },
{ "type": "Feature", "properties": { "element": "node", "id": 7866085831, "amenity": "hospital", "shop": null, "name": "Faith Hospital" }, "geometry": { "type": "Point", "coordinates": [ 73.2243171, 22.300616 ] } },
{ "type": "Feature", "properties": { "element": "node", "id": 7866085832, "amenity": "hospital", "shop": null, "name": "Shree Krishna Maternity Hospital & Infertility Centre" }, "geometry": { "type": "Point", "coordinates": [ 73.2337401, 22.2786395 ] } },
{ "type": "Feature", "properties": { "element": "node", "id": 7866085833, "amenity": "hospital", "shop": null, "name": "Aashray Children Hospital" }, "geometry": { "type": "Point", "coordinates": [ 73.2374073, 22.2921372 ] } },
{ "type": "Feature", "properties": { "element": "node", "id": 7866085834, "amenity": "clinic", "shop": null, "name": "Dr. Minaxi B. Ramchandani Clinic" }, "geometry": { "type": "Point", "coordinates": [ 73.2150175, 22.2943331 ] } },
{ "type": "Feature", "properties": { "element": "node", "id": 7866085835, "amenity": "clinic", "shop": null, "name": "Sushrusha Clinic" }, "geometry": { "type": "Point", "coordinates": [ 73.236124, 22.2912199 ] } },
{ "type": "Feature", "properties": { "element": "node", "id": 7866085836, "amenity": "clinic", "shop": null, "name": "Astitva Clinic" }, "geometry": { "type": "Point", "coordinates": [ 73.2494009, 22.3161173 ] } },
{ "type": "Feature", "properties": { "element": "node", "id": 7866085837, "amenity": "hospital", "shop": null, "name": "Vekaria Gynec Hospital" }, "geometry": { "type": "Point", "coordinates": [ 73.232251, 22.315125 ] } },
{ "type": "Feature", "properties": { "element": "node", "id": 7866085838, "amenity": "hospital", "shop": null, "name": "Radha Multi Speciality Hospital" }, "geometry": { "type": "Point", "coordinates": [ 73.2310839, 22.2788104 ] } },
{ "type": "Feature", "properties": { "element": "node", "id": 7866085839, "amenity": "hospital", "shop": null, "name": "Omkar Orthopaedic Hospital" }, "geometry": { "type": "Point", "coordinates": [ 73.2209228, 22.3164046 ] } },
{ "type": "Feature", "properties": { "element": "node", "id": 7866085840, "amenity": "hospital", "shop": null, "name": "Vrindavan Hospital and ICU" }, "geometry": { "type": "Point", "coordinates": [ 73.2440007, 22.2995036 ] } },
{ "type": "Feature", "properties": { "element": "node", "id": 7866687036, "amenity": "dentist", "shop": null, "name": "Dayamadhav Dental Clinic" }, "geometry": { "type": "Point", "coordinates": [ 73.2005556, 22.301531 ] } },
{ "type": "Feature", "properties": { "element": "node", "id": 7866687037, "amenity": "hospital", "shop": null, "name": "Care Multispeciality Hospital" }, "geometry": { "type": "Point", "coordinates": [ 73.1546677, 22.3412617 ] } },
{ "type": "Feature", "properties": { "element": "node", "id": 7866687039, "amenity": "hospital", "shop": null, "name": "ESI Hospital" }, "geometry": { "type": "Point", "coordinates": [ 73.1603154, 22.3325772 ] } },
{ "type": "Feature", "properties": { "element": "node", "id": 7866687041, "amenity": "hospital", "shop": null, "name": "Arpan Surgical Hospital" }, "geometry": { "type": "Point", "coordinates": [ 73.1806174, 22.3338288 ] } },
{ "type": "Feature", "properties": { "element": "node", "id": 7866687042, "amenity": "hospital", "shop": null, "name": "Maruti Hospital" }, "geometry": { "type": "Point", "coordinates": [ 73.181492, 22.333481 ] } },
{ "type": "Feature", "properties": { "element": "node", "id": 7866687043, "amenity": "hospital", "shop": null, "name": "Dr. Kadam Eye Hospital" }, "geometry": { "type": "Point", "coordinates": [ 73.1790361, 22.3376404 ] } },
{ "type": "Feature", "properties": { "element": "node", "id": 7866687044, "amenity": "hospital", "shop": null, "name": "Bharti ENT Care Hospital" }, "geometry": { "type": "Point", "coordinates": [ 73.1787441, 22.3363925 ] } },
{ "type": "Feature", "properties": { "element": "node", "id": 7866687045, "amenity": "hospital", "shop": null, "name": "Swadia Hospital" }, "geometry": { "type": "Point", "coordinates": [ 73.19567, 22.301852 ] } },
{ "type": "Feature", "properties": { "element": "node", "id": 7866687046, "amenity": "hospital", "shop": null, "name": "Sai Orthopaedic Hospital" }, "geometry": { "type": "Point", "coordinates": [ 73.138012, 22.316205 ] } },
{ "type": "Feature", "properties": { "element": "node", "id": 7866687047, "amenity": "hospital", "shop": null, "name": "Aashray Hospital" }, "geometry": { "type": "Point", "coordinates": [ 73.134721, 22.324933 ] } },
{ "type": "Feature", "properties": { "element": "node", "id": 7866687048, "amenity": "hospital", "shop": null, "name": "Cornea Eye Hospital" }, "geometry": { "type": "Point", "coordinates": [ 73.131906, 22.31602 ] } },
{ "type": "Feature", "properties": { "element": "node", "id": 7866687050, "amenity": "hospital", "shop": null, "name": "Rhythm Maternity & Surgical Hosiptal" }, "geometry": { "type": "Point", "coordinates": [ 73.1891693, 22.3195627 ] } },
{ "type": "Feature", "properties": { "element": "node", "id": 7866687051, "amenity": "clinic", "shop": null, "name": "C.P. Suthar Physio & Spine Clinic" }, "geometry": { "type": "Point", "coordinates": [ 73.1504391, 22.3369559 ] } },
{ "type": "Feature", "properties": { "element": "node", "id": 7866687052, "amenity": "hospital", "shop": null, "name": "Shivam Surgical Hospital" }, "geometry": { "type": "Point", "coordinates": [ 73.17887, 22.3361462 ] } },
{ "type": "Feature", "properties": { "element": "node", "id": 7866687053, "amenity": "hospital", "shop": null, "name": "Barc Hospital" }, "geometry": { "type": "Point", "coordinates": [ 73.1788681, 22.3441607 ] } },
{ "type": "Feature", "properties": { "element": "node", "id": 7866687054, "amenity": "hospital", "shop": null, "name": "Baroda Hospital" }, "geometry": { "type": "Point", "coordinates": [ 73.192306, 22.305838 ] } },
{ "type": "Feature", "properties": { "element": "node", "id": 7866687055, "amenity": "hospital", "shop": null, "name": "Dr. Pankaj Vyas Accident & Fracture Hospital" }, "geometry": { "type": "Point", "coordinates": [ 73.1554985, 22.3341528 ] } },
{ "type": "Feature", "properties": { "element": "node", "id": 7866687056, "amenity": "clinic", "shop": null, "name": "Gorwa Panchavati Health Centre" }, "geometry": { "type": "Point", "coordinates": [ 73.1574174, 22.3310688 ] } },
{ "type": "Feature", "properties": { "element": "node", "id": 7866687057, "amenity": "hospital", "shop": null, "name": "Patel Hospital and ICU" }, "geometry": { "type": "Point", "coordinates": [ 73.134042, 22.315514 ] } },
{ "type": "Feature", "properties": { "element": "node", "id": 7866687058, "amenity": "hospital", "shop": null, "name": "Gandhi Hospital" }, "geometry": { "type": "Point", "coordinates": [ 73.202446, 22.302593 ] } },
{ "type": "Feature", "properties": { "element": "node", "id": 7866687060, "amenity": "hospital", "shop": null, "name": "Shubh Hospital" }, "geometry": { "type": "Point", "coordinates": [ 73.1828, 22.342766 ] } },
{ "type": "Feature", "properties": { "element": "node", "id": 7866687061, "amenity": "clinic", "shop": null, "name": "Sahayog Surgical Centre" }, "geometry": { "type": "Point", "coordinates": [ 73.151234, 22.336323 ] } },
{ "type": "Feature", "properties": { "element": "node", "id": 7866687062, "amenity": "hospital", "shop": null, "name": "The Cure Urological Hospital" }, "geometry": { "type": "Point", "coordinates": [ 73.205968, 22.352144 ] } },
{ "type": "Feature", "properties": { "element": "node", "id": 7866687064, "amenity": "clinic", "shop": null, "name": "Niramaya Clinic" }, "geometry": { "type": "Point", "coordinates": [ 73.2036999, 22.2976552 ] } },
{ "type": "Feature", "properties": { "element": "node", "id": 7866687065, "amenity": "hospital", "shop": null, "name": "Pujam Hospital" }, "geometry": { "type": "Point", "coordinates": [ 73.1486145, 22.3382249 ] } },
{ "type": "Feature", "properties": { "element": "node", "id": 7866687066, "amenity": "clinic", "shop": null, "name": "Parul Clinic" }, "geometry": { "type": "Point", "coordinates": [ 73.1989274, 22.3033662 ] } },
{ "type": "Feature", "properties": { "element": "node", "id": 7866687067, "amenity": "hospital", "shop": null, "name": "Ashirvad Hospital" }, "geometry": { "type": "Point", "coordinates": [ 73.198996, 22.2922256 ] } },
{ "type": "Feature", "properties": { "element": "node", "id": 7866687068, "amenity": "clinic", "shop": null, "name": "Shivendu Clinic" }, "geometry": { "type": "Point", "coordinates": [ 73.193795, 22.338813 ] } },
{ "type": "Feature", "properties": { "element": "node", "id": 7866687069, "amenity": "hospital", "shop": null, "name": "Kamubala Hospital" }, "geometry": { "type": "Point", "coordinates": [ 73.1928618, 22.3449059 ] } },
{ "type": "Feature", "properties": { "element": "node", "id": 7866687070, "amenity": "hospital", "shop": null, "name": "Khushbu Children Hospital" }, "geometry": { "type": "Point", "coordinates": [ 73.1731832, 22.3326105 ] } },
{ "type": "Feature", "properties": { "element": "node", "id": 7866687072, "amenity": "hospital", "shop": null, "name": "Sudhalkar Eye Hospital and Retina Centre" }, "geometry": { "type": "Point", "coordinates": [ 73.202518, 22.303092 ] } },
{ "type": "Feature", "properties": { "element": "node", "id": 7866687073, "amenity": "hospital", "shop": null, "name": "Sayaji Hospital" }, "geometry": { "type": "Point", "coordinates": [ 73.193684, 22.301478 ] } },
{ "type": "Feature", "properties": { "element": "node", "id": 7866687074, "amenity": "hospital", "shop": null, "name": "Coral Hospital Orthopaedic and Surgical Care" }, "geometry": { "type": "Point", "coordinates": [ 73.2007505, 22.3495036 ] } },
{ "type": "Feature", "properties": { "element": "node", "id": 7866687075, "amenity": "hospital", "shop": null, "name": "Urmil Children Hospital" }, "geometry": { "type": "Point", "coordinates": [ 73.180529, 22.331953 ] } },
{ "type": "Feature", "properties": { "element": "node", "id": 7866687076, "amenity": "clinic", "shop": null, "name": "Derma Care" }, "geometry": { "type": "Point", "coordinates": [ 73.1990982, 22.3029232 ] } },
{ "type": "Feature", "properties": { "element": "node", "id": 7866687078, "amenity": "hospital", "shop": null, "name": "Umiya Hospital" }, "geometry": { "type": "Point", "coordinates": [ 73.154401, 22.336307 ] } },
{ "type": "Feature", "properties": { "element": "node", "id": 7866687080, "amenity": "hospital", "shop": null, "name": "Sumandeep Hospital" }, "geometry": { "type": "Point", "coordinates": [ 73.193186, 22.303054 ] } },
{ "type": "Feature", "properties": { "element": "node", "id": 7866687081, "amenity": "hospital", "shop": null, "name": "Government Hospital" }, "geometry": { "type": "Point", "coordinates": [ 73.168995, 22.339582 ] } },
{ "type": "Feature", "properties": { "element": "node", "id": 7866687082, "amenity": "hospital", "shop": null, "name": "Manav Hospital" }, "geometry": { "type": "Point", "coordinates": [ 73.140242, 22.324914 ] } },
{ "type": "Feature", "properties": { "element": "node", "id": 7866687083, "amenity": "hospital", "shop": null, "name": "Devamut Hospital" }, "geometry": { "type": "Point", "coordinates": [ 73.131322, 22.316228 ] } },
{ "type": "Feature", "properties": { "element": "node", "id": 7866687085, "amenity": "clinic", "shop": null, "name": "Bhumi Hospital" }, "geometry": { "type": "Point", "coordinates": [ 73.2044425, 22.3065705 ] } },
{ "type": "Feature", "properties": { "element": "node", "id": 7866687086, "amenity": "hospital", "shop": null, "name": "Matrukrupa Children Hospital" }, "geometry": { "type": "Point", "coordinates": [ 73.173684, 22.34994 ] } },
{ "type": "Feature", "properties": { "element": "node", "id": 7866687087, "amenity": "hospital", "shop": null, "name": "Naik Super Speciality Hospital" }, "geometry": { "type": "Point", "coordinates": [ 73.1928928, 22.30569 ] } },
{ "type": "Feature", "properties": { "element": "node", "id": 7866687088, "amenity": "hospital", "shop": null, "name": "Riddhi Children Hospital" }, "geometry": { "type": "Point", "coordinates": [ 73.186688, 22.342652 ] } },
{ "type": "Feature", "properties": { "element": "node", "id": 7866687089, "amenity": "hospital", "shop": null, "name": "Sahaj Children & Multispeciality Hospital" }, "geometry": { "type": "Point", "coordinates": [ 73.137541, 22.316041 ] } },
{ "type": "Feature", "properties": { "element": "node", "id": 7866687090, "amenity": "hospital", "shop": null, "name": "Gopinathji Hospital" }, "geometry": { "type": "Point", "coordinates": [ 73.1857409, 22.3447663 ] } },
{ "type": "Feature", "properties": { "element": "node", "id": 7866687092, "amenity": "hospital", "shop": null, "name": "Anand Hospital" }, "geometry": { "type": "Point", "coordinates": [ 73.1804431, 22.3323897 ] } },
{ "type": "Feature", "properties": { "element": "node", "id": 7895151885, "amenity": null, "shop": null, "name": "Crystal Yagnapurush Flats" }, "geometry": { "type": "Point", "coordinates": [ 73.1274245, 22.3120072 ] } },
{ "type": "Feature", "properties": { "element": "node", "id": 7935281679, "amenity": "hospital", "shop": null, "name": "Our Lady of Pillar Hospital" }, "geometry": { "type": "Point", "coordinates": [ 73.1893693, 22.3249419 ] } },
{ "type": "Feature", "properties": { "element": "node", "id": 7935281682, "amenity": "hospital", "shop": null, "name": "Kasturba Hospital" }, "geometry": { "type": "Point", "coordinates": [ 73.189198800000014, 22.3239296 ] } },
{ "type": "Feature", "properties": { "element": "node", "id": 7935281835, "amenity": "hospital", "shop": null, "name": "Pinku Children Hospital" }, "geometry": { "type": "Point", "coordinates": [ 73.2058609, 22.2881267 ] } },
{ "type": "Feature", "properties": { "element": "node", "id": 7935281856, "amenity": "hospital", "shop": null, "name": "Shruti Clinic" }, "geometry": { "type": "Point", "coordinates": [ 73.196999, 22.281201 ] } },
{ "type": "Feature", "properties": { "element": "node", "id": 7935281862, "amenity": "hospital", "shop": null, "name": "Ayurvedic Arogyabhavan" }, "geometry": { "type": "Point", "coordinates": [ 73.2043263, 22.2796392 ] } },
{ "type": "Feature", "properties": { "element": "node", "id": 7935281866, "amenity": "hospital", "shop": null, "name": "VISHWAS GENERAL HOSPITAL & MATERNITY HOME" }, "geometry": { "type": "Point", "coordinates": [ 73.185112, 22.278973 ] } },
{ "type": "Feature", "properties": { "element": "node", "id": 7935281870, "amenity": "hospital", "shop": null, "name": "Manjalpur Urban Health Center" }, "geometry": { "type": "Point", "coordinates": [ 73.196467, 22.278641 ] } },
{ "type": "Feature", "properties": { "element": "node", "id": 7935281871, "amenity": "hospital", "shop": null, "name": "Dr Shailesh Talati" }, "geometry": { "type": "Point", "coordinates": [ 73.1948494, 22.2784094 ] } },
{ "type": "Feature", "properties": { "element": "node", "id": 7935281877, "amenity": "hospital", "shop": null, "name": "Shree Womens Hospital" }, "geometry": { "type": "Point", "coordinates": [ 73.1900706, 22.2774501 ] } },
{ "type": "Feature", "properties": { "element": "node", "id": 7935281880, "amenity": "hospital", "shop": null, "name": "Ayushya Hospital" }, "geometry": { "type": "Point", "coordinates": [ 73.197787, 22.276841 ] } },
{ "type": "Feature", "properties": { "element": "node", "id": 7935281882, "amenity": "hospital", "shop": null, "name": "Sunshine Global Hospitals" }, "geometry": { "type": "Point", "coordinates": [ 73.2002906, 22.276577 ] } },
{ "type": "Feature", "properties": { "element": "node", "id": 7945422089, "amenity": "place_of_worship", "shop": null, "name": "Masjid E Raza" }, "geometry": { "type": "Point", "coordinates": [ 73.2261509, 22.3010472 ] } },
{ "type": "Feature", "properties": { "element": "node", "id": 8088485434, "amenity": "cafe", "shop": null, "name": "MTH Sky Dine Café" }, "geometry": { "type": "Point", "coordinates": [ 73.1842138, 22.273385 ] } },
{ "type": "Feature", "properties": { "element": "node", "id": 8088547777, "amenity": "cafe", "shop": null, "name": "MTH Sky Dine Café" }, "geometry": { "type": "Point", "coordinates": [ 73.185296800000017, 22.2731501 ] } },
{ "type": "Feature", "properties": { "element": "node", "id": 8244971790, "amenity": null, "shop": "clothes", "name": "Max Fashion" }, "geometry": { "type": "Point", "coordinates": [ 73.1663574, 22.3216757 ] } },
{ "type": "Feature", "properties": { "element": "node", "id": 8299573854, "amenity": "clinic", "shop": null, "name": "ANANT SEXOLOGY CLINIC" }, "geometry": { "type": "Point", "coordinates": [ 73.186392, 22.3426423 ] } },
{ "type": "Feature", "properties": { "element": "node", "id": 8354696042, "amenity": "cafe", "shop": null, "name": "REHAN'S KHITCHEN" }, "geometry": { "type": "Point", "coordinates": [ 73.2369245, 22.2873692 ] } },
{ "type": "Feature", "properties": { "element": "node", "id": 8433322863, "amenity": "cafe", "shop": null, "name": "Cafe Appetito - Alembic" }, "geometry": { "type": "Point", "coordinates": [ 73.1651971, 22.3249456 ] } },
{ "type": "Feature", "properties": { "element": "node", "id": 8932000241, "amenity": "restaurant", "shop": null, "name": "Spice Kraft" }, "geometry": { "type": "Point", "coordinates": [ 73.1659009, 22.3077172 ] } },
{ "type": "Feature", "properties": { "element": "node", "id": 9073664372, "amenity": "place_of_worship", "shop": null, "name": "HAZRAT JORAVER PEER DARGAH [VAZAHAT HUSSAIN BAWA SAHEB]" }, "geometry": { "type": "Point", "coordinates": [ 73.2132907, 22.3052161 ] } },
{ "type": "Feature", "properties": { "element": "node", "id": 9104327720, "amenity": "fuel", "shop": null, "name": null }, "geometry": { "type": "Point", "coordinates": [ 73.2820433, 22.2298855 ] } },
{ "type": "Feature", "properties": { "element": "node", "id": 9109145960, "amenity": null, "shop": null, "name": null }, "geometry": { "type": "Point", "coordinates": [ 73.2113651, 22.2820076 ] } },
{ "type": "Feature", "properties": { "element": "node", "id": 9370158488, "amenity": null, "shop": null, "name": "Refteck Solutions Limited" }, "geometry": { "type": "Point", "coordinates": [ 73.2273563, 22.3190082 ] } },
{ "type": "Feature", "properties": { "element": "node", "id": 9518427104, "amenity": null, "shop": null, "name": "VG Engineers Pvt Ltd" }, "geometry": { "type": "Point", "coordinates": [ 73.1688228, 22.3546341 ] } },
{ "type": "Feature", "properties": { "element": "node", "id": 9536279861, "amenity": "hospital", "shop": null, "name": "Namah Orthodontic & Dental Clinic" }, "geometry": { "type": "Point", "coordinates": [ 73.1266739, 22.312052 ] } },
{ "type": "Feature", "properties": { "element": "node", "id": 9836013612, "amenity": null, "shop": null, "name": "Omikron Systems" }, "geometry": { "type": "Point", "coordinates": [ 73.1653847, 22.3042108 ] } },
{ "type": "Feature", "properties": { "element": "node", "id": 9874633176, "amenity": "hospital", "shop": null, "name": "Baroda Eye Institute" }, "geometry": { "type": "Point", "coordinates": [ 73.1995668, 22.3549875 ] } },
{ "type": "Feature", "properties": { "element": "node", "id": 10010404417, "amenity": null, "shop": null, "name": null }, "geometry": { "type": "Point", "coordinates": [ 73.1420451, 22.3920627 ] } },
{ "type": "Feature", "properties": { "element": "node", "id": 10010425134, "amenity": null, "shop": null, "name": "L& T" }, "geometry": { "type": "Point", "coordinates": [ 73.2304632, 22.2562518 ] } },
{ "type": "Feature", "properties": { "element": "node", "id": 10210135494, "amenity": "toilets", "shop": null, "name": null }, "geometry": { "type": "Point", "coordinates": [ 73.1968138, 22.2824471 ] } },
{ "type": "Feature", "properties": { "element": "node", "id": 10613564144, "amenity": "fast_food", "shop": null, "name": "inorbit" }, "geometry": { "type": "Point", "coordinates": [ 73.1654761, 22.3220925 ] } },
{ "type": "Feature", "properties": { "element": "node", "id": 10687949990, "amenity": "place_of_worship", "shop": null, "name": "BAPS SWAMINARAYA TEMPLE, VIJAYNAGAR" }, "geometry": { "type": "Point", "coordinates": [ 73.2170773, 22.2558484 ] } },
{ "type": "Feature", "properties": { "element": "node", "id": 10687963820, "amenity": null, "shop": null, "name": "Vijaynagar Garba Ground" }, "geometry": { "type": "Point", "coordinates": [ 73.218878, 22.256656 ] } },
{ "type": "Feature", "properties": { "element": "node", "id": 10687982654, "amenity": null, "shop": null, "name": "Ganga Sagar Society Playground" }, "geometry": { "type": "Point", "coordinates": [ 73.2107082, 22.2557183 ] } },
{ "type": "Feature", "properties": { "element": "node", "id": 10688399730, "amenity": "fuel", "shop": null, "name": "ESSAR Petrol station Susen Tarsali Ring Road" }, "geometry": { "type": "Point", "coordinates": [ 73.2071562, 22.2568283 ] } },
{ "type": "Feature", "properties": { "element": "node", "id": 10688399731, "amenity": "marketplace", "shop": null, "name": "Vegitable Market Tarsali" }, "geometry": { "type": "Point", "coordinates": [ 73.2148169, 22.2563634 ] } },
{ "type": "Feature", "properties": { "element": "node", "id": 10821087235, "amenity": "place_of_worship", "shop": null, "name": "Shree Hanuman mandir" }, "geometry": { "type": "Point", "coordinates": [ 73.2383002, 22.3003452 ] } },
{ "type": "Feature", "properties": { "element": "node", "id": 10821102211, "amenity": "school", "shop": null, "name": "Parth School of Science and competition" }, "geometry": { "type": "Point", "coordinates": [ 73.197968, 22.3269565 ] } },
{ "type": "Feature", "properties": { "element": "node", "id": 10852612902, "amenity": "clinic", "shop": null, "name": "Vinayak Ayurvedic Clinic" }, "geometry": { "type": "Point", "coordinates": [ 73.2521686, 22.2956889 ] } },
{ "type": "Feature", "properties": { "element": "node", "id": 10857591831, "amenity": null, "shop": null, "name": "SHREEJI ENGINEERING" }, "geometry": { "type": "Point", "coordinates": [ 73.08284, 22.2388297 ] } },
{ "type": "Feature", "properties": { "element": "node", "id": 10861056005, "amenity": "college", "shop": null, "name": "Vadodara institute of engineering" }, "geometry": { "type": "Point", "coordinates": [ 73.2048521, 22.3532346 ] } },
{ "type": "Feature", "properties": { "element": "node", "id": 10945733130, "amenity": null, "shop": "supermarket", "name": "Gelco Sales" }, "geometry": { "type": "Point", "coordinates": [ 73.1983893, 22.2994009 ] } },
{ "type": "Feature", "properties": { "element": "node", "id": 10967929053, "amenity": null, "shop": null, "name": "Harni Motnath Lake Zone" }, "geometry": { "type": "Point", "coordinates": [ 73.2192075, 22.3444604 ] } },
{ "type": "Feature", "properties": { "element": "node", "id": 10967935004, "amenity": null, "shop": null, "name": "Chatrapati Shivaji Maharaja Statue" }, "geometry": { "type": "Point", "coordinates": [ 73.1888937, 22.3111909 ] } },
{ "type": "Feature", "properties": { "element": "node", "id": 11098840405, "amenity": null, "shop": null, "name": "Near Golden Chowkdi, Aside RTO (06GJ) Office" }, "geometry": { "type": "Point", "coordinates": [ 73.2593453, 22.3479969 ] } },
{ "type": "Feature", "properties": { "element": "node", "id": 11099429857, "amenity": "place_of_worship", "shop": null, "name": "Chandramouleshwar mahadev temple" }, "geometry": { "type": "Point", "coordinates": [ 73.1747392, 22.3666206 ] } },
{ "type": "Feature", "properties": { "element": "node", "id": 11125359305, "amenity": "bus_station", "shop": null, "name": "Vadodara New Bus Station" }, "geometry": { "type": "Point", "coordinates": [ 73.1810522, 22.3135386 ] } },
{ "type": "Feature", "properties": { "element": "node", "id": 11138878132, "amenity": null, "shop": null, "name": null }, "geometry": { "type": "Point", "coordinates": [ 73.2290165, 22.3169712 ] } },
{ "type": "Feature", "properties": { "element": "node", "id": 11225974508, "amenity": "toilets", "shop": null, "name": "E Toilet" }, "geometry": { "type": "Point", "coordinates": [ 73.1836449, 22.3229129 ] } },
{ "type": "Feature", "properties": { "element": "node", "id": 11225974509, "amenity": "toilets", "shop": null, "name": "E Toilet" }, "geometry": { "type": "Point", "coordinates": [ 73.1786122, 22.3228812 ] } },
{ "type": "Feature", "properties": { "element": "node", "id": 11225974510, "amenity": "toilets", "shop": null, "name": "SBM" }, "geometry": { "type": "Point", "coordinates": [ 73.1773406, 22.3227681 ] } },
{ "type": "Feature", "properties": { "element": "node", "id": 11225974511, "amenity": "toilets", "shop": null, "name": "Bus Stand Public Toilet" }, "geometry": { "type": "Point", "coordinates": [ 73.1819864, 22.3135665 ] } },
{ "type": "Feature", "properties": { "element": "node", "id": 11225974512, "amenity": "toilets", "shop": null, "name": "Railway Station Public Toilet" }, "geometry": { "type": "Point", "coordinates": [ 73.1804257, 22.3117128 ] } },
{ "type": "Feature", "properties": { "element": "node", "id": 11225974513, "amenity": "toilets", "shop": null, "name": "Railway Station Public Toilet" }, "geometry": { "type": "Point", "coordinates": [ 73.1808475, 22.3099425 ] } },
{ "type": "Feature", "properties": { "element": "node", "id": 11225974514, "amenity": "toilets", "shop": null, "name": "City Bus Stand Public Toilet" }, "geometry": { "type": "Point", "coordinates": [ 73.1826782, 22.3103028 ] } },
{ "type": "Feature", "properties": { "element": "node", "id": 11225974515, "amenity": "toilets", "shop": null, "name": "E Toilet" }, "geometry": { "type": "Point", "coordinates": [ 73.1876177, 22.3109869 ] } },
{ "type": "Feature", "properties": { "element": "node", "id": 11226026164, "amenity": "toilets", "shop": null, "name": "Petrol pump toilet" }, "geometry": { "type": "Point", "coordinates": [ 73.1977331, 22.3237806 ] } },
{ "type": "Feature", "properties": { "element": "node", "id": 11226026165, "amenity": "toilets", "shop": null, "name": "SBM toilet" }, "geometry": { "type": "Point", "coordinates": [ 73.1881854, 22.3127749 ] } },
{ "type": "Feature", "properties": { "element": "node", "id": 11226026166, "amenity": "toilets", "shop": null, "name": "SBM toilet" }, "geometry": { "type": "Point", "coordinates": [ 73.1895626, 22.3155947 ] } },
{ "type": "Feature", "properties": { "element": "node", "id": 11226026167, "amenity": "toilets", "shop": null, "name": "SBM toilet" }, "geometry": { "type": "Point", "coordinates": [ 73.1896413, 22.3122427 ] } },
{ "type": "Feature", "properties": { "element": "node", "id": 11226026168, "amenity": "toilets", "shop": null, "name": "Petrol pump toilet" }, "geometry": { "type": "Point", "coordinates": [ 73.188541, 22.3238925 ] } },
{ "type": "Feature", "properties": { "element": "node", "id": 11226026169, "amenity": "toilets", "shop": null, "name": "mall toilet" }, "geometry": { "type": "Point", "coordinates": [ 73.1868585, 22.3227285 ] } },
{ "type": "Feature", "properties": { "element": "node", "id": 11226026170, "amenity": "toilets", "shop": null, "name": "SBM toilet" }, "geometry": { "type": "Point", "coordinates": [ 73.1973029, 22.3039602 ] } },
{ "type": "Feature", "properties": { "element": "node", "id": 11226026171, "amenity": "toilets", "shop": null, "name": "Petrol pump toilet" }, "geometry": { "type": "Point", "coordinates": [ 73.197860800000015, 22.3102935 ] } },
{ "type": "Feature", "properties": { "element": "node", "id": 11226026172, "amenity": "toilets", "shop": null, "name": "SBM toilet" }, "geometry": { "type": "Point", "coordinates": [ 73.1958783, 22.3253562 ] } },
{ "type": "Feature", "properties": { "element": "node", "id": 11226026173, "amenity": "toilets", "shop": null, "name": "e toilet" }, "geometry": { "type": "Point", "coordinates": [ 73.1957123, 22.3252527 ] } },
{ "type": "Feature", "properties": { "element": "node", "id": 11226026174, "amenity": "toilets", "shop": null, "name": "SBM toilet" }, "geometry": { "type": "Point", "coordinates": [ 73.1954656, 22.2997404 ] } },
{ "type": "Feature", "properties": { "element": "node", "id": 11226026175, "amenity": "toilets", "shop": null, "name": "SBM toilet" }, "geometry": { "type": "Point", "coordinates": [ 73.1985057, 22.3096946 ] } },
{ "type": "Feature", "properties": { "element": "node", "id": 11226083750, "amenity": "toilets", "shop": null, "name": "e toilet" }, "geometry": { "type": "Point", "coordinates": [ 73.1873791, 22.3165078 ] } },
{ "type": "Feature", "properties": { "element": "node", "id": 11226083751, "amenity": "toilets", "shop": null, "name": "SBM toilet" }, "geometry": { "type": "Point", "coordinates": [ 73.1871796, 22.3034056 ] } },
{ "type": "Feature", "properties": { "element": "node", "id": 11226083752, "amenity": "toilets", "shop": null, "name": "SBM toilet" }, "geometry": { "type": "Point", "coordinates": [ 73.1801786, 22.3066077 ] } },
{ "type": "Feature", "properties": { "element": "node", "id": 11226083753, "amenity": "toilets", "shop": null, "name": "SBM toilet" }, "geometry": { "type": "Point", "coordinates": [ 73.1770026, 22.2981151 ] } },
{ "type": "Feature", "properties": { "element": "node", "id": 11226083754, "amenity": "toilets", "shop": null, "name": "Railway station e toilet" }, "geometry": { "type": "Point", "coordinates": [ 73.1803921, 22.3091757 ] } },
{ "type": "Feature", "properties": { "element": "node", "id": 11226083755, "amenity": "toilets", "shop": null, "name": null }, "geometry": { "type": "Point", "coordinates": [ 73.1811587, 22.3104592 ] } },
{ "type": "Feature", "properties": { "element": "node", "id": 11226083756, "amenity": "toilets", "shop": null, "name": "Petrol pump toilet" }, "geometry": { "type": "Point", "coordinates": [ 73.189697, 22.3079417 ] } },
{ "type": "Feature", "properties": { "element": "node", "id": 11226083757, "amenity": "toilets", "shop": null, "name": "Petrol pump toilet" }, "geometry": { "type": "Point", "coordinates": [ 73.1925292, 22.3052603 ] } },
{ "type": "Feature", "properties": { "element": "node", "id": 11254409375, "amenity": "hospital", "shop": null, "name": "Rhythm Heart Institute" }, "geometry": { "type": "Point", "coordinates": [ 73.2049649, 22.337946 ] } },
{ "type": "Feature", "properties": { "element": "node", "id": 11330780431, "amenity": "school", "shop": null, "name": "Bharatiya Vidya Bhavan School" }, "geometry": { "type": "Point", "coordinates": [ 73.2042029, 22.2694516 ] } },
{ "type": "Feature", "properties": { "element": "node", "id": 11357841285, "amenity": null, "shop": null, "name": "Compucare India Pvt Ltd" }, "geometry": { "type": "Point", "coordinates": [ 73.1657755, 22.3108115 ] } },
{ "type": "Feature", "properties": { "element": "node", "id": 11502663110, "amenity": "restaurant", "shop": null, "name": "white house panjabi khana" }, "geometry": { "type": "Point", "coordinates": [ 73.2345593, 22.3008186 ] } },
{ "type": "Feature", "properties": { "element": "node", "id": 11684368832, "amenity": null, "shop": null, "name": "Socialee Vadodara" }, "geometry": { "type": "Point", "coordinates": [ 73.1722115, 22.3107193 ] } },
{ "type": "Feature", "properties": { "element": "node", "id": 11740714451, "amenity": "doctors", "shop": null, "name": "Joshi orthodontic & Implant dental care" }, "geometry": { "type": "Point", "coordinates": [ 73.2130865, 22.3197001 ] } },
{ "type": "Feature", "properties": { "element": "node", "id": 11751460156, "amenity": null, "shop": null, "name": "VRUUX ABHIZHEK" }, "geometry": { "type": "Point", "coordinates": [ 73.1850695, 22.3090124 ] } },
{ "type": "Feature", "properties": { "element": "node", "id": 11782556286, "amenity": null, "shop": "jewelry", "name": "Ashray Jewellers (Panvadwala)" }, "geometry": { "type": "Point", "coordinates": [ 73.2087854, 22.2999053 ] } },
{ "type": "Feature", "properties": { "element": "node", "id": 11799688569, "amenity": null, "shop": null, "name": "द फर्न" }, "geometry": { "type": "Point", "coordinates": [ 73.1775773, 22.3027947 ] } },
{ "type": "Feature", "properties": { "element": "node", "id": 11828290807, "amenity": null, "shop": "sports", "name": "Decathlon" }, "geometry": { "type": "Point", "coordinates": [ 73.1125841, 22.3197532 ] } },
{ "type": "Feature", "properties": { "element": "node", "id": 11846307578, "amenity": "post_office", "shop": null, "name": "Maneja Sub Post office" }, "geometry": { "type": "Point", "coordinates": [ 73.184012, 22.2373013 ] } },
{ "type": "Feature", "properties": { "element": "node", "id": 11903995932, "amenity": null, "shop": "computer", "name": "Shree Technology" }, "geometry": { "type": "Point", "coordinates": [ 73.1454364, 22.3359898 ] } },
{ "type": "Feature", "properties": { "element": "node", "id": 12017447993, "amenity": null, "shop": "convenience", "name": "SHREE JAGDISH FARSAN MART No.1" }, "geometry": { "type": "Point", "coordinates": [ 73.2044829, 22.3025891 ] } },
{ "type": "Feature", "properties": { "element": "node", "id": 12243087141, "amenity": null, "shop": null, "name": "Dipika Garden" }, "geometry": { "type": "Point", "coordinates": [ 73.209101500000017, 22.3215707 ] } },
{ "type": "Feature", "properties": { "element": "node", "id": 12536061332, "amenity": "place_of_worship", "shop": null, "name": "Pataliya Hanuman Mandir" }, "geometry": { "type": "Point", "coordinates": [ 73.0931093, 22.245659 ] } },
{ "type": "Feature", "properties": { "element": "node", "id": 12625137525, "amenity": "restaurant", "shop": null, "name": "Pizza Hut" }, "geometry": { "type": "Point", "coordinates": [ 73.1990179, 22.3556978 ] } },
{ "type": "Feature", "properties": { "element": "node", "id": 12625137530, "amenity": "restaurant", "shop": null, "name": "La Pino'z Pizza" }, "geometry": { "type": "Point", "coordinates": [ 73.199322, 22.3552119 ] } },
{ "type": "Feature", "properties": { "element": "node", "id": 12625137531, "amenity": "restaurant", "shop": null, "name": "Kathiyawadi Village Restaurant" }, "geometry": { "type": "Point", "coordinates": [ 73.1995678, 22.3547799 ] } },
{ "type": "Feature", "properties": { "element": "node", "id": 12775741784, "amenity": "cafe", "shop": null, "name": "chaibugssilverserenity" }, "geometry": { "type": "Point", "coordinates": [ 73.1957193, 22.2703265 ] } },
{ "type": "Feature", "properties": { "element": "node", "id": 12828864337, "amenity": "restaurant", "shop": null, "name": "22nd Parallel" }, "geometry": { "type": "Point", "coordinates": [ 73.1980237, 22.3213033 ] } },
{ "type": "Feature", "properties": { "element": "node", "id": 12830392193, "amenity": null, "shop": "clothes", "name": "Westside" }, "geometry": { "type": "Point", "coordinates": [ 73.1579653, 22.3125518 ] } },
{ "type": "Feature", "properties": { "element": "node", "id": 12830392197, "amenity": "restaurant", "shop": null, "name": "Shree Kathiyawadi Khadki" }, "geometry": { "type": "Point", "coordinates": [ 73.1587158, 22.312363 ] } },
{ "type": "Feature", "properties": { "element": "node", "id": 12830605052, "amenity": "toilets", "shop": null, "name": null }, "geometry": { "type": "Point", "coordinates": [ 73.1712999, 22.3254677 ] } },
{ "type": "Feature", "properties": { "element": "node", "id": 12830605067, "amenity": "toilets", "shop": null, "name": null }, "geometry": { "type": "Point", "coordinates": [ 73.1713117, 22.3254501 ] } },
{ "type": "Feature", "properties": { "element": "node", "id": 12837150857, "amenity": null, "shop": "mobile_phone", "name": "Vivo" }, "geometry": { "type": "Point", "coordinates": [ 73.2297903, 22.3020534 ] } },
{ "type": "Feature", "properties": { "element": "node", "id": 12849288684, "amenity": null, "shop": "tea", "name": "Shree Ravechi Super Store" }, "geometry": { "type": "Point", "coordinates": [ 73.2164436, 22.3332616 ] } },
{ "type": "Feature", "properties": { "element": "node", "id": 12849288691, "amenity": "car_wash", "shop": null, "name": "A+ Car Detailing Studio" }, "geometry": { "type": "Point", "coordinates": [ 73.2159062, 22.3332371 ] } },
{ "type": "Feature", "properties": { "element": "node", "id": 12849288699, "amenity": null, "shop": "general", "name": "Shree Ravechi Super Store" }, "geometry": { "type": "Point", "coordinates": [ 73.2164248, 22.3332301 ] } },
{ "type": "Feature", "properties": { "element": "node", "id": 12849288700, "amenity": null, "shop": "stationery", "name": "Veena Books and Stationary" }, "geometry": { "type": "Point", "coordinates": [ 73.2165652, 22.333461199999988 ] } },
{ "type": "Feature", "properties": { "element": "node", "id": 12849288801, "amenity": "fast_food", "shop": null, "name": "The Gossip Cafe" }, "geometry": { "type": "Point", "coordinates": [ 73.2164008, 22.3331958 ] } },
{ "type": "Feature", "properties": { "element": "node", "id": 12849288805, "amenity": "pharmacy", "shop": null, "name": "Shree Ram Pharmacy" }, "geometry": { "type": "Point", "coordinates": [ 73.2165836, 22.3334977 ] } },
{ "type": "Feature", "properties": { "element": "node", "id": 12849288810, "amenity": "toilets", "shop": null, "name": null }, "geometry": { "type": "Point", "coordinates": [ 73.2173149, 22.3374985 ] } },
{ "type": "Feature", "properties": { "element": "node", "id": 12850024944, "amenity": "pharmacy", "shop": null, "name": "Shiv Pharmacy" }, "geometry": { "type": "Point", "coordinates": [ 73.2172204, 22.3345386 ] } },
{ "type": "Feature", "properties": { "element": "node", "id": 12850024945, "amenity": "dentist", "shop": null, "name": "Ishwar Dental Clinic" }, "geometry": { "type": "Point", "coordinates": [ 73.2172086, 22.3345152 ] } },
{ "type": "Feature", "properties": { "element": "node", "id": 12851174945, "amenity": "toilets", "shop": null, "name": null }, "geometry": { "type": "Point", "coordinates": [ 73.2176575, 22.3387897 ] } },
{ "type": "Feature", "properties": { "element": "node", "id": 12852240991, "amenity": null, "shop": "general", "name": "Madhuvan Super Store" }, "geometry": { "type": "Point", "coordinates": [ 73.2155783, 22.3325488 ] } },
{ "type": "Feature", "properties": { "element": "node", "id": 12852240992, "amenity": null, "shop": "general", "name": "Vinayak Provision Store" }, "geometry": { "type": "Point", "coordinates": [ 73.2155616, 22.332479 ] } },
{ "type": "Feature", "properties": { "element": "node", "id": 12852240993, "amenity": null, "shop": "furniture", "name": "Maruti Lining & Furniture" }, "geometry": { "type": "Point", "coordinates": [ 73.2155084, 22.332323 ] } },
{ "type": "Feature", "properties": { "element": "node", "id": 12852240994, "amenity": null, "shop": "dairy", "name": "Baroda Dairy Parlour" }, "geometry": { "type": "Point", "coordinates": [ 73.2155479, 22.3324443 ] } },
{ "type": "Feature", "properties": { "element": "node", "id": 13142189759, "amenity": "hospital", "shop": null, "name": "Vala Eye Centre" }, "geometry": { "type": "Point", "coordinates": [ 73.139332200000013, 22.3151561 ] } },
{ "type": "Feature", "properties": { "element": "node", "id": 13149452440, "amenity": null, "shop": null, "name": "Indian Transport Corporation" }, "geometry": { "type": "Point", "coordinates": [ 73.253692, 22.3328863 ] } },
{ "type": "Feature", "properties": { "element": "node", "id": 13149521937, "amenity": "fuel", "shop": null, "name": "Pioneer Petrol Pump" }, "geometry": { "type": "Point", "coordinates": [ 73.2627442, 22.3282563 ] } },
{ "type": "Feature", "properties": { "element": "node", "id": 13256737903, "amenity": "drinking_water", "shop": null, "name": null }, "geometry": { "type": "Point", "coordinates": [ 73.1806686, 22.308826 ] } },
{ "type": "Feature", "properties": { "element": "node", "id": 13452357930, "amenity": "fast_food", "shop": null, "name": null }, "geometry": { "type": "Point", "coordinates": [ 73.1807805, 22.3109005 ] } },
{ "type": "Feature", "properties": { "element": "node", "id": 13452357948, "amenity": "fast_food", "shop": null, "name": null }, "geometry": { "type": "Point", "coordinates": [ 73.1806628, 22.3119175 ] } },
{ "type": "Feature", "properties": { "element": "node", "id": 13452359454, "amenity": "fast_food", "shop": null, "name": null }, "geometry": { "type": "Point", "coordinates": [ 73.180876400000017, 22.3103772 ] } },
{ "type": "Feature", "properties": { "element": "node", "id": 13452359456, "amenity": "fast_food", "shop": null, "name": "Food Track" }, "geometry": { "type": "Point", "coordinates": [ 73.1808887, 22.3097972 ] } },
{ "type": "Feature", "properties": { "element": "node", "id": 13452359463, "amenity": "toilets", "shop": null, "name": null }, "geometry": { "type": "Point", "coordinates": [ 73.1808907, 22.3090995 ] } },
{ "type": "Feature", "properties": { "element": "node", "id": 13452359464, "amenity": "device_charging_station", "shop": null, "name": null }, "geometry": { "type": "Point", "coordinates": [ 73.1808868, 22.3093454 ] } },
{ "type": "Feature", "properties": { "element": "node", "id": 13452359465, "amenity": "fast_food", "shop": null, "name": "Rail Aahar" }, "geometry": { "type": "Point", "coordinates": [ 73.1808844, 22.3095157 ] } },
{ "type": "Feature", "properties": { "element": "node", "id": 13452359466, "amenity": "fast_food", "shop": null, "name": null }, "geometry": { "type": "Point", "coordinates": [ 73.1808746, 22.3088411 ] } },
{ "type": "Feature", "properties": { "element": "node", "id": 13452359467, "amenity": "drinking_water", "shop": null, "name": null }, "geometry": { "type": "Point", "coordinates": [ 73.1808863, 22.3092027 ] } },
{ "type": "Feature", "properties": { "element": "node", "id": 13517936135, "amenity": "hospital", "shop": null, "name": "smile dental care" }, "geometry": { "type": "Point", "coordinates": [ 73.1375669, 22.307212899999989 ] } },
{ "type": "Feature", "properties": { "element": "node", "id": 13519678145, "amenity": "fast_food", "shop": null, "name": "Rail Aahar" }, "geometry": { "type": "Point", "coordinates": [ 73.1805244, 22.3114482 ] } },
{ "type": "Feature", "properties": { "element": "node", "id": 13519678148, "amenity": "fast_food", "shop": null, "name": "Rail Aahar" }, "geometry": { "type": "Point", "coordinates": [ 73.1805548, 22.3108873 ] } },
{ "type": "Feature", "properties": { "element": "node", "id": 13519678151, "amenity": "drinking_water", "shop": null, "name": null }, "geometry": { "type": "Point", "coordinates": [ 73.1805853, 22.3105719 ] } },
{ "type": "Feature", "properties": { "element": "node", "id": 13519678154, "amenity": "fast_food", "shop": null, "name": null }, "geometry": { "type": "Point", "coordinates": [ 73.1805681, 22.3107618 ] } },
{ "type": "Feature", "properties": { "element": "node", "id": 13519678161, "amenity": "drinking_water", "shop": null, "name": null }, "geometry": { "type": "Point", "coordinates": [ 73.1806576, 22.3085112 ] } },
{ "type": "Feature", "properties": { "element": "node", "id": 13519678162, "amenity": "waste_basket", "shop": null, "name": null }, "geometry": { "type": "Point", "coordinates": [ 73.1806551, 22.3084646 ] } },
{ "type": "Feature", "properties": { "element": "node", "id": 13519678164, "amenity": null, "shop": "convenience", "name": "A.H. Wheeler and Company Private Limited" }, "geometry": { "type": "Point", "coordinates": [ 73.1806568, 22.30849 ] } },
{ "type": "Feature", "properties": { "element": "node", "id": 13519678168, "amenity": "toilets", "shop": null, "name": null }, "geometry": { "type": "Point", "coordinates": [ 73.1804782, 22.3120432 ] } },
{ "type": "Feature", "properties": { "element": "node", "id": 13519678169, "amenity": "fast_food", "shop": null, "name": null }, "geometry": { "type": "Point", "coordinates": [ 73.1805941, 22.310446 ] } },
{ "type": "Feature", "properties": { "element": "node", "id": 13525554171, "amenity": null, "shop": null, "name": "DSIT Solutions" }, "geometry": { "type": "Point", "coordinates": [ 73.1941138, 22.2554394 ] } },
{ "type": "Feature", "properties": { "element": "node", "id": 13647220601, "amenity": null, "shop": "paint", "name": "Shivam Colour Studio" }, "geometry": { "type": "Point", "coordinates": [ 73.2128133, 22.3423125 ] } },
{ "type": "Feature", "properties": { "element": "node", "id": 13672131801, "amenity": null, "shop": null, "name": null }, "geometry": { "type": "Point", "coordinates": [ 73.1918013, 22.2936686 ] } },
{ "type": "Feature", "properties": { "element": "node", "id": 13672131901, "amenity": null, "shop": null, "name": null }, "geometry": { "type": "Point", "coordinates": [ 73.1916617, 22.344471 ] } },
{ "type": "Feature", "properties": { "element": "node", "id": 13687122201, "amenity": null, "shop": "cheese", "name": "Bubu's home" }, "geometry": { "type": "Point", "coordinates": [ 73.2004114, 22.2998961 ] } },
{ "type": "Feature", "properties": { "element": "node", "id": 13718227777, "amenity": "hospital", "shop": null, "name": "Dr. Shivam Shah | Orthopedic, Robotic Knee & Hip Replacement Surgeon In Vadodara" }, "geometry": { "type": "Point", "coordinates": [ 73.2001577, 22.276556 ] } },
{ "type": "Feature", "properties": { "element": "node", "id": 13745897001, "amenity": "place_of_worship", "shop": null, "name": "Shri Adinath Jain Derasar" }, "geometry": { "type": "Point", "coordinates": [ 73.1794397, 22.3340603 ] } },
{ "type": "Feature", "properties": { "element": "node", "id": 13745897002, "amenity": "place_of_worship", "shop": null, "name": "Shri Adinath Jain Derasar" }, "geometry": { "type": "Point", "coordinates": [ 73.1794397, 22.3340603 ] } },
{ "type": "Feature", "properties": { "element": "node", "id": 13852310971, "amenity": null, "shop": null, "name": "Mark Digital" }, "geometry": { "type": "Point", "coordinates": [ 73.1519972, 22.2945783 ] } },
{ "type": "Feature", "properties": { "element": "node", "id": 13938015401, "amenity": "place_of_worship", "shop": null, "name": "Hanuman mandir" }, "geometry": { "type": "Point", "coordinates": [ 73.201870500000012, 22.2667245 ] } },
{ "type": "Feature", "properties": { "element": "node", "id": 13938015501, "amenity": "school", "shop": null, "name": "Don Bosco high school" }, "geometry": { "type": "Point", "coordinates": [ 73.1998751, 22.2665485 ] } },
{ "type": "Feature", "properties": { "element": "node", "id": 13948463581, "amenity": null, "shop": "clothes", "name": null }, "geometry": { "type": "Point", "coordinates": [ 73.1808896, 22.309655299999989 ] } },
{ "type": "Feature", "properties": { "element": "node", "id": 13948463582, "amenity": "drinking_water", "shop": null, "name": null }, "geometry": { "type": "Point", "coordinates": [ 73.1809053, 22.3094655 ] } },
{ "type": "Feature", "properties": { "element": "node", "id": 13948463808, "amenity": "device_charging_station", "shop": null, "name": null }, "geometry": { "type": "Point", "coordinates": [ 73.1804329, 22.3096082 ] } },
{ "type": "Feature", "properties": { "element": "node", "id": 13948464096, "amenity": "fast_food", "shop": null, "name": "Rail Aahar" }, "geometry": { "type": "Point", "coordinates": [ 73.1806728, 22.3095185 ] } },
{ "type": "Feature", "properties": { "element": "node", "id": 13948464274, "amenity": "drinking_water", "shop": null, "name": null }, "geometry": { "type": "Point", "coordinates": [ 73.1806763, 22.3092802 ] } },
{ "type": "Feature", "properties": { "element": "node", "id": 13948464325, "amenity": "clock", "shop": null, "name": null }, "geometry": { "type": "Point", "coordinates": [ 73.1808294, 22.3095653 ] } },
{ "type": "Feature", "properties": { "element": "node", "id": 13970132197, "amenity": null, "shop": "clothes", "name": "Westside" }, "geometry": { "type": "Point", "coordinates": [ 73.1686212, 22.3109237 ] } },
{ "type": "Feature", "properties": { "element": "node", "id": 13982099367, "amenity": "place_of_worship", "shop": null, "name": "New Sama Road cha Raja" }, "geometry": { "type": "Point", "coordinates": [ 73.1901313, 22.3490225 ] } },
{ "type": "Feature", "properties": { "element": "node", "id": 14005748676, "amenity": "restaurant", "shop": null, "name": "22nd Parallel" }, "geometry": { "type": "Point", "coordinates": [ 73.1679354, 22.3081975 ] } },
{ "type": "Feature", "properties": { "element": "node", "id": 14005748677, "amenity": "restaurant", "shop": null, "name": "Oven Magick" }, "geometry": { "type": "Point", "coordinates": [ 73.1679354, 22.3081975 ] } },
{ "type": "Feature", "properties": { "element": "node", "id": 14005921574, "amenity": null, "shop": "clothes", "name": "Marks And Spencers" }, "geometry": { "type": "Point", "coordinates": [ 73.1659713, 22.3223466 ] } },
{ "type": "Feature", "properties": { "element": "node", "id": 14005921575, "amenity": null, "shop": "clothes", "name": "Rare Rabbit" }, "geometry": { "type": "Point", "coordinates": [ 73.1661469, 22.322426 ] } },
{ "type": "Feature", "properties": { "element": "node", "id": 14005944265, "amenity": "restaurant", "shop": null, "name": "Belgian Waffle" }, "geometry": { "type": "Point", "coordinates": [ 73.1655956, 22.3225129 ] } },
{ "type": "Feature", "properties": { "element": "node", "id": 14005944266, "amenity": "restaurant", "shop": null, "name": "Kulcha & More" }, "geometry": { "type": "Point", "coordinates": [ 73.1655874, 22.3224751 ] } },
{ "type": "Feature", "properties": { "element": "node", "id": 14005944267, "amenity": "restaurant", "shop": null, "name": "Momos Eatery" }, "geometry": { "type": "Point", "coordinates": [ 73.1655425, 22.3224336 ] } },
{ "type": "Feature", "properties": { "element": "node", "id": 14005944268, "amenity": null, "shop": "toys", "name": "Hamleys" }, "geometry": { "type": "Point", "coordinates": [ 73.165714, 22.3225772 ] } },
{ "type": "Feature", "properties": { "element": "node", "id": 14005944269, "amenity": "food_court", "shop": null, "name": "Inorbit Mall Food Court" }, "geometry": { "type": "Point", "coordinates": [ 73.1654854, 22.3224714 ] } },
{ "type": "Feature", "properties": { "element": "node", "id": 14005944270, "amenity": "fast_food", "shop": null, "name": "McDonald's" }, "geometry": { "type": "Point", "coordinates": [ 73.1653669, 22.3224487 ] } },
{ "type": "Feature", "properties": { "element": "node", "id": 14005944271, "amenity": "restaurant", "shop": null, "name": "Chatoree" }, "geometry": { "type": "Point", "coordinates": [ 73.1653016, 22.3223958 ] } },
{ "type": "Feature", "properties": { "element": "node", "id": 14005944272, "amenity": "restaurant", "shop": null, "name": "Pizza Hut" }, "geometry": { "type": "Point", "coordinates": [ 73.1652118, 22.3223807 ] } },
{ "type": "Feature", "properties": { "element": "node", "id": 14005944273, "amenity": "fast_food", "shop": null, "name": "Subway" }, "geometry": { "type": "Point", "coordinates": [ 73.1652199, 22.3222446 ] } },
{ "type": "Feature", "properties": { "element": "node", "id": 14005944274, "amenity": "restaurant", "shop": null, "name": "South Bombay" }, "geometry": { "type": "Point", "coordinates": [ 73.1653179, 22.3221728 ] } },
{ "type": "Feature", "properties": { "element": "node", "id": 14005944275, "amenity": "restaurant", "shop": null, "name": "Keventers" }, "geometry": { "type": "Point", "coordinates": [ 73.1653179, 22.3219574 ] } },
{ "type": "Feature", "properties": { "element": "node", "id": 14005944276, "amenity": "restaurant", "shop": null, "name": "Boston Chicken" }, "geometry": { "type": "Point", "coordinates": [ 73.1653547, 22.3217646 ] } },
{ "type": "Feature", "properties": { "element": "node", "id": 14005944277, "amenity": "ice_cream", "shop": null, "name": "Twisting Scoop" }, "geometry": { "type": "Point", "coordinates": [ 73.1653261, 22.3221728 ] } },
{ "type": "Feature", "properties": { "element": "node", "id": 14005944278, "amenity": "ice_cream", "shop": null, "name": "Baskin-Robbins" }, "geometry": { "type": "Point", "coordinates": [ 73.1656813, 22.3222748 ] } },
{ "type": "Feature", "properties": { "element": "node", "id": 14005944279, "amenity": null, "shop": "books", "name": "Crossword Bookstores" }, "geometry": { "type": "Point", "coordinates": [ 73.1658243, 22.3225356 ] } },
{ "type": "Feature", "properties": { "element": "node", "id": 14005944280, "amenity": null, "shop": "clothes", "name": "Gini & Jony" }, "geometry": { "type": "Point", "coordinates": [ 73.1658365, 22.3223315 ] } },
{ "type": "Feature", "properties": { "element": "node", "id": 14022966601, "amenity": null, "shop": null, "name": "Exxat Systems Pvt. Ltd." }, "geometry": { "type": "Point", "coordinates": [ 73.160666300000017, 22.3178509 ] } },
{ "type": "Feature", "properties": { "element": "node", "id": 14045253112, "amenity": "school", "shop": null, "name": "Mahapura Sevasi High School" }, "geometry": { "type": "Point", "coordinates": [ 73.120713, 22.3181684 ] } },
{ "type": "Feature", "properties": { "element": "node", "id": 14051439668, "amenity": "fast_food", "shop": null, "name": "MotaBhai Cholebhature" }, "geometry": { "type": "Point", "coordinates": [ 73.1875942, 22.3086877 ] } },
{ "type": "Feature", "properties": { "element": "node", "id": 14058729731, "amenity": "fast_food", "shop": null, "name": "Rail Aahar" }, "geometry": { "type": "Point", "coordinates": [ 73.1806724, 22.3088611 ] } },
{ "type": "Feature", "properties": { "element": "node", "id": 14058729732, "amenity": "fast_food", "shop": null, "name": "Rail Aahar" }, "geometry": { "type": "Point", "coordinates": [ 73.1805335, 22.3111481 ] } },
{ "type": "Feature", "properties": { "element": "node", "id": 14058729736, "amenity": "fast_food", "shop": null, "name": "Rail Aahar" }, "geometry": { "type": "Point", "coordinates": [ 73.1806027, 22.3103416 ] } },
{ "type": "Feature", "properties": { "element": "node", "id": 14058729738, "amenity": "fast_food", "shop": null, "name": "Rail Aahar" }, "geometry": { "type": "Point", "coordinates": [ 73.1805441, 22.3110236 ] } },
{ "type": "Feature", "properties": { "element": "node", "id": 14058729739, "amenity": "fast_food", "shop": null, "name": "Rail Aahar" }, "geometry": { "type": "Point", "coordinates": [ 73.180655, 22.30973 ] } },
{ "type": "Feature", "properties": { "element": "node", "id": 14060923415, "amenity": "hospital", "shop": null, "name": "Sehat Diagnostics" }, "geometry": { "type": "Point", "coordinates": [ 73.2216954, 22.300102 ] } },
{ "type": "Feature", "properties": { "element": "node", "id": 14060923439, "amenity": "library", "shop": null, "name": "Dr J.S. Bandukwala Library" }, "geometry": { "type": "Point", "coordinates": [ 73.2132302, 22.2964275 ] } },
{ "type": "Feature", "properties": { "element": "node", "id": 14119883418, "amenity": null, "shop": null, "name": "Stanza Living Auckland House | PG in Waghodia Road" }, "geometry": { "type": "Point", "coordinates": [ 73.2815397, 22.2917328 ] } },
{ "type": "Feature", "properties": { "element": "node", "id": 14168843086, "amenity": "place_of_worship", "shop": null, "name": "Jagnath Mahadev Mandir, Vadodara" }, "geometry": { "type": "Point", "coordinates": [ 73.1668782, 22.269849 ] } },
{ "type": "Feature", "properties": { "element": "node", "id": 14182676242, "amenity": "restaurant", "shop": null, "name": "Fabsscoop" }, "geometry": { "type": "Point", "coordinates": [ 73.2129259, 22.3425166 ] } },
{ "type": "Feature", "properties": { "element": "relation", "id": 9973270, "amenity": null, "shop": null, "name": null }, "geometry": { "type": "Point", "coordinates": [ 73.188568041587985, 22.31525031634639 ] } },
{ "type": "Feature", "properties": { "element": "relation", "id": 9973271, "amenity": null, "shop": null, "name": null }, "geometry": { "type": "Point", "coordinates": [ 73.188557989008842, 22.315231526958613 ] } },
{ "type": "Feature", "properties": { "element": "relation", "id": 9973275, "amenity": null, "shop": null, "name": "Sayaji Baug Zoo" }, "geometry": { "type": "Point", "coordinates": [ 73.191899021326108, 22.312764839611134 ] } },
{ "type": "Feature", "properties": { "element": "relation", "id": 9973276, "amenity": null, "shop": null, "name": "Sayaji Baug" }, "geometry": { "type": "Point", "coordinates": [ 73.189979341508291, 22.313135298828797 ] } },
{ "type": "Feature", "properties": { "element": "relation", "id": 17678054, "amenity": null, "shop": null, "name": null }, "geometry": { "type": "Point", "coordinates": [ 73.184755963758519, 22.271307768475094 ] } },
{ "type": "Feature", "properties": { "element": "relation", "id": 18806550, "amenity": null, "shop": null, "name": null }, "geometry": { "type": "Point", "coordinates": [ 73.233584482106124, 22.294830963693453 ] } },
{ "type": "Feature", "properties": { "element": "way", "id": 28813921, "amenity": null, "shop": null, "name": "Gujarat Load Dispatch Center" }, "geometry": { "type": "Point", "coordinates": [ 73.191777598933115, 22.215293347986464 ] } },
{ "type": "Feature", "properties": { "element": "way", "id": 28878723, "amenity": null, "shop": null, "name": "Fertilizer Nagar" }, "geometry": { "type": "Point", "coordinates": [ 73.157409868332607, 22.371216444104345 ] } },
{ "type": "Feature", "properties": { "element": "way", "id": 28879927, "amenity": null, "shop": null, "name": "Jawahar Nagar" }, "geometry": { "type": "Point", "coordinates": [ 73.123847328192184, 22.388249096636361 ] } },
{ "type": "Feature", "properties": { "element": "way", "id": 28881121, "amenity": null, "shop": null, "name": "Nandesari II" }, "geometry": { "type": "Point", "coordinates": [ 73.103024402788108, 22.393675576944155 ] } },
{ "type": "Feature", "properties": { "element": "way", "id": 28927217, "amenity": null, "shop": null, "name": null }, "geometry": { "type": "Point", "coordinates": [ 73.175949300002657, 22.231341299880054 ] } },
{ "type": "Feature", "properties": { "element": "way", "id": 28927992, "amenity": null, "shop": null, "name": null }, "geometry": { "type": "Point", "coordinates": [ 73.177008077695731, 22.243582719437214 ] } },
{ "type": "Feature", "properties": { "element": "way", "id": 28938083, "amenity": null, "shop": null, "name": null }, "geometry": { "type": "Point", "coordinates": [ 73.189384784139548, 22.276672271285804 ] } },
{ "type": "Feature", "properties": { "element": "way", "id": 28938123, "amenity": null, "shop": null, "name": "Lalbaug" }, "geometry": { "type": "Point", "coordinates": [ 73.19943338134982, 22.282524000959476 ] } },
{ "type": "Feature", "properties": { "element": "way", "id": 29108300, "amenity": null, "shop": null, "name": "GIPCL" }, "geometry": { "type": "Point", "coordinates": [ 73.102032690567256, 22.377104369211548 ] } },
{ "type": "Feature", "properties": { "element": "way", "id": 29317624, "amenity": "prison", "shop": null, "name": null }, "geometry": { "type": "Point", "coordinates": [ 73.187702882881212, 22.301393448381326 ] } },
{ "type": "Feature", "properties": { "element": "way", "id": 29548039, "amenity": null, "shop": null, "name": null }, "geometry": { "type": "Point", "coordinates": [ 73.145918323097476, 22.376444894548474 ] } },
{ "type": "Feature", "properties": { "element": "way", "id": 29549167, "amenity": null, "shop": null, "name": "Akota Stadium" }, "geometry": { "type": "Point", "coordinates": [ 73.170655543589191, 22.29671558767502 ] } },
{ "type": "Feature", "properties": { "element": "way", "id": 29549540, "amenity": null, "shop": null, "name": "Akota Garden" }, "geometry": { "type": "Point", "coordinates": [ 73.172057988736398, 22.293382939220812 ] } },
{ "type": "Feature", "properties": { "element": "way", "id": 29550600, "amenity": "parking", "shop": null, "name": null }, "geometry": { "type": "Point", "coordinates": [ 73.215739672565519, 22.328797285151559 ] } },
{ "type": "Feature", "properties": { "element": "way", "id": 29718285, "amenity": null, "shop": null, "name": null }, "geometry": { "type": "Point", "coordinates": [ 73.178279054873329, 22.335194323763019 ] } },
{ "type": "Feature", "properties": { "element": "way", "id": 29874116, "amenity": null, "shop": null, "name": "Chhani-B" }, "geometry": { "type": "Point", "coordinates": [ 73.176093681095594, 22.346773431118027 ] } },
{ "type": "Feature", "properties": { "element": "way", "id": 29874491, "amenity": null, "shop": null, "name": "Chhani-A" }, "geometry": { "type": "Point", "coordinates": [ 73.169196583752452, 22.354762998641505 ] } },
{ "type": "Feature", "properties": { "element": "way", "id": 29898694, "amenity": null, "shop": null, "name": null }, "geometry": { "type": "Point", "coordinates": [ 73.162701618483084, 22.322113516231372 ] } },
{ "type": "Feature", "properties": { "element": "way", "id": 29910144, "amenity": null, "shop": null, "name": "Koyali" }, "geometry": { "type": "Point", "coordinates": [ 73.121658108430438, 22.361098698198916 ] } },
{ "type": "Feature", "properties": { "element": "way", "id": 29910451, "amenity": null, "shop": null, "name": null }, "geometry": { "type": "Point", "coordinates": [ 73.127677413894162, 22.365641656667208 ] } },
{ "type": "Feature", "properties": { "element": "way", "id": 29911103, "amenity": null, "shop": null, "name": null }, "geometry": { "type": "Point", "coordinates": [ 73.164721656540323, 22.301200858881895 ] } },
{ "type": "Feature", "properties": { "element": "way", "id": 52256660, "amenity": null, "shop": null, "name": null }, "geometry": { "type": "Point", "coordinates": [ 73.235881104066664, 22.309971690260724 ] } },
{ "type": "Feature", "properties": { "element": "way", "id": 135719942, "amenity": "school", "shop": null, "name": "Anand Vidya Vihar" }, "geometry": { "type": "Point", "coordinates": [ 73.154568479062803, 22.314164343516435 ] } },
{ "type": "Feature", "properties": { "element": "way", "id": 135720191, "amenity": "cinema", "shop": null, "name": "Inox Multiplex" }, "geometry": { "type": "Point", "coordinates": [ 73.157579556377343, 22.312864138474144 ] } },
{ "type": "Feature", "properties": { "element": "way", "id": 190934692, "amenity": "university", "shop": null, "name": "Maharaja Sayajirao University" }, "geometry": { "type": "Point", "coordinates": [ 73.185134784362717, 22.312563515038057 ] } },
{ "type": "Feature", "properties": { "element": "way", "id": 191695173, "amenity": null, "shop": null, "name": "Laxmi Vilas Rao Palace" }, "geometry": { "type": "Point", "coordinates": [ 73.188712424235703, 22.291217296939397 ] } },
{ "type": "Feature", "properties": { "element": "way", "id": 191695175, "amenity": "college", "shop": null, "name": "Faculty of Arts" }, "geometry": { "type": "Point", "coordinates": [ 73.185885993336967, 22.30987881649197 ] } },
{ "type": "Feature", "properties": { "element": "way", "id": 225645173, "amenity": null, "shop": null, "name": "Suryanarayan Baug" }, "geometry": { "type": "Point", "coordinates": [ 73.197103604755981, 22.303519624235186 ] } },
{ "type": "Feature", "properties": { "element": "way", "id": 225645698, "amenity": null, "shop": null, "name": "Police Grounds" }, "geometry": { "type": "Point", "coordinates": [ 73.196629804519588, 22.302662074728641 ] } },
{ "type": "Feature", "properties": { "element": "way", "id": 225647690, "amenity": null, "shop": null, "name": "Kothi Tele Exchange" }, "geometry": { "type": "Point", "coordinates": [ 73.19364462749364, 22.302973740631554 ] } },
{ "type": "Feature", "properties": { "element": "way", "id": 225705759, "amenity": "library", "shop": null, "name": "TK Gajjar Library" }, "geometry": { "type": "Point", "coordinates": [ 73.196169591012676, 22.29636856680014 ] } },
{ "type": "Feature", "properties": { "element": "way", "id": 225754286, "amenity": "cafe", "shop": null, "name": "Nescafe" }, "geometry": { "type": "Point", "coordinates": [ 73.196521949999806, 22.296573699998614 ] } },
{ "type": "Feature", "properties": { "element": "way", "id": 225757361, "amenity": "parking", "shop": null, "name": "Cement Parking" }, "geometry": { "type": "Point", "coordinates": [ 73.196418413002093, 22.298231507011856 ] } },
{ "type": "Feature", "properties": { "element": "way", "id": 225758336, "amenity": null, "shop": null, "name": "Main Ground" }, "geometry": { "type": "Point", "coordinates": [ 73.196406809730107, 22.297742077229049 ] } },
{ "type": "Feature", "properties": { "element": "way", "id": 225758337, "amenity": "university", "shop": null, "name": "Faculty of Technology and Engineering MSU" }, "geometry": { "type": "Point", "coordinates": [ 73.197104668103378, 22.297317626659105 ] } },
{ "type": "Feature", "properties": { "element": "way", "id": 225760125, "amenity": null, "shop": null, "name": "Badamdi Baug" }, "geometry": { "type": "Point", "coordinates": [ 73.195388063972032, 22.299133822813417 ] } },
{ "type": "Feature", "properties": { "element": "way", "id": 225762287, "amenity": null, "shop": null, "name": "Jubeli Baug" }, "geometry": { "type": "Point", "coordinates": [ 73.204729947814641, 22.303157575915442 ] } },
{ "type": "Feature", "properties": { "element": "way", "id": 225762288, "amenity": "townhall", "shop": null, "name": "Mahatma Gandhi Nagar Gruh" }, "geometry": { "type": "Point", "coordinates": [ 73.205200091033262, 22.302629902366341 ] } },
{ "type": "Feature", "properties": { "element": "way", "id": 225762872, "amenity": "bank", "shop": null, "name": "Punjab National Bank" }, "geometry": { "type": "Point", "coordinates": [ 73.204136185491464, 22.303784997138155 ] } },
{ "type": "Feature", "properties": { "element": "way", "id": 226887170, "amenity": null, "shop": null, "name": null }, "geometry": { "type": "Point", "coordinates": [ 73.181132720575874, 22.239242001330908 ] } },
{ "type": "Feature", "properties": { "element": "way", "id": 229082087, "amenity": null, "shop": null, "name": null }, "geometry": { "type": "Point", "coordinates": [ 73.189951895377689, 22.293224726640542 ] } },
{ "type": "Feature", "properties": { "element": "way", "id": 229082088, "amenity": "fountain", "shop": null, "name": null }, "geometry": { "type": "Point", "coordinates": [ 73.189937357070306, 22.293952043979747 ] } },
{ "type": "Feature", "properties": { "element": "way", "id": 229082092, "amenity": "bus_station", "shop": null, "name": "City Bus Stand Vadodara" }, "geometry": { "type": "Point", "coordinates": [ 73.182663479064516, 22.310235223167943 ] } },
{ "type": "Feature", "properties": { "element": "way", "id": 242832355, "amenity": "place_of_worship", "shop": null, "name": "Jumma Masjid" }, "geometry": { "type": "Point", "coordinates": [ 73.210401425272124, 22.299468758394625 ] } },
{ "type": "Feature", "properties": { "element": "way", "id": 295557045, "amenity": "school", "shop": null, "name": "Little Flowers School" }, "geometry": { "type": "Point", "coordinates": [ 73.190408383222604, 22.275026615400343 ] } },
{ "type": "Feature", "properties": { "element": "way", "id": 295575032, "amenity": "hospital", "shop": null, "name": "Bankers Heart Institute" }, "geometry": { "type": "Point", "coordinates": [ 73.164126541675884, 22.297314177354952 ] } },
{ "type": "Feature", "properties": { "element": "way", "id": 295576628, "amenity": null, "shop": null, "name": "Experimental School Playground" }, "geometry": { "type": "Point", "coordinates": [ 73.182553822720905, 22.311644192621031 ] } },
{ "type": "Feature", "properties": { "element": "way", "id": 295576629, "amenity": "college", "shop": null, "name": "Faculty of Law" }, "geometry": { "type": "Point", "coordinates": [ 73.182623020292539, 22.312165126592983 ] } },
{ "type": "Feature", "properties": { "element": "way", "id": 295576630, "amenity": "college", "shop": null, "name": "Faculty of Education and Psychology" }, "geometry": { "type": "Point", "coordinates": [ 73.183286066146252, 22.311475878878817 ] } },
{ "type": "Feature", "properties": { "element": "way", "id": 295576632, "amenity": null, "shop": null, "name": "Department of Microbiology and Biotechnology Center" }, "geometry": { "type": "Point", "coordinates": [ 73.183412652535011, 22.311838810964502 ] } },
{ "type": "Feature", "properties": { "element": "way", "id": 295576846, "amenity": "theatre", "shop": null, "name": "Prof C C Mehta Auditorium" }, "geometry": { "type": "Point", "coordinates": [ 73.183617107068983, 22.312781035317759 ] } },
{ "type": "Feature", "properties": { "element": "way", "id": 295577044, "amenity": "college", "shop": null, "name": "Faculty of Science" }, "geometry": { "type": "Point", "coordinates": [ 73.184898198847947, 22.311353113837729 ] } },
{ "type": "Feature", "properties": { "element": "way", "id": 295577401, "amenity": "parking", "shop": null, "name": "Taxi Parking" }, "geometry": { "type": "Point", "coordinates": [ 73.181237156865421, 22.310808602652244 ] } },
{ "type": "Feature", "properties": { "element": "way", "id": 295577830, "amenity": null, "shop": null, "name": "University Cricket Ground" }, "geometry": { "type": "Point", "coordinates": [ 73.184881028636539, 22.313467969817566 ] } },
{ "type": "Feature", "properties": { "element": "way", "id": 295579404, "amenity": "college", "shop": null, "name": "Faculty of Performing Arts" }, "geometry": { "type": "Point", "coordinates": [ 73.203029770239965, 22.29941506925346 ] } },
{ "type": "Feature", "properties": { "element": "way", "id": 295579451, "amenity": null, "shop": "mall", "name": "Padmavati Shopping Complex" }, "geometry": { "type": "Point", "coordinates": [ 73.205863792296768, 22.300409764525906 ] } },
{ "type": "Feature", "properties": { "element": "way", "id": 295582122, "amenity": "place_of_worship", "shop": null, "name": "Kashi Vishwanath Temple" }, "geometry": { "type": "Point", "coordinates": [ 73.194735246084107, 22.287171735049192 ] } },
{ "type": "Feature", "properties": { "element": "way", "id": 296171825, "amenity": "place_of_worship", "shop": null, "name": "Hanuman Temple" }, "geometry": { "type": "Point", "coordinates": [ 73.191721649999735, 22.277830850003649 ] } },
{ "type": "Feature", "properties": { "element": "way", "id": 296173847, "amenity": "place_of_worship", "shop": null, "name": "Jain Temple" }, "geometry": { "type": "Point", "coordinates": [ 73.194608903821987, 22.275849397889978 ] } },
{ "type": "Feature", "properties": { "element": "way", "id": 296174601, "amenity": "school", "shop": null, "name": "Shreyas School" }, "geometry": { "type": "Point", "coordinates": [ 73.198447100415564, 22.278095836487957 ] } },
{ "type": "Feature", "properties": { "element": "way", "id": 296175091, "amenity": null, "shop": null, "name": "Lalbaug Swimming Pool" }, "geometry": { "type": "Point", "coordinates": [ 73.203369622562093, 22.282392827423614 ] } },
{ "type": "Feature", "properties": { "element": "way", "id": 306572310, "amenity": null, "shop": null, "name": null }, "geometry": { "type": "Point", "coordinates": [ 73.198255689035463, 22.280788265144327 ] } },
{ "type": "Feature", "properties": { "element": "way", "id": 322435699, "amenity": null, "shop": null, "name": "Sardar Baug Swimming Pool" }, "geometry": { "type": "Point", "coordinates": [ 73.166900293916882, 22.313886915777861 ] } },
{ "type": "Feature", "properties": { "element": "way", "id": 322435708, "amenity": "place_of_worship", "shop": null, "name": "Rosary Church" }, "geometry": { "type": "Point", "coordinates": [ 73.183804280894478, 22.318041346289775 ] } },
{ "type": "Feature", "properties": { "element": "way", "id": 322435710, "amenity": null, "shop": null, "name": "Rosary School Ground" }, "geometry": { "type": "Point", "coordinates": [ 73.183428090246238, 22.318913121862089 ] } },
{ "type": "Feature", "properties": { "element": "way", "id": 322435711, "amenity": "school", "shop": null, "name": "Rosary High School" }, "geometry": { "type": "Point", "coordinates": [ 73.1833511518373, 22.318441057135303 ] } },
{ "type": "Feature", "properties": { "element": "way", "id": 322435714, "amenity": null, "shop": null, "name": null }, "geometry": { "type": "Point", "coordinates": [ 73.182785106938496, 22.317863093098257 ] } },
{ "type": "Feature", "properties": { "element": "way", "id": 322435727, "amenity": null, "shop": null, "name": "Baroda Museum & Picture Gallery" }, "geometry": { "type": "Point", "coordinates": [ 73.188591288866206, 22.312013077438639 ] } },
{ "type": "Feature", "properties": { "element": "way", "id": 322435728, "amenity": null, "shop": null, "name": null }, "geometry": { "type": "Point", "coordinates": [ 73.184461619134012, 22.318772485535675 ] } },
{ "type": "Feature", "properties": { "element": "way", "id": 322435729, "amenity": null, "shop": "mall", "name": "Alkapuri Arcade" }, "geometry": { "type": "Point", "coordinates": [ 73.167334647018194, 22.310885083665653 ] } },
{ "type": "Feature", "properties": { "element": "way", "id": 322435730, "amenity": "fire_station", "shop": null, "name": "Vadiwadi Fire Sation" }, "geometry": { "type": "Point", "coordinates": [ 73.166516734490429, 22.314728701450953 ] } },
{ "type": "Feature", "properties": { "element": "way", "id": 322435731, "amenity": "place_of_worship", "shop": null, "name": "EME Temple" }, "geometry": { "type": "Point", "coordinates": [ 73.191656111233613, 22.331618127763608 ] } },
{ "type": "Feature", "properties": { "element": "way", "id": 322435736, "amenity": null, "shop": null, "name": "Gujarat Urja Vikas Nigam" }, "geometry": { "type": "Point", "coordinates": [ 73.164430607763464, 22.310361024464477 ] } },
{ "type": "Feature", "properties": { "element": "way", "id": 327916533, "amenity": null, "shop": null, "name": null }, "geometry": { "type": "Point", "coordinates": [ 73.176435023311697, 22.296427632661491 ] } },
{ "type": "Feature", "properties": { "element": "way", "id": 360101206, "amenity": "school", "shop": null, "name": null }, "geometry": { "type": "Point", "coordinates": [ 73.203819149804275, 22.321625149984637 ] } },
{ "type": "Feature", "properties": { "element": "way", "id": 384817440, "amenity": "school", "shop": null, "name": "Tejas School Ground" }, "geometry": { "type": "Point", "coordinates": [ 73.158776697782059, 22.317476053461931 ] } },
{ "type": "Feature", "properties": { "element": "way", "id": 387303151, "amenity": null, "shop": "mall", "name": "Inorbit" }, "geometry": { "type": "Point", "coordinates": [ 73.165683382079337, 22.322161975500705 ] } },
{ "type": "Feature", "properties": { "element": "way", "id": 390194867, "amenity": null, "shop": null, "name": null }, "geometry": { "type": "Point", "coordinates": [ 73.170036454511703, 22.287820776866546 ] } },
{ "type": "Feature", "properties": { "element": "way", "id": 390194904, "amenity": null, "shop": null, "name": null }, "geometry": { "type": "Point", "coordinates": [ 73.171460335435739, 22.287111608887049 ] } },
{ "type": "Feature", "properties": { "element": "way", "id": 415852173, "amenity": null, "shop": null, "name": null }, "geometry": { "type": "Point", "coordinates": [ 73.188894963516432, 22.350773559483201 ] } },
{ "type": "Feature", "properties": { "element": "way", "id": 415852176, "amenity": null, "shop": null, "name": null }, "geometry": { "type": "Point", "coordinates": [ 73.205601176671706, 22.350528674919452 ] } },
{ "type": "Feature", "properties": { "element": "way", "id": 415852177, "amenity": null, "shop": null, "name": null }, "geometry": { "type": "Point", "coordinates": [ 73.198105628216993, 22.350357153400576 ] } },
{ "type": "Feature", "properties": { "element": "way", "id": 415852178, "amenity": null, "shop": null, "name": null }, "geometry": { "type": "Point", "coordinates": [ 73.202723015416908, 22.350423285646833 ] } },
{ "type": "Feature", "properties": { "element": "way", "id": 415852179, "amenity": null, "shop": null, "name": null }, "geometry": { "type": "Point", "coordinates": [ 73.195379799769938, 22.350477109573301 ] } },
{ "type": "Feature", "properties": { "element": "way", "id": 415852180, "amenity": null, "shop": null, "name": null }, "geometry": { "type": "Point", "coordinates": [ 73.179276399966483, 22.350386800519914 ] } },
{ "type": "Feature", "properties": { "element": "way", "id": 415852181, "amenity": null, "shop": null, "name": null }, "geometry": { "type": "Point", "coordinates": [ 73.174481299838689, 22.3505936560728 ] } },
{ "type": "Feature", "properties": { "element": "way", "id": 415852182, "amenity": null, "shop": null, "name": null }, "geometry": { "type": "Point", "coordinates": [ 73.177056499923665, 22.350484002923853 ] } },
{ "type": "Feature", "properties": { "element": "way", "id": 415852184, "amenity": null, "shop": null, "name": null }, "geometry": { "type": "Point", "coordinates": [ 73.192116149569117, 22.35057515573699 ] } },
{ "type": "Feature", "properties": { "element": "way", "id": 415852187, "amenity": null, "shop": null, "name": null }, "geometry": { "type": "Point", "coordinates": [ 73.199923941815982, 22.350338775143676 ] } },
{ "type": "Feature", "properties": { "element": "way", "id": 415852194, "amenity": null, "shop": null, "name": null }, "geometry": { "type": "Point", "coordinates": [ 73.183269511612352, 22.350674758457625 ] } },
{ "type": "Feature", "properties": { "element": "way", "id": 415852195, "amenity": null, "shop": null, "name": null }, "geometry": { "type": "Point", "coordinates": [ 73.189994422294362, 22.350375752768265 ] } },
{ "type": "Feature", "properties": { "element": "way", "id": 415852203, "amenity": null, "shop": null, "name": "Vadodara Power Plant" }, "geometry": { "type": "Point", "coordinates": [ 73.101225838581442, 22.37647802582584 ] } },
{ "type": "Feature", "properties": { "element": "way", "id": 415852204, "amenity": null, "shop": null, "name": "GSFC" }, "geometry": { "type": "Point", "coordinates": [ 73.156571099234839, 22.371681150361724 ] } },
{ "type": "Feature", "properties": { "element": "way", "id": 415852205, "amenity": null, "shop": null, "name": "Gorwa" }, "geometry": { "type": "Point", "coordinates": [ 73.151138306216808, 22.329607976211289 ] } },
{ "type": "Feature", "properties": { "element": "way", "id": 415856477, "amenity": null, "shop": null, "name": "Gotri" }, "geometry": { "type": "Point", "coordinates": [ 73.144104773047701, 22.311393892749908 ] } },
{ "type": "Feature", "properties": { "element": "way", "id": 430360080, "amenity": null, "shop": null, "name": null }, "geometry": { "type": "Point", "coordinates": [ 73.163579790380169, 22.322113567902772 ] } },
{ "type": "Feature", "properties": { "element": "way", "id": 430360082, "amenity": null, "shop": null, "name": "Khatamba" }, "geometry": { "type": "Point", "coordinates": [ 73.269507302687231, 22.294103129589828 ] } },
{ "type": "Feature", "properties": { "element": "way", "id": 431733570, "amenity": null, "shop": null, "name": null }, "geometry": { "type": "Point", "coordinates": [ 73.212985339729912, 22.315925471458041 ] } },
{ "type": "Feature", "properties": { "element": "way", "id": 431733572, "amenity": null, "shop": null, "name": null }, "geometry": { "type": "Point", "coordinates": [ 73.212867416061826, 22.314167148503188 ] } },
{ "type": "Feature", "properties": { "element": "way", "id": 431733574, "amenity": null, "shop": null, "name": null }, "geometry": { "type": "Point", "coordinates": [ 73.174695655554757, 22.288514717362993 ] } },
{ "type": "Feature", "properties": { "element": "way", "id": 431733575, "amenity": null, "shop": null, "name": null }, "geometry": { "type": "Point", "coordinates": [ 73.206136099474108, 22.30841850824617 ] } },
{ "type": "Feature", "properties": { "element": "way", "id": 442156396, "amenity": "school", "shop": null, "name": "Baroda High School Danteshwar" }, "geometry": { "type": "Point", "coordinates": [ 73.214142053904794, 22.273389776136472 ] } },
{ "type": "Feature", "properties": { "element": "way", "id": 442156399, "amenity": null, "shop": null, "name": "Madhav Rao Sindhiya Stadium" }, "geometry": { "type": "Point", "coordinates": [ 73.214031410663367, 22.278877253186824 ] } },
{ "type": "Feature", "properties": { "element": "way", "id": 442156400, "amenity": null, "shop": null, "name": "Divisonal Railway Managers Office" }, "geometry": { "type": "Point", "coordinates": [ 73.211617735622156, 22.277965428481014 ] } },
{ "type": "Feature", "properties": { "element": "way", "id": 442156412, "amenity": "school", "shop": null, "name": "Kendriya Vidhyala No.4, ONGC" }, "geometry": { "type": "Point", "coordinates": [ 73.207218685345964, 22.27702190554454 ] } },
{ "type": "Feature", "properties": { "element": "way", "id": 442156413, "amenity": null, "shop": null, "name": "Oil and Natural Gos Corporation" }, "geometry": { "type": "Point", "coordinates": [ 73.207274035391436, 22.272586234086393 ] } },
{ "type": "Feature", "properties": { "element": "way", "id": 442156414, "amenity": "school", "shop": null, "name": "Baroda High School ONGC" }, "geometry": { "type": "Point", "coordinates": [ 73.212653885270356, 22.270839620331422 ] } },
{ "type": "Feature", "properties": { "element": "way", "id": 442156416, "amenity": null, "shop": "dairy", "name": "Baroda Dairy Parlour" }, "geometry": { "type": "Point", "coordinates": [ 73.204230235496809, 22.271844942124563 ] } },
{ "type": "Feature", "properties": { "element": "way", "id": 442156427, "amenity": "police", "shop": null, "name": "Police Headquaters Partapnagar" }, "geometry": { "type": "Point", "coordinates": [ 73.208989456035113, 22.279810730467471 ] } },
{ "type": "Feature", "properties": { "element": "way", "id": 442156430, "amenity": null, "shop": null, "name": "Railway Swimming Pool" }, "geometry": { "type": "Point", "coordinates": [ 73.212912315266323, 22.277419367939125 ] } },
{ "type": "Feature", "properties": { "element": "way", "id": 442156432, "amenity": null, "shop": null, "name": "Railway Stadium" }, "geometry": { "type": "Point", "coordinates": [ 73.214019967717419, 22.278866087033919 ] } },
{ "type": "Feature", "properties": { "element": "way", "id": 461930974, "amenity": "bank", "shop": null, "name": "ICICI Bank" }, "geometry": { "type": "Point", "coordinates": [ 73.16533385000524, 22.306946149990164 ] } },
{ "type": "Feature", "properties": { "element": "way", "id": 464261825, "amenity": "library", "shop": null, "name": "Central Library old" }, "geometry": { "type": "Point", "coordinates": [ 73.210431815865661, 22.301116953667659 ] } },
{ "type": "Feature", "properties": { "element": "way", "id": 491002283, "amenity": "parking", "shop": null, "name": null }, "geometry": { "type": "Point", "coordinates": [ 73.117435334547594, 22.3944734190578 ] } },
{ "type": "Feature", "properties": { "element": "way", "id": 492169558, "amenity": null, "shop": null, "name": null }, "geometry": { "type": "Point", "coordinates": [ 73.212091783948239, 22.332770775518895 ] } },
{ "type": "Feature", "properties": { "element": "way", "id": 496025427, "amenity": null, "shop": "mall", "name": "Vadodara Central Mall" }, "geometry": { "type": "Point", "coordinates": [ 73.169892949790935, 22.317138671511675 ] } },
{ "type": "Feature", "properties": { "element": "way", "id": 505211411, "amenity": "fuel", "shop": null, "name": "Adani cng" }, "geometry": { "type": "Point", "coordinates": [ 73.155136473543777, 22.379560693242802 ] } },
{ "type": "Feature", "properties": { "element": "way", "id": 556906050, "amenity": null, "shop": null, "name": "Dumad chokdi" }, "geometry": { "type": "Point", "coordinates": [ 73.189360438834782, 22.366787944573737 ] } },
{ "type": "Feature", "properties": { "element": "way", "id": 565159180, "amenity": "courthouse", "shop": null, "name": "Nyay Mandir" }, "geometry": { "type": "Point", "coordinates": [ 73.205951533843148, 22.299553513549046 ] } },
{ "type": "Feature", "properties": { "element": "way", "id": 565159181, "amenity": "courthouse", "shop": null, "name": "Lal court" }, "geometry": { "type": "Point", "coordinates": [ 73.204928780529968, 22.299224410082218 ] } },
{ "type": "Feature", "properties": { "element": "way", "id": 565159422, "amenity": "motorcycle_parking", "shop": null, "name": null }, "geometry": { "type": "Point", "coordinates": [ 73.206428084483463, 22.300277546576215 ] } },
{ "type": "Feature", "properties": { "element": "way", "id": 626648903, "amenity": "place_of_worship", "shop": null, "name": "Laxminarayan Temple" }, "geometry": { "type": "Point", "coordinates": [ 73.186494413884063, 22.280220746262525 ] } },
{ "type": "Feature", "properties": { "element": "way", "id": 658361184, "amenity": null, "shop": null, "name": "GERI Campus" }, "geometry": { "type": "Point", "coordinates": [ 73.162332390861067, 22.313245647730941 ] } },
{ "type": "Feature", "properties": { "element": "way", "id": 676223345, "amenity": "cafe", "shop": null, "name": "Nescafe" }, "geometry": { "type": "Point", "coordinates": [ 73.1852046522325, 22.311930892938797 ] } },
{ "type": "Feature", "properties": { "element": "way", "id": 678277833, "amenity": "university", "shop": null, "name": "Navrachana University" }, "geometry": { "type": "Point", "coordinates": [ 73.122089232135352, 22.292862580555187 ] } },
{ "type": "Feature", "properties": { "element": "way", "id": 678277834, "amenity": "university", "shop": null, "name": null }, "geometry": { "type": "Point", "coordinates": [ 73.122560977298676, 22.292504431126261 ] } },
{ "type": "Feature", "properties": { "element": "way", "id": 678277952, "amenity": "parking", "shop": null, "name": null }, "geometry": { "type": "Point", "coordinates": [ 73.121767206530563, 22.293268750478088 ] } },
{ "type": "Feature", "properties": { "element": "way", "id": 678463135, "amenity": "courthouse", "shop": null, "name": "Vadodara District & Sessions Court" }, "geometry": { "type": "Point", "coordinates": [ 73.160153271895382, 22.305219735211786 ] } },
{ "type": "Feature", "properties": { "element": "way", "id": 700289962, "amenity": null, "shop": null, "name": "Our Gym" }, "geometry": { "type": "Point", "coordinates": [ 73.165272921775497, 22.297644097161136 ] } },
{ "type": "Feature", "properties": { "element": "way", "id": 719056961, "amenity": null, "shop": null, "name": "Band Stand" }, "geometry": { "type": "Point", "coordinates": [ 73.188550328156111, 22.31523169324954 ] } },
{ "type": "Feature", "properties": { "element": "way", "id": 719056980, "amenity": null, "shop": null, "name": null }, "geometry": { "type": "Point", "coordinates": [ 73.188379904668835, 22.312966661022465 ] } },
{ "type": "Feature", "properties": { "element": "way", "id": 719056986, "amenity": null, "shop": null, "name": null }, "geometry": { "type": "Point", "coordinates": [ 73.188401835174446, 22.316299577179301 ] } },
{ "type": "Feature", "properties": { "element": "way", "id": 719056995, "amenity": null, "shop": null, "name": "Clock Garden" }, "geometry": { "type": "Point", "coordinates": [ 73.188614703599441, 22.313188008495995 ] } },
{ "type": "Feature", "properties": { "element": "way", "id": 719056997, "amenity": null, "shop": null, "name": null }, "geometry": { "type": "Point", "coordinates": [ 73.189120312422645, 22.310535329370904 ] } },
{ "type": "Feature", "properties": { "element": "way", "id": 719057023, "amenity": null, "shop": null, "name": null }, "geometry": { "type": "Point", "coordinates": [ 73.188091679789409, 22.308936448242331 ] } },
{ "type": "Feature", "properties": { "element": "way", "id": 719057024, "amenity": null, "shop": null, "name": null }, "geometry": { "type": "Point", "coordinates": [ 73.193036395224027, 22.314029478242656 ] } },
{ "type": "Feature", "properties": { "element": "way", "id": 719461162, "amenity": null, "shop": null, "name": null }, "geometry": { "type": "Point", "coordinates": [ 73.19099212512846, 22.293474413906374 ] } },
{ "type": "Feature", "properties": { "element": "way", "id": 719461163, "amenity": null, "shop": null, "name": null }, "geometry": { "type": "Point", "coordinates": [ 73.191016175005331, 22.294326163835667 ] } },
{ "type": "Feature", "properties": { "element": "way", "id": 719461166, "amenity": "parking", "shop": null, "name": null }, "geometry": { "type": "Point", "coordinates": [ 73.192307976323349, 22.295249741675558 ] } },
{ "type": "Feature", "properties": { "element": "way", "id": 719461170, "amenity": null, "shop": null, "name": null }, "geometry": { "type": "Point", "coordinates": [ 73.19341070413833, 22.289474814854241 ] } },
{ "type": "Feature", "properties": { "element": "way", "id": 719461173, "amenity": null, "shop": null, "name": null }, "geometry": { "type": "Point", "coordinates": [ 73.189938771147453, 22.289736345966087 ] } },
{ "type": "Feature", "properties": { "element": "way", "id": 719461177, "amenity": "parking", "shop": null, "name": null }, "geometry": { "type": "Point", "coordinates": [ 73.192260690323238, 22.294161785161986 ] } },
{ "type": "Feature", "properties": { "element": "way", "id": 719461180, "amenity": null, "shop": null, "name": null }, "geometry": { "type": "Point", "coordinates": [ 73.192510174632318, 22.293787381640009 ] } },
{ "type": "Feature", "properties": { "element": "way", "id": 719461181, "amenity": null, "shop": null, "name": null }, "geometry": { "type": "Point", "coordinates": [ 73.192291779864931, 22.293741239802269 ] } },
{ "type": "Feature", "properties": { "element": "way", "id": 719461183, "amenity": null, "shop": null, "name": null }, "geometry": { "type": "Point", "coordinates": [ 73.191445874545167, 22.294134490936244 ] } },
{ "type": "Feature", "properties": { "element": "way", "id": 730443598, "amenity": null, "shop": null, "name": null }, "geometry": { "type": "Point", "coordinates": [ 73.188742564221201, 22.313017136624254 ] } },
{ "type": "Feature", "properties": { "element": "way", "id": 730443603, "amenity": "planetarium", "shop": null, "name": "Sardar Patel Planetarium" }, "geometry": { "type": "Point", "coordinates": [ 73.189380551330487, 22.309379596884874 ] } },
{ "type": "Feature", "properties": { "element": "way", "id": 730443606, "amenity": null, "shop": null, "name": null }, "geometry": { "type": "Point", "coordinates": [ 73.189048291751774, 22.309657175165306 ] } },
{ "type": "Feature", "properties": { "element": "way", "id": 735437244, "amenity": "hospital", "shop": null, "name": null }, "geometry": { "type": "Point", "coordinates": [ 73.16314124989519, 22.325402400114303 ] } },
{ "type": "Feature", "properties": { "element": "way", "id": 744557456, "amenity": "hospital", "shop": null, "name": null }, "geometry": { "type": "Point", "coordinates": [ 73.221355399994295, 22.299451950012621 ] } },
{ "type": "Feature", "properties": { "element": "way", "id": 745686114, "amenity": "hospital", "shop": null, "name": null }, "geometry": { "type": "Point", "coordinates": [ 73.221056199996823, 22.299103150006616 ] } },
{ "type": "Feature", "properties": { "element": "way", "id": 746007884, "amenity": "hospital", "shop": null, "name": null }, "geometry": { "type": "Point", "coordinates": [ 73.221426765839155, 22.299184780353983 ] } },
{ "type": "Feature", "properties": { "element": "way", "id": 769451686, "amenity": null, "shop": null, "name": null }, "geometry": { "type": "Point", "coordinates": [ 73.254887485768904, 22.323079725525204 ] } },
{ "type": "Feature", "properties": { "element": "way", "id": 829224619, "amenity": null, "shop": "mall", "name": "Bansal Mall" }, "geometry": { "type": "Point", "coordinates": [ 73.138109090674291, 22.303256986194111 ] } },
{ "type": "Feature", "properties": { "element": "way", "id": 829229724, "amenity": "school", "shop": null, "name": "Bright Day School" }, "geometry": { "type": "Point", "coordinates": [ 73.133736171524802, 22.290786605626188 ] } },
{ "type": "Feature", "properties": { "element": "way", "id": 839616082, "amenity": null, "shop": null, "name": "Avichal Udhyan (Diwalipura Garden)" }, "geometry": { "type": "Point", "coordinates": [ 73.156473816373691, 22.300475977664039 ] } },
{ "type": "Feature", "properties": { "element": "way", "id": 842245855, "amenity": null, "shop": null, "name": null }, "geometry": { "type": "Point", "coordinates": [ 73.113831549590415, 22.350538817134773 ] } },
{ "type": "Feature", "properties": { "element": "way", "id": 843200789, "amenity": null, "shop": null, "name": "NAIR Prohibationars Swimming Pool" }, "geometry": { "type": "Point", "coordinates": [ 73.19852278913423, 22.280973332054064 ] } },
{ "type": "Feature", "properties": { "element": "way", "id": 843200790, "amenity": "university", "shop": null, "name": "Gati Shakti Vishwavidyalaya" }, "geometry": { "type": "Point", "coordinates": [ 73.200211499886677, 22.281971760308988 ] } },
{ "type": "Feature", "properties": { "element": "way", "id": 843200792, "amenity": null, "shop": null, "name": "NAIR Tennis Court" }, "geometry": { "type": "Point", "coordinates": [ 73.200472197064784, 22.279789986283443 ] } },
{ "type": "Feature", "properties": { "element": "way", "id": 843200793, "amenity": null, "shop": null, "name": "National Rail and Transportation Institute" }, "geometry": { "type": "Point", "coordinates": [ 73.199688707685596, 22.282035013038236 ] } },
{ "type": "Feature", "properties": { "element": "way", "id": 843200794, "amenity": "events_venue", "shop": null, "name": "SardarPatel Sabhagriha" }, "geometry": { "type": "Point", "coordinates": [ 73.20069679676152, 22.281871264293947 ] } },
{ "type": "Feature", "properties": { "element": "way", "id": 843200795, "amenity": null, "shop": null, "name": "Pahune Hostel" }, "geometry": { "type": "Point", "coordinates": [ 73.201406746821405, 22.281805049033235 ] } },
{ "type": "Feature", "properties": { "element": "way", "id": 843200796, "amenity": null, "shop": null, "name": "Indian Railways NAIR Hostel" }, "geometry": { "type": "Point", "coordinates": [ 73.202146239478495, 22.281792920206247 ] } },
{ "type": "Feature", "properties": { "element": "way", "id": 843200797, "amenity": "food_court", "shop": null, "name": "Officers Mess NAIR" }, "geometry": { "type": "Point", "coordinates": [ 73.201184648792818, 22.281080445681976 ] } },
{ "type": "Feature", "properties": { "element": "way", "id": 843200798, "amenity": null, "shop": null, "name": "NAIR Badimintion Court" }, "geometry": { "type": "Point", "coordinates": [ 73.199639390366812, 22.279376168063816 ] } },
{ "type": "Feature", "properties": { "element": "way", "id": 843200811, "amenity": null, "shop": null, "name": "National High Speed Rail Corporation Institute" }, "geometry": { "type": "Point", "coordinates": [ 73.203266429972459, 22.281482961003732 ] } },
{ "type": "Feature", "properties": { "element": "way", "id": 843200812, "amenity": null, "shop": null, "name": "NAIR Sport Ground" }, "geometry": { "type": "Point", "coordinates": [ 73.199174848231578, 22.27966512949374 ] } },
{ "type": "Feature", "properties": { "element": "way", "id": 843200816, "amenity": null, "shop": null, "name": "NAIR Basketball Court" }, "geometry": { "type": "Point", "coordinates": [ 73.200084936317893, 22.279784547966905 ] } },
{ "type": "Feature", "properties": { "element": "way", "id": 843242886, "amenity": "hospital", "shop": null, "name": "Faith Hospital" }, "geometry": { "type": "Point", "coordinates": [ 73.224291036626227, 22.300637593005028 ] } },
{ "type": "Feature", "properties": { "element": "way", "id": 857200419, "amenity": null, "shop": null, "name": null }, "geometry": { "type": "Point", "coordinates": [ 73.20089583275805, 22.284089736447019 ] } },
{ "type": "Feature", "properties": { "element": "way", "id": 857200420, "amenity": null, "shop": null, "name": null }, "geometry": { "type": "Point", "coordinates": [ 73.198803923400433, 22.284107310315765 ] } },
{ "type": "Feature", "properties": { "element": "way", "id": 857200421, "amenity": "ice_cream", "shop": null, "name": "Mahavir Ice Cream" }, "geometry": { "type": "Point", "coordinates": [ 73.1952448513901, 22.278243002496055 ] } },
{ "type": "Feature", "properties": { "element": "way", "id": 857200422, "amenity": "place_of_worship", "shop": null, "name": "Shree Gowardhan Nathji Haveli" }, "geometry": { "type": "Point", "coordinates": [ 73.19557265980508, 22.277873112277511 ] } },
{ "type": "Feature", "properties": { "element": "way", "id": 857200423, "amenity": "school", "shop": null, "name": "Mahatma Gandhi Vidhyalaya" }, "geometry": { "type": "Point", "coordinates": [ 73.195966803062348, 22.278153477199663 ] } },
{ "type": "Feature", "properties": { "element": "way", "id": 857200424, "amenity": "fast_food", "shop": null, "name": "Rajdeep Khaman House" }, "geometry": { "type": "Point", "coordinates": [ 73.196134658040521, 22.278338973535302 ] } },
{ "type": "Feature", "properties": { "element": "way", "id": 870907566, "amenity": null, "shop": null, "name": "Vadodara canal,Sama" }, "geometry": { "type": "Point", "coordinates": [ 73.190107300757433, 22.350526674797472 ] } },
{ "type": "Feature", "properties": { "element": "way", "id": 891411181, "amenity": null, "shop": null, "name": "Vidhya Vihar School kakkasheri" }, "geometry": { "type": "Point", "coordinates": [ 73.156591422703897, 22.323829456108538 ] } },
{ "type": "Feature", "properties": { "element": "way", "id": 893997420, "amenity": null, "shop": null, "name": null }, "geometry": { "type": "Point", "coordinates": [ 73.184607237624803, 22.321196650447693 ] } },
{ "type": "Feature", "properties": { "element": "way", "id": 893997421, "amenity": null, "shop": null, "name": null }, "geometry": { "type": "Point", "coordinates": [ 73.184601850573202, 22.321190254626007 ] } },
{ "type": "Feature", "properties": { "element": "way", "id": 893997422, "amenity": null, "shop": null, "name": null }, "geometry": { "type": "Point", "coordinates": [ 73.18368237203606, 22.321209965710985 ] } },
{ "type": "Feature", "properties": { "element": "way", "id": 893997423, "amenity": null, "shop": null, "name": null }, "geometry": { "type": "Point", "coordinates": [ 73.186458549976749, 22.328602099987943 ] } },
{ "type": "Feature", "properties": { "element": "way", "id": 920074702, "amenity": "bus_station", "shop": null, "name": "City Bus Stand Vadodara" }, "geometry": { "type": "Point", "coordinates": [ 73.182076210077213, 22.31036778403255 ] } },
{ "type": "Feature", "properties": { "element": "way", "id": 920074703, "amenity": "bus_station", "shop": null, "name": "City Bus Stand Vadodara" }, "geometry": { "type": "Point", "coordinates": [ 73.182160936443935, 22.310349396459159 ] } },
{ "type": "Feature", "properties": { "element": "way", "id": 920074704, "amenity": "bus_station", "shop": null, "name": "City Bus Stand Vadodara" }, "geometry": { "type": "Point", "coordinates": [ 73.182259665953168, 22.310348586226525 ] } },
{ "type": "Feature", "properties": { "element": "way", "id": 920074705, "amenity": "bus_station", "shop": null, "name": "City Bus Stand Vadodara" }, "geometry": { "type": "Point", "coordinates": [ 73.182359606218739, 22.310311355172541 ] } },
{ "type": "Feature", "properties": { "element": "way", "id": 944622039, "amenity": null, "shop": null, "name": null }, "geometry": { "type": "Point", "coordinates": [ 73.189435149987361, 22.236093699971647 ] } },
{ "type": "Feature", "properties": { "element": "way", "id": 944622040, "amenity": null, "shop": null, "name": null }, "geometry": { "type": "Point", "coordinates": [ 73.189822899987647, 22.236050449973945 ] } },
{ "type": "Feature", "properties": { "element": "way", "id": 944622042, "amenity": null, "shop": null, "name": null }, "geometry": { "type": "Point", "coordinates": [ 73.189666727560535, 22.236320903533358 ] } },
{ "type": "Feature", "properties": { "element": "way", "id": 944622145, "amenity": null, "shop": null, "name": null }, "geometry": { "type": "Point", "coordinates": [ 73.21219995628401, 22.243767676143875 ] } },
{ "type": "Feature", "properties": { "element": "way", "id": 944622210, "amenity": null, "shop": null, "name": null }, "geometry": { "type": "Point", "coordinates": [ 73.201453699995739, 22.234535850023626 ] } },
{ "type": "Feature", "properties": { "element": "way", "id": 944632812, "amenity": null, "shop": null, "name": null }, "geometry": { "type": "Point", "coordinates": [ 73.259666013168186, 22.257470781963548 ] } },
{ "type": "Feature", "properties": { "element": "way", "id": 944632813, "amenity": null, "shop": null, "name": null }, "geometry": { "type": "Point", "coordinates": [ 73.258731834209726, 22.257010426321514 ] } },
{ "type": "Feature", "properties": { "element": "way", "id": 944632814, "amenity": null, "shop": null, "name": null }, "geometry": { "type": "Point", "coordinates": [ 73.258678835304707, 22.256270275358712 ] } },
{ "type": "Feature", "properties": { "element": "way", "id": 944632815, "amenity": null, "shop": null, "name": null }, "geometry": { "type": "Point", "coordinates": [ 73.258304785532687, 22.254961070372666 ] } },
{ "type": "Feature", "properties": { "element": "way", "id": 944632816, "amenity": null, "shop": null, "name": null }, "geometry": { "type": "Point", "coordinates": [ 73.259047665182564, 22.2545119423819 ] } },
{ "type": "Feature", "properties": { "element": "way", "id": 944632817, "amenity": null, "shop": null, "name": null }, "geometry": { "type": "Point", "coordinates": [ 73.259644407040199, 22.254149977776603 ] } },
{ "type": "Feature", "properties": { "element": "way", "id": 944632818, "amenity": null, "shop": null, "name": null }, "geometry": { "type": "Point", "coordinates": [ 73.258526833319863, 22.254678700053571 ] } },
{ "type": "Feature", "properties": { "element": "way", "id": 958731838, "amenity": "parking", "shop": null, "name": null }, "geometry": { "type": "Point", "coordinates": [ 73.218340837060779, 22.333371907732161 ] } },
{ "type": "Feature", "properties": { "element": "way", "id": 958731846, "amenity": "taxi", "shop": null, "name": "Taxis" }, "geometry": { "type": "Point", "coordinates": [ 73.217618575844924, 22.333682942796553 ] } },
{ "type": "Feature", "properties": { "element": "way", "id": 958731847, "amenity": "parking", "shop": null, "name": null }, "geometry": { "type": "Point", "coordinates": [ 73.216168579775811, 22.332580481284097 ] } },
{ "type": "Feature", "properties": { "element": "way", "id": 958731848, "amenity": null, "shop": null, "name": null }, "geometry": { "type": "Point", "coordinates": [ 73.216758308810086, 22.332759705239919 ] } },
{ "type": "Feature", "properties": { "element": "way", "id": 958731849, "amenity": null, "shop": null, "name": null }, "geometry": { "type": "Point", "coordinates": [ 73.217767360863192, 22.332864226591116 ] } },
{ "type": "Feature", "properties": { "element": "way", "id": 984758324, "amenity": "place_of_worship", "shop": null, "name": null }, "geometry": { "type": "Point", "coordinates": [ 73.253373548831703, 22.255603933639556 ] } },
{ "type": "Feature", "properties": { "element": "way", "id": 984765052, "amenity": "place_of_worship", "shop": null, "name": null }, "geometry": { "type": "Point", "coordinates": [ 73.27290953794801, 22.236976530434443 ] } },
{ "type": "Feature", "properties": { "element": "way", "id": 985352908, "amenity": null, "shop": null, "name": "Railway heritage park" }, "geometry": { "type": "Point", "coordinates": [ 73.210603957720565, 22.281172827323037 ] } },
{ "type": "Feature", "properties": { "element": "way", "id": 991881622, "amenity": null, "shop": null, "name": "Garden" }, "geometry": { "type": "Point", "coordinates": [ 73.144954907493982, 22.291590301078799 ] } },
{ "type": "Feature", "properties": { "element": "way", "id": 1003091523, "amenity": null, "shop": null, "name": null }, "geometry": { "type": "Point", "coordinates": [ 73.129684908319902, 22.362124053701084 ] } },
{ "type": "Feature", "properties": { "element": "way", "id": 1004410857, "amenity": null, "shop": null, "name": "Asoj" }, "geometry": { "type": "Point", "coordinates": [ 73.261647125546148, 22.366398232760933 ] } },
{ "type": "Feature", "properties": { "element": "way", "id": 1009227071, "amenity": null, "shop": null, "name": null }, "geometry": { "type": "Point", "coordinates": [ 73.129714547810039, 22.362125044666659 ] } },
{ "type": "Feature", "properties": { "element": "way", "id": 1009721561, "amenity": null, "shop": null, "name": null }, "geometry": { "type": "Point", "coordinates": [ 73.171191163588247, 22.296228231583573 ] } },
{ "type": "Feature", "properties": { "element": "way", "id": 1009721562, "amenity": null, "shop": null, "name": null }, "geometry": { "type": "Point", "coordinates": [ 73.160501794730564, 22.327063262043723 ] } },
{ "type": "Feature", "properties": { "element": "way", "id": 1009721563, "amenity": null, "shop": null, "name": null }, "geometry": { "type": "Point", "coordinates": [ 73.158955634170795, 22.327707000953446 ] } },
{ "type": "Feature", "properties": { "element": "way", "id": 1009721564, "amenity": null, "shop": null, "name": null }, "geometry": { "type": "Point", "coordinates": [ 73.158965950623582, 22.328473826487478 ] } },
{ "type": "Feature", "properties": { "element": "way", "id": 1009721566, "amenity": null, "shop": null, "name": null }, "geometry": { "type": "Point", "coordinates": [ 73.155414718631974, 22.320556774589626 ] } },
{ "type": "Feature", "properties": { "element": "way", "id": 1024632482, "amenity": "events_venue", "shop": null, "name": null }, "geometry": { "type": "Point", "coordinates": [ 73.201361004071984, 22.362481158255488 ] } },
{ "type": "Feature", "properties": { "element": "way", "id": 1024632484, "amenity": "events_venue", "shop": null, "name": null }, "geometry": { "type": "Point", "coordinates": [ 73.201708790076978, 22.362934324521305 ] } },
{ "type": "Feature", "properties": { "element": "way", "id": 1024632485, "amenity": "restaurant", "shop": null, "name": "Tarkari Restaurant" }, "geometry": { "type": "Point", "coordinates": [ 73.201693505192125, 22.362371692409063 ] } },
{ "type": "Feature", "properties": { "element": "way", "id": 1024632486, "amenity": null, "shop": null, "name": null }, "geometry": { "type": "Point", "coordinates": [ 73.201376598315491, 22.362750929321102 ] } },
{ "type": "Feature", "properties": { "element": "way", "id": 1024632487, "amenity": "events_venue", "shop": null, "name": null }, "geometry": { "type": "Point", "coordinates": [ 73.200463875201024, 22.36272290296241 ] } },
{ "type": "Feature", "properties": { "element": "way", "id": 1024632488, "amenity": "parking", "shop": null, "name": null }, "geometry": { "type": "Point", "coordinates": [ 73.200611325581889, 22.362038472881459 ] } },
{ "type": "Feature", "properties": { "element": "way", "id": 1024632489, "amenity": null, "shop": null, "name": "Banyan Paradise Resort" }, "geometry": { "type": "Point", "coordinates": [ 73.200978213071238, 22.362533102644136 ] } },
{ "type": "Feature", "properties": { "element": "way", "id": 1116322830, "amenity": null, "shop": null, "name": "Rani Baug" }, "geometry": { "type": "Point", "coordinates": [ 73.200225965854159, 22.281184545594325 ] } },
{ "type": "Feature", "properties": { "element": "way", "id": 1153426171, "amenity": "hospital", "shop": null, "name": null }, "geometry": { "type": "Point", "coordinates": [ 73.163154821099496, 22.325587821264897 ] } },
{ "type": "Feature", "properties": { "element": "way", "id": 1153428112, "amenity": "hospital", "shop": null, "name": null }, "geometry": { "type": "Point", "coordinates": [ 73.242646533232744, 22.293324149727287 ] } },
{ "type": "Feature", "properties": { "element": "way", "id": 1163533686, "amenity": "school", "shop": null, "name": "Shree Ambe Vidyalaya" }, "geometry": { "type": "Point", "coordinates": [ 73.250572861144164, 22.296928782175421 ] } },
{ "type": "Feature", "properties": { "element": "way", "id": 1163533838, "amenity": "food_court", "shop": null, "name": "Ratri bazaar" }, "geometry": { "type": "Point", "coordinates": [ 73.196801157245233, 22.325694023829641 ] } },
{ "type": "Feature", "properties": { "element": "way", "id": 1163629428, "amenity": null, "shop": null, "name": "Sherkhi" }, "geometry": { "type": "Point", "coordinates": [ 73.083010649910335, 22.337618650182911 ] } },
{ "type": "Feature", "properties": { "element": "way", "id": 1180990753, "amenity": null, "shop": null, "name": "Shivam Park" }, "geometry": { "type": "Point", "coordinates": [ 73.211798760260251, 22.335072345229545 ] } },
{ "type": "Feature", "properties": { "element": "way", "id": 1180996570, "amenity": "theatre", "shop": null, "name": "Kamati, Amphi" }, "geometry": { "type": "Point", "coordinates": [ 73.19010318723582, 22.311476586489967 ] } },
{ "type": "Feature", "properties": { "element": "way", "id": 1272468368, "amenity": null, "shop": null, "name": null }, "geometry": { "type": "Point", "coordinates": [ 73.185802916873996, 22.239489093408402 ] } },
{ "type": "Feature", "properties": { "element": "way", "id": 1272505471, "amenity": "marketplace", "shop": null, "name": "Vegetable market" }, "geometry": { "type": "Point", "coordinates": [ 73.188449800078899, 22.237211433398507 ] } },
{ "type": "Feature", "properties": { "element": "way", "id": 1275935403, "amenity": "bank", "shop": null, "name": "State Bank of India" }, "geometry": { "type": "Point", "coordinates": [ 73.180247453692445, 22.236723751554834 ] } },
{ "type": "Feature", "properties": { "element": "way", "id": 1275935405, "amenity": "school", "shop": null, "name": "Netaji School" }, "geometry": { "type": "Point", "coordinates": [ 73.183895817665146, 22.239118116901349 ] } },
{ "type": "Feature", "properties": { "element": "way", "id": 1289574490, "amenity": null, "shop": null, "name": null }, "geometry": { "type": "Point", "coordinates": [ 73.184756296102634, 22.271313881471766 ] } },
{ "type": "Feature", "properties": { "element": "way", "id": 1289574492, "amenity": null, "shop": null, "name": null }, "geometry": { "type": "Point", "coordinates": [ 73.183961649989669, 22.272109000054392 ] } },
{ "type": "Feature", "properties": { "element": "way", "id": 1298347636, "amenity": "parking", "shop": null, "name": null }, "geometry": { "type": "Point", "coordinates": [ 73.209400675976568, 22.284069648168991 ] } },
{ "type": "Feature", "properties": { "element": "way", "id": 1310948878, "amenity": null, "shop": null, "name": "Eugene Ground" }, "geometry": { "type": "Point", "coordinates": [ 73.188721926153292, 22.329130367892404 ] } },
{ "type": "Feature", "properties": { "element": "way", "id": 1366158043, "amenity": null, "shop": null, "name": "VMSS Sports complex, Waghodia" }, "geometry": { "type": "Point", "coordinates": [ 73.232922049986541, 22.294558450022222 ] } },
{ "type": "Feature", "properties": { "element": "way", "id": 1366158044, "amenity": null, "shop": null, "name": null }, "geometry": { "type": "Point", "coordinates": [ 73.232939474125743, 22.293921231695826 ] } },
{ "type": "Feature", "properties": { "element": "way", "id": 1366158045, "amenity": null, "shop": null, "name": null }, "geometry": { "type": "Point", "coordinates": [ 73.232906599956905, 22.295093549869602 ] } },
{ "type": "Feature", "properties": { "element": "way", "id": 1385715146, "amenity": "charging_station", "shop": null, "name": null }, "geometry": { "type": "Point", "coordinates": [ 73.216338400000083, 22.332729850002909 ] } },
{ "type": "Feature", "properties": { "element": "way", "id": 1385715147, "amenity": "parking_space", "shop": null, "name": null }, "geometry": { "type": "Point", "coordinates": [ 73.216324299998988, 22.332735300000266 ] } },
{ "type": "Feature", "properties": { "element": "way", "id": 1385715148, "amenity": "parking_space", "shop": null, "name": null }, "geometry": { "type": "Point", "coordinates": [ 73.216347513105333, 22.332718658773487 ] } },
{ "type": "Feature", "properties": { "element": "way", "id": 1385795605, "amenity": "parking", "shop": null, "name": null }, "geometry": { "type": "Point", "coordinates": [ 73.165063578240932, 22.32318002941695 ] } },
{ "type": "Feature", "properties": { "element": "way", "id": 1385795608, "amenity": null, "shop": "mall", "name": "Sharnam Fortune" }, "geometry": { "type": "Point", "coordinates": [ 73.158894563062276, 22.312411569785763 ] } },
{ "type": "Feature", "properties": { "element": "way", "id": 1385795609, "amenity": "fuel", "shop": null, "name": null }, "geometry": { "type": "Point", "coordinates": [ 73.15891639999343, 22.310491150073393 ] } },
{ "type": "Feature", "properties": { "element": "way", "id": 1385795610, "amenity": "fuel", "shop": null, "name": null }, "geometry": { "type": "Point", "coordinates": [ 73.162603532511852, 22.326745396701973 ] } },
{ "type": "Feature", "properties": { "element": "way", "id": 1385819128, "amenity": "parking", "shop": null, "name": null }, "geometry": { "type": "Point", "coordinates": [ 73.168914108615851, 22.32569626203847 ] } },
{ "type": "Feature", "properties": { "element": "way", "id": 1385819130, "amenity": "food_court", "shop": null, "name": null }, "geometry": { "type": "Point", "coordinates": [ 73.171800458892747, 22.325534330976275 ] } },
{ "type": "Feature", "properties": { "element": "way", "id": 1385819131, "amenity": "fuel", "shop": null, "name": "Indian Oil" }, "geometry": { "type": "Point", "coordinates": [ 73.168737249995857, 22.310196699956908 ] } },
{ "type": "Feature", "properties": { "element": "way", "id": 1385843644, "amenity": "bank", "shop": null, "name": "Bank of Baroda" }, "geometry": { "type": "Point", "coordinates": [ 73.210869474255261, 22.300490104356825 ] } },
{ "type": "Feature", "properties": { "element": "way", "id": 1385850868, "amenity": "parking_space", "shop": null, "name": null }, "geometry": { "type": "Point", "coordinates": [ 73.170452690683561, 22.324769601059643 ] } },
{ "type": "Feature", "properties": { "element": "way", "id": 1385850869, "amenity": "parking_space", "shop": null, "name": null }, "geometry": { "type": "Point", "coordinates": [ 73.170472990683578, 22.324729901059637 ] } },
{ "type": "Feature", "properties": { "element": "way", "id": 1385850870, "amenity": "charging_station", "shop": null, "name": null }, "geometry": { "type": "Point", "coordinates": [ 73.17046996125535, 22.324752175059047 ] } },
{ "type": "Feature", "properties": { "element": "way", "id": 1386078496, "amenity": "parking", "shop": null, "name": null }, "geometry": { "type": "Point", "coordinates": [ 73.216318101508719, 22.3340280484517 ] } },
{ "type": "Feature", "properties": { "element": "way", "id": 1386078497, "amenity": null, "shop": null, "name": "Hotel Airport" }, "geometry": { "type": "Point", "coordinates": [ 73.216258324680666, 22.334066190146018 ] } },
{ "type": "Feature", "properties": { "element": "way", "id": 1386101523, "amenity": "school", "shop": null, "name": "Bright Day School CBSE Harni" }, "geometry": { "type": "Point", "coordinates": [ 73.217189391346992, 22.336556553563188 ] } },
{ "type": "Feature", "properties": { "element": "way", "id": 1386103280, "amenity": "parking", "shop": null, "name": null }, "geometry": { "type": "Point", "coordinates": [ 73.214812552031262, 22.333860736126006 ] } },
{ "type": "Feature", "properties": { "element": "way", "id": 1386103281, "amenity": "parking", "shop": null, "name": null }, "geometry": { "type": "Point", "coordinates": [ 73.215857000505707, 22.333120551517908 ] } },
{ "type": "Feature", "properties": { "element": "way", "id": 1386556171, "amenity": "police", "shop": null, "name": "Airport Police Station" }, "geometry": { "type": "Point", "coordinates": [ 73.216382932638894, 22.333125896942537 ] } },
{ "type": "Feature", "properties": { "element": "way", "id": 1387818140, "amenity": "place_of_worship", "shop": null, "name": "Shree Bhidbhanjan Hanuman Temple" }, "geometry": { "type": "Point", "coordinates": [ 73.217187548080005, 22.339032416025315 ] } },
{ "type": "Feature", "properties": { "element": "way", "id": 1387818142, "amenity": "school", "shop": null, "name": "Harni Primary School" }, "geometry": { "type": "Point", "coordinates": [ 73.216996286403855, 22.33802094564242 ] } },
{ "type": "Feature", "properties": { "element": "way", "id": 1388191465, "amenity": "community_centre", "shop": null, "name": "JM Pandya Hall" }, "geometry": { "type": "Point", "coordinates": [ 73.217102135550732, 22.336198717474669 ] } },
{ "type": "Feature", "properties": { "element": "way", "id": 1444789927, "amenity": "bench", "shop": null, "name": null }, "geometry": { "type": "Point", "coordinates": [ 73.18066460562936, 22.308725411182131 ] } },
{ "type": "Feature", "properties": { "element": "way", "id": 1444789928, "amenity": "bench", "shop": null, "name": null }, "geometry": { "type": "Point", "coordinates": [ 73.18067060562953, 22.308791011182102 ] } },
{ "type": "Feature", "properties": { "element": "way", "id": 1444789929, "amenity": "bench", "shop": null, "name": null }, "geometry": { "type": "Point", "coordinates": [ 73.180661832684791, 22.308791111825325 ] } },
{ "type": "Feature", "properties": { "element": "way", "id": 1444789930, "amenity": "bench", "shop": null, "name": null }, "geometry": { "type": "Point", "coordinates": [ 73.180655832684991, 22.308725511825397 ] } },
{ "type": "Feature", "properties": { "element": "way", "id": 1458013902, "amenity": "place_of_worship", "shop": null, "name": null }, "geometry": { "type": "Point", "coordinates": [ 73.200362316454786, 22.341481917172697 ] } },
{ "type": "Feature", "properties": { "element": "way", "id": 1458652722, "amenity": "place_of_worship", "shop": null, "name": null }, "geometry": { "type": "Point", "coordinates": [ 73.188751332617755, 22.340507600427042 ] } },
{ "type": "Feature", "properties": { "element": "way", "id": 1458657992, "amenity": "place_of_worship", "shop": null, "name": "Shri Adinath Jain Derasar" }, "geometry": { "type": "Point", "coordinates": [ 73.190678220510136, 22.341356879135517 ] } },
{ "type": "Feature", "properties": { "element": "way", "id": 1458663504, "amenity": null, "shop": null, "name": null }, "geometry": { "type": "Point", "coordinates": [ 73.192227097488683, 22.340576898246457 ] } },
{ "type": "Feature", "properties": { "element": "way", "id": 1459194781, "amenity": null, "shop": null, "name": null }, "geometry": { "type": "Point", "coordinates": [ 73.188303383321056, 22.341936989869559 ] } },
{ "type": "Feature", "properties": { "element": "way", "id": 1459484369, "amenity": null, "shop": null, "name": null }, "geometry": { "type": "Point", "coordinates": [ 73.196839112472816, 22.340461932111925 ] } },
{ "type": "Feature", "properties": { "element": "way", "id": 1459484370, "amenity": null, "shop": null, "name": null }, "geometry": { "type": "Point", "coordinates": [ 73.197688499723625, 22.339990191478734 ] } },
{ "type": "Feature", "properties": { "element": "way", "id": 1459723307, "amenity": "place_of_worship", "shop": null, "name": null }, "geometry": { "type": "Point", "coordinates": [ 73.196635643842654, 22.337658731178049 ] } },
{ "type": "Feature", "properties": { "element": "way", "id": 1459729758, "amenity": "place_of_worship", "shop": null, "name": null }, "geometry": { "type": "Point", "coordinates": [ 73.19623832494193, 22.3364810965017 ] } },
{ "type": "Feature", "properties": { "element": "way", "id": 1459759400, "amenity": "place_of_worship", "shop": null, "name": null }, "geometry": { "type": "Point", "coordinates": [ 73.192876521941017, 22.344613066876398 ] } },
{ "type": "Feature", "properties": { "element": "way", "id": 1460412377, "amenity": null, "shop": null, "name": null }, "geometry": { "type": "Point", "coordinates": [ 73.2011025609185, 22.343683566325613 ] } },
{ "type": "Feature", "properties": { "element": "way", "id": 1460412382, "amenity": "place_of_worship", "shop": null, "name": null }, "geometry": { "type": "Point", "coordinates": [ 73.19679945075184, 22.342267459088376 ] } },
{ "type": "Feature", "properties": { "element": "way", "id": 1460913782, "amenity": "place_of_worship", "shop": null, "name": null }, "geometry": { "type": "Point", "coordinates": [ 73.184640920689702, 22.339652569048528 ] } },
{ "type": "Feature", "properties": { "element": "way", "id": 1461750401, "amenity": "place_of_worship", "shop": null, "name": null }, "geometry": { "type": "Point", "coordinates": [ 73.217622943513447, 22.3448454189 ] } },
{ "type": "Feature", "properties": { "element": "way", "id": 1461767583, "amenity": null, "shop": null, "name": null }, "geometry": { "type": "Point", "coordinates": [ 73.217102709529769, 22.348117844434821 ] } },
{ "type": "Feature", "properties": { "element": "way", "id": 1461767584, "amenity": null, "shop": null, "name": null }, "geometry": { "type": "Point", "coordinates": [ 73.217170335689772, 22.34716873418779 ] } },
{ "type": "Feature", "properties": { "element": "way", "id": 1461767587, "amenity": null, "shop": null, "name": null }, "geometry": { "type": "Point", "coordinates": [ 73.217977114934783, 22.348868876976919 ] } },
{ "type": "Feature", "properties": { "element": "way", "id": 1461767596, "amenity": null, "shop": null, "name": null }, "geometry": { "type": "Point", "coordinates": [ 73.216951537153818, 22.349198269409552 ] } },
{ "type": "Feature", "properties": { "element": "way", "id": 1461771689, "amenity": null, "shop": null, "name": null }, "geometry": { "type": "Point", "coordinates": [ 73.211383640307417, 22.349486180775795 ] } },
{ "type": "Feature", "properties": { "element": "way", "id": 1461771690, "amenity": null, "shop": null, "name": null }, "geometry": { "type": "Point", "coordinates": [ 73.21392694413457, 22.347688549916594 ] } },
{ "type": "Feature", "properties": { "element": "way", "id": 1461771691, "amenity": null, "shop": null, "name": null }, "geometry": { "type": "Point", "coordinates": [ 73.215706158897021, 22.346204068355625 ] } },
{ "type": "Feature", "properties": { "element": "way", "id": 1461771692, "amenity": null, "shop": null, "name": null }, "geometry": { "type": "Point", "coordinates": [ 73.21745791121019, 22.34349556908937 ] } },
{ "type": "Feature", "properties": { "element": "way", "id": 1461771693, "amenity": null, "shop": null, "name": null }, "geometry": { "type": "Point", "coordinates": [ 73.21645454175335, 22.344738067446261 ] } },
{ "type": "Feature", "properties": { "element": "way", "id": 1461771696, "amenity": null, "shop": null, "name": null }, "geometry": { "type": "Point", "coordinates": [ 73.20526928293225, 22.343272074093722 ] } },
{ "type": "Feature", "properties": { "element": "way", "id": 1461771697, "amenity": null, "shop": null, "name": null }, "geometry": { "type": "Point", "coordinates": [ 73.203613520600456, 22.34257479630897 ] } },
{ "type": "Feature", "properties": { "element": "way", "id": 1461771698, "amenity": null, "shop": null, "name": null }, "geometry": { "type": "Point", "coordinates": [ 73.205773123789072, 22.342328178555857 ] } },
{ "type": "Feature", "properties": { "element": "way", "id": 1461771699, "amenity": null, "shop": null, "name": null }, "geometry": { "type": "Point", "coordinates": [ 73.206006896366148, 22.341647165050762 ] } },
{ "type": "Feature", "properties": { "element": "way", "id": 1461771700, "amenity": null, "shop": null, "name": null }, "geometry": { "type": "Point", "coordinates": [ 73.200982496049306, 22.345633281969185 ] } },
{ "type": "Feature", "properties": { "element": "way", "id": 1461783329, "amenity": null, "shop": null, "name": null }, "geometry": { "type": "Point", "coordinates": [ 73.217119731398313, 22.352563039271615 ] } },
{ "type": "Feature", "properties": { "element": "way", "id": 1462036122, "amenity": null, "shop": null, "name": null }, "geometry": { "type": "Point", "coordinates": [ 73.185360618530083, 22.339338487842682 ] } },
{ "type": "Feature", "properties": { "element": "way", "id": 1462751047, "amenity": null, "shop": null, "name": null }, "geometry": { "type": "Point", "coordinates": [ 73.220589853735348, 22.338257921647077 ] } },
{ "type": "Feature", "properties": { "element": "way", "id": 1462751048, "amenity": null, "shop": null, "name": null }, "geometry": { "type": "Point", "coordinates": [ 73.221165064341832, 22.338285089323133 ] } },
{ "type": "Feature", "properties": { "element": "way", "id": 1462751049, "amenity": null, "shop": null, "name": null }, "geometry": { "type": "Point", "coordinates": [ 73.222174972983638, 22.338377772686453 ] } },
{ "type": "Feature", "properties": { "element": "way", "id": 1462751050, "amenity": null, "shop": null, "name": null }, "geometry": { "type": "Point", "coordinates": [ 73.222958584555329, 22.338265711874417 ] } },
{ "type": "Feature", "properties": { "element": "way", "id": 1463042365, "amenity": "place_of_worship", "shop": null, "name": null }, "geometry": { "type": "Point", "coordinates": [ 73.180235151611797, 22.333715004214959 ] } },
{ "type": "Feature", "properties": { "element": "way", "id": 1463370693, "amenity": null, "shop": null, "name": null }, "geometry": { "type": "Point", "coordinates": [ 73.182724284229892, 22.336741961708597 ] } },
{ "type": "Feature", "properties": { "element": "way", "id": 1463634591, "amenity": "place_of_worship", "shop": null, "name": null }, "geometry": { "type": "Point", "coordinates": [ 73.209330289246424, 22.328216354642336 ] } },
{ "type": "Feature", "properties": { "element": "way", "id": 1463634609, "amenity": "place_of_worship", "shop": null, "name": null }, "geometry": { "type": "Point", "coordinates": [ 73.211462044579093, 22.327862571030092 ] } },
{ "type": "Feature", "properties": { "element": "way", "id": 1464271208, "amenity": "place_of_worship", "shop": null, "name": null }, "geometry": { "type": "Point", "coordinates": [ 73.18087935000402, 22.330945800002102 ] } },
{ "type": "Feature", "properties": { "element": "way", "id": 1466683789, "amenity": null, "shop": null, "name": null }, "geometry": { "type": "Point", "coordinates": [ 73.240762329036357, 22.275045046957107 ] } },
{ "type": "Feature", "properties": { "element": "way", "id": 1466683799, "amenity": "place_of_worship", "shop": null, "name": null }, "geometry": { "type": "Point", "coordinates": [ 73.242689924710575, 22.275579968785259 ] } },
{ "type": "Feature", "properties": { "element": "way", "id": 1466727307, "amenity": "motorcycle_parking", "shop": null, "name": null }, "geometry": { "type": "Point", "coordinates": [ 73.165356250016373, 22.370212000021361 ] } },
{ "type": "Feature", "properties": { "element": "way", "id": 1466727309, "amenity": "parking", "shop": null, "name": null }, "geometry": { "type": "Point", "coordinates": [ 73.16486633763644, 22.369653852505198 ] } },
{ "type": "Feature", "properties": { "element": "way", "id": 1466727313, "amenity": "shelter", "shop": null, "name": null }, "geometry": { "type": "Point", "coordinates": [ 73.1656111731387, 22.371185107147511 ] } },
{ "type": "Feature", "properties": { "element": "way", "id": 1466727540, "amenity": "shelter", "shop": null, "name": null }, "geometry": { "type": "Point", "coordinates": [ 73.180835266640571, 22.30906592016828 ] } },
{ "type": "Feature", "properties": { "element": "way", "id": 1467603790, "amenity": null, "shop": null, "name": null }, "geometry": { "type": "Point", "coordinates": [ 73.076099625754679, 22.240409029287456 ] } },
{ "type": "Feature", "properties": { "element": "way", "id": 1467603791, "amenity": null, "shop": null, "name": null }, "geometry": { "type": "Point", "coordinates": [ 73.119846988440244, 22.287588935462029 ] } },
{ "type": "Feature", "properties": { "element": "way", "id": 1467608871, "amenity": null, "shop": null, "name": null }, "geometry": { "type": "Point", "coordinates": [ 73.214289287632553, 22.281949304514931 ] } },
{ "type": "Feature", "properties": { "element": "way", "id": 1467608872, "amenity": null, "shop": null, "name": null }, "geometry": { "type": "Point", "coordinates": [ 73.202720766131634, 22.345547173068745 ] } },
{ "type": "Feature", "properties": { "element": "way", "id": 1467608873, "amenity": null, "shop": null, "name": null }, "geometry": { "type": "Point", "coordinates": [ 73.211641338765332, 22.258304057205578 ] } },
{ "type": "Feature", "properties": { "element": "way", "id": 1467608874, "amenity": null, "shop": null, "name": null }, "geometry": { "type": "Point", "coordinates": [ 73.193538653692784, 22.257355401948416 ] } },
{ "type": "Feature", "properties": { "element": "way", "id": 1467608875, "amenity": null, "shop": null, "name": null }, "geometry": { "type": "Point", "coordinates": [ 73.168252706959521, 22.283144309977821 ] } },
{ "type": "Feature", "properties": { "element": "way", "id": 1467608876, "amenity": null, "shop": null, "name": null }, "geometry": { "type": "Point", "coordinates": [ 73.125526897589495, 22.265820232211357 ] } },
{ "type": "Feature", "properties": { "element": "way", "id": 1467608877, "amenity": null, "shop": null, "name": null }, "geometry": { "type": "Point", "coordinates": [ 73.157553445756051, 22.288923668761147 ] } },
{ "type": "Feature", "properties": { "element": "way", "id": 1467608886, "amenity": null, "shop": null, "name": null }, "geometry": { "type": "Point", "coordinates": [ 73.23641977066589, 22.296510677264376 ] } },
{ "type": "Feature", "properties": { "element": "way", "id": 1473637338, "amenity": "shelter", "shop": null, "name": null }, "geometry": { "type": "Point", "coordinates": [ 73.180597692772878, 22.310185120418168 ] } },
{ "type": "Feature", "properties": { "element": "way", "id": 1530210632, "amenity": null, "shop": null, "name": null }, "geometry": { "type": "Point", "coordinates": [ 73.106347262858037, 22.276711382405963 ] } },
{ "type": "Feature", "properties": { "element": "way", "id": 1530442726, "amenity": "place_of_worship", "shop": null, "name": null }, "geometry": { "type": "Point", "coordinates": [ 73.180773659018016, 22.306018323845805 ] } },
{ "type": "Feature", "properties": { "element": "way", "id": 1530442811, "amenity": "luggage_locker", "shop": null, "name": "Cloak Room" }, "geometry": { "type": "Point", "coordinates": [ 73.180991724682201, 22.309363243652275 ] } },
{ "type": "Feature", "properties": { "element": "way", "id": 1530795634, "amenity": "cafe", "shop": null, "name": "Burger King Taksh galaxy mall Waghodia chowkdi Vadodara" }, "geometry": { "type": "Point", "coordinates": [ 73.254066833334079, 22.298917566672426 ] } },
{ "type": "Feature", "properties": { "element": "way", "id": 1532160002, "amenity": null, "shop": null, "name": "bapod park" }, "geometry": { "type": "Point", "coordinates": [ 73.23795507067328, 22.304280587671659 ] } },
{ "type": "Feature", "properties": { "element": "way", "id": 1532942962, "amenity": null, "shop": null, "name": null }, "geometry": { "type": "Point", "coordinates": [ 73.164408360399804, 22.309119561571169 ] } },
{ "type": "Feature", "properties": { "element": "way", "id": 1532949388, "amenity": "fuel", "shop": null, "name": "Bharat Petroleum" }, "geometry": { "type": "Point", "coordinates": [ 73.171472406130633, 22.310639778105269 ] } },
{ "type": "Feature", "properties": { "element": "way", "id": 1532968038, "amenity": "place_of_worship", "shop": null, "name": null }, "geometry": { "type": "Point", "coordinates": [ 73.178010115264797, 22.317454022054825 ] } },
{ "type": "Feature", "properties": { "element": "way", "id": 1532972384, "amenity": "fuel", "shop": null, "name": "Indian Oil" }, "geometry": { "type": "Point", "coordinates": [ 73.185089981828327, 22.309105346534327 ] } },
{ "type": "Feature", "properties": { "element": "way", "id": 1532994317, "amenity": null, "shop": null, "name": "Anand Agriculture University" }, "geometry": { "type": "Point", "coordinates": [ 73.170603946296012, 22.320242788613729 ] } },
{ "type": "Feature", "properties": { "element": "way", "id": 1532998709, "amenity": "hospital", "shop": null, "name": "eye hosptial" }, "geometry": { "type": "Point", "coordinates": [ 73.168448834784684, 22.31647869635631 ] } },
{ "type": "Feature", "properties": { "element": "way", "id": 1533036385, "amenity": null, "shop": null, "name": null }, "geometry": { "type": "Point", "coordinates": [ 73.166056767482658, 22.311618493045128 ] } },
{ "type": "Feature", "properties": { "element": "way", "id": 1533077569, "amenity": "restaurant", "shop": null, "name": null }, "geometry": { "type": "Point", "coordinates": [ 73.175618135528453, 22.307835709717001 ] } },
{ "type": "Feature", "properties": { "element": "way", "id": 1533177050, "amenity": null, "shop": null, "name": "Pulse Resarch Centre" }, "geometry": { "type": "Point", "coordinates": [ 73.17321357525725, 22.320694176914838 ] } },
{ "type": "Feature", "properties": { "element": "way", "id": 1535573020, "amenity": "parking", "shop": null, "name": null }, "geometry": { "type": "Point", "coordinates": [ 73.165689760370185, 22.31135298394296 ] } },
{ "type": "Feature", "properties": { "element": "way", "id": 1535589324, "amenity": null, "shop": null, "name": null }, "geometry": { "type": "Point", "coordinates": [ 73.166531144748902, 22.313231586918555 ] } },
{ "type": "Feature", "properties": { "element": "way", "id": 1535589325, "amenity": null, "shop": null, "name": null }, "geometry": { "type": "Point", "coordinates": [ 73.167239476139798, 22.31393054292116 ] } },
{ "type": "Feature", "properties": { "element": "way", "id": 1535746094, "amenity": "place_of_worship", "shop": null, "name": null }, "geometry": { "type": "Point", "coordinates": [ 73.179314990940881, 22.307396989867179 ] } },
{ "type": "Feature", "properties": { "element": "way", "id": 1535746098, "amenity": "place_of_worship", "shop": null, "name": null }, "geometry": { "type": "Point", "coordinates": [ 73.178611247985941, 22.307488029932106 ] } },
{ "type": "Feature", "properties": { "element": "way", "id": 1535746897, "amenity": null, "shop": null, "name": null }, "geometry": { "type": "Point", "coordinates": [ 73.173488335463048, 22.308124189535764 ] } },
{ "type": "Feature", "properties": { "element": "way", "id": 1535747139, "amenity": null, "shop": null, "name": null }, "geometry": { "type": "Point", "coordinates": [ 73.17439493792088, 22.313959854098034 ] } },
{ "type": "Feature", "properties": { "element": "way", "id": 1535807559, "amenity": "place_of_worship", "shop": null, "name": null }, "geometry": { "type": "Point", "coordinates": [ 73.177990112732118, 22.307559461898816 ] } },
{ "type": "Feature", "properties": { "element": "way", "id": 1537784213, "amenity": null, "shop": null, "name": null }, "geometry": { "type": "Point", "coordinates": [ 73.184980466021997, 22.298950199601904 ] } },
{ "type": "Feature", "properties": { "element": "way", "id": 1537784620, "amenity": null, "shop": null, "name": null }, "geometry": { "type": "Point", "coordinates": [ 73.166118295612492, 22.322569648852781 ] } },
{ "type": "Feature", "properties": { "element": "way", "id": 1537784621, "amenity": null, "shop": null, "name": null }, "geometry": { "type": "Point", "coordinates": [ 73.164076236127897, 22.324040108277163 ] } },
{ "type": "Feature", "properties": { "element": "way", "id": 1544768629, "amenity": null, "shop": null, "name": "Walking Track" }, "geometry": { "type": "Point", "coordinates": [ 73.220522462043718, 22.338185114594538 ] } },
{ "type": "Feature", "properties": { "element": "way", "id": 1544777622, "amenity": null, "shop": null, "name": "walking track around harni talav" }, "geometry": { "type": "Point", "coordinates": [ 73.22047242714028, 22.338180815458362 ] } },
{ "type": "Feature", "properties": { "element": "way", "id": 1545943503, "amenity": "library", "shop": null, "name": "Dr J.S. Bandukwala Library" }, "geometry": { "type": "Point", "coordinates": [ 73.213232259113738, 22.296426605110859 ] } }
]
}
