{
"type": "FeatureCollection",
"name": "waterways",
"crs": { "type": "name", "properties": { "name": "urn:ogc:def:crs:OGC:1.3:CRS84" } },
"features": [
{ "type": "Feature", "properties": { "element": "relation", "id": 1817046, "waterway": null }, "geometry": { "type": "Polygon", "coordinates": [ [ [ 73.0815268, 22.2429671 ], [ 73.0816555, 22.2430068 ], [ 73.0817413, 22.2430862 ], [ 73.0822563, 22.2427684 ], [ 73.0823851, 22.2427684 ], [ 73.0825138, 22.2428082 ], [ 73.0826211, 22.2429075 ], [ 73.0827284, 22.2430862 ], [ 73.0828571, 22.2430862 ], [ 73.0829215, 22.2427883 ], [ 73.0830288, 22.2427287 ], [ 73.0831146, 22.2427287 ], [ 73.0832219, 22.2426294 ], [ 73.0833507, 22.2423911 ], [ 73.0833936, 22.242113 ], [ 73.0834794, 22.2419939 ], [ 73.0833507, 22.2417555 ], [ 73.0833077, 22.2415172 ], [ 73.0830288, 22.2413384 ], [ 73.0829, 22.2414576 ], [ 73.0827284, 22.2414179 ], [ 73.0825567, 22.2414179 ], [ 73.0825138, 22.2414576 ], [ 73.0822134, 22.2414576 ], [ 73.0821705, 22.2414179 ], [ 73.0820847, 22.2414179 ], [ 73.0819988, 22.2414973 ], [ 73.081913, 22.2414973 ], [ 73.0818701, 22.2414576 ], [ 73.0817199, 22.2415569 ], [ 73.0816555, 22.2416562 ], [ 73.0815268, 22.2416165 ], [ 73.0814838, 22.2416562 ], [ 73.081398, 22.2416562 ], [ 73.0814195, 22.2417555 ], [ 73.0814195, 22.2417953 ], [ 73.0813551, 22.2417754 ], [ 73.0812478, 22.2418747 ], [ 73.0813122, 22.2419343 ], [ 73.081398, 22.2418946 ], [ 73.0814624, 22.2419939 ], [ 73.0812263, 22.2420534 ], [ 73.0811834, 22.2420137 ], [ 73.0811405, 22.2421329 ], [ 73.0810332, 22.2421528 ], [ 73.0810332, 22.2423514 ], [ 73.0809474, 22.2424308 ], [ 73.0809474, 22.24255 ], [ 73.0811834, 22.2427287 ], [ 73.0813336, 22.2427883 ], [ 73.0815268, 22.2429671 ] ], [ [ 73.081634, 22.2423514 ], [ 73.0816555, 22.2423315 ], [ 73.0817842, 22.2423315 ], [ 73.0818057, 22.2423911 ], [ 73.0816984, 22.2424109 ], [ 73.081634, 22.2423514 ] ] ] } },
{ "type": "Feature", "properties": { "element": "relation", "id": 1817047, "waterway": null }, "geometry": { "type": "Polygon", "coordinates": [ [ [ 73.2312155, 22.3360045 ], [ 73.2310009, 22.3359648 ], [ 73.230958, 22.3359251 ], [ 73.2308722, 22.3360045 ], [ 73.2307863, 22.3360045 ], [ 73.2307005, 22.3358854 ], [ 73.2305503, 22.3359846 ], [ 73.2306576, 22.3360045 ], [ 73.230722, 22.336064 ], [ 73.2307005, 22.3360839 ], [ 73.2305717, 22.3361633 ], [ 73.230443, 22.3360839 ], [ 73.2303357, 22.3361434 ], [ 73.2303786, 22.3363419 ], [ 73.2303357, 22.3363816 ], [ 73.2304859, 22.3364014 ], [ 73.2305717, 22.3365602 ], [ 73.2306576, 22.3365602 ], [ 73.2308722, 22.336719 ], [ 73.2310867, 22.3365999 ], [ 73.2313442, 22.3366396 ], [ 73.2314301, 22.3365999 ], [ 73.231473, 22.3366396 ], [ 73.2315588, 22.3366396 ], [ 73.2315588, 22.3365602 ], [ 73.2316232, 22.3365404 ], [ 73.2315803, 22.3365007 ], [ 73.2316875, 22.3364411 ], [ 73.2317948, 22.3365007 ], [ 73.2318163, 22.3366793 ], [ 73.2320738, 22.336719 ], [ 73.2321382, 22.3366198 ], [ 73.2320523, 22.3365007 ], [ 73.2320523, 22.3364213 ], [ 73.2321382, 22.3363419 ], [ 73.2321382, 22.3362228 ], [ 73.232224, 22.3361831 ], [ 73.231988, 22.3361236 ], [ 73.2318163, 22.3360442 ], [ 73.2317734, 22.3359648 ], [ 73.2316446, 22.3360442 ], [ 73.2314086, 22.3360243 ], [ 73.2313013, 22.3359251 ], [ 73.2312155, 22.3360045 ] ], [ [ 73.2312155, 22.336322 ], [ 73.231194, 22.3362228 ], [ 73.2312584, 22.3361633 ], [ 73.2313871, 22.3361633 ], [ 73.2314944, 22.3362228 ], [ 73.231473, 22.3362427 ], [ 73.2313013, 22.3362427 ], [ 73.2312155, 22.336322 ] ] ] } },
{ "type": "Feature", "properties": { "element": "relation", "id": 1817048, "waterway": null }, "geometry": { "type": "Polygon", "coordinates": [ [ [ 73.2132339, 22.3604944 ], [ 73.2139206, 22.3604547 ], [ 73.2140493, 22.360415 ], [ 73.2141566, 22.3603158 ], [ 73.2141566, 22.3602364 ], [ 73.2141995, 22.3601968 ], [ 73.2141137, 22.3599983 ], [ 73.2142425, 22.3598792 ], [ 73.2141995, 22.3597602 ], [ 73.2142425, 22.3597205 ], [ 73.2142425, 22.3592839 ], [ 73.2140923, 22.3592641 ], [ 73.2139635, 22.3593831 ], [ 73.2137918, 22.3594228 ], [ 73.213706, 22.3591847 ], [ 73.2135773, 22.3591847 ], [ 73.2135344, 22.3592244 ], [ 73.2134914, 22.359145 ], [ 73.2134056, 22.359145 ], [ 73.2132125, 22.3592442 ], [ 73.2131481, 22.3593435 ], [ 73.2129765, 22.3592244 ], [ 73.2128692, 22.3592442 ], [ 73.2129335, 22.3594228 ], [ 73.2131052, 22.3593831 ], [ 73.2131696, 22.3594824 ], [ 73.2129121, 22.3596808 ], [ 73.2128692, 22.360038 ], [ 73.2128048, 22.3600182 ], [ 73.212676, 22.3600182 ], [ 73.2125688, 22.3601571 ], [ 73.2125902, 22.360296 ], [ 73.212719, 22.360296 ], [ 73.2128906, 22.3604547 ], [ 73.2130194, 22.360415 ], [ 73.213191, 22.3604547 ], [ 73.2132339, 22.3604944 ] ], [ [ 73.2134271, 22.3594427 ], [ 73.2135344, 22.3593831 ], [ 73.2135987, 22.3594824 ], [ 73.2135344, 22.3595022 ], [ 73.2134271, 22.3594824 ], [ 73.2134271, 22.3594427 ] ] ] } },
{ "type": "Feature", "properties": { "element": "relation", "id": 1817049, "waterway": null }, "geometry": { "type": "Polygon", "coordinates": [ [ [ 73.2331252, 22.3365801 ], [ 73.2331252, 22.3366991 ], [ 73.233254, 22.3367785 ], [ 73.233254, 22.3368976 ], [ 73.2332969, 22.3369373 ], [ 73.233254, 22.3371358 ], [ 73.2331681, 22.3372152 ], [ 73.2331681, 22.3373343 ], [ 73.2332754, 22.3374335 ], [ 73.23349, 22.3374732 ], [ 73.2335329, 22.3375129 ], [ 73.2337904, 22.3374732 ], [ 73.2338333, 22.3375129 ], [ 73.2341337, 22.3375129 ], [ 73.2341337, 22.3373938 ], [ 73.2343483, 22.3374335 ], [ 73.234477, 22.3372747 ], [ 73.2345414, 22.3372549 ], [ 73.2345414, 22.3371755 ], [ 73.2343054, 22.3370763 ], [ 73.2341766, 22.3369572 ], [ 73.2340908, 22.3369572 ], [ 73.2340479, 22.3369175 ], [ 73.2339191, 22.3370763 ], [ 73.2338333, 22.3370763 ], [ 73.2337689, 22.3367785 ], [ 73.2336402, 22.3367388 ], [ 73.2336831, 22.3366198 ], [ 73.2336187, 22.3365602 ], [ 73.2335758, 22.3365999 ], [ 73.2333612, 22.3364808 ], [ 73.2332325, 22.3364808 ], [ 73.2330608, 22.3364014 ], [ 73.232975, 22.3364808 ], [ 73.2331252, 22.3365801 ] ], [ [ 73.234005, 22.3373541 ], [ 73.2339406, 22.3372549 ], [ 73.2340479, 22.3371556 ], [ 73.2341123, 22.3371755 ], [ 73.2341123, 22.3372152 ], [ 73.2340693, 22.3372946 ], [ 73.234005, 22.3373541 ] ] ] } },
{ "type": "Feature", "properties": { "element": "relation", "id": 1817050, "waterway": null }, "geometry": { "type": "Polygon", "coordinates": [ [ [ 73.214457, 22.3069245 ], [ 73.214457, 22.3065672 ], [ 73.2143068, 22.3064679 ], [ 73.214221, 22.3064679 ], [ 73.2141995, 22.3064084 ], [ 73.2140493, 22.3062694 ], [ 73.2139206, 22.30619 ], [ 73.2138348, 22.3061503 ], [ 73.2137918, 22.30619 ], [ 73.2137489, 22.3061503 ], [ 73.2136202, 22.3062694 ], [ 73.2134485, 22.3062694 ], [ 73.2132125, 22.3064084 ], [ 73.2131696, 22.3068848 ], [ 73.2132125, 22.3069245 ], [ 73.2132125, 22.3070039 ], [ 73.2131267, 22.307123 ], [ 73.2132983, 22.3074407 ], [ 73.2133627, 22.3075002 ], [ 73.2134485, 22.3074208 ], [ 73.2136202, 22.3074208 ], [ 73.2138348, 22.3075796 ], [ 73.2139635, 22.3075796 ], [ 73.2140064, 22.3077385 ], [ 73.2140923, 22.3077782 ], [ 73.2141352, 22.3076987 ], [ 73.2141995, 22.3077186 ], [ 73.2142639, 22.307937 ], [ 73.2143497, 22.3079767 ], [ 73.2144356, 22.3079767 ], [ 73.2146839, 22.3081028 ], [ 73.2146947, 22.3079588 ], [ 73.2147322, 22.3078497 ], [ 73.2147537, 22.3077281 ], [ 73.2146716, 22.3077583 ], [ 73.2146716, 22.3076392 ], [ 73.2145429, 22.3075201 ], [ 73.2145, 22.3072422 ], [ 73.214457, 22.3072025 ], [ 73.2145, 22.307123 ], [ 73.2144785, 22.3069444 ], [ 73.214457, 22.3069245 ] ], [ [ 73.2137704, 22.3066863 ], [ 73.213706, 22.3067459 ], [ 73.2135987, 22.3066863 ], [ 73.2136202, 22.3066268 ], [ 73.2136846, 22.3066069 ], [ 73.2137489, 22.3066268 ], [ 73.2137704, 22.3066863 ] ] ] } },
{ "type": "Feature", "properties": { "element": "relation", "id": 1817051, "waterway": null }, "geometry": { "type": "Polygon", "coordinates": [ [ [ 73.1124687, 22.3579146 ], [ 73.1122971, 22.3577956 ], [ 73.1121254, 22.3577956 ], [ 73.1120396, 22.3577162 ], [ 73.111825, 22.3577162 ], [ 73.1116533, 22.3575574 ], [ 73.1115675, 22.3575971 ], [ 73.1114817, 22.3575971 ], [ 73.11131, 22.3574781 ], [ 73.1110954, 22.3573987 ], [ 73.1109667, 22.3573987 ], [ 73.1109238, 22.357359 ], [ 73.1107306, 22.357617 ], [ 73.1107306, 22.3576964 ], [ 73.110559, 22.3578948 ], [ 73.110559, 22.3580536 ], [ 73.1106019, 22.3584901 ], [ 73.1106877, 22.3588077 ], [ 73.1107306, 22.3588473 ], [ 73.1107306, 22.3591649 ], [ 73.1108165, 22.3592442 ], [ 73.1108594, 22.359403 ], [ 73.1110525, 22.3595419 ], [ 73.1111383, 22.3595419 ], [ 73.1112242, 22.3596213 ], [ 73.1116533, 22.359661 ], [ 73.1119108, 22.3598594 ], [ 73.1122971, 22.3598991 ], [ 73.1123614, 22.3597999 ], [ 73.1123185, 22.3597602 ], [ 73.1123614, 22.3596808 ], [ 73.1126618, 22.3594427 ], [ 73.1126189, 22.359403 ], [ 73.1127048, 22.3593633 ], [ 73.1128335, 22.3590855 ], [ 73.1128335, 22.3588473 ], [ 73.1127906, 22.3586489 ], [ 73.1127477, 22.3586092 ], [ 73.1127906, 22.3585298 ], [ 73.1127906, 22.3579742 ], [ 73.1127477, 22.3579345 ], [ 73.1126404, 22.357875 ], [ 73.1124687, 22.3579146 ] ], [ [ 73.1119108, 22.3585497 ], [ 73.1119752, 22.3586092 ], [ 73.1119108, 22.3586687 ], [ 73.1118894, 22.3586489 ], [ 73.1118679, 22.3585894 ], [ 73.1119108, 22.3585497 ] ] ] } },
{ "type": "Feature", "properties": { "element": "relation", "id": 1817052, "waterway": null }, "geometry": { "type": "Polygon", "coordinates": [ [ [ 73.2185984, 22.2923326 ], [ 73.218534, 22.2923922 ], [ 73.2184267, 22.2924121 ], [ 73.2183194, 22.292551 ], [ 73.2183623, 22.2927893 ], [ 73.2183623, 22.2930275 ], [ 73.2184052, 22.2930672 ], [ 73.2184052, 22.2932658 ], [ 73.2184482, 22.2933452 ], [ 73.2185555, 22.2932856 ], [ 73.2187057, 22.2933055 ], [ 73.2184052, 22.2934246 ], [ 73.2184482, 22.2935437 ], [ 73.2184482, 22.2939805 ], [ 73.2184911, 22.2941393 ], [ 73.2186413, 22.2942386 ], [ 73.2190275, 22.2942783 ], [ 73.2191133, 22.2942783 ], [ 73.2191992, 22.2942783 ], [ 73.219285, 22.2942783 ], [ 73.2196283, 22.2941592 ], [ 73.2199717, 22.2941195 ], [ 73.2200146, 22.2940798 ], [ 73.2201862, 22.2940798 ], [ 73.2203364, 22.2939805 ], [ 73.2202935, 22.2937423 ], [ 73.2202935, 22.2936629 ], [ 73.2202935, 22.2935834 ], [ 73.2202935, 22.293504 ], [ 73.2202935, 22.2934246 ], [ 73.2202935, 22.2931467 ], [ 73.2202935, 22.2928687 ], [ 73.2203794, 22.2926702 ], [ 73.2203794, 22.2925113 ], [ 73.2202868, 22.2924307 ], [ 73.2201875, 22.2923884 ], [ 73.220036, 22.2923525 ], [ 73.2194138, 22.2923326 ], [ 73.2190704, 22.2923724 ], [ 73.2188988, 22.2923724 ], [ 73.2185984, 22.2923326 ] ], [ [ 73.2196069, 22.2933849 ], [ 73.2195854, 22.293643 ], [ 73.2191133, 22.293643 ], [ 73.2190919, 22.2935437 ], [ 73.2189846, 22.2935239 ], [ 73.2189202, 22.2934643 ], [ 73.2189202, 22.2933849 ], [ 73.2188773, 22.2933452 ], [ 73.2191348, 22.2931069 ], [ 73.2190919, 22.2930275 ], [ 73.2191563, 22.2928886 ], [ 73.2194138, 22.2928886 ], [ 73.2195425, 22.2928488 ], [ 73.2196283, 22.2927694 ], [ 73.2196927, 22.2929878 ], [ 73.2197356, 22.2930275 ], [ 73.2197356, 22.2931864 ], [ 73.2196927, 22.2932261 ], [ 73.2196283, 22.293365 ], [ 73.2196069, 22.2933849 ] ] ] } },
{ "type": "Feature", "properties": { "element": "relation", "id": 1817053, "waterway": null }, "geometry": { "type": "Polygon", "coordinates": [ [ [ 73.1258154, 22.2843114 ], [ 73.1262445, 22.28451 ], [ 73.1264162, 22.28451 ], [ 73.126502, 22.2844703 ], [ 73.1266093, 22.2842916 ], [ 73.1264591, 22.2841923 ], [ 73.1263733, 22.2841923 ], [ 73.1263518, 22.2841327 ], [ 73.1264591, 22.2839937 ], [ 73.1267166, 22.2839937 ], [ 73.126781, 22.2839342 ], [ 73.1266737, 22.2837555 ], [ 73.1266308, 22.2838349 ], [ 73.1263947, 22.283815 ], [ 73.1265879, 22.2837555 ], [ 73.1266952, 22.2836959 ], [ 73.1266522, 22.2836562 ], [ 73.1266308, 22.2835172 ], [ 73.1264162, 22.2835569 ], [ 73.1264162, 22.2836364 ], [ 73.1262445, 22.2836364 ], [ 73.1261158, 22.2835172 ], [ 73.12603, 22.2835172 ], [ 73.1258154, 22.2833187 ], [ 73.1257296, 22.2833187 ], [ 73.1256008, 22.2831201 ], [ 73.1254292, 22.2831201 ], [ 73.1253433, 22.283001 ], [ 73.1253004, 22.283001 ], [ 73.1251931, 22.2831003 ], [ 73.1251931, 22.2832194 ], [ 73.1251502, 22.2832591 ], [ 73.1251931, 22.2833782 ], [ 73.1251502, 22.2834577 ], [ 73.1251502, 22.2837753 ], [ 73.1251931, 22.283815 ], [ 73.1251931, 22.2838945 ], [ 73.1251502, 22.2840533 ], [ 73.1251073, 22.284093 ], [ 73.1251287, 22.284232 ], [ 73.1253004, 22.2842717 ], [ 73.1258154, 22.2843114 ] ], [ [ 73.1261587, 22.2839143 ], [ 73.1259871, 22.2839143 ], [ 73.1259441, 22.2838746 ], [ 73.1255794, 22.2838548 ], [ 73.1257296, 22.2836761 ], [ 73.12603, 22.2837952 ], [ 73.1261802, 22.283815 ], [ 73.1261802, 22.2838945 ], [ 73.1261587, 22.2839143 ] ] ] } },
{ "type": "Feature", "properties": { "element": "relation", "id": 1817054, "waterway": null }, "geometry": { "type": "Polygon", "coordinates": [ [ [ 73.1330037, 22.3501155 ], [ 73.1330466, 22.3502743 ], [ 73.133111, 22.3503338 ], [ 73.1332397, 22.3502544 ], [ 73.1333685, 22.3502941 ], [ 73.133626, 22.3502941 ], [ 73.1337762, 22.350433 ], [ 73.1338191, 22.3505918 ], [ 73.1339478, 22.3506712 ], [ 73.1340122, 22.3507704 ], [ 73.1341839, 22.3507307 ], [ 73.1342268, 22.3507704 ], [ 73.1343126, 22.3507307 ], [ 73.1344628, 22.3505124 ], [ 73.1344628, 22.350433 ], [ 73.1345272, 22.3503735 ], [ 73.134656, 22.3503735 ], [ 73.1348276, 22.3502544 ], [ 73.1349134, 22.3504132 ], [ 73.1350422, 22.3504132 ], [ 73.1351924, 22.3505124 ], [ 73.1352568, 22.3507307 ], [ 73.1353855, 22.350691 ], [ 73.1355143, 22.350691 ], [ 73.1355572, 22.3507307 ], [ 73.1356215, 22.3506712 ], [ 73.1354499, 22.3504727 ], [ 73.1354499, 22.3503536 ], [ 73.1353855, 22.3502147 ], [ 73.1353211, 22.3502743 ], [ 73.1353211, 22.3503536 ], [ 73.1352568, 22.3504132 ], [ 73.1352353, 22.3503933 ], [ 73.1351495, 22.3501552 ], [ 73.1351924, 22.3500758 ], [ 73.1350636, 22.3499567 ], [ 73.1350636, 22.3498773 ], [ 73.1349993, 22.3498178 ], [ 73.1349134, 22.3498178 ], [ 73.1348491, 22.3497583 ], [ 73.1346345, 22.3494407 ], [ 73.1346774, 22.349282 ], [ 73.1346774, 22.3492026 ], [ 73.1346345, 22.3491232 ], [ 73.1346989, 22.3490637 ], [ 73.1348276, 22.3490637 ], [ 73.1349349, 22.3489247 ], [ 73.134892, 22.3488057 ], [ 73.1347847, 22.3487064 ], [ 73.134613, 22.3487858 ], [ 73.1343126, 22.3487858 ], [ 73.1339693, 22.3489446 ], [ 73.1335616, 22.3493217 ], [ 73.1334543, 22.3495797 ], [ 73.133347, 22.3495598 ], [ 73.1332827, 22.3494606 ], [ 73.1332183, 22.3495201 ], [ 73.1332183, 22.3496789 ], [ 73.133111, 22.3497781 ], [ 73.1329608, 22.3498377 ], [ 73.1329608, 22.349917 ], [ 73.1330681, 22.3500163 ], [ 73.1331539, 22.3499766 ], [ 73.1331754, 22.3500758 ], [ 73.1332612, 22.3501155 ], [ 73.1331754, 22.3501155 ], [ 73.1330037, 22.3501155 ] ], [ [ 73.1334329, 22.3498773 ], [ 73.1334972, 22.3498178 ], [ 73.1335616, 22.3498773 ], [ 73.1336045, 22.3499567 ], [ 73.1335402, 22.3500163 ], [ 73.1334758, 22.3499567 ], [ 73.1334329, 22.3498773 ] ] ] } },
{ "type": "Feature", "properties": { "element": "relation", "id": 9049957, "waterway": null }, "geometry": { "type": "Polygon", "coordinates": [ [ [ 73.2849669, 22.3171677 ], [ 73.2849884, 22.3170685 ], [ 73.2851171, 22.3171082 ], [ 73.2853746, 22.3170288 ], [ 73.2855463, 22.3170288 ], [ 73.2856107, 22.3169295 ], [ 73.2855678, 22.3168898 ], [ 73.2855678, 22.3167707 ], [ 73.2853532, 22.3166119 ], [ 73.2852674, 22.3162943 ], [ 73.2853317, 22.3162744 ], [ 73.2853746, 22.3163141 ], [ 73.2854819, 22.3162149 ], [ 73.285439, 22.3160958 ], [ 73.2854819, 22.3159767 ], [ 73.285439, 22.3158973 ], [ 73.2854819, 22.3158576 ], [ 73.2854819, 22.3156591 ], [ 73.2855678, 22.3155003 ], [ 73.2855678, 22.3153415 ], [ 73.2856536, 22.3152224 ], [ 73.2854176, 22.315004 ], [ 73.2852888, 22.3149643 ], [ 73.285203, 22.3148849 ], [ 73.2850313, 22.3148849 ], [ 73.2849455, 22.3148055 ], [ 73.2845592, 22.3147658 ], [ 73.284452, 22.3146268 ], [ 73.2847738, 22.3144482 ], [ 73.2847524, 22.3145077 ], [ 73.2847953, 22.3145871 ], [ 73.2849026, 22.3146467 ], [ 73.2850742, 22.3146467 ], [ 73.2852459, 22.3145673 ], [ 73.2853317, 22.3147261 ], [ 73.285439, 22.3146665 ], [ 73.2852888, 22.3144482 ], [ 73.2850313, 22.3144879 ], [ 73.284924, 22.3143886 ], [ 73.284924, 22.3142695 ], [ 73.2852244, 22.314071 ], [ 73.285439, 22.3137931 ], [ 73.285439, 22.313674 ], [ 73.2853532, 22.3135946 ], [ 73.2853746, 22.313535 ], [ 73.2854605, 22.313535 ], [ 73.2855248, 22.3136343 ], [ 73.2855248, 22.3138725 ], [ 73.2852674, 22.3141504 ], [ 73.2852244, 22.3142298 ], [ 73.2852459, 22.3143291 ], [ 73.2854176, 22.3143688 ], [ 73.285675, 22.314607 ], [ 73.2859325, 22.314607 ], [ 73.2860613, 22.3147261 ], [ 73.2861471, 22.3147261 ], [ 73.2862544, 22.3148253 ], [ 73.2863188, 22.315004 ], [ 73.2863832, 22.3149842 ], [ 73.2864261, 22.3149047 ], [ 73.2863832, 22.3147459 ], [ 73.2864475, 22.3147261 ], [ 73.2867265, 22.3150239 ], [ 73.2866836, 22.3151827 ], [ 73.2867265, 22.3152621 ], [ 73.2867908, 22.3153216 ], [ 73.2868767, 22.3153216 ], [ 73.2869625, 22.3154407 ], [ 73.2870269, 22.3154209 ], [ 73.2870483, 22.3153613 ], [ 73.2872629, 22.3155201 ], [ 73.2873917, 22.3154804 ], [ 73.2874346, 22.3155201 ], [ 73.2876062, 22.3155201 ], [ 73.2876277, 22.3154606 ], [ 73.287499, 22.3153018 ], [ 73.2876062, 22.3152422 ], [ 73.2877135, 22.3153812 ], [ 73.2876277, 22.31554 ], [ 73.2877135, 22.3156988 ], [ 73.2878637, 22.3157186 ], [ 73.2879925, 22.315798 ], [ 73.2880354, 22.3157583 ], [ 73.2880783, 22.315798 ], [ 73.2882929, 22.3157186 ], [ 73.2884216, 22.3157186 ], [ 73.2884645, 22.3157583 ], [ 73.2887435, 22.31554 ], [ 73.2887006, 22.3155003 ], [ 73.2887006, 22.3153415 ], [ 73.2885718, 22.3152621 ], [ 73.2885718, 22.3151827 ], [ 73.2887006, 22.3150636 ], [ 73.2885933, 22.3150437 ], [ 73.2885289, 22.3149445 ], [ 73.2889366, 22.3144879 ], [ 73.2890654, 22.3144879 ], [ 73.2891083, 22.3144482 ], [ 73.2892156, 22.3145077 ], [ 73.2893443, 22.3146665 ], [ 73.2893872, 22.3148253 ], [ 73.2894516, 22.3148849 ], [ 73.2898808, 22.3148452 ], [ 73.2899666, 22.3149246 ], [ 73.2901812, 22.3148849 ], [ 73.2903099, 22.3150437 ], [ 73.2904387, 22.3150437 ], [ 73.2906103, 22.3151628 ], [ 73.290782, 22.3151628 ], [ 73.2910395, 22.3152819 ], [ 73.291297, 22.3152819 ], [ 73.2914472, 22.3154209 ], [ 73.2914686, 22.3155598 ], [ 73.2915974, 22.3155598 ], [ 73.2916832, 22.3156392 ], [ 73.2917476, 22.3156194 ], [ 73.291769, 22.3155598 ], [ 73.2918549, 22.3155598 ], [ 73.2921124, 22.3153216 ], [ 73.2922411, 22.315401 ], [ 73.2924128, 22.315401 ], [ 73.2926059, 22.3156194 ], [ 73.2926059, 22.3157782 ], [ 73.2928419, 22.3159171 ], [ 73.2928848, 22.3158774 ], [ 73.2929277, 22.3159171 ], [ 73.2930565, 22.3159171 ], [ 73.293314, 22.3156392 ], [ 73.2933569, 22.3156392 ], [ 73.2934642, 22.3158179 ], [ 73.2934213, 22.3158973 ], [ 73.2934213, 22.3161355 ], [ 73.2934642, 22.3161752 ], [ 73.2934642, 22.3164531 ], [ 73.2935071, 22.3164928 ], [ 73.2934642, 22.3166119 ], [ 73.2935071, 22.316731 ], [ 73.2933784, 22.317128 ], [ 73.2933998, 22.3171876 ], [ 73.2934427, 22.3171876 ], [ 73.2935929, 22.3169295 ], [ 73.2935929, 22.3166913 ], [ 73.2936358, 22.3166516 ], [ 73.2936358, 22.3164531 ], [ 73.29355, 22.3162149 ], [ 73.29355, 22.3159767 ], [ 73.2935929, 22.315937 ], [ 73.2935929, 22.3157782 ], [ 73.2936788, 22.3156591 ], [ 73.2935286, 22.3154804 ], [ 73.293314, 22.315401 ], [ 73.2932711, 22.3153216 ], [ 73.2930136, 22.3152819 ], [ 73.2929707, 22.3153216 ], [ 73.2926917, 22.315143 ], [ 73.2927561, 22.3149246 ], [ 73.2929277, 22.3149246 ], [ 73.2929921, 22.314865 ], [ 73.2929492, 22.3147459 ], [ 73.293035, 22.3146665 ], [ 73.293035, 22.3145871 ], [ 73.2929707, 22.3145276 ], [ 73.2928848, 22.3145276 ], [ 73.2927561, 22.3144085 ], [ 73.2924986, 22.3144482 ], [ 73.2923698, 22.3143291 ], [ 73.2923913, 22.3145077 ], [ 73.2923269, 22.3145673 ], [ 73.292284, 22.3145276 ], [ 73.2920694, 22.3145276 ], [ 73.2919836, 22.3144879 ], [ 73.2920051, 22.3149842 ], [ 73.2919407, 22.3150437 ], [ 73.2918978, 22.315004 ], [ 73.291769, 22.315004 ], [ 73.2917047, 22.3149445 ], [ 73.2916617, 22.3147062 ], [ 73.2919192, 22.3145077 ], [ 73.2918334, 22.3143489 ], [ 73.2918763, 22.3141107 ], [ 73.2918334, 22.314071 ], [ 73.2920051, 22.3139122 ], [ 73.2917476, 22.3136343 ], [ 73.2917476, 22.3135152 ], [ 73.2918334, 22.3133961 ], [ 73.2917476, 22.3133167 ], [ 73.2917047, 22.3131579 ], [ 73.291533, 22.3129991 ], [ 73.2917047, 22.31288 ], [ 73.2916617, 22.3127609 ], [ 73.2918119, 22.3126219 ], [ 73.2919192, 22.312602 ], [ 73.2919407, 22.3125028 ], [ 73.2920265, 22.3125425 ], [ 73.2920909, 22.3124829 ], [ 73.292048, 22.3124432 ], [ 73.2920694, 22.3123837 ], [ 73.2921553, 22.3124234 ], [ 73.2923698, 22.3122646 ], [ 73.2924986, 22.3123043 ], [ 73.2927132, 22.3122249 ], [ 73.292799, 22.3121455 ], [ 73.2930136, 22.3121455 ], [ 73.2930994, 22.3121852 ], [ 73.2932281, 22.3121455 ], [ 73.2933569, 22.3122646 ], [ 73.2934427, 22.3121852 ], [ 73.2936573, 22.3121852 ], [ 73.2936573, 22.3120661 ], [ 73.2934856, 22.3121058 ], [ 73.2934427, 22.3120661 ], [ 73.293314, 22.3120661 ], [ 73.2932496, 22.3119668 ], [ 73.2933354, 22.3118874 ], [ 73.2933354, 22.3117683 ], [ 73.2933998, 22.3117087 ], [ 73.2935929, 22.3116492 ], [ 73.2936358, 22.3113713 ], [ 73.2935929, 22.3112919 ], [ 73.2936573, 22.3112323 ], [ 73.2937217, 22.3112522 ], [ 73.2936788, 22.3113713 ], [ 73.2937646, 22.311411 ], [ 73.293786, 22.3114705 ], [ 73.2938719, 22.3114705 ], [ 73.2939363, 22.311411 ], [ 73.2938933, 22.3111331 ], [ 73.2939363, 22.3110934 ], [ 73.2935715, 22.3106765 ], [ 73.2934856, 22.3106765 ], [ 73.2933569, 22.3105574 ], [ 73.2932496, 22.3105772 ], [ 73.2932496, 22.3106963 ], [ 73.2931852, 22.3107559 ], [ 73.2928848, 22.3106368 ], [ 73.2928205, 22.3105375 ], [ 73.2929921, 22.3103787 ], [ 73.2929277, 22.3103192 ], [ 73.2927561, 22.3103192 ], [ 73.2927775, 22.3104184 ], [ 73.2927132, 22.3104383 ], [ 73.2926702, 22.3103589 ], [ 73.2924557, 22.3103589 ], [ 73.2924128, 22.3103192 ], [ 73.2922626, 22.3103787 ], [ 73.292284, 22.3104383 ], [ 73.2921553, 22.3103986 ], [ 73.2920694, 22.310478 ], [ 73.2919836, 22.3104383 ], [ 73.291769, 22.3105971 ], [ 73.2916403, 22.3105574 ], [ 73.2916188, 22.3106566 ], [ 73.2916617, 22.310736 ], [ 73.2915974, 22.3107956 ], [ 73.2914257, 22.3106765 ], [ 73.2913613, 22.3106963 ], [ 73.2914042, 22.3109345 ], [ 73.291254, 22.3110338 ], [ 73.2911468, 22.3109743 ], [ 73.2911682, 22.3107162 ], [ 73.2909966, 22.3108353 ], [ 73.2908678, 22.3108353 ], [ 73.290782, 22.3107559 ], [ 73.2906532, 22.3107559 ], [ 73.290503, 22.3105772 ], [ 73.2904601, 22.310339 ], [ 73.2902455, 22.3101802 ], [ 73.2902026, 22.309942 ], [ 73.2898164, 22.3096244 ], [ 73.2897735, 22.3089097 ], [ 73.289516, 22.3087906 ], [ 73.289516, 22.3086715 ], [ 73.2897467, 22.3082595 ], [ 73.2894489, 22.3081901 ], [ 73.2888937, 22.3081355 ], [ 73.2876921, 22.3080164 ], [ 73.2864475, 22.3078973 ], [ 73.2853317, 22.3078576 ], [ 73.2837439, 22.3078576 ], [ 73.2819414, 22.3077782 ], [ 73.2815552, 22.3076987 ], [ 73.2807398, 22.3075002 ], [ 73.2800102, 22.3073017 ], [ 73.2794952, 22.3073017 ], [ 73.2793665, 22.3073414 ], [ 73.2792592, 22.3074407 ], [ 73.2791734, 22.3076392 ], [ 73.2790446, 22.3083539 ], [ 73.2789159, 22.3095052 ], [ 73.2787442, 22.3114507 ], [ 73.2787013, 22.3117683 ], [ 73.2785135, 22.3140363 ], [ 73.2784492, 22.3147906 ], [ 73.2785189, 22.3153812 ], [ 73.2787871, 22.3149842 ], [ 73.2789588, 22.3149047 ], [ 73.2792377, 22.315004 ], [ 73.2793236, 22.315004 ], [ 73.2794523, 22.3151231 ], [ 73.2795811, 22.3150834 ], [ 73.279624, 22.3151628 ], [ 73.2798815, 22.3152422 ], [ 73.2800102, 22.3154407 ], [ 73.2801175, 22.3154606 ], [ 73.2801604, 22.3156194 ], [ 73.2804823, 22.3158377 ], [ 73.280654, 22.3158377 ], [ 73.2807398, 22.3159171 ], [ 73.2808256, 22.3159171 ], [ 73.2809114, 22.3160362 ], [ 73.2809973, 22.3160759 ], [ 73.2812977, 22.3161156 ], [ 73.2815123, 22.316195 ], [ 73.2817054, 22.316334 ], [ 73.2818556, 22.3165921 ], [ 73.2820272, 22.3165921 ], [ 73.2821989, 22.3167112 ], [ 73.2822847, 22.3167112 ], [ 73.2824564, 22.3169494 ], [ 73.2826281, 22.3170685 ], [ 73.2827568, 22.3170288 ], [ 73.2828856, 22.3172273 ], [ 73.283143, 22.3172273 ], [ 73.2831216, 22.317525 ], [ 73.283186, 22.3175846 ], [ 73.2834435, 22.3175052 ], [ 73.2834864, 22.3175449 ], [ 73.2836151, 22.3175449 ], [ 73.283658, 22.3176243 ], [ 73.2837439, 22.317664 ], [ 73.2838941, 22.3175647 ], [ 73.2839155, 22.3174655 ], [ 73.2839584, 22.3174655 ], [ 73.2840014, 22.3175846 ], [ 73.2843018, 22.3176243 ], [ 73.2843447, 22.3177037 ], [ 73.2844734, 22.317664 ], [ 73.284688, 22.317664 ], [ 73.2847738, 22.3177037 ], [ 73.2848597, 22.3176243 ], [ 73.2850742, 22.3176243 ], [ 73.2853103, 22.3174853 ], [ 73.2852888, 22.3174258 ], [ 73.2851386, 22.3174059 ], [ 73.2851386, 22.3173265 ], [ 73.2850313, 22.3171479 ], [ 73.2849669, 22.3171677 ] ], [ [ 73.2929707, 22.311669 ], [ 73.2929277, 22.3117087 ], [ 73.2928419, 22.3117087 ], [ 73.2927775, 22.3116095 ], [ 73.2928419, 22.3115499 ], [ 73.2929707, 22.3115499 ], [ 73.2929707, 22.311669 ] ], [ [ 73.2847953, 22.3143092 ], [ 73.2847524, 22.3143092 ], [ 73.2847095, 22.3142695 ], [ 73.2847095, 22.3141504 ], [ 73.2848382, 22.314071 ], [ 73.2848597, 22.3140115 ], [ 73.2849884, 22.3139718 ], [ 73.2850957, 22.3138725 ], [ 73.2850528, 22.3135946 ], [ 73.2848811, 22.3133564 ], [ 73.2848811, 22.313277 ], [ 73.2849455, 22.3132571 ], [ 73.2850957, 22.3134358 ], [ 73.2850957, 22.3135549 ], [ 73.2851386, 22.3135946 ], [ 73.2851386, 22.313674 ], [ 73.2852244, 22.3137534 ], [ 73.2852244, 22.3138328 ], [ 73.2851601, 22.3139321 ], [ 73.2851171, 22.3139321 ], [ 73.2847953, 22.3142298 ], [ 73.2847953, 22.3143092 ] ], [ [ 73.2909322, 22.3140313 ], [ 73.2910395, 22.3140115 ], [ 73.2911253, 22.3139718 ], [ 73.2911897, 22.314071 ], [ 73.2911897, 22.3143886 ], [ 73.2912755, 22.3145077 ], [ 73.2912326, 22.3147062 ], [ 73.2913184, 22.3147459 ], [ 73.2913613, 22.3149047 ], [ 73.2914472, 22.3149842 ], [ 73.2914901, 22.315143 ], [ 73.2914257, 22.3152025 ], [ 73.291297, 22.3152025 ], [ 73.2912326, 22.315143 ], [ 73.2912326, 22.3149842 ], [ 73.2911038, 22.3148253 ], [ 73.2911468, 22.3146665 ], [ 73.2908463, 22.3144283 ], [ 73.2908893, 22.3142298 ], [ 73.2909322, 22.3141901 ], [ 73.2909322, 22.3140313 ] ], [ [ 73.2883787, 22.3153216 ], [ 73.2882929, 22.3153613 ], [ 73.2882714, 22.3153018 ], [ 73.2883787, 22.3152422 ], [ 73.2885289, 22.3152621 ], [ 73.2884645, 22.3153216 ], [ 73.2883787, 22.3153216 ] ], [ [ 73.2929277, 22.3153613 ], [ 73.2931423, 22.3154407 ], [ 73.2932496, 22.3155797 ], [ 73.2930565, 22.315798 ], [ 73.2928848, 22.3157583 ], [ 73.2926917, 22.31554 ], [ 73.2927132, 22.3154804 ], [ 73.292799, 22.3155598 ], [ 73.2929063, 22.3154606 ], [ 73.2929277, 22.3153613 ] ], [ [ 73.2846451, 22.3172273 ], [ 73.284688, 22.317267 ], [ 73.2847095, 22.3174456 ], [ 73.2846451, 22.3175052 ], [ 73.2845807, 22.3174059 ], [ 73.2845807, 22.3173265 ], [ 73.2846451, 22.3172273 ] ] ] } },
{ "type": "Feature", "properties": { "element": "relation", "id": 12626635, "waterway": null }, "geometry": { "type": "Polygon", "coordinates": [ [ [ 73.0399532, 22.300276 ], [ 73.0399818, 22.3006909 ], [ 73.0402958, 22.3017828 ], [ 73.040353, 22.3032551 ], [ 73.0406284, 22.3043934 ], [ 73.0409228, 22.3050337 ], [ 73.0419373, 22.3073712 ], [ 73.0426776, 22.30887 ], [ 73.0443437, 22.311759 ], [ 73.0457453, 22.314027 ], [ 73.0469503, 22.3164769 ], [ 73.0483885, 22.3215284 ], [ 73.0488896, 22.3226166 ], [ 73.0491471, 22.3231823 ], [ 73.0496863, 22.3236694 ], [ 73.0526517, 22.3258173 ], [ 73.0534512, 22.3263248 ], [ 73.0539966, 22.3270032 ], [ 73.0542487, 22.3275789 ], [ 73.0544383, 22.32827 ], [ 73.0545384, 22.3288244 ], [ 73.0544955, 22.3292586 ], [ 73.0544203, 22.3294844 ], [ 73.0541736, 22.329926 ], [ 73.0540609, 22.3304706 ], [ 73.0540596, 22.3305041 ], [ 73.0540569, 22.3305487 ], [ 73.0540824, 22.3305996 ], [ 73.0541588, 22.3306715 ], [ 73.0542205, 22.3307274 ], [ 73.054246, 22.3308341 ], [ 73.0542219, 22.3310375 ], [ 73.0542138, 22.3313327 ], [ 73.0540636, 22.3319431 ], [ 73.0539429, 22.3326601 ], [ 73.0538678, 22.3331489 ], [ 73.0538329, 22.3334838 ], [ 73.0536371, 22.3345903 ], [ 73.0533743, 22.3355033 ], [ 73.0532935, 22.3358858 ], [ 73.0532187, 22.3363568 ], [ 73.0529666, 22.3373144 ], [ 73.0528164, 22.3379099 ], [ 73.0525911, 22.3385003 ], [ 73.0521219, 22.3397481 ], [ 73.0516116, 22.3411296 ], [ 73.0537457, 22.3412914 ], [ 73.0552518, 22.3421274 ], [ 73.0558795, 22.3405495 ], [ 73.0562282, 22.3395224 ], [ 73.0571559, 22.3370925 ], [ 73.0577785, 22.335548 ], [ 73.0580914, 22.3346234 ], [ 73.0588811, 22.3325275 ], [ 73.0592161, 22.3317322 ], [ 73.0594146, 22.330978 ], [ 73.0594522, 22.330452 ], [ 73.0596185, 22.3299359 ], [ 73.0597365, 22.3295489 ], [ 73.060323, 22.3281846 ], [ 73.0607694, 22.3271445 ], [ 73.0616706, 22.3251676 ], [ 73.0624259, 22.3236273 ], [ 73.0630353, 22.3220869 ], [ 73.0635159, 22.3205783 ], [ 73.063782, 22.3195779 ], [ 73.0638249, 22.3184028 ], [ 73.0637133, 22.3173229 ], [ 73.0632756, 22.3160287 ], [ 73.062703, 22.3145524 ], [ 73.0620568, 22.3130828 ], [ 73.0614585, 22.3121753 ], [ 73.0610698, 22.3116059 ], [ 73.0598545, 22.3102745 ], [ 73.0590284, 22.309406 ], [ 73.0584383, 22.30887 ], [ 73.0580145, 22.3083836 ], [ 73.0574351, 22.3078476 ], [ 73.0567646, 22.3071776 ], [ 73.0559063, 22.3065325 ], [ 73.0555791, 22.3062396 ], [ 73.0552894, 22.3060064 ], [ 73.0545545, 22.3054704 ], [ 73.0537283, 22.304984 ], [ 73.052575, 22.3043984 ], [ 73.0516362, 22.3038624 ], [ 73.0510408, 22.3034653 ], [ 73.0505097, 22.303103 ], [ 73.0489272, 22.3022394 ], [ 73.0484337, 22.302031 ], [ 73.0478947, 22.3018229 ], [ 73.0475324, 22.3016041 ], [ 73.0470711, 22.3013659 ], [ 73.0463469, 22.3009887 ], [ 73.0454564, 22.3004725 ], [ 73.0437148, 22.2991229 ], [ 73.0420754, 22.2977729 ], [ 73.0415404, 22.297296 ], [ 73.0406177, 22.2976931 ], [ 73.0392366, 22.2988926 ], [ 73.0398996, 22.2999484 ], [ 73.0399532, 22.300276 ] ], [ [ 73.0527818, 22.3204524 ], [ 73.0514216, 22.3205423 ], [ 73.0497422, 22.3199832 ], [ 73.0483798, 22.3178522 ], [ 73.0461464, 22.3125376 ], [ 73.0437305, 22.3079634 ], [ 73.0421305, 22.3049542 ], [ 73.0418408, 22.3038872 ], [ 73.0416376, 22.3029733 ], [ 73.0414492, 22.3020856 ], [ 73.0413258, 22.3013609 ], [ 73.041358, 22.3011426 ], [ 73.0415189, 22.3010929 ], [ 73.041932, 22.3012666 ], [ 73.0433267, 22.3021749 ], [ 73.0445015, 22.303237 ], [ 73.0453652, 22.3037929 ], [ 73.0473661, 22.3051776 ], [ 73.0487609, 22.3062893 ], [ 73.0496671, 22.3069963 ], [ 73.0508731, 22.3080803 ], [ 73.052315, 22.3094461 ], [ 73.0538893, 22.3113514 ], [ 73.0548041, 22.312662 ], [ 73.0551338, 22.3141108 ], [ 73.0555165, 22.3152982 ], [ 73.055568, 22.3165448 ], [ 73.0555124, 22.3174004 ], [ 73.0554342, 22.3187955 ], [ 73.0547046, 22.3198475 ], [ 73.0527818, 22.3204524 ] ] ] } },
{ "type": "Feature", "properties": { "element": "way", "id": 28937447, "waterway": null }, "geometry": { "type": "Polygon", "coordinates": [ [ [ 73.1983933, 22.2756949 ], [ 73.1983332, 22.2758061 ], [ 73.1983075, 22.2760523 ], [ 73.1983246, 22.2764335 ], [ 73.1984791, 22.2765209 ], [ 73.1987624, 22.2763779 ], [ 73.1990113, 22.2761714 ], [ 73.1990113, 22.2760682 ], [ 73.1990113, 22.275957 ], [ 73.1989169, 22.275814 ], [ 73.1986851, 22.2756949 ], [ 73.1983933, 22.2756949 ] ] ] } },
{ "type": "Feature", "properties": { "element": "way", "id": 28938076, "waterway": null }, "geometry": { "type": "Polygon", "coordinates": [ [ [ 73.1882567, 22.2764097 ], [ 73.1882888, 22.276859 ], [ 73.1883188, 22.2773649 ], [ 73.1886773, 22.2773628 ], [ 73.1891064, 22.2773628 ], [ 73.1892438, 22.2773231 ], [ 73.1893124, 22.2772198 ], [ 73.1893382, 22.2770531 ], [ 73.1893296, 22.2768863 ], [ 73.1891236, 22.2767274 ], [ 73.1882567, 22.2764097 ] ] ] } },
{ "type": "Feature", "properties": { "element": "way", "id": 28938097, "waterway": null }, "geometry": { "type": "Polygon", "coordinates": [ [ [ 73.1856989, 22.2777282 ], [ 73.1857419, 22.2779347 ], [ 73.1858706, 22.278165 ], [ 73.1860509, 22.2784906 ], [ 73.1862053, 22.2785701 ], [ 73.1863684, 22.2785701 ], [ 73.1864199, 22.2784906 ], [ 73.1864421, 22.2782632 ], [ 73.1864221, 22.2780038 ], [ 73.1864172, 22.2779 ], [ 73.1863856, 22.2776964 ], [ 73.1862053, 22.2776726 ], [ 73.1858783, 22.2776849 ], [ 73.1856989, 22.2777282 ] ] ] } },
{ "type": "Feature", "properties": { "element": "way", "id": 28938500, "waterway": null }, "geometry": { "type": "Polygon", "coordinates": [ [ [ 73.2097401, 22.2751389 ], [ 73.2096945, 22.2752532 ], [ 73.2096996, 22.275405 ], [ 73.2097401, 22.2756711 ], [ 73.2098824, 22.2761075 ], [ 73.2099966, 22.2763445 ], [ 73.2101006, 22.2764971 ], [ 73.210351, 22.2768093 ], [ 73.2105477, 22.2770617 ], [ 73.2106321, 22.2771739 ], [ 73.2106938, 22.2772439 ], [ 73.2111185, 22.2771227 ], [ 73.2112126, 22.2771012 ], [ 73.2113017, 22.2770609 ], [ 73.2113857, 22.2769925 ], [ 73.2113989, 22.2769335 ], [ 73.2114659, 22.2766106 ], [ 73.2117557, 22.2759776 ], [ 73.2118945, 22.2756711 ], [ 73.2119837, 22.2754844 ], [ 73.2119363, 22.2754804 ], [ 73.2118413, 22.2754444 ], [ 73.2117361, 22.2754506 ], [ 73.2115613, 22.2754278 ], [ 73.2114294, 22.2754571 ], [ 73.2111046, 22.2754713 ], [ 73.2106608, 22.2754456 ], [ 73.2101631, 22.2753194 ], [ 73.2100743, 22.2752022 ], [ 73.2099472, 22.2751008 ], [ 73.2098199, 22.2750867 ], [ 73.2097401, 22.2751389 ] ] ] } },
{ "type": "Feature", "properties": { "element": "way", "id": 29031407, "waterway": "river" }, "geometry": { "type": "LineString", "coordinates": [ [ 73.2213965, 22.3186439 ], [ 73.2207956, 22.3178975 ], [ 73.2201691, 22.3173179 ], [ 73.2195082, 22.3168335 ], [ 73.2188387, 22.3164524 ], [ 73.2179289, 22.3160872 ], [ 73.2167444, 22.3155631 ], [ 73.216397, 22.3153146 ], [ 73.215723, 22.3148326 ], [ 73.2146502, 22.3139909 ], [ 73.2136717, 22.3130619 ], [ 73.2133455, 22.3124267 ], [ 73.213131, 22.3119502 ], [ 73.2127619, 22.3116088 ], [ 73.2123327, 22.3113388 ], [ 73.2110624, 22.3111085 ], [ 73.2105646, 22.3110847 ], [ 73.2102985, 22.3112674 ], [ 73.2100411, 22.3114976 ], [ 73.2099896, 22.3117597 ], [ 73.2101269, 22.3136257 ], [ 73.2100067, 22.3139433 ], [ 73.2096205, 22.3143324 ], [ 73.2094145, 22.3147453 ], [ 73.2093372, 22.315182 ], [ 73.2091313, 22.3154599 ], [ 73.2089682, 22.3156266 ], [ 73.2087965, 22.3156504 ], [ 73.2086163, 22.315571 ], [ 73.2085047, 22.315444 ], [ 73.2083845, 22.3154361 ], [ 73.2082043, 22.3154996 ], [ 73.2079897, 22.3155234 ], [ 73.2078095, 22.3154202 ], [ 73.2071314, 22.3147294 ], [ 73.2070799, 22.314642 ], [ 73.2070799, 22.3144832 ], [ 73.2072086, 22.3143324 ], [ 73.2073631, 22.3141894 ], [ 73.2073889, 22.3140862 ], [ 73.2073803, 22.3138798 ], [ 73.2071743, 22.3137924 ], [ 73.2068396, 22.3137686 ], [ 73.206625, 22.3137051 ], [ 73.2065907, 22.313578 ], [ 73.206625, 22.3134272 ], [ 73.206728, 22.313316 ], [ 73.2069512, 22.3133716 ], [ 73.2070799, 22.3132683 ], [ 73.2071228, 22.3131095 ], [ 73.2070971, 22.3129428 ], [ 73.207037, 22.3128952 ], [ 73.2065821, 22.3127999 ], [ 73.2063246, 22.3126649 ], [ 73.2060328, 22.3123393 ], [ 73.2058735, 22.3123703 ], [ 73.2057238, 22.3123552 ], [ 73.2054491, 22.3122123 ], [ 73.2052689, 22.3120058 ], [ 73.2050629, 22.3115453 ], [ 73.2048998, 22.3114023 ], [ 73.2047796, 22.3114341 ], [ 73.2045565, 22.3115135 ], [ 73.2044449, 22.3114818 ], [ 73.2041617, 22.3113388 ], [ 73.2036381, 22.3108624 ], [ 73.2031489, 22.3106162 ], [ 73.2028227, 22.3105924 ], [ 73.2027025, 22.3104812 ], [ 73.2026339, 22.3103542 ], [ 73.2025309, 22.310251 ], [ 73.2023506, 22.3102113 ], [ 73.2021017, 22.3101636 ], [ 73.2014923, 22.3098301 ], [ 73.2007799, 22.3095919 ], [ 73.2005053, 22.3094013 ], [ 73.2003164, 22.3093378 ], [ 73.2000761, 22.3092743 ], [ 73.1998959, 22.3091949 ], [ 73.1998015, 22.3090996 ], [ 73.199604, 22.3089487 ], [ 73.1993218, 22.3089334 ], [ 73.1991663, 22.3089249 ], [ 73.1990118, 22.3087899 ], [ 73.1985741, 22.3083929 ], [ 73.1983252, 22.3084008 ], [ 73.1981707, 22.3084961 ], [ 73.1979818, 22.3086629 ], [ 73.1976299, 22.3087184 ], [ 73.1972952, 22.3087502 ], [ 73.1971407, 22.3086787 ], [ 73.1970635, 22.3086073 ], [ 73.1970549, 22.3084485 ], [ 73.1970377, 22.3083214 ], [ 73.1969175, 22.308242 ], [ 73.1966343, 22.308107 ], [ 73.1964712, 22.3080752 ], [ 73.1962309, 22.3081546 ], [ 73.1960421, 22.3082658 ], [ 73.1959133, 22.3082658 ], [ 73.1958275, 22.3081467 ], [ 73.1953383, 22.307972 ], [ 73.1946344, 22.3078132 ], [ 73.1941452, 22.3076544 ], [ 73.1936817, 22.3073923 ], [ 73.1933384, 22.3072176 ], [ 73.1931246, 22.3071909 ], [ 73.192797, 22.3074688 ], [ 73.1927392, 22.3075483 ], [ 73.1926174, 22.3076306 ], [ 73.1924914, 22.3076906 ], [ 73.1923979, 22.3078157 ], [ 73.1922981, 22.3079064 ], [ 73.1921821, 22.3079083 ], [ 73.1920853, 22.3079244 ], [ 73.1917334, 22.3080911 ], [ 73.1907806, 22.3085914 ], [ 73.1905232, 22.3087581 ], [ 73.1901369, 22.3089567 ], [ 73.1897853, 22.3090994 ] ] } },
{ "type": "Feature", "properties": { "element": "way", "id": 29033365, "waterway": "canal" }, "geometry": { "type": "LineString", "coordinates": [ [ 73.2066585, 22.3505066 ], [ 73.202058, 22.3503637 ], [ 73.1998865, 22.3503082 ], [ 73.1984617, 22.350324 ], [ 73.1966764, 22.3504034 ], [ 73.192299, 22.3505304 ], [ 73.1909515, 22.3505542 ], [ 73.1896469, 22.3506654 ], [ 73.1878273, 22.35084 ], [ 73.1871921, 22.3508956 ], [ 73.1866085, 22.3508956 ], [ 73.1851923, 22.3508003 ], [ 73.1815616, 22.3504907 ], [ 73.1801025, 22.3503875 ], [ 73.1788494, 22.3503558 ] ] } },
{ "type": "Feature", "properties": { "element": "way", "id": 29033388, "waterway": "canal" }, "geometry": { "type": "LineString", "coordinates": [ [ 73.2240461, 22.352944 ], [ 73.2199365, 22.3510782 ], [ 73.2194215, 22.3509273 ], [ 73.2189323, 22.3508638 ], [ 73.2178255, 22.3508766 ], [ 73.2135078, 22.3506892 ], [ 73.2082069, 22.3506154 ] ] } },
{ "type": "Feature", "properties": { "element": "way", "id": 29033425, "waterway": "canal" }, "geometry": { "type": "LineString", "coordinates": [ [ 73.2475289, 22.362396 ], [ 73.2453853, 22.3624373 ], [ 73.2448961, 22.3624056 ], [ 73.2445098, 22.36235 ], [ 73.244115, 22.362223 ], [ 73.2430078, 22.3616991 ], [ 73.238645, 22.3596875 ], [ 73.2341329, 22.3574779 ], [ 73.2307769, 22.3559084 ], [ 73.2255048, 22.3536 ] ] } },
{ "type": "Feature", "properties": { "element": "way", "id": 29033571, "waterway": "canal" }, "geometry": { "type": "LineString", "coordinates": [ [ 73.3502189, 22.3581113 ], [ 73.3495752, 22.3579208 ], [ 73.3454982, 22.3565316 ], [ 73.3341943, 22.352515 ], [ 73.3318512, 22.3517053 ], [ 73.331422, 22.3515862 ], [ 73.3310958, 22.3515148 ], [ 73.3306667, 22.3514989 ], [ 73.3227788, 22.3513957 ], [ 73.31308, 22.3512052 ], [ 73.3124019, 22.3512052 ], [ 73.3120071, 22.3512369 ], [ 73.3117067, 22.3512766 ], [ 73.3113977, 22.3513639 ], [ 73.3111145, 22.3514671 ], [ 73.3107969, 22.3516259 ], [ 73.3093951, 22.3525742 ], [ 73.3089429, 22.3528801 ], [ 73.305951, 22.3549063 ], [ 73.3053209, 22.355333 ], [ 73.3048174, 22.3556675 ], [ 73.3019992, 22.3575397 ], [ 73.3016302, 22.3577382 ], [ 73.3012353, 22.3578652 ], [ 73.3006695, 22.3579504 ], [ 73.3002912, 22.3579763 ], [ 73.2987892, 22.3578811 ], [ 73.2926609, 22.3575953 ], [ 73.2909957, 22.357508 ], [ 73.290558, 22.357508 ], [ 73.2900945, 22.3575556 ], [ 73.2857515, 22.358405 ], [ 73.277676, 22.3599716 ], [ 73.2770514, 22.3601126 ], [ 73.2722825, 22.3610175 ], [ 73.2714178, 22.3611722 ], [ 73.2706571, 22.3612179 ], [ 73.2694562, 22.3612742 ], [ 73.2651577, 22.3615201 ], [ 73.2643367, 22.3615592 ], [ 73.2562768, 22.3619921 ], [ 73.248593, 22.3623424 ] ] } },
{ "type": "Feature", "properties": { "element": "way", "id": 29033578, "waterway": "canal" }, "geometry": { "type": "LineString", "coordinates": [ [ 73.248593, 22.3623424 ], [ 73.2475289, 22.362396 ] ] } },
{ "type": "Feature", "properties": { "element": "way", "id": 29033581, "waterway": "canal" }, "geometry": { "type": "LineString", "coordinates": [ [ 73.2255048, 22.3536 ], [ 73.2240461, 22.352944 ] ] } },
{ "type": "Feature", "properties": { "element": "way", "id": 29033584, "waterway": "canal" }, "geometry": { "type": "LineString", "coordinates": [ [ 73.2082069, 22.3506154 ], [ 73.2066585, 22.3505066 ] ] } },
{ "type": "Feature", "properties": { "element": "way", "id": 29033586, "waterway": "canal" }, "geometry": { "type": "LineString", "coordinates": [ [ 73.1781541, 22.3503955 ], [ 73.1771959, 22.3504662 ], [ 73.1711246, 22.3506971 ], [ 73.1693479, 22.3507924 ], [ 73.1688415, 22.3507924 ], [ 73.1682407, 22.3507765 ], [ 73.1673738, 22.3506813 ], [ 73.1665584, 22.3505701 ], [ 73.1658718, 22.3503875 ], [ 73.1649019, 22.35007 ], [ 73.1613914, 22.3485855 ], [ 73.1584388, 22.3472757 ] ] } },
{ "type": "Feature", "properties": { "element": "way", "id": 29033599, "waterway": "canal" }, "geometry": { "type": "LineString", "coordinates": [ [ 73.1788494, 22.3503558 ], [ 73.178463, 22.3503745 ], [ 73.1781541, 22.3503955 ] ] } },
{ "type": "Feature", "properties": { "element": "way", "id": 29033608, "waterway": "canal" }, "geometry": { "type": "LineString", "coordinates": [ [ 73.1574775, 22.3468788 ], [ 73.1555463, 22.3460611 ], [ 73.1548425, 22.3456721 ], [ 73.1539585, 22.3451323 ], [ 73.1525423, 22.3441162 ], [ 73.1516325, 22.3434731 ], [ 73.1505252, 22.3427428 ], [ 73.1477958, 22.3410836 ] ] } },
{ "type": "Feature", "properties": { "element": "way", "id": 29033611, "waterway": "canal" }, "geometry": { "type": "LineString", "coordinates": [ [ 73.1468002, 22.3405199 ], [ 73.1455471, 22.3397657 ], [ 73.1448432, 22.3393688 ], [ 73.1440193, 22.3389639 ], [ 73.1426374, 22.3382732 ], [ 73.1420709, 22.3380271 ], [ 73.1415903, 22.3378207 ], [ 73.1408435, 22.3375984 ], [ 73.1401569, 22.3374476 ], [ 73.1395561, 22.3373444 ], [ 73.1384317, 22.3372967 ], [ 73.1351186, 22.3372411 ] ] } },
{ "type": "Feature", "properties": { "element": "way", "id": 29033615, "waterway": "canal" }, "geometry": { "type": "LineString", "coordinates": [ [ 73.1345521, 22.3372253 ], [ 73.1336338, 22.3372094 ] ] } },
{ "type": "Feature", "properties": { "element": "way", "id": 29033619, "waterway": "canal" }, "geometry": { "type": "LineString", "coordinates": [ [ 73.1329128, 22.3372253 ], [ 73.1291706, 22.3371697 ], [ 73.1249134, 22.3371141 ], [ 73.1235143, 22.3370982 ], [ 73.1230251, 22.3370824 ], [ 73.12245, 22.3370347 ], [ 73.1198182, 22.3366396 ], [ 73.1175319, 22.3362964 ] ] } },
{ "type": "Feature", "properties": { "element": "way", "id": 29033627, "waterway": "canal" }, "geometry": { "type": "LineString", "coordinates": [ [ 73.1168281, 22.3362011 ], [ 73.1154548, 22.3360106 ] ] } },
{ "type": "Feature", "properties": { "element": "way", "id": 29033730, "waterway": "canal" }, "geometry": { "type": "LineString", "coordinates": [ [ 73.1148712, 22.3359153 ], [ 73.1131717, 22.3356692 ], [ 73.1118585, 22.3355104 ], [ 73.1085455, 22.3353437 ], [ 73.1057903, 22.3352484 ], [ 73.1037218, 22.3352008 ], [ 73.1000911, 22.3352167 ], [ 73.0969583, 22.3352484 ], [ 73.0963146, 22.3351929 ], [ 73.0959112, 22.3351135 ], [ 73.095276, 22.3349785 ], [ 73.0947267, 22.3347642 ], [ 73.094289, 22.3345022 ], [ 73.0939027, 22.3342402 ], [ 73.0935079, 22.3339147 ], [ 73.0931303, 22.3335018 ], [ 73.0928213, 22.333081 ], [ 73.0925895, 22.3326761 ], [ 73.0923921, 22.3322633 ], [ 73.0922634, 22.3318822 ], [ 73.0921604, 22.3313344 ], [ 73.0921003, 22.3305166 ], [ 73.0919458, 22.3255703 ], [ 73.09186, 22.321791 ], [ 73.0917226, 22.3181147 ], [ 73.091551, 22.3127948 ], [ 73.0914136, 22.3080781 ], [ 73.0913879, 22.307816 ], [ 73.0913278, 22.3074746 ], [ 73.0912334, 22.3071331 ], [ 73.0910102, 22.3066567 ], [ 73.088813, 22.302321 ], [ 73.0861007, 22.2968972 ], [ 73.083543, 22.2917431 ], [ 73.080599, 22.285898 ], [ 73.0804452, 22.2855904 ], [ 73.0793287, 22.2833566 ], [ 73.0791399, 22.283015 ], [ 73.0790454, 22.282745 ], [ 73.0789854, 22.2823717 ], [ 73.0782129, 22.2767645 ], [ 73.0778781, 22.2745247 ], [ 73.0778095, 22.2742626 ], [ 73.0777151, 22.2740164 ], [ 73.0775863, 22.2737542 ], [ 73.0774404, 22.273516 ], [ 73.0772258, 22.27323 ], [ 73.0768911, 22.2729441 ], [ 73.0763418, 22.2725708 ], [ 73.0682136, 22.2669393 ], [ 73.0608665, 22.2616094 ], [ 73.0603429, 22.2612679 ], [ 73.059313, 22.2605847 ], [ 73.0580856, 22.2597825 ], [ 73.0567552, 22.2589484 ], [ 73.0547897, 22.2576536 ], [ 73.0543777, 22.2572723 ], [ 73.0541545, 22.2570261 ], [ 73.05394, 22.2566607 ], [ 73.0537769, 22.2563111 ], [ 73.0535966, 22.2558822 ], [ 73.0520002, 22.2517435 ], [ 73.0510389, 22.2489552 ], [ 73.0495306, 22.2444656 ] ] } },
{ "type": "Feature", "properties": { "element": "way", "id": 29033791, "waterway": "canal" }, "geometry": { "type": "LineString", "coordinates": [ [ 73.1154548, 22.3360106 ], [ 73.1148712, 22.3359153 ] ] } },
{ "type": "Feature", "properties": { "element": "way", "id": 29033793, "waterway": "canal" }, "geometry": { "type": "LineString", "coordinates": [ [ 73.1175319, 22.3362964 ], [ 73.1168281, 22.3362011 ] ] } },
{ "type": "Feature", "properties": { "element": "way", "id": 29033794, "waterway": "canal" }, "geometry": { "type": "LineString", "coordinates": [ [ 73.1336338, 22.3372094 ], [ 73.1329128, 22.3372253 ] ] } },
{ "type": "Feature", "properties": { "element": "way", "id": 29033795, "waterway": "canal" }, "geometry": { "type": "LineString", "coordinates": [ [ 73.1351186, 22.3372411 ], [ 73.1345521, 22.3372253 ] ] } },
{ "type": "Feature", "properties": { "element": "way", "id": 29033797, "waterway": "canal" }, "geometry": { "type": "LineString", "coordinates": [ [ 73.1477958, 22.3410836 ], [ 73.1468002, 22.3405199 ] ] } },
{ "type": "Feature", "properties": { "element": "way", "id": 29033826, "waterway": "canal" }, "geometry": { "type": "LineString", "coordinates": [ [ 73.1584388, 22.3472757 ], [ 73.1574775, 22.3468788 ] ] } },
{ "type": "Feature", "properties": { "element": "way", "id": 29134755, "waterway": null }, "geometry": { "type": "Polygon", "coordinates": [ [ [ 73.2118388, 22.3928011 ], [ 73.2118388, 22.3939042 ], [ 73.2133323, 22.3938962 ], [ 73.2133323, 22.3927931 ], [ 73.2118388, 22.3928011 ] ] ] } },
{ "type": "Feature", "properties": { "element": "way", "id": 29134932, "waterway": "stream" }, "geometry": { "type": "LineString", "coordinates": [ [ 73.1940289, 22.3923567 ], [ 73.1941749, 22.3925709 ], [ 73.1948186, 22.3927376 ], [ 73.1951705, 22.3927852 ], [ 73.1952392, 22.3929201 ], [ 73.1950932, 22.3930471 ], [ 73.1946613, 22.3931199 ], [ 73.1946122, 22.39319 ], [ 73.1946135, 22.3932655 ], [ 73.1946716, 22.3933572 ], [ 73.1949961, 22.3935671 ], [ 73.1957026, 22.3938962 ], [ 73.1956855, 22.394166 ], [ 73.196252, 22.3947215 ], [ 73.196443, 22.3948874 ] ] } },
{ "type": "Feature", "properties": { "element": "way", "id": 29137515, "waterway": "stream" }, "geometry": { "type": "LineString", "coordinates": [ [ 73.2245452, 22.2992236 ], [ 73.2238935, 22.2984276 ], [ 73.2237176, 22.2983863 ], [ 73.2229333, 22.2974056 ], [ 73.2226444, 22.2971131 ] ] } },
{ "type": "Feature", "properties": { "element": "way", "id": 29137798, "waterway": "drain" }, "geometry": { "type": "LineString", "coordinates": [ [ 73.2210007, 22.2913296 ], [ 73.2207958, 22.2908104 ], [ 73.220688, 22.290455 ], [ 73.2206177, 22.2902088 ], [ 73.2205136, 22.2899209 ], [ 73.2203975, 22.289782 ], [ 73.2202437, 22.2895661 ], [ 73.2199986, 22.2893154 ], [ 73.2196321, 22.2889537 ] ] } },
{ "type": "Feature", "properties": { "element": "way", "id": 29137878, "waterway": "river" }, "geometry": { "type": "LineString", "coordinates": [ [ 73.3051041, 22.2860493 ], [ 73.3044003, 22.2857395 ], [ 73.3040398, 22.2855727 ], [ 73.3039539, 22.285406 ], [ 73.3040226, 22.2848818 ], [ 73.3039539, 22.2846118 ], [ 73.3037651, 22.2845562 ], [ 73.3034819, 22.284723 ], [ 73.30313, 22.2846674 ], [ 73.3027008, 22.2845879 ], [ 73.3024605, 22.2841511 ], [ 73.3021858, 22.2838334 ], [ 73.3019798, 22.283754 ], [ 73.3018597, 22.2838493 ], [ 73.3018425, 22.2839129 ], [ 73.3013275, 22.2839923 ], [ 73.3013275, 22.2841511 ], [ 73.3012074, 22.284302 ], [ 73.3009584, 22.28431 ], [ 73.3008297, 22.284167 ], [ 73.3008297, 22.2839129 ], [ 73.3007267, 22.2835317 ], [ 73.3008984, 22.2832934 ], [ 73.3012417, 22.2831266 ], [ 73.3019798, 22.283079 ], [ 73.3027094, 22.2828883 ], [ 73.3028553, 22.2827295 ], [ 73.3027609, 22.2824754 ], [ 73.3023403, 22.2821656 ], [ 73.3017738, 22.2817367 ], [ 73.3009155, 22.2818479 ], [ 73.3004864, 22.2819671 ], [ 73.3005379, 22.2823721 ], [ 73.3001259, 22.2824436 ], [ 73.2998426, 22.2824754 ], [ 73.2997912, 22.2822053 ], [ 73.2995422, 22.2818003 ], [ 73.2991045, 22.2817288 ], [ 73.2986925, 22.2815302 ], [ 73.2985638, 22.281292 ], [ 73.2985895, 22.2809663 ], [ 73.2985294, 22.2806963 ], [ 73.2983835, 22.2806566 ], [ 73.2980402, 22.2808075 ], [ 73.2975166, 22.2807281 ], [ 73.2973879, 22.2805533 ], [ 73.2975166, 22.2803468 ], [ 73.2973536, 22.2800609 ], [ 73.2971819, 22.2799815 ], [ 73.2969502, 22.2799656 ], [ 73.2966412, 22.2800292 ], [ 73.2964523, 22.2799259 ], [ 73.2964523, 22.2796956 ], [ 73.2967184, 22.2792667 ], [ 73.2968901, 22.2789172 ], [ 73.2968901, 22.2783374 ], [ 73.2967012, 22.2782501 ], [ 73.2965038, 22.2782501 ], [ 73.2962292, 22.2783374 ], [ 73.2959803, 22.2782262 ], [ 73.2957228, 22.2782183 ], [ 73.2954224, 22.2783454 ], [ 73.2949417, 22.2781706 ], [ 73.2948044, 22.277853 ], [ 73.2948473, 22.2775511 ], [ 73.2947615, 22.2773526 ], [ 73.2943924, 22.277297 ], [ 73.2940319, 22.277154 ], [ 73.2935341, 22.2767648 ], [ 73.2928732, 22.2765186 ], [ 73.2923582, 22.2763598 ], [ 73.2919806, 22.2761215 ], [ 73.2919548, 22.2759468 ], [ 73.2921093, 22.2757005 ], [ 73.2921093, 22.2753908 ], [ 73.2922037, 22.2748825 ], [ 73.2924698, 22.274533 ], [ 73.2925041, 22.2743503 ], [ 73.2924355, 22.2742073 ], [ 73.2921608, 22.2741835 ], [ 73.2920063, 22.2740723 ], [ 73.2919376, 22.2738658 ], [ 73.2921093, 22.2737149 ], [ 73.292384, 22.2737149 ], [ 73.2926157, 22.2735719 ], [ 73.2927273, 22.2736196 ], [ 73.2930105, 22.2735243 ], [ 73.2932079, 22.2733337 ], [ 73.2933109, 22.2728094 ], [ 73.2932509, 22.2724758 ], [ 73.2930363, 22.2724679 ], [ 73.2927101, 22.2725394 ], [ 73.2923067, 22.2728571 ], [ 73.2922295, 22.2732701 ], [ 73.2920406, 22.2734131 ], [ 73.2917231, 22.2733178 ], [ 73.2912939, 22.2733019 ], [ 73.2911995, 22.2730001 ], [ 73.2914227, 22.2727777 ], [ 73.2913197, 22.2722217 ], [ 73.2913197, 22.2719119 ], [ 73.2915171, 22.2718484 ], [ 73.2915943, 22.2714592 ], [ 73.2918432, 22.2711971 ], [ 73.2918003, 22.2709747 ], [ 73.2911823, 22.2708317 ], [ 73.2911566, 22.2706411 ], [ 73.2914484, 22.2702598 ], [ 73.2914742, 22.2700136 ], [ 73.2912252, 22.26995 ], [ 73.2907017, 22.26995 ], [ 73.2903584, 22.2699262 ], [ 73.2901266, 22.2696164 ], [ 73.2901266, 22.2692987 ], [ 73.2901867, 22.2690287 ], [ 73.2904528, 22.2689731 ], [ 73.2907703, 22.2691399 ], [ 73.2911394, 22.2687824 ], [ 73.2914141, 22.2687348 ], [ 73.2918518, 22.2681867 ], [ 73.2918861, 22.2679961 ], [ 73.2916115, 22.2677578 ], [ 73.2913969, 22.2677181 ], [ 73.2908047, 22.2677657 ], [ 73.2900494, 22.2675195 ], [ 73.289603, 22.2673051 ], [ 73.2895859, 22.2670747 ], [ 73.2898605, 22.2667729 ], [ 73.2900837, 22.2666934 ], [ 73.2904099, 22.266757 ], [ 73.2904442, 22.2669079 ], [ 73.2909678, 22.2667967 ], [ 73.2909592, 22.2665028 ], [ 73.2908476, 22.2661533 ], [ 73.2907103, 22.2657244 ], [ 73.2905815, 22.2653908 ], [ 73.2907789, 22.2652399 ], [ 73.2911394, 22.2652319 ], [ 73.2917402, 22.2650254 ], [ 73.2920664, 22.2648586 ], [ 73.2919376, 22.2646521 ], [ 73.2916201, 22.2645965 ], [ 73.2913969, 22.2643423 ], [ 73.2909592, 22.2643423 ], [ 73.2906673, 22.2643026 ], [ 73.2905644, 22.2639292 ], [ 73.291251, 22.2636512 ], [ 73.2914656, 22.2637068 ], [ 73.2919119, 22.263826 ], [ 73.2922209, 22.2637783 ], [ 73.292547, 22.2635718 ], [ 73.292856, 22.2633414 ], [ 73.2926844, 22.2632223 ], [ 73.292444, 22.2629999 ], [ 73.2923153, 22.2626107 ], [ 73.2921093, 22.2623644 ], [ 73.2917059, 22.2624756 ], [ 73.2911394, 22.2623009 ], [ 73.2908304, 22.2619911 ], [ 73.2908304, 22.2616813 ], [ 73.2911566, 22.261308 ], [ 73.2911738, 22.2609426 ], [ 73.2909334, 22.2607678 ], [ 73.2905472, 22.2608075 ], [ 73.2895172, 22.2600847 ], [ 73.2890366, 22.2599735 ], [ 73.2887791, 22.2594413 ], [ 73.2884014, 22.2592188 ], [ 73.2881954, 22.2591474 ], [ 73.2880066, 22.2592427 ], [ 73.2879379, 22.2591474 ], [ 73.2880924, 22.258639 ], [ 73.2883499, 22.2584801 ], [ 73.2886589, 22.2585278 ], [ 73.2890451, 22.2585437 ], [ 73.2892769, 22.2584483 ], [ 73.2895172, 22.2575904 ], [ 73.2892254, 22.2573203 ], [ 73.2891396, 22.2574951 ], [ 73.2888907, 22.2575428 ], [ 73.2883499, 22.2574713 ], [ 73.2881783, 22.257646 ], [ 73.2879465, 22.2579399 ], [ 73.2878092, 22.2579797 ], [ 73.2876461, 22.2578923 ], [ 73.2875603, 22.2574713 ], [ 73.2873457, 22.2573601 ], [ 73.2871826, 22.2573918 ], [ 73.2869509, 22.2572489 ], [ 73.286908, 22.2568676 ], [ 73.2863501, 22.2568199 ], [ 73.2854145, 22.2571853 ], [ 73.2847536, 22.2574554 ], [ 73.2842815, 22.2575904 ], [ 73.2838095, 22.2575666 ], [ 73.2838009, 22.2574077 ], [ 73.2839211, 22.2573521 ], [ 73.2840241, 22.2571456 ], [ 73.2838867, 22.2568278 ], [ 73.2839726, 22.2559143 ], [ 73.2836292, 22.2556601 ], [ 73.2833889, 22.25539 ], [ 73.28314, 22.25539 ], [ 73.2829083, 22.2557157 ], [ 73.2824963, 22.255962 ], [ 73.2821873, 22.2560255 ], [ 73.281638, 22.2559779 ], [ 73.2812517, 22.2558667 ], [ 73.2808226, 22.2558508 ], [ 73.2805222, 22.2557713 ], [ 73.2803934, 22.2556045 ], [ 73.2803162, 22.2554059 ], [ 73.2801102, 22.2553821 ], [ 73.2799213, 22.2554933 ], [ 73.2795523, 22.2555171 ], [ 73.2792776, 22.2557316 ], [ 73.2791403, 22.2559699 ], [ 73.2788914, 22.2561606 ], [ 73.2786768, 22.2561606 ], [ 73.2785051, 22.2561606 ], [ 73.2784536, 22.2559699 ], [ 73.2782648, 22.255819 ], [ 73.2781962, 22.2556284 ], [ 73.2784708, 22.2555648 ], [ 73.278694, 22.2554377 ], [ 73.2790201, 22.2551835 ], [ 73.2793634, 22.2548658 ], [ 73.2796381, 22.2544289 ], [ 73.2796295, 22.2541111 ], [ 73.2794064, 22.2541032 ], [ 73.2792605, 22.2541747 ], [ 73.2789171, 22.2543018 ], [ 73.2786854, 22.25427 ], [ 73.2781447, 22.2538966 ], [ 73.2780588, 22.2535392 ], [ 73.2782648, 22.253142 ], [ 73.2783506, 22.2528719 ], [ 73.2781189, 22.2526495 ], [ 73.2779129, 22.2521172 ], [ 73.2777327, 22.251728 ], [ 73.2775009, 22.2514023 ], [ 73.2771919, 22.2510527 ], [ 73.2771576, 22.2508144 ], [ 73.2779301, 22.2507747 ], [ 73.2779215, 22.2505523 ], [ 73.2779043, 22.2501789 ], [ 73.2781189, 22.250028 ], [ 73.2785481, 22.2499247 ], [ 73.2786511, 22.2497817 ], [ 73.2786682, 22.249599 ], [ 73.2784365, 22.2494242 ], [ 73.2780073, 22.2492892 ], [ 73.2775524, 22.249178 ], [ 73.2773035, 22.2489952 ], [ 73.2773121, 22.2487649 ], [ 73.2777241, 22.2485822 ], [ 73.2778957, 22.2483677 ], [ 73.2778786, 22.2481929 ], [ 73.277664, 22.2481293 ], [ 73.2771233, 22.2481055 ], [ 73.2767971, 22.2480817 ], [ 73.2766941, 22.2478751 ], [ 73.276737, 22.2475891 ], [ 73.2774151, 22.2472714 ], [ 73.2778872, 22.2470489 ], [ 73.2779472, 22.2469139 ], [ 73.2778013, 22.2466756 ], [ 73.2774237, 22.2464293 ], [ 73.2770031, 22.2463816 ], [ 73.2766769, 22.2464929 ], [ 73.2764195, 22.246612 ], [ 73.2761963, 22.2465723 ], [ 73.276119, 22.2463737 ], [ 73.2765225, 22.2462386 ], [ 73.2770889, 22.2458891 ], [ 73.2770889, 22.2456428 ], [ 73.276737, 22.2454045 ], [ 73.2763422, 22.2451662 ], [ 73.2760504, 22.2451106 ], [ 73.2759045, 22.2449676 ], [ 73.2759903, 22.2447451 ], [ 73.2763765, 22.2444115 ], [ 73.2765139, 22.2441414 ], [ 73.2764109, 22.2438951 ], [ 73.2762049, 22.2437918 ], [ 73.2758959, 22.2438554 ], [ 73.2754667, 22.2438395 ], [ 73.2748488, 22.2437441 ], [ 73.2745054, 22.2436409 ], [ 73.2742136, 22.2434184 ], [ 73.2742136, 22.2431086 ], [ 73.2746943, 22.2428623 ], [ 73.2749432, 22.2426478 ], [ 73.2749517, 22.2423936 ], [ 73.2747629, 22.2422347 ], [ 73.273836, 22.2422188 ], [ 73.2731665, 22.2420599 ], [ 73.273012, 22.2418375 ], [ 73.2729776, 22.2415674 ], [ 73.2726601, 22.2414323 ], [ 73.2724283, 22.2412734 ], [ 73.2724283, 22.2410351 ], [ 73.2726, 22.2408047 ], [ 73.2729433, 22.2405425 ], [ 73.2732008, 22.2402724 ], [ 73.2732695, 22.2399388 ], [ 73.2732008, 22.2397163 ], [ 73.2728146, 22.2394303 ], [ 73.2725485, 22.239192 ], [ 73.2724884, 22.2390013 ], [ 73.2727202, 22.2390013 ], [ 73.2729691, 22.2390807 ], [ 73.2734325, 22.2389218 ], [ 73.2738445, 22.2386835 ], [ 73.2740591, 22.2385087 ], [ 73.2743595, 22.2380877 ], [ 73.2744797, 22.2380082 ], [ 73.2746342, 22.2380559 ], [ 73.2748316, 22.238326 ], [ 73.2750633, 22.2386358 ], [ 73.2752865, 22.2387232 ], [ 73.2755268, 22.2386438 ], [ 73.275647, 22.2384213 ], [ 73.2758616, 22.2381036 ], [ 73.2760933, 22.2378493 ], [ 73.2760675, 22.237603 ], [ 73.2757843, 22.237182 ], [ 73.2754667, 22.2369039 ], [ 73.2751492, 22.2367847 ], [ 73.2743424, 22.236745 ], [ 73.2739819, 22.2367132 ], [ 73.2736986, 22.2367847 ], [ 73.2735355, 22.2367847 ], [ 73.2733982, 22.2366815 ], [ 73.2733467, 22.2365226 ], [ 73.273381, 22.2363954 ], [ 73.273484, 22.236308 ], [ 73.2736557, 22.2358155 ], [ 73.2739475, 22.2356804 ], [ 73.2741523, 22.235596 ], [ 73.2740934, 22.2354421 ], [ 73.2738622, 22.2352862 ], [ 73.2735488, 22.2350969 ], [ 73.2731622, 22.2348129 ], [ 73.2729641, 22.2345805 ], [ 73.2726665, 22.2344261 ], [ 73.2724847, 22.2340443 ], [ 73.2721451, 22.2335909 ], [ 73.2720421, 22.2335432 ], [ 73.2714241, 22.233726 ], [ 73.2707718, 22.2338849 ], [ 73.2704542, 22.2336942 ], [ 73.2702911, 22.23344 ], [ 73.2704971, 22.2331698 ], [ 73.2708233, 22.2330824 ], [ 73.2712696, 22.2329315 ], [ 73.2714842, 22.2325819 ], [ 73.2715271, 22.2323197 ], [ 73.2712954, 22.2321132 ], [ 73.2706688, 22.2320814 ], [ 73.2704113, 22.2321767 ], [ 73.2701796, 22.2324945 ], [ 73.2699478, 22.2326534 ], [ 73.2696903, 22.2325501 ], [ 73.269553, 22.2323674 ], [ 73.2688835, 22.2320417 ], [ 73.2685059, 22.2317 ], [ 73.2679737, 22.2316126 ], [ 73.2673557, 22.2316682 ], [ 73.2670982, 22.2316126 ], [ 73.2669867, 22.2314299 ], [ 73.2670639, 22.2310644 ], [ 73.2670553, 22.2307148 ], [ 73.2668837, 22.2301905 ], [ 73.2668407, 22.2297455 ], [ 73.2668236, 22.2291496 ], [ 73.2666176, 22.2288875 ], [ 73.2661799, 22.2288159 ], [ 73.2659567, 22.228951 ], [ 73.2654675, 22.2292053 ], [ 73.2649696, 22.2293801 ], [ 73.2644718, 22.2297932 ], [ 73.2642315, 22.2298409 ], [ 73.2639826, 22.2297853 ], [ 73.2636564, 22.2296105 ], [ 73.2632015, 22.2294118 ], [ 73.2630899, 22.2291576 ], [ 73.2632015, 22.2290225 ], [ 73.2636307, 22.2289033 ], [ 73.263871, 22.2285935 ], [ 73.2644632, 22.2280691 ], [ 73.2647121, 22.2279579 ], [ 73.2649353, 22.2280691 ], [ 73.2651585, 22.2279896 ], [ 73.2652615, 22.2278705 ], [ 73.2651928, 22.2275844 ], [ 73.2648838, 22.2270283 ], [ 73.2649267, 22.226782 ], [ 73.2649267, 22.2260351 ], [ 73.2650555, 22.2252803 ], [ 73.265373, 22.22474 ], [ 73.2656305, 22.2244142 ], [ 73.2658623, 22.2243427 ], [ 73.2661884, 22.2243666 ], [ 73.2664075, 22.2246248 ], [ 73.2666367, 22.2247075 ], [ 73.2669153, 22.2246295 ], [ 73.2670725, 22.2243268 ], [ 73.2670725, 22.2237468 ], [ 73.2670124, 22.2233496 ], [ 73.2666176, 22.2231032 ], [ 73.2663, 22.2230238 ], [ 73.2661198, 22.2232542 ], [ 73.2658451, 22.22358 ], [ 73.2654932, 22.2237309 ], [ 73.2649096, 22.223429 ], [ 73.2642143, 22.2231191 ], [ 73.2633989, 22.2230715 ], [ 73.2628325, 22.223143 ], [ 73.2623776, 22.2235323 ], [ 73.2621544, 22.2237071 ], [ 73.2607983, 22.2238501 ], [ 73.2602661, 22.2238024 ], [ 73.259734, 22.2235323 ], [ 73.2593563, 22.2234687 ], [ 73.2586868, 22.2236674 ], [ 73.2584465, 22.2238898 ], [ 73.2582491, 22.224152 ], [ 73.2581547, 22.2244381 ], [ 73.2582491, 22.225026 ], [ 73.2584637, 22.2252803 ], [ 73.2586868, 22.22532 ], [ 73.2597082, 22.224883 ], [ 73.2602146, 22.2247082 ], [ 73.2604721, 22.2247241 ], [ 73.2606266, 22.2250022 ], [ 73.2607124, 22.2252565 ], [ 73.2611416, 22.2256458 ], [ 73.2617939, 22.2260987 ], [ 73.2623089, 22.2263052 ], [ 73.2625149, 22.2265436 ], [ 73.262678, 22.2268614 ], [ 73.262678, 22.2272269 ], [ 73.2626522, 22.2275209 ], [ 73.2624291, 22.227799 ], [ 73.2619398, 22.2277831 ], [ 73.2617338, 22.2275765 ], [ 73.2614163, 22.2275129 ], [ 73.2610815, 22.2275288 ], [ 73.2608669, 22.2276321 ], [ 73.2606781, 22.2274494 ], [ 73.2603691, 22.227219 ], [ 73.259897, 22.2273143 ], [ 73.2596996, 22.2274494 ], [ 73.259536, 22.227469 ], [ 73.2592362, 22.227505 ], [ 73.2588757, 22.227505 ], [ 73.2584637, 22.2273461 ], [ 73.257983, 22.2271872 ], [ 73.2568844, 22.227068 ], [ 73.2564724, 22.2270521 ], [ 73.2561377, 22.2272031 ], [ 73.2558544, 22.2274176 ], [ 73.2556913, 22.2281168 ], [ 73.2555197, 22.228379 ], [ 73.2552193, 22.2284743 ], [ 73.2549017, 22.2284743 ], [ 73.2546185, 22.228379 ], [ 73.2544897, 22.2280373 ], [ 73.2543095, 22.2276162 ], [ 73.2540348, 22.2274255 ], [ 73.253846, 22.2274017 ], [ 73.2537172, 22.227505 ], [ 73.2536228, 22.2284266 ], [ 73.2534426, 22.228522 ], [ 73.2531422, 22.228514 ], [ 73.2528332, 22.2283631 ], [ 73.2527302, 22.2280532 ], [ 73.2525757, 22.2278864 ], [ 73.2523697, 22.2278864 ], [ 73.2521551, 22.2280532 ], [ 73.251889, 22.2283551 ], [ 73.2512882, 22.2288716 ], [ 73.2506874, 22.2290781 ], [ 73.2503527, 22.2290225 ], [ 73.250284, 22.228657 ], [ 73.2502668, 22.2282598 ], [ 73.2505673, 22.2279738 ], [ 73.2505587, 22.2277116 ], [ 73.2502754, 22.2275765 ], [ 73.2500952, 22.2275765 ], [ 73.2499664, 22.2276559 ], [ 73.2495373, 22.2277354 ], [ 73.249254, 22.2277354 ], [ 73.2490652, 22.2275606 ], [ 73.2489622, 22.2274017 ], [ 73.2490137, 22.2271792 ], [ 73.2494858, 22.2270759 ], [ 73.2499664, 22.226925 ], [ 73.2501896, 22.2266469 ], [ 73.2500437, 22.2264483 ], [ 73.2496574, 22.2262814 ], [ 73.249357, 22.2263052 ], [ 73.2490824, 22.2265674 ], [ 73.2488163, 22.2268932 ], [ 73.2483786, 22.2271792 ], [ 73.2479322, 22.2274335 ], [ 73.2476233, 22.2274891 ], [ 73.2473829, 22.2274732 ], [ 73.2471941, 22.2273858 ], [ 73.2471083, 22.2271792 ], [ 73.2471598, 22.2269409 ], [ 73.2470911, 22.2266072 ], [ 73.2469881, 22.2260907 ], [ 73.2470482, 22.2258841 ], [ 73.2476061, 22.2257173 ], [ 73.247855, 22.2255107 ], [ 73.2480782, 22.225026 ], [ 73.2482412, 22.224891 ], [ 73.2484215, 22.2248433 ], [ 73.2486532, 22.2247162 ], [ 73.2485588, 22.2245096 ], [ 73.2483271, 22.2244858 ], [ 73.2481211, 22.2243984 ], [ 73.2480953, 22.2241282 ], [ 73.2484215, 22.2238342 ], [ 73.2487219, 22.2237389 ], [ 73.2496403, 22.2227854 ], [ 73.2502068, 22.2223881 ], [ 73.2504299, 22.2220544 ], [ 73.2503098, 22.2217525 ], [ 73.2498806, 22.2216174 ], [ 73.2493828, 22.2215777 ], [ 73.2490395, 22.2215936 ], [ 73.2486961, 22.2217684 ], [ 73.2486189, 22.2217366 ], [ 73.2489279, 22.2212122 ], [ 73.2488163, 22.2209023 ], [ 73.2486103, 22.2205368 ], [ 73.2482412, 22.2204415 ], [ 73.2479237, 22.2204176 ], [ 73.2478207, 22.2206322 ], [ 73.2474688, 22.2206957 ], [ 73.2472027, 22.2209182 ], [ 73.2468679, 22.2212201 ], [ 73.2467735, 22.2214267 ], [ 73.2467735, 22.2216969 ], [ 73.2466705, 22.2219194 ], [ 73.2460869, 22.2225868 ], [ 73.2458208, 22.2225947 ], [ 73.2456749, 22.2224755 ], [ 73.2453917, 22.2217843 ], [ 73.2450569, 22.2214665 ], [ 73.2446878, 22.2212122 ], [ 73.2443617, 22.2212122 ], [ 73.2438982, 22.2215936 ], [ 73.2435206, 22.2218955 ], [ 73.2431944, 22.2220068 ], [ 73.2428339, 22.2223325 ], [ 73.2425678, 22.2224994 ], [ 73.242276, 22.2224358 ], [ 73.2418726, 22.222412 ], [ 73.2415293, 22.2227378 ], [ 73.2411688, 22.2231827 ], [ 73.2411001, 22.2235005 ], [ 73.2411945, 22.2237945 ], [ 73.2414091, 22.2243189 ], [ 73.2414349, 22.224597 ], [ 73.2411602, 22.2248512 ], [ 73.2409628, 22.2249625 ], [ 73.2407911, 22.2249466 ], [ 73.2405851, 22.2247559 ], [ 73.2403105, 22.2247559 ], [ 73.2399929, 22.22474 ], [ 73.2397612, 22.2245573 ], [ 73.2395981, 22.2245573 ], [ 73.2393921, 22.2251055 ], [ 73.2396153, 22.2259795 ], [ 73.239538, 22.226488 ], [ 73.2396839, 22.2272031 ], [ 73.2398642, 22.228077 ], [ 73.2396925, 22.228951 ], [ 73.2394007, 22.229825 ], [ 73.2390144, 22.230111 ], [ 73.2386711, 22.2300474 ], [ 73.2383621, 22.2296899 ], [ 73.2378986, 22.2290702 ], [ 73.2378471, 22.2288239 ], [ 73.2380102, 22.2285299 ], [ 73.2380016, 22.2283154 ], [ 73.2373493, 22.2271236 ], [ 73.2371262, 22.2268535 ], [ 73.236903, 22.2268058 ], [ 73.2364224, 22.2268058 ], [ 73.2362679, 22.2267025 ], [ 73.2364052, 22.2264721 ], [ 73.2370661, 22.2258921 ], [ 73.2372292, 22.2256696 ], [ 73.2372463, 22.2254948 ], [ 73.2368858, 22.2251691 ], [ 73.2364224, 22.2248751 ], [ 73.2361048, 22.2245334 ], [ 73.2360619, 22.2243189 ], [ 73.2363451, 22.2236674 ], [ 73.2363623, 22.223429 ], [ 73.2362593, 22.2232224 ], [ 73.2360275, 22.223143 ], [ 73.2357014, 22.2230794 ], [ 73.2351864, 22.222992 ], [ 73.2348774, 22.2228093 ], [ 73.2347487, 22.222563 ], [ 73.23468, 22.2212599 ], [ 73.2343195, 22.2211804 ], [ 73.2338989, 22.2210056 ], [ 73.2333925, 22.2202349 ], [ 73.2331179, 22.219631 ], [ 73.2321394, 22.2193768 ], [ 73.2314184, 22.2193768 ], [ 73.2308348, 22.2194244 ], [ 73.2306202, 22.2195357 ], [ 73.2301996, 22.2198535 ], [ 73.2299851, 22.2202826 ], [ 73.2301052, 22.2205607 ], [ 73.2302683, 22.220799 ], [ 73.2303026, 22.2209818 ], [ 73.230131, 22.2209818 ], [ 73.2297361, 22.2208547 ], [ 73.2294529, 22.2207672 ], [ 73.2291353, 22.2209341 ], [ 73.2290495, 22.2211407 ], [ 73.2290323, 22.2213711 ], [ 73.2291353, 22.2216095 ], [ 73.2294787, 22.2218796 ], [ 73.2297276, 22.2222054 ], [ 73.2297962, 22.222412 ], [ 73.2295645, 22.2228013 ], [ 73.2287233, 22.22358 ], [ 73.2282169, 22.2238581 ], [ 73.2279852, 22.2237071 ], [ 73.2278822, 22.2234608 ], [ 73.2280539, 22.2230953 ], [ 73.2280539, 22.2227854 ], [ 73.2279165, 22.2224755 ], [ 73.2277449, 22.2223802 ], [ 73.2274015, 22.2223325 ], [ 73.2270496, 22.222563 ], [ 73.2261913, 22.2227854 ], [ 73.2258223, 22.2228331 ], [ 73.2253502, 22.2227219 ], [ 73.225024, 22.2226821 ], [ 73.2245691, 22.222706 ], [ 73.2242001, 22.2228967 ], [ 73.2239254, 22.2229284 ], [ 73.2237108, 22.222841 ], [ 73.223625, 22.2226265 ], [ 73.2233332, 22.2219909 ], [ 73.2230757, 22.2217287 ], [ 73.2225693, 22.2217843 ], [ 73.22202, 22.2220465 ], [ 73.2216509, 22.2223166 ], [ 73.2216681, 22.2228569 ], [ 73.2218226, 22.2233575 ], [ 73.2220715, 22.2236038 ], [ 73.2223461, 22.2236833 ], [ 73.2228354, 22.2236833 ], [ 73.223007, 22.2237627 ], [ 73.2231272, 22.2240726 ], [ 73.2228525, 22.2243825 ], [ 73.222183, 22.2248195 ], [ 73.2215651, 22.2250578 ], [ 73.2212132, 22.2256617 ], [ 73.2208698, 22.2263926 ], [ 73.2196768, 22.2268614 ], [ 73.219342, 22.2270918 ], [ 73.219282, 22.2272984 ], [ 73.2193077, 22.227497 ], [ 73.219445, 22.2282439 ], [ 73.2193592, 22.2286173 ], [ 73.2191704, 22.2289351 ], [ 73.2186812, 22.2291973 ], [ 73.2180374, 22.2292053 ], [ 73.2175568, 22.2291973 ], [ 73.2173851, 22.2292768 ], [ 73.2172306, 22.2294913 ], [ 73.217016, 22.2301031 ], [ 73.2165182, 22.2306592 ], [ 73.2159346, 22.2312154 ], [ 73.2155912, 22.2314696 ], [ 73.2152651, 22.2315014 ], [ 73.2147329, 22.2314219 ], [ 73.2142351, 22.2312551 ], [ 73.2140291, 22.2309293 ], [ 73.2140291, 22.2305162 ], [ 73.2138575, 22.2303255 ], [ 73.2136343, 22.2303335 ], [ 73.2132052, 22.2306513 ], [ 73.2128017, 22.2308261 ], [ 73.21257, 22.2307466 ], [ 73.2123983, 22.2304606 ], [ 73.2121151, 22.2301507 ], [ 73.2116945, 22.2297853 ], [ 73.211643, 22.2295469 ], [ 73.2117804, 22.2293165 ], [ 73.211849, 22.2288477 ], [ 73.2121752, 22.2280214 ], [ 73.2123125, 22.2277751 ], [ 73.2124842, 22.2272269 ], [ 73.2124241, 22.2270124 ], [ 73.2122095, 22.2268853 ], [ 73.2118576, 22.2268853 ], [ 73.2114714, 22.2268535 ], [ 73.2111624, 22.2269806 ], [ 73.2107933, 22.2271395 ], [ 73.2105787, 22.2271474 ], [ 73.2101152, 22.2271316 ], [ 73.2096518, 22.2271474 ], [ 73.2094544, 22.2272348 ], [ 73.2099608, 22.2279896 ], [ 73.2102869, 22.2281803 ], [ 73.2106817, 22.2285617 ], [ 73.2108019, 22.2288239 ], [ 73.2107761, 22.2290146 ], [ 73.2105702, 22.2291338 ], [ 73.2103556, 22.2291973 ], [ 73.2100294, 22.2291894 ], [ 73.209832, 22.2292132 ], [ 73.2096603, 22.2290702 ], [ 73.2092398, 22.2288716 ], [ 73.2089909, 22.2286173 ], [ 73.2087076, 22.2286173 ], [ 73.2083986, 22.228665 ], [ 73.2083729, 22.2288636 ], [ 73.2083042, 22.229094 ] ] } },
{ "type": "Feature", "properties": { "element": "way", "id": 29154407, "waterway": "river" }, "geometry": { "type": "LineString", "coordinates": [ [ 73.2083042, 22.229094 ], [ 73.2080725, 22.229245 ], [ 73.2078493, 22.229245 ], [ 73.2075747, 22.2291894 ], [ 73.2073429, 22.2289828 ], [ 73.2072743, 22.2287206 ], [ 73.2072743, 22.228371 ], [ 73.207197, 22.2282359 ], [ 73.2070168, 22.2281644 ], [ 73.2068537, 22.2282201 ], [ 73.2065704, 22.2285855 ], [ 73.2062357, 22.2286412 ], [ 73.2060555, 22.2286094 ], [ 73.2058752, 22.2284822 ], [ 73.2058495, 22.2281883 ], [ 73.205858, 22.227791 ], [ 73.2058151, 22.227497 ], [ 73.205901, 22.2271951 ], [ 73.2061155, 22.226639 ], [ 73.2061155, 22.2263211 ], [ 73.205961, 22.2260192 ], [ 73.2056177, 22.2258921 ], [ 73.2053431, 22.2259 ], [ 73.2052057, 22.2263847 ], [ 73.2051628, 22.2267979 ], [ 73.2052572, 22.2272746 ], [ 73.2052572, 22.2274891 ], [ 73.2051285, 22.2279579 ], [ 73.2049053, 22.2281565 ], [ 73.2045706, 22.2284346 ], [ 73.2043646, 22.2284822 ], [ 73.2040041, 22.2284743 ], [ 73.2038754, 22.2281565 ], [ 73.2038754, 22.2279181 ], [ 73.2039011, 22.2276798 ], [ 73.203532, 22.2269806 ], [ 73.2034376, 22.2266628 ], [ 73.2033518, 22.226488 ], [ 73.202854, 22.2260192 ], [ 73.2026051, 22.2257491 ], [ 73.2026051, 22.2254789 ], [ 73.2026995, 22.2252962 ], [ 73.2030685, 22.2250419 ], [ 73.2034376, 22.2248036 ], [ 73.2037123, 22.2246526 ], [ 73.2037552, 22.2245016 ], [ 73.2037123, 22.2241997 ], [ 73.2036093, 22.2239693 ], [ 73.2033003, 22.2237786 ], [ 73.202957, 22.2235005 ], [ 73.2029226, 22.2233257 ], [ 73.2029484, 22.2231191 ], [ 73.2031029, 22.222849 ], [ 73.2034548, 22.2227457 ], [ 73.2037638, 22.2224279 ], [ 73.2038754, 22.2220544 ], [ 73.2039526, 22.2217207 ], [ 73.2038496, 22.2214824 ], [ 73.2033861, 22.2214188 ], [ 73.2029741, 22.2214426 ], [ 73.2026823, 22.2215856 ], [ 73.2023819, 22.2219114 ], [ 73.2021502, 22.2219909 ], [ 73.2017897, 22.2218717 ], [ 73.2013176, 22.2217207 ], [ 73.2011202, 22.2217684 ], [ 73.2009657, 22.221975 ], [ 73.2007082, 22.2229602 ], [ 73.2007511, 22.2234211 ], [ 73.2007855, 22.2238978 ], [ 73.2004164, 22.2242077 ], [ 73.2000216, 22.2244381 ], [ 73.1994637, 22.2246844 ], [ 73.1987856, 22.2246844 ], [ 73.1986397, 22.2244222 ], [ 73.1984594, 22.2241282 ], [ 73.1981762, 22.2239772 ], [ 73.1978329, 22.2239296 ], [ 73.197687, 22.2237707 ], [ 73.1975239, 22.2234846 ], [ 73.1973436, 22.2233496 ], [ 73.1970261, 22.2233734 ], [ 73.1964853, 22.2234211 ], [ 73.1962364, 22.2232463 ], [ 73.1954811, 22.2226742 ], [ 73.1948889, 22.2223325 ], [ 73.1946228, 22.2222531 ], [ 73.1943052, 22.2221657 ], [ 73.1939705, 22.2222849 ], [ 73.1936272, 22.222412 ], [ 73.1933611, 22.222563 ], [ 73.1930779, 22.2225312 ], [ 73.1929405, 22.2224358 ], [ 73.1929405, 22.2221975 ], [ 73.1929663, 22.2218479 ], [ 73.1929062, 22.2216413 ], [ 73.1928547, 22.2214506 ], [ 73.1925972, 22.2213234 ], [ 73.192477, 22.2213314 ], [ 73.1922195, 22.2215698 ], [ 73.1919964, 22.221832 ], [ 73.1916788, 22.2220544 ], [ 73.1914728, 22.2220465 ], [ 73.1911982, 22.2219353 ], [ 73.1907604, 22.2217287 ], [ 73.190357, 22.2215618 ], [ 73.1899193, 22.221538 ], [ 73.18937, 22.2216969 ], [ 73.1891211, 22.2217048 ], [ 73.1887863, 22.2216413 ], [ 73.1886318, 22.2215459 ], [ 73.1884859, 22.2211327 ], [ 73.1883572, 22.2208864 ], [ 73.188031, 22.2206878 ], [ 73.1870525, 22.2204653 ], [ 73.1865719, 22.2204335 ], [ 73.1860912, 22.2204097 ], [ 73.1857737, 22.2202746 ], [ 73.1855677, 22.219933 ], [ 73.1854303, 22.2196231 ], [ 73.184881, 22.2190828 ], [ 73.1843317, 22.2187808 ], [ 73.1841686, 22.2186696 ], [ 73.1839026, 22.2186616 ], [ 73.1835335, 22.2186616 ], [ 73.1833876, 22.2185266 ], [ 73.1828983, 22.2177638 ], [ 73.1825121, 22.2171678 ], [ 73.1823662, 22.2170963 ], [ 73.1821859, 22.2171599 ], [ 73.1819714, 22.2173506 ], [ 73.1819027, 22.2176843 ], [ 73.1819628, 22.2182405 ], [ 73.182246, 22.2185186 ], [ 73.1825893, 22.2189238 ], [ 73.1829327, 22.2193211 ], [ 73.1829413, 22.2195277 ], [ 73.182761, 22.2197343 ], [ 73.1824606, 22.2197661 ], [ 73.1820486, 22.2196231 ], [ 73.1812418, 22.2193688 ], [ 73.1808298, 22.2190987 ], [ 73.1806925, 22.2188364 ], [ 73.1806152, 22.2181293 ], [ 73.1802633, 22.2173983 ], [ 73.1800917, 22.2172076 ], [ 73.1798685, 22.2171043 ], [ 73.1796196, 22.2171599 ], [ 73.1791905, 22.2173029 ], [ 73.1787184, 22.2174698 ], [ 73.1778687, 22.2175731 ], [ 73.1775511, 22.2175095 ], [ 73.1770618, 22.2173029 ], [ 73.1770275, 22.2170725 ], [ 73.177182, 22.2167864 ], [ 73.1774653, 22.2163097 ], [ 73.1780575, 22.2159998 ], [ 73.1780747, 22.2158885 ], [ 73.1778, 22.2152847 ], [ 73.1774738, 22.2150383 ], [ 73.1771133, 22.2148953 ], [ 73.1767357, 22.2145695 ], [ 73.1761091, 22.2141881 ], [ 73.1756199, 22.2139656 ], [ 73.1754482, 22.2135842 ], [ 73.1754911, 22.2133538 ], [ 73.1757572, 22.212734 ], [ 73.1759804, 22.2127101 ], [ 73.1765211, 22.2129485 ], [ 73.176873, 22.2129167 ], [ 73.1771219, 22.2127578 ], [ 73.1773966, 22.212734 ], [ 73.1777313, 22.212877 ], [ 73.1780489, 22.2132902 ], [ 73.1785553, 22.213314 ], [ 73.1787355, 22.2131313 ], [ 73.1787355, 22.2129247 ], [ 73.1787098, 22.2125194 ], [ 73.1788128, 22.2118917 ], [ 73.1782034, 22.2113672 ], [ 73.178006, 22.211105 ], [ 73.1777828, 22.2108031 ], [ 73.1775425, 22.2105965 ], [ 73.177182, 22.210517 ], [ 73.176564, 22.2103819 ], [ 73.1762035, 22.2104614 ], [ 73.175886, 22.210668 ], [ 73.1757658, 22.2106283 ], [ 73.1757057, 22.2104693 ], [ 73.1758001, 22.2100164 ], [ 73.1757143, 22.2096588 ], [ 73.1755169, 22.2088324 ], [ 73.1753109, 22.2083397 ], [ 73.1751478, 22.2079662 ], [ 73.1748303, 22.2072272 ], [ 73.1746071, 22.2071557 ], [ 73.1739376, 22.2071319 ], [ 73.17356, 22.2073226 ], [ 73.1732166, 22.2076484 ], [ 73.1729076, 22.2079583 ], [ 73.1727961, 22.2082682 ], [ 73.1729162, 22.2085543 ], [ 73.1730192, 22.2088165 ], [ 73.1728905, 22.2092933 ], [ 73.1726673, 22.2097065 ], [ 73.1724442, 22.2107872 ], [ 73.1724527, 22.2110415 ], [ 73.1724442, 22.211256 ], [ 73.1723412, 22.2113831 ], [ 73.1721867, 22.2114149 ], [ 73.1718433, 22.2113593 ], [ 73.1716202, 22.2113275 ], [ 73.171397, 22.2110256 ], [ 73.1709421, 22.2104296 ], [ 73.1703842, 22.2096747 ], [ 73.1700066, 22.2093727 ], [ 73.1695774, 22.2091741 ], [ 73.1693457, 22.2089595 ], [ 73.1689766, 22.2085145 ], [ 73.1687277, 22.2080854 ], [ 73.1685474, 22.2075133 ], [ 73.1685732, 22.2071478 ], [ 73.1687105, 22.2066789 ], [ 73.1687878, 22.2061863 ], [ 73.168762, 22.2060273 ], [ 73.1687019, 22.2059081 ], [ 73.1684015, 22.2059002 ], [ 73.1678865, 22.2059717 ], [ 73.1671055, 22.2060353 ], [ 73.1669081, 22.2061783 ], [ 73.1666849, 22.206663 ], [ 73.1664532, 22.2068776 ], [ 73.1661099, 22.2069014 ], [ 73.1657837, 22.2068538 ], [ 73.1654404, 22.2067822 ], [ 73.1649082, 22.2066154 ], [ 73.1645907, 22.2065836 ], [ 73.1638954, 22.2067187 ], [ 73.1632603, 22.2069729 ], [ 73.1627882, 22.2070842 ], [ 73.1623076, 22.2069888 ], [ 73.1615522, 22.2067346 ], [ 73.161014, 22.2065249 ] ] } },
{ "type": "Feature", "properties": { "element": "way", "id": 29547602, "waterway": null }, "geometry": { "type": "Polygon", "coordinates": [ [ [ 73.1436257, 22.3734548 ], [ 73.1439347, 22.3737882 ], [ 73.1456685, 22.374185 ], [ 73.1459947, 22.3733755 ], [ 73.1451879, 22.3734628 ], [ 73.1436772, 22.3734072 ], [ 73.1436257, 22.3734548 ] ] ] } },
{ "type": "Feature", "properties": { "element": "way", "id": 29547612, "waterway": null }, "geometry": { "type": "Polygon", "coordinates": [ [ [ 73.1462607, 22.3732405 ], [ 73.1458917, 22.3742962 ], [ 73.1460033, 22.3743835 ], [ 73.1468272, 22.3745819 ], [ 73.1468873, 22.3744787 ], [ 73.1469989, 22.3741771 ], [ 73.1465268, 22.3738676 ], [ 73.1466298, 22.3733993 ], [ 73.1466041, 22.373312 ], [ 73.1464925, 22.3732405 ], [ 73.1462607, 22.3732405 ] ] ] } },
{ "type": "Feature", "properties": { "element": "way", "id": 29547617, "waterway": null }, "geometry": { "type": "Polygon", "coordinates": [ [ [ 73.1470933, 22.3742644 ], [ 73.1469989, 22.3745501 ], [ 73.1474452, 22.3746374 ], [ 73.1488442, 22.3744708 ], [ 73.1489215, 22.3742088 ], [ 73.147943, 22.3739946 ], [ 73.1478057, 22.3740184 ], [ 73.1476426, 22.3742088 ], [ 73.1474881, 22.374447 ], [ 73.147265, 22.3743914 ], [ 73.1470933, 22.3742644 ] ] ] } },
{ "type": "Feature", "properties": { "element": "way", "id": 29547626, "waterway": null }, "geometry": { "type": "Polygon", "coordinates": [ [ [ 73.1468101, 22.3731929 ], [ 73.1467414, 22.3732326 ], [ 73.1466641, 22.3737644 ], [ 73.1473594, 22.3741771 ], [ 73.1477542, 22.3737088 ], [ 73.1488442, 22.3739866 ], [ 73.149076, 22.3735501 ], [ 73.1497111, 22.3729548 ], [ 73.1501317, 22.3732326 ], [ 73.1503463, 22.3729707 ], [ 73.1493764, 22.3721532 ], [ 73.1484065, 22.3730739 ], [ 73.148149, 22.3730501 ], [ 73.1478143, 22.3730024 ], [ 73.1468101, 22.3731929 ] ] ] } },
{ "type": "Feature", "properties": { "element": "way", "id": 29547629, "waterway": null }, "geometry": { "type": "Polygon", "coordinates": [ [ [ 73.1497197, 22.3730818 ], [ 73.1491103, 22.3737088 ], [ 73.1489816, 22.3739946 ], [ 73.1491532, 22.3741612 ], [ 73.1496425, 22.3736771 ], [ 73.1500115, 22.3732882 ], [ 73.1497197, 22.3730818 ] ] ] } },
{ "type": "Feature", "properties": { "element": "way", "id": 29547633, "waterway": null }, "geometry": { "type": "Polygon", "coordinates": [ [ [ 73.1452909, 22.3714388 ], [ 73.1452479, 22.3715976 ], [ 73.1451278, 22.3725659 ], [ 73.1451449, 22.3732564 ], [ 73.1461921, 22.373177 ], [ 73.1464324, 22.3724072 ], [ 73.1454282, 22.3715182 ], [ 73.1452909, 22.3714388 ] ] ] } },
{ "type": "Feature", "properties": { "element": "way", "id": 29547641, "waterway": null }, "geometry": { "type": "Polygon", "coordinates": [ [ [ 73.1465526, 22.372431 ], [ 73.1463294, 22.3731532 ], [ 73.1474795, 22.3729389 ], [ 73.1479173, 22.3728834 ], [ 73.148252, 22.3729627 ], [ 73.1483808, 22.3729469 ], [ 73.1483893, 22.3728358 ], [ 73.1482606, 22.3727246 ], [ 73.1477027, 22.3723119 ], [ 73.1465526, 22.372431 ] ] ] } },
{ "type": "Feature", "properties": { "element": "way", "id": 29547662, "waterway": null }, "geometry": { "type": "Polygon", "coordinates": [ [ [ 73.1478572, 22.3722405 ], [ 73.1485009, 22.3727484 ], [ 73.1493249, 22.3720024 ], [ 73.1504149, 22.3729469 ], [ 73.1509299, 22.3724468 ], [ 73.1491017, 22.3709547 ], [ 73.1478572, 22.3722405 ] ] ] } },
{ "type": "Feature", "properties": { "element": "way", "id": 29547663, "waterway": null }, "geometry": { "type": "Polygon", "coordinates": [ [ [ 73.1454368, 22.3713277 ], [ 73.1465182, 22.3723199 ], [ 73.1475568, 22.3722246 ], [ 73.1473765, 22.3715896 ], [ 73.147059, 22.3712483 ], [ 73.1466384, 22.371169 ], [ 73.1454368, 22.3713277 ] ] ] } },
{ "type": "Feature", "properties": { "element": "way", "id": 29547681, "waterway": null }, "geometry": { "type": "Polygon", "coordinates": [ [ [ 73.1434627, 22.3731453 ], [ 73.1442008, 22.3732405 ], [ 73.1450419, 22.3732009 ], [ 73.144999, 22.372558 ], [ 73.1443982, 22.3725738 ], [ 73.143806, 22.3726294 ], [ 73.1434283, 22.3727008 ], [ 73.1430593, 22.3727326 ], [ 73.1431537, 22.3730659 ], [ 73.1434627, 22.3731453 ] ] ] } },
{ "type": "Feature", "properties": { "element": "way", "id": 29547687, "waterway": null }, "geometry": { "type": "Polygon", "coordinates": [ [ [ 73.1457286, 22.370534 ], [ 73.1451535, 22.3709229 ], [ 73.1451278, 22.3711928 ], [ 73.1459174, 22.3710975 ], [ 73.1461148, 22.3710658 ], [ 73.1461062, 22.3709309 ], [ 73.1459861, 22.3707166 ], [ 73.1457286, 22.370534 ] ] ] } },
{ "type": "Feature", "properties": { "element": "way", "id": 29853722, "waterway": null }, "geometry": { "type": "Polygon", "coordinates": [ [ [ 73.2018168, 22.3406463 ], [ 73.2021687, 22.341083 ], [ 73.2027266, 22.3414482 ], [ 73.2030528, 22.3417101 ], [ 73.2025995, 22.3431425 ], [ 73.2022332, 22.3439052 ], [ 73.2021001, 22.3440044 ], [ 73.2019027, 22.3439647 ], [ 73.2018168, 22.3437504 ], [ 73.2017482, 22.343417 ], [ 73.2015508, 22.3431232 ], [ 73.2013362, 22.342758 ], [ 73.2011988, 22.3422817 ], [ 73.2012074, 22.3419086 ], [ 73.2012074, 22.3416228 ], [ 73.2012418, 22.341337 ], [ 73.2012503, 22.3411385 ], [ 73.2012074, 22.3409718 ], [ 73.2012761, 22.340813 ], [ 73.2013533, 22.340686 ], [ 73.2014134, 22.3406225 ], [ 73.2016194, 22.3406146 ], [ 73.2018168, 22.3406463 ] ] ] } },
{ "type": "Feature", "properties": { "element": "way", "id": 29876598, "waterway": "drain" }, "geometry": { "type": "LineString", "coordinates": [ [ 73.1789407, 22.3419787 ], [ 73.1796703, 22.3422645 ], [ 73.1797303, 22.3445032 ], [ 73.179799, 22.3452494 ] ] } },
{ "type": "Feature", "properties": { "element": "way", "id": 29876605, "waterway": null }, "geometry": { "type": "Polygon", "coordinates": [ [ [ 73.1778375, 22.3535077 ], [ 73.1781596, 22.3541007 ], [ 73.1786231, 22.3547675 ], [ 73.178194, 22.3554501 ], [ 73.1779536, 22.3546722 ], [ 73.1776962, 22.3546643 ], [ 73.1777648, 22.3538228 ], [ 73.1778375, 22.3535077 ] ] ] } },
{ "type": "Feature", "properties": { "element": "way", "id": 44450610, "waterway": "stream" }, "geometry": { "type": "LineString", "coordinates": [ [ 73.1898587, 22.5023087 ], [ 73.1897214, 22.5021343 ], [ 73.1895154, 22.5020391 ], [ 73.1891892, 22.5019281 ], [ 73.1890605, 22.5016823 ], [ 73.1890605, 22.5014364 ], [ 73.1888459, 22.5012223 ], [ 73.1886485, 22.5011986 ], [ 73.1884597, 22.5012382 ], [ 73.1883138, 22.5013413 ], [ 73.1881249, 22.5013413 ], [ 73.1880219, 22.5012303 ], [ 73.1880048, 22.5007545 ], [ 73.1879533, 22.5003025 ], [ 73.1878159, 22.5000012 ], [ 73.1878846, 22.4994857 ], [ 73.1878674, 22.4992082 ], [ 73.1877044, 22.499002 ], [ 73.1875069, 22.4988989 ], [ 73.1871035, 22.4988593 ], [ 73.1867345, 22.4986452 ], [ 73.1864856, 22.4983676 ], [ 73.1864598, 22.4980663 ], [ 73.1867259, 22.496861 ], [ 73.186683, 22.4965041 ], [ 73.1864426, 22.4963217 ], [ 73.1860049, 22.4962662 ], [ 73.1855157, 22.4961949 ], [ 73.1853955, 22.495949 ], [ 73.1851809, 22.4955922 ], [ 73.1849835, 22.4954256 ], [ 73.1847003, 22.4954336 ], [ 73.1839793, 22.4956953 ], [ 73.1834901, 22.4958063 ], [ 73.1832841, 22.4957587 ], [ 73.1826318, 22.4953622 ], [ 73.1824, 22.4950529 ], [ 73.1811469, 22.4944027 ], [ 73.1805547, 22.4939824 ], [ 73.1801513, 22.4937128 ], [ 73.1797736, 22.493459 ], [ 73.1795504, 22.4931894 ], [ 73.1792415, 22.492777 ], [ 73.1788123, 22.4924122 ], [ 73.1780999, 22.4919443 ], [ 73.1777051, 22.4917461 ], [ 73.1776278, 22.4915161 ], [ 73.177645, 22.4911513 ], [ 73.1776965, 22.4902552 ], [ 73.177645, 22.4900094 ], [ 73.1775506, 22.4899618 ], [ 73.1773532, 22.4899856 ], [ 73.1767009, 22.4899618 ], [ 73.1764605, 22.4898032 ], [ 73.1763146, 22.4895415 ], [ 73.1762374, 22.4881616 ], [ 73.176143, 22.4878285 ], [ 73.1759799, 22.4875827 ], [ 73.1757825, 22.4875034 ], [ 73.1750958, 22.4874241 ], [ 73.1745808, 22.4872417 ], [ 73.1743405, 22.4872179 ], [ 73.1740573, 22.4875034 ], [ 73.1740229, 22.4880506 ], [ 73.173877, 22.4885819 ], [ 73.1736882, 22.4888436 ], [ 73.1733792, 22.4888198 ], [ 73.1729672, 22.4887009 ], [ 73.1726754, 22.4885105 ], [ 73.1722548, 22.4880902 ], [ 73.1715596, 22.4873051 ], [ 73.1713622, 22.4870037 ], [ 73.1713622, 22.4866627 ], [ 73.1712678, 22.486401 ], [ 73.1705039, 22.485497 ], [ 73.1699117, 22.4847515 ], [ 73.1693967, 22.4839188 ], [ 73.1688731, 22.4833636 ], [ 73.1687014, 22.483094 ], [ 73.168607, 22.4827371 ], [ 73.168504, 22.4823247 ], [ 73.1683238, 22.481714 ], [ 73.168195, 22.4813413 ], [ 73.1679118, 22.4811747 ], [ 73.1675771, 22.4811827 ], [ 73.1670964, 22.481262 ], [ 73.1665299, 22.4815792 ], [ 73.1656802, 22.4818885 ], [ 73.1651223, 22.4821026 ], [ 73.1648133, 22.4821344 ], [ 73.1644528, 22.4821581 ], [ 73.1642039, 22.482063 ], [ 73.1639722, 22.4819678 ], [ 73.163646, 22.4815395 ], [ 73.1632855, 22.4810558 ], [ 73.1627362, 22.4809765 ], [ 73.1618264, 22.4809765 ], [ 73.1610368, 22.4808972 ], [ 73.1600411, 22.4802468 ], [ 73.1585391, 22.4798899 ], [ 73.1579812, 22.4796996 ], [ 73.1574405, 22.4794537 ], [ 73.15714, 22.4790968 ], [ 73.1569856, 22.4786606 ], [ 73.1569856, 22.4783117 ], [ 73.157243, 22.4779469 ], [ 73.1573375, 22.4774313 ], [ 73.1572774, 22.4770427 ], [ 73.1569512, 22.4763765 ], [ 73.1564019, 22.4753058 ], [ 73.1560242, 22.4747586 ], [ 73.1556723, 22.4745127 ], [ 73.155226, 22.474251 ], [ 73.1549342, 22.4739337 ], [ 73.1548398, 22.4735768 ], [ 73.1546338, 22.4732754 ], [ 73.1542991, 22.4730296 ], [ 73.1536382, 22.4729344 ], [ 73.1525481, 22.4725933 ], [ 73.1522305, 22.4723237 ], [ 73.1520846, 22.4720223 ], [ 73.1520846, 22.4718161 ], [ 73.1523164, 22.4716812 ], [ 73.1524966, 22.4715226 ], [ 73.1524365, 22.4712054 ], [ 73.1522048, 22.470896 ], [ 73.1520331, 22.4702536 ], [ 73.1519215, 22.4698332 ], [ 73.151767, 22.4693256 ], [ 73.1516469, 22.4691511 ], [ 73.151501, 22.4691432 ], [ 73.1513379, 22.4691908 ], [ 73.1510289, 22.4693177 ], [ 73.1505997, 22.4693732 ], [ 73.1502736, 22.4691432 ], [ 73.1500504, 22.4688339 ], [ 73.1499818, 22.468469 ], [ 73.1500161, 22.4672872 ], [ 73.1499818, 22.4668351 ], [ 73.1498702, 22.4665972 ], [ 73.1494206, 22.4663275 ], [ 73.1490205, 22.465915 ], [ 73.1486943, 22.4656454 ], [ 73.148351, 22.465217 ], [ 73.1480763, 22.4647173 ], [ 73.1477845, 22.4644873 ], [ 73.1474068, 22.4641145 ], [ 73.1467889, 22.4637814 ], [ 73.1466344, 22.463591 ], [ 73.1465829, 22.4633055 ], [ 73.1463597, 22.4624568 ], [ 73.1462567, 22.461846 ], [ 73.1465056, 22.4602358 ], [ 73.1467545, 22.4597837 ], [ 73.1470893, 22.4594744 ], [ 73.1473124, 22.4591333 ], [ 73.1473124, 22.4588874 ], [ 73.1470464, 22.4586177 ], [ 73.1467374, 22.4580387 ], [ 73.146291, 22.4575469 ], [ 73.145819, 22.4569757 ], [ 73.1455958, 22.4569044 ], [ 73.1453641, 22.4568171 ], [ 73.1452353, 22.4566505 ], [ 73.1450551, 22.4563094 ], [ 73.1448233, 22.4556669 ], [ 73.1447203, 22.4553655 ], [ 73.1445916, 22.4544612 ], [ 73.14448, 22.4539773 ], [ 73.1441453, 22.4532158 ], [ 73.144008, 22.4529223 ], [ 73.144008, 22.4527161 ], [ 73.1442139, 22.4520101 ], [ 73.1444114, 22.4514945 ], [ 73.1444114, 22.4512327 ], [ 73.1443169, 22.4510344 ], [ 73.1439221, 22.4506537 ], [ 73.1435187, 22.450257 ], [ 73.1432355, 22.4498842 ], [ 73.142772, 22.4484246 ], [ 73.1424887, 22.4478376 ], [ 73.1423132, 22.4475505 ], [ 73.1422656, 22.4474727 ], [ 73.1420253, 22.4473219 ], [ 73.1416219, 22.4473219 ], [ 73.1414159, 22.4472426 ], [ 73.14127, 22.4470046 ], [ 73.1411927, 22.4466794 ], [ 73.1411155, 22.4463065 ], [ 73.1407893, 22.4457116 ], [ 73.1407121, 22.4452594 ], [ 73.1406863, 22.4448548 ], [ 73.1404546, 22.4442361 ], [ 73.1399997, 22.4433555 ], [ 73.1396993, 22.4427923 ], [ 73.1395533, 22.4422528 ], [ 73.1395619, 22.4418086 ], [ 73.1397422, 22.4413723 ], [ 73.1398194, 22.4410073 ], [ 73.1398194, 22.4406979 ], [ 73.1396735, 22.440452 ], [ 73.1393645, 22.4399284 ], [ 73.1391414, 22.4392541 ], [ 73.1388753, 22.4388971 ], [ 73.13812, 22.4379848 ], [ 73.1379826, 22.4376675 ], [ 73.1381972, 22.4373105 ], [ 73.1385663, 22.4368345 ], [ 73.1387894, 22.4364219 ], [ 73.1385835, 22.4360015 ], [ 73.1379741, 22.4353668 ], [ 73.1379397, 22.4349225 ], [ 73.13818, 22.4342958 ], [ 73.1383946, 22.4337642 ], [ 73.1384633, 22.4334231 ], [ 73.1383603, 22.4332406 ], [ 73.1377251, 22.4328598 ], [ 73.1366008, 22.4325504 ], [ 73.1357768, 22.4322886 ], [ 73.1352017, 22.4319633 ], [ 73.134867, 22.4315746 ], [ 73.1342061, 22.4297419 ], [ 73.1335109, 22.4292659 ], [ 73.1326697, 22.4289406 ], [ 73.1321805, 22.4288612 ], [ 73.1308072, 22.4296149 ], [ 73.1306355, 22.4296625 ], [ 73.1302836, 22.4296625 ], [ 73.1299832, 22.4296387 ], [ 73.1296914, 22.429488 ], [ 73.1294253, 22.429369 ], [ 73.1290133, 22.4292579 ], [ 73.1283954, 22.4291627 ], [ 73.1281121, 22.4289961 ], [ 73.1277173, 22.4285359 ], [ 73.1272452, 22.4280202 ], [ 73.1267646, 22.4275204 ], [ 73.1262667, 22.4270126 ], [ 73.1255029, 22.4266001 ], [ 73.1243613, 22.4257432 ], [ 73.1237176, 22.425283 ], [ 73.1234, 22.4250768 ], [ 73.1228164, 22.4249657 ], [ 73.1215976, 22.4241564 ], [ 73.1205447, 22.4235614 ], [ 73.120044, 22.4232519 ], [ 73.119572, 22.4229742 ], [ 73.1189368, 22.4227759 ], [ 73.1180356, 22.4224347 ], [ 73.1176493, 22.4221649 ], [ 73.117306, 22.4217048 ], [ 73.116997, 22.4209431 ], [ 73.116894, 22.4199434 ], [ 73.1167567, 22.4192451 ], [ 73.1166108, 22.419023 ], [ 73.1163533, 22.418896 ], [ 73.1161216, 22.4189516 ], [ 73.1159242, 22.4190706 ], [ 73.1157182, 22.4192451 ], [ 73.1153148, 22.4196022 ], [ 73.1149886, 22.4196895 ], [ 73.1148084, 22.4196657 ], [ 73.1146882, 22.4194435 ], [ 73.1146882, 22.4191975 ], [ 73.1146882, 22.4188722 ], [ 73.1146367, 22.4185787 ], [ 73.1145509, 22.4184438 ], [ 73.1144307, 22.4183882 ], [ 73.1140874, 22.4183803 ], [ 73.1138728, 22.4184676 ], [ 73.1136411, 22.4184676 ], [ 73.1131003, 22.4184676 ], [ 73.1126712, 22.4184993 ], [ 73.1119416, 22.418658 ], [ 73.1115983, 22.4187611 ], [ 73.1111176, 22.4187373 ], [ 73.110534, 22.4186421 ], [ 73.10971, 22.4184993 ], [ 73.1090062, 22.4185152 ], [ 73.1073926, 22.4187611 ], [ 73.1063712, 22.4188088 ], [ 73.1056159, 22.4187532 ], [ 73.1052554, 22.4186501 ], [ 73.1049807, 22.4184517 ], [ 73.1049121, 22.4182454 ], [ 73.1048949, 22.4178804 ], [ 73.1049378, 22.4173806 ], [ 73.1051095, 22.4167696 ], [ 73.1052726, 22.4165633 ], [ 73.1055301, 22.4162697 ], [ 73.1060622, 22.4153176 ], [ 73.1064055, 22.4146431 ], [ 73.1066888, 22.4136513 ], [ 73.1066974, 22.4131276 ], [ 73.1067574, 22.4120247 ], [ 73.1067145, 22.4114693 ], [ 73.1065686, 22.4108504 ], [ 73.1064227, 22.4103981 ], [ 73.1061995, 22.4100331 ], [ 73.1058219, 22.4095014 ], [ 73.1050494, 22.4081842 ], [ 73.104337, 22.40724 ], [ 73.1039594, 22.4068511 ], [ 73.1037619, 22.4066369 ], [ 73.1034959, 22.4061291 ], [ 73.1033156, 22.4055577 ], [ 73.1032727, 22.4052006 ], [ 73.1033156, 22.4048912 ], [ 73.1034272, 22.4044071 ], [ 73.1038049, 22.4031137 ], [ 73.103822, 22.4027963 ], [ 73.1037104, 22.4025265 ], [ 73.1028951, 22.4014552 ], [ 73.1022513, 22.4003284 ], [ 73.1019423, 22.4000268 ], [ 73.1015475, 22.3996539 ], [ 73.1012557, 22.3992968 ], [ 73.1004231, 22.3980192 ], [ 73.1000111, 22.3973446 ], [ 73.0997107, 22.3968209 ], [ 73.0995391, 22.3965987 ], [ 73.0993073, 22.3961702 ], [ 73.0986464, 22.3950433 ], [ 73.0984233, 22.3945909 ], [ 73.098037, 22.3940116 ], [ 73.0976422, 22.3933688 ], [ 73.0970843, 22.3924642 ], [ 73.0968526, 22.3921785 ], [ 73.0962346, 22.3915753 ], [ 73.095814, 22.3912976 ], [ 73.092973, 22.3898929 ], [ 73.0926297, 22.3895993 ], [ 73.0924838, 22.3893771 ], [ 73.0923722, 22.389012 ], [ 73.0922177, 22.388639 ], [ 73.0918572, 22.3881787 ], [ 73.0915139, 22.3879009 ], [ 73.0905526, 22.3874089 ], [ 73.0899775, 22.3870677 ], [ 73.0895484, 22.3866947 ], [ 73.0888274, 22.3860915 ], [ 73.0871795, 22.3848296 ], [ 73.0865701, 22.3843376 ], [ 73.0860551, 22.3837662 ], [ 73.0856517, 22.383282 ], [ 73.0854972, 22.3830519 ], [ 73.0854371, 22.3827582 ], [ 73.0853598, 22.382536 ], [ 73.0853856, 22.3824408 ], [ 73.0854371, 22.3821471 ], [ 73.0853856, 22.3818376 ], [ 73.0852053, 22.3809646 ], [ 73.0850337, 22.3803376 ], [ 73.0847676, 22.3799567 ], [ 73.0845101, 22.379782 ], [ 73.084081, 22.3795201 ], [ 73.0837376, 22.3794646 ], [ 73.0833342, 22.3794566 ], [ 73.0823558, 22.3792979 ], [ 73.081918, 22.3791471 ], [ 73.081549, 22.3787503 ], [ 73.0814116, 22.3783614 ], [ 73.0813172, 22.3775677 ], [ 73.0813172, 22.3773852 ], [ 73.0814374, 22.3772185 ], [ 73.0816348, 22.3770042 ], [ 73.0818923, 22.3769407 ], [ 73.0823043, 22.3764883 ], [ 73.0825789, 22.3763216 ], [ 73.0832227, 22.375647 ], [ 73.0837033, 22.3753057 ], [ 73.0842955, 22.3747184 ], [ 73.0842955, 22.3745835 ], [ 73.0842526, 22.3744486 ], [ 73.0841325, 22.3742898 ], [ 73.0839093, 22.3742343 ], [ 73.0837462, 22.3742104 ], [ 73.0831883, 22.373885 ], [ 73.0827077, 22.3734564 ], [ 73.0824759, 22.3732104 ], [ 73.0822442, 22.3727818 ], [ 73.0821069, 22.3724484 ], [ 73.0820897, 22.3722183 ], [ 73.0821584, 22.3719881 ], [ 73.0823815, 22.3718373 ], [ 73.0826218, 22.3719325 ], [ 73.0828965, 22.3719325 ], [ 73.0832999, 22.3717897 ], [ 73.0839351, 22.3715674 ], [ 73.0843556, 22.3713134 ], [ 73.0845445, 22.3710753 ], [ 73.0846904, 22.3706467 ], [ 73.0846646, 22.370361 ], [ 73.0845273, 22.3700832 ], [ 73.0843814, 22.3697736 ], [ 73.0840638, 22.36948 ], [ 73.0836861, 22.3692498 ], [ 73.0823386, 22.3689164 ], [ 73.0821498, 22.3687736 ], [ 73.0820639, 22.3686069 ], [ 73.0820639, 22.3684084 ], [ 73.0821841, 22.368091 ], [ 73.0828021, 22.3670115 ], [ 73.0830167, 22.3666067 ], [ 73.0830853, 22.3662733 ], [ 73.0832227, 22.365805 ], [ 73.0833257, 22.3653764 ], [ 73.0833171, 22.3650748 ], [ 73.0833257, 22.3648366 ], [ 73.0832913, 22.3646858 ], [ 73.0831797, 22.3645985 ], [ 73.0828793, 22.3644715 ], [ 73.0823815, 22.3644477 ], [ 73.0820725, 22.3643128 ], [ 73.0817979, 22.3640191 ], [ 73.0813516, 22.3635666 ], [ 73.0807679, 22.3629078 ], [ 73.0803988, 22.3626379 ], [ 73.0799096, 22.3621617 ], [ 73.0795062, 22.3617092 ], [ 73.0793345, 22.3614314 ], [ 73.0792487, 22.3611854 ], [ 73.0792058, 22.3607885 ], [ 73.0792229, 22.3603757 ], [ 73.0793603, 22.3599947 ], [ 73.0795491, 22.3596216 ], [ 73.0797637, 22.3593359 ], [ 73.0797551, 22.359066 ], [ 73.0797036, 22.358804 ], [ 73.0795491, 22.3584389 ], [ 73.0794547, 22.3579785 ], [ 73.0794633, 22.3576927 ], [ 73.0795491, 22.3571847 ], [ 73.0796435, 22.3565576 ], [ 73.0797208, 22.3561369 ], [ 73.0797294, 22.355748 ], [ 73.0796693, 22.3554304 ], [ 73.0795577, 22.3552399 ], [ 73.0792401, 22.3548192 ], [ 73.078811, 22.3544858 ], [ 73.0777896, 22.3538667 ], [ 73.0773776, 22.3536841 ], [ 73.0769055, 22.3534856 ], [ 73.0765622, 22.353438 ], [ 73.0763305, 22.3532872 ], [ 73.0762446, 22.3530649 ], [ 73.0762446, 22.3527712 ], [ 73.0762704, 22.352541 ], [ 73.0765622, 22.3521679 ], [ 73.0769055, 22.3517948 ], [ 73.0772059, 22.3516837 ], [ 73.0775922, 22.3509216 ], [ 73.0776437, 22.3505564 ], [ 73.077678, 22.3501754 ], [ 73.0778411, 22.3497388 ], [ 73.0779527, 22.3492546 ], [ 73.0779269, 22.3488338 ], [ 73.0777896, 22.3485957 ], [ 73.0774634, 22.3483099 ], [ 73.0767253, 22.3476669 ], [ 73.0765364, 22.347397 ], [ 73.0765879, 22.347135 ], [ 73.0766909, 22.346881 ], [ 73.0769742, 22.3464205 ], [ 73.0774119, 22.3459998 ], [ 73.0777724, 22.3458172 ], [ 73.0780042, 22.3453885 ], [ 73.0780557, 22.3450551 ], [ 73.0779698, 22.3446423 ], [ 73.0779441, 22.3442454 ], [ 73.0778497, 22.3434991 ], [ 73.0778926, 22.3427926 ], [ 73.0777724, 22.3415065 ], [ 73.0778239, 22.3402125 ], [ 73.0778497, 22.3393472 ], [ 73.077678, 22.3380849 ], [ 73.077678, 22.3377673 ], [ 73.0778239, 22.3374101 ], [ 73.0781758, 22.3364177 ], [ 73.0781758, 22.3359334 ], [ 73.0781415, 22.334806 ], [ 73.0781586, 22.3335755 ], [ 73.0782445, 22.3321464 ], [ 73.0784505, 22.3307649 ], [ 73.0785449, 22.3297566 ], [ 73.0785363, 22.3291532 ], [ 73.0785363, 22.3286689 ], [ 73.0784591, 22.3281608 ], [ 73.0783732, 22.3275971 ], [ 73.0779527, 22.3269302 ], [ 73.0775321, 22.3266364 ], [ 73.0771888, 22.3263109 ], [ 73.0770772, 22.3260568 ], [ 73.0770686, 22.3257472 ], [ 73.0771716, 22.3254216 ], [ 73.0781243, 22.3235955 ], [ 73.0782702, 22.3232144 ], [ 73.0784848, 22.3228491 ], [ 73.0784505, 22.322611 ], [ 73.0783475, 22.3224998 ], [ 73.0774033, 22.3220155 ], [ 73.0769055, 22.3215152 ], [ 73.0763734, 22.3210547 ], [ 73.076133, 22.3205863 ], [ 73.0760472, 22.3198717 ], [ 73.0758756, 22.3184663 ], [ 73.0758155, 22.3179105 ], [ 73.0756266, 22.3174658 ], [ 73.075352, 22.3168147 ], [ 73.0751374, 22.3161239 ], [ 73.0750344, 22.3155602 ], [ 73.0747769, 22.3151949 ], [ 73.0743993, 22.3149805 ], [ 73.073644, 22.3148456 ], [ 73.0724166, 22.3146629 ], [ 73.071893, 22.31425 ], [ 73.07179, 22.3138768 ], [ 73.0718673, 22.3132813 ], [ 73.0720303, 22.3127731 ], [ 73.0725453, 22.31186 ], [ 73.0731633, 22.3111374 ], [ 73.0736783, 22.3104466 ], [ 73.0739444, 22.3098907 ], [ 73.0740044, 22.309589 ], [ 73.0739959, 22.3092793 ], [ 73.073747, 22.3087949 ], [ 73.0732148, 22.3081994 ], [ 73.0721162, 22.3072306 ], [ 73.0717986, 22.3071194 ], [ 73.0713094, 22.3071353 ], [ 73.0695412, 22.3075244 ], [ 73.0684941, 22.30785 ], [ 73.0676015, 22.3079691 ], [ 73.0668032, 22.307977 ], [ 73.0664342, 22.3080485 ], [ 73.0660308, 22.3083979 ], [ 73.0655759, 22.3088664 ], [ 73.065181, 22.3091443 ], [ 73.0650866, 22.3091523 ], [ 73.0649236, 22.3090887 ], [ 73.0645974, 22.3088823 ], [ 73.0640652, 22.3081517 ], [ 73.0639794, 22.3077865 ], [ 73.0635417, 22.3073497 ], [ 73.0626061, 22.3065318 ], [ 73.0622371, 22.3064048 ], [ 73.0619452, 22.3064365 ], [ 73.0616534, 22.3068098 ], [ 73.0612414, 22.3072386 ], [ 73.0607093, 22.3080564 ], [ 73.0605033, 22.3086282 ], [ 73.0604518, 22.3096128 ], [ 73.0603659, 22.3098272 ], [ 73.0601514, 22.309986 ], [ 73.0598545, 22.3102745 ] ] } },
{ "type": "Feature", "properties": { "element": "way", "id": 52256675, "waterway": null }, "geometry": { "type": "Polygon", "coordinates": [ [ [ 73.2484205, 22.3216268 ], [ 73.2484907, 22.3212947 ], [ 73.2485091, 22.3212619 ], [ 73.2485753, 22.3211816 ], [ 73.2485914, 22.3211408 ], [ 73.2486419, 22.3207586 ], [ 73.2489494, 22.319154 ], [ 73.2489339, 22.3190863 ], [ 73.2489011, 22.3190253 ], [ 73.2488364, 22.3189711 ], [ 73.2482444, 22.3185782 ], [ 73.2481781, 22.3185509 ], [ 73.2481229, 22.3185372 ], [ 73.2480427, 22.318539 ], [ 73.2479682, 22.3185569 ], [ 73.2479049, 22.3185988 ], [ 73.2473796, 22.3197056 ], [ 73.2473227, 22.3198457 ], [ 73.2472829, 22.3200099 ], [ 73.2472591, 22.3201648 ], [ 73.2472575, 22.3203197 ], [ 73.2472791, 22.3204805 ], [ 73.2473826, 22.3208456 ], [ 73.2474644, 22.3210433 ], [ 73.2477085, 22.3214886 ], [ 73.247749, 22.3215747 ], [ 73.2477846, 22.3216203 ], [ 73.2478405, 22.3216644 ], [ 73.2479092, 22.321699 ], [ 73.2480746, 22.3217385 ], [ 73.2482679, 22.3217344 ], [ 73.248334, 22.3217148 ], [ 73.2483785, 22.3216814 ], [ 73.2484205, 22.3216268 ] ] ] } },
{ "type": "Feature", "properties": { "element": "way", "id": 55447215, "waterway": "river" }, "geometry": { "type": "LineString", "coordinates": [ [ 73.1613699, 22.187788 ], [ 73.1604686, 22.1876687 ], [ 73.1602626, 22.1878197 ], [ 73.1600223, 22.187931 ], [ 73.1597305, 22.1880661 ], [ 73.1594043, 22.1881376 ], [ 73.1589923, 22.1880741 ], [ 73.1585289, 22.1878356 ], [ 73.1581941, 22.1876767 ], [ 73.1578079, 22.1875495 ], [ 73.1573015, 22.1874621 ], [ 73.1570097, 22.1875336 ], [ 73.1569067, 22.1877005 ], [ 73.1567951, 22.1881217 ], [ 73.1567607, 22.1884635 ], [ 73.1568208, 22.1889165 ], [ 73.1568809, 22.1891708 ], [ 73.156735, 22.1894092 ], [ 73.1565376, 22.1895364 ], [ 73.1562715, 22.1896397 ], [ 73.1559024, 22.1896318 ], [ 73.1553617, 22.189441 ], [ 73.1551471, 22.1893139 ], [ 73.1546407, 22.1888132 ], [ 73.1542631, 22.1884079 ], [ 73.153997, 22.1881774 ], [ 73.153894, 22.1878913 ], [ 73.1538425, 22.1875972 ], [ 73.1540313, 22.187168 ], [ 73.1542373, 22.1867786 ], [ 73.1547351, 22.1861587 ], [ 73.154924, 22.1857852 ], [ 73.1550098, 22.1853639 ], [ 73.1550785, 22.1849507 ], [ 73.1549326, 22.1846884 ], [ 73.1547094, 22.1844182 ], [ 73.1544519, 22.1840844 ], [ 73.1540742, 22.1835678 ], [ 73.153894, 22.1832499 ], [ 73.1537223, 22.1830989 ], [ 73.1534563, 22.1829478 ], [ 73.1531902, 22.1829478 ], [ 73.1530222, 22.1829837 ], [ 73.1529364, 22.1830325 ], [ 73.152618, 22.1833074 ], [ 73.1524018, 22.1833987 ], [ 73.1521774, 22.1834168 ], [ 73.1519199, 22.183385 ], [ 73.1516624, 22.1833293 ], [ 73.1513191, 22.1831386 ], [ 73.1510187, 22.1829161 ], [ 73.150847, 22.1827015 ], [ 73.150641, 22.1825505 ], [ 73.1503664, 22.1825028 ], [ 73.1497913, 22.1826538 ], [ 73.149036, 22.1828525 ], [ 73.1486497, 22.1828048 ], [ 73.147903, 22.1825664 ], [ 73.147328, 22.1822961 ], [ 73.1471048, 22.182161 ], [ 73.1469589, 22.182018 ], [ 73.1469503, 22.1817636 ], [ 73.1470018, 22.1815729 ], [ 73.1471391, 22.181398 ], [ 73.1475511, 22.1809688 ], [ 73.1478601, 22.1807622 ], [ 73.1481004, 22.1806509 ], [ 73.1481948, 22.1805158 ], [ 73.1483064, 22.1803568 ], [ 73.1483408, 22.1801979 ], [ 73.1483236, 22.180031 ], [ 73.1482378, 22.1798959 ], [ 73.1478086, 22.1797449 ], [ 73.1473451, 22.1796654 ], [ 73.1469331, 22.1796654 ], [ 73.1465812, 22.1797766 ], [ 73.1462379, 22.1800151 ], [ 73.1458946, 22.1802853 ], [ 73.1455427, 22.180333 ], [ 73.1452337, 22.1802217 ], [ 73.1449848, 22.1799992 ], [ 73.1444955, 22.17957 ], [ 73.144238, 22.1792521 ], [ 73.1438261, 22.1790534 ], [ 73.1436029, 22.1788547 ], [ 73.143251, 22.1787275 ], [ 73.1429077, 22.1787355 ], [ 73.1425558, 22.1787911 ], [ 73.1420751, 22.1789103 ], [ 73.1415515, 22.1789103 ], [ 73.1411567, 22.1789898 ], [ 73.1408735, 22.1791647 ], [ 73.1400667, 22.1801105 ], [ 73.1394058, 22.1804761 ], [ 73.1386591, 22.1809847 ], [ 73.1384445, 22.1810245 ], [ 73.1382127, 22.1809529 ], [ 73.1378265, 22.1808973 ], [ 73.1374918, 22.1807701 ], [ 73.1372858, 22.180635 ], [ 73.1371742, 22.1803966 ], [ 73.137157, 22.1801581 ], [ 73.1371999, 22.1799912 ], [ 73.1373973, 22.1797449 ], [ 73.1376119, 22.1796336 ], [ 73.1378952, 22.1793395 ], [ 73.1382728, 22.1789977 ], [ 73.138393, 22.1787355 ], [ 73.1385217, 22.1784255 ], [ 73.1386505, 22.1782188 ], [ 73.1388994, 22.177885 ], [ 73.1391998, 22.1776068 ], [ 73.1392685, 22.1775035 ], [ 73.139277, 22.1773287 ], [ 73.1391483, 22.1770584 ], [ 73.1385217, 22.1759218 ], [ 73.1380926, 22.1749363 ], [ 73.1378007, 22.1745865 ], [ 73.1376033, 22.1741573 ], [ 73.1374832, 22.1738553 ], [ 73.1372257, 22.1735851 ], [ 73.1368566, 22.1733625 ], [ 73.1362644, 22.1730684 ], [ 73.1359726, 22.1730684 ], [ 73.135552, 22.1733069 ], [ 73.135346, 22.1733387 ], [ 73.1347967, 22.1733387 ], [ 73.1334835, 22.1730764 ], [ 73.1330457, 22.1730764 ], [ 73.1326852, 22.1732035 ], [ 73.1321874, 22.1735692 ], [ 73.1317669, 22.1739745 ], [ 73.1316381, 22.1742686 ], [ 73.1313978, 22.1744276 ], [ 73.1310201, 22.1743958 ], [ 73.1300588, 22.1741017 ], [ 73.1299902, 22.1739348 ], [ 73.1287628, 22.1737043 ], [ 73.1284109, 22.1735533 ], [ 73.1281534, 22.1733784 ], [ 73.1280246, 22.1731717 ] ] } },
{ "type": "Feature", "properties": { "element": "way", "id": 55447216, "waterway": "river" }, "geometry": { "type": "LineString", "coordinates": [ [ 73.1609708, 22.2129879 ], [ 73.1610309, 22.2127495 ], [ 73.1609966, 22.2125906 ], [ 73.1609708, 22.2121933 ], [ 73.1607391, 22.2119469 ], [ 73.1604816, 22.2117165 ], [ 73.1602069, 22.211645 ], [ 73.1598636, 22.2116291 ], [ 73.1595546, 22.2115814 ], [ 73.1594001, 22.2114543 ], [ 73.1593143, 22.2113271 ], [ 73.1593744, 22.2111921 ], [ 73.1595031, 22.2109696 ], [ 73.1597177, 22.2104451 ], [ 73.1599323, 22.2101591 ], [ 73.1602241, 22.2096743 ], [ 73.1607992, 22.2087446 ], [ 73.1607734, 22.2086413 ], [ 73.1607048, 22.2085142 ], [ 73.1604129, 22.2084586 ], [ 73.1598293, 22.2085221 ], [ 73.1596748, 22.2087844 ], [ 73.1596061, 22.2090466 ], [ 73.159589, 22.2091737 ], [ 73.159546, 22.2093009 ], [ 73.1591426, 22.2093485 ], [ 73.1587049, 22.2093485 ], [ 73.1585676, 22.2092214 ], [ 73.1584474, 22.2090784 ], [ 73.1584217, 22.2088638 ], [ 73.158353, 22.2085619 ], [ 73.15825, 22.2083076 ], [ 73.1582328, 22.2081645 ], [ 73.1583015, 22.2078705 ], [ 73.1585418, 22.2076083 ], [ 73.1589881, 22.2072666 ], [ 73.1594516, 22.2070441 ], [ 73.1597263, 22.2068216 ], [ 73.1599065, 22.2066786 ], [ 73.1601726, 22.2066547 ], [ 73.1606618, 22.2066309 ], [ 73.1609708, 22.2065991 ], [ 73.161014, 22.2065249 ], [ 73.161091, 22.2063925 ], [ 73.1610652, 22.2060587 ], [ 73.1609794, 22.205868 ], [ 73.1609623, 22.2056376 ], [ 73.1610996, 22.2054707 ], [ 73.1613485, 22.2051449 ], [ 73.1615373, 22.2048588 ], [ 73.1612798, 22.2044059 ], [ 73.1611167, 22.2039132 ], [ 73.1610567, 22.2036192 ], [ 73.1611253, 22.2033331 ], [ 73.1612455, 22.2031424 ], [ 73.1612455, 22.2028165 ], [ 73.1611768, 22.2024828 ], [ 73.1610309, 22.2021013 ], [ 73.1609022, 22.2016643 ], [ 73.1607563, 22.2012431 ], [ 73.1606018, 22.2008775 ], [ 73.1603958, 22.2005279 ], [ 73.1601812, 22.1999955 ], [ 73.1600868, 22.1993438 ], [ 73.1600524, 22.1988114 ], [ 73.1600868, 22.1983187 ], [ 73.1601297, 22.1980962 ], [ 73.1602327, 22.1975955 ], [ 73.1603529, 22.1968485 ], [ 73.1605588, 22.1959823 ], [ 73.1607734, 22.1956803 ], [ 73.1607906, 22.195418 ], [ 73.1608593, 22.1949015 ], [ 73.1609451, 22.1944803 ], [ 73.1609279, 22.1941624 ], [ 73.1608078, 22.1938842 ], [ 73.1605588, 22.193614 ], [ 73.1603614, 22.1932167 ], [ 73.1601984, 22.1929941 ], [ 73.1601383, 22.1927716 ], [ 73.1601383, 22.1924219 ], [ 73.1601898, 22.192104 ], [ 73.1602842, 22.1917703 ], [ 73.1604473, 22.1913967 ], [ 73.1607219, 22.1911186 ], [ 73.1608078, 22.1908961 ], [ 73.1611425, 22.1905305 ], [ 73.1615717, 22.190157 ], [ 73.1616231, 22.1898947 ], [ 73.1616661, 22.1894973 ], [ 73.1618549, 22.1886787 ], [ 73.1618377, 22.1884006 ], [ 73.1617862, 22.1880429 ], [ 73.1616832, 22.1879396 ], [ 73.1613699, 22.187788 ] ] } },
{ "type": "Feature", "properties": { "element": "way", "id": 55447217, "waterway": "river" }, "geometry": { "type": "LineString", "coordinates": [ [ 73.1594345, 22.2252323 ], [ 73.1593143, 22.2250575 ], [ 73.15928, 22.224692 ], [ 73.1592113, 22.2243344 ], [ 73.1593057, 22.2240881 ], [ 73.1594173, 22.2238418 ], [ 73.159649, 22.2235558 ], [ 73.1597349, 22.223373 ], [ 73.1599065, 22.2229758 ], [ 73.1600181, 22.2225308 ], [ 73.1600267, 22.2221097 ], [ 73.1599838, 22.2218872 ], [ 73.159649, 22.2215773 ], [ 73.1593658, 22.2213946 ], [ 73.1590053, 22.2212516 ], [ 73.1587049, 22.2212039 ], [ 73.1583101, 22.2211483 ], [ 73.1581041, 22.2210609 ], [ 73.1580526, 22.2209258 ], [ 73.1580354, 22.2207669 ], [ 73.1581985, 22.2204967 ], [ 73.1584817, 22.2201312 ], [ 73.1586191, 22.2198531 ], [ 73.1588079, 22.2195194 ], [ 73.1590225, 22.2193923 ], [ 73.1594001, 22.2192175 ], [ 73.159752, 22.218987 ], [ 73.1601039, 22.2188758 ], [ 73.1604473, 22.2188122 ], [ 73.160576, 22.218701 ], [ 73.1606533, 22.2184944 ], [ 73.1606618, 22.2183037 ], [ 73.1604644, 22.2181845 ], [ 73.1602756, 22.2180097 ], [ 73.1600267, 22.217819 ], [ 73.1598293, 22.2176522 ], [ 73.1596405, 22.2175568 ], [ 73.1594001, 22.2174535 ], [ 73.1591341, 22.2174535 ], [ 73.158765, 22.2174773 ], [ 73.1586191, 22.2174456 ], [ 73.1584474, 22.2173423 ], [ 73.1583873, 22.2171595 ], [ 73.1583702, 22.2168417 ], [ 73.1582414, 22.2163808 ], [ 73.1581899, 22.2160233 ], [ 73.15825, 22.2157452 ], [ 73.1585247, 22.2155465 ], [ 73.1588165, 22.2153558 ], [ 73.1590396, 22.2153558 ], [ 73.1593143, 22.2155465 ], [ 73.1595203, 22.2157769 ], [ 73.1597606, 22.2161027 ], [ 73.1600524, 22.2161742 ], [ 73.1602756, 22.2161266 ], [ 73.160473, 22.2158167 ], [ 73.1608421, 22.2155703 ], [ 73.1608507, 22.2153796 ], [ 73.1607563, 22.2152604 ], [ 73.1605503, 22.2151174 ], [ 73.1603872, 22.2150141 ], [ 73.1600009, 22.2148711 ], [ 73.159898, 22.214744 ], [ 73.1596834, 22.2146327 ], [ 73.1590225, 22.2145056 ], [ 73.1585847, 22.2144579 ], [ 73.1583358, 22.2143784 ], [ 73.1581127, 22.2141321 ], [ 73.1580698, 22.213997 ], [ 73.1580526, 22.2137666 ], [ 73.1580268, 22.2135918 ], [ 73.1580783, 22.2134011 ], [ 73.1582414, 22.213115 ], [ 73.1583273, 22.2129482 ], [ 73.1585762, 22.2127972 ], [ 73.1588337, 22.2128131 ], [ 73.1591684, 22.212829 ], [ 73.159486, 22.212829 ], [ 73.1597435, 22.2128449 ], [ 73.159958, 22.2129402 ], [ 73.1602584, 22.2130276 ], [ 73.1604215, 22.2130753 ], [ 73.1606275, 22.2130991 ], [ 73.1607906, 22.2130753 ], [ 73.1609708, 22.2129879 ] ] } },
{ "type": "Feature", "properties": { "element": "way", "id": 55447218, "waterway": "river" }, "geometry": { "type": "LineString", "coordinates": [ [ 73.1634342, 22.2351875 ], [ 73.1632539, 22.2350286 ], [ 73.1631767, 22.2348856 ], [ 73.1632024, 22.2347584 ], [ 73.1632711, 22.2346154 ], [ 73.1633741, 22.2344089 ], [ 73.1633741, 22.2341308 ], [ 73.1635372, 22.2339083 ], [ 73.1637947, 22.2338289 ], [ 73.1643182, 22.2337574 ], [ 73.16455, 22.2337653 ], [ 73.1646616, 22.2339083 ], [ 73.164859, 22.2341149 ], [ 73.1649705, 22.2342738 ], [ 73.1649791, 22.2345439 ], [ 73.1651508, 22.234679 ], [ 73.1652881, 22.2346472 ], [ 73.1654254, 22.2345995 ], [ 73.1654855, 22.2344407 ], [ 73.1658117, 22.2335429 ], [ 73.1659662, 22.2333681 ], [ 73.1661121, 22.2333284 ], [ 73.1663438, 22.2333999 ], [ 73.1664812, 22.2335349 ], [ 73.167082, 22.2336779 ], [ 73.1675283, 22.2331615 ], [ 73.1676914, 22.2329867 ], [ 73.167863, 22.2329311 ], [ 73.1682321, 22.2329311 ], [ 73.1685926, 22.2330026 ], [ 73.1689788, 22.2332251 ], [ 73.1700088, 22.2336938 ], [ 73.1704294, 22.23367 ], [ 73.1707813, 22.2335667 ], [ 73.1710388, 22.2333045 ], [ 73.1710903, 22.2330106 ], [ 73.1710731, 22.2327722 ], [ 73.1709787, 22.2324941 ], [ 73.1707899, 22.232367 ], [ 73.1704637, 22.2322717 ], [ 73.1700088, 22.2320969 ], [ 73.169099, 22.2318983 ], [ 73.1688329, 22.2319062 ], [ 73.1686012, 22.2318665 ], [ 73.1683866, 22.2317791 ], [ 73.1682922, 22.231652 ], [ 73.1683179, 22.231501 ], [ 73.1684381, 22.2312706 ], [ 73.1687986, 22.2310561 ], [ 73.1691762, 22.230921 ], [ 73.1698629, 22.2307462 ], [ 73.1700861, 22.2306827 ], [ 73.1701376, 22.2305556 ], [ 73.1701032, 22.2303649 ], [ 73.1699831, 22.230206 ], [ 73.169614, 22.2299915 ], [ 73.1692964, 22.2297928 ], [ 73.1689188, 22.229483 ], [ 73.1687728, 22.2293638 ], [ 73.1686698, 22.2291969 ], [ 73.1688243, 22.2288394 ], [ 73.1689273, 22.2286646 ], [ 73.1692449, 22.2284422 ], [ 73.1695797, 22.2282356 ], [ 73.1698028, 22.2280052 ], [ 73.1698972, 22.2278224 ], [ 73.1698972, 22.2275761 ], [ 73.1698543, 22.2273854 ], [ 73.1696483, 22.2273378 ], [ 73.1694337, 22.2274569 ], [ 73.1691505, 22.2276794 ], [ 73.1687299, 22.2277032 ], [ 73.1684467, 22.2277032 ], [ 73.1682664, 22.2275841 ], [ 73.1682064, 22.2273934 ], [ 73.1681549, 22.2271789 ], [ 73.1682321, 22.2269326 ], [ 73.1683609, 22.2267021 ], [ 73.1684381, 22.2265353 ], [ 73.168481, 22.2263526 ], [ 73.168378, 22.2261619 ], [ 73.1682235, 22.2260983 ], [ 73.1680433, 22.2261142 ], [ 73.1678201, 22.2262969 ], [ 73.1675884, 22.22644 ], [ 73.1672708, 22.2264876 ], [ 73.1669361, 22.2263605 ], [ 73.16667, 22.2262493 ], [ 73.1664468, 22.2260665 ], [ 73.1663009, 22.2258758 ], [ 73.1663009, 22.2256613 ], [ 73.1664554, 22.2253991 ], [ 73.1667644, 22.2250257 ], [ 73.1668674, 22.2247714 ], [ 73.1668159, 22.2246046 ], [ 73.1667043, 22.2244616 ], [ 73.1664554, 22.22439 ], [ 73.1662323, 22.22439 ], [ 73.1659061, 22.224541 ], [ 73.1648161, 22.2252164 ], [ 73.1645671, 22.2253435 ], [ 73.1642753, 22.2253991 ], [ 73.1638462, 22.2255819 ], [ 73.1634428, 22.2258599 ], [ 73.1629364, 22.2263367 ], [ 73.162696, 22.2266704 ], [ 73.1623699, 22.2269326 ], [ 73.1621038, 22.227012 ], [ 73.1617605, 22.2269167 ], [ 73.1615116, 22.2268054 ], [ 73.1610738, 22.2265432 ], [ 73.1609966, 22.2263923 ], [ 73.1609708, 22.2262493 ], [ 73.1610481, 22.2260586 ], [ 73.1612369, 22.2258679 ], [ 73.1615202, 22.2256216 ], [ 73.1617347, 22.2253038 ], [ 73.1617948, 22.2250654 ], [ 73.1617691, 22.2249144 ], [ 73.1616231, 22.224827 ], [ 73.1614086, 22.2248191 ], [ 73.1611339, 22.2249303 ], [ 73.1606275, 22.2253117 ], [ 73.1603614, 22.2254627 ], [ 73.1599752, 22.2254627 ], [ 73.1596748, 22.2253912 ], [ 73.1594345, 22.2252323 ] ] } },
{ "type": "Feature", "properties": { "element": "way", "id": 55447219, "waterway": "river" }, "geometry": { "type": "LineString", "coordinates": [ [ 73.1725145, 22.2511426 ], [ 73.1725053, 22.2510656 ], [ 73.172496, 22.250943 ], [ 73.1724375, 22.2507434 ], [ 73.1723512, 22.2506065 ], [ 73.1722804, 22.2504582 ], [ 73.1721109, 22.2503442 ], [ 73.1717442, 22.2502729 ], [ 73.1715748, 22.2503385 ], [ 73.1711743, 22.2504097 ], [ 73.1707212, 22.2503771 ], [ 73.1704723, 22.2502898 ], [ 73.170327, 22.2501617 ], [ 73.1702191, 22.2499906 ], [ 73.1702499, 22.2497824 ], [ 73.1703578, 22.249637 ], [ 73.1705087, 22.24952 ], [ 73.1707552, 22.2494345 ], [ 73.1711847, 22.2494159 ], [ 73.1716025, 22.2493318 ], [ 73.1718428, 22.2492491 ], [ 73.1720185, 22.2490837 ], [ 73.1721509, 22.2488556 ], [ 73.1722002, 22.248482 ], [ 73.1722187, 22.2483252 ], [ 73.1721546, 22.2481766 ], [ 73.1717941, 22.2479622 ], [ 73.1713478, 22.2478668 ], [ 73.1708757, 22.2477635 ], [ 73.1705238, 22.2477635 ], [ 73.1701329, 22.2477406 ], [ 73.1699079, 22.2477891 ], [ 73.1696655, 22.2476921 ], [ 73.1695282, 22.2474696 ], [ 73.1694088, 22.2473613 ], [ 73.1695043, 22.2469649 ], [ 73.1697015, 22.24654 ], [ 73.169797, 22.2462206 ], [ 73.1699511, 22.2459811 ], [ 73.170404, 22.2456817 ], [ 73.1707583, 22.2454421 ], [ 73.170937, 22.2453936 ], [ 73.171219, 22.2454915 ], [ 73.1714084, 22.2457159 ], [ 73.1721386, 22.2467824 ], [ 73.1723005, 22.2468897 ], [ 73.172456, 22.2468138 ], [ 73.1727394, 22.2466256 ], [ 73.1730352, 22.2466028 ], [ 73.17318, 22.2465999 ], [ 73.1733618, 22.2465001 ], [ 73.1734142, 22.2463547 ], [ 73.1734758, 22.2461693 ], [ 73.1734764, 22.2459364 ], [ 73.1734163, 22.2457219 ], [ 73.1732532, 22.2454041 ], [ 73.1731073, 22.2451261 ], [ 73.1730129, 22.2449593 ], [ 73.1730129, 22.2446891 ], [ 73.1730815, 22.2444349 ], [ 73.173279, 22.2441807 ], [ 73.1735622, 22.2439344 ], [ 73.1736995, 22.2438232 ], [ 73.173854, 22.2436405 ], [ 73.173854, 22.2434578 ], [ 73.1736824, 22.2433307 ], [ 73.1733476, 22.243283 ], [ 73.1730215, 22.243283 ], [ 73.1726696, 22.2434419 ], [ 73.1721632, 22.2436802 ], [ 73.1718284, 22.2437358 ], [ 73.1716224, 22.2436882 ], [ 73.171425, 22.2435213 ], [ 73.1711675, 22.243283 ], [ 73.1710474, 22.2429652 ], [ 73.1707813, 22.242576 ], [ 73.1706096, 22.2422264 ], [ 73.1705238, 22.2420755 ], [ 73.170335, 22.2419642 ], [ 73.170129, 22.2420198 ], [ 73.1699058, 22.2422502 ], [ 73.1696483, 22.2426475 ], [ 73.1695453, 22.2428699 ], [ 73.1693393, 22.2430447 ], [ 73.169099, 22.2431559 ], [ 73.1688243, 22.2431003 ], [ 73.1684295, 22.2431003 ], [ 73.1682235, 22.2430526 ], [ 73.1680347, 22.2428937 ], [ 73.1678974, 22.2426633 ], [ 73.1678459, 22.2424091 ], [ 73.1677515, 22.2419801 ], [ 73.1675884, 22.2416623 ], [ 73.1673051, 22.2410268 ], [ 73.1672107, 22.2405263 ], [ 73.167082, 22.239994 ], [ 73.166876, 22.2396444 ], [ 73.1668073, 22.2392472 ], [ 73.1667215, 22.2389135 ], [ 73.1667215, 22.2386196 ], [ 73.1667129, 22.2384289 ], [ 73.1665498, 22.2381429 ], [ 73.1664468, 22.2379681 ], [ 73.1664383, 22.237698 ], [ 73.1665327, 22.2374756 ], [ 73.1667215, 22.2373484 ], [ 73.1671421, 22.2373723 ], [ 73.1674768, 22.2374835 ], [ 73.1678545, 22.2375232 ], [ 73.1681291, 22.2374517 ], [ 73.1682836, 22.2371895 ], [ 73.1682836, 22.2370783 ], [ 73.1682664, 22.2368638 ], [ 73.1681978, 22.2366573 ], [ 73.1677171, 22.2363077 ], [ 73.1673481, 22.2360137 ], [ 73.1671335, 22.2359184 ], [ 73.1669189, 22.2357436 ], [ 73.1667558, 22.2354655 ], [ 73.1665412, 22.2352749 ], [ 73.1662666, 22.2352669 ], [ 73.1659233, 22.2353066 ], [ 73.1656829, 22.2354735 ], [ 73.165374, 22.2357039 ], [ 73.1649705, 22.2358628 ], [ 73.1646787, 22.2359104 ], [ 73.1643182, 22.2358548 ], [ 73.1640865, 22.2357436 ], [ 73.1637947, 22.235537 ], [ 73.1634342, 22.2351875 ] ] } },
{ "type": "Feature", "properties": { "element": "way", "id": 55447220, "waterway": "river" }, "geometry": { "type": "LineString", "coordinates": [ [ 73.1656407, 22.2628451 ], [ 73.1655637, 22.2626655 ], [ 73.1655452, 22.2625201 ], [ 73.1656314, 22.2620895 ], [ 73.1658009, 22.2609832 ], [ 73.1660597, 22.2604585 ], [ 73.1663308, 22.2597628 ], [ 73.1666852, 22.2591497 ], [ 73.1668762, 22.2589016 ], [ 73.1670087, 22.2587277 ], [ 73.1670118, 22.2584796 ], [ 73.1669532, 22.2579977 ], [ 73.1667684, 22.2575557 ], [ 73.1666852, 22.2572392 ], [ 73.166639, 22.257014 ], [ 73.1664448, 22.2567773 ], [ 73.1660778, 22.2565336 ], [ 73.1658132, 22.2561842 ], [ 73.1657732, 22.2558448 ], [ 73.1657516, 22.2552546 ], [ 73.1657578, 22.2549751 ], [ 73.1659334, 22.2548497 ], [ 73.1660874, 22.2548268 ], [ 73.1662939, 22.2547955 ], [ 73.1664264, 22.2547613 ], [ 73.1666759, 22.2546472 ], [ 73.1670056, 22.2544932 ], [ 73.1671011, 22.2543792 ], [ 73.167098, 22.2542679 ], [ 73.1670549, 22.2541539 ], [ 73.1668022, 22.2538288 ], [ 73.1664726, 22.253632 ], [ 73.166258, 22.2535547 ], [ 73.1659318, 22.2534196 ], [ 73.1656915, 22.2532687 ], [ 73.1655513, 22.2530247 ], [ 73.1655791, 22.2528079 ], [ 73.1656592, 22.252537 ], [ 73.1659118, 22.2523118 ], [ 73.1666544, 22.2518156 ], [ 73.1668793, 22.2516245 ], [ 73.1670611, 22.2514905 ], [ 73.1672552, 22.2514164 ], [ 73.1677173, 22.2514962 ], [ 73.1681978, 22.2516402 ], [ 73.1691076, 22.2518785 ], [ 73.1695196, 22.25195 ], [ 73.1698556, 22.2518755 ], [ 73.17029, 22.2517272 ], [ 73.1714423, 22.2512624 ], [ 73.1718151, 22.2512966 ], [ 73.1721171, 22.2513137 ], [ 73.1723543, 22.2513109 ], [ 73.1724745, 22.2512481 ], [ 73.1725145, 22.2511426 ] ] } },
{ "type": "Feature", "properties": { "element": "way", "id": 55447221, "waterway": "river" }, "geometry": { "type": "LineString", "coordinates": [ [ 73.1799909, 22.2923864 ], [ 73.1796648, 22.2922832 ], [ 73.1791449, 22.2922568 ], [ 73.1787721, 22.2922276 ], [ 73.1783932, 22.2919632 ], [ 73.1756221, 22.2908378 ], [ 73.1748497, 22.2904884 ], [ 73.1744205, 22.2902739 ], [ 73.1740943, 22.2900754 ], [ 73.1738454, 22.2898292 ], [ 73.1735898, 22.2895001 ], [ 73.1733587, 22.2891266 ], [ 73.1730167, 22.2887161 ], [ 73.172114, 22.2875615 ], [ 73.1717535, 22.287017 ], [ 73.1715008, 22.286615 ], [ 73.1712913, 22.2862615 ], [ 73.1711527, 22.285928 ], [ 73.1711034, 22.2851953 ], [ 73.171051, 22.2846907 ], [ 73.1709524, 22.2842659 ], [ 73.1708261, 22.2838582 ], [ 73.1708816, 22.2835474 ], [ 73.1709463, 22.2832509 ], [ 73.1711804, 22.2826294 ], [ 73.1714947, 22.2820307 ], [ 73.1716672, 22.2817627 ], [ 73.1719815, 22.2815375 ], [ 73.1722434, 22.2813408 ], [ 73.1723358, 22.2811868 ], [ 73.1725422, 22.2806622 ], [ 73.1725915, 22.2804057 ], [ 73.1725607, 22.2801405 ], [ 73.1722557, 22.2794363 ], [ 73.1721725, 22.2790828 ], [ 73.1722002, 22.2787007 ], [ 73.1722434, 22.2784014 ], [ 73.1721879, 22.2781334 ], [ 73.1722249, 22.2777542 ], [ 73.1722156, 22.2773721 ], [ 73.1720893, 22.2771041 ], [ 73.1717412, 22.2767506 ], [ 73.1713868, 22.2763001 ], [ 73.171165, 22.2758297 ], [ 73.1709358, 22.2752395 ], [ 73.170786, 22.2750029 ], [ 73.1707522, 22.2747805 ], [ 73.1707583, 22.2746294 ], [ 73.1707891, 22.2745096 ], [ 73.1709309, 22.2743414 ], [ 73.1710171, 22.2741732 ], [ 73.1710233, 22.2738539 ], [ 73.1710233, 22.2736144 ], [ 73.1709555, 22.2733863 ], [ 73.1707244, 22.2730014 ], [ 73.1703146, 22.2723313 ], [ 73.1701852, 22.2720576 ], [ 73.1701051, 22.2718866 ], [ 73.1700281, 22.2716185 ], [ 73.1699542, 22.271399 ], [ 73.1698556, 22.2711709 ], [ 73.1697446, 22.2710141 ], [ 73.1696553, 22.2709628 ], [ 73.1695444, 22.2709286 ], [ 73.1693657, 22.2709229 ], [ 73.1689867, 22.2710255 ], [ 73.1686872, 22.271367 ], [ 73.1684753, 22.2714874 ], [ 73.1681826, 22.2714731 ], [ 73.167859, 22.271379 ], [ 73.167668, 22.271245 ], [ 73.1674123, 22.2707974 ], [ 73.1674955, 22.2704923 ], [ 73.1675509, 22.2700817 ], [ 73.1676865, 22.26885 ], [ 73.1677482, 22.2686055 ], [ 73.1678252, 22.2683967 ], [ 73.1679734, 22.2680808 ], [ 73.1682072, 22.267604 ], [ 73.1684229, 22.267259 ], [ 73.1685615, 22.2669596 ], [ 73.1686447, 22.2667001 ], [ 73.168654, 22.2664663 ], [ 73.1686098, 22.2660497 ], [ 73.1685831, 22.2657934 ], [ 73.1685923, 22.2655112 ], [ 73.1686386, 22.2651262 ], [ 73.1684167, 22.2644904 ], [ 73.1683335, 22.2640256 ], [ 73.1682164, 22.2636321 ], [ 73.1679546, 22.2632386 ], [ 73.1677789, 22.2629991 ], [ 73.1675386, 22.2627653 ], [ 73.1671381, 22.2627282 ], [ 73.1667499, 22.2627368 ], [ 73.1664079, 22.2627995 ], [ 73.1659858, 22.2628565 ], [ 73.1658379, 22.2628965 ], [ 73.1656407, 22.2628451 ] ] } },
{ "type": "Feature", "properties": { "element": "way", "id": 55447222, "waterway": "river" }, "geometry": { "type": "LineString", "coordinates": [ [ 73.1928312, 22.3107779 ], [ 73.1922561, 22.3105555 ], [ 73.1916896, 22.310365 ], [ 73.1911747, 22.3103015 ], [ 73.1906597, 22.3101665 ], [ 73.1902391, 22.309825 ], [ 73.1899473, 22.3092851 ], [ 73.1897853, 22.3090994 ], [ 73.1895439, 22.3087769 ], [ 73.1890976, 22.3084592 ], [ 73.1884023, 22.3080463 ], [ 73.1878273, 22.3075937 ], [ 73.1875612, 22.3074746 ], [ 73.1870462, 22.3073158 ], [ 73.1866085, 22.3071808 ], [ 73.1863252, 22.3070617 ], [ 73.1861793, 22.3068552 ], [ 73.1860935, 22.3066805 ], [ 73.1861536, 22.3064026 ], [ 73.1862308, 22.3062279 ], [ 73.186248, 22.3055291 ], [ 73.1861793, 22.3050368 ], [ 73.1860763, 22.304743 ], [ 73.1859304, 22.3045286 ], [ 73.1856472, 22.3044174 ], [ 73.1853553, 22.3040759 ], [ 73.1847288, 22.3030754 ], [ 73.1843518, 22.3024359 ], [ 73.184085, 22.3021304 ], [ 73.1836044, 22.3016777 ], [ 73.1831121, 22.3011545 ], [ 73.1828666, 22.3008787 ], [ 73.1827445, 22.3007514 ], [ 73.1825713, 22.3004992 ], [ 73.1824926, 22.3002972 ], [ 73.1824671, 22.2999957 ], [ 73.1824628, 22.2996289 ], [ 73.1825315, 22.2993034 ], [ 73.1826796, 22.2986714 ], [ 73.1826688, 22.2984854 ], [ 73.1825573, 22.2982948 ], [ 73.1823513, 22.2981757 ], [ 73.18192, 22.2979056 ], [ 73.1817624, 22.2977109 ], [ 73.1816518, 22.2975469 ], [ 73.1816225, 22.2973857 ], [ 73.1816317, 22.2970875 ], [ 73.1816252, 22.2966592 ], [ 73.1815696, 22.2961502 ], [ 73.1813642, 22.2954915 ], [ 73.1811612, 22.2948283 ], [ 73.1808239, 22.2940596 ], [ 73.1806907, 22.2938291 ], [ 73.1806032, 22.2936459 ], [ 73.1805016, 22.2934684 ], [ 73.1803519, 22.2929036 ], [ 73.1801969, 22.2926008 ], [ 73.1799909, 22.2923864 ] ] } },
{ "type": "Feature", "properties": { "element": "way", "id": 55447223, "waterway": "river" }, "geometry": { "type": "LineString", "coordinates": [ [ 73.2019722, 22.3376381 ], [ 73.2017097, 22.3374722 ], [ 73.2016812, 22.3373404 ], [ 73.2017048, 22.3371846 ], [ 73.2017258, 22.3370907 ], [ 73.2014121, 22.3365325 ], [ 73.2005731, 22.3352881 ], [ 73.1999294, 22.3343275 ], [ 73.1995088, 22.3333589 ], [ 73.1987363, 22.3320092 ], [ 73.1978694, 22.3304055 ], [ 73.1975862, 22.3299847 ], [ 73.1975261, 22.3296354 ], [ 73.1975261, 22.329294 ], [ 73.1975948, 22.3289605 ], [ 73.1975862, 22.328627 ], [ 73.1975347, 22.3282142 ], [ 73.1975862, 22.3280395 ], [ 73.1976806, 22.3278887 ], [ 73.1977064, 22.3276743 ], [ 73.197672, 22.3274758 ], [ 73.1974489, 22.3272217 ], [ 73.1970455, 22.3269518 ], [ 73.1965992, 22.3267851 ], [ 73.1963331, 22.3266739 ], [ 73.1962472, 22.3264675 ], [ 73.1959898, 22.3260308 ], [ 73.1958267, 22.325745 ], [ 73.1954233, 22.3255227 ], [ 73.19508, 22.3253162 ], [ 73.1950199, 22.3246969 ], [ 73.1949855, 22.3243793 ], [ 73.1941873, 22.322847 ], [ 73.1938783, 22.3221562 ], [ 73.1937067, 22.3219577 ], [ 73.1933977, 22.3216798 ], [ 73.1932174, 22.3213463 ], [ 73.1930973, 22.3211399 ], [ 73.193226, 22.3208858 ], [ 73.1934234, 22.320465 ], [ 73.1936122, 22.3200601 ], [ 73.1935951, 22.3197901 ], [ 73.1934578, 22.3195122 ], [ 73.1931659, 22.319409 ], [ 73.1928741, 22.3193296 ], [ 73.1926252, 22.3194169 ], [ 73.1924278, 22.3196472 ], [ 73.1923591, 22.3199013 ], [ 73.1922561, 22.320203 ], [ 73.1922046, 22.3203777 ], [ 73.1920158, 22.3206 ], [ 73.1917068, 22.3206873 ], [ 73.1914236, 22.3206317 ], [ 73.191209, 22.3203935 ], [ 73.1911661, 22.3201395 ], [ 73.1912176, 22.3196948 ], [ 73.1913978, 22.3192343 ], [ 73.1913463, 22.3189326 ], [ 73.1912262, 22.3187261 ], [ 73.1910459, 22.3185356 ], [ 73.1907455, 22.3184165 ], [ 73.1903249, 22.3180433 ], [ 73.1901447, 22.3177257 ], [ 73.1897155, 22.3170428 ], [ 73.1894409, 22.3166299 ], [ 73.1894409, 22.3163758 ], [ 73.1895782, 22.3161535 ], [ 73.1899215, 22.3158835 ], [ 73.1904022, 22.3158518 ], [ 73.1907798, 22.3158438 ], [ 73.1910717, 22.3157803 ], [ 73.1911918, 22.3156374 ], [ 73.1912347, 22.3154468 ], [ 73.191106, 22.3150895 ], [ 73.1905052, 22.3144146 ], [ 73.1901275, 22.3139461 ], [ 73.1899044, 22.3137794 ], [ 73.1895696, 22.313557 ], [ 73.1894323, 22.3132235 ], [ 73.1894666, 22.3129933 ], [ 73.1896297, 22.3128424 ], [ 73.1900674, 22.3126836 ], [ 73.1906425, 22.312628 ], [ 73.191209, 22.3126201 ], [ 73.191827, 22.3127312 ], [ 73.1922647, 22.3129456 ], [ 73.1929084, 22.3132712 ], [ 73.1933719, 22.3134697 ], [ 73.1936294, 22.3135094 ], [ 73.1937839, 22.3134141 ], [ 73.1940586, 22.3131838 ], [ 73.1941616, 22.3129853 ], [ 73.194153, 22.3127948 ], [ 73.1940586, 22.3124136 ], [ 73.1937839, 22.3119213 ], [ 73.1932947, 22.3111908 ], [ 73.1928312, 22.3107779 ] ] } },
{ "type": "Feature", "properties": { "element": "way", "id": 55447224, "waterway": "river" }, "geometry": { "type": "LineString", "coordinates": [ [ 73.2071392, 22.3521578 ], [ 73.2070104, 22.3520149 ], [ 73.2069933, 22.3516815 ], [ 73.2071992, 22.3511576 ], [ 73.2074653, 22.3507051 ], [ 73.2075168, 22.3504431 ], [ 73.2074653, 22.3498874 ], [ 73.206973, 22.3495801 ], [ 73.2064581, 22.3491832 ], [ 73.2063121, 22.3490006 ], [ 73.2063551, 22.3487783 ], [ 73.206561, 22.3484132 ], [ 73.2066812, 22.3480798 ], [ 73.2069816, 22.347921 ], [ 73.2074279, 22.347794 ], [ 73.2077198, 22.3479289 ], [ 73.2081918, 22.3483894 ], [ 73.2085867, 22.3487783 ], [ 73.2089441, 22.3490084 ], [ 73.2091734, 22.3489348 ], [ 73.2097827, 22.3486649 ], [ 73.2100574, 22.3484585 ], [ 73.2101432, 22.3482759 ], [ 73.2101261, 22.348014 ], [ 73.209757, 22.3472678 ], [ 73.2095768, 22.3469423 ], [ 73.2093708, 22.3468629 ], [ 73.2087442, 22.3467676 ], [ 73.2083923, 22.3466883 ], [ 73.2081262, 22.3464342 ], [ 73.208049, 22.3460452 ], [ 73.2081434, 22.3456324 ], [ 73.2082292, 22.345426 ], [ 73.208212, 22.3449021 ], [ 73.2081262, 22.344656 ], [ 73.2078601, 22.344402 ], [ 73.2072851, 22.3440527 ], [ 73.2066757, 22.3436478 ], [ 73.2064954, 22.3433144 ], [ 73.2064525, 22.3429651 ], [ 73.2065641, 22.3423538 ], [ 73.2067529, 22.3418219 ], [ 73.2072056, 22.3413341 ], [ 73.2074817, 22.3412334 ], [ 73.2078899, 22.3409494 ], [ 73.2081348, 22.3406708 ], [ 73.2082893, 22.3403611 ], [ 73.2083494, 22.3400833 ], [ 73.208332, 22.3398553 ], [ 73.2082073, 22.3396838 ], [ 73.2079266, 22.3396434 ], [ 73.2074666, 22.3397239 ], [ 73.2070208, 22.3398116 ], [ 73.2066383, 22.3399283 ], [ 73.2063568, 22.3399048 ], [ 73.2060812, 22.3396118 ], [ 73.2058113, 22.3392108 ], [ 73.2054483, 22.3386622 ], [ 73.2049076, 22.3382653 ], [ 73.2044183, 22.3380668 ], [ 73.2039463, 22.3380033 ], [ 73.2034484, 22.3380271 ], [ 73.2028648, 22.3380827 ], [ 73.2023927, 22.3379954 ], [ 73.2019722, 22.3376381 ] ] } },
{ "type": "Feature", "properties": { "element": "way", "id": 55447225, "waterway": "river" }, "geometry": { "type": "LineString", "coordinates": [ [ 73.2228337, 22.3675231 ], [ 73.2226277, 22.3674913 ], [ 73.2222844, 22.3671977 ], [ 73.2218038, 22.3668802 ], [ 73.2212974, 22.3664039 ], [ 73.2210999, 22.3660864 ], [ 73.2209111, 22.3651895 ], [ 73.2207566, 22.3649038 ], [ 73.22007, 22.364618 ], [ 73.219658, 22.3644593 ], [ 73.219555, 22.3642053 ], [ 73.2196666, 22.3638401 ], [ 73.2200013, 22.3635385 ], [ 73.2214604, 22.3632369 ], [ 73.2217265, 22.3630623 ], [ 73.2216407, 22.362586 ], [ 73.2216149, 22.3620066 ], [ 73.2214776, 22.361697 ], [ 73.2212974, 22.3616176 ], [ 73.2210999, 22.3616176 ], [ 73.2209798, 22.3617922 ], [ 73.2207223, 22.3620383 ], [ 73.2204047, 22.3620701 ], [ 73.2200957, 22.3619192 ], [ 73.2200052, 22.3616594 ], [ 73.2199108, 22.3611356 ], [ 73.2197048, 22.3610244 ], [ 73.2194044, 22.3610165 ], [ 73.2188465, 22.3610165 ], [ 73.2184345, 22.3607784 ], [ 73.217971, 22.3604608 ], [ 73.2178422, 22.3602703 ], [ 73.2178422, 22.3600401 ], [ 73.218177, 22.3596909 ], [ 73.2182972, 22.3594448 ], [ 73.2182972, 22.3591273 ], [ 73.2181942, 22.3588415 ], [ 73.2178852, 22.3588177 ], [ 73.2174303, 22.3588892 ], [ 73.2171985, 22.3590321 ], [ 73.2172329, 22.3593575 ], [ 73.21725, 22.3596036 ], [ 73.2171556, 22.3599528 ], [ 73.2170698, 22.3600401 ], [ 73.2166664, 22.3599846 ], [ 73.2164861, 22.3596909 ], [ 73.216057, 22.3595004 ], [ 73.2159111, 22.3591987 ], [ 73.215851, 22.3587066 ], [ 73.2156965, 22.358278 ], [ 73.2152502, 22.3580001 ], [ 73.2146322, 22.3578493 ], [ 73.2141859, 22.3578017 ], [ 73.2136451, 22.3574048 ], [ 73.2134735, 22.3568253 ], [ 73.2132417, 22.3565634 ], [ 73.2130443, 22.3562776 ], [ 73.2127525, 22.3560871 ], [ 73.2125808, 22.3558807 ], [ 73.2125722, 22.3556426 ], [ 73.2129327, 22.3555711 ], [ 73.2132246, 22.3555632 ], [ 73.2134649, 22.3553886 ], [ 73.2136365, 22.3550869 ], [ 73.2135593, 22.354817 ], [ 73.2131387, 22.3546265 ], [ 73.2127267, 22.3543646 ], [ 73.2124349, 22.3541423 ], [ 73.2120315, 22.3540709 ], [ 73.2117311, 22.3540391 ], [ 73.2114307, 22.3538248 ], [ 73.2112934, 22.353539 ], [ 73.2113792, 22.3532056 ], [ 73.2113792, 22.3529198 ], [ 73.2112934, 22.3526817 ], [ 73.211156, 22.3524912 ], [ 73.21089, 22.3524515 ], [ 73.210478, 22.3524753 ], [ 73.2103235, 22.3525706 ], [ 73.2101261, 22.3526658 ], [ 73.2097827, 22.3526102 ], [ 73.2095424, 22.3524912 ], [ 73.2093536, 22.3522689 ], [ 73.2091133, 22.3519831 ], [ 73.2088129, 22.3518164 ], [ 73.2083751, 22.3518164 ], [ 73.2079374, 22.351872 ], [ 73.20774, 22.3520466 ], [ 73.2075082, 22.3521578 ], [ 73.2071392, 22.3521578 ] ] } },
{ "type": "Feature", "properties": { "element": "way", "id": 55447226, "waterway": "river" }, "geometry": { "type": "LineString", "coordinates": [ [ 73.2411929, 22.3720552 ], [ 73.24115, 22.3717933 ], [ 73.2411586, 22.3715393 ], [ 73.2414332, 22.3711266 ], [ 73.2417079, 22.370944 ], [ 73.241931, 22.3706821 ], [ 73.2419825, 22.3704995 ], [ 73.241931, 22.3702059 ], [ 73.2416392, 22.3699836 ], [ 73.2412015, 22.3697217 ], [ 73.2408152, 22.3696741 ], [ 73.2404376, 22.3694677 ], [ 73.2403088, 22.3691899 ], [ 73.2403947, 22.3687216 ], [ 73.2403088, 22.3685629 ], [ 73.2400256, 22.3684835 ], [ 73.2396651, 22.3684517 ], [ 73.2393905, 22.3684756 ], [ 73.2391845, 22.3685708 ], [ 73.2392703, 22.3690153 ], [ 73.2392188, 22.3693566 ], [ 73.2389699, 22.3695153 ], [ 73.2386523, 22.3695074 ], [ 73.2384206, 22.3693963 ], [ 73.2379399, 22.369436 ], [ 73.2377082, 22.3693328 ], [ 73.2376567, 22.3691343 ], [ 73.2376567, 22.3685232 ], [ 73.2376567, 22.3679676 ], [ 73.237485, 22.3677215 ], [ 73.2371074, 22.3677215 ], [ 73.236764, 22.3677215 ], [ 73.2365065, 22.3676421 ], [ 73.2363692, 22.3673643 ], [ 73.2364894, 22.3671659 ], [ 73.2367297, 22.3669198 ], [ 73.2367984, 22.3666817 ], [ 73.2366954, 22.3664119 ], [ 73.2365409, 22.3663801 ], [ 73.2360774, 22.3663801 ], [ 73.2358628, 22.366388 ], [ 73.2355538, 22.3663245 ], [ 73.2352706, 22.366142 ], [ 73.2348243, 22.3662214 ], [ 73.2346011, 22.3662531 ], [ 73.2343779, 22.3661261 ], [ 73.2340861, 22.3660547 ], [ 73.2339745, 22.3661182 ], [ 73.2339745, 22.3663325 ], [ 73.2339745, 22.3665468 ], [ 73.2341977, 22.3667849 ], [ 73.2342835, 22.3669278 ], [ 73.234232, 22.3672612 ], [ 73.2341805, 22.3676421 ], [ 73.2342406, 22.3679993 ], [ 73.2341891, 22.3683882 ], [ 73.2339488, 22.3684835 ], [ 73.2335797, 22.3685549 ], [ 73.2332278, 22.3684438 ], [ 73.2331677, 22.368166 ], [ 73.2332364, 22.3677691 ], [ 73.2331935, 22.3672373 ], [ 73.2328244, 22.3663404 ], [ 73.2326013, 22.3661975 ], [ 73.2323867, 22.3661975 ], [ 73.2322923, 22.3662769 ], [ 73.2320348, 22.3665389 ], [ 73.2318288, 22.3667294 ], [ 73.2314597, 22.3668008 ], [ 73.2306701, 22.3668008 ], [ 73.2302838, 22.366642 ], [ 73.2300521, 22.3666103 ], [ 73.2297603, 22.3667611 ], [ 73.2295199, 22.3670389 ], [ 73.2293054, 22.3673167 ], [ 73.2289964, 22.3673881 ], [ 73.2286101, 22.3673723 ], [ 73.2284385, 22.3672294 ], [ 73.2284213, 22.3667214 ], [ 73.2283955, 22.3662928 ], [ 73.2282754, 22.3659277 ], [ 73.2283526, 22.3653244 ], [ 73.2283355, 22.3648164 ], [ 73.2279836, 22.3643719 ], [ 73.22746, 22.3639751 ], [ 73.2271167, 22.3639354 ], [ 73.2269364, 22.3637846 ], [ 73.2269107, 22.3636258 ], [ 73.2269278, 22.3632766 ], [ 73.2268163, 22.3630861 ], [ 73.2266532, 22.3630226 ], [ 73.2264729, 22.3631019 ], [ 73.2261725, 22.3633559 ], [ 73.225752, 22.3635782 ], [ 73.2253142, 22.3636576 ], [ 73.2245847, 22.3637369 ], [ 73.2242757, 22.3637449 ], [ 73.2240353, 22.3638481 ], [ 73.2239924, 22.3639592 ], [ 73.224001, 22.3645545 ], [ 73.2239924, 22.3648879 ], [ 73.2238379, 22.3649355 ], [ 73.2233144, 22.3648403 ], [ 73.2230225, 22.3649673 ], [ 73.2230912, 22.3653721 ], [ 73.2230912, 22.3657292 ], [ 73.2229367, 22.3658324 ], [ 73.2227136, 22.3661261 ], [ 73.2226621, 22.3664357 ], [ 73.2227136, 22.3666659 ], [ 73.222971, 22.3670627 ], [ 73.2230054, 22.3674437 ], [ 73.2228337, 22.3675231 ] ] } },
{ "type": "Feature", "properties": { "element": "way", "id": 55447227, "waterway": "river" }, "geometry": { "type": "LineString", "coordinates": [ [ 73.2611142, 22.3787856 ], [ 73.2607966, 22.3780079 ], [ 73.2605391, 22.3774364 ], [ 73.2599984, 22.3770237 ], [ 73.2596379, 22.3769681 ], [ 73.2590886, 22.3768173 ], [ 73.2586938, 22.3764602 ], [ 73.258256, 22.3758252 ], [ 73.2579642, 22.3753411 ], [ 73.2577067, 22.3750792 ], [ 73.2573548, 22.3750236 ], [ 73.256857, 22.3750236 ], [ 73.2562133, 22.3748411 ], [ 73.2556039, 22.3745553 ], [ 73.2551747, 22.3744284 ], [ 73.2548228, 22.3745077 ], [ 73.2542563, 22.3746109 ], [ 73.2534839, 22.3746744 ], [ 73.2528916, 22.3745871 ], [ 73.2521964, 22.3746347 ], [ 73.2519217, 22.3747062 ], [ 73.2516213, 22.3749284 ], [ 73.2512866, 22.374976 ], [ 73.2510034, 22.3749204 ], [ 73.2509175, 22.3746427 ], [ 73.2510463, 22.3742855 ], [ 73.2510119, 22.3739521 ], [ 73.2507201, 22.373722 ], [ 73.2502566, 22.3737299 ], [ 73.2497073, 22.3739521 ], [ 73.2493726, 22.3742299 ], [ 73.2491752, 22.3745315 ], [ 73.2491322, 22.3749204 ], [ 73.2493468, 22.3752776 ], [ 73.2496558, 22.3755871 ], [ 73.2496472, 22.3759364 ], [ 73.2494498, 22.3761745 ], [ 73.2492438, 22.3763649 ], [ 73.2491666, 22.3765078 ], [ 73.2491752, 22.3766348 ], [ 73.2493297, 22.3767618 ], [ 73.2495271, 22.3767777 ], [ 73.2500163, 22.3766665 ], [ 73.250394, 22.3764126 ], [ 73.2507373, 22.3763649 ], [ 73.2510463, 22.3764523 ], [ 73.2512866, 22.3767539 ], [ 73.2514068, 22.376984 ], [ 73.2512265, 22.3771586 ], [ 73.2506686, 22.377619 ], [ 73.2501193, 22.3778015 ], [ 73.2489606, 22.3776269 ], [ 73.2484113, 22.3775475 ], [ 73.2480937, 22.3776825 ], [ 73.2477933, 22.3777856 ], [ 73.2475358, 22.3777301 ], [ 73.2473641, 22.3772301 ], [ 73.2471152, 22.3766031 ], [ 73.2469264, 22.3766189 ], [ 73.2466689, 22.3764126 ], [ 73.2464801, 22.3760554 ], [ 73.2465144, 22.3756983 ], [ 73.2469779, 22.3753649 ], [ 73.2475358, 22.3751665 ], [ 73.2477332, 22.3749839 ], [ 73.247716, 22.3746665 ], [ 73.24745, 22.3743411 ], [ 73.2471667, 22.3740791 ], [ 73.2470981, 22.3737696 ], [ 73.2469436, 22.3736902 ], [ 73.2466517, 22.373722 ], [ 73.2463084, 22.3738013 ], [ 73.2460166, 22.3739998 ], [ 73.2456647, 22.3740633 ], [ 73.2454329, 22.3740315 ], [ 73.2452613, 22.3738252 ], [ 73.2453214, 22.3736426 ], [ 73.2453471, 22.3732854 ], [ 73.2452269, 22.3730076 ], [ 73.2450124, 22.3729203 ], [ 73.2441541, 22.3727695 ], [ 73.2436305, 22.3725314 ], [ 73.2430383, 22.3720949 ], [ 73.2424117, 22.3720473 ], [ 73.2418881, 22.3720473 ], [ 73.2413731, 22.3721266 ], [ 73.2411929, 22.3720552 ] ] } },
{ "type": "Feature", "properties": { "element": "way", "id": 55447228, "waterway": "river" }, "geometry": { "type": "LineString", "coordinates": [ [ 73.2835246, 22.389222 ], [ 73.2831899, 22.3890077 ], [ 73.283104, 22.388476 ], [ 73.2834216, 22.3881268 ], [ 73.2837306, 22.3879442 ], [ 73.2841426, 22.3873967 ], [ 73.2841426, 22.3869205 ], [ 73.2838679, 22.3866189 ], [ 73.2834903, 22.3865237 ], [ 73.2830525, 22.3866506 ], [ 73.2829667, 22.3869205 ], [ 73.2827865, 22.3870475 ], [ 73.2822371, 22.3870713 ], [ 73.281602, 22.3870713 ], [ 73.280203, 22.3866824 ], [ 73.279482, 22.3864681 ], [ 73.2793446, 22.3861983 ], [ 73.2790271, 22.3847936 ], [ 73.2788897, 22.3844285 ], [ 73.2785979, 22.3842539 ], [ 73.2782889, 22.384238 ], [ 73.2776366, 22.3844602 ], [ 73.277053, 22.3845475 ], [ 73.2766238, 22.3843094 ], [ 73.2760573, 22.3842777 ], [ 73.2755681, 22.3842936 ], [ 73.2744866, 22.3840634 ], [ 73.2729331, 22.3839761 ], [ 73.2723323, 22.3839999 ], [ 73.2718001, 22.383865 ], [ 73.2715341, 22.3835555 ], [ 73.2713881, 22.3829523 ], [ 73.2710191, 22.3825793 ], [ 73.270444, 22.3825238 ], [ 73.2696372, 22.3826746 ], [ 73.2688132, 22.382865 ], [ 73.2684356, 22.3827698 ], [ 73.2682382, 22.3825476 ], [ 73.2678519, 22.3824841 ], [ 73.2674914, 22.3827222 ], [ 73.2671653, 22.3828095 ], [ 73.2669335, 22.3826904 ], [ 73.2668563, 22.3821984 ], [ 73.2668734, 22.3817063 ], [ 73.2665559, 22.3814523 ], [ 73.2660409, 22.3813888 ], [ 73.2655431, 22.3813809 ], [ 73.2652598, 22.3809444 ], [ 73.2650882, 22.3805873 ], [ 73.2647792, 22.3801349 ], [ 73.2643844, 22.3798968 ], [ 73.2643157, 22.3795872 ], [ 73.2642985, 22.3791825 ], [ 73.2643157, 22.378865 ], [ 73.2643157, 22.3782539 ], [ 73.2642384, 22.3779364 ], [ 73.2638865, 22.3778888 ], [ 73.2632943, 22.3780713 ], [ 73.2628222, 22.3782301 ], [ 73.2623244, 22.3785714 ], [ 73.2616635, 22.3790237 ], [ 73.261406, 22.3790714 ], [ 73.2611142, 22.3787856 ] ] } },
{ "type": "Feature", "properties": { "element": "way", "id": 76822487, "waterway": null }, "geometry": { "type": "Polygon", "coordinates": [ [ [ 73.2022362, 22.3013837 ], [ 73.202286, 22.3014533 ], [ 73.2023466, 22.3015228 ], [ 73.2024931, 22.3016024 ], [ 73.2027399, 22.3016171 ], [ 73.2031941, 22.3016603 ], [ 73.2036041, 22.3017581 ], [ 73.2040971, 22.301886 ], [ 73.2041456, 22.301892 ], [ 73.204256, 22.3018928 ], [ 73.2042773, 22.3018746 ], [ 73.2043755, 22.3018544 ], [ 73.2044854, 22.3018264 ], [ 73.2045998, 22.3017951 ], [ 73.204683, 22.3017728 ], [ 73.2047634, 22.3017467 ], [ 73.2049042, 22.3016847 ], [ 73.2050711, 22.3015691 ], [ 73.2051861, 22.3014328 ], [ 73.2053856, 22.3011025 ], [ 73.2054369, 22.3010211 ], [ 73.2054708, 22.3009236 ], [ 73.2055203, 22.3006675 ], [ 73.2055516, 22.3004324 ], [ 73.2055225, 22.3002199 ], [ 73.2051942, 22.3003266 ], [ 73.2051858, 22.300315 ], [ 73.2051526, 22.3003357 ], [ 73.2051216, 22.3003746 ], [ 73.205097, 22.3003596 ], [ 73.205055, 22.3003688 ], [ 73.2050292, 22.3003035 ], [ 73.2050822, 22.3002663 ], [ 73.205124, 22.3002821 ], [ 73.2051646, 22.3002678 ], [ 73.2054971, 22.3001677 ], [ 73.2054672, 22.3000898 ], [ 73.2053981, 22.300007 ], [ 73.205302, 22.2998868 ], [ 73.2051894, 22.2998004 ], [ 73.2051288, 22.2997613 ], [ 73.2050493, 22.2997337 ], [ 73.204948, 22.2997141 ], [ 73.2047221, 22.2997408 ], [ 73.2043916, 22.2997682 ], [ 73.2040812, 22.2997852 ], [ 73.2036974, 22.299818 ], [ 73.2035005, 22.2998408 ], [ 73.203497, 22.2998775 ], [ 73.2031136, 22.2999101 ], [ 73.2029419, 22.2999209 ], [ 73.2028826, 22.2999196 ], [ 73.20274, 22.2998928 ], [ 73.2027343, 22.2999279 ], [ 73.2027001, 22.2999226 ], [ 73.2026603, 22.2999143 ], [ 73.2026625, 22.2998893 ], [ 73.2021063, 22.2999316 ], [ 73.2021011, 22.2999682 ], [ 73.2019459, 22.2999855 ], [ 73.2019513, 22.3000204 ], [ 73.2020697, 22.3000055 ], [ 73.2021049, 22.3000142 ], [ 73.2021422, 22.3004957 ], [ 73.2021498, 22.3005812 ], [ 73.2021663, 22.3008083 ], [ 73.2021887, 22.3010895 ], [ 73.2022294, 22.3010888 ], [ 73.2022381, 22.3011052 ], [ 73.2022563, 22.3011116 ], [ 73.2022828, 22.3010968 ], [ 73.2023095, 22.3011016 ], [ 73.202329, 22.3010988 ], [ 73.2023461, 22.3011032 ], [ 73.2023656, 22.3011208 ], [ 73.2023801, 22.3011395 ], [ 73.2023827, 22.3011588 ], [ 73.2023798, 22.3011781 ], [ 73.2023688, 22.3011973 ], [ 73.2023475, 22.301216 ], [ 73.2023184, 22.3012188 ], [ 73.2022818, 22.3012098 ], [ 73.2022802, 22.3011936 ], [ 73.2022313, 22.3011954 ], [ 73.2022362, 22.3013837 ] ] ] } },
{ "type": "Feature", "properties": { "element": "way", "id": 135069276, "waterway": null }, "geometry": { "type": "Polygon", "coordinates": [ [ [ 73.2170963, 22.3637488 ], [ 73.2169461, 22.3638481 ], [ 73.216989, 22.3639671 ], [ 73.2169247, 22.3640267 ], [ 73.2167959, 22.363987 ], [ 73.2167315, 22.3640465 ], [ 73.2167745, 22.3642846 ], [ 73.2169676, 22.3644632 ], [ 73.217268, 22.3644235 ], [ 73.2173109, 22.3644632 ], [ 73.2174397, 22.3644632 ], [ 73.2175469, 22.364364 ], [ 73.2176113, 22.3642251 ], [ 73.2179117, 22.3640663 ], [ 73.2179976, 22.364106 ], [ 73.2181048, 22.3640862 ], [ 73.2181907, 22.3638481 ], [ 73.2181478, 22.3638084 ], [ 73.2181907, 22.3637687 ], [ 73.2181907, 22.3636893 ], [ 73.2182336, 22.3636496 ], [ 73.2182336, 22.3634909 ], [ 73.2181478, 22.3634115 ], [ 73.2181263, 22.3632726 ], [ 73.2179117, 22.3631932 ], [ 73.2175684, 22.3632329 ], [ 73.2172465, 22.3636496 ], [ 73.2170963, 22.3637488 ] ] ] } },
{ "type": "Feature", "properties": { "element": "way", "id": 135069287, "waterway": null }, "geometry": { "type": "Polygon", "coordinates": [ [ [ 73.1334913, 22.3145153 ], [ 73.1336016, 22.3146262 ], [ 73.1337166, 22.3148253 ], [ 73.1337682, 22.3149125 ], [ 73.1339264, 22.3149246 ], [ 73.1348276, 22.3149246 ], [ 73.134892, 22.314865 ], [ 73.1348491, 22.3145474 ], [ 73.1348608, 22.3144165 ], [ 73.1348826, 22.3143249 ], [ 73.1348491, 22.3142695 ], [ 73.1348062, 22.3142298 ], [ 73.1348062, 22.3141504 ], [ 73.1346989, 22.3140512 ], [ 73.1346214, 22.3140001 ], [ 73.1346044, 22.3139164 ], [ 73.1345315, 22.3138569 ], [ 73.1343555, 22.3138924 ], [ 73.1342697, 22.3139718 ], [ 73.1340551, 22.3139718 ], [ 73.1339908, 22.3140313 ], [ 73.1339269, 22.3140477 ], [ 73.1338902, 22.3140288 ], [ 73.1337909, 22.3139996 ], [ 73.1336562, 22.3138984 ], [ 73.1335249, 22.3137414 ], [ 73.1334037, 22.3137859 ], [ 73.1333389, 22.3138672 ], [ 73.1333507, 22.3139643 ], [ 73.1334575, 22.3142816 ], [ 73.1334913, 22.3145153 ] ] ] } },
{ "type": "Feature", "properties": { "element": "way", "id": 135069291, "waterway": null }, "geometry": { "type": "Polygon", "coordinates": [ [ [ 73.2521582, 22.2876867 ], [ 73.2523298, 22.2876867 ], [ 73.2525873, 22.2875279 ], [ 73.2527161, 22.2875279 ], [ 73.2528234, 22.2874286 ], [ 73.2526946, 22.2870713 ], [ 73.2525659, 22.2869521 ], [ 73.2526517, 22.2867536 ], [ 73.2525229, 22.2867536 ], [ 73.2526517, 22.286555 ], [ 73.2526302, 22.2864955 ], [ 73.2523298, 22.2864955 ], [ 73.2521152, 22.2866146 ], [ 73.2518148, 22.2868926 ], [ 73.2516003, 22.2870117 ], [ 73.2515144, 22.286972 ], [ 73.2514501, 22.2869918 ], [ 73.2515359, 22.2871507 ], [ 73.2513642, 22.2872698 ], [ 73.2514715, 22.2872897 ], [ 73.2517719, 22.2876073 ], [ 73.2519007, 22.2876073 ], [ 73.252008, 22.2876669 ], [ 73.2521582, 22.2876867 ] ] ] } },
{ "type": "Feature", "properties": { "element": "way", "id": 135069295, "waterway": null }, "geometry": { "type": "Polygon", "coordinates": [ [ [ 73.1348881, 22.3141901 ], [ 73.1349564, 22.3142497 ], [ 73.1352398, 22.3142733 ], [ 73.1354499, 22.3143886 ], [ 73.1354584, 22.3147222 ], [ 73.1353733, 22.3150557 ], [ 73.135407, 22.315143 ], [ 73.1354463, 22.3152185 ], [ 73.1356558, 22.3153101 ], [ 73.1357718, 22.3153928 ], [ 73.1359434, 22.3155201 ], [ 73.1362009, 22.3156789 ], [ 73.1363726, 22.3156789 ], [ 73.1365013, 22.3156392 ], [ 73.1366086, 22.3155003 ], [ 73.1365657, 22.3153812 ], [ 73.136394, 22.3152621 ], [ 73.1363511, 22.315143 ], [ 73.1362653, 22.3150636 ], [ 73.1362653, 22.3149842 ], [ 73.1361794, 22.3148253 ], [ 73.1363082, 22.3146268 ], [ 73.1362653, 22.314468 ], [ 73.1363082, 22.3143886 ], [ 73.1363726, 22.3143291 ], [ 73.1365871, 22.3143291 ], [ 73.136673, 22.3142894 ], [ 73.1367373, 22.3141901 ], [ 73.1368661, 22.3138328 ], [ 73.1368446, 22.3135747 ], [ 73.1366301, 22.3136541 ], [ 73.1365871, 22.3136144 ], [ 73.1364155, 22.3136144 ], [ 73.1362653, 22.3137534 ], [ 73.1361794, 22.3139519 ], [ 73.1359005, 22.3141703 ], [ 73.135643, 22.3139321 ], [ 73.1356081, 22.3138452 ], [ 73.1355143, 22.313813 ], [ 73.1353511, 22.3137815 ], [ 73.1351709, 22.3136939 ], [ 73.1350036, 22.3136558 ], [ 73.1347648, 22.3136597 ], [ 73.1346405, 22.3138199 ], [ 73.134638, 22.3139118 ], [ 73.1346866, 22.3140037 ], [ 73.1347636, 22.314071 ], [ 73.1348881, 22.3141901 ] ] ] } },
{ "type": "Feature", "properties": { "element": "way", "id": 135069306, "waterway": null }, "geometry": { "type": "Polygon", "coordinates": [ [ [ 73.1104732, 22.3604746 ], [ 73.1105375, 22.3605738 ], [ 73.1106663, 22.3606135 ], [ 73.1108809, 22.3606135 ], [ 73.111074, 22.3603952 ], [ 73.111074, 22.3602761 ], [ 73.1112242, 22.3602563 ], [ 73.1112885, 22.3601174 ], [ 73.1113744, 22.360038 ], [ 73.1113744, 22.3599586 ], [ 73.1112242, 22.35978 ], [ 73.1110525, 22.3597403 ], [ 73.1109667, 22.3598197 ], [ 73.1106663, 22.3595816 ], [ 73.1105375, 22.3595816 ], [ 73.1104732, 22.3593633 ], [ 73.1104088, 22.3593038 ], [ 73.1102586, 22.3595221 ], [ 73.1103015, 22.3597205 ], [ 73.1103015, 22.3599983 ], [ 73.1102586, 22.3600777 ], [ 73.1103873, 22.3602364 ], [ 73.1103873, 22.3603952 ], [ 73.1104732, 22.3604746 ] ] ] } },
{ "type": "Feature", "properties": { "element": "way", "id": 135069311, "waterway": null }, "geometry": { "type": "Polygon", "coordinates": [ [ [ 73.1670356, 22.2440594 ], [ 73.1669283, 22.2439998 ], [ 73.1668639, 22.2440991 ], [ 73.1668639, 22.2441786 ], [ 73.1671214, 22.2444566 ], [ 73.1671643, 22.2447744 ], [ 73.1674433, 22.2450723 ], [ 73.1675291, 22.245112 ], [ 73.167572, 22.2450723 ], [ 73.1675935, 22.2450922 ], [ 73.1676149, 22.2452312 ], [ 73.1677222, 22.2450922 ], [ 73.1676793, 22.2446155 ], [ 73.1676364, 22.2444169 ], [ 73.1675935, 22.2443772 ], [ 73.1676364, 22.2441786 ], [ 73.1675935, 22.2441388 ], [ 73.1677222, 22.2440197 ], [ 73.1676793, 22.2439402 ], [ 73.1677222, 22.2439005 ], [ 73.1677222, 22.2438211 ], [ 73.1675506, 22.243543 ], [ 73.1675506, 22.2434636 ], [ 73.1674862, 22.243404 ], [ 73.1673145, 22.2434437 ], [ 73.1672502, 22.2436622 ], [ 73.1671643, 22.2437813 ], [ 73.1672502, 22.2439402 ], [ 73.1672502, 22.2440197 ], [ 73.1671429, 22.244119 ], [ 73.1670356, 22.2440594 ] ] ] } },
{ "type": "Feature", "properties": { "element": "way", "id": 135069323, "waterway": null }, "geometry": { "type": "Polygon", "coordinates": [ [ [ 73.0865049, 22.2358964 ], [ 73.0864406, 22.2359162 ], [ 73.0864406, 22.2359957 ], [ 73.0864835, 22.2361149 ], [ 73.0866122, 22.236234 ], [ 73.0866981, 22.2363929 ], [ 73.0866122, 22.2365518 ], [ 73.0864835, 22.2367107 ], [ 73.0865264, 22.2367504 ], [ 73.0865264, 22.2368299 ], [ 73.086462, 22.2368895 ], [ 73.0864191, 22.2368497 ], [ 73.0863118, 22.2368696 ], [ 73.0864191, 22.2369689 ], [ 73.0865693, 22.2370285 ], [ 73.0865264, 22.237108 ], [ 73.0866122, 22.2372271 ], [ 73.0866337, 22.2373662 ], [ 73.0867624, 22.2373264 ], [ 73.0868483, 22.2374059 ], [ 73.086977, 22.237247 ], [ 73.0870843, 22.2371874 ], [ 73.087213, 22.2370285 ], [ 73.0872989, 22.2367902 ], [ 73.0873847, 22.2367107 ], [ 73.0873847, 22.2366313 ], [ 73.0875564, 22.2364724 ], [ 73.0876422, 22.2363135 ], [ 73.0877709, 22.236234 ], [ 73.0877709, 22.2361943 ], [ 73.0876207, 22.2362142 ], [ 73.0874491, 22.2361744 ], [ 73.0873203, 22.2362936 ], [ 73.0871487, 22.2361744 ], [ 73.086977, 22.2361744 ], [ 73.0866551, 22.235956 ], [ 73.0865049, 22.2358964 ] ] ] } },
{ "type": "Feature", "properties": { "element": "way", "id": 135069335, "waterway": null }, "geometry": { "type": "Polygon", "coordinates": [ [ [ 73.1890297, 22.2414179 ], [ 73.1889224, 22.2415569 ], [ 73.1889653, 22.2416364 ], [ 73.1889653, 22.2418747 ], [ 73.189137, 22.2420733 ], [ 73.189137, 22.2421925 ], [ 73.1892443, 22.2422918 ], [ 73.189373, 22.2422918 ], [ 73.1894374, 22.2423514 ], [ 73.1894374, 22.2425102 ], [ 73.1893516, 22.2426294 ], [ 73.1896734, 22.2429273 ], [ 73.189888, 22.2429671 ], [ 73.1899738, 22.2428876 ], [ 73.1900811, 22.2428677 ], [ 73.190124, 22.2426691 ], [ 73.1902099, 22.24255 ], [ 73.1900597, 22.2424904 ], [ 73.1899095, 22.2423514 ], [ 73.1900382, 22.2421528 ], [ 73.1899095, 22.2420336 ], [ 73.1899095, 22.2419144 ], [ 73.1898236, 22.241835 ], [ 73.1898236, 22.2416364 ], [ 73.1897807, 22.2415966 ], [ 73.1897807, 22.2414378 ], [ 73.1897378, 22.2413583 ], [ 73.1894159, 22.2412987 ], [ 73.1893301, 22.2412193 ], [ 73.1892014, 22.2412193 ], [ 73.1891155, 22.2412987 ], [ 73.1890297, 22.2414179 ] ] ] } },
{ "type": "Feature", "properties": { "element": "way", "id": 135069344, "waterway": null }, "geometry": { "type": "Polygon", "coordinates": [ [ [ 73.0802608, 22.2383791 ], [ 73.0801964, 22.2384387 ], [ 73.0800247, 22.2384387 ], [ 73.0799389, 22.2384784 ], [ 73.0797458, 22.2386572 ], [ 73.0796599, 22.2388161 ], [ 73.079617, 22.2389749 ], [ 73.0795312, 22.2390147 ], [ 73.0796599, 22.239253 ], [ 73.0797029, 22.2394913 ], [ 73.0797887, 22.2396105 ], [ 73.0797458, 22.2398091 ], [ 73.0798316, 22.2398488 ], [ 73.0797887, 22.2398886 ], [ 73.0797887, 22.239968 ], [ 73.0800676, 22.2400276 ], [ 73.0801964, 22.240107 ], [ 73.080411, 22.240107 ], [ 73.0804968, 22.2400673 ], [ 73.0805397, 22.240107 ], [ 73.0806684, 22.240107 ], [ 73.0806899, 22.2394119 ], [ 73.0807328, 22.2393325 ], [ 73.0806899, 22.239253 ], [ 73.0807328, 22.2392133 ], [ 73.0807328, 22.2391338 ], [ 73.0806899, 22.2390941 ], [ 73.0806899, 22.2388955 ], [ 73.0807328, 22.2387366 ], [ 73.0807757, 22.2386969 ], [ 73.0807757, 22.2384188 ], [ 73.0807114, 22.2383592 ], [ 73.0806684, 22.238399 ], [ 73.0805826, 22.2383195 ], [ 73.0804539, 22.2383592 ], [ 73.080411, 22.2382798 ], [ 73.0803466, 22.2382997 ], [ 73.0802608, 22.2383791 ] ] ] } },
{ "type": "Feature", "properties": { "element": "way", "id": 135069347, "waterway": null }, "geometry": { "type": "Polygon", "coordinates": [ [ [ 73.1513071, 22.403153 ], [ 73.1512213, 22.4031133 ], [ 73.1511354, 22.403153 ], [ 73.1510711, 22.4032125 ], [ 73.1510711, 22.4032919 ], [ 73.1516075, 22.4036688 ], [ 73.1517792, 22.4036688 ], [ 73.1519723, 22.4035696 ], [ 73.1519294, 22.4034506 ], [ 73.1519294, 22.4032125 ], [ 73.1518865, 22.4031332 ], [ 73.1517363, 22.403034 ], [ 73.1516504, 22.4030736 ], [ 73.1515217, 22.4030736 ], [ 73.1514788, 22.4031133 ], [ 73.1513071, 22.403153 ] ] ] } },
{ "type": "Feature", "properties": { "element": "way", "id": 135069349, "waterway": null }, "geometry": { "type": "Polygon", "coordinates": [ [ [ 73.0806255, 22.240544 ], [ 73.0806255, 22.2404646 ], [ 73.0802822, 22.2403454 ], [ 73.0801964, 22.2402659 ], [ 73.0800033, 22.2403652 ], [ 73.0799603, 22.2405241 ], [ 73.0799603, 22.2408022 ], [ 73.0799174, 22.2408419 ], [ 73.0799603, 22.2410802 ], [ 73.0799174, 22.24112 ], [ 73.0799174, 22.2411994 ], [ 73.0801105, 22.2414179 ], [ 73.0801964, 22.2414576 ], [ 73.080411, 22.2414576 ], [ 73.0806899, 22.2411994 ], [ 73.0807757, 22.2410008 ], [ 73.0807757, 22.2409214 ], [ 73.0809045, 22.2408419 ], [ 73.0807972, 22.2406632 ], [ 73.0806255, 22.2407823 ], [ 73.0805612, 22.240683 ], [ 73.0806255, 22.240544 ] ] ] } },
{ "type": "Feature", "properties": { "element": "way", "id": 135069356, "waterway": null }, "geometry": { "type": "Polygon", "coordinates": [ [ [ 73.2062173, 22.3557516 ], [ 73.2061315, 22.3556325 ], [ 73.2062173, 22.3554737 ], [ 73.20611, 22.3554142 ], [ 73.2060671, 22.3554539 ], [ 73.2060027, 22.3553944 ], [ 73.2060456, 22.355315 ], [ 73.2059813, 22.3552554 ], [ 73.2057667, 22.3553348 ], [ 73.2056808, 22.3552951 ], [ 73.2056165, 22.3553547 ], [ 73.2055521, 22.3554539 ], [ 73.2054877, 22.3555134 ], [ 73.2054877, 22.3555928 ], [ 73.2054448, 22.3556325 ], [ 73.2054448, 22.3558706 ], [ 73.2055521, 22.3560096 ], [ 73.2056808, 22.3558905 ], [ 73.2057667, 22.3559302 ], [ 73.2058525, 22.3559302 ], [ 73.2059813, 22.3558111 ], [ 73.2060242, 22.3558508 ], [ 73.2061744, 22.3558309 ], [ 73.2062173, 22.3557516 ] ] ] } },
{ "type": "Feature", "properties": { "element": "way", "id": 135069360, "waterway": null }, "geometry": { "type": "Polygon", "coordinates": [ [ [ 73.2397556, 22.2487266 ], [ 73.2397556, 22.2487663 ], [ 73.2398844, 22.2487663 ], [ 73.2399273, 22.248806 ], [ 73.2400346, 22.248667 ], [ 73.2400775, 22.2479123 ], [ 73.2400346, 22.2477137 ], [ 73.2399917, 22.247674 ], [ 73.2399917, 22.247396 ], [ 73.2397556, 22.2471378 ], [ 73.2396698, 22.2471378 ], [ 73.2396054, 22.2470782 ], [ 73.2395625, 22.2469988 ], [ 73.2395625, 22.2469193 ], [ 73.2394338, 22.2468399 ], [ 73.2393694, 22.2467009 ], [ 73.2392836, 22.2466611 ], [ 73.2389832, 22.2467406 ], [ 73.2388115, 22.2467406 ], [ 73.2387686, 22.24682 ], [ 73.2386613, 22.2468796 ], [ 73.2385325, 22.2471179 ], [ 73.2388759, 22.247396 ], [ 73.2390046, 22.2475549 ], [ 73.2389188, 22.2477535 ], [ 73.2390261, 22.2477336 ], [ 73.2391334, 22.2478329 ], [ 73.2391763, 22.2480315 ], [ 73.2391334, 22.2481109 ], [ 73.2393265, 22.2482897 ], [ 73.2396698, 22.2482897 ], [ 73.2397985, 22.2484486 ], [ 73.2398629, 22.2484684 ], [ 73.2398629, 22.2485876 ], [ 73.2397556, 22.2487266 ] ] ] } },
{ "type": "Feature", "properties": { "element": "way", "id": 135069369, "waterway": null }, "geometry": { "type": "Polygon", "coordinates": [ [ [ 73.2156012, 22.2539088 ], [ 73.2156566, 22.2539872 ], [ 73.2157016, 22.2541483 ], [ 73.2157136, 22.2541599 ], [ 73.2157202, 22.2541831 ], [ 73.2157478, 22.254226 ], [ 73.2157748, 22.2542741 ], [ 73.2157922, 22.2542919 ], [ 73.2157994, 22.2543273 ], [ 73.2158245, 22.254369 ], [ 73.2158921, 22.2544126 ], [ 73.2159106, 22.254475 ], [ 73.2160839, 22.2545565 ], [ 73.2162211, 22.2545803 ], [ 73.2163112, 22.254595 ], [ 73.216401, 22.254612 ], [ 73.2164728, 22.2546236 ], [ 73.2165237, 22.2546243 ], [ 73.2165934, 22.2546279 ], [ 73.2166729, 22.2545731 ], [ 73.2166886, 22.2543866 ], [ 73.2166457, 22.254188 ], [ 73.2166478, 22.2541004 ], [ 73.2166028, 22.253632 ], [ 73.2165599, 22.2533142 ], [ 73.2165732, 22.2532745 ], [ 73.2165599, 22.2532348 ], [ 73.2165599, 22.2530362 ], [ 73.2165665, 22.2529486 ], [ 73.2165687, 22.2528128 ], [ 73.2164526, 22.2527383 ], [ 73.2161951, 22.2526986 ], [ 73.2158089, 22.2524603 ], [ 73.2151651, 22.2525 ], [ 73.2148433, 22.2527184 ], [ 73.2147237, 22.2528879 ], [ 73.2147015, 22.2530027 ], [ 73.2147419, 22.2531928 ], [ 73.2149214, 22.2533048 ], [ 73.2153143, 22.2533736 ], [ 73.2153991, 22.2534875 ], [ 73.2154857, 22.253792 ], [ 73.2156012, 22.2539088 ] ] ] } },
{ "type": "Feature", "properties": { "element": "way", "id": 135069374, "waterway": null }, "geometry": { "type": "Polygon", "coordinates": [ [ [ 73.1193781, 22.31687 ], [ 73.1192493, 22.31687 ], [ 73.1191635, 22.3169097 ], [ 73.1190777, 22.3170288 ], [ 73.1190133, 22.3170486 ], [ 73.1190133, 22.3170883 ], [ 73.1191421, 22.3172471 ], [ 73.1191421, 22.3173265 ], [ 73.1190991, 22.3173662 ], [ 73.1191421, 22.3174059 ], [ 73.1190991, 22.3174456 ], [ 73.1193781, 22.3177037 ], [ 73.1194639, 22.3177037 ], [ 73.1195927, 22.3175846 ], [ 73.1197643, 22.3175846 ], [ 73.1198502, 22.3175052 ], [ 73.1200647, 22.3175449 ], [ 73.120172, 22.3174456 ], [ 73.120172, 22.3172868 ], [ 73.1201291, 22.3172074 ], [ 73.1203008, 22.3169692 ], [ 73.1201077, 22.31687 ], [ 73.119936, 22.31687 ], [ 73.1197643, 22.3167509 ], [ 73.1196356, 22.3168303 ], [ 73.1195498, 22.3168303 ], [ 73.1193781, 22.31687 ] ] ] } },
{ "type": "Feature", "properties": { "element": "way", "id": 135069378, "waterway": null }, "geometry": { "type": "Polygon", "coordinates": [ [ [ 73.2310009, 22.2711667 ], [ 73.2310867, 22.2712065 ], [ 73.2312155, 22.2710476 ], [ 73.2312799, 22.2710278 ], [ 73.2311511, 22.2707895 ], [ 73.2312799, 22.2706703 ], [ 73.231194, 22.2705512 ], [ 73.2313228, 22.2703129 ], [ 73.2312799, 22.2702732 ], [ 73.2312799, 22.2700349 ], [ 73.2311082, 22.2699555 ], [ 73.2310867, 22.2698959 ], [ 73.2307434, 22.2699356 ], [ 73.2306147, 22.2699753 ], [ 73.2302928, 22.2702335 ], [ 73.230207, 22.270432 ], [ 73.230207, 22.2705115 ], [ 73.2300997, 22.2706108 ], [ 73.2300138, 22.2706108 ], [ 73.2299709, 22.2707299 ], [ 73.2297778, 22.2708292 ], [ 73.2298207, 22.2708689 ], [ 73.2297778, 22.2709086 ], [ 73.2299495, 22.2709483 ], [ 73.2298636, 22.270988 ], [ 73.2299924, 22.2710675 ], [ 73.2300997, 22.2712065 ], [ 73.2302284, 22.2711667 ], [ 73.2302713, 22.2712065 ], [ 73.2303572, 22.2712065 ], [ 73.2304859, 22.2710873 ], [ 73.2305074, 22.2711866 ], [ 73.2305717, 22.2712462 ], [ 73.2307005, 22.2711667 ], [ 73.2308078, 22.2711866 ], [ 73.2310009, 22.2711667 ] ] ] } },
{ "type": "Feature", "properties": { "element": "way", "id": 135069382, "waterway": null }, "geometry": { "type": "Polygon", "coordinates": [ [ [ 73.2061958, 22.3833928 ], [ 73.2060885, 22.3834523 ], [ 73.2060456, 22.383611 ], [ 73.2060885, 22.3836904 ], [ 73.2059383, 22.3838293 ], [ 73.2056379, 22.3837896 ], [ 73.2054234, 22.3837896 ], [ 73.2052946, 22.3837102 ], [ 73.2049513, 22.3837102 ], [ 73.2047367, 22.3836309 ], [ 73.2045865, 22.3836904 ], [ 73.2045436, 22.3839682 ], [ 73.2043076, 22.3841071 ], [ 73.204093, 22.3840674 ], [ 73.2036638, 22.3840674 ], [ 73.2036209, 22.3841071 ], [ 73.2034063, 22.3841071 ], [ 73.2033634, 22.3840674 ], [ 73.2032347, 22.3840674 ], [ 73.2031274, 22.3841666 ], [ 73.2031274, 22.3842856 ], [ 73.203299, 22.3850396 ], [ 73.2034063, 22.3851388 ], [ 73.2036424, 22.3849999 ], [ 73.2036424, 22.3848809 ], [ 73.2037282, 22.3848412 ], [ 73.2037711, 22.3847618 ], [ 73.2036424, 22.3846428 ], [ 73.2036424, 22.3845634 ], [ 73.2037926, 22.3843848 ], [ 73.2039642, 22.3843055 ], [ 73.2040501, 22.3843055 ], [ 73.2043505, 22.3843848 ], [ 73.2043934, 22.3844245 ], [ 73.204565, 22.3843848 ], [ 73.2046938, 22.3844642 ], [ 73.2048011, 22.3846031 ], [ 73.2048011, 22.3846824 ], [ 73.2047582, 22.3847221 ], [ 73.2048655, 22.384742 ], [ 73.2050371, 22.3848213 ], [ 73.2050586, 22.3849205 ], [ 73.2051659, 22.3850197 ], [ 73.2052517, 22.3850197 ], [ 73.2053804, 22.3851388 ], [ 73.2055306, 22.3850793 ], [ 73.2057023, 22.3848015 ], [ 73.2056594, 22.3845634 ], [ 73.2056165, 22.384484 ], [ 73.2055521, 22.3844245 ], [ 73.205359, 22.3844047 ], [ 73.2054448, 22.3842459 ], [ 73.2054019, 22.3842063 ], [ 73.2055092, 22.3841864 ], [ 73.205874, 22.3845237 ], [ 73.205874, 22.3846031 ], [ 73.2059169, 22.3846428 ], [ 73.2058311, 22.3848015 ], [ 73.2057881, 22.3851586 ], [ 73.2060242, 22.3852578 ], [ 73.2063675, 22.3852578 ], [ 73.2064319, 22.3850396 ], [ 73.2065177, 22.3849602 ], [ 73.2065177, 22.3848809 ], [ 73.2066464, 22.3847221 ], [ 73.2067537, 22.3847023 ], [ 73.2067966, 22.384742 ], [ 73.2069039, 22.3846824 ], [ 73.206861, 22.384365 ], [ 73.206861, 22.3841269 ], [ 73.2069039, 22.3840872 ], [ 73.206861, 22.3840475 ], [ 73.2069039, 22.3840079 ], [ 73.206861, 22.3839682 ], [ 73.206861, 22.3837698 ], [ 73.2069039, 22.3837301 ], [ 73.2069039, 22.3834523 ], [ 73.2067966, 22.3834325 ], [ 73.2067537, 22.3833928 ], [ 73.2066679, 22.3834325 ], [ 73.2064533, 22.3834325 ], [ 73.2064104, 22.3833928 ], [ 73.2061958, 22.3833928 ] ] ] } },
{ "type": "Feature", "properties": { "element": "way", "id": 135069397, "waterway": null }, "geometry": { "type": "Polygon", "coordinates": [ [ [ 73.2376313, 22.3047011 ], [ 73.2377601, 22.3049393 ], [ 73.2379317, 22.3050584 ], [ 73.2380176, 22.3051776 ], [ 73.2381463, 22.3053761 ], [ 73.2381034, 22.3054555 ], [ 73.2381678, 22.305515 ], [ 73.2383394, 22.305515 ], [ 73.2384038, 22.3054555 ], [ 73.2383609, 22.3051378 ], [ 73.238318, 22.3050981 ], [ 73.238318, 22.304979 ], [ 73.2383609, 22.3049393 ], [ 73.2382321, 22.3048599 ], [ 73.2382321, 22.3047011 ], [ 73.2381892, 22.3046217 ], [ 73.2382321, 22.3045026 ], [ 73.2382751, 22.3044629 ], [ 73.2382751, 22.3043835 ], [ 73.2382321, 22.3043438 ], [ 73.2383609, 22.3042246 ], [ 73.2383609, 22.3041055 ], [ 73.2384896, 22.3039467 ], [ 73.2384896, 22.3038276 ], [ 73.2385632, 22.3037484 ], [ 73.2384436, 22.3036009 ], [ 73.2381463, 22.3033511 ], [ 73.2380903, 22.3033268 ], [ 73.2377404, 22.3032871 ], [ 73.2375455, 22.3034703 ], [ 73.2375455, 22.3037085 ], [ 73.2375026, 22.3038673 ], [ 73.2374167, 22.3039467 ], [ 73.2374167, 22.3040658 ], [ 73.2371163, 22.3042246 ], [ 73.2371593, 22.3042644 ], [ 73.2369876, 22.3043835 ], [ 73.2369876, 22.3044629 ], [ 73.2369447, 22.3045026 ], [ 73.2370949, 22.3046415 ], [ 73.2371807, 22.3046415 ], [ 73.2372236, 22.3046813 ], [ 73.2373953, 22.3046813 ], [ 73.2374382, 22.3046415 ], [ 73.2376313, 22.3047011 ] ] ] } },
{ "type": "Feature", "properties": { "element": "way", "id": 135069403, "waterway": null }, "geometry": { "type": "Polygon", "coordinates": [ [ [ 73.2416439, 22.2895531 ], [ 73.2416868, 22.2895531 ], [ 73.2417297, 22.2895928 ], [ 73.2419892, 22.2895729 ], [ 73.2420536, 22.2895133 ], [ 73.2420945, 22.2893347 ], [ 73.2420516, 22.2891361 ], [ 73.2420087, 22.2890964 ], [ 73.2420087, 22.2889376 ], [ 73.2421374, 22.2887787 ], [ 73.2420945, 22.2886596 ], [ 73.2421374, 22.2886199 ], [ 73.2421374, 22.2885405 ], [ 73.2419872, 22.2883221 ], [ 73.2418156, 22.2882427 ], [ 73.2416868, 22.2882427 ], [ 73.2415581, 22.2883221 ], [ 73.2415152, 22.2882824 ], [ 73.2413006, 22.2882427 ], [ 73.2411289, 22.2884809 ], [ 73.2410645, 22.2885008 ], [ 73.2410002, 22.2886398 ], [ 73.2409143, 22.2886795 ], [ 73.2408714, 22.2886398 ], [ 73.2407427, 22.2887986 ], [ 73.2406783, 22.2888185 ], [ 73.2406783, 22.2894538 ], [ 73.2407856, 22.2895928 ], [ 73.2409573, 22.2895531 ], [ 73.2411718, 22.2895531 ], [ 73.2413435, 22.2894339 ], [ 73.2414293, 22.2894737 ], [ 73.2416439, 22.2895531 ] ] ] } },
{ "type": "Feature", "properties": { "element": "way", "id": 135069420, "waterway": null }, "geometry": { "type": "Polygon", "coordinates": [ [ [ 73.1111383, 22.3625582 ], [ 73.1110525, 22.3624788 ], [ 73.1109881, 22.3624987 ], [ 73.1109881, 22.3626574 ], [ 73.1108165, 22.3628559 ], [ 73.1107306, 22.3630543 ], [ 73.1107306, 22.3632527 ], [ 73.1106019, 22.3633718 ], [ 73.1106019, 22.3634909 ], [ 73.1105161, 22.3636496 ], [ 73.1105161, 22.363729 ], [ 73.110559, 22.3638481 ], [ 73.1106234, 22.3639076 ], [ 73.1109881, 22.3634909 ], [ 73.1109023, 22.3633718 ], [ 73.1110096, 22.3634313 ], [ 73.1110954, 22.3633916 ], [ 73.1111169, 22.3633321 ], [ 73.1112027, 22.3632924 ], [ 73.1112027, 22.3632527 ], [ 73.1114173, 22.3630543 ], [ 73.1113315, 22.3628162 ], [ 73.1112027, 22.3626574 ], [ 73.1111383, 22.3625582 ] ] ] } },
{ "type": "Feature", "properties": { "element": "way", "id": 135069426, "waterway": null }, "geometry": { "type": "Polygon", "coordinates": [ [ [ 73.1814998, 22.2380337 ], [ 73.1817116, 22.2380631 ], [ 73.1817414, 22.2379905 ], [ 73.1818414, 22.2378627 ], [ 73.1817555, 22.2377435 ], [ 73.1817985, 22.2377038 ], [ 73.1817985, 22.2375449 ], [ 73.1819057, 22.2374059 ], [ 73.1819701, 22.237386 ], [ 73.1818628, 22.2372073 ], [ 73.1817555, 22.2372271 ], [ 73.1816912, 22.2370881 ], [ 73.1816053, 22.2370881 ], [ 73.1814551, 22.2371874 ], [ 73.1814981, 22.237386 ], [ 73.1814122, 22.2375449 ], [ 73.1814122, 22.2376244 ], [ 73.1814551, 22.2376641 ], [ 73.1814122, 22.2377038 ], [ 73.1814981, 22.237823 ], [ 73.1813693, 22.2379421 ], [ 73.1813908, 22.2380017 ], [ 73.1814998, 22.2380337 ] ] ] } },
{ "type": "Feature", "properties": { "element": "way", "id": 135069427, "waterway": null }, "geometry": { "type": "Polygon", "coordinates": [ [ [ 73.1828928, 22.2221115 ], [ 73.182807, 22.2220718 ], [ 73.1827641, 22.2221115 ], [ 73.1825495, 22.2221512 ], [ 73.1825066, 22.2221115 ], [ 73.1824207, 22.2221115 ], [ 73.1823778, 22.222191 ], [ 73.1822705, 22.2222506 ], [ 73.1823564, 22.22233 ], [ 73.1823564, 22.2224889 ], [ 73.1822705, 22.2226081 ], [ 73.182528, 22.2228465 ], [ 73.1826353, 22.2230252 ], [ 73.1828499, 22.2229855 ], [ 73.183043, 22.2228067 ], [ 73.1831288, 22.2224889 ], [ 73.1832147, 22.2224492 ], [ 73.1833434, 22.2222108 ], [ 73.1833434, 22.2220916 ], [ 73.183279, 22.2220321 ], [ 73.1830859, 22.2220519 ], [ 73.1828928, 22.2221115 ] ] ] } },
{ "type": "Feature", "properties": { "element": "way", "id": 135069432, "waterway": null }, "geometry": { "type": "Polygon", "coordinates": [ [ [ 73.1504488, 22.400455 ], [ 73.1504059, 22.4003756 ], [ 73.1502128, 22.4004748 ], [ 73.1501269, 22.4009906 ], [ 73.1501698, 22.4011097 ], [ 73.1502342, 22.4011692 ], [ 73.1503201, 22.4011295 ], [ 73.1504059, 22.4011295 ], [ 73.1505346, 22.4012088 ], [ 73.1506205, 22.4012088 ], [ 73.1506634, 22.4010898 ], [ 73.1505346, 22.4010898 ], [ 73.1504703, 22.4010303 ], [ 73.1506848, 22.4008716 ], [ 73.1507277, 22.4007922 ], [ 73.1507277, 22.4006732 ], [ 73.1505775, 22.400455 ], [ 73.1504488, 22.400455 ] ] ] } },
{ "type": "Feature", "properties": { "element": "way", "id": 135069437, "waterway": null }, "geometry": { "type": "Polygon", "coordinates": [ [ [ 73.1521225, 22.3290973 ], [ 73.1524229, 22.3290973 ], [ 73.1526375, 22.329137 ], [ 73.1526804, 22.3291767 ], [ 73.1527448, 22.3289187 ], [ 73.1528306, 22.328879 ], [ 73.1528735, 22.3287996 ], [ 73.1528521, 22.32874 ], [ 73.1527233, 22.3286606 ], [ 73.1526375, 22.3286606 ], [ 73.1525087, 22.3285812 ], [ 73.1524658, 22.3285018 ], [ 73.1523371, 22.3285018 ], [ 73.1522083, 22.3284224 ], [ 73.1520367, 22.3284224 ], [ 73.1518865, 22.3285217 ], [ 73.1519938, 22.3285415 ], [ 73.1519938, 22.3285812 ], [ 73.1517363, 22.3285812 ], [ 73.1516719, 22.3286408 ], [ 73.1516719, 22.328879 ], [ 73.151865, 22.3290179 ], [ 73.1520152, 22.3290378 ], [ 73.1521225, 22.3290973 ] ] ] } },
{ "type": "Feature", "properties": { "element": "way", "id": 135069440, "waterway": null }, "geometry": { "type": "Polygon", "coordinates": [ [ [ 73.1987071, 22.3684517 ], [ 73.1988358, 22.3682136 ], [ 73.1988144, 22.3681144 ], [ 73.1982136, 22.3681144 ], [ 73.197999, 22.3681938 ], [ 73.1978488, 22.3683327 ], [ 73.1978917, 22.3684914 ], [ 73.1978488, 22.3685311 ], [ 73.1978488, 22.3690867 ], [ 73.1980848, 22.369305 ], [ 73.1987715, 22.3693447 ], [ 73.1988788, 22.3692455 ], [ 73.1989646, 22.3690073 ], [ 73.1990933, 22.368928 ], [ 73.1990933, 22.3688486 ], [ 73.199029, 22.3687494 ], [ 73.1987715, 22.3685906 ], [ 73.1987071, 22.3684517 ] ] ] } },
{ "type": "Feature", "properties": { "element": "way", "id": 135069447, "waterway": null }, "geometry": { "type": "Polygon", "coordinates": [ [ [ 73.1143999, 22.3412045 ], [ 73.1144428, 22.3412045 ], [ 73.1145287, 22.3413236 ], [ 73.1145716, 22.3413236 ], [ 73.1147432, 22.3412839 ], [ 73.114872, 22.3412045 ], [ 73.1149578, 22.3412045 ], [ 73.1149364, 22.3409862 ], [ 73.1150007, 22.3409266 ], [ 73.1151295, 22.3409266 ], [ 73.1151509, 22.3408671 ], [ 73.1155801, 22.3405098 ], [ 73.115623, 22.3404305 ], [ 73.1154943, 22.3401526 ], [ 73.1154943, 22.3399541 ], [ 73.1153655, 22.339716 ], [ 73.1152582, 22.3396167 ], [ 73.1150436, 22.3396167 ], [ 73.1149578, 22.3398152 ], [ 73.1148291, 22.3398549 ], [ 73.1147861, 22.3398152 ], [ 73.1147003, 22.3398152 ], [ 73.1145072, 22.3399938 ], [ 73.1143785, 22.340232 ], [ 73.1142068, 22.3403908 ], [ 73.1142497, 22.3407083 ], [ 73.1141639, 22.3407877 ], [ 73.1142068, 22.3408274 ], [ 73.1140351, 22.3409862 ], [ 73.1140351, 22.3411053 ], [ 73.1141424, 22.3412045 ], [ 73.1143999, 22.3412045 ] ] ] } },
{ "type": "Feature", "properties": { "element": "way", "id": 135069450, "waterway": null }, "geometry": { "type": "Polygon", "coordinates": [ [ [ 73.2131267, 22.3635306 ], [ 73.2132339, 22.363471 ], [ 73.2132769, 22.3635504 ], [ 73.2134056, 22.3636298 ], [ 73.2135344, 22.3635901 ], [ 73.2137489, 22.3637092 ], [ 73.2139635, 22.3635107 ], [ 73.2140493, 22.3635107 ], [ 73.2141137, 22.3634512 ], [ 73.2139635, 22.363352 ], [ 73.2139206, 22.3633916 ], [ 73.2137918, 22.3633123 ], [ 73.213706, 22.3633916 ], [ 73.2136416, 22.3633718 ], [ 73.2136846, 22.3632131 ], [ 73.2135773, 22.3631138 ], [ 73.21347, 22.363094 ], [ 73.2133412, 22.3627368 ], [ 73.2132554, 22.3626971 ], [ 73.2132554, 22.3624193 ], [ 73.2132125, 22.3623796 ], [ 73.2132125, 22.3623002 ], [ 73.2130623, 22.362082 ], [ 73.2129121, 22.3622209 ], [ 73.2128692, 22.362459 ], [ 73.2128048, 22.3625185 ], [ 73.2125258, 22.3624987 ], [ 73.2124829, 22.3623399 ], [ 73.2125258, 22.3622605 ], [ 73.2124615, 22.362201 ], [ 73.2123327, 22.3622804 ], [ 73.2122469, 22.3622804 ], [ 73.2122684, 22.3622209 ], [ 73.2122469, 22.362201 ], [ 73.2121611, 22.362201 ], [ 73.2120967, 22.3623796 ], [ 73.2120538, 22.3624193 ], [ 73.2120538, 22.3626177 ], [ 73.2119679, 22.3627368 ], [ 73.2119679, 22.3629749 ], [ 73.2121181, 22.3629948 ], [ 73.212204, 22.3630345 ], [ 73.2122469, 22.3631932 ], [ 73.2124186, 22.3631932 ], [ 73.2124186, 22.363352 ], [ 73.2125473, 22.3632726 ], [ 73.2128048, 22.3632726 ], [ 73.2130194, 22.3635504 ], [ 73.2131267, 22.3635306 ] ] ] } },
{ "type": "Feature", "properties": { "element": "way", "id": 135069453, "waterway": null }, "geometry": { "type": "Polygon", "coordinates": [ [ [ 73.2198157, 22.3453922 ], [ 73.2202372, 22.345477 ], [ 73.2206663, 22.3455258 ], [ 73.2207327, 22.3454517 ], [ 73.220795, 22.3453922 ], [ 73.2208222, 22.3453056 ], [ 73.2206368, 22.3449952 ], [ 73.2205608, 22.3448364 ], [ 73.2205081, 22.3447571 ], [ 73.2203384, 22.3444305 ], [ 73.2201609, 22.3441453 ], [ 73.2200203, 22.344075 ], [ 73.2200321, 22.3439108 ], [ 73.2199717, 22.343734 ], [ 73.2197101, 22.3433694 ], [ 73.2192124, 22.3433279 ], [ 73.2190076, 22.3431708 ], [ 73.2186817, 22.3431473 ], [ 73.2184007, 22.343261 ], [ 73.2182972, 22.3435696 ], [ 73.2183441, 22.3439287 ], [ 73.2184692, 22.344055 ], [ 73.2183638, 22.3441885 ], [ 73.2183209, 22.344407 ], [ 73.2184418, 22.3446669 ], [ 73.2184516, 22.3448292 ], [ 73.2184418, 22.3449989 ], [ 73.2184535, 22.3450909 ], [ 73.2191894, 22.3451703 ], [ 73.2196265, 22.34532 ], [ 73.2198157, 22.3453922 ] ] ] } },
{ "type": "Feature", "properties": { "element": "way", "id": 135069462, "waterway": null }, "geometry": { "type": "Polygon", "coordinates": [ [ [ 73.1073189, 22.2385181 ], [ 73.107276, 22.2385579 ], [ 73.1070185, 22.2385579 ], [ 73.1067824, 22.2384188 ], [ 73.1066966, 22.2382997 ], [ 73.1067395, 22.2382599 ], [ 73.1067181, 22.2382401 ], [ 73.1065464, 22.2383195 ], [ 73.1064391, 22.2382599 ], [ 73.1063747, 22.2381606 ], [ 73.1061602, 22.2381606 ], [ 73.1057525, 22.2384983 ], [ 73.1058598, 22.2385181 ], [ 73.1059456, 22.2385976 ], [ 73.1060743, 22.2385976 ], [ 73.1060958, 22.2386969 ], [ 73.1061602, 22.2387565 ], [ 73.1063104, 22.2387763 ], [ 73.1062675, 22.2390544 ], [ 73.1063533, 22.2391338 ], [ 73.1063533, 22.2393325 ], [ 73.1063104, 22.2394913 ], [ 73.106246, 22.2395509 ], [ 73.1062031, 22.2395112 ], [ 73.1061387, 22.2395708 ], [ 73.1061387, 22.2396502 ], [ 73.1062031, 22.2397098 ], [ 73.106246, 22.2396701 ], [ 73.1062675, 22.23969 ], [ 73.1062675, 22.2398091 ], [ 73.1064391, 22.2400077 ], [ 73.1064391, 22.2401666 ], [ 73.1068468, 22.2402659 ], [ 73.1068897, 22.2403057 ], [ 73.1070185, 22.2402659 ], [ 73.1071043, 22.2403851 ], [ 73.107233, 22.2404248 ], [ 73.1072974, 22.240405 ], [ 73.1073403, 22.2401269 ], [ 73.1073403, 22.2400475 ], [ 73.1074691, 22.239968 ], [ 73.1074691, 22.2398886 ], [ 73.1073403, 22.2396502 ], [ 73.1074047, 22.2395907 ], [ 73.1075335, 22.2395907 ], [ 73.1075549, 22.2395311 ], [ 73.1073403, 22.2393722 ], [ 73.1072545, 22.239253 ], [ 73.1072545, 22.2391338 ], [ 73.1074047, 22.2389948 ], [ 73.1075764, 22.2390345 ], [ 73.1077051, 22.2389154 ], [ 73.1078339, 22.2390345 ], [ 73.1079626, 22.2390743 ], [ 73.108027, 22.2389749 ], [ 73.1079841, 22.2389352 ], [ 73.1079841, 22.2388161 ], [ 73.1080484, 22.2387167 ], [ 73.1081557, 22.2386969 ], [ 73.1081343, 22.2385976 ], [ 73.1080484, 22.2385976 ], [ 73.1078768, 22.2384387 ], [ 73.1076622, 22.2384784 ], [ 73.1074905, 22.238399 ], [ 73.1074691, 22.2384188 ], [ 73.1073189, 22.2385181 ] ] ] } },
{ "type": "Feature", "properties": { "element": "way", "id": 135069467, "waterway": null }, "geometry": { "type": "Polygon", "coordinates": [ [ [ 73.1610703, 22.238538 ], [ 73.1608987, 22.2386572 ], [ 73.1609631, 22.2387167 ], [ 73.1613922, 22.2384784 ], [ 73.1617355, 22.2385181 ], [ 73.1619501, 22.2385181 ], [ 73.161993, 22.2384784 ], [ 73.1621218, 22.2384784 ], [ 73.1622076, 22.2385181 ], [ 73.1622505, 22.2384784 ], [ 73.1623363, 22.2384784 ], [ 73.1623793, 22.2385181 ], [ 73.162508, 22.2385181 ], [ 73.1627655, 22.2384784 ], [ 73.1629801, 22.2383592 ], [ 73.1631088, 22.2383592 ], [ 73.1631732, 22.2382997 ], [ 73.1631303, 22.2382202 ], [ 73.1630445, 22.2381408 ], [ 73.163023, 22.2380415 ], [ 73.1628084, 22.2380017 ], [ 73.1622505, 22.2380017 ], [ 73.1622076, 22.2380415 ], [ 73.1620789, 22.2380415 ], [ 73.161993, 22.237962 ], [ 73.1619072, 22.237962 ], [ 73.1618214, 22.2380415 ], [ 73.1616497, 22.2380812 ], [ 73.1616068, 22.2380415 ], [ 73.1615639, 22.2380812 ], [ 73.161478, 22.2380812 ], [ 73.1613922, 22.2382003 ], [ 73.1613064, 22.2382003 ], [ 73.1611991, 22.2382997 ], [ 73.1611776, 22.238399 ], [ 73.1611133, 22.2384188 ], [ 73.1610703, 22.238538 ] ] ] } },
{ "type": "Feature", "properties": { "element": "way", "id": 135069471, "waterway": null }, "geometry": { "type": "Polygon", "coordinates": [ [ [ 73.1507063, 22.4018437 ], [ 73.1504703, 22.4020222 ], [ 73.1504273, 22.4022206 ], [ 73.1505561, 22.402419 ], [ 73.1508136, 22.4026967 ], [ 73.1508136, 22.4027761 ], [ 73.1509638, 22.4029149 ], [ 73.1511354, 22.4029149 ], [ 73.15135, 22.4028356 ], [ 73.1513929, 22.4028753 ], [ 73.1515217, 22.4027959 ], [ 73.1516504, 22.4027959 ], [ 73.1518865, 22.402538 ], [ 73.1517363, 22.4023595 ], [ 73.1516075, 22.4023595 ], [ 73.1515431, 22.4023 ], [ 73.1515002, 22.4021809 ], [ 73.1510925, 22.4017643 ], [ 73.1509209, 22.4017643 ], [ 73.150835, 22.401804 ], [ 73.1507063, 22.4018437 ] ] ] } },
{ "type": "Feature", "properties": { "element": "way", "id": 135069474, "waterway": null }, "geometry": { "type": "Polygon", "coordinates": [ [ [ 73.200767, 22.2282493 ], [ 73.20081, 22.2283685 ], [ 73.2007241, 22.228448 ], [ 73.2007241, 22.2286069 ], [ 73.2006383, 22.2286466 ], [ 73.2005954, 22.2287658 ], [ 73.2004666, 22.2288849 ], [ 73.2004666, 22.2291233 ], [ 73.2005739, 22.2292226 ], [ 73.2007027, 22.2292623 ], [ 73.201046, 22.2292623 ], [ 73.2013035, 22.2291829 ], [ 73.2013464, 22.2292226 ], [ 73.2013893, 22.2291432 ], [ 73.2014322, 22.2292226 ], [ 73.2014751, 22.2291432 ], [ 73.201561, 22.2291034 ], [ 73.2018185, 22.2291432 ], [ 73.2018614, 22.2291034 ], [ 73.2019472, 22.2291432 ], [ 73.202076, 22.2291432 ], [ 73.2021189, 22.2291829 ], [ 73.2022476, 22.2291829 ], [ 73.202548, 22.2293021 ], [ 73.2026339, 22.2293815 ], [ 73.2027197, 22.2293815 ], [ 73.202827, 22.2292822 ], [ 73.2029128, 22.2291233 ], [ 73.2029128, 22.2287658 ], [ 73.2028055, 22.228587 ], [ 73.2026553, 22.2286069 ], [ 73.2026768, 22.2287459 ], [ 73.2025909, 22.2286664 ], [ 73.2024193, 22.2286664 ], [ 73.2022905, 22.2287459 ], [ 73.2021618, 22.2286664 ], [ 73.202033, 22.2286664 ], [ 73.2018185, 22.2287856 ], [ 73.2017326, 22.2287856 ], [ 73.2014322, 22.2287459 ], [ 73.2013249, 22.2286466 ], [ 73.2014108, 22.2285274 ], [ 73.2013464, 22.2284281 ], [ 73.2012606, 22.228587 ], [ 73.2011962, 22.2285274 ], [ 73.201282, 22.228289 ], [ 73.2012391, 22.2282493 ], [ 73.2012391, 22.2281301 ], [ 73.2014537, 22.2280904 ], [ 73.2014108, 22.228011 ], [ 73.2014537, 22.2279315 ], [ 73.2013893, 22.2278322 ], [ 73.201282, 22.2278123 ], [ 73.2013679, 22.2277726 ], [ 73.201282, 22.2277329 ], [ 73.2013249, 22.2276534 ], [ 73.2012177, 22.2275938 ], [ 73.2011747, 22.2276336 ], [ 73.2011318, 22.2275938 ], [ 73.201046, 22.2275938 ], [ 73.2010674, 22.2275343 ], [ 73.2009723, 22.2274014 ], [ 73.2008824, 22.2274734 ], [ 73.2009816, 22.2276137 ], [ 73.2008958, 22.2276534 ], [ 73.2009387, 22.2276932 ], [ 73.2008529, 22.2277329 ], [ 73.20081, 22.2278123 ], [ 73.2008529, 22.228011 ], [ 73.20081, 22.2280507 ], [ 73.200767, 22.2282493 ] ] ] } },
{ "type": "Feature", "properties": { "element": "way", "id": 135069479, "waterway": null }, "geometry": { "type": "Polygon", "coordinates": [ [ [ 73.2320094, 22.3370167 ], [ 73.231945, 22.3369572 ], [ 73.2318163, 22.3369572 ], [ 73.2317734, 22.3369175 ], [ 73.2315159, 22.3369969 ], [ 73.2314301, 22.3369572 ], [ 73.2313013, 22.3370366 ], [ 73.2311726, 22.3370366 ], [ 73.2310653, 22.3371358 ], [ 73.2312369, 22.3372152 ], [ 73.2312584, 22.3372747 ], [ 73.2313871, 22.3372747 ], [ 73.2315588, 22.3373938 ], [ 73.2317305, 22.3373938 ], [ 73.2318807, 22.3372549 ], [ 73.231945, 22.3371159 ], [ 73.2320094, 22.3370167 ] ] ] } },
{ "type": "Feature", "properties": { "element": "way", "id": 135069490, "waterway": null }, "geometry": { "type": "Polygon", "coordinates": [ [ [ 73.1593323, 22.3295737 ], [ 73.1591606, 22.3295737 ], [ 73.158989, 22.3296531 ], [ 73.1588173, 22.3295737 ], [ 73.1586885, 22.3295737 ], [ 73.1586456, 22.3296134 ], [ 73.1583452, 22.3296134 ], [ 73.158195, 22.3297126 ], [ 73.1581092, 22.3299111 ], [ 73.1581521, 22.3300699 ], [ 73.1581521, 22.3301493 ], [ 73.1581092, 22.330189 ], [ 73.1581092, 22.3304669 ], [ 73.158195, 22.3305859 ], [ 73.158195, 22.3309829 ], [ 73.1583238, 22.3310226 ], [ 73.1582808, 22.3309432 ], [ 73.1583881, 22.3308837 ], [ 73.1585598, 22.3310028 ], [ 73.1588173, 22.3310028 ], [ 73.1587529, 22.331102 ], [ 73.1588817, 22.3312608 ], [ 73.1589246, 22.3313799 ], [ 73.1590748, 22.3314791 ], [ 73.159225, 22.3314593 ], [ 73.1594825, 22.3311814 ], [ 73.1594396, 22.3310226 ], [ 73.1594825, 22.3309829 ], [ 73.1594396, 22.3309432 ], [ 73.1594825, 22.3309035 ], [ 73.1594825, 22.3301096 ], [ 73.1594396, 22.3300699 ], [ 73.1594181, 22.3297325 ], [ 73.1593323, 22.3295737 ] ] ] } },
{ "type": "Feature", "properties": { "element": "way", "id": 135069496, "waterway": null }, "geometry": { "type": "Polygon", "coordinates": [ [ [ 73.2416224, 22.2742445 ], [ 73.2416439, 22.2742247 ], [ 73.2416868, 22.2742644 ], [ 73.2417727, 22.2742644 ], [ 73.242116, 22.2741055 ], [ 73.2422018, 22.2741055 ], [ 73.2422876, 22.2739864 ], [ 73.2424164, 22.2740261 ], [ 73.2423949, 22.2739666 ], [ 73.2424164, 22.2739467 ], [ 73.2425022, 22.2739467 ], [ 73.2426095, 22.2740063 ], [ 73.2425237, 22.274046 ], [ 73.242631, 22.2741453 ], [ 73.2427597, 22.2741453 ], [ 73.2428885, 22.2743438 ], [ 73.2430387, 22.274324 ], [ 73.2429099, 22.2740063 ], [ 73.2429099, 22.2739268 ], [ 73.2428455, 22.2738673 ], [ 73.2427382, 22.2738871 ], [ 73.2427812, 22.2737283 ], [ 73.2427168, 22.2736687 ], [ 73.2425666, 22.2736488 ], [ 73.2426095, 22.2735297 ], [ 73.2423949, 22.2731723 ], [ 73.2422447, 22.273073 ], [ 73.2421589, 22.2731127 ], [ 73.2420731, 22.273073 ], [ 73.2419658, 22.2728943 ], [ 73.2419658, 22.2728149 ], [ 73.2419014, 22.2727553 ], [ 73.2416868, 22.2726362 ], [ 73.2415152, 22.2726362 ], [ 73.2413435, 22.2725567 ], [ 73.2411718, 22.2725567 ], [ 73.2411289, 22.272517 ], [ 73.241086, 22.2725567 ], [ 73.2409573, 22.2725567 ], [ 73.2409143, 22.272517 ], [ 73.2408285, 22.272517 ], [ 73.2407212, 22.2726163 ], [ 73.2407641, 22.2727354 ], [ 73.2406783, 22.2728149 ], [ 73.2406783, 22.272934 ], [ 73.240571, 22.2730333 ], [ 73.2402706, 22.2729141 ], [ 73.240056, 22.2729539 ], [ 73.2398629, 22.2730929 ], [ 73.2399487, 22.2733311 ], [ 73.2399058, 22.2733709 ], [ 73.2399058, 22.2735297 ], [ 73.2400131, 22.2736687 ], [ 73.2400775, 22.2736886 ], [ 73.2401204, 22.2740063 ], [ 73.2400775, 22.274046 ], [ 73.2400775, 22.2741651 ], [ 73.2401419, 22.2742247 ], [ 73.2402492, 22.2742445 ], [ 73.2401633, 22.2744034 ], [ 73.2401633, 22.2744828 ], [ 73.2403135, 22.2746218 ], [ 73.2406569, 22.2745821 ], [ 73.2406998, 22.2745424 ], [ 73.2409143, 22.2745424 ], [ 73.2409573, 22.2745821 ], [ 73.241086, 22.2744233 ], [ 73.2413006, 22.2743438 ], [ 73.2414293, 22.2743438 ], [ 73.2416224, 22.2742445 ] ] ] } },
{ "type": "Feature", "properties": { "element": "way", "id": 135069508, "waterway": null }, "geometry": { "type": "Polygon", "coordinates": [ [ [ 73.1114173, 22.3603555 ], [ 73.1111169, 22.360673 ], [ 73.1110311, 22.3609111 ], [ 73.1110311, 22.3612287 ], [ 73.1112456, 22.3615859 ], [ 73.1111598, 22.361824 ], [ 73.1112027, 22.361943 ], [ 73.1111598, 22.3619827 ], [ 73.1111598, 22.3621018 ], [ 73.1112027, 22.3622605 ], [ 73.1112456, 22.3623002 ], [ 73.1112456, 22.3624193 ], [ 73.1113744, 22.3625384 ], [ 73.1114173, 22.3626971 ], [ 73.1115246, 22.3627963 ], [ 73.1119108, 22.3625979 ], [ 73.1120396, 22.3626773 ], [ 73.1121254, 22.3626773 ], [ 73.1121469, 22.3625384 ], [ 73.1121898, 22.3624987 ], [ 73.1121469, 22.3623399 ], [ 73.1121898, 22.3622605 ], [ 73.1121039, 22.3621415 ], [ 73.1121469, 22.3621018 ], [ 73.1121469, 22.3616255 ], [ 73.1119537, 22.3617644 ], [ 73.1119108, 22.3617644 ], [ 73.1118035, 22.3616652 ], [ 73.1118035, 22.3615065 ], [ 73.1116748, 22.3613477 ], [ 73.1116748, 22.3612683 ], [ 73.111825, 22.3611294 ], [ 73.1119108, 22.3611294 ], [ 73.1120396, 22.3610104 ], [ 73.1121254, 22.3610104 ], [ 73.1122541, 22.3611691 ], [ 73.1122971, 22.3611691 ], [ 73.1123614, 22.3610302 ], [ 73.1124258, 22.3609707 ], [ 73.1125116, 22.3609707 ], [ 73.112576, 22.3609111 ], [ 73.112576, 22.3608318 ], [ 73.1124473, 22.360673 ], [ 73.1124473, 22.3605143 ], [ 73.1124043, 22.3604349 ], [ 73.1122327, 22.3602761 ], [ 73.1122327, 22.3601968 ], [ 73.1121254, 22.3600975 ], [ 73.111825, 22.3599785 ], [ 73.1116962, 22.3599785 ], [ 73.1115031, 22.3601571 ], [ 73.1115031, 22.3601968 ], [ 73.1114173, 22.3603555 ] ] ] } },
{ "type": "Feature", "properties": { "element": "way", "id": 135070022, "waterway": null }, "geometry": { "type": "Polygon", "coordinates": [ [ [ 73.1310725, 22.3778967 ], [ 73.1311154, 22.3778174 ], [ 73.1310511, 22.3777578 ], [ 73.1305361, 22.3777578 ], [ 73.1304502, 22.3777182 ], [ 73.130343, 22.3778174 ], [ 73.130343, 22.3781745 ], [ 73.1303859, 22.3782142 ], [ 73.130343, 22.3782539 ], [ 73.1304288, 22.3784126 ], [ 73.1303859, 22.3785317 ], [ 73.1304288, 22.3785713 ], [ 73.1304288, 22.3786507 ], [ 73.1303859, 22.3787301 ], [ 73.1304717, 22.3788491 ], [ 73.1304288, 22.3788888 ], [ 73.1304288, 22.3789682 ], [ 73.1304932, 22.3790277 ], [ 73.1307507, 22.3790277 ], [ 73.1307936, 22.3790674 ], [ 73.1311798, 22.3790674 ], [ 73.1312442, 22.3790079 ], [ 73.1312442, 22.378611 ], [ 73.1311584, 22.3784126 ], [ 73.1311584, 22.3781348 ], [ 73.1312013, 22.3780951 ], [ 73.1311798, 22.3779959 ], [ 73.1310725, 22.3778967 ] ] ] } },
{ "type": "Feature", "properties": { "element": "way", "id": 135070023, "waterway": null }, "geometry": { "type": "Polygon", "coordinates": [ [ [ 73.1309223, 22.3791864 ], [ 73.1307507, 22.3792261 ], [ 73.1307077, 22.3791864 ], [ 73.130579, 22.3791864 ], [ 73.1304502, 22.3792658 ], [ 73.1303644, 22.3792658 ], [ 73.1303859, 22.3792063 ], [ 73.1303215, 22.3791864 ], [ 73.1301928, 22.3792658 ], [ 73.1301069, 22.3792261 ], [ 73.1300855, 22.3795237 ], [ 73.1301713, 22.3796031 ], [ 73.1301713, 22.3797222 ], [ 73.1302357, 22.3797817 ], [ 73.1304932, 22.3799404 ], [ 73.130579, 22.3798611 ], [ 73.1306648, 22.3798611 ], [ 73.1309223, 22.3799007 ], [ 73.1309652, 22.3799404 ], [ 73.1310725, 22.3796825 ], [ 73.1312442, 22.3795237 ], [ 73.1311798, 22.3792658 ], [ 73.1309223, 22.3791864 ] ] ] } },
{ "type": "Feature", "properties": { "element": "way", "id": 135070024, "waterway": null }, "geometry": { "type": "Polygon", "coordinates": [ [ [ 73.129549, 22.3780753 ], [ 73.1295705, 22.3781745 ], [ 73.1295276, 22.3782539 ], [ 73.1296563, 22.3783332 ], [ 73.1296134, 22.3784523 ], [ 73.1295276, 22.3785317 ], [ 73.1295276, 22.3786507 ], [ 73.1295705, 22.3786904 ], [ 73.1295705, 22.3788094 ], [ 73.1296563, 22.3790079 ], [ 73.1298923, 22.3791468 ], [ 73.1301498, 22.3791071 ], [ 73.1302571, 22.3790079 ], [ 73.1301713, 22.3787698 ], [ 73.1301284, 22.3783332 ], [ 73.1302142, 22.3782539 ], [ 73.1301713, 22.3781348 ], [ 73.1301713, 22.3780555 ], [ 73.1302142, 22.3780158 ], [ 73.1302142, 22.3778967 ], [ 73.1301713, 22.3778174 ], [ 73.1302571, 22.377738 ], [ 73.1300211, 22.3776785 ], [ 73.1298494, 22.3777975 ], [ 73.1296778, 22.3777975 ], [ 73.1296349, 22.3777182 ], [ 73.1295919, 22.3777182 ], [ 73.1296134, 22.3777777 ], [ 73.1295705, 22.3778174 ], [ 73.1296134, 22.377857 ], [ 73.1295061, 22.3778769 ], [ 73.129549, 22.3780753 ] ] ] } },
{ "type": "Feature", "properties": { "element": "way", "id": 135070025, "waterway": null }, "geometry": { "type": "Polygon", "coordinates": [ [ [ 73.1297851, 22.3963087 ], [ 73.129828, 22.396388 ], [ 73.1299782, 22.3965269 ], [ 73.1301928, 22.3965269 ], [ 73.1304717, 22.3963087 ], [ 73.1305575, 22.3961103 ], [ 73.1304717, 22.3955945 ], [ 73.1303644, 22.3954556 ], [ 73.1301498, 22.3954556 ], [ 73.1299782, 22.3955349 ], [ 73.129828, 22.3955548 ], [ 73.129828, 22.3959912 ], [ 73.1297851, 22.3960706 ], [ 73.129828, 22.3961103 ], [ 73.129828, 22.3961896 ], [ 73.1297851, 22.3963087 ] ] ] } },
{ "type": "Feature", "properties": { "element": "way", "id": 135070042, "waterway": null }, "geometry": { "type": "Polygon", "coordinates": [ [ [ 73.128798, 22.3959119 ], [ 73.1287122, 22.3960706 ], [ 73.1287122, 22.396388 ], [ 73.1286693, 22.3964277 ], [ 73.1286693, 22.3966658 ], [ 73.1286263, 22.3967054 ], [ 73.1286263, 22.3967848 ], [ 73.1287122, 22.3969435 ], [ 73.1288409, 22.3970229 ], [ 73.1288409, 22.3971022 ], [ 73.129034, 22.3972014 ], [ 73.1294203, 22.3972411 ], [ 73.1295544, 22.3972163 ], [ 73.1296134, 22.3969038 ], [ 73.1296483, 22.396755 ], [ 73.1296992, 22.3965467 ], [ 73.1297851, 22.3956341 ], [ 73.129549, 22.3956937 ], [ 73.1294203, 22.395654 ], [ 73.1293774, 22.3956937 ], [ 73.129034, 22.3956937 ], [ 73.1288624, 22.3958127 ], [ 73.128798, 22.3959119 ] ] ] } },
{ "type": "Feature", "properties": { "element": "way", "id": 162389382, "waterway": "river" }, "geometry": { "type": "LineString", "coordinates": [ [ 73.8890013, 23.3332712 ], [ 73.8813705, 23.3268957 ], [ 73.8759474, 23.3268469 ], [ 73.8723852, 23.328995 ], [ 73.8672811, 23.3331935 ], [ 73.8639847, 23.3340723 ], [ 73.8587743, 23.3342676 ], [ 73.8540956, 23.3339746 ], [ 73.8501612, 23.3316801 ], [ 73.8444723, 23.3275792 ], [ 73.8378263, 23.3241129 ], [ 73.830755, 23.3216229 ], [ 73.8255978, 23.3177658 ], [ 73.8242686, 23.3149827 ], [ 73.8236306, 23.3110278 ], [ 73.8243327, 23.3070963 ], [ 73.825905, 23.3051512 ], [ 73.828017, 23.3025385 ], [ 73.8293704, 23.3005358 ], [ 73.8322276, 23.2940443 ], [ 73.8326036, 23.2899696 ], [ 73.831279, 23.2847507 ], [ 73.828017, 23.2781593 ], [ 73.8208739, 23.2720119 ], [ 73.8170392, 23.270147 ], [ 73.8129037, 23.2708377 ], [ 73.8088435, 23.2721501 ], [ 73.8041065, 23.2738769 ], [ 73.7969634, 23.2771232 ], [ 73.7933543, 23.2777448 ], [ 73.7874895, 23.2762944 ], [ 73.7802712, 23.2734625 ], [ 73.772677, 23.2715975 ], [ 73.7641805, 23.2745676 ], [ 73.7565111, 23.2773995 ], [ 73.7492177, 23.2744985 ], [ 73.7396685, 23.2684201 ], [ 73.7259087, 23.2596474 ], [ 73.7210966, 23.2580585 ], [ 73.7175626, 23.258473 ], [ 73.7094421, 23.261927 ], [ 73.7035773, 23.264621 ], [ 73.6998929, 23.2666242 ], [ 73.6980884, 23.2669696 ], [ 73.6938025, 23.2647591 ], [ 73.6871106, 23.2564696 ], [ 73.6804939, 23.2520484 ], [ 73.6762832, 23.2512194 ], [ 73.6729749, 23.2510812 ], [ 73.6683131, 23.2496305 ], [ 73.667518, 23.2491348 ], [ 73.6619971, 23.2456926 ], [ 73.6600261, 23.239981 ], [ 73.6589628, 23.2315779 ], [ 73.6595818, 23.2290232 ], [ 73.6614939, 23.2246788 ], [ 73.6625537, 23.2191126 ], [ 73.6590159, 23.2133044 ], [ 73.6521042, 23.2092486 ], [ 73.6456709, 23.2066587 ], [ 73.6351437, 23.2023585 ], [ 73.630465, 23.2014789 ], [ 73.6254141, 23.2017721 ], [ 73.6177048, 23.2054859 ], [ 73.6125476, 23.2075383 ], [ 73.60856, 23.2083201 ], [ 73.5929288, 23.2048018 ], [ 73.5846878, 23.2005992 ], [ 73.576819, 23.1960056 ], [ 73.5734695, 23.1935132 ], [ 73.5697477, 23.1907765 ], [ 73.5673552, 23.1895058 ], [ 73.5659729, 23.1860847 ], [ 73.565707, 23.1836899 ], [ 73.5645905, 23.1787536 ], [ 73.5617195, 23.1721552 ], [ 73.5602308, 23.1687825 ], [ 73.5599649, 23.1650187 ], [ 73.5580509, 23.1607171 ], [ 73.5527342, 23.1562687 ], [ 73.5504628, 23.1524555 ], [ 73.5498248, 23.1505978 ], [ 73.5494526, 23.1461002 ], [ 73.5498248, 23.1423358 ], [ 73.5490804, 23.1358823 ], [ 73.5478576, 23.1312864 ], [ 73.5464221, 23.1255169 ], [ 73.5454119, 23.1218008 ], [ 73.5454119, 23.1174978 ], [ 73.5487083, 23.1113365 ], [ 73.5513666, 23.1076689 ], [ 73.552253, 23.101587 ], [ 73.551877, 23.0961923 ], [ 73.5486126, 23.0929394 ], [ 73.5473656, 23.0916967 ], [ 73.5365692, 23.0896845 ], [ 73.5270943, 23.0876731 ], [ 73.5184211, 23.0829128 ], [ 73.5081445, 23.0750679 ], [ 73.5017308, 23.0661495 ], [ 73.4989199, 23.0627875 ], [ 73.4959001, 23.0591754 ], [ 73.4832912, 23.0553529 ], [ 73.4679856, 23.0508597 ], [ 73.4587294, 23.0500549 ], [ 73.4512223, 23.0483112 ], [ 73.4406542, 23.0406655 ], [ 73.4375931, 23.0340926 ], [ 73.4359896, 23.0228238 ], [ 73.4352858, 23.0140536 ], [ 73.4350421, 23.0110175 ], [ 73.4356252, 23.0022292 ], [ 73.438249, 22.993239 ], [ 73.4412373, 22.9887437 ], [ 73.4453188, 22.9823695 ], [ 73.4477968, 22.9790816 ], [ 73.4501291, 22.9743173 ], [ 73.4490358, 22.9679425 ], [ 73.4472137, 22.9635805 ], [ 73.4444891, 22.9614191 ], [ 73.4356737, 22.9544259 ], [ 73.4310461, 22.9506851 ], [ 73.429342, 22.9497314 ], [ 73.4281513, 22.9486696 ], [ 73.4282459, 22.9482552 ], [ 73.4279258, 22.9478469 ], [ 73.4277112, 22.9475678 ], [ 73.4263247, 22.9458415 ], [ 73.4256942, 22.9461797 ], [ 73.4250761, 22.9461484 ], [ 73.4244389, 22.9452114 ], [ 73.4225185, 22.9431218 ], [ 73.4210701, 22.9414323 ], [ 73.4188492, 22.9394563 ], [ 73.4171433, 22.9380928 ], [ 73.4144826, 22.9375098 ], [ 73.4124548, 22.9360574 ], [ 73.4104932, 22.9337702 ], [ 73.410116, 22.9333303 ], [ 73.4043581, 22.9284114 ], [ 73.3958602, 22.9247018 ], [ 73.388761, 22.9193492 ], [ 73.3792861, 22.911629 ], [ 73.3747673, 22.9071982 ], [ 73.3694756, 22.9032279 ], [ 73.3666307, 22.8988438 ], [ 73.3656979, 22.892224 ], [ 73.367064, 22.8863366 ], [ 73.3695638, 22.8827486 ], [ 73.3726314, 22.8800819 ], [ 73.3762282, 22.8773664 ], [ 73.3803245, 22.8739604 ], [ 73.3833718, 22.8708305 ], [ 73.3857697, 22.8644784 ], [ 73.3858696, 22.8590468 ], [ 73.3855199, 22.8548578 ], [ 73.3842211, 22.8510829 ], [ 73.3789757, 22.8426583 ], [ 73.375279, 22.8369034 ], [ 73.3731809, 22.8290764 ], [ 73.3715323, 22.8249325 ], [ 73.3678794, 22.8187511 ], [ 73.3629978, 22.8132427 ], [ 73.3620536, 22.8117197 ], [ 73.3616137, 22.8099297 ], [ 73.3617639, 22.8074374 ], [ 73.3620907, 22.8065137 ], [ 73.3630514, 22.8033627 ], [ 73.3632767, 22.8025418 ], [ 73.3635235, 22.801355 ], [ 73.3635557, 22.8004648 ], [ 73.3632553, 22.7995846 ], [ 73.3628368, 22.7988724 ], [ 73.3622146, 22.7981109 ], [ 73.357569, 22.7953513 ], [ 73.3531165, 22.7929775 ], [ 73.3512926, 22.7921269 ], [ 73.3475697, 22.7909894 ], [ 73.3444811, 22.7901938 ], [ 73.3365342, 22.787696 ], [ 73.3145355, 22.7814554 ], [ 73.2931009, 22.7819755 ], [ 73.2798605, 22.7805047 ], [ 73.2696921, 22.7793751 ], [ 73.2601029, 22.7705336 ], [ 73.2560847, 22.7632197 ], [ 73.2558787, 22.7420322 ], [ 73.2524879, 22.7265775 ], [ 73.2560671, 22.7028752 ], [ 73.2660964, 22.6856878 ], [ 73.2689733, 22.676314 ], [ 73.2692277, 22.6743821 ], [ 73.269099, 22.6725605 ], [ 73.2685625, 22.6691154 ], [ 73.2659447, 22.6634921 ], [ 73.2643774, 22.661471 ], [ 73.2630965, 22.6602112 ], [ 73.2576355, 22.655418 ], [ 73.2546186, 22.6535115 ], [ 73.2483934, 22.6504055 ], [ 73.2439007, 22.6480257 ], [ 73.2361192, 22.6421189 ], [ 73.2283715, 22.6334485 ], [ 73.2197521, 22.6219617 ], [ 73.2170888, 22.6203973 ], [ 73.2064962, 22.6191807 ], [ 73.2031703, 22.6178932 ], [ 73.2004881, 22.6164472 ], [ 73.1988787, 22.6148428 ], [ 73.1971836, 22.6125649 ], [ 73.194673, 22.6095937 ], [ 73.1916046, 22.6064837 ], [ 73.1855562, 22.6016883 ], [ 73.174812, 22.5989849 ], [ 73.171616, 22.5970178 ], [ 73.1667011, 22.5950507 ], [ 73.1626093, 22.5930613 ], [ 73.158687, 22.5916083 ], [ 73.1567016, 22.5901329 ], [ 73.1554668, 22.5878752 ], [ 73.1532394, 22.584522 ], [ 73.1532145, 22.5842065 ], [ 73.1529004, 22.5802298 ], [ 73.1532394, 22.5766975 ], [ 73.1535299, 22.5719803 ], [ 73.1533846, 22.5660556 ], [ 73.1525582, 22.5626221 ], [ 73.1515067, 22.5586915 ], [ 73.1500673, 22.5546037 ], [ 73.1477649, 22.5488089 ], [ 73.145758, 22.5438076 ], [ 73.1438695, 22.5389774 ], [ 73.1419567, 22.5359361 ], [ 73.1396808, 22.5324922 ], [ 73.1368239, 22.5298309 ], [ 73.1343543, 22.527505 ], [ 73.13295, 22.524866 ], [ 73.1309404, 22.5232558 ], [ 73.125073, 22.5204669 ], [ 73.1189097, 22.5175886 ], [ 73.1130204, 22.5153745 ], [ 73.1070968, 22.513698 ], [ 73.1033646, 22.5143623 ], [ 73.1006596, 22.514046 ], [ 73.0986736, 22.513445 ], [ 73.0943936, 22.5121481 ], [ 73.0925446, 22.5102186 ], [ 73.0914831, 22.5084472 ], [ 73.0906271, 22.5063911 ], [ 73.0888309, 22.5019047 ], [ 73.0887781, 22.5017727 ], [ 73.088333, 22.49785 ], [ 73.0885384, 22.4931996 ], [ 73.090182, 22.4798488 ], [ 73.0918255, 22.4696924 ], [ 73.0923049, 22.4655474 ], [ 73.0908846, 22.4578004 ], [ 73.0899274, 22.455387 ], [ 73.0887562, 22.4529631 ], [ 73.0850459, 22.4475102 ], [ 73.0779924, 22.4423518 ], [ 73.0723427, 22.4358007 ], [ 73.0704252, 22.4329207 ], [ 73.0682338, 22.4285213 ], [ 73.0670697, 22.4234572 ], [ 73.0672409, 22.4207984 ], [ 73.0674463, 22.418108 ], [ 73.0696377, 22.4107644 ], [ 73.0716025, 22.4032621 ], [ 73.0719459, 22.400941 ], [ 73.0719332, 22.398015 ], [ 73.0719673, 22.3955845 ], [ 73.071646, 22.3930046 ], [ 73.0707013, 22.3905056 ], [ 73.0695477, 22.3882769 ], [ 73.0670144, 22.3851417 ], [ 73.0606704, 22.3787504 ], [ 73.0546404, 22.3733438 ], [ 73.0516048, 22.369914 ], [ 73.0496513, 22.36741 ], [ 73.0483744, 22.3648895 ], [ 73.047758, 22.3626413 ], [ 73.0476343, 22.3602584 ], [ 73.0480283, 22.3585248 ], [ 73.0489222, 22.3548197 ], [ 73.050096, 22.3510314 ], [ 73.0537457, 22.3412914 ], [ 73.0566263, 22.3319541 ], [ 73.0572259, 22.3306158 ], [ 73.0592858, 22.3269239 ], [ 73.0604874, 22.3234304 ], [ 73.0608308, 22.3202545 ], [ 73.0606162, 22.3170388 ], [ 73.0599295, 22.31422 ], [ 73.058715, 22.3114607 ], [ 73.0560785, 22.3091482 ], [ 73.050737, 22.3053468 ], [ 73.0465596, 22.3019572 ], [ 73.0406177, 22.2976931 ], [ 73.0318362, 22.2902037 ], [ 73.0224224, 22.2812172 ], [ 73.0171429, 22.2754658 ], [ 73.0111208, 22.2699576 ], [ 73.0083239, 22.2677812 ], [ 73.004952, 22.2657091 ], [ 73.0010541, 22.2639688 ], [ 72.9965507, 22.2618461 ], [ 72.992151, 22.2595688 ], [ 72.9864886, 22.256761 ], [ 72.9822742, 22.2546746 ], [ 72.9783629, 22.2529285 ], [ 72.9756438, 22.251934 ], [ 72.9726023, 22.2511747 ], [ 72.9690992, 22.2509013 ], [ 72.965533, 22.2507099 ], [ 72.9623883, 22.2508688 ], [ 72.9592122, 22.2512296 ], [ 72.9574692, 22.2518148 ], [ 72.9562333, 22.2525606 ], [ 72.9547655, 22.2535029 ], [ 72.9539501, 22.254615 ], [ 72.9528271, 22.2564965 ], [ 72.9511657, 22.2597225 ], [ 72.9505494, 22.2641272 ], [ 72.9501385, 22.2681198 ], [ 72.9502755, 22.2760412 ], [ 72.9500448, 22.2822167 ], [ 72.9496591, 22.2839623 ], [ 72.9479956, 22.2888085 ], [ 72.945516, 22.2927066 ], [ 72.9412702, 22.3010701 ], [ 72.9396267, 22.3057586 ], [ 72.9370929, 22.3084196 ], [ 72.9339966, 22.3083531 ], [ 72.9306114, 22.3071637 ], [ 72.9263457, 22.305665 ], [ 72.921116, 22.3045898 ], [ 72.9146757, 22.3004682 ], [ 72.9107534, 22.2937926 ], [ 72.9086959, 22.2885703 ], [ 72.9092538, 22.2848376 ], [ 72.911185, 22.2808666 ], [ 72.9129874, 22.2779676 ], [ 72.9151761, 22.273639 ], [ 72.9173219, 22.2682379 ], [ 72.9183947, 22.2629557 ], [ 72.9189097, 22.2566804 ], [ 72.9182231, 22.2531057 ], [ 72.9144465, 22.2480613 ], [ 72.9098116, 22.2440098 ], [ 72.9061209, 22.2414278 ], [ 72.9006278, 22.2392431 ], [ 72.8925597, 22.2374158 ], [ 72.8881394, 22.2365419 ], [ 72.8802001, 22.2346749 ], [ 72.8770673, 22.2332845 ], [ 72.8729044, 22.2313778 ], [ 72.8710484, 22.2308414 ], [ 72.8686558, 22.2305535 ], [ 72.8644501, 22.230623 ], [ 72.8612315, 22.2320928 ], [ 72.8542792, 22.234953 ], [ 72.8441511, 22.2410704 ], [ 72.8346239, 22.246552 ], [ 72.826985, 22.2495707 ], [ 72.8212344, 22.2502857 ], [ 72.8178012, 22.2497295 ], [ 72.8148828, 22.2484586 ], [ 72.8069864, 22.2440099 ], [ 72.7942834, 22.2328874 ], [ 72.7820955, 22.2239888 ], [ 72.7733003, 22.2179015 ], [ 72.7661095, 22.2129244 ] ] } },
{ "type": "Feature", "properties": { "element": "way", "id": 191695197, "waterway": "drain" }, "geometry": { "type": "LineString", "coordinates": [ [ 73.1936122, 22.3200601 ], [ 73.1938588, 22.3199095 ], [ 73.1943599, 22.3161111 ], [ 73.1943599, 22.3139128 ], [ 73.194153, 22.3127948 ] ] } },
{ "type": "Feature", "properties": { "element": "way", "id": 219984093, "waterway": "river" }, "geometry": { "type": "LineString", "coordinates": [ [ 73.2165443, 22.2467692 ], [ 73.2164805, 22.2457531 ] ] } },
{ "type": "Feature", "properties": { "element": "way", "id": 219984094, "waterway": "river" }, "geometry": { "type": "LineString", "coordinates": [ [ 73.2164805, 22.2457531 ], [ 73.2165955, 22.2448722 ], [ 73.2165096, 22.244483 ], [ 73.216235, 22.2432039 ], [ 73.2165268, 22.2432675 ], [ 73.2167242, 22.2433866 ], [ 73.2168358, 22.2435694 ], [ 73.2169817, 22.2435773 ], [ 73.2170933, 22.2434979 ], [ 73.2170675, 22.243339 ], [ 73.2171019, 22.2430292 ], [ 73.2169989, 22.2427273 ], [ 73.2169045, 22.242616 ], [ 73.2168186, 22.242616 ], [ 73.2165783, 22.2428305 ], [ 73.2163122, 22.2427749 ], [ 73.2161921, 22.2426796 ], [ 73.2163122, 22.2424889 ], [ 73.2164496, 22.2424095 ], [ 73.2164839, 22.2422824 ], [ 73.2164753, 22.2421553 ], [ 73.2162436, 22.2421473 ], [ 73.2161921, 22.241909 ], [ 73.2158316, 22.2417501 ], [ 73.2158745, 22.2415118 ], [ 73.2157887, 22.2410748 ], [ 73.2156599, 22.2409636 ], [ 73.2157114, 22.240765 ], [ 73.2157543, 22.2406299 ], [ 73.2154882, 22.2402963 ], [ 73.215308, 22.2401691 ], [ 73.2153423, 22.2400023 ], [ 73.2152393, 22.2399785 ], [ 73.2151106, 22.2401691 ], [ 73.2148445, 22.240479 ], [ 73.2147329, 22.2404154 ], [ 73.2145527, 22.2402406 ], [ 73.2144754, 22.2400976 ], [ 73.2145355, 22.2399229 ], [ 73.2144325, 22.2399149 ], [ 73.2142265, 22.2399308 ], [ 73.2141235, 22.2399229 ], [ 73.2139519, 22.2398514 ], [ 73.2137888, 22.2396607 ], [ 73.2137545, 22.23947 ], [ 73.2135828, 22.2392635 ], [ 73.2135485, 22.2390251 ], [ 73.2134798, 22.2388821 ], [ 73.2133511, 22.2387788 ], [ 73.2130592, 22.2387947 ], [ 73.2128361, 22.2389457 ], [ 73.2126902, 22.239041 ], [ 73.2125786, 22.2389854 ], [ 73.2126301, 22.2388027 ], [ 73.2127674, 22.2385167 ], [ 73.2128361, 22.2383101 ], [ 73.2128275, 22.2382307 ], [ 73.2127073, 22.2381433 ], [ 73.2124327, 22.2381512 ], [ 73.2122953, 22.2382307 ], [ 73.2122353, 22.2381036 ], [ 73.212055, 22.2379844 ], [ 73.211952, 22.2379764 ], [ 73.2119434, 22.2381671 ], [ 73.2119177, 22.2384054 ], [ 73.211849, 22.2385087 ], [ 73.2116602, 22.238477 ], [ 73.2116602, 22.2382942 ], [ 73.2116602, 22.2381433 ], [ 73.2118233, 22.2377699 ], [ 73.211746, 22.2376904 ], [ 73.2116001, 22.2377143 ], [ 73.2113855, 22.2376348 ], [ 73.2113083, 22.2374998 ], [ 73.2114199, 22.2372217 ], [ 73.2116774, 22.2371184 ], [ 73.2117975, 22.2371184 ], [ 73.2117889, 22.2369992 ], [ 73.2116173, 22.2368165 ], [ 73.2115572, 22.2366735 ], [ 73.2117374, 22.2365146 ], [ 73.2119434, 22.2364987 ], [ 73.2119692, 22.2367053 ], [ 73.2120808, 22.2367132 ], [ 73.2122524, 22.2367212 ], [ 73.2122524, 22.2368801 ], [ 73.2123726, 22.237031 ], [ 73.2125357, 22.2370787 ], [ 73.2125958, 22.2369118 ], [ 73.2130335, 22.2368403 ], [ 73.2131708, 22.2368165 ], [ 73.2133339, 22.2365782 ], [ 73.2135313, 22.2365623 ], [ 73.2136858, 22.2366576 ], [ 73.2139347, 22.2366576 ], [ 73.2140892, 22.2365464 ], [ 73.2140463, 22.2364431 ], [ 73.213909, 22.2363716 ], [ 73.2136171, 22.2362922 ], [ 73.2135313, 22.2361571 ], [ 73.2136601, 22.2361253 ], [ 73.213909, 22.2362127 ], [ 73.214115, 22.2362286 ], [ 73.2142866, 22.236165 ], [ 73.2143038, 22.2360061 ], [ 73.2140978, 22.2358393 ], [ 73.2138489, 22.2356725 ], [ 73.2136, 22.235887 ], [ 73.2134884, 22.235887 ], [ 73.2134455, 22.2357837 ], [ 73.2134541, 22.2355215 ], [ 73.2138832, 22.2354818 ], [ 73.2143038, 22.2353706 ], [ 73.2143553, 22.2352037 ], [ 73.2142609, 22.2350846 ], [ 73.2141064, 22.2350766 ], [ 73.2139347, 22.2349733 ], [ 73.2138918, 22.2347032 ], [ 73.213497, 22.2344649 ], [ 73.2136171, 22.2342742 ], [ 73.2136257, 22.2340438 ], [ 73.2136171, 22.2339167 ], [ 73.2134455, 22.2338769 ], [ 73.2132052, 22.2339167 ], [ 73.2131193, 22.2337816 ], [ 73.2128189, 22.2337975 ], [ 73.2127331, 22.2337657 ], [ 73.2127331, 22.2335353 ], [ 73.2124756, 22.2334638 ], [ 73.2122953, 22.2334638 ], [ 73.2121838, 22.2332811 ], [ 73.2123468, 22.2332731 ], [ 73.2123898, 22.2332016 ], [ 73.2123297, 22.2330904 ], [ 73.2121666, 22.2330904 ], [ 73.2119606, 22.2330904 ], [ 73.2119091, 22.2332572 ], [ 73.2120722, 22.2335115 ], [ 73.211952, 22.2336068 ], [ 73.2116859, 22.2336068 ], [ 73.2114628, 22.2336863 ], [ 73.2113512, 22.2336227 ], [ 73.2110937, 22.2338849 ], [ 73.2109564, 22.2341471 ], [ 73.2107246, 22.2341153 ], [ 73.2105272, 22.2339325 ], [ 73.2104414, 22.233726 ], [ 73.210347, 22.2334638 ], [ 73.2101152, 22.2335432 ], [ 73.2098148, 22.2337975 ], [ 73.2096088, 22.2336068 ], [ 73.2094629, 22.2335591 ], [ 73.2095402, 22.2332175 ], [ 73.20942, 22.2330666 ], [ 73.2090338, 22.2332016 ], [ 73.2086132, 22.2334638 ], [ 73.2083815, 22.2335432 ], [ 73.2082527, 22.23344 ], [ 73.2081411, 22.2333049 ], [ 73.2078922, 22.2332255 ], [ 73.2076862, 22.2331778 ], [ 73.207609, 22.2330666 ], [ 73.2076262, 22.2328441 ], [ 73.2074373, 22.2326614 ], [ 73.2074631, 22.2323992 ], [ 73.2074814, 22.2322827 ], [ 73.2074956, 22.232164 ], [ 73.2074802, 22.2319543 ], [ 73.2075146, 22.2318112 ], [ 73.2080296, 22.231843 ], [ 73.2080038, 22.2315808 ], [ 73.2081669, 22.2313981 ], [ 73.20833, 22.2314617 ], [ 73.2084673, 22.2312869 ], [ 73.2084501, 22.2312074 ], [ 73.2078837, 22.2311439 ], [ 73.2078751, 22.231271 ], [ 73.2078322, 22.2314219 ], [ 73.2077034, 22.2314219 ], [ 73.2075232, 22.2312948 ], [ 73.2075232, 22.2311836 ], [ 73.2075232, 22.2310167 ], [ 73.2076862, 22.2309373 ], [ 73.2079695, 22.2308578 ], [ 73.2081326, 22.2307069 ], [ 73.2080296, 22.2306195 ], [ 73.2078751, 22.2305241 ], [ 73.2078322, 22.2303652 ], [ 73.2077463, 22.2302779 ], [ 73.2076519, 22.2303017 ], [ 73.2075146, 22.2304368 ], [ 73.2072485, 22.2305162 ], [ 73.2072571, 22.2303335 ], [ 73.2071884, 22.2300395 ], [ 73.2072571, 22.2297614 ], [ 73.2073601, 22.2297535 ], [ 73.2075232, 22.2298885 ], [ 73.2076347, 22.2299124 ], [ 73.2077892, 22.2298806 ], [ 73.2077892, 22.2297773 ], [ 73.2076519, 22.2296502 ], [ 73.2077206, 22.229539 ], [ 73.2078579, 22.229531 ], [ 73.2080296, 22.229539 ], [ 73.2080296, 22.2297296 ], [ 73.2080381, 22.2298647 ], [ 73.2080982, 22.2298885 ], [ 73.208227, 22.229817 ], [ 73.2083214, 22.2296899 ], [ 73.2085445, 22.2296184 ], [ 73.208802, 22.2297058 ], [ 73.208948, 22.2296661 ], [ 73.2089823, 22.229539 ], [ 73.2089136, 22.2293085 ], [ 73.2087677, 22.229102 ], [ 73.2084673, 22.2291417 ], [ 73.2083042, 22.229094 ] ] } },
{ "type": "Feature", "properties": { "element": "way", "id": 228277929, "waterway": "canal" }, "geometry": { "type": "LineString", "coordinates": [ [ 73.0804452, 22.2855904 ], [ 73.0806955, 22.285471 ], [ 73.0811493, 22.2852546 ], [ 73.0815698, 22.2847091 ], [ 73.0819719, 22.2839775 ], [ 73.0827625, 22.2826708 ], [ 73.0899564, 22.2706746 ], [ 73.0918436, 22.2677679 ], [ 73.0927871, 22.2666913 ], [ 73.0938212, 22.2655789 ], [ 73.0941056, 22.2650167 ], [ 73.0942348, 22.2641673 ], [ 73.0942483, 22.2632668 ], [ 73.094081, 22.2604444 ], [ 73.0938512, 22.2540741 ], [ 73.0936584, 22.2488549 ], [ 73.0936334, 22.2478103 ], [ 73.093663, 22.2467658 ], [ 73.0937904, 22.2446796 ], [ 73.0940288, 22.2403875 ] ] } },
{ "type": "Feature", "properties": { "element": "way", "id": 231436702, "waterway": "canal" }, "geometry": { "type": "LineString", "coordinates": [ [ 73.0940288, 22.2403875 ], [ 73.0940714, 22.2398793 ] ] } },
{ "type": "Feature", "properties": { "element": "way", "id": 260814668, "waterway": "canal" }, "geometry": { "type": "LineString", "coordinates": [ [ 73.2652296, 22.4161477 ], [ 73.2630942, 22.415999 ], [ 73.2579543, 22.4155877 ], [ 73.2571781, 22.4154827 ], [ 73.252805, 22.4134613 ], [ 73.2461316, 22.4104511 ], [ 73.2408782, 22.4080096 ], [ 73.2383414, 22.4068632 ] ] } },
{ "type": "Feature", "properties": { "element": "way", "id": 260814671, "waterway": "canal" }, "geometry": { "type": "LineString", "coordinates": [ [ 73.2155001, 22.4163755 ], [ 73.2150404, 22.4160035 ] ] } },
{ "type": "Feature", "properties": { "element": "way", "id": 260814678, "waterway": "canal" }, "geometry": { "type": "LineString", "coordinates": [ [ 73.2150404, 22.4160035 ], [ 73.2133901, 22.4145989 ], [ 73.212006, 22.4133238 ], [ 73.2066476, 22.40865 ] ] } },
{ "type": "Feature", "properties": { "element": "way", "id": 260814679, "waterway": "stream" }, "geometry": { "type": "LineString", "coordinates": [ [ 73.1966732, 22.3951184 ], [ 73.1967787, 22.3952771 ] ] } },
{ "type": "Feature", "properties": { "element": "way", "id": 260814680, "waterway": "stream" }, "geometry": { "type": "LineString", "coordinates": [ [ 73.1965822, 22.3950375 ], [ 73.1966732, 22.3951184 ] ] } },
{ "type": "Feature", "properties": { "element": "way", "id": 260814681, "waterway": "stream" }, "geometry": { "type": "LineString", "coordinates": [ [ 73.196443, 22.3948874 ], [ 73.1965822, 22.3950375 ] ] } },
{ "type": "Feature", "properties": { "element": "way", "id": 260814685, "waterway": "stream" }, "geometry": { "type": "LineString", "coordinates": [ [ 73.1967787, 22.3952771 ], [ 73.1968099, 22.3956579 ], [ 73.1966554, 22.3959595 ], [ 73.1964322, 22.3962928 ], [ 73.1964665, 22.3966261 ], [ 73.1964665, 22.3968086 ], [ 73.1966811, 22.3970467 ], [ 73.1971789, 22.397753 ], [ 73.1975137, 22.3979196 ], [ 73.1976853, 22.3980704 ], [ 73.1976853, 22.3982529 ], [ 73.1977282, 22.3984195 ], [ 73.198269, 22.3985941 ], [ 73.1986466, 22.3989988 ], [ 73.1986209, 22.3991893 ], [ 73.1986638, 22.399475 ], [ 73.1990071, 22.3998003 ], [ 73.1990329, 22.4004986 ], [ 73.1990672, 22.400697 ], [ 73.1989041, 22.4008637 ], [ 73.1988955, 22.4011017 ], [ 73.1989814, 22.4014271 ], [ 73.1991616, 22.4016017 ], [ 73.1993419, 22.4020302 ], [ 73.199359, 22.402292 ], [ 73.1993762, 22.4024507 ], [ 73.1993848, 22.4026174 ], [ 73.1995564, 22.4027999 ], [ 73.1997882, 22.4030856 ], [ 73.1997796, 22.4033554 ], [ 73.199565, 22.4034903 ], [ 73.1990243, 22.4037362 ], [ 73.1991616, 22.404379 ], [ 73.199256, 22.4046885 ], [ 73.1991874, 22.4050852 ], [ 73.1992474, 22.4051725 ], [ 73.1995479, 22.4053947 ], [ 73.1994964, 22.4056407 ], [ 73.1993247, 22.4059422 ], [ 73.1994706, 22.4062358 ], [ 73.1987239, 22.4068627 ], [ 73.1987496, 22.4071245 ], [ 73.19899, 22.4073388 ], [ 73.1993161, 22.4075213 ], [ 73.1992389, 22.4078784 ], [ 73.1991616, 22.4080847 ] ] } },
{ "type": "Feature", "properties": { "element": "way", "id": 261102306, "waterway": "canal" }, "geometry": { "type": "LineString", "coordinates": [ [ 73.2638655, 22.4411276 ], [ 73.262825, 22.4377451 ], [ 73.2623981, 22.4371532 ], [ 73.2616688, 22.4367093 ], [ 73.2509072, 22.432155 ], [ 73.2461021, 22.4302203 ], [ 73.2403214, 22.4278682 ], [ 73.2368828, 22.4264528 ], [ 73.2363832, 22.4263269 ], [ 73.2318157, 22.4257752 ], [ 73.227283, 22.4252663 ], [ 73.2237322, 22.424944 ], [ 73.2229156, 22.4246726 ], [ 73.2221632, 22.4241552 ], [ 73.2209796, 22.4227727 ], [ 73.2168048, 22.4174291 ], [ 73.2155001, 22.4163755 ] ] } },
{ "type": "Feature", "properties": { "element": "way", "id": 262073553, "waterway": "stream" }, "geometry": { "type": "LineString", "coordinates": [ [ 73.2226444, 22.2971131 ], [ 73.222544, 22.296958 ] ] } },
{ "type": "Feature", "properties": { "element": "way", "id": 262073555, "waterway": "stream" }, "geometry": { "type": "LineString", "coordinates": [ [ 73.2218225, 22.2957359 ], [ 73.221769, 22.2955798 ] ] } },
{ "type": "Feature", "properties": { "element": "way", "id": 262073557, "waterway": "stream" }, "geometry": { "type": "LineString", "coordinates": [ [ 73.221769, 22.2955798 ], [ 73.2217453, 22.2955078 ], [ 73.2215809, 22.294466 ] ] } },
{ "type": "Feature", "properties": { "element": "way", "id": 262073558, "waterway": "stream" }, "geometry": { "type": "LineString", "coordinates": [ [ 73.222544, 22.296958 ], [ 73.222286, 22.2963099 ], [ 73.2218225, 22.2957359 ] ] } },
{ "type": "Feature", "properties": { "element": "way", "id": 295582489, "waterway": null }, "geometry": { "type": "Polygon", "coordinates": [ [ [ 73.1944165, 22.2883309 ], [ 73.1944836, 22.2883855 ], [ 73.194505, 22.2884774 ], [ 73.1946043, 22.2885568 ], [ 73.1946901, 22.2888645 ], [ 73.1948376, 22.289207 ], [ 73.1949261, 22.2893708 ], [ 73.1952453, 22.2893063 ], [ 73.1954733, 22.2891251 ], [ 73.1955699, 22.2889961 ], [ 73.1956664, 22.2889042 ], [ 73.1954116, 22.2888372 ], [ 73.1952212, 22.2888273 ], [ 73.1950334, 22.2887901 ], [ 73.1949288, 22.2887851 ], [ 73.1949074, 22.2887777 ], [ 73.1949261, 22.288661 ], [ 73.1949744, 22.2883955 ], [ 73.1949664, 22.288259 ], [ 73.1950012, 22.2881796 ], [ 73.1949986, 22.2881076 ], [ 73.1949449, 22.2879661 ], [ 73.194894, 22.2878768 ], [ 73.194894, 22.2878073 ], [ 73.1947357, 22.2878321 ], [ 73.1945989, 22.287852 ], [ 73.1944889, 22.2879016 ], [ 73.1944273, 22.2879438 ], [ 73.1943951, 22.2879984 ], [ 73.1944165, 22.2883309 ] ] ] } },
{ "type": "Feature", "properties": { "element": "way", "id": 296172753, "waterway": null }, "geometry": { "type": "Polygon", "coordinates": [ [ [ 73.185749, 22.2817006 ], [ 73.1857865, 22.2813109 ], [ 73.1872644, 22.2812042 ], [ 73.1876989, 22.2823608 ], [ 73.1870686, 22.2824799 ], [ 73.1866234, 22.282393 ], [ 73.1864383, 22.2822764 ], [ 73.1861245, 22.2822764 ], [ 73.186103, 22.281703 ], [ 73.185749, 22.2817006 ] ] ] } },
{ "type": "Feature", "properties": { "element": "way", "id": 306572304, "waterway": null }, "geometry": { "type": "Polygon", "coordinates": [ [ [ 73.2039532, 22.2787987 ], [ 73.204031, 22.2791262 ], [ 73.2041301, 22.2791949 ], [ 73.204431, 22.2792179 ], [ 73.2044663, 22.2791327 ], [ 73.2043849, 22.2788871 ], [ 73.2042398, 22.278779 ], [ 73.2040593, 22.278743 ], [ 73.2039532, 22.2787987 ] ] ] } },
{ "type": "Feature", "properties": { "element": "way", "id": 310058630, "waterway": null }, "geometry": { "type": "Polygon", "coordinates": [ [ [ 73.2072951, 22.3123261 ], [ 73.2073005, 22.3125395 ], [ 73.2073917, 22.3126636 ], [ 73.2074453, 22.3128373 ], [ 73.2075043, 22.3129564 ], [ 73.2077082, 22.3131748 ], [ 73.2077618, 22.3131748 ], [ 73.2077672, 22.3132343 ], [ 73.2078047, 22.3132939 ], [ 73.2078906, 22.3134527 ], [ 73.2081266, 22.3137058 ], [ 73.2082071, 22.3138149 ], [ 73.2083358, 22.3138398 ], [ 73.2084646, 22.3138249 ], [ 73.2085557, 22.3137703 ], [ 73.2086362, 22.3136363 ], [ 73.208604, 22.313542 ], [ 73.2085987, 22.3134378 ], [ 73.2086094, 22.3133584 ], [ 73.2085021, 22.313279 ], [ 73.2085236, 22.31314 ], [ 73.2085397, 22.3128919 ], [ 73.2085987, 22.3128472 ], [ 73.2085611, 22.3127529 ], [ 73.2085772, 22.3126934 ], [ 73.2085772, 22.3125197 ], [ 73.2085665, 22.3122517 ], [ 73.2086094, 22.3120432 ], [ 73.208545, 22.3119093 ], [ 73.2084109, 22.3118398 ], [ 73.2082285, 22.3117852 ], [ 73.208148, 22.3118348 ], [ 73.2080032, 22.311805 ], [ 73.2077511, 22.3118298 ], [ 73.2075902, 22.311805 ], [ 73.2073756, 22.3118596 ], [ 73.2073112, 22.3120284 ], [ 73.2073005, 22.3122219 ], [ 73.2072951, 22.3123261 ] ] ] } },
{ "type": "Feature", "properties": { "element": "way", "id": 310060884, "waterway": null }, "geometry": { "type": "Polygon", "coordinates": [ [ [ 73.2185194, 22.3128465 ], [ 73.2185357, 22.312961 ], [ 73.2185552, 22.3130152 ], [ 73.2185813, 22.3130484 ], [ 73.2186431, 22.3130755 ], [ 73.2186887, 22.3130845 ], [ 73.2187408, 22.3131147 ], [ 73.2188255, 22.3131177 ], [ 73.2188418, 22.3131478 ], [ 73.2189362, 22.3131659 ], [ 73.2189753, 22.313193 ], [ 73.2190861, 22.3132111 ], [ 73.2192294, 22.3132653 ], [ 73.219314, 22.3133165 ], [ 73.2195159, 22.313419 ], [ 73.2195713, 22.313425 ], [ 73.2195941, 22.3133949 ], [ 73.219669, 22.3133949 ], [ 73.2197341, 22.3133647 ], [ 73.2197732, 22.3132954 ], [ 73.2198318, 22.3131297 ], [ 73.2198612, 22.3130635 ], [ 73.219884, 22.3130393 ], [ 73.2198872, 22.3130092 ], [ 73.219923, 22.3129731 ], [ 73.2199817, 22.3129339 ], [ 73.2200142, 22.3128977 ], [ 73.2200142, 22.3128375 ], [ 73.2199654, 22.3127893 ], [ 73.2199914, 22.312735 ], [ 73.220024, 22.3126929 ], [ 73.22005, 22.3126115 ], [ 73.2200794, 22.3125452 ], [ 73.2200598, 22.3124548 ], [ 73.2200077, 22.3124127 ], [ 73.2199263, 22.3123343 ], [ 73.2198221, 22.3123163 ], [ 73.2196853, 22.3122349 ], [ 73.2196169, 22.3122259 ], [ 73.2195648, 22.3121867 ], [ 73.2195159, 22.3121505 ], [ 73.2194671, 22.3121415 ], [ 73.2193954, 22.3121505 ], [ 73.2193759, 22.3121144 ], [ 73.2192619, 22.312033 ], [ 73.2191479, 22.3119879 ], [ 73.2190372, 22.3119547 ], [ 73.2189623, 22.3119457 ], [ 73.2188613, 22.3119005 ], [ 73.2188255, 22.3119396 ], [ 73.2187669, 22.3119879 ], [ 73.2187734, 22.3121144 ], [ 73.2187115, 22.3123735 ], [ 73.2186822, 22.3125241 ], [ 73.2186594, 22.3126718 ], [ 73.2186041, 22.312732 ], [ 73.2185292, 22.3127863 ], [ 73.2185194, 22.3128465 ] ] ] } },
{ "type": "Feature", "properties": { "element": "way", "id": 310060885, "waterway": null }, "geometry": { "type": "Polygon", "coordinates": [ [ [ 73.2179665, 22.3082528 ], [ 73.2180179, 22.3082327 ], [ 73.2180812, 22.3082126 ], [ 73.2181346, 22.3081668 ], [ 73.2181583, 22.3081119 ], [ 73.2181978, 22.3080955 ], [ 73.2183046, 22.308068 ], [ 73.2184035, 22.308037 ], [ 73.2186249, 22.3080296 ], [ 73.2187356, 22.3080772 ], [ 73.2188721, 22.3082126 ], [ 73.2189788, 22.3084577 ], [ 73.2190302, 22.3086058 ], [ 73.219052, 22.3086808 ], [ 73.2190381, 22.308743 ], [ 73.2189472, 22.3087741 ], [ 73.2187989, 22.3087906 ], [ 73.2185083, 22.3087265 ], [ 73.2181267, 22.3087028 ], [ 73.2180851, 22.3087558 ], [ 73.2180061, 22.3087942 ], [ 73.2179448, 22.3087924 ], [ 73.217921, 22.308732 ], [ 73.2179072, 22.3086973 ], [ 73.2179408, 22.3086259 ], [ 73.2179092, 22.3085491 ], [ 73.2179032, 22.3084979 ], [ 73.2179467, 22.3084522 ], [ 73.2179428, 22.3083735 ], [ 73.2179388, 22.3082802 ], [ 73.2179665, 22.3082528 ] ] ] } },
{ "type": "Feature", "properties": { "element": "way", "id": 310060886, "waterway": null }, "geometry": { "type": "Polygon", "coordinates": [ [ [ 73.2154028, 22.3083087 ], [ 73.21573, 22.3083137 ], [ 73.2157997, 22.308346 ], [ 73.2158882, 22.3082988 ], [ 73.2159768, 22.3081425 ], [ 73.2160706, 22.3080705 ], [ 73.2161618, 22.3079067 ], [ 73.2161726, 22.3078497 ], [ 73.2163174, 22.3077678 ], [ 73.2164005, 22.3076834 ], [ 73.2163791, 22.3075941 ], [ 73.2162262, 22.3075296 ], [ 73.2160921, 22.3074986 ], [ 73.2160263, 22.3074886 ], [ 73.2159392, 22.3074899 ], [ 73.2158373, 22.3076263 ], [ 73.2157354, 22.3077454 ], [ 73.2156629, 22.3078124 ], [ 73.2155503, 22.3078124 ], [ 73.2154376, 22.3079191 ], [ 73.2152526, 22.3077306 ], [ 73.2147993, 22.3077082 ], [ 73.2147295, 22.3080581 ], [ 73.2148556, 22.3081003 ], [ 73.2149736, 22.3080804 ], [ 73.2150541, 22.3081102 ], [ 73.2150943, 22.3081301 ], [ 73.215215, 22.308145 ], [ 73.2153357, 22.3081946 ], [ 73.2154028, 22.3083087 ] ] ] } },
{ "type": "Feature", "properties": { "element": "way", "id": 310060887, "waterway": null }, "geometry": { "type": "Polygon", "coordinates": [ [ [ 73.216222, 22.3025088 ], [ 73.2163192, 22.3025415 ], [ 73.2164606, 22.3025987 ], [ 73.2165622, 22.302656 ], [ 73.2166903, 22.3026396 ], [ 73.2168229, 22.3026519 ], [ 73.2169643, 22.3027418 ], [ 73.2170438, 22.3028072 ], [ 73.2171587, 22.3028235 ], [ 73.2173398, 22.3028685 ], [ 73.2175828, 22.3028603 ], [ 73.2177949, 22.3028154 ], [ 73.2179716, 22.3026927 ], [ 73.2181881, 22.3025252 ], [ 73.2183692, 22.3024393 ], [ 73.2185459, 22.3024148 ], [ 73.2185592, 22.3025047 ], [ 73.218758, 22.3025946 ], [ 73.218864, 22.3027377 ], [ 73.219001, 22.3028603 ], [ 73.2191026, 22.3028522 ], [ 73.2192749, 22.3028276 ], [ 73.2194296, 22.3027908 ], [ 73.2194163, 22.3026927 ], [ 73.2193505, 22.3026237 ], [ 73.219187, 22.30252 ], [ 73.2190584, 22.3024445 ], [ 73.218864, 22.3023289 ], [ 73.2185636, 22.3022022 ], [ 73.2184797, 22.3021041 ], [ 73.2183206, 22.3021 ], [ 73.2181041, 22.3020837 ], [ 73.2180555, 22.301957 ], [ 73.2178921, 22.3018711 ], [ 73.2177993, 22.3017526 ], [ 73.2175961, 22.3017117 ], [ 73.2174547, 22.3017199 ], [ 73.2173486, 22.3017362 ], [ 73.2172294, 22.3017485 ], [ 73.2170173, 22.3017608 ], [ 73.2168627, 22.3017649 ], [ 73.2166771, 22.301818 ], [ 73.2164606, 22.3018834 ], [ 73.2162839, 22.3020019 ], [ 73.2162353, 22.3022635 ], [ 73.2162044, 22.3024025 ], [ 73.216222, 22.3025088 ] ] ] } },
{ "type": "Feature", "properties": { "element": "way", "id": 310060888, "waterway": null }, "geometry": { "type": "Polygon", "coordinates": [ [ [ 73.2163104, 22.3002443 ], [ 73.2163016, 22.3005181 ], [ 73.2162927, 22.3007266 ], [ 73.2163192, 22.3011231 ], [ 73.2162927, 22.3013479 ], [ 73.2163236, 22.3015114 ], [ 73.216412, 22.3015441 ], [ 73.2165225, 22.30154 ], [ 73.2166064, 22.3016136 ], [ 73.2166948, 22.3016422 ], [ 73.2168229, 22.3016913 ], [ 73.217057, 22.3016831 ], [ 73.2171808, 22.3014787 ], [ 73.2173663, 22.3012907 ], [ 73.2175386, 22.3012049 ], [ 73.2177374, 22.3011762 ], [ 73.2179362, 22.3010495 ], [ 73.2178125, 22.3008942 ], [ 73.2179053, 22.3007021 ], [ 73.2179716, 22.3005018 ], [ 73.2181041, 22.3002565 ], [ 73.2181306, 22.3001707 ], [ 73.2180467, 22.3001584 ], [ 73.2179318, 22.3002034 ], [ 73.2176049, 22.3001993 ], [ 73.2172514, 22.300232 ], [ 73.2171233, 22.3002647 ], [ 73.2170836, 22.3001502 ], [ 73.2169864, 22.3002238 ], [ 73.2168008, 22.3002197 ], [ 73.2165446, 22.3002238 ], [ 73.2163104, 22.3002443 ] ] ] } },
{ "type": "Feature", "properties": { "element": "way", "id": 310060889, "waterway": null }, "geometry": { "type": "Polygon", "coordinates": [ [ [ 73.2161734, 22.3000358 ], [ 73.2162176, 22.2997578 ], [ 73.2163325, 22.2996597 ], [ 73.2164562, 22.2996597 ], [ 73.2164694, 22.2995657 ], [ 73.2165092, 22.2994921 ], [ 73.2165976, 22.2995207 ], [ 73.2166948, 22.2994676 ], [ 73.2168185, 22.299484 ], [ 73.2169422, 22.2993777 ], [ 73.2169819, 22.2994472 ], [ 73.2169864, 22.2995494 ], [ 73.2172073, 22.2995698 ], [ 73.2172912, 22.2994799 ], [ 73.2173663, 22.2994308 ], [ 73.2174414, 22.2994267 ], [ 73.2177507, 22.2995575 ], [ 73.2179186, 22.2995453 ], [ 73.2182058, 22.2996352 ], [ 73.2182853, 22.2998191 ], [ 73.2183427, 22.3000399 ], [ 73.2180644, 22.3000767 ], [ 73.2176623, 22.3000971 ], [ 73.217004, 22.3000562 ], [ 73.2164827, 22.3000767 ], [ 73.2161734, 22.3000358 ] ] ] } },
{ "type": "Feature", "properties": { "element": "way", "id": 310062313, "waterway": null }, "geometry": { "type": "Polygon", "coordinates": [ [ [ 73.2032394, 22.3088512 ], [ 73.2033852, 22.3087858 ], [ 73.2033852, 22.3086632 ], [ 73.2036989, 22.3084343 ], [ 73.2038447, 22.3082994 ], [ 73.2040391, 22.3081973 ], [ 73.2041407, 22.3082013 ], [ 73.2041716, 22.3082545 ], [ 73.2041804, 22.3083281 ], [ 73.204176, 22.3084589 ], [ 73.204229, 22.3085529 ], [ 73.2043881, 22.3088267 ], [ 73.2043748, 22.3089657 ], [ 73.2043837, 22.3090924 ], [ 73.2042776, 22.3092436 ], [ 73.203933, 22.3092722 ], [ 73.2037696, 22.3092232 ], [ 73.2036017, 22.3091415 ], [ 73.203394, 22.3089657 ], [ 73.2032394, 22.3088512 ] ] ] } },
{ "type": "Feature", "properties": { "element": "way", "id": 310066064, "waterway": null }, "geometry": { "type": "Polygon", "coordinates": [ [ [ 73.2438278, 22.3295631 ], [ 73.2440615, 22.3295464 ], [ 73.2443912, 22.3296241 ], [ 73.244571, 22.3296019 ], [ 73.2448047, 22.3294799 ], [ 73.2449965, 22.329308 ], [ 73.2450684, 22.3291195 ], [ 73.2451044, 22.3288978 ], [ 73.2451284, 22.3287647 ], [ 73.2451703, 22.3286039 ], [ 73.2451584, 22.3284431 ], [ 73.2450265, 22.3284099 ], [ 73.2449546, 22.3283711 ], [ 73.2447088, 22.3283323 ], [ 73.2446249, 22.3282879 ], [ 73.244529, 22.3282824 ], [ 73.2443912, 22.3282879 ], [ 73.2443372, 22.3282214 ], [ 73.2442353, 22.3281382 ], [ 73.2441215, 22.3281327 ], [ 73.2440196, 22.3283101 ], [ 73.2438398, 22.3285429 ], [ 73.2437139, 22.3289698 ], [ 73.243594, 22.3292526 ], [ 73.243618, 22.3294355 ], [ 73.2438278, 22.3295631 ] ] ] } },
{ "type": "Feature", "properties": { "element": "way", "id": 310066065, "waterway": null }, "geometry": { "type": "Polygon", "coordinates": [ [ [ 73.243592, 22.3272541 ], [ 73.2435305, 22.3272102 ], [ 73.2434846, 22.3272295 ], [ 73.2432531, 22.3275976 ], [ 73.2438983, 22.3280336 ], [ 73.2440742, 22.3278387 ], [ 73.2441503, 22.3276414 ], [ 73.243592, 22.3272541 ] ] ] } },
{ "type": "Feature", "properties": { "element": "way", "id": 310182439, "waterway": null }, "geometry": { "type": "Polygon", "coordinates": [ [ [ 73.225293, 22.2829394 ], [ 73.2255867, 22.283139 ], [ 73.2260242, 22.2832999 ], [ 73.2262939, 22.2830836 ], [ 73.2267135, 22.2827564 ], [ 73.2265157, 22.282651 ], [ 73.2265157, 22.2825234 ], [ 73.2263119, 22.2824513 ], [ 73.2263419, 22.282346 ], [ 73.2257905, 22.2820908 ], [ 73.2255148, 22.2821796 ], [ 73.2252091, 22.2821297 ], [ 73.2250533, 22.2822128 ], [ 73.2248195, 22.2823959 ], [ 73.2250413, 22.2824569 ], [ 73.2251731, 22.2827397 ], [ 73.225293, 22.2829394 ] ] ] } },
{ "type": "Feature", "properties": { "element": "way", "id": 310186368, "waterway": null }, "geometry": { "type": "Polygon", "coordinates": [ [ [ 73.1552776, 22.3287547 ], [ 73.1558784, 22.3288638 ], [ 73.1559749, 22.3286058 ], [ 73.1559588, 22.3284023 ], [ 73.1558891, 22.3281791 ], [ 73.1557443, 22.3281096 ], [ 73.1555458, 22.3280947 ], [ 73.1553151, 22.3281443 ], [ 73.1552346, 22.3282833 ], [ 73.1552239, 22.3284966 ], [ 73.1552776, 22.3287547 ] ] ] } },
{ "type": "Feature", "properties": { "element": "way", "id": 310186811, "waterway": null }, "geometry": { "type": "Polygon", "coordinates": [ [ [ 73.1434159, 22.2886159 ], [ 73.1436251, 22.2886705 ], [ 73.1438987, 22.2887549 ], [ 73.1440006, 22.2887797 ], [ 73.1440811, 22.2887003 ], [ 73.1440596, 22.2883181 ], [ 73.1445049, 22.287926 ], [ 73.1449608, 22.2874842 ], [ 73.1450198, 22.2871566 ], [ 73.1450252, 22.2869134 ], [ 73.1448535, 22.2866106 ], [ 73.1445102, 22.2865312 ], [ 73.1441723, 22.2864319 ], [ 73.1437002, 22.2864766 ], [ 73.1434642, 22.2866503 ], [ 73.1432818, 22.2867595 ], [ 73.1432764, 22.2870176 ], [ 73.1433354, 22.2871913 ], [ 73.1433891, 22.2875735 ], [ 73.1435017, 22.2880898 ], [ 73.1433515, 22.2884273 ], [ 73.1434159, 22.2886159 ] ] ] } },
{ "type": "Feature", "properties": { "element": "way", "id": 431733618, "waterway": "drain" }, "geometry": { "type": "LineString", "coordinates": [ [ 73.2202157, 22.3077398 ], [ 73.2197463, 22.3087323 ], [ 73.2197007, 22.3089532 ], [ 73.2196203, 22.3091716 ], [ 73.2196632, 22.3092485 ], [ 73.219572, 22.3102783 ], [ 73.2194701, 22.3106133 ], [ 73.2195827, 22.3110922 ], [ 73.2197222, 22.3113924 ], [ 73.2198536, 22.311586 ], [ 73.2200387, 22.3119929 ], [ 73.2202479, 22.3121666 ], [ 73.220374, 22.3124793 ], [ 73.2203552, 22.3127026 ], [ 73.2200762, 22.3139582 ], [ 73.2199555, 22.3145984 ], [ 73.2197195, 22.3150301 ], [ 73.2191267, 22.3158663 ], [ 73.2189873, 22.3158291 ], [ 73.2188585, 22.3158241 ], [ 73.2187137, 22.3153825 ], [ 73.2182631, 22.3154966 ], [ 73.21796, 22.3154768 ], [ 73.2173028, 22.3152311 ], [ 73.2170078, 22.3151095 ], [ 73.2168039, 22.3151269 ], [ 73.216397, 22.3153146 ] ] } },
{ "type": "Feature", "properties": { "element": "way", "id": 442156397, "waterway": null }, "geometry": { "type": "Polygon", "coordinates": [ [ [ 73.2097174, 22.2776318 ], [ 73.2098708, 22.2781288 ], [ 73.2099475, 22.2781039 ], [ 73.2101086, 22.2786044 ], [ 73.2109487, 22.2783488 ], [ 73.2109652, 22.2782134 ], [ 73.2109404, 22.278118 ], [ 73.2108982, 22.2780233 ], [ 73.2109372, 22.277891 ], [ 73.2110024, 22.2777383 ], [ 73.2110407, 22.2775715 ], [ 73.2110906, 22.2774047 ], [ 73.2111174, 22.2772414 ], [ 73.2104078, 22.2774331 ], [ 73.2097174, 22.2776318 ] ] ] } },
{ "type": "Feature", "properties": { "element": "way", "id": 450892790, "waterway": "stream" }, "geometry": { "type": "LineString", "coordinates": [ [ 73.2176149, 22.2875097 ], [ 73.21784, 22.2865575 ], [ 73.2180718, 22.2857395 ], [ 73.2184408, 22.2847706 ], [ 73.2187326, 22.2841829 ], [ 73.2191876, 22.2831743 ], [ 73.2192047, 22.2828963 ], [ 73.2191446, 22.2826263 ], [ 73.2190674, 22.2824833 ], [ 73.2190502, 22.2822291 ], [ 73.2190729, 22.2820082 ], [ 73.219203, 22.2818475 ] ] } },
{ "type": "Feature", "properties": { "element": "way", "id": 450892791, "waterway": "drain" }, "geometry": { "type": "LineString", "coordinates": [ [ 73.2196321, 22.2889537 ], [ 73.2187916, 22.2886469 ], [ 73.2176533, 22.2885075 ], [ 73.2174302, 22.2884373 ], [ 73.2173996, 22.2882494 ], [ 73.2174773, 22.2879777 ], [ 73.2176149, 22.2875097 ] ] } },
{ "type": "Feature", "properties": { "element": "way", "id": 491002285, "waterway": null }, "geometry": { "type": "Polygon", "coordinates": [ [ [ 73.1127343, 22.396145 ], [ 73.1133083, 22.3963235 ], [ 73.113378, 22.396517 ], [ 73.1124714, 22.3969137 ], [ 73.1118491, 22.3968145 ], [ 73.1116828, 22.3962442 ], [ 73.111892, 22.396021 ], [ 73.112525, 22.3960359 ], [ 73.1127343, 22.396145 ] ] ] } },
{ "type": "Feature", "properties": { "element": "way", "id": 491446289, "waterway": null }, "geometry": { "type": "Polygon", "coordinates": [ [ [ 73.2284716, 22.4145793 ], [ 73.2294372, 22.4149463 ], [ 73.2311324, 22.4157893 ], [ 73.2326237, 22.416067 ], [ 73.2338039, 22.4163447 ], [ 73.2333211, 22.4136371 ], [ 73.2325057, 22.4128535 ], [ 73.2317118, 22.4119708 ], [ 73.2308642, 22.4114451 ], [ 73.2292549, 22.4127047 ], [ 73.2283751, 22.4133792 ], [ 73.2282678, 22.4140338 ], [ 73.2283107, 22.4144504 ], [ 73.2284716, 22.4145793 ] ] ] } },
{ "type": "Feature", "properties": { "element": "way", "id": 491446291, "waterway": "river" }, "geometry": { "type": "LineString", "coordinates": [ [ 73.3937294, 22.4852902 ], [ 73.3931527, 22.4848596 ], [ 73.3926028, 22.4846613 ], [ 73.3920932, 22.4841756 ], [ 73.3916426, 22.4838336 ], [ 73.3915299, 22.4833032 ], [ 73.3918947, 22.4828868 ], [ 73.3922595, 22.4822871 ], [ 73.3926779, 22.4815931 ], [ 73.3925813, 22.4812115 ], [ 73.3918679, 22.4811173 ], [ 73.3915514, 22.4807802 ], [ 73.3913744, 22.4804085 ], [ 73.391192, 22.4806811 ], [ 73.3905214, 22.4810082 ], [ 73.3901352, 22.4810082 ], [ 73.3898294, 22.4807158 ], [ 73.3896685, 22.4801755 ], [ 73.3893359, 22.4800169 ], [ 73.3887726, 22.4800119 ], [ 73.3883166, 22.4802399 ], [ 73.3884347, 22.4809141 ], [ 73.3884937, 22.4812858 ], [ 73.3882362, 22.4814643 ], [ 73.387968, 22.481494 ], [ 73.3875495, 22.4812858 ], [ 73.3872759, 22.480924 ], [ 73.3869648, 22.4808546 ], [ 73.386305, 22.4809537 ], [ 73.3858651, 22.4807307 ], [ 73.3853179, 22.4799772 ], [ 73.3845776, 22.4787479 ], [ 73.3842665, 22.4783811 ], [ 73.3833519, 22.4783589 ], [ 73.3820483, 22.4784828 ], [ 73.3816621, 22.4780862 ], [ 73.3812812, 22.4770552 ], [ 73.3809701, 22.4769759 ], [ 73.3805624, 22.4765843 ], [ 73.3805355, 22.4761778 ], [ 73.3805195, 22.4754739 ], [ 73.3807018, 22.4742 ], [ 73.3806053, 22.4738629 ], [ 73.3801547, 22.4733325 ], [ 73.3798811, 22.4722568 ], [ 73.3793661, 22.4717363 ], [ 73.3788887, 22.4701104 ], [ 73.3790925, 22.4698279 ], [ 73.3798864, 22.469466 ], [ 73.3802727, 22.4692974 ], [ 73.3800635, 22.4687819 ], [ 73.3795539, 22.4682713 ], [ 73.3790603, 22.468306 ], [ 73.3786526, 22.4689009 ], [ 73.3783308, 22.4691091 ], [ 73.3777621, 22.4690149 ], [ 73.3771023, 22.4693024 ], [ 73.3768556, 22.4690496 ], [ 73.376936, 22.4687472 ], [ 73.3770111, 22.4683258 ], [ 73.3775476, 22.4683556 ], [ 73.3779177, 22.4680185 ], [ 73.3774725, 22.4676764 ], [ 73.3770379, 22.4671163 ], [ 73.3768877, 22.4663727 ], [ 73.3769307, 22.4657332 ], [ 73.3772203, 22.4647913 ], [ 73.3766946, 22.4635817 ], [ 73.3758739, 22.4627984 ], [ 73.3753106, 22.4625654 ], [ 73.3742967, 22.4624167 ], [ 73.3741519, 22.4620598 ], [ 73.374066, 22.4614103 ], [ 73.3733686, 22.4606023 ], [ 73.3721724, 22.4597099 ], [ 73.3724352, 22.4585201 ], [ 73.3724728, 22.457826 ], [ 73.3722099, 22.4571419 ], [ 73.3712175, 22.4562991 ], [ 73.3709493, 22.4560215 ], [ 73.3712121, 22.4549952 ], [ 73.3708313, 22.4546036 ], [ 73.3703807, 22.4544449 ], [ 73.3697638, 22.4538847 ], [ 73.3698925, 22.4528039 ], [ 73.3697906, 22.4524866 ], [ 73.3693614, 22.4522239 ], [ 73.3687016, 22.4523329 ], [ 73.3677306, 22.4532501 ], [ 73.3669045, 22.4534881 ], [ 73.3665236, 22.4533195 ], [ 73.3663842, 22.4529923 ], [ 73.3664324, 22.4525263 ], [ 73.3660677, 22.4521991 ], [ 73.3654615, 22.4529328 ], [ 73.3649197, 22.4529576 ], [ 73.3645925, 22.4524321 ], [ 73.3642384, 22.4523081 ], [ 73.363938, 22.4519512 ], [ 73.3641365, 22.4515496 ], [ 73.3640614, 22.4512075 ], [ 73.363702, 22.4510141 ], [ 73.3634391, 22.4507514 ], [ 73.363069, 22.4502903 ], [ 73.3621516, 22.4497499 ], [ 73.361583, 22.449735 ], [ 73.3609997, 22.4497388 ], [ 73.3588236, 22.4476472 ], [ 73.3587198, 22.4475474 ], [ 73.3582692, 22.4474383 ], [ 73.3577113, 22.447473 ], [ 73.3564614, 22.4480134 ], [ 73.355603, 22.4481175 ], [ 73.3542244, 22.4478498 ], [ 73.3536236, 22.4473243 ], [ 73.3531461, 22.4472598 ], [ 73.3527009, 22.4476763 ], [ 73.3513812, 22.4485836 ], [ 73.3503942, 22.4489505 ], [ 73.3497934, 22.4497834 ], [ 73.3490209, 22.4505618 ], [ 73.3485006, 22.4508097 ], [ 73.3483557, 22.4509287 ], [ 73.3480285, 22.4508196 ], [ 73.3477334, 22.4505767 ], [ 73.3474223, 22.4503536 ], [ 73.3473901, 22.4500759 ], [ 73.3475242, 22.4496694 ], [ 73.3474706, 22.4494463 ], [ 73.3470307, 22.4492777 ], [ 73.3464835, 22.4493223 ], [ 73.3462314, 22.4495752 ], [ 73.3456413, 22.449595 ], [ 73.3448956, 22.4493422 ], [ 73.344445, 22.4493223 ], [ 73.3439247, 22.4496843 ], [ 73.3431737, 22.4497735 ], [ 73.3428035, 22.4496744 ], [ 73.3425192, 22.4493025 ], [ 73.3424602, 22.448777 ], [ 73.3427338, 22.4482118 ], [ 73.3428196, 22.4479391 ], [ 73.3425943, 22.4475127 ], [ 73.342369, 22.4473987 ], [ 73.3418487, 22.4475772 ], [ 73.3410654, 22.4482613 ], [ 73.3406685, 22.4482167 ], [ 73.3397029, 22.448534 ], [ 73.3382009, 22.4490695 ], [ 73.3377878, 22.4499074 ], [ 73.3372084, 22.4504379 ], [ 73.3361677, 22.4508345 ], [ 73.3355455, 22.4508196 ], [ 73.3351324, 22.4509188 ], [ 73.3346442, 22.4513799 ], [ 73.3334158, 22.4520987 ], [ 73.3327721, 22.4522574 ], [ 73.3312808, 22.4506163 ], [ 73.3310018, 22.4500512 ], [ 73.3302883, 22.4500363 ], [ 73.3289794, 22.4503536 ], [ 73.3289365, 22.451474 ], [ 73.328325, 22.451593 ], [ 73.3274774, 22.4516724 ], [ 73.3270107, 22.4511518 ], [ 73.3267639, 22.4508593 ], [ 73.3263026, 22.4508345 ], [ 73.3252887, 22.4511307 ], [ 73.3244679, 22.4509919 ], [ 73.3241621, 22.450625 ], [ 73.3236713, 22.4502011 ], [ 73.3231643, 22.4502805 ], [ 73.3228425, 22.4504689 ], [ 73.3222578, 22.4511902 ], [ 73.3218554, 22.4513836 ], [ 73.3208094, 22.4513092 ], [ 73.3194844, 22.4501738 ], [ 73.3178965, 22.4500896 ], [ 73.3174727, 22.449802 ], [ 73.3173923, 22.4491029 ], [ 73.3172796, 22.448151 ], [ 73.3167163, 22.4475561 ], [ 73.3162604, 22.4474519 ], [ 73.3161423, 22.4475858 ], [ 73.3158419, 22.4477346 ], [ 73.3157615, 22.4480717 ], [ 73.315107, 22.4484435 ], [ 73.3146028, 22.4486716 ], [ 73.3138464, 22.4486171 ], [ 73.3132563, 22.4483741 ], [ 73.3126286, 22.4484634 ], [ 73.3123658, 22.44886 ], [ 73.3124409, 22.4493211 ], [ 73.3124302, 22.4495095 ], [ 73.3121351, 22.4496781 ], [ 73.3119366, 22.449683 ], [ 73.3117435, 22.4493806 ], [ 73.3114072, 22.4491179 ], [ 73.3113626, 22.4490831 ], [ 73.3112607, 22.4486319 ], [ 73.3111373, 22.4483493 ], [ 73.3100966, 22.4480023 ], [ 73.3095334, 22.4476403 ], [ 73.3092169, 22.4477445 ], [ 73.3084122, 22.4481114 ], [ 73.3081815, 22.4479626 ], [ 73.3080045, 22.4474569 ], [ 73.3077738, 22.4472388 ], [ 73.307849, 22.4462521 ], [ 73.3075432, 22.4456026 ], [ 73.3069906, 22.4455382 ], [ 73.3060411, 22.4456869 ], [ 73.3055423, 22.4455084 ], [ 73.3049361, 22.4448887 ], [ 73.3050434, 22.4445713 ], [ 73.305722, 22.4442168 ], [ 73.3059553, 22.4437582 ], [ 73.3056308, 22.4433045 ], [ 73.3051829, 22.4431335 ], [ 73.3043514, 22.4433566 ], [ 73.303544, 22.4430591 ], [ 73.3031229, 22.442836 ], [ 73.3023826, 22.4429525 ], [ 73.3018864, 22.4429748 ], [ 73.3016182, 22.4425509 ], [ 73.3020313, 22.4419287 ], [ 73.3022754, 22.4414428 ], [ 73.3016638, 22.4412915 ], [ 73.3009047, 22.4416262 ], [ 73.3001564, 22.4415816 ], [ 73.2998936, 22.4410486 ], [ 73.3002959, 22.4404412 ], [ 73.3004005, 22.4395809 ], [ 73.3001189, 22.4390033 ], [ 73.2995502, 22.4388818 ], [ 73.2989923, 22.4385025 ], [ 73.2983164, 22.4383934 ], [ 73.2978122, 22.4380513 ], [ 73.2979087, 22.4376224 ], [ 73.2981474, 22.4373125 ], [ 73.2988475, 22.437134 ], [ 73.2996951, 22.4367151 ], [ 73.3003281, 22.4362787 ], [ 73.3006365, 22.4357953 ], [ 73.300202, 22.4352697 ], [ 73.2996012, 22.4352226 ], [ 73.2991023, 22.4354606 ], [ 73.2982547, 22.4355722 ], [ 73.2975225, 22.4355647 ], [ 73.2968412, 22.4352623 ], [ 73.2961841, 22.4351556 ], [ 73.2955216, 22.4350441 ], [ 73.2947544, 22.4348433 ], [ 73.2946391, 22.4350416 ], [ 73.2946123, 22.4355449 ], [ 73.2946311, 22.4359391 ], [ 73.2941697, 22.4361597 ], [ 73.2937835, 22.4359465 ], [ 73.2934965, 22.4352623 ], [ 73.2930459, 22.43523 ], [ 73.2931585, 22.4346672 ], [ 73.2938693, 22.4343772 ], [ 73.2942797, 22.4343449 ], [ 73.2943682, 22.4340053 ], [ 73.2944218, 22.4335442 ], [ 73.2943065, 22.4331004 ], [ 73.2942609, 22.4324062 ], [ 73.2945828, 22.4319674 ], [ 73.2944755, 22.4314294 ], [ 73.2943011, 22.4311393 ], [ 73.2941483, 22.4309211 ], [ 73.2933195, 22.431226 ], [ 73.2924933, 22.4314442 ], [ 73.2926704, 22.4320591 ], [ 73.2922573, 22.4322425 ], [ 73.2915707, 22.4321682 ], [ 73.2905997, 22.4312409 ], [ 73.2901384, 22.430993 ], [ 73.2891084, 22.4314145 ], [ 73.2878424, 22.4319946 ], [ 73.2865174, 22.4320442 ], [ 73.2856323, 22.432426 ], [ 73.2843448, 22.4322574 ], [ 73.2829876, 22.4326987 ], [ 73.2824887, 22.432669 ], [ 73.2819415, 22.4324855 ], [ 73.2812978, 22.4321285 ], [ 73.2811637, 22.4314492 ], [ 73.2807024, 22.4312112 ], [ 73.279828, 22.430988 ], [ 73.2780899, 22.4301699 ], [ 73.2769741, 22.4296492 ], [ 73.2765288, 22.428955 ], [ 73.2772155, 22.4285782 ], [ 73.2772745, 22.4283848 ], [ 73.2769687, 22.4280625 ], [ 73.2765074, 22.4276608 ], [ 73.2759173, 22.4281666 ], [ 73.2754452, 22.4285484 ], [ 73.2749302, 22.428722 ], [ 73.2741149, 22.4286575 ], [ 73.2732405, 22.4295104 ], [ 73.273455, 22.4299914 ], [ 73.2736106, 22.4304872 ], [ 73.2733531, 22.4306459 ], [ 73.2728515, 22.4305988 ], [ 73.2725726, 22.4307823 ], [ 73.2720254, 22.4308963 ], [ 73.2716445, 22.4305294 ], [ 73.2711456, 22.4302319 ], [ 73.2707379, 22.4302715 ], [ 73.2700245, 22.4304897 ], [ 73.2699279, 22.4310897 ], [ 73.2698152, 22.4316401 ], [ 73.2691662, 22.4315905 ], [ 73.2687531, 22.4311145 ], [ 73.2685922, 22.4304302 ], [ 73.2684581, 22.4295525 ], [ 73.2680074, 22.4289773 ], [ 73.2671974, 22.4289377 ], [ 73.2668541, 22.4292154 ], [ 73.2664088, 22.4299591 ], [ 73.2663606, 22.4301129 ], [ 73.2664518, 22.4305095 ], [ 73.2665859, 22.4309409 ], [ 73.2664679, 22.431179 ], [ 73.2662801, 22.4313029 ], [ 73.2658456, 22.4313029 ], [ 73.2655398, 22.4310451 ], [ 73.2652448, 22.4309161 ], [ 73.2651107, 22.4307029 ], [ 73.2651375, 22.43045 ], [ 73.2651107, 22.4302418 ], [ 73.2651455, 22.4299393 ], [ 73.2649256, 22.4297162 ], [ 73.2644696, 22.4296715 ], [ 73.2638634, 22.429622 ], [ 73.2634182, 22.4295377 ], [ 73.262694, 22.4294385 ], [ 73.262576, 22.4291261 ], [ 73.2625062, 22.4286898 ], [ 73.2619912, 22.4279608 ], [ 73.2615031, 22.4274699 ], [ 73.2611812, 22.4274798 ], [ 73.2606662, 22.427817 ], [ 73.2601137, 22.4285162 ], [ 73.2595451, 22.4293592 ], [ 73.2593841, 22.4297063 ], [ 73.2594753, 22.4300236 ], [ 73.2598455, 22.4300286 ], [ 73.2607735, 22.4298947 ], [ 73.2610954, 22.4300236 ], [ 73.2611759, 22.430341 ], [ 73.2611115, 22.4310104 ], [ 73.2609452, 22.431412 ], [ 73.2605536, 22.4316699 ], [ 73.2598187, 22.4316104 ], [ 73.2594646, 22.4313476 ], [ 73.2588906, 22.4310153 ], [ 73.2583434, 22.4309459 ], [ 73.257748, 22.4308567 ], [ 73.2572491, 22.4304104 ], [ 73.2573188, 22.4300782 ], [ 73.258086, 22.4296517 ], [ 73.2583917, 22.4292997 ], [ 73.2585902, 22.4286154 ], [ 73.2583649, 22.4280104 ], [ 73.2576783, 22.4278716 ], [ 73.2567663, 22.4279559 ], [ 73.256482, 22.4280104 ], [ 73.2563532, 22.4274451 ], [ 73.2561065, 22.4270137 ], [ 73.2556773, 22.4267906 ], [ 73.2553447, 22.426741 ], [ 73.2548458, 22.4263096 ], [ 73.2542558, 22.426255 ], [ 73.2536067, 22.4254815 ], [ 73.2532633, 22.4249856 ], [ 73.253038, 22.4247773 ], [ 73.2531131, 22.4245145 ], [ 73.2535101, 22.4244699 ], [ 73.2536388, 22.4237608 ], [ 73.2533277, 22.4235922 ], [ 73.2531453, 22.4233988 ], [ 73.2528556, 22.4234186 ], [ 73.2522119, 22.4233343 ], [ 73.2514233, 22.4234285 ], [ 73.2510264, 22.4239343 ], [ 73.2511229, 22.4243806 ], [ 73.2506938, 22.4248616 ], [ 73.2506026, 22.4253972 ], [ 73.2502056, 22.4256749 ], [ 73.2497336, 22.4261707 ], [ 73.249873, 22.4266865 ], [ 73.249578, 22.4273658 ], [ 73.2497282, 22.4280997 ], [ 73.2496155, 22.428179 ], [ 73.249122, 22.4281641 ], [ 73.248151, 22.4282732 ], [ 73.2476736, 22.4283774 ], [ 73.2473357, 22.4279955 ], [ 73.2467778, 22.4279261 ], [ 73.2466597, 22.4274699 ], [ 73.246649, 22.4271427 ], [ 73.2463218, 22.426984 ], [ 73.2460214, 22.4272071 ], [ 73.2455225, 22.4272121 ], [ 73.2454206, 22.4268798 ], [ 73.2457102, 22.4262749 ], [ 73.2456941, 22.4257592 ], [ 73.245442, 22.4248517 ], [ 73.2449539, 22.4245542 ], [ 73.2443369, 22.424698 ], [ 73.2442082, 22.4250699 ], [ 73.2440044, 22.4257592 ], [ 73.2441814, 22.426022 ], [ 73.2446642, 22.4262997 ], [ 73.2448627, 22.4269245 ], [ 73.2447822, 22.4271526 ], [ 73.2444389, 22.4272369 ], [ 73.243999, 22.4270336 ], [ 73.2434304, 22.4266022 ], [ 73.2431782, 22.425898 ], [ 73.2431139, 22.4250005 ], [ 73.2430602, 22.4243856 ], [ 73.2435591, 22.4240038 ], [ 73.2439132, 22.4234633 ], [ 73.2440312, 22.4228533 ], [ 73.243881, 22.4220847 ], [ 73.2430227, 22.4215343 ], [ 73.2425613, 22.4215194 ], [ 73.2421483, 22.4213805 ], [ 73.2414133, 22.4214103 ], [ 73.2410593, 22.4217574 ], [ 73.2410807, 22.4220302 ], [ 73.2406731, 22.4226401 ], [ 73.2403673, 22.4235724 ], [ 73.2401849, 22.4244302 ], [ 73.2396753, 22.4247178 ], [ 73.2389403, 22.4252038 ], [ 73.2384146, 22.4252038 ], [ 73.2380847, 22.4247526 ], [ 73.2377789, 22.4238625 ], [ 73.2372908, 22.4235922 ], [ 73.2369877, 22.4237187 ], [ 73.2369662, 22.4239939 ], [ 73.2365397, 22.4242815 ], [ 73.2359979, 22.424098 ], [ 73.2354561, 22.4236492 ], [ 73.2351048, 22.4229699 ], [ 73.2347346, 22.422474 ], [ 73.2344986, 22.4217426 ], [ 73.2347292, 22.4211599 ], [ 73.2350833, 22.4207235 ], [ 73.2351048, 22.4202599 ], [ 73.2347668, 22.4199251 ], [ 73.2341606, 22.41964 ], [ 73.2335732, 22.4198383 ], [ 73.233069, 22.4202152 ], [ 73.2325406, 22.4204086 ], [ 73.2320524, 22.4204582 ], [ 73.2316367, 22.4205896 ], [ 73.2313711, 22.421326 ], [ 73.2310171, 22.421393 ], [ 73.2305718, 22.4211996 ], [ 73.2299254, 22.4203318 ], [ 73.2298208, 22.4199103 ], [ 73.2301078, 22.4187771 ], [ 73.2302473, 22.4182192 ], [ 73.2301373, 22.4179391 ], [ 73.2295633, 22.4178919 ], [ 73.2288981, 22.4183085 ], [ 73.2280103, 22.4184002 ], [ 73.2275597, 22.4178944 ], [ 73.226975, 22.4174134 ], [ 73.2265512, 22.4165852 ], [ 73.2260577, 22.4162976 ], [ 73.2256151, 22.4163918 ], [ 73.2252128, 22.4163819 ], [ 73.2249821, 22.4162059 ], [ 73.2250062, 22.4160918 ], [ 73.2255963, 22.4158265 ], [ 73.2261998, 22.4155637 ], [ 73.226637, 22.4154397 ], [ 73.2269321, 22.4151719 ], [ 73.2269455, 22.4150058 ], [ 73.2268167, 22.4148595 ], [ 73.2264895, 22.4147653 ], [ 73.2262722, 22.4145595 ], [ 73.2260255, 22.4144156 ], [ 73.2252905, 22.4142718 ], [ 73.225017, 22.4143065 ], [ 73.2244108, 22.4143413 ], [ 73.2240728, 22.4141925 ], [ 73.2237027, 22.414128 ], [ 73.223118, 22.4143016 ], [ 73.2227961, 22.4145198 ], [ 73.2223723, 22.414619 ], [ 73.2222972, 22.414366 ], [ 73.222206, 22.4141181 ], [ 73.2217554, 22.4141082 ], [ 73.221514, 22.4143413 ], [ 73.2216749, 22.4147529 ], [ 73.2217286, 22.4150107 ], [ 73.2212243, 22.4154571 ], [ 73.2207147, 22.415348 ], [ 73.2203875, 22.4154273 ], [ 73.2202641, 22.4155662 ], [ 73.2202641, 22.415948 ], [ 73.2200495, 22.4163447 ], [ 73.2196418, 22.4165332 ], [ 73.2193575, 22.4164042 ], [ 73.2192395, 22.4160026 ], [ 73.2190705, 22.4156777 ], [ 73.2186842, 22.415162 ], [ 73.2187486, 22.4148148 ], [ 73.2185877, 22.4144379 ], [ 73.217944, 22.4136643 ], [ 73.2180191, 22.4134709 ], [ 73.2187111, 22.4134858 ], [ 73.219151, 22.4132081 ], [ 73.219269, 22.4127072 ], [ 73.2191188, 22.4123055 ], [ 73.2186682, 22.412127 ], [ 73.2176382, 22.4120724 ], [ 73.2165868, 22.4118492 ], [ 73.2158679, 22.4116558 ], [ 73.2156802, 22.4112393 ], [ 73.2161898, 22.4106144 ], [ 73.2161469, 22.4102325 ], [ 73.2158518, 22.4095233 ], [ 73.2152457, 22.4090125 ], [ 73.2150096, 22.4088885 ], [ 73.2153476, 22.4086009 ], [ 73.2154173, 22.4082438 ], [ 73.2149828, 22.4077826 ], [ 73.2142318, 22.4074751 ], [ 73.2138777, 22.4078372 ], [ 73.2136041, 22.4084174 ], [ 73.2131964, 22.4084422 ], [ 73.2126386, 22.4082438 ], [ 73.2124347, 22.4075743 ], [ 73.2130087, 22.407371 ], [ 73.2136632, 22.4073115 ], [ 73.2140387, 22.4066023 ], [ 73.2148326, 22.4065031 ], [ 73.2151759, 22.4062948 ], [ 73.2151491, 22.4060716 ], [ 73.2148648, 22.4059228 ], [ 73.2143766, 22.4056401 ], [ 73.2141084, 22.4052533 ], [ 73.2143337, 22.4048119 ], [ 73.2147039, 22.4046582 ], [ 73.2150901, 22.4044895 ], [ 73.2150418, 22.4041325 ], [ 73.214795, 22.4038547 ], [ 73.2141781, 22.4039043 ], [ 73.2134432, 22.4042664 ], [ 73.2133842, 22.4050053 ], [ 73.2131535, 22.4056749 ], [ 73.2127834, 22.4057641 ], [ 73.2121236, 22.4054517 ], [ 73.2121933, 22.4048813 ], [ 73.211968, 22.4046483 ], [ 73.2120753, 22.4043953 ], [ 73.2122201, 22.4039341 ], [ 73.2126976, 22.4033092 ], [ 73.2124723, 22.4024611 ], [ 73.2124776, 22.4019999 ], [ 73.2129121, 22.4017469 ], [ 73.2131643, 22.4014692 ], [ 73.2130248, 22.4009286 ], [ 73.2125581, 22.4006657 ], [ 73.2120967, 22.4007451 ], [ 73.2120324, 22.4011666 ], [ 73.2117427, 22.4015237 ], [ 73.2114745, 22.40198 ], [ 73.2116515, 22.4025405 ], [ 73.2114101, 22.4027587 ], [ 73.2110024, 22.4025802 ], [ 73.2104391, 22.4003236 ], [ 73.2107503, 22.4000359 ], [ 73.2114315, 22.3999764 ], [ 73.2119894, 22.3999813 ], [ 73.2121665, 22.3995846 ], [ 73.2119465, 22.3992969 ], [ 73.2113833, 22.3992423 ], [ 73.2110238, 22.3990291 ], [ 73.2111472, 22.3987861 ], [ 73.211335, 22.3984438 ], [ 73.2113994, 22.3981016 ], [ 73.2110507, 22.3974668 ], [ 73.210997, 22.3969807 ], [ 73.2112009, 22.3965492 ], [ 73.2118017, 22.3964302 ], [ 73.2122201, 22.3961475 ], [ 73.2122791, 22.3958896 ], [ 73.2121021, 22.3956118 ], [ 73.2114798, 22.3952993 ], [ 73.2113564, 22.3948976 ], [ 73.2116515, 22.3946893 ], [ 73.2120055, 22.3947835 ], [ 73.212955, 22.3944711 ], [ 73.2132823, 22.3945306 ], [ 73.2134325, 22.3948034 ], [ 73.2134968, 22.3951853 ], [ 73.2133735, 22.3954581 ], [ 73.2134915, 22.3956862 ], [ 73.2136256, 22.3957904 ], [ 73.2138133, 22.3957755 ], [ 73.2140386, 22.395587 ], [ 73.2141084, 22.3952646 ], [ 73.2139796, 22.3947538 ], [ 73.2138724, 22.3944463 ], [ 73.2139689, 22.3935634 ], [ 73.2139582, 22.3925764 ], [ 73.2138133, 22.3924276 ], [ 73.2133858, 22.3921311 ] ] } },
{ "type": "Feature", "properties": { "element": "way", "id": 491446294, "waterway": null }, "geometry": { "type": "Polygon", "coordinates": [ [ [ 73.1906068, 22.3749577 ], [ 73.1899953, 22.3747493 ], [ 73.1892711, 22.3744318 ], [ 73.1887454, 22.3755579 ], [ 73.188563, 22.3760192 ], [ 73.1889171, 22.3760142 ], [ 73.1891799, 22.3772048 ], [ 73.1894857, 22.3778 ], [ 73.1907678, 22.377681 ], [ 73.1906068, 22.3769071 ], [ 73.1901992, 22.3769617 ], [ 73.190108, 22.3770659 ], [ 73.1899095, 22.3770807 ], [ 73.1897646, 22.3769766 ], [ 73.1897324, 22.376793 ], [ 73.1898612, 22.3766938 ], [ 73.1900865, 22.3767484 ], [ 73.1901884, 22.3768426 ], [ 73.1906551, 22.376793 ], [ 73.1904835, 22.3759101 ], [ 73.1906444, 22.3751313 ], [ 73.1906068, 22.3749577 ] ] ] } },
{ "type": "Feature", "properties": { "element": "way", "id": 491446296, "waterway": null }, "geometry": { "type": "Polygon", "coordinates": [ [ [ 73.1720621, 22.3660209 ], [ 73.1732047, 22.3661152 ], [ 73.1733442, 22.3648105 ], [ 73.1737679, 22.3646567 ], [ 73.1735855, 22.3640812 ], [ 73.1725288, 22.3638878 ], [ 73.1721479, 22.364106 ], [ 73.1720513, 22.3650486 ], [ 73.172105, 22.3657729 ], [ 73.1720621, 22.3660209 ] ] ] } },
{ "type": "Feature", "properties": { "element": "way", "id": 491446297, "waterway": null }, "geometry": { "type": "Polygon", "coordinates": [ [ [ 73.1808758, 22.375729 ], [ 73.1810528, 22.3757141 ], [ 73.1812513, 22.3758481 ], [ 73.1810475, 22.3767459 ], [ 73.1810099, 22.3769741 ], [ 73.180452, 22.3768997 ], [ 73.1806559, 22.3760018 ], [ 73.1808758, 22.375729 ] ] ] } },
{ "type": "Feature", "properties": { "element": "way", "id": 491446299, "waterway": null }, "geometry": { "type": "Polygon", "coordinates": [ [ [ 73.1682587, 22.3640019 ], [ 73.168366, 22.3640267 ], [ 73.1690848, 22.3640217 ], [ 73.1700289, 22.3642053 ], [ 73.1717402, 22.3639423 ], [ 73.1718582, 22.3650982 ], [ 73.170104, 22.3655249 ], [ 73.168999, 22.3657134 ], [ 73.169176, 22.3662045 ], [ 73.1694335, 22.3665518 ], [ 73.1701684, 22.3662095 ], [ 73.17078, 22.3661499 ], [ 73.1719601, 22.3657382 ], [ 73.1717134, 22.3662392 ], [ 73.1716973, 22.3679209 ], [ 73.1710106, 22.3679755 ], [ 73.16953, 22.3674546 ], [ 73.1688112, 22.3673852 ], [ 73.1680602, 22.3674645 ], [ 73.167851, 22.367033 ], [ 73.1684089, 22.3665071 ], [ 73.1681997, 22.3647708 ], [ 73.1680977, 22.3641408 ], [ 73.1682587, 22.3640019 ] ] ] } },
{ "type": "Feature", "properties": { "element": "way", "id": 492169559, "waterway": null }, "geometry": { "type": "Polygon", "coordinates": [ [ [ 73.2332834, 22.3452557 ], [ 73.233659, 22.3458412 ], [ 73.2345655, 22.346898 ], [ 73.234292, 22.3471163 ], [ 73.2337877, 22.3468682 ], [ 73.2335892, 22.3465507 ], [ 73.2333478, 22.3458958 ], [ 73.2331225, 22.3455981 ], [ 73.2331976, 22.3452706 ], [ 73.2332834, 22.3452557 ] ] ] } },
{ "type": "Feature", "properties": { "element": "way", "id": 492169574, "waterway": null }, "geometry": { "type": "Polygon", "coordinates": [ [ [ 73.2292735, 22.3261944 ], [ 73.2294345, 22.32644 ], [ 73.2289597, 22.3265393 ], [ 73.2283965, 22.3264202 ], [ 73.228375, 22.3262887 ], [ 73.2278681, 22.3260704 ], [ 73.227632, 22.3258619 ], [ 73.2277071, 22.3256585 ], [ 73.2278332, 22.3256039 ], [ 73.228021, 22.3258346 ], [ 73.2281551, 22.325718 ], [ 73.2283187, 22.3256262 ], [ 73.228544, 22.3257379 ], [ 73.2288605, 22.3259786 ], [ 73.2291314, 22.3261746 ], [ 73.2292735, 22.3261944 ] ] ] } },
{ "type": "Feature", "properties": { "element": "way", "id": 493414625, "waterway": null }, "geometry": { "type": "Polygon", "coordinates": [ [ [ 73.1404696, 22.4164712 ], [ 73.1405555, 22.4165729 ], [ 73.1406118, 22.4168233 ], [ 73.1404455, 22.4168506 ], [ 73.1400029, 22.416744 ], [ 73.1400217, 22.4165258 ], [ 73.1402551, 22.4164067 ], [ 73.1404267, 22.416434 ], [ 73.1404696, 22.4164712 ] ] ] } },
{ "type": "Feature", "properties": { "element": "way", "id": 493414626, "waterway": "canal" }, "geometry": { "type": "LineString", "coordinates": [ [ 73.1406011, 22.4164117 ], [ 73.1404589, 22.4163299 ], [ 73.1395443, 22.416015 ], [ 73.1379081, 22.4153554 ], [ 73.1373476, 22.4151372 ], [ 73.1356873, 22.4145892 ] ] } },
{ "type": "Feature", "properties": { "element": "way", "id": 493414627, "waterway": "canal" }, "geometry": { "type": "LineString", "coordinates": [ [ 73.1407486, 22.4165357 ], [ 73.1406011, 22.4164117 ] ] } },
{ "type": "Feature", "properties": { "element": "way", "id": 493414628, "waterway": "canal" }, "geometry": { "type": "LineString", "coordinates": [ [ 73.143868, 22.4181573 ], [ 73.1415371, 22.4170038 ], [ 73.1410249, 22.4167464 ], [ 73.1407486, 22.4165357 ] ] } },
{ "type": "Feature", "properties": { "element": "way", "id": 493414629, "waterway": "canal" }, "geometry": { "type": "LineString", "coordinates": [ [ 73.1444152, 22.4184151 ], [ 73.143868, 22.4181573 ] ] } },
{ "type": "Feature", "properties": { "element": "way", "id": 493414630, "waterway": "canal" }, "geometry": { "type": "LineString", "coordinates": [ [ 73.159457, 22.4252038 ], [ 73.1552513, 22.4232898 ] ] } },
{ "type": "Feature", "properties": { "element": "way", "id": 493414631, "waterway": "canal" }, "geometry": { "type": "LineString", "coordinates": [ [ 73.1596662, 22.4252881 ], [ 73.159457, 22.4252038 ] ] } },
{ "type": "Feature", "properties": { "element": "way", "id": 493414632, "waterway": "canal" }, "geometry": { "type": "LineString", "coordinates": [ [ 73.1549294, 22.4231459 ], [ 73.1503804, 22.4211376 ], [ 73.1444152, 22.4184151 ] ] } },
{ "type": "Feature", "properties": { "element": "way", "id": 493414633, "waterway": "canal" }, "geometry": { "type": "LineString", "coordinates": [ [ 73.1552513, 22.4232898 ], [ 73.1549294, 22.4231459 ] ] } },
{ "type": "Feature", "properties": { "element": "way", "id": 493414634, "waterway": "canal" }, "geometry": { "type": "LineString", "coordinates": [ [ 73.1655724, 22.42806 ], [ 73.1647356, 22.4276435 ] ] } },
{ "type": "Feature", "properties": { "element": "way", "id": 493414635, "waterway": "canal" }, "geometry": { "type": "LineString", "coordinates": [ [ 73.1658514, 22.4281889 ], [ 73.1655724, 22.42806 ] ] } },
{ "type": "Feature", "properties": { "element": "way", "id": 493414636, "waterway": "canal" }, "geometry": { "type": "LineString", "coordinates": [ [ 73.1645425, 22.4275443 ], [ 73.1630834, 22.4268303 ], [ 73.1596662, 22.4252881 ] ] } },
{ "type": "Feature", "properties": { "element": "way", "id": 493414637, "waterway": "canal" }, "geometry": { "type": "LineString", "coordinates": [ [ 73.1647356, 22.4276435 ], [ 73.1645425, 22.4275443 ] ] } },
{ "type": "Feature", "properties": { "element": "way", "id": 493414638, "waterway": "canal" }, "geometry": { "type": "LineString", "coordinates": [ [ 73.1682802, 22.4294996 ], [ 73.1676686, 22.429084 ], [ 73.1658514, 22.4281889 ] ] } },
{ "type": "Feature", "properties": { "element": "way", "id": 546116092, "waterway": "drain" }, "geometry": { "type": "LineString", "coordinates": [ [ 73.1501377, 22.3782216 ], [ 73.152549, 22.3802219 ] ] } },
{ "type": "Feature", "properties": { "element": "way", "id": 546116093, "waterway": "drain" }, "geometry": { "type": "LineString", "coordinates": [ [ 73.14789, 22.3764185 ], [ 73.1501377, 22.3782216 ] ] } },
{ "type": "Feature", "properties": { "element": "way", "id": 546116094, "waterway": "drain" }, "geometry": { "type": "LineString", "coordinates": [ [ 73.1432592, 22.3744904 ], [ 73.1433557, 22.3745 ], [ 73.1433906, 22.3745918 ], [ 73.1435917, 22.3746389 ], [ 73.1465435, 22.3753272 ], [ 73.147603, 22.3762251 ], [ 73.1477129, 22.3762846 ], [ 73.14789, 22.3764185 ] ] } },
{ "type": "Feature", "properties": { "element": "way", "id": 552709320, "waterway": "river" }, "geometry": { "type": "LineString", "coordinates": [ [ 73.2220844, 22.2656361 ], [ 73.2223096, 22.2652394 ] ] } },
{ "type": "Feature", "properties": { "element": "way", "id": 552709321, "waterway": "river" }, "geometry": { "type": "LineString", "coordinates": [ [ 73.2223096, 22.2652394 ], [ 73.2225349, 22.2648427 ], [ 73.2227324, 22.2648665 ], [ 73.2227753, 22.2646997 ], [ 73.2226465, 22.2646362 ], [ 73.2226465, 22.2645567 ], [ 73.2228268, 22.2644773 ], [ 73.2229899, 22.2642231 ], [ 73.2229641, 22.2638419 ], [ 73.2230499, 22.2635877 ], [ 73.2234705, 22.2634288 ], [ 73.2236507, 22.2631905 ], [ 73.2237537, 22.2629522 ], [ 73.2236851, 22.2627536 ], [ 73.2234963, 22.2626822 ], [ 73.2232817, 22.262698 ], [ 73.2231529, 22.2626345 ], [ 73.2231529, 22.2623247 ], [ 73.2232473, 22.2620387 ], [ 73.2231958, 22.2618719 ], [ 73.2229984, 22.2616495 ], [ 73.222432, 22.2615065 ], [ 73.2220457, 22.2613795 ], [ 73.221917, 22.2612682 ], [ 73.2218397, 22.2611253 ], [ 73.2216251, 22.2611809 ], [ 73.2214277, 22.2613636 ], [ 73.2212647, 22.2614351 ], [ 73.2211445, 22.2613397 ], [ 73.2211617, 22.261165 ], [ 73.2213848, 22.2603071 ], [ 73.2217539, 22.2601641 ], [ 73.2217367, 22.260037 ], [ 73.2215822, 22.2599496 ], [ 73.2214191, 22.2598702 ], [ 73.2214535, 22.2597193 ], [ 73.2215651, 22.2595922 ], [ 73.2216681, 22.259473 ], [ 73.2216509, 22.2592665 ], [ 73.2216251, 22.2590203 ], [ 73.2216487, 22.2585982 ], [ 73.2216669, 22.2580804 ], [ 73.2219599, 22.2578128 ], [ 73.2221315, 22.2576778 ], [ 73.2221659, 22.2575428 ], [ 73.2223805, 22.2574633 ], [ 73.2225006, 22.2571933 ], [ 73.2229327, 22.2569353 ], [ 73.2230682, 22.2568954 ], [ 73.2231701, 22.2568429 ], [ 73.2232292, 22.2567548 ], [ 73.2232656, 22.2565905 ], [ 73.2232903, 22.2564148 ], [ 73.2230585, 22.2561447 ], [ 73.2229384, 22.2557634 ], [ 73.2227066, 22.2552312 ], [ 73.2225435, 22.2550167 ], [ 73.2224663, 22.2549373 ], [ 73.2223375, 22.2548975 ], [ 73.22202, 22.254977 ], [ 73.2219084, 22.2549452 ], [ 73.2217625, 22.2548102 ], [ 73.2216509, 22.2547387 ], [ 73.2214535, 22.2547387 ], [ 73.2213162, 22.2547784 ], [ 73.2211187, 22.2547069 ], [ 73.2208613, 22.254834 ], [ 73.2206896, 22.2547784 ], [ 73.2206123, 22.2549293 ], [ 73.2204407, 22.2550088 ], [ 73.2201059, 22.2549293 ], [ 73.2200974, 22.254834 ], [ 73.2201746, 22.2545877 ], [ 73.2204063, 22.254413 ], [ 73.2205351, 22.2539125 ], [ 73.2204407, 22.2537934 ], [ 73.2192648, 22.2538966 ], [ 73.2189644, 22.253849 ], [ 73.2184408, 22.2534518 ], [ 73.2181233, 22.2533008 ], [ 73.2180203, 22.2531499 ], [ 73.2180117, 22.2529513 ], [ 73.2182091, 22.2527368 ], [ 73.2186297, 22.2526653 ], [ 73.2189644, 22.2525859 ], [ 73.2190931, 22.252427 ], [ 73.2191361, 22.2522761 ], [ 73.2189644, 22.2521887 ], [ 73.2186039, 22.2519981 ], [ 73.2184837, 22.251871 ], [ 73.2184494, 22.2516644 ], [ 73.2180718, 22.2515532 ], [ 73.2182005, 22.2511878 ], [ 73.2180374, 22.2507906 ], [ 73.2174023, 22.2496784 ], [ 73.217059, 22.2492097 ], [ 73.2167757, 22.2487331 ], [ 73.2168015, 22.248463 ], [ 73.2168615, 22.2483279 ], [ 73.21681, 22.2479864 ], [ 73.216647, 22.2476765 ], [ 73.2165955, 22.2473826 ], [ 73.2165228, 22.2470121 ], [ 73.2165443, 22.2467692 ] ] } },
{ "type": "Feature", "properties": { "element": "way", "id": 647401805, "waterway": null }, "geometry": { "type": "Polygon", "coordinates": [ [ [ 73.1425939, 22.3907071 ], [ 73.1432295, 22.3906982 ], [ 73.1435968, 22.3901637 ], [ 73.1435471, 22.3899323 ], [ 73.1434978, 22.389703 ], [ 73.1431209, 22.3897975 ], [ 73.1417187, 22.3894756 ], [ 73.1414919, 22.389576 ], [ 73.1414855, 22.3897739 ], [ 73.1417857, 22.3901194 ], [ 73.1425843, 22.3900692 ], [ 73.1425939, 22.3907071 ] ] ] } },
{ "type": "Feature", "properties": { "element": "way", "id": 647401814, "waterway": "stream" }, "geometry": { "type": "LineString", "coordinates": [ [ 73.1435471, 22.3899323 ], [ 73.1439596, 22.3897847 ], [ 73.1443932, 22.3890617 ], [ 73.1444197, 22.3883499 ], [ 73.1443843, 22.3878201 ], [ 73.144318, 22.3876176 ], [ 73.144026, 22.387272 ] ] } },
{ "type": "Feature", "properties": { "element": "way", "id": 647401815, "waterway": null }, "geometry": { "type": "Polygon", "coordinates": [ [ [ 73.1435703, 22.3873763 ], [ 73.144026, 22.387272 ], [ 73.1442273, 22.3867606 ], [ 73.1436322, 22.3863045 ], [ 73.14315, 22.3863147 ], [ 73.1429929, 22.3862411 ], [ 73.1425372, 22.3857706 ], [ 73.1423271, 22.3857256 ], [ 73.1420152, 22.3866236 ], [ 73.1420439, 22.3868486 ], [ 73.1426036, 22.3871901 ], [ 73.143192, 22.3873558 ], [ 73.1435703, 22.3873763 ] ] ] } },
{ "type": "Feature", "properties": { "element": "way", "id": 719057006, "waterway": null }, "geometry": { "type": "Polygon", "coordinates": [ [ [ 73.1889523, 22.3109281 ], [ 73.1890034, 22.3109431 ], [ 73.1890642, 22.3107655 ], [ 73.1890131, 22.3107505 ], [ 73.1889523, 22.3109281 ] ] ] } },
{ "type": "Feature", "properties": { "element": "way", "id": 719461176, "waterway": null }, "geometry": { "type": "Polygon", "coordinates": [ [ [ 73.1819249, 22.2947906 ], [ 73.1820762, 22.2948627 ], [ 73.1824017, 22.2947566 ], [ 73.1825529, 22.2947185 ], [ 73.1827271, 22.2947863 ], [ 73.1829518, 22.2948287 ], [ 73.1831122, 22.294816 ], [ 73.1831993, 22.2950408 ], [ 73.1832085, 22.2952147 ], [ 73.1832635, 22.2954014 ], [ 73.1832727, 22.295571 ], [ 73.1830847, 22.2958722 ], [ 73.1829014, 22.2960588 ], [ 73.1827455, 22.2961522 ], [ 73.1824108, 22.2963261 ], [ 73.1823558, 22.2963727 ], [ 73.1823971, 22.2964236 ], [ 73.1826767, 22.2964067 ], [ 73.1828326, 22.296377 ], [ 73.1831443, 22.2960928 ], [ 73.1834377, 22.2957534 ], [ 73.1834973, 22.2954353 ], [ 73.1833919, 22.2949814 ], [ 73.1832773, 22.2947524 ], [ 73.1830985, 22.2946336 ], [ 73.1828234, 22.2945573 ], [ 73.1826309, 22.2945445 ], [ 73.1823329, 22.2946039 ], [ 73.1821403, 22.2946888 ], [ 73.1819249, 22.2947906 ] ] ] } },
{ "type": "Feature", "properties": { "element": "way", "id": 751823797, "waterway": null }, "geometry": { "type": "Polygon", "coordinates": [ [ [ 73.196212, 22.2845079 ], [ 73.1962493, 22.2845684 ], [ 73.1963567, 22.2846937 ], [ 73.1965295, 22.2847456 ], [ 73.196693, 22.2847456 ], [ 73.1969311, 22.2846548 ], [ 73.1972253, 22.2843956 ], [ 73.1973935, 22.2840715 ], [ 73.1974915, 22.2837344 ], [ 73.1974822, 22.2832807 ], [ 73.1974121, 22.2831942 ], [ 73.1971366, 22.2831424 ], [ 73.1968658, 22.2831251 ], [ 73.1967163, 22.2831856 ], [ 73.1966182, 22.2834233 ], [ 73.1966182, 22.2835486 ], [ 73.1964314, 22.2836696 ], [ 73.1963754, 22.2837301 ], [ 73.1964314, 22.2838338 ], [ 73.1964408, 22.2839159 ], [ 73.1963941, 22.2839332 ], [ 73.1964314, 22.2840326 ], [ 73.1964735, 22.2841492 ], [ 73.1964081, 22.2842486 ], [ 73.1963427, 22.2842486 ], [ 73.1963147, 22.2843264 ], [ 73.1963194, 22.2844172 ], [ 73.196324, 22.2844517 ], [ 73.196212, 22.2845079 ] ] ] } },
{ "type": "Feature", "properties": { "element": "way", "id": 752890900, "waterway": null }, "geometry": { "type": "Polygon", "coordinates": [ [ [ 73.1965282, 22.2586719 ], [ 73.1970945, 22.2586096 ], [ 73.1970733, 22.2584066 ], [ 73.1964751, 22.2584328 ], [ 73.1965282, 22.2586719 ] ] ] } },
{ "type": "Feature", "properties": { "element": "way", "id": 769443061, "waterway": "stream" }, "geometry": { "type": "LineString", "coordinates": [ [ 73.219203, 22.2818475 ], [ 73.2195159, 22.2814165 ] ] } },
{ "type": "Feature", "properties": { "element": "way", "id": 769443062, "waterway": "stream" }, "geometry": { "type": "LineString", "coordinates": [ [ 73.2195159, 22.2814165 ], [ 73.2197884, 22.2812205 ], [ 73.2199944, 22.2811014 ], [ 73.2202433, 22.2808631 ], [ 73.220372, 22.2806963 ], [ 73.2205351, 22.2803786 ], [ 73.2208012, 22.2800927 ], [ 73.2213247, 22.2796479 ], [ 73.2213934, 22.2793779 ], [ 73.2214706, 22.2791952 ], [ 73.2218226, 22.2791555 ], [ 73.2220028, 22.2790125 ], [ 73.2222088, 22.278806 ], [ 73.2224749, 22.2783692 ], [ 73.2225761, 22.2782443 ], [ 73.2225546, 22.2781686 ], [ 73.222348, 22.2780349 ] ] } },
{ "type": "Feature", "properties": { "element": "way", "id": 842245856, "waterway": null }, "geometry": { "type": "Polygon", "coordinates": [ [ [ 73.1142273, 22.3503272 ], [ 73.114236, 22.3499896 ], [ 73.1147304, 22.3499018 ], [ 73.1147649, 22.3503645 ], [ 73.1142273, 22.3503272 ] ] ] } },
{ "type": "Feature", "properties": { "element": "way", "id": 856494126, "waterway": null }, "geometry": { "type": "Polygon", "coordinates": [ [ [ 73.1187291, 22.3224282 ], [ 73.1184349, 22.3222813 ], [ 73.1184116, 22.3218752 ], [ 73.1184303, 22.3216333 ], [ 73.118491, 22.3214216 ], [ 73.1185237, 22.321305 ], [ 73.1187758, 22.3212272 ], [ 73.1189113, 22.3212142 ], [ 73.119056, 22.3212315 ], [ 73.1191214, 22.3212877 ], [ 73.1191588, 22.3214389 ], [ 73.1191634, 22.3216419 ], [ 73.1190841, 22.3218277 ], [ 73.1189486, 22.3219227 ], [ 73.1188506, 22.3222943 ], [ 73.1187291, 22.3224282 ] ] ] } },
{ "type": "Feature", "properties": { "element": "way", "id": 914878437, "waterway": "river" }, "geometry": { "type": "LineString", "coordinates": [ [ 73.2133858, 22.3921311 ], [ 73.2133198, 22.3920853 ] ] } },
{ "type": "Feature", "properties": { "element": "way", "id": 914878438, "waterway": "river" }, "geometry": { "type": "LineString", "coordinates": [ [ 73.2133198, 22.3920853 ], [ 73.2128102, 22.3915398 ], [ 73.212601, 22.3910438 ], [ 73.211791, 22.3907362 ], [ 73.211453, 22.3904833 ], [ 73.2113886, 22.3899774 ], [ 73.2114208, 22.3894665 ], [ 73.2110238, 22.3891788 ], [ 73.2109756, 22.3886133 ], [ 73.2107073, 22.3873138 ], [ 73.2103748, 22.3869964 ], [ 73.20979, 22.3871253 ], [ 73.2093877, 22.3874576 ], [ 73.209039, 22.3874824 ], [ 73.2085455, 22.3872989 ], [ 73.2083738, 22.3866194 ], [ 73.2081217, 22.3862821 ], [ 73.2078696, 22.3858853 ], [ 73.2079393, 22.3853248 ], [ 73.2082343, 22.3852107 ], [ 73.2087225, 22.385419 ], [ 73.2090658, 22.3852057 ], [ 73.2091463, 22.3848734 ], [ 73.2091141, 22.3844716 ], [ 73.2087708, 22.3839508 ], [ 73.2083631, 22.3837723 ], [ 73.2079607, 22.3837028 ], [ 73.2078159, 22.3834498 ], [ 73.2078588, 22.3831721 ], [ 73.207773, 22.3828497 ], [ 73.207596, 22.3827901 ], [ 73.2071024, 22.3826661 ], [ 73.2066679, 22.3827405 ], [ 73.2063407, 22.3825322 ], [ 73.20633, 22.3822643 ], [ 73.2062388, 22.3820064 ], [ 73.2060939, 22.3816344 ], [ 73.2064051, 22.3814509 ], [ 73.2070595, 22.3814608 ], [ 73.207655, 22.3812822 ], [ 73.2072365, 22.3807415 ], [ 73.207081, 22.3799479 ], [ 73.2070434, 22.3791046 ], [ 73.2073385, 22.3787772 ], [ 73.2077301, 22.378559 ], [ 73.207714, 22.378301 ], [ 73.2070702, 22.378048 ], [ 73.2067645, 22.3778347 ], [ 73.206861, 22.377681 ], [ 73.2076764, 22.377552 ], [ 73.2082665, 22.3773486 ], [ 73.2089317, 22.3769815 ], [ 73.2093448, 22.376545 ], [ 73.2093877, 22.3762176 ], [ 73.2089693, 22.3758505 ], [ 73.2079983, 22.376044 ], [ 73.2074243, 22.3763168 ], [ 73.2069683, 22.3766889 ], [ 73.2067913, 22.376679 ], [ 73.2066626, 22.3760291 ], [ 73.2064212, 22.3751759 ], [ 73.2068771, 22.374908 ], [ 73.2075745, 22.37529 ], [ 73.2079446, 22.3755033 ], [ 73.2084221, 22.375419 ], [ 73.2086313, 22.3751214 ], [ 73.2084596, 22.3745955 ], [ 73.2081753, 22.3744368 ], [ 73.2073546, 22.373281 ], [ 73.2073599, 22.3729635 ], [ 73.2077623, 22.3727502 ], [ 73.2081109, 22.3726609 ], [ 73.2083362, 22.3724178 ], [ 73.2083845, 22.3721698 ], [ 73.20817, 22.3720755 ], [ 73.2077944, 22.3721351 ], [ 73.2071614, 22.3724029 ], [ 73.2068181, 22.3725418 ], [ 73.2066035, 22.3724526 ], [ 73.2065499, 22.3722144 ], [ 73.2075262, 22.3713364 ], [ 73.2083899, 22.3711826 ], [ 73.2088834, 22.3705477 ], [ 73.2088405, 22.3702897 ], [ 73.2085133, 22.370002 ], [ 73.2082397, 22.36962 ], [ 73.2082504, 22.3692777 ], [ 73.2084274, 22.3689701 ], [ 73.2088512, 22.3680871 ], [ 73.2096023, 22.3682905 ], [ 73.209908, 22.368226 ], [ 73.2102513, 22.3679532 ], [ 73.2099885, 22.3677101 ], [ 73.2094038, 22.3673182 ], [ 73.2093769, 22.3670354 ], [ 73.2096398, 22.3667824 ], [ 73.2102674, 22.3668221 ], [ 73.2105464, 22.3666038 ], [ 73.2103372, 22.3661226 ], [ 73.2102782, 22.3656563 ], [ 73.2104498, 22.3652743 ], [ 73.2105357, 22.364932 ], [ 73.2102782, 22.3646691 ], [ 73.2098812, 22.3643367 ], [ 73.2098329, 22.3640043 ], [ 73.210364, 22.3637513 ], [ 73.2112116, 22.3635529 ], [ 73.2113671, 22.363409 ], [ 73.2113564, 22.3632255 ], [ 73.2110131, 22.3631709 ], [ 73.2105518, 22.3630568 ], [ 73.2095969, 22.3625855 ], [ 73.2094628, 22.3623375 ], [ 73.2096774, 22.3621192 ], [ 73.210305, 22.3621043 ], [ 73.2109863, 22.3620944 ], [ 73.2114101, 22.3617917 ], [ 73.2116139, 22.3616727 ], [ 73.2118285, 22.3619058 ], [ 73.2120967, 22.3623796 ], [ 73.2122898, 22.3626847 ], [ 73.2129979, 22.362898 ], [ 73.2132554, 22.3624193 ], [ 73.2133037, 22.3622333 ], [ 73.2130999, 22.3618414 ], [ 73.2127029, 22.361633 ], [ 73.2122952, 22.3615338 ], [ 73.2120431, 22.3613204 ], [ 73.212086, 22.3610823 ], [ 73.2123274, 22.3608938 ], [ 73.212837, 22.3607102 ], [ 73.2136417, 22.3608343 ], [ 73.2149667, 22.3613006 ], [ 73.215251, 22.3612659 ], [ 73.2153154, 22.3609781 ], [ 73.2152081, 22.3605713 ], [ 73.2150686, 22.3600405 ], [ 73.2148004, 22.3597031 ], [ 73.2146555, 22.3594749 ], [ 73.2146287, 22.3592467 ], [ 73.2147467, 22.359088 ], [ 73.2150203, 22.3589937 ], [ 73.2152671, 22.3590681 ], [ 73.215428, 22.3590334 ], [ 73.2155192, 22.3588399 ], [ 73.2154119, 22.3586464 ], [ 73.215074, 22.3583934 ], [ 73.2145965, 22.3581454 ], [ 73.2141859, 22.3578017 ] ] } },
{ "type": "Feature", "properties": { "element": "way", "id": 923617336, "waterway": "river" }, "geometry": { "type": "LineString", "coordinates": [ [ 73.2217075, 22.2682046 ], [ 73.221693, 22.2680168 ] ] } },
{ "type": "Feature", "properties": { "element": "way", "id": 923617337, "waterway": "river" }, "geometry": { "type": "LineString", "coordinates": [ [ 73.221693, 22.2680168 ], [ 73.2216681, 22.2676943 ], [ 73.2217453, 22.2661692 ], [ 73.2220844, 22.2656361 ] ] } },
{ "type": "Feature", "properties": { "element": "way", "id": 930108462, "waterway": null }, "geometry": { "type": "Polygon", "coordinates": [ [ [ 73.1696051, 22.4223129 ], [ 73.1695408, 22.4221567 ], [ 73.1695408, 22.4219409 ], [ 73.1694871, 22.4217327 ], [ 73.1694522, 22.4214451 ], [ 73.1694576, 22.42115 ], [ 73.1695461, 22.4210533 ], [ 73.1696776, 22.4209219 ], [ 73.1698868, 22.420788 ], [ 73.1700531, 22.4207582 ], [ 73.1702757, 22.4208004 ], [ 73.1704393, 22.4209417 ], [ 73.170568, 22.4210409 ], [ 73.1706324, 22.4210583 ], [ 73.1707048, 22.4210632 ], [ 73.1707853, 22.4210855 ], [ 73.1708524, 22.4211748 ], [ 73.1708899, 22.4213533 ], [ 73.1708926, 22.4216707 ], [ 73.1709328, 22.4217922 ], [ 73.1709972, 22.4219013 ], [ 73.1710803, 22.4219608 ], [ 73.1711528, 22.4220178 ], [ 73.1711876, 22.422112 ], [ 73.1711769, 22.4222633 ], [ 73.1710857, 22.4223972 ], [ 73.1709516, 22.4224815 ], [ 73.1707853, 22.4225459 ], [ 73.1703722, 22.4226575 ], [ 73.1698975, 22.4228261 ], [ 73.1698117, 22.4228658 ], [ 73.1697661, 22.4228682 ], [ 73.1697097, 22.4228645 ], [ 73.1696735, 22.4228484 ], [ 73.1696507, 22.4227976 ], [ 73.1696534, 22.42266 ], [ 73.1696293, 22.4224158 ], [ 73.1696051, 22.4223129 ] ] ] } },
{ "type": "Feature", "properties": { "element": "way", "id": 931248591, "waterway": "drain" }, "geometry": { "type": "LineString", "coordinates": [ [ 73.178846, 22.3496641 ], [ 73.1786419, 22.3500064 ], [ 73.178463, 22.3503745 ], [ 73.1782572, 22.3508473 ] ] } },
{ "type": "Feature", "properties": { "element": "way", "id": 931248592, "waterway": "drain" }, "geometry": { "type": "LineString", "coordinates": [ [ 73.1782572, 22.3508473 ], [ 73.1779628, 22.3516933 ], [ 73.1778516, 22.352373 ], [ 73.1778497, 22.3530609 ], [ 73.1778375, 22.3535077 ] ] } },
{ "type": "Feature", "properties": { "element": "way", "id": 933848394, "waterway": "drain" }, "geometry": { "type": "LineString", "coordinates": [ [ 73.1798119, 22.3464908 ], [ 73.179748, 22.3466491 ], [ 73.1796703, 22.3469959 ], [ 73.1794986, 22.3478453 ], [ 73.178846, 22.3496641 ] ] } },
{ "type": "Feature", "properties": { "element": "way", "id": 933848395, "waterway": "drain" }, "geometry": { "type": "LineString", "coordinates": [ [ 73.179799, 22.3452494 ], [ 73.1798119, 22.3464908 ] ] } },
{ "type": "Feature", "properties": { "element": "way", "id": 935769706, "waterway": "river" }, "geometry": { "type": "LineString", "coordinates": [ [ 73.2221544, 22.277609 ], [ 73.2220718, 22.2773458 ], [ 73.2220623, 22.2770771 ], [ 73.2218483, 22.276598 ], [ 73.2218054, 22.2763915 ], [ 73.2218912, 22.2760738 ], [ 73.2219341, 22.2757641 ], [ 73.2218912, 22.2754861 ], [ 73.2217711, 22.2752558 ], [ 73.2215822, 22.2748586 ], [ 73.2216423, 22.2742947 ], [ 73.2215994, 22.2740405 ], [ 73.2217024, 22.2738817 ], [ 73.2218397, 22.2734925 ], [ 73.2218397, 22.2732066 ], [ 73.221977, 22.2726744 ], [ 73.2223461, 22.2717292 ], [ 73.2223805, 22.2713956 ], [ 73.2222775, 22.2711653 ], [ 73.222183, 22.2709429 ], [ 73.2221401, 22.2705696 ], [ 73.2219256, 22.2700215 ], [ 73.2217796, 22.2693067 ], [ 73.2217196, 22.2692034 ], [ 73.2218569, 22.2689572 ], [ 73.2217453, 22.2686951 ], [ 73.2217075, 22.2682046 ] ] } },
{ "type": "Feature", "properties": { "element": "way", "id": 935769707, "waterway": "stream" }, "geometry": { "type": "LineString", "coordinates": [ [ 73.222348, 22.2780349 ], [ 73.2221544, 22.277609 ] ] } },
{ "type": "Feature", "properties": { "element": "way", "id": 944620962, "waterway": null }, "geometry": { "type": "Polygon", "coordinates": [ [ [ 73.2615995, 22.2537015 ], [ 73.2615459, 22.2538107 ], [ 73.2614976, 22.2538455 ], [ 73.2614413, 22.2538554 ], [ 73.261326, 22.2538628 ], [ 73.261039, 22.2538157 ], [ 73.2608244, 22.2538678 ], [ 73.2608002, 22.2538206 ], [ 73.2608405, 22.2536196 ], [ 73.2609344, 22.2534905 ], [ 73.2611516, 22.2534706 ], [ 73.2613152, 22.2534234 ], [ 73.2614922, 22.2534359 ], [ 73.26157, 22.2535128 ], [ 73.2615888, 22.25356 ], [ 73.2615995, 22.2537015 ] ] ] } },
{ "type": "Feature", "properties": { "element": "way", "id": 944620963, "waterway": null }, "geometry": { "type": "Polygon", "coordinates": [ [ [ 73.2576835, 22.2597485 ], [ 73.2579571, 22.2597436 ], [ 73.2585955, 22.2595897 ], [ 73.2586867, 22.2595251 ], [ 73.25881, 22.2590088 ], [ 73.2587349, 22.258701 ], [ 73.258751, 22.2585024 ], [ 73.2585901, 22.2582244 ], [ 73.2582843, 22.2581102 ], [ 73.2579356, 22.2581251 ], [ 73.2575065, 22.2579762 ], [ 73.2572919, 22.2580506 ], [ 73.2572544, 22.2581549 ], [ 73.2573992, 22.2586613 ], [ 73.2573616, 22.2588698 ], [ 73.2573831, 22.2590833 ], [ 73.2575923, 22.2596691 ], [ 73.2576835, 22.2597485 ] ] ] } },
{ "type": "Feature", "properties": { "element": "way", "id": 981223415, "waterway": "river" }, "geometry": { "type": "LineString", "coordinates": [ [ 73.2730888, 22.282069 ], [ 73.2731894, 22.2820517 ], [ 73.2732913, 22.2820951 ], [ 73.2733852, 22.2820814 ], [ 73.2734415, 22.282033 ], [ 73.2734187, 22.2819499 ], [ 73.2732645, 22.2818854 ], [ 73.2730257, 22.2817563 ], [ 73.2728916, 22.281724 ], [ 73.2727079, 22.2817973 ], [ 73.2725738, 22.2817836 ], [ 73.2724088, 22.2816769 ], [ 73.2723834, 22.2815888 ], [ 73.2724236, 22.2815503 ], [ 73.2727092, 22.2811979 ], [ 73.2729292, 22.2810874 ], [ 73.2730392, 22.2808157 ], [ 73.2729211, 22.2807821 ], [ 73.272724, 22.2807424 ], [ 73.2724303, 22.2807809 ], [ 73.2723606, 22.2809422 ], [ 73.2723002, 22.2809857 ], [ 73.2721245, 22.2809819 ], [ 73.2719207, 22.2808454 ], [ 73.2715733, 22.2806729 ], [ 73.2713293, 22.2804471 ], [ 73.2712367, 22.280189 ], [ 73.2712099, 22.2798837 ], [ 73.2713695, 22.2796144 ], [ 73.2715009, 22.2795784 ], [ 73.2719167, 22.2797397 ], [ 73.2722305, 22.2796665 ], [ 73.2723404, 22.2795548 ], [ 73.2722801, 22.2793985 ], [ 73.272154, 22.2792557 ], [ 73.2719636, 22.2791515 ], [ 73.2717074, 22.2792073 ], [ 73.2714432, 22.2791962 ], [ 73.2713521, 22.2790348 ] ] } },
{ "type": "Feature", "properties": { "element": "way", "id": 981223416, "waterway": "stream" }, "geometry": { "type": "LineString", "coordinates": [ [ 73.2779892, 22.2953554 ], [ 73.2773106, 22.2933167 ], [ 73.2771376, 22.2932571 ], [ 73.2768761, 22.2932013 ], [ 73.2769954, 22.2926975 ], [ 73.2768479, 22.2922632 ], [ 73.2768238, 22.2917519 ], [ 73.2764161, 22.2910397 ], [ 73.2764965, 22.2903125 ], [ 73.2765555, 22.2897888 ], [ 73.2764268, 22.2894166 ], [ 73.2759789, 22.2890741 ], [ 73.2758756, 22.2887328 ], [ 73.2757576, 22.2885802 ], [ 73.275712, 22.2881037 ], [ 73.275539, 22.2876371 ], [ 73.2751662, 22.2872276 ], [ 73.2746646, 22.2866096 ], [ 73.2743159, 22.2864533 ], [ 73.2735461, 22.2859569 ], [ 73.2733771, 22.2859743 ], [ 73.2731813, 22.2860289 ], [ 73.2724678, 22.2860016 ], [ 73.2722077, 22.2859594 ], [ 73.2719542, 22.2857646 ], [ 73.2717369, 22.2857261 ], [ 73.2712904, 22.2855834 ], [ 73.2712153, 22.2854729 ] ] } },
{ "type": "Feature", "properties": { "element": "way", "id": 981223417, "waterway": "stream" }, "geometry": { "type": "LineString", "coordinates": [ [ 73.2786235, 22.2977899 ], [ 73.2786182, 22.2977043 ], [ 73.2785659, 22.2975963 ], [ 73.2785591, 22.2972936 ], [ 73.2785283, 22.2970764 ], [ 73.2790124, 22.2970814 ], [ 73.2790151, 22.2969809 ] ] } },
{ "type": "Feature", "properties": { "element": "way", "id": 981223418, "waterway": "stream" }, "geometry": { "type": "LineString", "coordinates": [ [ 73.2791734, 22.2997417 ], [ 73.279109, 22.2996387 ], [ 73.2791117, 22.2995605 ], [ 73.279219, 22.2994786 ], [ 73.2794859, 22.2993856 ], [ 73.2797125, 22.299331 ], [ 73.2797058, 22.2992317 ], [ 73.2795529, 22.2988185 ] ] } },
{ "type": "Feature", "properties": { "element": "way", "id": 984758337, "waterway": "drain" }, "geometry": { "type": "LineString", "coordinates": [ [ 73.2416969, 22.263727 ], [ 73.2411061, 22.2630636 ], [ 73.2409506, 22.2629544 ], [ 73.2384735, 22.2612628 ] ] } },
{ "type": "Feature", "properties": { "element": "way", "id": 984758338, "waterway": "drain" }, "geometry": { "type": "LineString", "coordinates": [ [ 73.2418473, 22.2638894 ], [ 73.2416969, 22.263727 ] ] } },
{ "type": "Feature", "properties": { "element": "way", "id": 984765068, "waterway": null }, "geometry": { "type": "Polygon", "coordinates": [ [ [ 73.2679483, 22.2411547 ], [ 73.2676023, 22.2407501 ], [ 73.2673287, 22.2405862 ], [ 73.2668728, 22.2403702 ], [ 73.2665965, 22.2401939 ], [ 73.2664141, 22.2399655 ], [ 73.2664436, 22.2397744 ], [ 73.2666206, 22.239253 ], [ 73.2667467, 22.2390147 ], [ 73.2667199, 22.2388334 ], [ 73.2666716, 22.2386721 ], [ 73.2666635, 22.2385206 ], [ 73.2667091, 22.238327 ], [ 73.2668352, 22.2382078 ], [ 73.2670417, 22.2382301 ], [ 73.2673261, 22.2383568 ], [ 73.2675594, 22.2385008 ], [ 73.2677874, 22.2385901 ], [ 73.268128, 22.2387019 ], [ 73.2685089, 22.2387739 ], [ 73.2688442, 22.2388061 ], [ 73.2690963, 22.2388359 ], [ 73.2694584, 22.2389452 ], [ 73.2696864, 22.2391264 ], [ 73.2697588, 22.2392878 ], [ 73.2697669, 22.2393945 ], [ 73.2696649, 22.2396353 ], [ 73.2696408, 22.2398017 ], [ 73.2696167, 22.2399208 ], [ 73.2695281, 22.2400797 ], [ 73.2693833, 22.2401815 ], [ 73.2690829, 22.2404397 ], [ 73.2688576, 22.240611 ], [ 73.2685143, 22.2408593 ], [ 73.2682729, 22.2410629 ], [ 73.2681736, 22.2411522 ], [ 73.268069, 22.2412565 ], [ 73.2680073, 22.2412615 ], [ 73.2679483, 22.2411547 ] ] ] } },
{ "type": "Feature", "properties": { "element": "way", "id": 984941520, "waterway": "canal" }, "geometry": { "type": "LineString", "coordinates": [ [ 73.0940714, 22.2398793 ], [ 73.0942348, 22.2382309 ], [ 73.094209, 22.2370823 ], [ 73.0938729, 22.2361491 ], [ 73.0927225, 22.2342946 ], [ 73.0912231, 22.2317102 ], [ 73.0907319, 22.2312914 ], [ 73.085833, 22.2277018 ], [ 73.0850446, 22.2271634 ], [ 73.0841656, 22.2269361 ], [ 73.0785299, 22.226972 ], [ 73.0779245, 22.2269533 ], [ 73.0773795, 22.2268643 ], [ 73.0770609, 22.2267323 ], [ 73.0760094, 22.2260745 ], [ 73.0725911, 22.2238897 ], [ 73.065436, 22.2194695 ], [ 73.0635361, 22.2182388 ], [ 73.0566212, 22.214236 ], [ 73.0444574, 22.2069525 ], [ 73.0419695, 22.205482 ], [ 73.0407262, 22.2047213 ], [ 73.0398479, 22.203992 ], [ 73.0378638, 22.202311 ], [ 73.0343106, 22.1992215 ], [ 73.0314023, 22.1979769 ], [ 73.0278432, 22.1961721 ] ] } },
{ "type": "Feature", "properties": { "element": "way", "id": 1011173906, "waterway": null }, "geometry": { "type": "Polygon", "coordinates": [ [ [ 73.220503, 22.2958442 ], [ 73.221195, 22.2958144 ], [ 73.2214954, 22.2961371 ], [ 73.2213559, 22.296281 ], [ 73.2212969, 22.2963952 ], [ 73.2213827, 22.2965341 ], [ 73.2212325, 22.2965341 ], [ 73.2209321, 22.2965391 ], [ 73.2207873, 22.296549 ], [ 73.2207927, 22.2966731 ], [ 73.2207875, 22.2967657 ], [ 73.2205309, 22.2967286 ], [ 73.220503, 22.2958442 ] ] ] } },
{ "type": "Feature", "properties": { "element": "way", "id": 1154574891, "waterway": null }, "geometry": { "type": "Polygon", "coordinates": [ [ [ 73.2423818, 22.3053842 ], [ 73.2423433, 22.3053522 ], [ 73.2423317, 22.3052987 ], [ 73.2421931, 22.3052774 ], [ 73.2420622, 22.3052311 ], [ 73.2419313, 22.3050957 ], [ 73.2418889, 22.3050066 ], [ 73.2418774, 22.3048784 ], [ 73.2417657, 22.3048463 ], [ 73.2417349, 22.3047252 ], [ 73.2416271, 22.3046005 ], [ 73.2414577, 22.3044794 ], [ 73.2413499, 22.3044367 ], [ 73.2413268, 22.3043369 ], [ 73.2413576, 22.3041303 ], [ 73.2415039, 22.3039949 ], [ 73.2418312, 22.3038988 ], [ 73.2419274, 22.3036708 ], [ 73.2421392, 22.3034143 ], [ 73.242274, 22.3032932 ], [ 73.2424588, 22.3033858 ], [ 73.2424087, 22.3035639 ], [ 73.2424126, 22.3037278 ], [ 73.2425666, 22.3038667 ], [ 73.2427437, 22.3038489 ], [ 73.2430055, 22.3039059 ], [ 73.243175, 22.3038703 ], [ 73.2433136, 22.3039308 ], [ 73.2433482, 22.3040448 ], [ 73.2432943, 22.3041303 ], [ 73.2432096, 22.3041446 ], [ 73.2430479, 22.3041624 ], [ 73.2429632, 22.3042051 ], [ 73.2428361, 22.3043227 ], [ 73.2428785, 22.304426 ], [ 73.2429093, 22.3044865 ], [ 73.2428169, 22.3049069 ], [ 73.2423818, 22.3053842 ] ] ] } },
{ "type": "Feature", "properties": { "element": "way", "id": 1180990754, "waterway": null }, "geometry": { "type": "Polygon", "coordinates": [ [ [ 73.2192065, 22.3399907 ], [ 73.2191533, 22.3399415 ], [ 73.2191031, 22.33967 ], [ 73.2190911, 22.3396049 ], [ 73.2190734, 22.3394161 ], [ 73.2184433, 22.3386855 ], [ 73.2183634, 22.3386445 ], [ 73.2179767, 22.3386696 ], [ 73.2178575, 22.3386773 ], [ 73.2177776, 22.3385706 ], [ 73.2177244, 22.3384229 ], [ 73.2178043, 22.3384393 ], [ 73.2177512, 22.3382122 ], [ 73.2177333, 22.3381355 ], [ 73.217743, 22.3380486 ], [ 73.2177599, 22.3378975 ], [ 73.2185853, 22.3378729 ], [ 73.2189669, 22.3376512 ], [ 73.2191621, 22.3376676 ], [ 73.2197407, 22.3373648 ], [ 73.2198366, 22.3373146 ], [ 73.2207241, 22.3371176 ], [ 73.2209906, 22.3370293 ], [ 73.2213187, 22.3369206 ], [ 73.2214546, 22.336908 ], [ 73.2216417, 22.3368655 ], [ 73.2217036, 22.3368655 ], [ 73.2217902, 22.3368656 ], [ 73.2219222, 22.3369042 ], [ 73.2220731, 22.3369452 ], [ 73.2225435, 22.3372736 ], [ 73.222919, 22.3374247 ], [ 73.2231825, 22.3375308 ], [ 73.223502, 22.3376594 ], [ 73.2237416, 22.3377497 ], [ 73.2242741, 22.338037 ], [ 73.2246468, 22.3384639 ], [ 73.2235552, 22.3383326 ], [ 73.2235641, 22.3382176 ], [ 73.2234842, 22.3381273 ], [ 73.2230227, 22.3379549 ], [ 73.2224725, 22.3379057 ], [ 73.2222861, 22.3379632 ], [ 73.2220731, 22.3380288 ], [ 73.2219932, 22.3379878 ], [ 73.2217625, 22.3377826 ], [ 73.2205644, 22.3377826 ], [ 73.2204579, 22.33784 ], [ 73.220421, 22.339014 ], [ 73.2203691, 22.3391452 ], [ 73.2203336, 22.33949 ], [ 73.2201916, 22.3397116 ], [ 73.2195704, 22.3399907 ], [ 73.2192065, 22.3399907 ] ] ] } },
{ "type": "Feature", "properties": { "element": "way", "id": 1201431206, "waterway": null }, "geometry": { "type": "Polygon", "coordinates": [ [ [ 73.227674, 22.3198623 ], [ 73.2280061, 22.3202195 ], [ 73.2280782, 22.3203664 ], [ 73.2283056, 22.3207436 ], [ 73.2285726, 22.3208638 ], [ 73.228901, 22.3211409 ], [ 73.2289443, 22.3213044 ], [ 73.2288433, 22.3215715 ], [ 73.2285293, 22.3217952 ], [ 73.2280927, 22.321892 ], [ 73.2279555, 22.3218386 ], [ 73.2278906, 22.3216883 ], [ 73.2279086, 22.3213011 ], [ 73.2276704, 22.321004 ], [ 73.2273384, 22.3205233 ], [ 73.2273312, 22.3202862 ], [ 73.2275261, 22.319899 ], [ 73.227674, 22.3198623 ] ] ] } },
{ "type": "Feature", "properties": { "element": "way", "id": 1458652719, "waterway": null }, "geometry": { "type": "Polygon", "coordinates": [ [ [ 73.1901293, 22.3403382 ], [ 73.1902693, 22.340326 ], [ 73.1902537, 22.3401482 ], [ 73.1901116, 22.3401639 ], [ 73.1901293, 22.3403382 ] ] ] } },
{ "type": "Feature", "properties": { "element": "way", "id": 1462751041, "waterway": null }, "geometry": { "type": "Polygon", "coordinates": [ [ [ 73.2208049, 22.3381809 ], [ 73.220825, 22.3382535 ], [ 73.2208637, 22.3383127 ], [ 73.2209159, 22.3383509 ], [ 73.2210129, 22.33837 ], [ 73.2211428, 22.33838 ], [ 73.2211934, 22.3383762 ], [ 73.2212574, 22.3383391 ], [ 73.2212946, 22.3382715 ], [ 73.2212993, 22.3382133 ], [ 73.2212845, 22.3381269 ], [ 73.2212576, 22.3380518 ], [ 73.2212115, 22.3379921 ], [ 73.2211132, 22.3379499 ], [ 73.2209618, 22.3379358 ], [ 73.2208995, 22.3379675 ], [ 73.2208629, 22.3380167 ], [ 73.220831, 22.3380912 ], [ 73.2208049, 22.3381809 ] ] ] } },
{ "type": "Feature", "properties": { "element": "way", "id": 1462751042, "waterway": null }, "geometry": { "type": "Polygon", "coordinates": [ [ [ 73.2225538, 22.3380851 ], [ 73.2225406, 22.338162 ], [ 73.2225494, 22.338204 ], [ 73.2225896, 22.3382437 ], [ 73.2226439, 22.3382857 ], [ 73.2226939, 22.3382949 ], [ 73.222743, 22.3382864 ], [ 73.2227833, 22.3382677 ], [ 73.2228987, 22.3382008 ], [ 73.2229266, 22.3381571 ], [ 73.2229216, 22.3381024 ], [ 73.2228724, 22.3380592 ], [ 73.2227566, 22.3380304 ], [ 73.2226504, 22.3380293 ], [ 73.2225693, 22.3380472 ], [ 73.2225538, 22.3380851 ] ] ] } },
{ "type": "Feature", "properties": { "element": "way", "id": 1466683817, "waterway": null }, "geometry": { "type": "Polygon", "coordinates": [ [ [ 73.2522947, 22.256192 ], [ 73.2527144, 22.2564246 ], [ 73.2529107, 22.2565105 ], [ 73.2530053, 22.2566142 ], [ 73.2530264, 22.2567437 ], [ 73.2530216, 22.2568895 ], [ 73.2530075, 22.2570017 ], [ 73.2531199, 22.2570347 ], [ 73.2533648, 22.2570914 ], [ 73.2535283, 22.2571176 ], [ 73.2535028, 22.2568947 ], [ 73.2535711, 22.2567074 ], [ 73.2536326, 22.2565527 ], [ 73.2536442, 22.2564319 ], [ 73.2536956, 22.2563194 ], [ 73.2537731, 22.2562538 ], [ 73.2538714, 22.2561097 ], [ 73.2539719, 22.2559959 ], [ 73.2539478, 22.2559226 ], [ 73.2538633, 22.2558563 ], [ 73.2535927, 22.2557445 ], [ 73.2534779, 22.2557371 ], [ 73.2533496, 22.2557184 ], [ 73.2533131, 22.255585 ], [ 73.2532559, 22.2555242 ], [ 73.2531502, 22.2554774 ], [ 73.2529894, 22.2554362 ], [ 73.2528762, 22.2554456 ], [ 73.2525985, 22.2556197 ], [ 73.2524135, 22.2557768 ], [ 73.2523247, 22.2560474 ], [ 73.2522947, 22.256192 ] ] ] } },
{ "type": "Feature", "properties": { "element": "way", "id": 1466683818, "waterway": null }, "geometry": { "type": "Polygon", "coordinates": [ [ [ 73.2521522, 22.2562593 ], [ 73.2523879, 22.256371 ], [ 73.2525415, 22.2564655 ], [ 73.2526894, 22.2565878 ], [ 73.2527778, 22.2567463 ], [ 73.2528041, 22.2569226 ], [ 73.2527479, 22.2570911 ], [ 73.2526815, 22.2571919 ], [ 73.2526385, 22.2573511 ], [ 73.2525865, 22.257535 ], [ 73.2525639, 22.2576196 ], [ 73.2525417, 22.2576864 ], [ 73.252504, 22.2576319 ], [ 73.2524451, 22.25756 ], [ 73.2523198, 22.2575097 ], [ 73.2521717, 22.2574923 ], [ 73.2519772, 22.2574551 ], [ 73.2518836, 22.2573873 ], [ 73.2517818, 22.257277 ], [ 73.251697, 22.2572358 ], [ 73.2515906, 22.2571464 ], [ 73.251503, 22.2570191 ], [ 73.2514185, 22.2569108 ], [ 73.2514272, 22.2567185 ], [ 73.2513947, 22.2565385 ], [ 73.2515105, 22.2563763 ], [ 73.2516704, 22.2562959 ], [ 73.2518224, 22.2562808 ], [ 73.2519237, 22.2563093 ], [ 73.2521522, 22.2562593 ] ] ] } },
{ "type": "Feature", "properties": { "element": "way", "id": 1466683819, "waterway": null }, "geometry": { "type": "Polygon", "coordinates": [ [ [ 73.2496589, 22.2546405 ], [ 73.2495426, 22.2546528 ], [ 73.2494145, 22.2546712 ], [ 73.24926, 22.254705 ], [ 73.2491709, 22.254707 ], [ 73.249152, 22.2546694 ], [ 73.2491072, 22.2546401 ], [ 73.2490703, 22.2546386 ], [ 73.2490604, 22.254666 ], [ 73.2490786, 22.2547022 ], [ 73.2490823, 22.2547325 ], [ 73.2490963, 22.254765 ], [ 73.2490963, 22.2547916 ], [ 73.2490755, 22.2548215 ], [ 73.2490583, 22.2548278 ], [ 73.2490618, 22.2548553 ], [ 73.249039, 22.2548922 ], [ 73.2490089, 22.2548902 ], [ 73.2490237, 22.2549217 ], [ 73.2490012, 22.2549729 ], [ 73.2489708, 22.2549751 ], [ 73.248972, 22.2550195 ], [ 73.2489617, 22.2550493 ], [ 73.2489294, 22.2550497 ], [ 73.2488894, 22.2550712 ], [ 73.248937, 22.2551095 ], [ 73.2488975, 22.2551808 ], [ 73.2488621, 22.255178 ], [ 73.2488853, 22.2552063 ], [ 73.2488518, 22.2552439 ], [ 73.2488019, 22.2553124 ], [ 73.2487806, 22.255326 ], [ 73.248733, 22.2553055 ], [ 73.2487439, 22.2553346 ], [ 73.2487675, 22.255355 ], [ 73.2487397, 22.2553859 ], [ 73.2487154, 22.2554002 ], [ 73.2487154, 22.255416 ], [ 73.2487452, 22.255411 ], [ 73.2487746, 22.2554282 ], [ 73.2487877, 22.2554555 ], [ 73.2488264, 22.2554859 ], [ 73.2488895, 22.2555203 ], [ 73.248955, 22.2555346 ], [ 73.2490153, 22.2555511 ], [ 73.2490605, 22.2555723 ], [ 73.2490691, 22.2555874 ], [ 73.2490686, 22.2556227 ], [ 73.2490343, 22.2556461 ], [ 73.2489829, 22.2556617 ], [ 73.2489542, 22.2556908 ], [ 73.2488934, 22.2557111 ], [ 73.2490169, 22.2557044 ], [ 73.2490799, 22.2556901 ], [ 73.2491293, 22.2556554 ], [ 73.2491658, 22.2556232 ], [ 73.2492113, 22.2556243 ], [ 73.2492422, 22.2556534 ], [ 73.2492917, 22.2556659 ], [ 73.2493282, 22.2556997 ], [ 73.2493883, 22.2557288 ], [ 73.2494231, 22.2557798 ], [ 73.2494462, 22.255811 ], [ 73.2494804, 22.2557737 ], [ 73.2495265, 22.2557681 ], [ 73.2495686, 22.2558071 ], [ 73.2496001, 22.2558503 ], [ 73.2496675, 22.2558929 ], [ 73.2496844, 22.2558705 ], [ 73.2496696, 22.2558298 ], [ 73.2496797, 22.2557841 ], [ 73.2496959, 22.2557428 ], [ 73.2497109, 22.2556744 ], [ 73.2497375, 22.2556626 ], [ 73.2497727, 22.2556781 ], [ 73.2497725, 22.2557001 ], [ 73.2497775, 22.2557329 ], [ 73.2498028, 22.2557603 ], [ 73.249842, 22.2557901 ], [ 73.2498826, 22.2558106 ], [ 73.2499111, 22.2557737 ], [ 73.249927, 22.2557419 ], [ 73.2499857, 22.2557314 ], [ 73.2500368, 22.2557216 ], [ 73.2500724, 22.2556951 ], [ 73.2500904, 22.2556378 ], [ 73.250106, 22.2555661 ], [ 73.2500935, 22.2555152 ], [ 73.2500746, 22.2554663 ], [ 73.2500736, 22.2554148 ], [ 73.2500785, 22.2553704 ], [ 73.2501039, 22.2553564 ], [ 73.2501403, 22.2553318 ], [ 73.2500836, 22.2553053 ], [ 73.2500349, 22.2552791 ], [ 73.2500129, 22.2552359 ], [ 73.2500047, 22.2551295 ], [ 73.2499704, 22.2551154 ], [ 73.2499141, 22.2550085 ], [ 73.2498741, 22.2549947 ], [ 73.2498471, 22.2549648 ], [ 73.2498447, 22.2549275 ], [ 73.2498518, 22.2548852 ], [ 73.249819, 22.2547775 ], [ 73.2497828, 22.254772 ], [ 73.2497562, 22.2547406 ], [ 73.2497633, 22.2547046 ], [ 73.2496589, 22.2546405 ] ] ] } },
{ "type": "Feature", "properties": { "element": "way", "id": 1491175179, "waterway": null }, "geometry": { "type": "Polygon", "coordinates": [ [ [ 73.245444, 22.3485696 ], [ 73.2454135, 22.348658 ], [ 73.245442, 22.3487971 ], [ 73.2454705, 22.3489363 ], [ 73.245505, 22.3490509 ], [ 73.2455967, 22.3491844 ], [ 73.2457576, 22.3492787 ], [ 73.2458595, 22.3493456 ], [ 73.2459856, 22.3493828 ], [ 73.2460902, 22.3494399 ], [ 73.2461733, 22.3494275 ], [ 73.2462458, 22.3494473 ], [ 73.2463852, 22.3494399 ], [ 73.2464706, 22.3493759 ], [ 73.246591, 22.3493836 ], [ 73.2466674, 22.3494494 ], [ 73.2468477, 22.3494576 ], [ 73.2470558, 22.3494542 ], [ 73.247235, 22.3494972 ], [ 73.2474319, 22.3495013 ], [ 73.2475706, 22.3495008 ], [ 73.2476346, 22.3493989 ], [ 73.2476719, 22.349276 ], [ 73.2476665, 22.3490657 ], [ 73.2475992, 22.3488599 ], [ 73.2474349, 22.3488073 ], [ 73.2473492, 22.3488594 ], [ 73.2472556, 22.348783 ], [ 73.2471901, 22.3486629 ], [ 73.2472244, 22.3485483 ], [ 73.2472657, 22.3484612 ], [ 73.247353, 22.3483758 ], [ 73.2474034, 22.3484105 ], [ 73.2473889, 22.3484693 ], [ 73.2473582, 22.3485222 ], [ 73.2473663, 22.3485552 ], [ 73.2473998, 22.3485952 ], [ 73.247444, 22.3486359 ], [ 73.2475352, 22.3486121 ], [ 73.2475808, 22.3485269 ], [ 73.2476188, 22.3484382 ], [ 73.2476023, 22.3483609 ], [ 73.2475614, 22.3482818 ], [ 73.2473722, 22.3481781 ], [ 73.2471885, 22.3480923 ], [ 73.2469339, 22.3480348 ], [ 73.2467664, 22.3479738 ], [ 73.2465807, 22.3478341 ], [ 73.2464583, 22.3477841 ], [ 73.2462952, 22.3477418 ], [ 73.2461305, 22.3477776 ], [ 73.2459892, 22.3479171 ], [ 73.245771, 22.348039 ], [ 73.2457191, 22.3481658 ], [ 73.2456752, 22.348271 ], [ 73.2455445, 22.348397 ], [ 73.245444, 22.3485696 ] ] ] } }
]
}
