{
"type": "FeatureCollection",
"name": "pois",
"crs": { "type": "name", "properties": { "name": "urn:ogc:def:crs:OGC:1.3:CRS84" } },
"features": [
{ "type": "Feature", "properties": { "element": "node", "id": 1236209052, "amenity": "school", "shop": null, "name": "Tapidas & Tulsidas Varajdas School" }, "geometry": { "type": "Point", "coordinates": [ 72.8123965, 21.1860732 ] } },
{ "type": "Feature", "properties": { "element": "node", "id": 1236218918, "amenity": "post_office", "shop": null, "name": null }, "geometry": { "type": "Point", "coordinates": [ 72.8122892, 21.185518 ] } },
{ "type": "Feature", "properties": { "element": "node", "id": 1236221248, "amenity": "theatre", "shop": null, "name": "Gandhi Smruti Hall" }, "geometry": { "type": "Point", "coordinates": [ 72.8140219, 21.1857981 ] } },
{ "type": "Feature", "properties": { "element": "node", "id": 1635692505, "amenity": null, "shop": null, "name": "Khaimat-ur-Riyazat" }, "geometry": { "type": "Point", "coordinates": [ 72.8378291, 21.1941452 ] } },
{ "type": "Feature", "properties": { "element": "node", "id": 1635760974, "amenity": "marketplace", "shop": null, "name": "Zampa Bajar" }, "geometry": { "type": "Point", "coordinates": [ 72.8335376, 21.1964184 ] } },
{ "type": "Feature", "properties": { "element": "node", "id": 1712825504, "amenity": null, "shop": null, "name": null }, "geometry": { "type": "Point", "coordinates": [ 72.8350312, 21.2173544 ] } },
{ "type": "Feature", "properties": { "element": "node", "id": 1712835946, "amenity": null, "shop": null, "name": "Katargam Sketing Rink" }, "geometry": { "type": "Point", "coordinates": [ 72.8383894, 21.2177245 ] } },
{ "type": "Feature", "properties": { "element": "node", "id": 2052585534, "amenity": null, "shop": "bed", "name": "Naishadh Parmar" }, "geometry": { "type": "Point", "coordinates": [ 72.7788597, 21.1539234 ] } },
{ "type": "Feature", "properties": { "element": "node", "id": 2629356573, "amenity": "restaurant", "shop": null, "name": "The Grand Bhagwati (TGB)" }, "geometry": { "type": "Point", "coordinates": [ 72.7511307, 21.1361303 ] } },
{ "type": "Feature", "properties": { "element": "node", "id": 2629357988, "amenity": "bank", "shop": null, "name": "State Bank of India" }, "geometry": { "type": "Point", "coordinates": [ 72.8190239, 21.1959467 ] } },
{ "type": "Feature", "properties": { "element": "node", "id": 2629358069, "amenity": "library", "shop": null, "name": "Library" }, "geometry": { "type": "Point", "coordinates": [ 72.8184824, 21.1970422 ] } },
{ "type": "Feature", "properties": { "element": "node", "id": 2629370012, "amenity": "school", "shop": null, "name": "Govt. School" }, "geometry": { "type": "Point", "coordinates": [ 72.8257469, 21.2084786 ] } },
{ "type": "Feature", "properties": { "element": "node", "id": 2629370034, "amenity": null, "shop": null, "name": "SMC Pumping Station" }, "geometry": { "type": "Point", "coordinates": [ 72.825629, 21.2068185 ] } },
{ "type": "Feature", "properties": { "element": "node", "id": 2629371913, "amenity": "police", "shop": null, "name": "Chowk Bazar Police Station (Furja)" }, "geometry": { "type": "Point", "coordinates": [ 72.8194544, 21.1983247 ] } },
{ "type": "Feature", "properties": { "element": "node", "id": 2629372542, "amenity": "fire_station", "shop": null, "name": "Fire Station" }, "geometry": { "type": "Point", "coordinates": [ 72.8211618, 21.1998152 ] } },
{ "type": "Feature", "properties": { "element": "node", "id": 2629374610, "amenity": null, "shop": null, "name": "Rsoft Software Solutions" }, "geometry": { "type": "Point", "coordinates": [ 72.8240297, 21.2036153 ] } },
{ "type": "Feature", "properties": { "element": "node", "id": 2630733329, "amenity": "cafe", "shop": null, "name": "Canteen" }, "geometry": { "type": "Point", "coordinates": [ 72.7860194, 21.1643768 ] } },
{ "type": "Feature", "properties": { "element": "node", "id": 2630738779, "amenity": "atm", "shop": null, "name": "State Bank of India" }, "geometry": { "type": "Point", "coordinates": [ 72.7859752, 21.1671995 ] } },
{ "type": "Feature", "properties": { "element": "node", "id": 2630742319, "amenity": "cinema", "shop": null, "name": "Rajhans Cinema" }, "geometry": { "type": "Point", "coordinates": [ 72.7742861, 21.1607262 ] } },
{ "type": "Feature", "properties": { "element": "node", "id": 2630750312, "amenity": "hospital", "shop": null, "name": "Dispensary" }, "geometry": { "type": "Point", "coordinates": [ 72.7522692, 21.1399347 ] } },
{ "type": "Feature", "properties": { "element": "node", "id": 2630752134, "amenity": "post_office", "shop": null, "name": null }, "geometry": { "type": "Point", "coordinates": [ 72.7522343, 21.1402274 ] } },
{ "type": "Feature", "properties": { "element": "node", "id": 2630752135, "amenity": "atm", "shop": null, "name": null }, "geometry": { "type": "Point", "coordinates": [ 72.7521887, 21.140285 ] } },
{ "type": "Feature", "properties": { "element": "node", "id": 2630973214, "amenity": "police", "shop": null, "name": "Piplod Police Chowki" }, "geometry": { "type": "Point", "coordinates": [ 72.7803298, 21.1648314 ] } },
{ "type": "Feature", "properties": { "element": "node", "id": 2630973228, "amenity": "post_office", "shop": null, "name": null }, "geometry": { "type": "Point", "coordinates": [ 72.78611, 21.1672401 ] } },
{ "type": "Feature", "properties": { "element": "node", "id": 2632034960, "amenity": "fast_food", "shop": null, "name": "McDonald's" }, "geometry": { "type": "Point", "coordinates": [ 72.764266, 21.155601 ] } },
{ "type": "Feature", "properties": { "element": "node", "id": 2632034970, "amenity": "restaurant", "shop": null, "name": "Domino's Pizaa" }, "geometry": { "type": "Point", "coordinates": [ 72.7690457, 21.1577547 ] } },
{ "type": "Feature", "properties": { "element": "node", "id": 2632034973, "amenity": null, "shop": "electronics", "name": "Sony Showroom" }, "geometry": { "type": "Point", "coordinates": [ 72.7714946, 21.1602711 ] } },
{ "type": "Feature", "properties": { "element": "node", "id": 2632034996, "amenity": null, "shop": "electronics", "name": "Croma" }, "geometry": { "type": "Point", "coordinates": [ 72.7728276, 21.160081 ] } },
{ "type": "Feature", "properties": { "element": "node", "id": 2632034999, "amenity": "restaurant", "shop": null, "name": "Yoko Sizzler" }, "geometry": { "type": "Point", "coordinates": [ 72.7728759, 21.1598834 ] } },
{ "type": "Feature", "properties": { "element": "node", "id": 2632035005, "amenity": "restaurant", "shop": null, "name": "Sizzling Salsa" }, "geometry": { "type": "Point", "coordinates": [ 72.77413390000001, 21.1604362 ] } },
{ "type": "Feature", "properties": { "element": "node", "id": 2632141322, "amenity": "restaurant", "shop": null, "name": "Barbeque Nation" }, "geometry": { "type": "Point", "coordinates": [ 72.7893442, 21.1712182 ] } },
{ "type": "Feature", "properties": { "element": "node", "id": 2632141386, "amenity": "restaurant", "shop": null, "name": "Wok On Fire" }, "geometry": { "type": "Point", "coordinates": [ 72.7893335, 21.1711832 ] } },
{ "type": "Feature", "properties": { "element": "node", "id": 2632141397, "amenity": "cafe", "shop": null, "name": "Cafe Coffee Day" }, "geometry": { "type": "Point", "coordinates": [ 72.789414, 21.1712682 ] } },
{ "type": "Feature", "properties": { "element": "node", "id": 2632158479, "amenity": "cinema", "shop": null, "name": "Inox Cinema" }, "geometry": { "type": "Point", "coordinates": [ 72.757276, 21.1455594 ] } },
{ "type": "Feature", "properties": { "element": "node", "id": 2632158921, "amenity": "cinema", "shop": null, "name": "PVR Cinema" }, "geometry": { "type": "Point", "coordinates": [ 72.7667711, 21.1550552 ] } },
{ "type": "Feature", "properties": { "element": "node", "id": 2632159111, "amenity": "cinema", "shop": null, "name": "Cinemax" }, "geometry": { "type": "Point", "coordinates": [ 72.7647648, 21.1542548 ] } },
{ "type": "Feature", "properties": { "element": "node", "id": 2805132405, "amenity": "cafe", "shop": null, "name": "Gokulam Dairy" }, "geometry": { "type": "Point", "coordinates": [ 72.8108678, 21.1788591 ] } },
{ "type": "Feature", "properties": { "element": "node", "id": 2805152540, "amenity": null, "shop": null, "name": "Children's Traffic Park" }, "geometry": { "type": "Point", "coordinates": [ 72.8144049, 21.1783608 ] } },
{ "type": "Feature", "properties": { "element": "node", "id": 2805154068, "amenity": "cafe", "shop": null, "name": "Cafe Coffee Day" }, "geometry": { "type": "Point", "coordinates": [ 72.809960100000012, 21.1759376 ] } },
{ "type": "Feature", "properties": { "element": "node", "id": 3205802778, "amenity": "place_of_worship", "shop": null, "name": "omkar" }, "geometry": { "type": "Point", "coordinates": [ 72.7979723, 21.2002764 ] } },
{ "type": "Feature", "properties": { "element": "node", "id": 3205803327, "amenity": "restaurant", "shop": null, "name": "adarsh" }, "geometry": { "type": "Point", "coordinates": [ 72.8015788, 21.1970691 ] } },
{ "type": "Feature", "properties": { "element": "node", "id": 3205803328, "amenity": "cafe", "shop": null, "name": "cafe coffeee" }, "geometry": { "type": "Point", "coordinates": [ 72.8012268, 21.1997395 ] } },
{ "type": "Feature", "properties": { "element": "node", "id": 3217042547, "amenity": null, "shop": null, "name": "sheetal park" }, "geometry": { "type": "Point", "coordinates": [ 72.815287900000015, 21.2409 ] } },
{ "type": "Feature", "properties": { "element": "node", "id": 3217044374, "amenity": "hospital", "shop": null, "name": "sheetal hospital" }, "geometry": { "type": "Point", "coordinates": [ 72.8150304, 21.23704 ] } },
{ "type": "Feature", "properties": { "element": "node", "id": 3217044437, "amenity": "cafe", "shop": null, "name": "dokla cafe" }, "geometry": { "type": "Point", "coordinates": [ 72.8105028, 21.2369 ] } },
{ "type": "Feature", "properties": { "element": "node", "id": 3506396312, "amenity": null, "shop": null, "name": null }, "geometry": { "type": "Point", "coordinates": [ 72.8334306, 21.2221173 ] } },
{ "type": "Feature", "properties": { "element": "node", "id": 3506408931, "amenity": null, "shop": null, "name": "Dabholi Lake" }, "geometry": { "type": "Point", "coordinates": [ 72.807409, 21.2354261 ] } },
{ "type": "Feature", "properties": { "element": "node", "id": 3506421481, "amenity": "bank", "shop": null, "name": "Axis Bank" }, "geometry": { "type": "Point", "coordinates": [ 72.8333781, 21.2202534 ] } },
{ "type": "Feature", "properties": { "element": "node", "id": 3506423868, "amenity": "bank", "shop": null, "name": "IDBI Bank ATM" }, "geometry": { "type": "Point", "coordinates": [ 72.8324162, 21.2196709 ] } },
{ "type": "Feature", "properties": { "element": "node", "id": 3652358253, "amenity": "atm", "shop": null, "name": null }, "geometry": { "type": "Point", "coordinates": [ 72.8243878, 21.1945933 ] } },
{ "type": "Feature", "properties": { "element": "node", "id": 3655463848, "amenity": "hospital", "shop": null, "name": "Smt. R. B. Shah Mahavir Super Speciality Hospital / Shri Bachubhai Dahyabhai Mehta Mahavir Heart Institute" }, "geometry": { "type": "Point", "coordinates": [ 72.8139384, 21.1841759 ] } },
{ "type": "Feature", "properties": { "element": "node", "id": 4061956254, "amenity": "fast_food", "shop": null, "name": "Rajuchacha Vadapav" }, "geometry": { "type": "Point", "coordinates": [ 72.7944018, 21.2027199 ] } },
{ "type": "Feature", "properties": { "element": "node", "id": 4061982513, "amenity": "fast_food", "shop": null, "name": "Dumas Bhajiya" }, "geometry": { "type": "Point", "coordinates": [ 72.7168744, 21.0845444 ] } },
{ "type": "Feature", "properties": { "element": "node", "id": 4061982514, "amenity": null, "shop": null, "name": "Mosque" }, "geometry": { "type": "Point", "coordinates": [ 72.7183228, 21.0837986 ] } },
{ "type": "Feature", "properties": { "element": "node", "id": 4061982515, "amenity": null, "shop": null, "name": "Raaj Hotel" }, "geometry": { "type": "Point", "coordinates": [ 72.7157264, 21.0812809 ] } },
{ "type": "Feature", "properties": { "element": "node", "id": 4187398458, "amenity": "place_of_worship", "shop": null, "name": "Shree Ram Temple" }, "geometry": { "type": "Point", "coordinates": [ 72.7832555, 21.2123825 ] } },
{ "type": "Feature", "properties": { "element": "node", "id": 4187398459, "amenity": "place_of_worship", "shop": null, "name": "Shanidev Temple" }, "geometry": { "type": "Point", "coordinates": [ 72.7827458, 21.2121375 ] } },
{ "type": "Feature", "properties": { "element": "node", "id": 4187473965, "amenity": "place_of_worship", "shop": null, "name": "Merulaxmi Temple" }, "geometry": { "type": "Point", "coordinates": [ 72.7969847, 21.2114076 ] } },
{ "type": "Feature", "properties": { "element": "node", "id": 4187473966, "amenity": "townhall", "shop": null, "name": "Gurjar Kshatriya Kadiya Samaj Wadi" }, "geometry": { "type": "Point", "coordinates": [ 72.7962605, 21.2112926 ] } },
{ "type": "Feature", "properties": { "element": "node", "id": 4187473970, "amenity": "place_of_worship", "shop": null, "name": "Ganesh Temple" }, "geometry": { "type": "Point", "coordinates": [ 72.7928165, 21.2115377 ] } },
{ "type": "Feature", "properties": { "element": "node", "id": 4187473972, "amenity": "clinic", "shop": null, "name": "Shree Multispeciality Hospital" }, "geometry": { "type": "Point", "coordinates": [ 72.793353, 21.2108025 ] } },
{ "type": "Feature", "properties": { "element": "node", "id": 4187473973, "amenity": "place_of_worship", "shop": null, "name": "Somnath Mahadev" }, "geometry": { "type": "Point", "coordinates": [ 72.7843622, 21.2104824 ] } },
{ "type": "Feature", "properties": { "element": "node", "id": 4187485049, "amenity": "bank", "shop": null, "name": "Dena Bank" }, "geometry": { "type": "Point", "coordinates": [ 72.7930901, 21.2111726 ] } },
{ "type": "Feature", "properties": { "element": "node", "id": 4187485050, "amenity": "place_of_worship", "shop": null, "name": "Hanuman Temple" }, "geometry": { "type": "Point", "coordinates": [ 72.7863311, 21.2081685 ] } },
{ "type": "Feature", "properties": { "element": "node", "id": 4294695450, "amenity": "place_of_worship", "shop": null, "name": "Shree Swaminarayan Mandir" }, "geometry": { "type": "Point", "coordinates": [ 72.790681100000015, 21.2106513 ] } },
{ "type": "Feature", "properties": { "element": "node", "id": 4294695451, "amenity": null, "shop": "mobile_phone", "name": "Vodafone Store" }, "geometry": { "type": "Point", "coordinates": [ 72.7914482, 21.2107188 ] } },
{ "type": "Feature", "properties": { "element": "node", "id": 4294695452, "amenity": "bank", "shop": null, "name": "State Bank of India" }, "geometry": { "type": "Point", "coordinates": [ 72.790252, 21.2111189 ] } },
{ "type": "Feature", "properties": { "element": "node", "id": 4294695453, "amenity": null, "shop": "bakery", "name": "New Upkar Bakery" }, "geometry": { "type": "Point", "coordinates": [ 72.7917835, 21.211669 ] } },
{ "type": "Feature", "properties": { "element": "node", "id": 4294695462, "amenity": "restaurant", "shop": null, "name": "Jay Jalaram Khaman House" }, "geometry": { "type": "Point", "coordinates": [ 72.7859044, 21.2102322 ] } },
{ "type": "Feature", "properties": { "element": "node", "id": 4327917892, "amenity": null, "shop": null, "name": "Magic heart dj" }, "geometry": { "type": "Point", "coordinates": [ 72.8750798, 21.2196919 ] } },
{ "type": "Feature", "properties": { "element": "node", "id": 4353038093, "amenity": null, "shop": null, "name": null }, "geometry": { "type": "Point", "coordinates": [ 72.8177756, 21.1900458 ] } },
{ "type": "Feature", "properties": { "element": "node", "id": 4414602907, "amenity": "school", "shop": null, "name": "Lancer Army School" }, "geometry": { "type": "Point", "coordinates": [ 72.7716011, 21.1591959 ] } },
{ "type": "Feature", "properties": { "element": "node", "id": 4414655902, "amenity": null, "shop": "computer", "name": "FastTreck Networks Pvt Ltd" }, "geometry": { "type": "Point", "coordinates": [ 72.813336100000015, 21.1888981 ] } },
{ "type": "Feature", "properties": { "element": "node", "id": 4436381093, "amenity": "restaurant", "shop": null, "name": "tadka n tapas" }, "geometry": { "type": "Point", "coordinates": [ 72.7694641, 21.1579104 ] } },
{ "type": "Feature", "properties": { "element": "node", "id": 4448825892, "amenity": "hospital", "shop": null, "name": "Zainab Memorial Hospital" }, "geometry": { "type": "Point", "coordinates": [ 72.804651600000014, 21.2052822 ] } },
{ "type": "Feature", "properties": { "element": "node", "id": 4469973891, "amenity": "police", "shop": null, "name": "Digital Printer" }, "geometry": { "type": "Point", "coordinates": [ 72.8300864, 21.1689912 ] } },
{ "type": "Feature", "properties": { "element": "node", "id": 4520483290, "amenity": "restaurant", "shop": null, "name": "Avad Shangri-la" }, "geometry": { "type": "Point", "coordinates": [ 72.965667, 21.141407 ] } },
{ "type": "Feature", "properties": { "element": "node", "id": 4526382789, "amenity": null, "shop": null, "name": "SHREENIKETAN" }, "geometry": { "type": "Point", "coordinates": [ 72.8556562, 21.2127026 ] } },
{ "type": "Feature", "properties": { "element": "node", "id": 4527525190, "amenity": null, "shop": null, "name": "Vasanjipark" }, "geometry": { "type": "Point", "coordinates": [ 72.8299567, 21.2267483 ] } },
{ "type": "Feature", "properties": { "element": "node", "id": 4586701789, "amenity": "restaurant", "shop": null, "name": "Black Pepper" }, "geometry": { "type": "Point", "coordinates": [ 72.769039600000013, 21.158015 ] } },
{ "type": "Feature", "properties": { "element": "node", "id": 4603394392, "amenity": null, "shop": null, "name": null }, "geometry": { "type": "Point", "coordinates": [ 72.7419388, 21.1530499 ] } },
{ "type": "Feature", "properties": { "element": "node", "id": 4636794608, "amenity": null, "shop": null, "name": "ghandi baug" }, "geometry": { "type": "Point", "coordinates": [ 72.817646, 21.1943947 ] } },
{ "type": "Feature", "properties": { "element": "node", "id": 4636794609, "amenity": null, "shop": null, "name": "chowpati" }, "geometry": { "type": "Point", "coordinates": [ 72.8064001, 21.1850907 ] } },
{ "type": "Feature", "properties": { "element": "node", "id": 4636794634, "amenity": "place_of_worship", "shop": null, "name": "khubsaab masjid" }, "geometry": { "type": "Point", "coordinates": [ 72.8282058, 21.2029903 ] } },
{ "type": "Feature", "properties": { "element": "node", "id": 4639189089, "amenity": null, "shop": null, "name": "Rajhans Wing" }, "geometry": { "type": "Point", "coordinates": [ 72.7731014, 21.2130302 ] } },
{ "type": "Feature", "properties": { "element": "node", "id": 4639327989, "amenity": "community_centre", "shop": null, "name": "SMC Communication Hall" }, "geometry": { "type": "Point", "coordinates": [ 72.7797834, 21.2029628 ] } },
{ "type": "Feature", "properties": { "element": "node", "id": 4641260793, "amenity": null, "shop": null, "name": "Rajhans Residency" }, "geometry": { "type": "Point", "coordinates": [ 72.7887434, 21.2296973 ] } },
{ "type": "Feature", "properties": { "element": "node", "id": 4686237999, "amenity": null, "shop": null, "name": "ARISTRON INSTRUMENTION" }, "geometry": { "type": "Point", "coordinates": [ 72.8445614, 21.2098332 ] } },
{ "type": "Feature", "properties": { "element": "node", "id": 4689875990, "amenity": null, "shop": "clothes", "name": "Winsant Online" }, "geometry": { "type": "Point", "coordinates": [ 72.8572587, 21.2130113 ] } },
{ "type": "Feature", "properties": { "element": "node", "id": 4723511615, "amenity": null, "shop": null, "name": "Surat City's First Firetruck from the 19th century" }, "geometry": { "type": "Point", "coordinates": [ 72.8067117, 21.1853907 ] } },
{ "type": "Feature", "properties": { "element": "node", "id": 4723520828, "amenity": "place_of_worship", "shop": null, "name": "Shiv Mandir" }, "geometry": { "type": "Point", "coordinates": [ 72.8232281, 21.1755841 ] } },
{ "type": "Feature", "properties": { "element": "node", "id": 4723890662, "amenity": null, "shop": null, "name": "Jyotindra Dave Garden" }, "geometry": { "type": "Point", "coordinates": [ 72.7913354, 21.2021655 ] } },
{ "type": "Feature", "properties": { "element": "node", "id": 4723890680, "amenity": null, "shop": null, "name": "Sarthana Nature Park & Zoo" }, "geometry": { "type": "Point", "coordinates": [ 72.8981461, 21.2320424 ] } },
{ "type": "Feature", "properties": { "element": "node", "id": 4771172623, "amenity": "restaurant", "shop": null, "name": "Anna's Kitchen" }, "geometry": { "type": "Point", "coordinates": [ 72.7846624, 21.1679578 ] } },
{ "type": "Feature", "properties": { "element": "node", "id": 5283290600, "amenity": "place_of_worship", "shop": null, "name": "Ganesh Temple" }, "geometry": { "type": "Point", "coordinates": [ 72.7753696, 21.1645985 ] } },
{ "type": "Feature", "properties": { "element": "node", "id": 5283291040, "amenity": "place_of_worship", "shop": null, "name": "Ganesh Temple" }, "geometry": { "type": "Point", "coordinates": [ 72.7759941, 21.1650904 ] } },
{ "type": "Feature", "properties": { "element": "node", "id": 5283986885, "amenity": "place_of_worship", "shop": null, "name": "Krishna Mandir" }, "geometry": { "type": "Point", "coordinates": [ 72.8073848, 21.176977 ] } },
{ "type": "Feature", "properties": { "element": "node", "id": 5304468722, "amenity": null, "shop": "jewelry", "name": "Sahaj Jewels" }, "geometry": { "type": "Point", "coordinates": [ 72.8729752, 21.2162828 ] } },
{ "type": "Feature", "properties": { "element": "node", "id": 5309876922, "amenity": null, "shop": null, "name": "Devil’s house" }, "geometry": { "type": "Point", "coordinates": [ 72.7476868, 21.1695666 ] } },
{ "type": "Feature", "properties": { "element": "node", "id": 5345061067, "amenity": "place_of_worship", "shop": null, "name": "Somnath Mahadev Temple" }, "geometry": { "type": "Point", "coordinates": [ 72.7760832, 21.2106971 ] } },
{ "type": "Feature", "properties": { "element": "node", "id": 5367111421, "amenity": null, "shop": null, "name": "Hotel Welcome" }, "geometry": { "type": "Point", "coordinates": [ 72.841253, 21.2072536 ] } },
{ "type": "Feature", "properties": { "element": "node", "id": 5398886921, "amenity": null, "shop": "bakery", "name": null }, "geometry": { "type": "Point", "coordinates": [ 72.8480298, 21.2147085 ] } },
{ "type": "Feature", "properties": { "element": "node", "id": 5429221629, "amenity": "bank", "shop": null, "name": "HDFC Bank" }, "geometry": { "type": "Point", "coordinates": [ 72.7933338, 21.1740131 ] } },
{ "type": "Feature", "properties": { "element": "node", "id": 5429221630, "amenity": "bank", "shop": null, "name": "State Bank of India" }, "geometry": { "type": "Point", "coordinates": [ 72.7924891, 21.1734538 ] } },
{ "type": "Feature", "properties": { "element": "node", "id": 5429221631, "amenity": "place_of_worship", "shop": null, "name": "Temple" }, "geometry": { "type": "Point", "coordinates": [ 72.7922102, 21.1740991 ] } },
{ "type": "Feature", "properties": { "element": "node", "id": 5429221632, "amenity": "fast_food", "shop": null, "name": "McDonald's" }, "geometry": { "type": "Point", "coordinates": [ 72.7944337, 21.1737312 ] } },
{ "type": "Feature", "properties": { "element": "node", "id": 5429221666, "amenity": null, "shop": null, "name": "AAPIL Planning Consultancy" }, "geometry": { "type": "Point", "coordinates": [ 72.7949482, 21.1686051 ] } },
{ "type": "Feature", "properties": { "element": "node", "id": 5549520921, "amenity": "school", "shop": null, "name": "L P Savani School" }, "geometry": { "type": "Point", "coordinates": [ 72.773843, 21.2139461 ] } },
{ "type": "Feature", "properties": { "element": "node", "id": 5571414223, "amenity": null, "shop": null, "name": "Amazia" }, "geometry": { "type": "Point", "coordinates": [ 72.8649911, 21.1945564 ] } },
{ "type": "Feature", "properties": { "element": "node", "id": 5596435395, "amenity": null, "shop": "supermarket", "name": "kiara spa" }, "geometry": { "type": "Point", "coordinates": [ 72.789266600000019, 21.1702792 ] } },
{ "type": "Feature", "properties": { "element": "node", "id": 5651769247, "amenity": null, "shop": null, "name": "Surat Ahmedabad Transport" }, "geometry": { "type": "Point", "coordinates": [ 72.8570761, 21.0992269 ] } },
{ "type": "Feature", "properties": { "element": "node", "id": 5740508526, "amenity": "place_of_worship", "shop": null, "name": "Perrian.com" }, "geometry": { "type": "Point", "coordinates": [ 72.830902, 21.2041296 ] } },
{ "type": "Feature", "properties": { "element": "node", "id": 5816750753, "amenity": null, "shop": null, "name": "Capital Green" }, "geometry": { "type": "Point", "coordinates": [ 72.7909944, 21.1479886 ] } },
{ "type": "Feature", "properties": { "element": "node", "id": 5866213995, "amenity": null, "shop": null, "name": "Darshan Residency" }, "geometry": { "type": "Point", "coordinates": [ 72.8713779, 21.1952429 ] } },
{ "type": "Feature", "properties": { "element": "node", "id": 6046844085, "amenity": "fast_food", "shop": null, "name": "Feeling hungry?" }, "geometry": { "type": "Point", "coordinates": [ 72.7727807, 21.2136691 ] } },
{ "type": "Feature", "properties": { "element": "node", "id": 6046844185, "amenity": null, "shop": "supermarket", "name": "Raj World" }, "geometry": { "type": "Point", "coordinates": [ 72.7713871, 21.2138756 ] } },
{ "type": "Feature", "properties": { "element": "node", "id": 6121567687, "amenity": null, "shop": null, "name": "Swastik Villa," }, "geometry": { "type": "Point", "coordinates": [ 72.7762045, 21.1992355 ] } },
{ "type": "Feature", "properties": { "element": "node", "id": 6121580385, "amenity": null, "shop": null, "name": "Jagz" }, "geometry": { "type": "Point", "coordinates": [ 72.8086528, 21.1777584 ] } },
{ "type": "Feature", "properties": { "element": "node", "id": 6152893252, "amenity": null, "shop": null, "name": "IDP education" }, "geometry": { "type": "Point", "coordinates": [ 72.7693215, 21.1581351 ] } },
{ "type": "Feature", "properties": { "element": "node", "id": 6176011681, "amenity": null, "shop": "nutrition_supplements", "name": "Luminant Health Care" }, "geometry": { "type": "Point", "coordinates": [ 72.8911884, 21.2068747 ] } },
{ "type": "Feature", "properties": { "element": "node", "id": 6181546667, "amenity": "fuel", "shop": null, "name": "Gitanjali petrol pump" }, "geometry": { "type": "Point", "coordinates": [ 72.8478, 21.209261 ] } },
{ "type": "Feature", "properties": { "element": "node", "id": 6181668041, "amenity": null, "shop": "clothes", "name": "Style on World Garments" }, "geometry": { "type": "Point", "coordinates": [ 72.8753244, 21.2363284 ] } },
{ "type": "Feature", "properties": { "element": "node", "id": 6188286349, "amenity": "pharmacy", "shop": null, "name": "Torrent ટોરેન્ટ" }, "geometry": { "type": "Point", "coordinates": [ 72.8600006, 21.205992 ] } },
{ "type": "Feature", "properties": { "element": "node", "id": 6188286350, "amenity": "pharmacy", "shop": null, "name": "Torrent Power Substation ટોરેન્ટ પાવર સબસ્ટેશન" }, "geometry": { "type": "Point", "coordinates": [ 72.8594231, 21.2041375 ] } },
{ "type": "Feature", "properties": { "element": "node", "id": 6190043603, "amenity": "bank", "shop": null, "name": "HDFC Bank" }, "geometry": { "type": "Point", "coordinates": [ 72.8855476, 21.2135425 ] } },
{ "type": "Feature", "properties": { "element": "node", "id": 6190263382, "amenity": null, "shop": "stationery", "name": "Ravechi xerox" }, "geometry": { "type": "Point", "coordinates": [ 72.7849717, 21.1682205 ] } },
{ "type": "Feature", "properties": { "element": "node", "id": 6190263383, "amenity": null, "shop": "stationery", "name": "Hariom xerox" }, "geometry": { "type": "Point", "coordinates": [ 72.7849496, 21.1682067 ] } },
{ "type": "Feature", "properties": { "element": "node", "id": 6190271270, "amenity": "atm", "shop": null, "name": null }, "geometry": { "type": "Point", "coordinates": [ 72.7859428, 21.167155 ] } },
{ "type": "Feature", "properties": { "element": "node", "id": 6190433880, "amenity": "ice_cream", "shop": null, "name": "Amul parlor" }, "geometry": { "type": "Point", "coordinates": [ 72.8818788, 21.2132681 ] } },
{ "type": "Feature", "properties": { "element": "node", "id": 6190442922, "amenity": "restaurant", "shop": null, "name": "D.S. dhosa" }, "geometry": { "type": "Point", "coordinates": [ 72.8840563, 21.2131988 ] } },
{ "type": "Feature", "properties": { "element": "node", "id": 6190444675, "amenity": "restaurant", "shop": null, "name": "Patel fastfood" }, "geometry": { "type": "Point", "coordinates": [ 72.8815738, 21.2133764 ] } },
{ "type": "Feature", "properties": { "element": "node", "id": 6190467272, "amenity": "bank", "shop": null, "name": "Axis Bank" }, "geometry": { "type": "Point", "coordinates": [ 72.8851421, 21.213439 ] } },
{ "type": "Feature", "properties": { "element": "node", "id": 6190467273, "amenity": "bank", "shop": null, "name": "IndusInd bank" }, "geometry": { "type": "Point", "coordinates": [ 72.8852988, 21.2135829 ] } },
{ "type": "Feature", "properties": { "element": "node", "id": 6190467274, "amenity": null, "shop": "supermarket", "name": "Dhiraj sons" }, "geometry": { "type": "Point", "coordinates": [ 72.885774, 21.2136445 ] } },
{ "type": "Feature", "properties": { "element": "node", "id": 6190467275, "amenity": "ice_cream", "shop": null, "name": "51rainbow" }, "geometry": { "type": "Point", "coordinates": [ 72.8858075, 21.2136676 ] } },
{ "type": "Feature", "properties": { "element": "node", "id": 6190489005, "amenity": "ice_cream", "shop": null, "name": "Dairy Don" }, "geometry": { "type": "Point", "coordinates": [ 72.8861159, 21.2141388 ] } },
{ "type": "Feature", "properties": { "element": "node", "id": 6190489006, "amenity": "ice_cream", "shop": null, "name": "Bismillah" }, "geometry": { "type": "Point", "coordinates": [ 72.8866545, 21.2140834 ] } },
{ "type": "Feature", "properties": { "element": "node", "id": 6190489007, "amenity": "bank", "shop": null, "name": "State Bank of India" }, "geometry": { "type": "Point", "coordinates": [ 72.8869924, 21.2142114 ] } },
{ "type": "Feature", "properties": { "element": "node", "id": 6190489008, "amenity": null, "shop": null, "name": "Vodafone store" }, "geometry": { "type": "Point", "coordinates": [ 72.887117, 21.2144396 ] } },
{ "type": "Feature", "properties": { "element": "node", "id": 6190594150, "amenity": "ice_cream", "shop": null, "name": "Bharka devi" }, "geometry": { "type": "Point", "coordinates": [ 72.8881065, 21.2147947 ] } },
{ "type": "Feature", "properties": { "element": "node", "id": 6190594151, "amenity": null, "shop": "stationery", "name": "National stationery" }, "geometry": { "type": "Point", "coordinates": [ 72.889872, 21.2122886 ] } },
{ "type": "Feature", "properties": { "element": "node", "id": 6190594152, "amenity": "hospital", "shop": null, "name": "sanidhya hospital" }, "geometry": { "type": "Point", "coordinates": [ 72.8899837, 21.2113993 ] } },
{ "type": "Feature", "properties": { "element": "node", "id": 6190594153, "amenity": "bank", "shop": null, "name": "the varachha co-operative bank" }, "geometry": { "type": "Point", "coordinates": [ 72.8899132, 21.2093696 ] } },
{ "type": "Feature", "properties": { "element": "node", "id": 6190594154, "amenity": "atm", "shop": null, "name": "Axis bank atm" }, "geometry": { "type": "Point", "coordinates": [ 72.8903436, 21.2077882 ] } },
{ "type": "Feature", "properties": { "element": "node", "id": 6190594155, "amenity": "atm", "shop": null, "name": "ICICI bank atm" }, "geometry": { "type": "Point", "coordinates": [ 72.8903807, 21.207703 ] } },
{ "type": "Feature", "properties": { "element": "node", "id": 6190594156, "amenity": "ice_cream", "shop": null, "name": "Amul parlor" }, "geometry": { "type": "Point", "coordinates": [ 72.8907879, 21.2068863 ] } },
{ "type": "Feature", "properties": { "element": "node", "id": 6192069007, "amenity": "ice_cream", "shop": null, "name": "Dairy Don" }, "geometry": { "type": "Point", "coordinates": [ 72.87530940000002, 21.2364119 ] } },
{ "type": "Feature", "properties": { "element": "node", "id": 6217975285, "amenity": "place_of_worship", "shop": null, "name": "વિશાલ હનુમાન મંદિર" }, "geometry": { "type": "Point", "coordinates": [ 72.8577133, 21.2198723 ] } },
{ "type": "Feature", "properties": { "element": "node", "id": 6391518940, "amenity": "restaurant", "shop": null, "name": "Rekhaben's namkeen" }, "geometry": { "type": "Point", "coordinates": [ 72.7935489, 21.1733701 ] } },
{ "type": "Feature", "properties": { "element": "node", "id": 6880947641, "amenity": null, "shop": null, "name": "SMC Multi-Activity Zone" }, "geometry": { "type": "Point", "coordinates": [ 72.8003768, 21.1905497 ] } },
{ "type": "Feature", "properties": { "element": "node", "id": 6884802320, "amenity": "blood_bank", "shop": null, "name": "Surat Health Care Foundation Blood Bank" }, "geometry": { "type": "Point", "coordinates": [ 72.8272359, 21.2074262 ] } },
{ "type": "Feature", "properties": { "element": "node", "id": 6884802325, "amenity": "blood_bank", "shop": null, "name": "SMIMER Hospital Blood Bank" }, "geometry": { "type": "Point", "coordinates": [ 72.8447608, 21.1975412 ] } },
{ "type": "Feature", "properties": { "element": "node", "id": 6884802346, "amenity": "blood_bank", "shop": null, "name": "Lok Samarpan Raktadan Kendra, Surat" }, "geometry": { "type": "Point", "coordinates": [ 72.8512477, 21.2133243 ] } },
{ "type": "Feature", "properties": { "element": "node", "id": 6885263214, "amenity": null, "shop": "supermarket", "name": null }, "geometry": { "type": "Point", "coordinates": [ 72.8247576, 21.1997176 ] } },
{ "type": "Feature", "properties": { "element": "node", "id": 6888381773, "amenity": "blood_bank", "shop": null, "name": "Surat Raktdan Kendra" }, "geometry": { "type": "Point", "coordinates": [ 72.8301099, 21.1728519 ] } },
{ "type": "Feature", "properties": { "element": "node", "id": 6894711804, "amenity": null, "shop": "clothes", "name": "Revoltion men's wear" }, "geometry": { "type": "Point", "coordinates": [ 72.7786112, 21.1633725 ] } },
{ "type": "Feature", "properties": { "element": "node", "id": 6968312297, "amenity": "hospital", "shop": null, "name": "Urvi Eye Hospital" }, "geometry": { "type": "Point", "coordinates": [ 72.7930652, 21.2126904 ] } },
{ "type": "Feature", "properties": { "element": "node", "id": 6968357043, "amenity": "hospital", "shop": null, "name": "Gopi Children Hospital" }, "geometry": { "type": "Point", "coordinates": [ 72.8325172, 21.2202773 ] } },
{ "type": "Feature", "properties": { "element": "node", "id": 6968375105, "amenity": "hospital", "shop": null, "name": "Jivani Orthopaedic Hospital" }, "geometry": { "type": "Point", "coordinates": [ 72.8375871, 21.2063841 ] } },
{ "type": "Feature", "properties": { "element": "node", "id": 6968440404, "amenity": "hospital", "shop": null, "name": "DWTI - Prabhu General Hospital and Bankers Heart Institute" }, "geometry": { "type": "Point", "coordinates": [ 72.7782917, 21.1677348 ] } },
{ "type": "Feature", "properties": { "element": "node", "id": 6968717498, "amenity": "hospital", "shop": null, "name": "Tender Touch Childrens Hospital and Neonatal Unit" }, "geometry": { "type": "Point", "coordinates": [ 72.8122222, 21.1851558 ] } },
{ "type": "Feature", "properties": { "element": "node", "id": 6968717526, "amenity": "hospital", "shop": null, "name": "Verma Children Hospital" }, "geometry": { "type": "Point", "coordinates": [ 72.8325668, 21.1524368 ] } },
{ "type": "Feature", "properties": { "element": "node", "id": 6968717612, "amenity": "hospital", "shop": null, "name": "Khushabu Hospital" }, "geometry": { "type": "Point", "coordinates": [ 72.8365264, 21.174891 ] } },
{ "type": "Feature", "properties": { "element": "node", "id": 6968859262, "amenity": "hospital", "shop": null, "name": "Shreyans Ano-Rectal and Day-Care Hospital" }, "geometry": { "type": "Point", "coordinates": [ 72.8393367, 21.2063116 ] } },
{ "type": "Feature", "properties": { "element": "node", "id": 6968861292, "amenity": "hospital", "shop": null, "name": "Healing Hands Hospital" }, "geometry": { "type": "Point", "coordinates": [ 72.7956163, 21.1658104 ] } },
{ "type": "Feature", "properties": { "element": "node", "id": 6968861324, "amenity": "hospital", "shop": null, "name": "Urmil Heart and Lung Centre, Surat" }, "geometry": { "type": "Point", "coordinates": [ 72.8324602, 21.1989466 ] } },
{ "type": "Feature", "properties": { "element": "node", "id": 6969601207, "amenity": "hospital", "shop": null, "name": "Dr. Sachdev Eye Hospital" }, "geometry": { "type": "Point", "coordinates": [ 72.7962993, 21.1774952 ] } },
{ "type": "Feature", "properties": { "element": "node", "id": 6969993001, "amenity": "hospital", "shop": null, "name": "Khushi Hospital, Surat" }, "geometry": { "type": "Point", "coordinates": [ 72.9623455, 21.1659511 ] } },
{ "type": "Feature", "properties": { "element": "node", "id": 6970000784, "amenity": "hospital", "shop": null, "name": "Shree Prannath Hospital, Surat" }, "geometry": { "type": "Point", "coordinates": [ 72.8231297, 21.215801 ] } },
{ "type": "Feature", "properties": { "element": "node", "id": 6970016152, "amenity": "hospital", "shop": null, "name": "Burhani Hospital" }, "geometry": { "type": "Point", "coordinates": [ 72.834449, 21.1980588 ] } },
{ "type": "Feature", "properties": { "element": "node", "id": 6970074032, "amenity": "hospital", "shop": null, "name": "Asutosh Hospital" }, "geometry": { "type": "Point", "coordinates": [ 72.820981, 21.1851177 ] } },
{ "type": "Feature", "properties": { "element": "node", "id": 6970150661, "amenity": "hospital", "shop": null, "name": "Dhameliya Kidney Hospital and Lithotripsy Centre" }, "geometry": { "type": "Point", "coordinates": [ 72.8375664, 21.2062885 ] } },
{ "type": "Feature", "properties": { "element": "node", "id": 6970231330, "amenity": "hospital", "shop": null, "name": "Shree Hari Om General Hospital and Maternity Home" }, "geometry": { "type": "Point", "coordinates": [ 72.7823934, 21.2018324 ] } },
{ "type": "Feature", "properties": { "element": "node", "id": 6970274065, "amenity": "hospital", "shop": null, "name": "Astitva Orthopaedic and Medical Hospital" }, "geometry": { "type": "Point", "coordinates": [ 72.7924919, 21.213455 ] } },
{ "type": "Feature", "properties": { "element": "node", "id": 6970454659, "amenity": "hospital", "shop": null, "name": "Eye-Q Super Speciality Eye Hospitals, Udhana" }, "geometry": { "type": "Point", "coordinates": [ 72.83976250000002, 21.1724073 ] } },
{ "type": "Feature", "properties": { "element": "node", "id": 6970461966, "amenity": "hospital", "shop": null, "name": "Apple Hospital" }, "geometry": { "type": "Point", "coordinates": [ 72.8315758, 21.1829991 ] } },
{ "type": "Feature", "properties": { "element": "node", "id": 6970498540, "amenity": "hospital", "shop": null, "name": "New City Hospital and Polyclinic" }, "geometry": { "type": "Point", "coordinates": [ 72.7893178, 21.169823 ] } },
{ "type": "Feature", "properties": { "element": "node", "id": 6970512534, "amenity": "hospital", "shop": null, "name": "New Tech Surgical Hospital & Physio Care Centre" }, "geometry": { "type": "Point", "coordinates": [ 72.7848067, 21.1961714 ] } },
{ "type": "Feature", "properties": { "element": "node", "id": 6970527023, "amenity": "hospital", "shop": null, "name": "Harikrishna Hospital" }, "geometry": { "type": "Point", "coordinates": [ 72.8365082, 21.2056368 ] } },
{ "type": "Feature", "properties": { "element": "node", "id": 6970536532, "amenity": "hospital", "shop": null, "name": "Shreyash Hospital" }, "geometry": { "type": "Point", "coordinates": [ 72.8187789, 21.1810242 ] } },
{ "type": "Feature", "properties": { "element": "node", "id": 6970556074, "amenity": "hospital", "shop": null, "name": "P.P.Savani Heart Institute and Multispeciality Hospital" }, "geometry": { "type": "Point", "coordinates": [ 72.8737856, 21.2208111 ] } },
{ "type": "Feature", "properties": { "element": "node", "id": 6970556546, "amenity": "hospital", "shop": null, "name": "Navin Orthopaedic And Trauma Centre" }, "geometry": { "type": "Point", "coordinates": [ 72.8385179, 21.2071543 ] } },
{ "type": "Feature", "properties": { "element": "node", "id": 6970635475, "amenity": "hospital", "shop": null, "name": "Happy and Healthy Hospital" }, "geometry": { "type": "Point", "coordinates": [ 72.8207731, 21.1851508 ] } },
{ "type": "Feature", "properties": { "element": "node", "id": 6970646274, "amenity": "hospital", "shop": null, "name": "Maa `N` Baby Hospital" }, "geometry": { "type": "Point", "coordinates": [ 72.7942139, 21.2082327 ] } },
{ "type": "Feature", "properties": { "element": "node", "id": 6970646968, "amenity": "hospital", "shop": null, "name": "Sneh Children Hospital" }, "geometry": { "type": "Point", "coordinates": [ 72.8606844, 21.2147652 ] } },
{ "type": "Feature", "properties": { "element": "node", "id": 6970647010, "amenity": "hospital", "shop": null, "name": "Divyesh Eye Hospital" }, "geometry": { "type": "Point", "coordinates": [ 72.7826683, 21.200487 ] } },
{ "type": "Feature", "properties": { "element": "node", "id": 6970647025, "amenity": "hospital", "shop": null, "name": "Ashish Eye Hospital" }, "geometry": { "type": "Point", "coordinates": [ 72.8333232, 21.1861924 ] } },
{ "type": "Feature", "properties": { "element": "node", "id": 6970647030, "amenity": "hospital", "shop": null, "name": "Maitraiya Multi Speciality Hospital" }, "geometry": { "type": "Point", "coordinates": [ 72.7783573, 21.1537876 ] } },
{ "type": "Feature", "properties": { "element": "node", "id": 6970647035, "amenity": "hospital", "shop": null, "name": "Sharda Hospital And Research Centre" }, "geometry": { "type": "Point", "coordinates": [ 72.8193831, 21.183799 ] } },
{ "type": "Feature", "properties": { "element": "node", "id": 6970670688, "amenity": "hospital", "shop": null, "name": "Girish Group Of Hospital" }, "geometry": { "type": "Point", "coordinates": [ 72.8199981, 21.1853503 ] } },
{ "type": "Feature", "properties": { "element": "node", "id": 6970699145, "amenity": "hospital", "shop": null, "name": "Arpan Public Charitable Trust" }, "geometry": { "type": "Point", "coordinates": [ 72.8155784, 21.1925984 ] } },
{ "type": "Feature", "properties": { "element": "node", "id": 6970722854, "amenity": "hospital", "shop": null, "name": "Dr. Kapse Children Hospital" }, "geometry": { "type": "Point", "coordinates": [ 72.8165607, 21.1931398 ] } },
{ "type": "Feature", "properties": { "element": "node", "id": 6970741772, "amenity": "hospital", "shop": null, "name": "Smt. Rasilaben Sevantilal Shah Venus Hospital - Surat" }, "geometry": { "type": "Point", "coordinates": [ 72.8311492, 21.2102231 ] } },
{ "type": "Feature", "properties": { "element": "node", "id": 6970814591, "amenity": "hospital", "shop": null, "name": "Navjivan Hospital, Surat" }, "geometry": { "type": "Point", "coordinates": [ 72.8607219, 21.2145952 ] } },
{ "type": "Feature", "properties": { "element": "node", "id": 6970849770, "amenity": "hospital", "shop": null, "name": "Babul Hospital" }, "geometry": { "type": "Point", "coordinates": [ 72.8259055, 21.2062991 ] } },
{ "type": "Feature", "properties": { "element": "node", "id": 6970904390, "amenity": "hospital", "shop": null, "name": "Raijiwala Eye Hospital" }, "geometry": { "type": "Point", "coordinates": [ 72.8257647, 21.1991229 ] } },
{ "type": "Feature", "properties": { "element": "node", "id": 6971013944, "amenity": "clinic", "shop": null, "name": "Matrutva Nursing Home" }, "geometry": { "type": "Point", "coordinates": [ 72.7950494, 21.1988403 ] } },
{ "type": "Feature", "properties": { "element": "node", "id": 6971042016, "amenity": "clinic", "shop": null, "name": "Prarthana Maternity and Nursing Home" }, "geometry": { "type": "Point", "coordinates": [ 72.7999672, 21.1923021 ] } },
{ "type": "Feature", "properties": { "element": "node", "id": 6974252918, "amenity": "hospital", "shop": null, "name": "Baps Pramukh Swami Hospital, Surat" }, "geometry": { "type": "Point", "coordinates": [ 72.79815, 21.1895986 ] } },
{ "type": "Feature", "properties": { "element": "node", "id": 6974284635, "amenity": "clinic", "shop": null, "name": "21st Century Fertility Center" }, "geometry": { "type": "Point", "coordinates": [ 72.8386132, 21.2047018 ] } },
{ "type": "Feature", "properties": { "element": "node", "id": 6974306151, "amenity": "hospital", "shop": null, "name": "Amiti Medical and Maternity Hospital" }, "geometry": { "type": "Point", "coordinates": [ 72.7850716, 21.2023562 ] } },
{ "type": "Feature", "properties": { "element": "node", "id": 6974332665, "amenity": "hospital", "shop": null, "name": "Kalp Medical Hospital" }, "geometry": { "type": "Point", "coordinates": [ 72.8616989, 21.1889822 ] } },
{ "type": "Feature", "properties": { "element": "node", "id": 6974384224, "amenity": "hospital", "shop": null, "name": "Anand Hospital - Surat" }, "geometry": { "type": "Point", "coordinates": [ 72.8131147, 21.187808 ] } },
{ "type": "Feature", "properties": { "element": "node", "id": 6974490388, "amenity": "hospital", "shop": null, "name": "Rakhe E.N.T. Hospital" }, "geometry": { "type": "Point", "coordinates": [ 72.8020419, 21.2023262 ] } },
{ "type": "Feature", "properties": { "element": "node", "id": 6974557467, "amenity": "hospital", "shop": null, "name": "Bhadra Memorial Eye Institute" }, "geometry": { "type": "Point", "coordinates": [ 72.8049485, 21.1966785 ] } },
{ "type": "Feature", "properties": { "element": "node", "id": 6974772844, "amenity": "hospital", "shop": null, "name": "Smit Surgical Hospital" }, "geometry": { "type": "Point", "coordinates": [ 72.8048743, 21.2001119 ] } },
{ "type": "Feature", "properties": { "element": "node", "id": 6974943940, "amenity": "hospital", "shop": null, "name": "Pals Hospital" }, "geometry": { "type": "Point", "coordinates": [ 72.8141548, 21.1678183 ] } },
{ "type": "Feature", "properties": { "element": "node", "id": 6974978585, "amenity": "hospital", "shop": null, "name": "Niraant Hospital" }, "geometry": { "type": "Point", "coordinates": [ 72.7936667, 21.2092716 ] } },
{ "type": "Feature", "properties": { "element": "node", "id": 6975024748, "amenity": "hospital", "shop": null, "name": "Shruti Ear, Nose and Throat Hospital" }, "geometry": { "type": "Point", "coordinates": [ 72.8253034, 21.1816703 ] } },
{ "type": "Feature", "properties": { "element": "node", "id": 6975025228, "amenity": "hospital", "shop": null, "name": "Lamha Eye Hospital" }, "geometry": { "type": "Point", "coordinates": [ 72.7976954, 21.1958807 ] } },
{ "type": "Feature", "properties": { "element": "node", "id": 6975249239, "amenity": "hospital", "shop": null, "name": "Naaz Maternity and Gynaec Hospital" }, "geometry": { "type": "Point", "coordinates": [ 72.8007317, 21.1949379 ] } },
{ "type": "Feature", "properties": { "element": "node", "id": 6975338512, "amenity": "hospital", "shop": null, "name": "Saurabh Hospital" }, "geometry": { "type": "Point", "coordinates": [ 72.786368400000015, 21.1689176 ] } },
{ "type": "Feature", "properties": { "element": "node", "id": 6975579244, "amenity": "hospital", "shop": null, "name": "Me And Mummy Hospital and Ivf and Endoscopy Centre" }, "geometry": { "type": "Point", "coordinates": [ 72.8109308, 21.189091 ] } },
{ "type": "Feature", "properties": { "element": "node", "id": 6975633415, "amenity": "hospital", "shop": null, "name": "Pathik Children Hospital" }, "geometry": { "type": "Point", "coordinates": [ 72.8376006, 21.173968 ] } },
{ "type": "Feature", "properties": { "element": "node", "id": 6975650242, "amenity": "hospital", "shop": null, "name": "Mody General Hospital" }, "geometry": { "type": "Point", "coordinates": [ 72.9661294, 21.1702344 ] } },
{ "type": "Feature", "properties": { "element": "node", "id": 6975657013, "amenity": "hospital", "shop": null, "name": "Pratham Hospital" }, "geometry": { "type": "Point", "coordinates": [ 72.885871, 21.2249876 ] } },
{ "type": "Feature", "properties": { "element": "node", "id": 6975695289, "amenity": "hospital", "shop": null, "name": "Sandhya Hospital and Maternity Home" }, "geometry": { "type": "Point", "coordinates": [ 72.8363816, 21.2057883 ] } },
{ "type": "Feature", "properties": { "element": "node", "id": 6975741386, "amenity": "hospital", "shop": null, "name": "Shalby Hospitals Ltd" }, "geometry": { "type": "Point", "coordinates": [ 72.8009891, 21.2023475 ] } },
{ "type": "Feature", "properties": { "element": "node", "id": 6975823775, "amenity": "hospital", "shop": null, "name": "Ayushi Icu and Multispeciality Hospital" }, "geometry": { "type": "Point", "coordinates": [ 72.8376657, 21.2060147 ] } },
{ "type": "Feature", "properties": { "element": "node", "id": 6975837285, "amenity": "hospital", "shop": null, "name": "Bhavin Eye Hospital" }, "geometry": { "type": "Point", "coordinates": [ 72.8197458, 21.1842123 ] } },
{ "type": "Feature", "properties": { "element": "node", "id": 6975854549, "amenity": "hospital", "shop": null, "name": "Suchi Hospital" }, "geometry": { "type": "Point", "coordinates": [ 72.8375933, 21.2059959 ] } },
{ "type": "Feature", "properties": { "element": "node", "id": 6975855448, "amenity": "hospital", "shop": null, "name": "Shree Swami Atmanand Saraswati Ayurved Hospital" }, "geometry": { "type": "Point", "coordinates": [ 72.8394695, 21.2077125 ] } },
{ "type": "Feature", "properties": { "element": "node", "id": 6975858827, "amenity": "hospital", "shop": null, "name": "Pradip General Hospital" }, "geometry": { "type": "Point", "coordinates": [ 72.8263219, 21.1818695 ] } },
{ "type": "Feature", "properties": { "element": "node", "id": 6975865071, "amenity": "hospital", "shop": null, "name": "Grace General Hospital" }, "geometry": { "type": "Point", "coordinates": [ 72.863694, 21.18381 ] } },
{ "type": "Feature", "properties": { "element": "node", "id": 6975868089, "amenity": "hospital", "shop": null, "name": "Abhishek Surgical Hospital" }, "geometry": { "type": "Point", "coordinates": [ 72.8286959, 21.2064533 ] } },
{ "type": "Feature", "properties": { "element": "node", "id": 6975868099, "amenity": "hospital", "shop": null, "name": "Aaram Hospital" }, "geometry": { "type": "Point", "coordinates": [ 72.8364501, 21.1934568 ] } },
{ "type": "Feature", "properties": { "element": "node", "id": 6975868170, "amenity": "hospital", "shop": null, "name": "Nilesh Children Hospital" }, "geometry": { "type": "Point", "coordinates": [ 72.8622598, 21.191625 ] } },
{ "type": "Feature", "properties": { "element": "node", "id": 6975868215, "amenity": "hospital", "shop": null, "name": "Parijat Medical Hospital" }, "geometry": { "type": "Point", "coordinates": [ 72.8050376, 21.1996439 ] } },
{ "type": "Feature", "properties": { "element": "node", "id": 6975868220, "amenity": "hospital", "shop": null, "name": "Savani Surgical Hospital" }, "geometry": { "type": "Point", "coordinates": [ 72.8608829, 21.2146452 ] } },
{ "type": "Feature", "properties": { "element": "node", "id": 6975868221, "amenity": "hospital", "shop": null, "name": "Pinkle Hospital" }, "geometry": { "type": "Point", "coordinates": [ 72.831109, 21.2032427 ] } },
{ "type": "Feature", "properties": { "element": "node", "id": 6975868226, "amenity": "hospital", "shop": null, "name": "Sheth P.T Surat General Hospital" }, "geometry": { "type": "Point", "coordinates": [ 72.8258318, 21.1971161 ] } },
{ "type": "Feature", "properties": { "element": "node", "id": 6975868262, "amenity": "hospital", "shop": null, "name": "Shri K P Sanghvi Hospital" }, "geometry": { "type": "Point", "coordinates": [ 72.8239696, 21.1827613 ] } },
{ "type": "Feature", "properties": { "element": "node", "id": 6976000082, "amenity": "clinic", "shop": null, "name": "Retina Clinic" }, "geometry": { "type": "Point", "coordinates": [ 72.8189204, 21.1824748 ] } },
{ "type": "Feature", "properties": { "element": "node", "id": 6976021354, "amenity": "hospital", "shop": null, "name": "Aayush Medi Care Hospital and Cardiac Center" }, "geometry": { "type": "Point", "coordinates": [ 72.816721, 21.1677432 ] } },
{ "type": "Feature", "properties": { "element": "node", "id": 6976023014, "amenity": "clinic", "shop": null, "name": "Park Nursing Home and Diagnostic Clinic (P) Ltd" }, "geometry": { "type": "Point", "coordinates": [ 72.8175686, 21.1737523 ] } },
{ "type": "Feature", "properties": { "element": "node", "id": 6976079673, "amenity": "hospital", "shop": null, "name": "Amruta Hospital, Surat" }, "geometry": { "type": "Point", "coordinates": [ 72.8133776, 21.1662806 ] } },
{ "type": "Feature", "properties": { "element": "node", "id": 6976102823, "amenity": "hospital", "shop": null, "name": "Pravar Superspeciality Centre" }, "geometry": { "type": "Point", "coordinates": [ 72.812239, 21.1895538 ] } },
{ "type": "Feature", "properties": { "element": "node", "id": 6976102879, "amenity": "hospital", "shop": null, "name": "Shree Guru Nanak Dharmarth Hospital" }, "geometry": { "type": "Point", "coordinates": [ 72.8184466, 21.1740833 ] } },
{ "type": "Feature", "properties": { "element": "node", "id": 6976116160, "amenity": "hospital", "shop": null, "name": "Rajat Hospital" }, "geometry": { "type": "Point", "coordinates": [ 72.8366699, 21.1987253 ] } },
{ "type": "Feature", "properties": { "element": "node", "id": 6976136387, "amenity": "hospital", "shop": null, "name": "Om Shivam Maternity and Nursing Hospital Pvt Ltd" }, "geometry": { "type": "Point", "coordinates": [ 72.8800687, 21.0833238 ] } },
{ "type": "Feature", "properties": { "element": "node", "id": 6976136404, "amenity": "hospital", "shop": null, "name": "Paritosh orthopaedic hospital" }, "geometry": { "type": "Point", "coordinates": [ 72.79018520000001, 21.2194159 ] } },
{ "type": "Feature", "properties": { "element": "node", "id": 6976136410, "amenity": "hospital", "shop": null, "name": "Patel Medical Hospital" }, "geometry": { "type": "Point", "coordinates": [ 72.7993476, 21.2052857 ] } },
{ "type": "Feature", "properties": { "element": "node", "id": 6976136420, "amenity": "hospital", "shop": null, "name": "Varun Kidney Hospital" }, "geometry": { "type": "Point", "coordinates": [ 72.7946565, 21.1996818 ] } },
{ "type": "Feature", "properties": { "element": "node", "id": 6976514382, "amenity": "college", "shop": null, "name": "Shri O.H. Nazar Ayurved College" }, "geometry": { "type": "Point", "coordinates": [ 72.8395137, 21.2069424 ] } },
{ "type": "Feature", "properties": { "element": "node", "id": 6976524028, "amenity": "hospital", "shop": null, "name": "Shri Bhartimalya Memorial Foundation (Bharat Cancer Hospital and Nirali Memorial Radiation Centre)" }, "geometry": { "type": "Point", "coordinates": [ 72.8833135, 21.1896468 ] } },
{ "type": "Feature", "properties": { "element": "node", "id": 6976868727, "amenity": "hospital", "shop": null, "name": "Ashray Hospital, Surat" }, "geometry": { "type": "Point", "coordinates": [ 72.8306195, 21.2172681 ] } },
{ "type": "Feature", "properties": { "element": "node", "id": 6977469924, "amenity": "clinic", "shop": null, "name": "Eye Laser Center" }, "geometry": { "type": "Point", "coordinates": [ 72.8129836, 21.1847577 ] } },
{ "type": "Feature", "properties": { "element": "node", "id": 6977482441, "amenity": "hospital", "shop": null, "name": "Anmol Eye Hospital" }, "geometry": { "type": "Point", "coordinates": [ 72.7930485, 21.2034553 ] } },
{ "type": "Feature", "properties": { "element": "node", "id": 6977590430, "amenity": "hospital", "shop": null, "name": "Nari Hospital" }, "geometry": { "type": "Point", "coordinates": [ 72.7928366, 21.2125498 ] } },
{ "type": "Feature", "properties": { "element": "node", "id": 6977612383, "amenity": "hospital", "shop": null, "name": "Mehta Hospital, Surat" }, "geometry": { "type": "Point", "coordinates": [ 72.8108919, 21.1612611 ] } },
{ "type": "Feature", "properties": { "element": "node", "id": 6977731102, "amenity": "hospital", "shop": null, "name": "Dhwani Surgical Hospital and Uro-Clinic" }, "geometry": { "type": "Point", "coordinates": [ 72.8306312, 21.2173244 ] } },
{ "type": "Feature", "properties": { "element": "node", "id": 6977803471, "amenity": "hospital", "shop": null, "name": "Genesis Hospital and Maternity Home" }, "geometry": { "type": "Point", "coordinates": [ 72.8215456, 21.1854321 ] } },
{ "type": "Feature", "properties": { "element": "node", "id": 6977861253, "amenity": "hospital", "shop": null, "name": "Sonani Hospital" }, "geometry": { "type": "Point", "coordinates": [ 72.8236364, 21.2236952 ] } },
{ "type": "Feature", "properties": { "element": "node", "id": 6978001338, "amenity": "hospital", "shop": null, "name": "Harsiddhi Cosmetic-Plastic Surgery Hospital" }, "geometry": { "type": "Point", "coordinates": [ 72.8266096, 21.1823172 ] } },
{ "type": "Feature", "properties": { "element": "node", "id": 6978015223, "amenity": "hospital", "shop": null, "name": "Suvidha Maternity Home" }, "geometry": { "type": "Point", "coordinates": [ 72.8325836, 21.2062335 ] } },
{ "type": "Feature", "properties": { "element": "node", "id": 6978019349, "amenity": "hospital", "shop": null, "name": "Arihant Surgical Hospital" }, "geometry": { "type": "Point", "coordinates": [ 72.8023168, 21.2018924 ] } },
{ "type": "Feature", "properties": { "element": "node", "id": 6978234912, "amenity": "hospital", "shop": null, "name": "Life Care Hospital, Surat" }, "geometry": { "type": "Point", "coordinates": [ 72.8216502, 21.2245316 ] } },
{ "type": "Feature", "properties": { "element": "node", "id": 6978292081, "amenity": "hospital", "shop": null, "name": "Sita Hospital, Surat" }, "geometry": { "type": "Point", "coordinates": [ 72.8267974, 21.180589 ] } },
{ "type": "Feature", "properties": { "element": "node", "id": 6978313385, "amenity": "hospital", "shop": null, "name": "Trupti Heart and Medical Hospital, Surat" }, "geometry": { "type": "Point", "coordinates": [ 72.8397753, 21.1683536 ] } },
{ "type": "Feature", "properties": { "element": "node", "id": 6978416545, "amenity": "hospital", "shop": null, "name": "Sunflower Fertility Endoscopy Centre" }, "geometry": { "type": "Point", "coordinates": [ 72.8189385, 21.1822272 ] } },
{ "type": "Feature", "properties": { "element": "node", "id": 6978533238, "amenity": "hospital", "shop": null, "name": "Chiranjiv Hospital" }, "geometry": { "type": "Point", "coordinates": [ 72.8293294, 21.1832301 ] } },
{ "type": "Feature", "properties": { "element": "node", "id": 6978577852, "amenity": "hospital", "shop": null, "name": "Aum Orthopaedic and Maternity Hospital" }, "geometry": { "type": "Point", "coordinates": [ 72.8607541, 21.1910529 ] } },
{ "type": "Feature", "properties": { "element": "node", "id": 6978644060, "amenity": "hospital", "shop": null, "name": "Param Orthopedic Hospital and Joint Replacement Centre" }, "geometry": { "type": "Point", "coordinates": [ 72.8375249, 21.2063585 ] } },
{ "type": "Feature", "properties": { "element": "node", "id": 6978661951, "amenity": "hospital", "shop": null, "name": "Ashirwad Hospital, Surat" }, "geometry": { "type": "Point", "coordinates": [ 72.8292704, 21.1967172 ] } },
{ "type": "Feature", "properties": { "element": "node", "id": 6978678564, "amenity": "hospital", "shop": null, "name": "Jivandeep Hospital, Surat" }, "geometry": { "type": "Point", "coordinates": [ 72.8640439, 21.216663 ] } },
{ "type": "Feature", "properties": { "element": "node", "id": 6978703102, "amenity": "clinic", "shop": null, "name": "Vishwa Ent Clinic" }, "geometry": { "type": "Point", "coordinates": [ 72.838363, 21.2069136 ] } },
{ "type": "Feature", "properties": { "element": "node", "id": 6978751421, "amenity": "hospital", "shop": null, "name": "Kalarav Children Hospital" }, "geometry": { "type": "Point", "coordinates": [ 72.8279266, 21.223884 ] } },
{ "type": "Feature", "properties": { "element": "node", "id": 6979160470, "amenity": "hospital", "shop": null, "name": "Savani Eye Hospital" }, "geometry": { "type": "Point", "coordinates": [ 72.8638145, 21.2158479 ] } },
{ "type": "Feature", "properties": { "element": "node", "id": 6979166117, "amenity": "hospital", "shop": null, "name": "Eye Q INDIA" }, "geometry": { "type": "Point", "coordinates": [ 72.7991867, 21.204498 ] } },
{ "type": "Feature", "properties": { "element": "node", "id": 6979172738, "amenity": "hospital", "shop": null, "name": "Kanani Surgical and Laparoscopic Hospital" }, "geometry": { "type": "Point", "coordinates": [ 72.8551336, 21.2112758 ] } },
{ "type": "Feature", "properties": { "element": "node", "id": 6979245340, "amenity": "hospital", "shop": null, "name": "Shree Siddhi Vinayak Hospital, Surat" }, "geometry": { "type": "Point", "coordinates": [ 72.8431307, 21.1576779 ] } },
{ "type": "Feature", "properties": { "element": "node", "id": 6979341894, "amenity": "hospital", "shop": null, "name": "Bridgecross Hospital" }, "geometry": { "type": "Point", "coordinates": [ 72.8637562, 21.1838566 ] } },
{ "type": "Feature", "properties": { "element": "node", "id": 6979370276, "amenity": "clinic", "shop": null, "name": "Dodia Nursing Home" }, "geometry": { "type": "Point", "coordinates": [ 72.7932765, 21.207485 ] } },
{ "type": "Feature", "properties": { "element": "node", "id": 6979376711, "amenity": "hospital", "shop": null, "name": "Parth Hospital, Surat" }, "geometry": { "type": "Point", "coordinates": [ 72.7951165, 21.1975712 ] } },
{ "type": "Feature", "properties": { "element": "node", "id": 6979386920, "amenity": "hospital", "shop": null, "name": "Arham Hospital and Icu" }, "geometry": { "type": "Point", "coordinates": [ 72.788232600000015, 21.1918269 ] } },
{ "type": "Feature", "properties": { "element": "node", "id": 6979502302, "amenity": "hospital", "shop": null, "name": "Krupa Orthopaedic Hospital" }, "geometry": { "type": "Point", "coordinates": [ 72.8121203, 21.1746165 ] } },
{ "type": "Feature", "properties": { "element": "node", "id": 6979632846, "amenity": "hospital", "shop": null, "name": "Roshan Eye Hospital And Laser Center" }, "geometry": { "type": "Point", "coordinates": [ 72.7916443, 21.1981676 ] } },
{ "type": "Feature", "properties": { "element": "node", "id": 6979632875, "amenity": "hospital", "shop": null, "name": "Wadekar Hospital, Surat" }, "geometry": { "type": "Point", "coordinates": [ 72.8272077, 21.1820984 ] } },
{ "type": "Feature", "properties": { "element": "node", "id": 6979967493, "amenity": "hospital", "shop": null, "name": "Gunjan Children Hospital, Surat" }, "geometry": { "type": "Point", "coordinates": [ 72.8535631, 21.2114621 ] } },
{ "type": "Feature", "properties": { "element": "node", "id": 6979967504, "amenity": "hospital", "shop": null, "name": "Nihar Hospital, Surat" }, "geometry": { "type": "Point", "coordinates": [ 72.7934803, 21.2034528 ] } },
{ "type": "Feature", "properties": { "element": "node", "id": 6980252891, "amenity": "hospital", "shop": null, "name": "Love `N` Care Maternity Home" }, "geometry": { "type": "Point", "coordinates": [ 72.7967016, 21.2086365 ] } },
{ "type": "Feature", "properties": { "element": "node", "id": 6980634268, "amenity": "hospital", "shop": null, "name": "Gabani Kidney Hospital" }, "geometry": { "type": "Point", "coordinates": [ 72.8385629, 21.2069424 ] } },
{ "type": "Feature", "properties": { "element": "node", "id": 6981309128, "amenity": "hospital", "shop": null, "name": "Udhna Hospital Private Limited" }, "geometry": { "type": "Point", "coordinates": [ 72.8415422, 21.1682279 ] } },
{ "type": "Feature", "properties": { "element": "node", "id": 6981472481, "amenity": "hospital", "shop": null, "name": "Roopal Hospital" }, "geometry": { "type": "Point", "coordinates": [ 72.837608, 21.1738311 ] } },
{ "type": "Feature", "properties": { "element": "node", "id": 6981541210, "amenity": "hospital", "shop": null, "name": "The Rainbow Hospital" }, "geometry": { "type": "Point", "coordinates": [ 72.8163904, 21.1716914 ] } },
{ "type": "Feature", "properties": { "element": "node", "id": 6981557614, "amenity": "hospital", "shop": null, "name": "Sanjeevani General Hospital, Maternity Home and Icu Centre" }, "geometry": { "type": "Point", "coordinates": [ 72.8788698, 21.0813943 ] } },
{ "type": "Feature", "properties": { "element": "node", "id": 6981611155, "amenity": "hospital", "shop": null, "name": "Sankalp Hospital, Surat" }, "geometry": { "type": "Point", "coordinates": [ 72.8608648, 21.214567 ] } },
{ "type": "Feature", "properties": { "element": "node", "id": 6981657447, "amenity": "hospital", "shop": null, "name": "Sushrut Hospital, Surat" }, "geometry": { "type": "Point", "coordinates": [ 72.7874574, 21.1697767 ] } },
{ "type": "Feature", "properties": { "element": "node", "id": 6981688137, "amenity": "hospital", "shop": null, "name": "Nirmal Hospital Pvt.Ltd." }, "geometry": { "type": "Point", "coordinates": [ 72.8245376, 21.1815519 ] } },
{ "type": "Feature", "properties": { "element": "node", "id": 6981813910, "amenity": "hospital", "shop": null, "name": "Shreyal Hospital" }, "geometry": { "type": "Point", "coordinates": [ 72.8675938, 21.1894611 ] } },
{ "type": "Feature", "properties": { "element": "node", "id": 6981903598, "amenity": "hospital", "shop": null, "name": "Maheta Hospital" }, "geometry": { "type": "Point", "coordinates": [ 72.8118964, 21.1610348 ] } },
{ "type": "Feature", "properties": { "element": "node", "id": 6981939832, "amenity": "hospital", "shop": null, "name": "Rallis Orthopaedic Hospital" }, "geometry": { "type": "Point", "coordinates": [ 72.8154054, 21.1897181 ] } },
{ "type": "Feature", "properties": { "element": "node", "id": 6981979571, "amenity": "hospital", "shop": null, "name": "Nupoor General Hospital" }, "geometry": { "type": "Point", "coordinates": [ 72.8162905, 21.1920413 ] } },
{ "type": "Feature", "properties": { "element": "node", "id": 6981988093, "amenity": "hospital", "shop": null, "name": "Paaranu Hospital" }, "geometry": { "type": "Point", "coordinates": [ 72.960509500000015, 21.1717452 ] } },
{ "type": "Feature", "properties": { "element": "node", "id": 6982014623, "amenity": "hospital", "shop": null, "name": "New Life Hospital, Surat" }, "geometry": { "type": "Point", "coordinates": [ 72.8978397, 21.2287007 ] } },
{ "type": "Feature", "properties": { "element": "node", "id": 6982018429, "amenity": "hospital", "shop": null, "name": "Mansi Hospital, Surat" }, "geometry": { "type": "Point", "coordinates": [ 72.8266042, 21.2063847 ] } },
{ "type": "Feature", "properties": { "element": "node", "id": 6982022466, "amenity": "doctors", "shop": null, "name": "Smt. Dipika and Dr. Hasmukhlal C Vankawala" }, "geometry": { "type": "Point", "coordinates": [ 72.8191316, 21.1824848 ] } },
{ "type": "Feature", "properties": { "element": "node", "id": 6982053603, "amenity": "hospital", "shop": null, "name": "Cure N Care Hospital" }, "geometry": { "type": "Point", "coordinates": [ 72.8605489, 21.1988153 ] } },
{ "type": "Feature", "properties": { "element": "node", "id": 6982058554, "amenity": "hospital", "shop": null, "name": "Ankur Children Hospital and Neonatal Nursery" }, "geometry": { "type": "Point", "coordinates": [ 72.778987, 21.1505125 ] } },
{ "type": "Feature", "properties": { "element": "node", "id": 6982076267, "amenity": "hospital", "shop": null, "name": "Medicare Hospital and Icu" }, "geometry": { "type": "Point", "coordinates": [ 72.7824444, 21.2010472 ] } },
{ "type": "Feature", "properties": { "element": "node", "id": 6982092174, "amenity": "hospital", "shop": null, "name": "Param Neonatal and Paediatric Intensive Care Unit" }, "geometry": { "type": "Point", "coordinates": [ 72.8375237, 21.206318 ] } },
{ "type": "Feature", "properties": { "element": "node", "id": 6982092244, "amenity": "hospital", "shop": null, "name": "Netrang Eye Hospital and Laser Centre" }, "geometry": { "type": "Point", "coordinates": [ 72.8204153, 21.1850798 ] } },
{ "type": "Feature", "properties": { "element": "node", "id": 6982158236, "amenity": "hospital", "shop": null, "name": "Pinak Hospital" }, "geometry": { "type": "Point", "coordinates": [ 72.7938813, 21.2115396 ] } },
{ "type": "Feature", "properties": { "element": "node", "id": 6982158241, "amenity": "hospital", "shop": null, "name": "Shraddha Multispeciality Hospital" }, "geometry": { "type": "Point", "coordinates": [ 72.8277388, 21.2233539 ] } },
{ "type": "Feature", "properties": { "element": "node", "id": 6982197098, "amenity": "hospital", "shop": null, "name": "Akshar Children Hospital - Surat" }, "geometry": { "type": "Point", "coordinates": [ 72.8301005, 21.2155853 ] } },
{ "type": "Feature", "properties": { "element": "node", "id": 6982197110, "amenity": "hospital", "shop": null, "name": "Jaldhi Ano-Rectal Hospital And Panchkarma Centre" }, "geometry": { "type": "Point", "coordinates": [ 72.7982694, 21.2054201 ] } },
{ "type": "Feature", "properties": { "element": "node", "id": 6982527962, "amenity": "hospital", "shop": null, "name": "Veragiwala Hospital Critical Care And Diabetes Management Centre" }, "geometry": { "type": "Point", "coordinates": [ 72.8141749, 21.1875073 ] } },
{ "type": "Feature", "properties": { "element": "node", "id": 6982731910, "amenity": "hospital", "shop": null, "name": "Mother Care Surgical Hospital" }, "geometry": { "type": "Point", "coordinates": [ 72.8216636, 21.2256236 ] } },
{ "type": "Feature", "properties": { "element": "node", "id": 6983104378, "amenity": "hospital", "shop": null, "name": "Shree Gopal Hospital" }, "geometry": { "type": "Point", "coordinates": [ 72.8292355, 21.2143651 ] } },
{ "type": "Feature", "properties": { "element": "node", "id": 6983606194, "amenity": "hospital", "shop": null, "name": "Kejal Sarvajanik Hospital" }, "geometry": { "type": "Point", "coordinates": [ 72.8749605, 21.2204023 ] } },
{ "type": "Feature", "properties": { "element": "node", "id": 6983623769, "amenity": "hospital", "shop": null, "name": "Kadhiwala Orthopaedic Hospital" }, "geometry": { "type": "Point", "coordinates": [ 72.8136505, 21.1889247 ] } },
{ "type": "Feature", "properties": { "element": "node", "id": 6983660553, "amenity": "clinic", "shop": null, "name": "Nupoor Nursing Home" }, "geometry": { "type": "Point", "coordinates": [ 72.7945398, 21.1705221 ] } },
{ "type": "Feature", "properties": { "element": "node", "id": 6983672766, "amenity": "hospital", "shop": null, "name": "Rujul Childrens Hospital" }, "geometry": { "type": "Point", "coordinates": [ 72.8261349, 21.206571 ] } },
{ "type": "Feature", "properties": { "element": "node", "id": 6983710471, "amenity": "hospital", "shop": null, "name": "Arora Surgical" }, "geometry": { "type": "Point", "coordinates": [ 72.8188092, 21.1813358 ] } },
{ "type": "Feature", "properties": { "element": "node", "id": 6986103032, "amenity": "clinic", "shop": null, "name": "Purnima Clinic" }, "geometry": { "type": "Point", "coordinates": [ 72.8137752, 21.1655484 ] } },
{ "type": "Feature", "properties": { "element": "node", "id": 6986279394, "amenity": "hospital", "shop": null, "name": "Aditya Surgical and Laparoscopy Hospital" }, "geometry": { "type": "Point", "coordinates": [ 72.8623018, 21.1916268 ] } },
{ "type": "Feature", "properties": { "element": "node", "id": 6986279420, "amenity": "hospital", "shop": null, "name": "Navsarjan Hospital" }, "geometry": { "type": "Point", "coordinates": [ 72.8275115, 21.1829479 ] } },
{ "type": "Feature", "properties": { "element": "node", "id": 6986279435, "amenity": "hospital", "shop": null, "name": "Gandhi Ortho-Care and Physiotherapy" }, "geometry": { "type": "Point", "coordinates": [ 72.8142554, 21.183779 ] } },
{ "type": "Feature", "properties": { "element": "node", "id": 6986298997, "amenity": "hospital", "shop": null, "name": "Sarjan Maternity and Gynec Hospital" }, "geometry": { "type": "Point", "coordinates": [ 72.7935232, 21.2027976 ] } },
{ "type": "Feature", "properties": { "element": "node", "id": 6986376125, "amenity": "hospital", "shop": null, "name": "Vidya Eye Hospital" }, "geometry": { "type": "Point", "coordinates": [ 72.8113277, 21.1754812 ] } },
{ "type": "Feature", "properties": { "element": "node", "id": 6986591559, "amenity": "hospital", "shop": null, "name": "Dhruv Hospital" }, "geometry": { "type": "Point", "coordinates": [ 72.8581162, 21.1604307 ] } },
{ "type": "Feature", "properties": { "element": "node", "id": 6986634733, "amenity": "hospital", "shop": null, "name": "Swastham Hospital" }, "geometry": { "type": "Point", "coordinates": [ 72.8901002, 21.2259192 ] } },
{ "type": "Feature", "properties": { "element": "node", "id": 6986887248, "amenity": "hospital", "shop": null, "name": "Muskan Children's Hospital - Surat" }, "geometry": { "type": "Point", "coordinates": [ 72.7964173, 21.1650156 ] } },
{ "type": "Feature", "properties": { "element": "node", "id": 6987096005, "amenity": "hospital", "shop": null, "name": "Raj Orthopaedic Hospital" }, "geometry": { "type": "Point", "coordinates": [ 72.8173413, 21.175575699999989 ] } },
{ "type": "Feature", "properties": { "element": "node", "id": 6987246251, "amenity": "clinic", "shop": null, "name": "Tanmay Arthroscopy and Sports Medicine Centre" }, "geometry": { "type": "Point", "coordinates": [ 72.792972, 21.2127186 ] } },
{ "type": "Feature", "properties": { "element": "node", "id": 6987246252, "amenity": "place_of_worship", "shop": null, "name": "Cremio1" }, "geometry": { "type": "Point", "coordinates": [ 72.8501527, 21.2096367 ] } },
{ "type": "Feature", "properties": { "element": "node", "id": 6987467496, "amenity": "hospital", "shop": null, "name": "Sanskar Children Hospital" }, "geometry": { "type": "Point", "coordinates": [ 72.857565, 21.2121785 ] } },
{ "type": "Feature", "properties": { "element": "node", "id": 6987724555, "amenity": "hospital", "shop": null, "name": "Malavia Medical Hospital and I.C.C.U" }, "geometry": { "type": "Point", "coordinates": [ 72.7941891, 21.2036022 ] } },
{ "type": "Feature", "properties": { "element": "node", "id": 6987724578, "amenity": "hospital", "shop": null, "name": "Rachna Womens Hospital" }, "geometry": { "type": "Point", "coordinates": [ 72.8360403, 21.2053745 ] } },
{ "type": "Feature", "properties": { "element": "node", "id": 6987941152, "amenity": "hospital", "shop": null, "name": "Divyam Hospital, Ring Road" }, "geometry": { "type": "Point", "coordinates": [ 72.8097117, 21.1875854 ] } },
{ "type": "Feature", "properties": { "element": "node", "id": 6987956862, "amenity": "hospital", "shop": null, "name": "New Pooja Hospital, Surat" }, "geometry": { "type": "Point", "coordinates": [ 72.8174901, 21.1753005 ] } },
{ "type": "Feature", "properties": { "element": "node", "id": 6988014216, "amenity": "hospital", "shop": null, "name": "Hajee A M Lockhat and Dr A M Moolla Sarvajanik Hospital" }, "geometry": { "type": "Point", "coordinates": [ 72.8292048, 21.2077251 ] } },
{ "type": "Feature", "properties": { "element": "node", "id": 6988114488, "amenity": "hospital", "shop": null, "name": "Joint Line Orthopeadic Hospital" }, "geometry": { "type": "Point", "coordinates": [ 72.7849737, 21.20241 ] } },
{ "type": "Feature", "properties": { "element": "node", "id": 6988130237, "amenity": "hospital", "shop": null, "name": "Sudeep General Hospital" }, "geometry": { "type": "Point", "coordinates": [ 72.8650269, 21.1896337 ] } },
{ "type": "Feature", "properties": { "element": "node", "id": 6988329207, "amenity": "hospital", "shop": null, "name": "Chakshu Eye Hospital" }, "geometry": { "type": "Point", "coordinates": [ 72.809642, 21.1620053 ] } },
{ "type": "Feature", "properties": { "element": "node", "id": 6988423127, "amenity": "hospital", "shop": null, "name": "Shreeji Hospital, Surat" }, "geometry": { "type": "Point", "coordinates": [ 72.862975, 21.2153628 ] } },
{ "type": "Feature", "properties": { "element": "node", "id": 6988575085, "amenity": "hospital", "shop": null, "name": "Ketan Children Hospital" }, "geometry": { "type": "Point", "coordinates": [ 72.8206927, 21.185007 ] } },
{ "type": "Feature", "properties": { "element": "node", "id": 6989164280, "amenity": "hospital", "shop": null, "name": "Prarthana General Hospital" }, "geometry": { "type": "Point", "coordinates": [ 72.9618547, 21.172513 ] } },
{ "type": "Feature", "properties": { "element": "node", "id": 6989177902, "amenity": "hospital", "shop": null, "name": "Asmi Eye Hospital" }, "geometry": { "type": "Point", "coordinates": [ 72.8263347, 21.1821934 ] } },
{ "type": "Feature", "properties": { "element": "node", "id": 6989196883, "amenity": "hospital", "shop": null, "name": "Surbhi Hospital and Materanity Home" }, "geometry": { "type": "Point", "coordinates": [ 72.8396545, 21.211037 ] } },
{ "type": "Feature", "properties": { "element": "node", "id": 6989218850, "amenity": "hospital", "shop": null, "name": "Government Medical College and New Civil  Hospital, Surat" }, "geometry": { "type": "Point", "coordinates": [ 72.8202555, 21.1781793 ] } },
{ "type": "Feature", "properties": { "element": "node", "id": 6989219193, "amenity": "hospital", "shop": null, "name": "Aakanksha Hospital" }, "geometry": { "type": "Point", "coordinates": [ 72.7973641, 21.1939188 ] } },
{ "type": "Feature", "properties": { "element": "node", "id": 6989225254, "amenity": "hospital", "shop": null, "name": "Shani Children HospitalandDental Hospital" }, "geometry": { "type": "Point", "coordinates": [ 72.8397886, 21.2076363 ] } },
{ "type": "Feature", "properties": { "element": "node", "id": 6990513244, "amenity": "hospital", "shop": null, "name": "Jeevandeep Oncosurgical Hospital" }, "geometry": { "type": "Point", "coordinates": [ 72.8377327, 21.2060753 ] } },
{ "type": "Feature", "properties": { "element": "node", "id": 6990819275, "amenity": "hospital", "shop": null, "name": "Bhakti Hospital and Maternity Home" }, "geometry": { "type": "Point", "coordinates": [ 72.8268738, 21.211117 ] } },
{ "type": "Feature", "properties": { "element": "node", "id": 6990963642, "amenity": "hospital", "shop": null, "name": "Vatsalya Hospital and Maternity Home" }, "geometry": { "type": "Point", "coordinates": [ 72.8676487, 21.1897062 ] } },
{ "type": "Feature", "properties": { "element": "node", "id": 6991088406, "amenity": "clinic", "shop": null, "name": "Radhika Hospital and Polyclinic" }, "geometry": { "type": "Point", "coordinates": [ 72.7883506, 21.1694228 ] } },
{ "type": "Feature", "properties": { "element": "node", "id": 6991199341, "amenity": "hospital", "shop": null, "name": "Harsh Hospital and Maternity Home, Surat" }, "geometry": { "type": "Point", "coordinates": [ 72.8036445, 21.194589 ] } },
{ "type": "Feature", "properties": { "element": "node", "id": 6993471138, "amenity": "clinic", "shop": null, "name": "Rudra Eye Clinic" }, "geometry": { "type": "Point", "coordinates": [ 72.7964951, 21.1897487 ] } },
{ "type": "Feature", "properties": { "element": "node", "id": 6993595392, "amenity": "hospital", "shop": null, "name": "Vishalakshi Netramandip Eye Hospital" }, "geometry": { "type": "Point", "coordinates": [ 72.8285569, 21.2133462 ] } },
{ "type": "Feature", "properties": { "element": "node", "id": 6993868924, "amenity": "hospital", "shop": null, "name": "Amardeep Hospital" }, "geometry": { "type": "Point", "coordinates": [ 72.8259163, 21.2059559 ] } },
{ "type": "Feature", "properties": { "element": "node", "id": 7035722724, "amenity": null, "shop": "clothes", "name": "Onyx For men" }, "geometry": { "type": "Point", "coordinates": [ 72.866075, 21.2301237 ] } },
{ "type": "Feature", "properties": { "element": "node", "id": 7062692586, "amenity": null, "shop": null, "name": "આનંદ નગય સોસાયટી હૉલ." }, "geometry": { "type": "Point", "coordinates": [ 72.8624299, 21.2189173 ] } },
{ "type": "Feature", "properties": { "element": "node", "id": 7085431020, "amenity": null, "shop": null, "name": "P9labs" }, "geometry": { "type": "Point", "coordinates": [ 72.7729622, 21.1505567 ] } },
{ "type": "Feature", "properties": { "element": "node", "id": 7085819774, "amenity": "place_of_worship", "shop": null, "name": "Shree Sai Ganesh Yuvak Mandal-1976" }, "geometry": { "type": "Point", "coordinates": [ 72.8286705, 21.2056058 ] } },
{ "type": "Feature", "properties": { "element": "node", "id": 7087499805, "amenity": "parking_entrance", "shop": null, "name": null }, "geometry": { "type": "Point", "coordinates": [ 72.8661725, 21.2302578 ] } },
{ "type": "Feature", "properties": { "element": "node", "id": 7087499807, "amenity": "parking_entrance", "shop": null, "name": null }, "geometry": { "type": "Point", "coordinates": [ 72.8661717, 21.230224 ] } },
{ "type": "Feature", "properties": { "element": "node", "id": 7095153563, "amenity": "fast_food", "shop": null, "name": "McDonald's" }, "geometry": { "type": "Point", "coordinates": [ 72.7870448, 21.1940006 ] } },
{ "type": "Feature", "properties": { "element": "node", "id": 7095203711, "amenity": "fast_food", "shop": null, "name": "McDonald's" }, "geometry": { "type": "Point", "coordinates": [ 72.7579799, 21.1447394 ] } },
{ "type": "Feature", "properties": { "element": "node", "id": 7095220180, "amenity": "fast_food", "shop": null, "name": "McDonald's" }, "geometry": { "type": "Point", "coordinates": [ 72.8029557, 21.1451476 ] } },
{ "type": "Feature", "properties": { "element": "node", "id": 7095228247, "amenity": "fast_food", "shop": null, "name": "Burger King" }, "geometry": { "type": "Point", "coordinates": [ 72.7696204, 21.1581677 ] } },
{ "type": "Feature", "properties": { "element": "node", "id": 7095230046, "amenity": "fast_food", "shop": null, "name": "Burger King" }, "geometry": { "type": "Point", "coordinates": [ 72.7899221, 21.1894756 ] } },
{ "type": "Feature", "properties": { "element": "node", "id": 7095246183, "amenity": "fast_food", "shop": null, "name": "McDonald's" }, "geometry": { "type": "Point", "coordinates": [ 72.7954141, 21.1974536 ] } },
{ "type": "Feature", "properties": { "element": "node", "id": 7095263038, "amenity": "fast_food", "shop": null, "name": "McDonald's" }, "geometry": { "type": "Point", "coordinates": [ 72.8041839, 21.2000634 ] } },
{ "type": "Feature", "properties": { "element": "node", "id": 7095266804, "amenity": "fast_food", "shop": null, "name": "McDonald's" }, "geometry": { "type": "Point", "coordinates": [ 72.8310697, 21.1825082 ] } },
{ "type": "Feature", "properties": { "element": "node", "id": 7095268877, "amenity": "fast_food", "shop": null, "name": "McDonald's" }, "geometry": { "type": "Point", "coordinates": [ 72.9627747, 21.1783122 ] } },
{ "type": "Feature", "properties": { "element": "node", "id": 7095277011, "amenity": "fast_food", "shop": null, "name": "Burger King" }, "geometry": { "type": "Point", "coordinates": [ 72.7573895, 21.1447746 ] } },
{ "type": "Feature", "properties": { "element": "node", "id": 7095280394, "amenity": "fast_food", "shop": null, "name": "McDonald's" }, "geometry": { "type": "Point", "coordinates": [ 72.8963614, 21.2291712 ] } },
{ "type": "Feature", "properties": { "element": "node", "id": 7097465543, "amenity": "fast_food", "shop": null, "name": "Subway" }, "geometry": { "type": "Point", "coordinates": [ 72.8252615, 21.2361461 ] } },
{ "type": "Feature", "properties": { "element": "node", "id": 7097472475, "amenity": "fast_food", "shop": null, "name": "Subway" }, "geometry": { "type": "Point", "coordinates": [ 72.797396, 21.1955541 ] } },
{ "type": "Feature", "properties": { "element": "node", "id": 7097473055, "amenity": "fast_food", "shop": null, "name": "KFC" }, "geometry": { "type": "Point", "coordinates": [ 72.7867777, 21.1931143 ] } },
{ "type": "Feature", "properties": { "element": "node", "id": 7097492279, "amenity": "fast_food", "shop": null, "name": "KFC" }, "geometry": { "type": "Point", "coordinates": [ 72.7552014, 21.1424293 ] } },
{ "type": "Feature", "properties": { "element": "node", "id": 7097495882, "amenity": "fast_food", "shop": null, "name": "KFC" }, "geometry": { "type": "Point", "coordinates": [ 72.764844, 21.1545081 ] } },
{ "type": "Feature", "properties": { "element": "node", "id": 7097517439, "amenity": "fast_food", "shop": null, "name": "Domino's" }, "geometry": { "type": "Point", "coordinates": [ 72.8176366, 21.1755739 ] } },
{ "type": "Feature", "properties": { "element": "node", "id": 7097533557, "amenity": "fast_food", "shop": null, "name": "Subway" }, "geometry": { "type": "Point", "coordinates": [ 72.7900021, 21.1894449 ] } },
{ "type": "Feature", "properties": { "element": "node", "id": 7097536064, "amenity": "fast_food", "shop": null, "name": "Subway" }, "geometry": { "type": "Point", "coordinates": [ 72.7947489, 21.1433876 ] } },
{ "type": "Feature", "properties": { "element": "node", "id": 7097538095, "amenity": "fast_food", "shop": null, "name": "Subway" }, "geometry": { "type": "Point", "coordinates": [ 72.8090181, 21.1757603 ] } },
{ "type": "Feature", "properties": { "element": "node", "id": 7097539688, "amenity": "fast_food", "shop": null, "name": "Subway" }, "geometry": { "type": "Point", "coordinates": [ 72.7885552, 21.1706861 ] } },
{ "type": "Feature", "properties": { "element": "node", "id": 7097541232, "amenity": "fast_food", "shop": null, "name": "Subway" }, "geometry": { "type": "Point", "coordinates": [ 72.7727727, 21.1600827 ] } },
{ "type": "Feature", "properties": { "element": "node", "id": 7097547342, "amenity": "fast_food", "shop": null, "name": "Domino's" }, "geometry": { "type": "Point", "coordinates": [ 72.7999983, 21.1740069 ] } },
{ "type": "Feature", "properties": { "element": "node", "id": 7097548124, "amenity": "restaurant", "shop": null, "name": "Pizza Hut" }, "geometry": { "type": "Point", "coordinates": [ 72.8013232, 21.1750005 ] } },
{ "type": "Feature", "properties": { "element": "node", "id": 7097561481, "amenity": "fast_food", "shop": null, "name": "Domino's" }, "geometry": { "type": "Point", "coordinates": [ 72.7975612, 21.1960571 ] } },
{ "type": "Feature", "properties": { "element": "node", "id": 7097567685, "amenity": "restaurant", "shop": null, "name": "Pizza Hut" }, "geometry": { "type": "Point", "coordinates": [ 72.7694678, 21.1581607 ] } },
{ "type": "Feature", "properties": { "element": "node", "id": 7097573142, "amenity": "fast_food", "shop": null, "name": "Domino's" }, "geometry": { "type": "Point", "coordinates": [ 72.7878355, 21.1913006 ] } },
{ "type": "Feature", "properties": { "element": "node", "id": 7097582072, "amenity": "fast_food", "shop": null, "name": "Domino's" }, "geometry": { "type": "Point", "coordinates": [ 72.8367322, 21.186045 ] } },
{ "type": "Feature", "properties": { "element": "node", "id": 7097589074, "amenity": "fast_food", "shop": null, "name": "Domino's" }, "geometry": { "type": "Point", "coordinates": [ 72.8310991, 21.1708131 ] } },
{ "type": "Feature", "properties": { "element": "node", "id": 7097592073, "amenity": "fast_food", "shop": null, "name": "Domino's" }, "geometry": { "type": "Point", "coordinates": [ 72.8074072, 21.2247183 ] } },
{ "type": "Feature", "properties": { "element": "node", "id": 7097593422, "amenity": "fast_food", "shop": null, "name": "Domino's" }, "geometry": { "type": "Point", "coordinates": [ 72.8071974, 21.2245608 ] } },
{ "type": "Feature", "properties": { "element": "node", "id": 7097596947, "amenity": "fast_food", "shop": null, "name": "Domino's" }, "geometry": { "type": "Point", "coordinates": [ 72.875673, 21.2366855 ] } },
{ "type": "Feature", "properties": { "element": "node", "id": 7097621426, "amenity": "fast_food", "shop": null, "name": "Domino's" }, "geometry": { "type": "Point", "coordinates": [ 72.8701262, 21.218227 ] } },
{ "type": "Feature", "properties": { "element": "node", "id": 7097621984, "amenity": "fast_food", "shop": null, "name": "Domino's" }, "geometry": { "type": "Point", "coordinates": [ 72.7111664, 21.1871027 ] } },
{ "type": "Feature", "properties": { "element": "node", "id": 7097630825, "amenity": "fast_food", "shop": null, "name": "Domino's" }, "geometry": { "type": "Point", "coordinates": [ 72.7118101, 21.1871827 ] } },
{ "type": "Feature", "properties": { "element": "node", "id": 7097644075, "amenity": "fast_food", "shop": null, "name": "Domino's" }, "geometry": { "type": "Point", "coordinates": [ 72.7686783, 21.1577917 ] } },
{ "type": "Feature", "properties": { "element": "node", "id": 7097645949, "amenity": "fast_food", "shop": null, "name": "Domino's" }, "geometry": { "type": "Point", "coordinates": [ 72.9032447, 21.2311446 ] } },
{ "type": "Feature", "properties": { "element": "node", "id": 7097646212, "amenity": "fast_food", "shop": null, "name": "Domino's" }, "geometry": { "type": "Point", "coordinates": [ 72.7885489, 21.2177043 ] } },
{ "type": "Feature", "properties": { "element": "node", "id": 7097648159, "amenity": "fast_food", "shop": null, "name": "Domino's" }, "geometry": { "type": "Point", "coordinates": [ 72.7756803, 21.2141092 ] } },
{ "type": "Feature", "properties": { "element": "node", "id": 7097680916, "amenity": "fast_food", "shop": null, "name": "Domino's" }, "geometry": { "type": "Point", "coordinates": [ 72.8358594, 21.2325355 ] } },
{ "type": "Feature", "properties": { "element": "node", "id": 7097702167, "amenity": "fast_food", "shop": null, "name": "Domino's" }, "geometry": { "type": "Point", "coordinates": [ 72.8598251, 21.1966259 ] } },
{ "type": "Feature", "properties": { "element": "node", "id": 7100931277, "amenity": "fuel", "shop": null, "name": "Indian Oil" }, "geometry": { "type": "Point", "coordinates": [ 72.8056846, 21.1995812 ] } },
{ "type": "Feature", "properties": { "element": "node", "id": 7100949375, "amenity": "fuel", "shop": null, "name": "Indian Oil" }, "geometry": { "type": "Point", "coordinates": [ 72.7866731, 21.1690696 ] } },
{ "type": "Feature", "properties": { "element": "node", "id": 7100993026, "amenity": "fuel", "shop": null, "name": "Indian Oil" }, "geometry": { "type": "Point", "coordinates": [ 72.7835674, 21.1983103 ] } },
{ "type": "Feature", "properties": { "element": "node", "id": 7101013410, "amenity": "fuel", "shop": null, "name": "Indian Oil" }, "geometry": { "type": "Point", "coordinates": [ 72.802237, 21.1408996 ] } },
{ "type": "Feature", "properties": { "element": "node", "id": 7101013617, "amenity": "fuel", "shop": null, "name": "Indian Oil" }, "geometry": { "type": "Point", "coordinates": [ 72.7973527, 21.1605377 ] } },
{ "type": "Feature", "properties": { "element": "node", "id": 7101016356, "amenity": "fuel", "shop": null, "name": "Indian Oil" }, "geometry": { "type": "Point", "coordinates": [ 72.8400883, 21.1712419 ] } },
{ "type": "Feature", "properties": { "element": "node", "id": 7101017396, "amenity": "fuel", "shop": null, "name": "Indian Oil" }, "geometry": { "type": "Point", "coordinates": [ 72.833608100000021, 21.1800958 ] } },
{ "type": "Feature", "properties": { "element": "node", "id": 7101020483, "amenity": "fuel", "shop": null, "name": "Indian Oil" }, "geometry": { "type": "Point", "coordinates": [ 72.8527376, 21.1309425 ] } },
{ "type": "Feature", "properties": { "element": "node", "id": 7101040213, "amenity": "fuel", "shop": null, "name": "Indian Oil" }, "geometry": { "type": "Point", "coordinates": [ 72.8603336, 21.1121624 ] } },
{ "type": "Feature", "properties": { "element": "node", "id": 7101051790, "amenity": "fuel", "shop": null, "name": "Indian Oil" }, "geometry": { "type": "Point", "coordinates": [ 72.827310200000014, 21.173633 ] } },
{ "type": "Feature", "properties": { "element": "node", "id": 7101083908, "amenity": "fuel", "shop": null, "name": "Indian Oil" }, "geometry": { "type": "Point", "coordinates": [ 72.8890651, 21.1336833 ] } },
{ "type": "Feature", "properties": { "element": "node", "id": 7101097923, "amenity": "fuel", "shop": null, "name": "Indian Oil" }, "geometry": { "type": "Point", "coordinates": [ 72.8381246, 21.11089 ] } },
{ "type": "Feature", "properties": { "element": "node", "id": 7101114250, "amenity": "fuel", "shop": null, "name": "Indian Oil" }, "geometry": { "type": "Point", "coordinates": [ 72.8538531, 21.1939546 ] } },
{ "type": "Feature", "properties": { "element": "node", "id": 7101118596, "amenity": "fuel", "shop": null, "name": "Indian Oil" }, "geometry": { "type": "Point", "coordinates": [ 72.871740100000011, 21.1909032 ] } },
{ "type": "Feature", "properties": { "element": "node", "id": 7101149415, "amenity": "fuel", "shop": null, "name": "Indian Oil" }, "geometry": { "type": "Point", "coordinates": [ 72.94007, 21.2115591 ] } },
{ "type": "Feature", "properties": { "element": "node", "id": 7101151021, "amenity": "fuel", "shop": null, "name": "Indian Oil" }, "geometry": { "type": "Point", "coordinates": [ 72.868036600000011, 21.2174351 ] } },
{ "type": "Feature", "properties": { "element": "node", "id": 7101158158, "amenity": "fuel", "shop": null, "name": "Indian Oil" }, "geometry": { "type": "Point", "coordinates": [ 72.742069500000014, 21.1561601 ] } },
{ "type": "Feature", "properties": { "element": "node", "id": 7101162197, "amenity": "fuel", "shop": null, "name": "Indian Oil" }, "geometry": { "type": "Point", "coordinates": [ 72.8937965, 21.2270463 ] } },
{ "type": "Feature", "properties": { "element": "node", "id": 7101164116, "amenity": "fuel", "shop": null, "name": "Indian Oil" }, "geometry": { "type": "Point", "coordinates": [ 72.8653868, 21.0777146 ] } },
{ "type": "Feature", "properties": { "element": "node", "id": 7101234640, "amenity": "fuel", "shop": null, "name": "Indian Oil" }, "geometry": { "type": "Point", "coordinates": [ 72.7908964, 21.1422766 ] } },
{ "type": "Feature", "properties": { "element": "node", "id": 7101234641, "amenity": "fuel", "shop": null, "name": "Indian Oil" }, "geometry": { "type": "Point", "coordinates": [ 72.7921732, 21.1422065 ] } },
{ "type": "Feature", "properties": { "element": "node", "id": 7101277942, "amenity": "fuel", "shop": null, "name": "Indian Oil" }, "geometry": { "type": "Point", "coordinates": [ 72.7213149, 21.1892898 ] } },
{ "type": "Feature", "properties": { "element": "node", "id": 7101293894, "amenity": "fuel", "shop": null, "name": "Indian Oil" }, "geometry": { "type": "Point", "coordinates": [ 72.82755250000001, 21.2030479 ] } },
{ "type": "Feature", "properties": { "element": "node", "id": 7101298516, "amenity": "fuel", "shop": null, "name": "Indian Oil" }, "geometry": { "type": "Point", "coordinates": [ 72.850699, 21.1708828 ] } },
{ "type": "Feature", "properties": { "element": "node", "id": 7101300029, "amenity": "fuel", "shop": null, "name": "Indian Oil" }, "geometry": { "type": "Point", "coordinates": [ 72.8154118, 21.175755 ] } },
{ "type": "Feature", "properties": { "element": "node", "id": 7101302584, "amenity": "fuel", "shop": null, "name": "Indian Oil" }, "geometry": { "type": "Point", "coordinates": [ 72.8425354, 21.1945446 ] } },
{ "type": "Feature", "properties": { "element": "node", "id": 7101304196, "amenity": "fuel", "shop": null, "name": "Indian Oil" }, "geometry": { "type": "Point", "coordinates": [ 72.8439827, 21.1787663 ] } },
{ "type": "Feature", "properties": { "element": "node", "id": 7101311089, "amenity": "fuel", "shop": null, "name": "Indian Oil" }, "geometry": { "type": "Point", "coordinates": [ 72.7970238, 21.194882 ] } },
{ "type": "Feature", "properties": { "element": "node", "id": 7101314602, "amenity": "fuel", "shop": null, "name": "Indian Oil" }, "geometry": { "type": "Point", "coordinates": [ 72.8437692, 21.1972955 ] } },
{ "type": "Feature", "properties": { "element": "node", "id": 7101340473, "amenity": "fuel", "shop": null, "name": "Indian Oil" }, "geometry": { "type": "Point", "coordinates": [ 72.8732923, 21.220858 ] } },
{ "type": "Feature", "properties": { "element": "node", "id": 7104071873, "amenity": "atm", "shop": null, "name": "State Bank ATM" }, "geometry": { "type": "Point", "coordinates": [ 72.8492594, 21.1993649 ] } },
{ "type": "Feature", "properties": { "element": "node", "id": 7104124960, "amenity": "atm", "shop": null, "name": "State Bank ATM" }, "geometry": { "type": "Point", "coordinates": [ 72.832373, 21.2197144 ] } },
{ "type": "Feature", "properties": { "element": "node", "id": 7104135892, "amenity": "atm", "shop": null, "name": "State Bank ATM" }, "geometry": { "type": "Point", "coordinates": [ 72.7845193, 21.1965118 ] } },
{ "type": "Feature", "properties": { "element": "node", "id": 7104143410, "amenity": "atm", "shop": null, "name": "State Bank ATM" }, "geometry": { "type": "Point", "coordinates": [ 72.843433, 21.2073092 ] } },
{ "type": "Feature", "properties": { "element": "node", "id": 7104144534, "amenity": "atm", "shop": null, "name": "State Bank ATM" }, "geometry": { "type": "Point", "coordinates": [ 72.8212699, 21.2203916 ] } },
{ "type": "Feature", "properties": { "element": "node", "id": 7104147609, "amenity": "atm", "shop": null, "name": "State Bank ATM" }, "geometry": { "type": "Point", "coordinates": [ 72.8191858, 21.221067 ] } },
{ "type": "Feature", "properties": { "element": "node", "id": 7104165293, "amenity": "atm", "shop": null, "name": "State Bank ATM" }, "geometry": { "type": "Point", "coordinates": [ 72.8244553, 21.2065756 ] } },
{ "type": "Feature", "properties": { "element": "node", "id": 7104166221, "amenity": "atm", "shop": null, "name": "State Bank ATM" }, "geometry": { "type": "Point", "coordinates": [ 72.8372369, 21.2063069 ] } },
{ "type": "Feature", "properties": { "element": "node", "id": 7104166234, "amenity": "atm", "shop": null, "name": "State Bank ATM" }, "geometry": { "type": "Point", "coordinates": [ 72.8274439, 21.1821403 ] } },
{ "type": "Feature", "properties": { "element": "node", "id": 7104178079, "amenity": "atm", "shop": null, "name": "State Bank ATM" }, "geometry": { "type": "Point", "coordinates": [ 72.827048, 21.172065 ] } },
{ "type": "Feature", "properties": { "element": "node", "id": 7104178126, "amenity": "atm", "shop": null, "name": "State Bank ATM" }, "geometry": { "type": "Point", "coordinates": [ 72.8200756, 21.1806966 ] } },
{ "type": "Feature", "properties": { "element": "node", "id": 7104183525, "amenity": "atm", "shop": null, "name": "State Bank ATM" }, "geometry": { "type": "Point", "coordinates": [ 72.8280991, 21.1985851 ] } },
{ "type": "Feature", "properties": { "element": "node", "id": 7104185876, "amenity": "atm", "shop": null, "name": "State Bank ATM" }, "geometry": { "type": "Point", "coordinates": [ 72.8482363, 21.2058207 ] } },
{ "type": "Feature", "properties": { "element": "node", "id": 7104189353, "amenity": "atm", "shop": null, "name": "State Bank ATM" }, "geometry": { "type": "Point", "coordinates": [ 72.8386401, 21.2018834 ] } },
{ "type": "Feature", "properties": { "element": "node", "id": 7104193175, "amenity": "atm", "shop": null, "name": null }, "geometry": { "type": "Point", "coordinates": [ 72.8310539, 21.2364585 ] } },
{ "type": "Feature", "properties": { "element": "node", "id": 7104193396, "amenity": "atm", "shop": null, "name": "State Bank ATM" }, "geometry": { "type": "Point", "coordinates": [ 72.86783490000002, 21.2113104 ] } },
{ "type": "Feature", "properties": { "element": "node", "id": 7104205798, "amenity": "atm", "shop": null, "name": "State Bank ATM" }, "geometry": { "type": "Point", "coordinates": [ 72.837092, 21.1745576 ] } },
{ "type": "Feature", "properties": { "element": "node", "id": 7104206096, "amenity": "atm", "shop": null, "name": "State Bank ATM" }, "geometry": { "type": "Point", "coordinates": [ 72.8703878, 21.1661491 ] } },
{ "type": "Feature", "properties": { "element": "node", "id": 7104209310, "amenity": "atm", "shop": null, "name": "State Bank of India" }, "geometry": { "type": "Point", "coordinates": [ 72.8106064, 21.162921 ] } },
{ "type": "Feature", "properties": { "element": "node", "id": 7104212688, "amenity": "atm", "shop": null, "name": "State Bank ATM" }, "geometry": { "type": "Point", "coordinates": [ 72.869437, 21.1907403 ] } },
{ "type": "Feature", "properties": { "element": "node", "id": 7104227293, "amenity": "atm", "shop": null, "name": "State Bank ATM" }, "geometry": { "type": "Point", "coordinates": [ 72.8223837, 21.2152233 ] } },
{ "type": "Feature", "properties": { "element": "node", "id": 7104227360, "amenity": "atm", "shop": null, "name": "State Bank ATM" }, "geometry": { "type": "Point", "coordinates": [ 72.8276294, 21.2030763 ] } },
{ "type": "Feature", "properties": { "element": "node", "id": 7104229168, "amenity": "atm", "shop": null, "name": "State Bank ATM" }, "geometry": { "type": "Point", "coordinates": [ 72.8308008, 21.2041483 ] } },
{ "type": "Feature", "properties": { "element": "node", "id": 7104234486, "amenity": "atm", "shop": null, "name": "State Bank ATM" }, "geometry": { "type": "Point", "coordinates": [ 72.8439339, 21.195223599999988 ] } },
{ "type": "Feature", "properties": { "element": "node", "id": 7104239901, "amenity": "atm", "shop": null, "name": "State Bank ATM" }, "geometry": { "type": "Point", "coordinates": [ 72.8645906, 21.1884237 ] } },
{ "type": "Feature", "properties": { "element": "node", "id": 7104248983, "amenity": "atm", "shop": null, "name": "State Bank ATM" }, "geometry": { "type": "Point", "coordinates": [ 72.8251249, 21.1986625 ] } },
{ "type": "Feature", "properties": { "element": "node", "id": 7104263744, "amenity": "atm", "shop": null, "name": "State Bank ATM" }, "geometry": { "type": "Point", "coordinates": [ 72.7961496, 21.1981948 ] } },
{ "type": "Feature", "properties": { "element": "node", "id": 7104264890, "amenity": "atm", "shop": null, "name": "State Bank ATM" }, "geometry": { "type": "Point", "coordinates": [ 72.857507, 21.2178046 ] } },
{ "type": "Feature", "properties": { "element": "node", "id": 7104274470, "amenity": "atm", "shop": null, "name": "State Bank ATM" }, "geometry": { "type": "Point", "coordinates": [ 72.8095669, 21.1865121 ] } },
{ "type": "Feature", "properties": { "element": "node", "id": 7104356309, "amenity": "atm", "shop": null, "name": "State Bank ATM" }, "geometry": { "type": "Point", "coordinates": [ 72.8321612, 21.1588579 ] } },
{ "type": "Feature", "properties": { "element": "node", "id": 7104377191, "amenity": "atm", "shop": null, "name": "State Bank of India" }, "geometry": { "type": "Point", "coordinates": [ 72.8119316, 21.1715028 ] } },
{ "type": "Feature", "properties": { "element": "node", "id": 7104402012, "amenity": "atm", "shop": null, "name": "State Bank ATM" }, "geometry": { "type": "Point", "coordinates": [ 72.7737364, 21.1380382 ] } },
{ "type": "Feature", "properties": { "element": "node", "id": 7106196777, "amenity": "restaurant", "shop": null, "name": "Shyam Kathiawadi Dhaba" }, "geometry": { "type": "Point", "coordinates": [ 72.8660789, 21.2306163 ] } },
{ "type": "Feature", "properties": { "element": "node", "id": 7550895754, "amenity": "fuel", "shop": null, "name": "Puna Kumbhariya Petrol Pump" }, "geometry": { "type": "Point", "coordinates": [ 72.8581855, 21.1913592 ] } },
{ "type": "Feature", "properties": { "element": "node", "id": 7590363935, "amenity": "hospital", "shop": null, "name": "Shadhdha Hospital" }, "geometry": { "type": "Point", "coordinates": [ 72.8414261, 21.1650225 ] } },
{ "type": "Feature", "properties": { "element": "node", "id": 7590363937, "amenity": "hospital", "shop": null, "name": "Pearl Children's Hospital" }, "geometry": { "type": "Point", "coordinates": [ 72.8143029, 21.1485207 ] } },
{ "type": "Feature", "properties": { "element": "node", "id": 7590363938, "amenity": "hospital", "shop": null, "name": "Smith Hospital" }, "geometry": { "type": "Point", "coordinates": [ 72.834092, 21.146537 ] } },
{ "type": "Feature", "properties": { "element": "node", "id": 7590363939, "amenity": "clinic", "shop": null, "name": "Goyal Clinic" }, "geometry": { "type": "Point", "coordinates": [ 72.840499100000017, 21.163412 ] } },
{ "type": "Feature", "properties": { "element": "node", "id": 7590363940, "amenity": "hospital", "shop": null, "name": "Shree Sai Hospital & Maternity Home" }, "geometry": { "type": "Point", "coordinates": [ 72.833475, 21.151248 ] } },
{ "type": "Feature", "properties": { "element": "node", "id": 7590363941, "amenity": "hospital", "shop": null, "name": "Chhaydo Jivanjyot Diagnostic & Health Centre" }, "geometry": { "type": "Point", "coordinates": [ 72.837984, 21.175143 ] } },
{ "type": "Feature", "properties": { "element": "node", "id": 7590363942, "amenity": "hospital", "shop": null, "name": "Dr. Jain Panchakarma Ayurvedic Hospital" }, "geometry": { "type": "Point", "coordinates": [ 72.8554103, 21.1285052 ] } },
{ "type": "Feature", "properties": { "element": "node", "id": 7590363943, "amenity": "hospital", "shop": null, "name": "Dev General Hospital" }, "geometry": { "type": "Point", "coordinates": [ 72.8317758, 21.1503302 ] } },
{ "type": "Feature", "properties": { "element": "node", "id": 7590363944, "amenity": "hospital", "shop": null, "name": "Shree Krupa Hospital" }, "geometry": { "type": "Point", "coordinates": [ 72.831944, 21.150392 ] } },
{ "type": "Feature", "properties": { "element": "node", "id": 7590363945, "amenity": "hospital", "shop": null, "name": "Shree Hospital" }, "geometry": { "type": "Point", "coordinates": [ 72.840963, 21.163227 ] } },
{ "type": "Feature", "properties": { "element": "node", "id": 7590363946, "amenity": "clinic", "shop": null, "name": "Apurva Clinic" }, "geometry": { "type": "Point", "coordinates": [ 72.8397964, 21.1683948 ] } },
{ "type": "Feature", "properties": { "element": "node", "id": 7590363947, "amenity": "clinic", "shop": null, "name": "Vijay Clinic" }, "geometry": { "type": "Point", "coordinates": [ 72.8332565, 21.1835035 ] } },
{ "type": "Feature", "properties": { "element": "node", "id": 7590363948, "amenity": "hospital", "shop": null, "name": "Ashirwad Hospital" }, "geometry": { "type": "Point", "coordinates": [ 72.8374993, 21.168189 ] } },
{ "type": "Feature", "properties": { "element": "node", "id": 7590363949, "amenity": "hospital", "shop": null, "name": "Samvedna Urology Hospital" }, "geometry": { "type": "Point", "coordinates": [ 72.834372, 21.151101 ] } },
{ "type": "Feature", "properties": { "element": "node", "id": 7590363951, "amenity": "clinic", "shop": null, "name": "Siddhi Vinayak Clinic" }, "geometry": { "type": "Point", "coordinates": [ 72.8322135, 21.1537465 ] } },
{ "type": "Feature", "properties": { "element": "node", "id": 7590363952, "amenity": "hospital", "shop": null, "name": "Shreya Hospital" }, "geometry": { "type": "Point", "coordinates": [ 72.833822, 21.151125 ] } },
{ "type": "Feature", "properties": { "element": "node", "id": 7590363953, "amenity": "hospital", "shop": null, "name": "Satyam Eye Hospital" }, "geometry": { "type": "Point", "coordinates": [ 72.841063, 21.16829 ] } },
{ "type": "Feature", "properties": { "element": "node", "id": 7590363954, "amenity": "clinic", "shop": null, "name": "Ayush Clinic" }, "geometry": { "type": "Point", "coordinates": [ 72.838013, 21.1546922 ] } },
{ "type": "Feature", "properties": { "element": "node", "id": 7590363956, "amenity": "hospital", "shop": null, "name": "Shree Hari Surgical & Laproscopy Centre" }, "geometry": { "type": "Point", "coordinates": [ 72.8323742, 21.1534995 ] } },
{ "type": "Feature", "properties": { "element": "node", "id": 7590363957, "amenity": "hospital", "shop": null, "name": "Gulshan Dhat ka Hospital" }, "geometry": { "type": "Point", "coordinates": [ 72.83142, 21.160426 ] } },
{ "type": "Feature", "properties": { "element": "node", "id": 7590363958, "amenity": "hospital", "shop": null, "name": "Heritage Hospital" }, "geometry": { "type": "Point", "coordinates": [ 72.827208, 21.171066 ] } },
{ "type": "Feature", "properties": { "element": "node", "id": 7590363959, "amenity": "clinic", "shop": null, "name": "Sanjivani Clinic" }, "geometry": { "type": "Point", "coordinates": [ 72.8376026, 21.1314512 ] } },
{ "type": "Feature", "properties": { "element": "node", "id": 7590363961, "amenity": "hospital", "shop": null, "name": "Shreyas Hospital" }, "geometry": { "type": "Point", "coordinates": [ 72.8217442, 21.1491032 ] } },
{ "type": "Feature", "properties": { "element": "node", "id": 7590363962, "amenity": "hospital", "shop": null, "name": "Sushil Children's Hospital" }, "geometry": { "type": "Point", "coordinates": [ 72.829734, 21.150071 ] } },
{ "type": "Feature", "properties": { "element": "node", "id": 7590363963, "amenity": "clinic", "shop": null, "name": "Suvidha Clinic" }, "geometry": { "type": "Point", "coordinates": [ 72.827639, 21.160193 ] } },
{ "type": "Feature", "properties": { "element": "node", "id": 7590363964, "amenity": "hospital", "shop": null, "name": "Matushree Multispeciality Hospital" }, "geometry": { "type": "Point", "coordinates": [ 72.8268366, 21.1547007 ] } },
{ "type": "Feature", "properties": { "element": "node", "id": 7590363965, "amenity": "hospital", "shop": null, "name": "Vardhman Hospital" }, "geometry": { "type": "Point", "coordinates": [ 72.840963, 21.167275 ] } },
{ "type": "Feature", "properties": { "element": "node", "id": 7590363966, "amenity": "hospital", "shop": null, "name": "Mansi Hospital & Prasuti Gruh" }, "geometry": { "type": "Point", "coordinates": [ 72.8327283, 21.154543 ] } },
{ "type": "Feature", "properties": { "element": "node", "id": 7590363967, "amenity": "hospital", "shop": null, "name": "Mahi Surgical Hospital" }, "geometry": { "type": "Point", "coordinates": [ 72.831702, 21.15961 ] } },
{ "type": "Feature", "properties": { "element": "node", "id": 7590363968, "amenity": "hospital", "shop": null, "name": "Dr. Chirag Modi Medical Hospital" }, "geometry": { "type": "Point", "coordinates": [ 72.8318711, 21.1728676 ] } },
{ "type": "Feature", "properties": { "element": "node", "id": 7590363969, "amenity": "hospital", "shop": null, "name": "Nahar Hospital" }, "geometry": { "type": "Point", "coordinates": [ 72.8320242, 21.1854085 ] } },
{ "type": "Feature", "properties": { "element": "node", "id": 7590363970, "amenity": "clinic", "shop": null, "name": "Parshva ENT & Dental Clinic" }, "geometry": { "type": "Point", "coordinates": [ 72.8398876, 21.1688085 ] } },
{ "type": "Feature", "properties": { "element": "node", "id": 7590363971, "amenity": "clinic", "shop": null, "name": "Gyatri Clinic" }, "geometry": { "type": "Point", "coordinates": [ 72.8375961, 21.1498512 ] } },
{ "type": "Feature", "properties": { "element": "node", "id": 7590363972, "amenity": "dentist", "shop": null, "name": "Manavsena Dental Clinic" }, "geometry": { "type": "Point", "coordinates": [ 72.8295059, 21.1500222 ] } },
{ "type": "Feature", "properties": { "element": "node", "id": 7590363974, "amenity": "hospital", "shop": null, "name": "Dream Children's Hospital" }, "geometry": { "type": "Point", "coordinates": [ 72.8329101, 21.1510658 ] } },
{ "type": "Feature", "properties": { "element": "node", "id": 7590363975, "amenity": "clinic", "shop": null, "name": "Vijayanagar Health Centre" }, "geometry": { "type": "Point", "coordinates": [ 72.837658, 21.156737 ] } },
{ "type": "Feature", "properties": { "element": "node", "id": 7590363976, "amenity": "hospital", "shop": null, "name": "Harsh Hospital" }, "geometry": { "type": "Point", "coordinates": [ 72.832634, 21.18547 ] } },
{ "type": "Feature", "properties": { "element": "node", "id": 7590363977, "amenity": "hospital", "shop": null, "name": "Lotus Eye & Chest Care Hospital" }, "geometry": { "type": "Point", "coordinates": [ 72.814271, 21.148656 ] } },
{ "type": "Feature", "properties": { "element": "node", "id": 7590363978, "amenity": "clinic", "shop": null, "name": "Krishna Clinic, Udhna" }, "geometry": { "type": "Point", "coordinates": [ 72.8210775, 21.14959 ] } },
{ "type": "Feature", "properties": { "element": "node", "id": 7590363979, "amenity": "hospital", "shop": null, "name": "Bansari Children Hospital" }, "geometry": { "type": "Point", "coordinates": [ 72.857299, 21.127621 ] } },
{ "type": "Feature", "properties": { "element": "node", "id": 7590363980, "amenity": "hospital", "shop": null, "name": "Dharm Jivan General Hospital & Trauma Centre" }, "geometry": { "type": "Point", "coordinates": [ 72.8254916, 21.1490105 ] } },
{ "type": "Feature", "properties": { "element": "node", "id": 7590363981, "amenity": "hospital", "shop": null, "name": "Shyam Surgical Hospital & Prasuti Gruh" }, "geometry": { "type": "Point", "coordinates": [ 72.825659, 21.149514 ] } },
{ "type": "Feature", "properties": { "element": "node", "id": 7590363983, "amenity": "hospital", "shop": null, "name": "Jash Eye Hospital" }, "geometry": { "type": "Point", "coordinates": [ 72.831377, 21.158608 ] } },
{ "type": "Feature", "properties": { "element": "node", "id": 7590363984, "amenity": "hospital", "shop": null, "name": "Unique Hospital" }, "geometry": { "type": "Point", "coordinates": [ 72.8261468, 21.1742707 ] } },
{ "type": "Feature", "properties": { "element": "node", "id": 7590363987, "amenity": "clinic", "shop": null, "name": "Safalya Clinic" }, "geometry": { "type": "Point", "coordinates": [ 72.838854, 21.151602 ] } },
{ "type": "Feature", "properties": { "element": "node", "id": 7590363988, "amenity": "hospital", "shop": null, "name": "Shifa Hospital" }, "geometry": { "type": "Point", "coordinates": [ 72.8410542, 21.1766 ] } },
{ "type": "Feature", "properties": { "element": "node", "id": 7590363990, "amenity": "hospital", "shop": null, "name": "Shreeji Hospital" }, "geometry": { "type": "Point", "coordinates": [ 72.8315783, 21.1600535 ] } },
{ "type": "Feature", "properties": { "element": "node", "id": 7590363991, "amenity": "hospital", "shop": null, "name": "Patna Hospital" }, "geometry": { "type": "Point", "coordinates": [ 72.8272744, 21.1599027 ] } },
{ "type": "Feature", "properties": { "element": "node", "id": 7590363992, "amenity": "clinic", "shop": null, "name": "Shree Shanti Clinic" }, "geometry": { "type": "Point", "coordinates": [ 72.8396206, 21.155517 ] } },
{ "type": "Feature", "properties": { "element": "node", "id": 7590363993, "amenity": "hospital", "shop": null, "name": "Harsh Hospital" }, "geometry": { "type": "Point", "coordinates": [ 72.81449, 21.148643 ] } },
{ "type": "Feature", "properties": { "element": "node", "id": 7590363994, "amenity": "clinic", "shop": null, "name": "Vaani Prasuti Gruh & Dental Clinic" }, "geometry": { "type": "Point", "coordinates": [ 72.831797, 21.156542 ] } },
{ "type": "Feature", "properties": { "element": "node", "id": 7590363995, "amenity": "doctors", "shop": null, "name": "Dr. Wankhede" }, "geometry": { "type": "Point", "coordinates": [ 72.8313517, 21.1474513 ] } },
{ "type": "Feature", "properties": { "element": "node", "id": 7590363996, "amenity": "hospital", "shop": null, "name": "Riddhi Surgicals Hospital" }, "geometry": { "type": "Point", "coordinates": [ 72.8272494, 21.1721277 ] } },
{ "type": "Feature", "properties": { "element": "node", "id": 7590363997, "amenity": "hospital", "shop": null, "name": "Krishna Hospital" }, "geometry": { "type": "Point", "coordinates": [ 72.838483, 21.150863 ] } },
{ "type": "Feature", "properties": { "element": "node", "id": 7590363999, "amenity": "hospital", "shop": null, "name": "Sharada Children Hospital & NICU" }, "geometry": { "type": "Point", "coordinates": [ 72.831806, 21.159084 ] } },
{ "type": "Feature", "properties": { "element": "node", "id": 7590364000, "amenity": "hospital", "shop": null, "name": "Pragna Surgical Hospital and Prasuti Gruh" }, "geometry": { "type": "Point", "coordinates": [ 72.824842, 21.150032 ] } },
{ "type": "Feature", "properties": { "element": "node", "id": 7590364001, "amenity": "hospital", "shop": null, "name": "Swami Vivekanand Netra Mandir" }, "geometry": { "type": "Point", "coordinates": [ 72.83169, 21.18323 ] } },
{ "type": "Feature", "properties": { "element": "node", "id": 7590364003, "amenity": "hospital", "shop": null, "name": "Vatsalya Children Hospital" }, "geometry": { "type": "Point", "coordinates": [ 72.8343668, 21.1845279 ] } },
{ "type": "Feature", "properties": { "element": "node", "id": 7590364004, "amenity": "hospital", "shop": null, "name": "Vasundhara Maternity Home & Women's Hospital" }, "geometry": { "type": "Point", "coordinates": [ 72.83434, 21.151134 ] } },
{ "type": "Feature", "properties": { "element": "node", "id": 7590364005, "amenity": "hospital", "shop": null, "name": "Shri Ji Hospital" }, "geometry": { "type": "Point", "coordinates": [ 72.8249666, 21.1442345 ] } },
{ "type": "Feature", "properties": { "element": "node", "id": 7590364006, "amenity": "hospital", "shop": null, "name": "Prachi Children Hospital" }, "geometry": { "type": "Point", "coordinates": [ 72.82765, 21.172225 ] } },
{ "type": "Feature", "properties": { "element": "node", "id": 7590364007, "amenity": "clinic", "shop": null, "name": "Shivkrupa Clinic" }, "geometry": { "type": "Point", "coordinates": [ 72.8258781, 21.1395002 ] } },
{ "type": "Feature", "properties": { "element": "node", "id": 7590364009, "amenity": "hospital", "shop": null, "name": "Atmadeep Eye Hospital" }, "geometry": { "type": "Point", "coordinates": [ 72.8358944, 21.1854865 ] } },
{ "type": "Feature", "properties": { "element": "node", "id": 7590364010, "amenity": "hospital", "shop": null, "name": "Shrey Hospital" }, "geometry": { "type": "Point", "coordinates": [ 72.8264595, 21.172693 ] } },
{ "type": "Feature", "properties": { "element": "node", "id": 7590364013, "amenity": "hospital", "shop": null, "name": "Swastik Hospital" }, "geometry": { "type": "Point", "coordinates": [ 72.8278338, 21.1461202 ] } },
{ "type": "Feature", "properties": { "element": "node", "id": 7590364014, "amenity": "hospital", "shop": null, "name": "Yogi Krupa Hospital" }, "geometry": { "type": "Point", "coordinates": [ 72.8257382, 21.145034 ] } },
{ "type": "Feature", "properties": { "element": "node", "id": 7590364015, "amenity": "hospital", "shop": null, "name": "Kamla Hospital" }, "geometry": { "type": "Point", "coordinates": [ 72.826874, 21.139729 ] } },
{ "type": "Feature", "properties": { "element": "node", "id": 7590364016, "amenity": "hospital", "shop": null, "name": "Mamta Children Hospital" }, "geometry": { "type": "Point", "coordinates": [ 72.839801, 21.16837 ] } },
{ "type": "Feature", "properties": { "element": "node", "id": 7590364017, "amenity": "hospital", "shop": null, "name": "Stem Cell Hospital" }, "geometry": { "type": "Point", "coordinates": [ 72.825688, 21.175153 ] } },
{ "type": "Feature", "properties": { "element": "node", "id": 7590364018, "amenity": "clinic", "shop": null, "name": "Amar Clinic and Nursing Home" }, "geometry": { "type": "Point", "coordinates": [ 72.835247, 21.138834 ] } },
{ "type": "Feature", "properties": { "element": "node", "id": 7590364019, "amenity": "clinic", "shop": null, "name": "Raj Clinic" }, "geometry": { "type": "Point", "coordinates": [ 72.852619, 21.132627 ] } },
{ "type": "Feature", "properties": { "element": "node", "id": 7590364020, "amenity": "hospital", "shop": null, "name": "Shivam Retina Hospital" }, "geometry": { "type": "Point", "coordinates": [ 72.8404686, 21.1776438 ] } },
{ "type": "Feature", "properties": { "element": "node", "id": 7590364021, "amenity": "hospital", "shop": null, "name": "Maulik Hospital" }, "geometry": { "type": "Point", "coordinates": [ 72.8315842, 21.184953 ] } },
{ "type": "Feature", "properties": { "element": "node", "id": 7590364022, "amenity": "hospital", "shop": null, "name": "Bhestan Care Multispeciality Hospital" }, "geometry": { "type": "Point", "coordinates": [ 72.8553624, 21.1251565 ] } },
{ "type": "Feature", "properties": { "element": "node", "id": 7590364023, "amenity": "hospital", "shop": null, "name": "Shri Hari Hospital" }, "geometry": { "type": "Point", "coordinates": [ 72.8309, 21.160746 ] } },
{ "type": "Feature", "properties": { "element": "node", "id": 7590364024, "amenity": "hospital", "shop": null, "name": "Siddharth General Hospital" }, "geometry": { "type": "Point", "coordinates": [ 72.855846, 21.126987 ] } },
{ "type": "Feature", "properties": { "element": "node", "id": 7590364025, "amenity": "hospital", "shop": null, "name": "Aastha Children Hospital" }, "geometry": { "type": "Point", "coordinates": [ 72.8525338, 21.132695 ] } },
{ "type": "Feature", "properties": { "element": "node", "id": 7590364026, "amenity": "hospital", "shop": null, "name": "Pujan Hospital" }, "geometry": { "type": "Point", "coordinates": [ 72.8305205, 21.184925 ] } },
{ "type": "Feature", "properties": { "element": "node", "id": 7590364027, "amenity": "hospital", "shop": null, "name": "Seva Hospital" }, "geometry": { "type": "Point", "coordinates": [ 72.844866, 21.151853 ] } },
{ "type": "Feature", "properties": { "element": "node", "id": 7590364028, "amenity": "hospital", "shop": null, "name": "Aarogyam Hospital, Udhna" }, "geometry": { "type": "Point", "coordinates": [ 72.8170943, 21.1484852 ] } },
{ "type": "Feature", "properties": { "element": "node", "id": 7590364030, "amenity": "hospital", "shop": null, "name": "Shivam Hospital" }, "geometry": { "type": "Point", "coordinates": [ 72.84097610000002, 21.1680027 ] } },
{ "type": "Feature", "properties": { "element": "node", "id": 7590364031, "amenity": "clinic", "shop": null, "name": "Kuntal ENT & Dental Hospital" }, "geometry": { "type": "Point", "coordinates": [ 72.839787, 21.168325 ] } },
{ "type": "Feature", "properties": { "element": "node", "id": 7590364032, "amenity": "hospital", "shop": null, "name": "Krishnavati Hospital" }, "geometry": { "type": "Point", "coordinates": [ 72.832534, 21.152866 ] } },
{ "type": "Feature", "properties": { "element": "node", "id": 7590364033, "amenity": "hospital", "shop": null, "name": "Kavita General Hospital & Prasuti Gruh" }, "geometry": { "type": "Point", "coordinates": [ 72.8334327, 21.1518382 ] } },
{ "type": "Feature", "properties": { "element": "node", "id": 7590364034, "amenity": "clinic", "shop": null, "name": "Shashwat Clinic" }, "geometry": { "type": "Point", "coordinates": [ 72.847678, 21.122958 ] } },
{ "type": "Feature", "properties": { "element": "node", "id": 7592471224, "amenity": "doctors", "shop": null, "name": "Dr. Ravindra" }, "geometry": { "type": "Point", "coordinates": [ 72.7917594, 21.2224352 ] } },
{ "type": "Feature", "properties": { "element": "node", "id": 7592471225, "amenity": "hospital", "shop": null, "name": "Madhuram Hospital" }, "geometry": { "type": "Point", "coordinates": [ 72.780475, 21.208918 ] } },
{ "type": "Feature", "properties": { "element": "node", "id": 7592471226, "amenity": "hospital", "shop": null, "name": "Jogi Ayurved Hospital" }, "geometry": { "type": "Point", "coordinates": [ 72.7988536, 21.1933702 ] } },
{ "type": "Feature", "properties": { "element": "node", "id": 7592471227, "amenity": "clinic", "shop": null, "name": "Payal Clinic, Tadwadi" }, "geometry": { "type": "Point", "coordinates": [ 72.797886, 21.206721 ] } },
{ "type": "Feature", "properties": { "element": "node", "id": 7592471228, "amenity": "hospital", "shop": null, "name": "Chetali Chat Hospital" }, "geometry": { "type": "Point", "coordinates": [ 72.788315400000016, 21.1967327 ] } },
{ "type": "Feature", "properties": { "element": "node", "id": 7592471229, "amenity": "hospital", "shop": null, "name": "LifeLine Multispeciality Hospital" }, "geometry": { "type": "Point", "coordinates": [ 72.7921518, 21.2154442 ] } },
{ "type": "Feature", "properties": { "element": "node", "id": 7592471230, "amenity": "dentist", "shop": null, "name": "The Dental Home" }, "geometry": { "type": "Point", "coordinates": [ 72.7896508, 21.19126 ] } },
{ "type": "Feature", "properties": { "element": "node", "id": 7592471231, "amenity": "hospital", "shop": null, "name": "Krishna Children Hospital" }, "geometry": { "type": "Point", "coordinates": [ 72.7825577, 21.2153129 ] } },
{ "type": "Feature", "properties": { "element": "node", "id": 7592471232, "amenity": "clinic", "shop": null, "name": "Sanjivini Homeopathic Clinic" }, "geometry": { "type": "Point", "coordinates": [ 72.772756, 21.211151 ] } },
{ "type": "Feature", "properties": { "element": "node", "id": 7592471233, "amenity": "dentist", "shop": null, "name": "Advance Dental Care" }, "geometry": { "type": "Point", "coordinates": [ 72.790013, 21.22019 ] } },
{ "type": "Feature", "properties": { "element": "node", "id": 7592471234, "amenity": "hospital", "shop": null, "name": "Sarvodaya ENT Hospital" }, "geometry": { "type": "Point", "coordinates": [ 72.8029498, 21.1941805 ] } },
{ "type": "Feature", "properties": { "element": "node", "id": 7592471235, "amenity": "hospital", "shop": null, "name": "Dr. Devang Naik's Eye Hospital" }, "geometry": { "type": "Point", "coordinates": [ 72.794622100000012, 21.209407 ] } },
{ "type": "Feature", "properties": { "element": "node", "id": 7592471236, "amenity": "hospital", "shop": null, "name": "Evershine Children Hospital" }, "geometry": { "type": "Point", "coordinates": [ 72.7880617, 21.2418052 ] } },
{ "type": "Feature", "properties": { "element": "node", "id": 7592471237, "amenity": "hospital", "shop": null, "name": "Aastha Eye Hospital" }, "geometry": { "type": "Point", "coordinates": [ 72.7857928, 21.2025535 ] } },
{ "type": "Feature", "properties": { "element": "node", "id": 7592471238, "amenity": "hospital", "shop": null, "name": "Mamta Hospital, Palanpur" }, "geometry": { "type": "Point", "coordinates": [ 72.7757501, 21.2052272 ] } },
{ "type": "Feature", "properties": { "element": "node", "id": 7592471239, "amenity": "clinic", "shop": null, "name": "Nishtha Physiotherapy Clinic" }, "geometry": { "type": "Point", "coordinates": [ 72.794892, 21.199024 ] } },
{ "type": "Feature", "properties": { "element": "node", "id": 7592471240, "amenity": "hospital", "shop": null, "name": "Kothari Policlinic Hospital" }, "geometry": { "type": "Point", "coordinates": [ 72.782273, 21.209817 ] } },
{ "type": "Feature", "properties": { "element": "node", "id": 7592471241, "amenity": "hospital", "shop": null, "name": "Aagam Ayurvedic Orthocare & Panchakarm Hospital" }, "geometry": { "type": "Point", "coordinates": [ 72.772813, 21.201034 ] } },
{ "type": "Feature", "properties": { "element": "node", "id": 7592471242, "amenity": "hospital", "shop": null, "name": "Abhishek Hospital, Morabhagal" }, "geometry": { "type": "Point", "coordinates": [ 72.7901392, 21.2196312 ] } },
{ "type": "Feature", "properties": { "element": "node", "id": 7592471244, "amenity": "dentist", "shop": null, "name": "Smile Care Dental Clinic" }, "geometry": { "type": "Point", "coordinates": [ 72.8010282, 21.2033857 ] } },
{ "type": "Feature", "properties": { "element": "node", "id": 7592471245, "amenity": "clinic", "shop": null, "name": "Gurukrupa Clinic" }, "geometry": { "type": "Point", "coordinates": [ 72.7880672, 21.220295 ] } },
{ "type": "Feature", "properties": { "element": "node", "id": 7592471246, "amenity": "hospital", "shop": null, "name": "Saumya Children Hospital" }, "geometry": { "type": "Point", "coordinates": [ 72.7794299, 21.1928242 ] } },
{ "type": "Feature", "properties": { "element": "node", "id": 7592471247, "amenity": "clinic", "shop": null, "name": "Jala Sai Clinic" }, "geometry": { "type": "Point", "coordinates": [ 72.7849589, 21.2151162 ] } },
{ "type": "Feature", "properties": { "element": "node", "id": 7592471248, "amenity": "hospital", "shop": null, "name": "Nana & RSVP UK Charitable Hospital" }, "geometry": { "type": "Point", "coordinates": [ 72.7957474, 21.2217833 ] } },
{ "type": "Feature", "properties": { "element": "node", "id": 7592471249, "amenity": "hospital", "shop": null, "name": "Ashirwad Orthopaedic & Multispeciality Hospital" }, "geometry": { "type": "Point", "coordinates": [ 72.7822157, 21.2107097 ] } },
{ "type": "Feature", "properties": { "element": "node", "id": 7592471250, "amenity": "hospital", "shop": null, "name": "Fracture Orthopaedic Hospital" }, "geometry": { "type": "Point", "coordinates": [ 72.7957102, 21.209089 ] } },
{ "type": "Feature", "properties": { "element": "node", "id": 7592471251, "amenity": "hospital", "shop": null, "name": "Sarnath Eye Hospital & Dental Clinic" }, "geometry": { "type": "Point", "coordinates": [ 72.7851024, 21.2048555 ] } },
{ "type": "Feature", "properties": { "element": "node", "id": 7592471252, "amenity": "clinic", "shop": null, "name": "Cure Clinic" }, "geometry": { "type": "Point", "coordinates": [ 72.7954247, 21.2218562 ] } },
{ "type": "Feature", "properties": { "element": "node", "id": 7592471253, "amenity": "hospital", "shop": null, "name": "Ashadeep Hospital" }, "geometry": { "type": "Point", "coordinates": [ 72.797701, 21.206909 ] } },
{ "type": "Feature", "properties": { "element": "node", "id": 7592471254, "amenity": "hospital", "shop": null, "name": "Datar Ayurved Hospital" }, "geometry": { "type": "Point", "coordinates": [ 72.777805, 21.1898052 ] } },
{ "type": "Feature", "properties": { "element": "node", "id": 7592471255, "amenity": "clinic", "shop": null, "name": "Asha Clinic" }, "geometry": { "type": "Point", "coordinates": [ 72.781364900000014, 21.2056397 ] } },
{ "type": "Feature", "properties": { "element": "node", "id": 7592471256, "amenity": "hospital", "shop": null, "name": "Ayurvedic Neuro Hospital & Research Centre" }, "geometry": { "type": "Point", "coordinates": [ 72.776563, 21.211685 ] } },
{ "type": "Feature", "properties": { "element": "node", "id": 7592471257, "amenity": "hospital", "shop": null, "name": "Shubham Hospital, Adajan" }, "geometry": { "type": "Point", "coordinates": [ 72.781798, 21.200381 ] } },
{ "type": "Feature", "properties": { "element": "node", "id": 7592471258, "amenity": "clinic", "shop": null, "name": "Manan Mind Care Clinic" }, "geometry": { "type": "Point", "coordinates": [ 72.7898756, 21.1893072 ] } },
{ "type": "Feature", "properties": { "element": "node", "id": 7592471259, "amenity": "hospital", "shop": null, "name": "Vijyalaxmi Hospital and Maternity Home" }, "geometry": { "type": "Point", "coordinates": [ 72.7945114, 21.1907392 ] } },
{ "type": "Feature", "properties": { "element": "node", "id": 7592471260, "amenity": "hospital", "shop": null, "name": "Subodh Hospital Children & General" }, "geometry": { "type": "Point", "coordinates": [ 72.78674, 21.231951 ] } },
{ "type": "Feature", "properties": { "element": "node", "id": 7592471261, "amenity": "dentist", "shop": null, "name": "Kothari Dental Care" }, "geometry": { "type": "Point", "coordinates": [ 72.7869866, 21.2028923 ] } },
{ "type": "Feature", "properties": { "element": "node", "id": 7592471262, "amenity": "hospital", "shop": null, "name": "Malavia Eye Hospital & Laser Centre" }, "geometry": { "type": "Point", "coordinates": [ 72.7863785, 21.193573 ] } },
{ "type": "Feature", "properties": { "element": "node", "id": 7592471263, "amenity": "clinic", "shop": null, "name": "Krishna Heart Centre" }, "geometry": { "type": "Point", "coordinates": [ 72.781238, 21.209178 ] } },
{ "type": "Feature", "properties": { "element": "node", "id": 7592471264, "amenity": "hospital", "shop": null, "name": "Shishu Care Children Hospital" }, "geometry": { "type": "Point", "coordinates": [ 72.7803395, 21.2090382 ] } },
{ "type": "Feature", "properties": { "element": "node", "id": 7592471265, "amenity": "doctors", "shop": null, "name": "Dr. Purvi Nehal Patel" }, "geometry": { "type": "Point", "coordinates": [ 72.798501, 21.193567 ] } },
{ "type": "Feature", "properties": { "element": "node", "id": 7592471266, "amenity": "hospital", "shop": null, "name": "Dhwani Hospital & ICCU" }, "geometry": { "type": "Point", "coordinates": [ 72.78697, 21.226248 ] } },
{ "type": "Feature", "properties": { "element": "node", "id": 7592471267, "amenity": "hospital", "shop": null, "name": "Foram Hospital" }, "geometry": { "type": "Point", "coordinates": [ 72.793089, 21.212703 ] } },
{ "type": "Feature", "properties": { "element": "node", "id": 7592471268, "amenity": "clinic", "shop": null, "name": "Ashirwad Acupuncture and Physiotherapy Clinic" }, "geometry": { "type": "Point", "coordinates": [ 72.792319, 21.21032 ] } },
{ "type": "Feature", "properties": { "element": "node", "id": 7592471269, "amenity": "hospital", "shop": null, "name": "Aamnya Hospital" }, "geometry": { "type": "Point", "coordinates": [ 72.7984168, 21.1938813 ] } },
{ "type": "Feature", "properties": { "element": "node", "id": 7592471270, "amenity": "hospital", "shop": null, "name": "Rushabh Child Care Hospital" }, "geometry": { "type": "Point", "coordinates": [ 72.8038158, 21.2003338 ] } },
{ "type": "Feature", "properties": { "element": "node", "id": 7592471271, "amenity": "hospital", "shop": null, "name": "V4U Hospital" }, "geometry": { "type": "Point", "coordinates": [ 72.775401, 21.2049855 ] } },
{ "type": "Feature", "properties": { "element": "node", "id": 7592471272, "amenity": "hospital", "shop": null, "name": "Kiran Hospital OPD Centre" }, "geometry": { "type": "Point", "coordinates": [ 72.793709, 21.199609 ] } },
{ "type": "Feature", "properties": { "element": "node", "id": 7592471273, "amenity": null, "shop": "mall", "name": "D-Mart" }, "geometry": { "type": "Point", "coordinates": [ 72.792736, 21.195421 ] } },
{ "type": "Feature", "properties": { "element": "node", "id": 7592471274, "amenity": "hospital", "shop": null, "name": "Amrutkalp Ayurvedic Panchkarma Hospital" }, "geometry": { "type": "Point", "coordinates": [ 72.8037953, 21.2003932 ] } },
{ "type": "Feature", "properties": { "element": "node", "id": 7592471275, "amenity": "hospital", "shop": null, "name": "Jaldhi Surgical Hospital" }, "geometry": { "type": "Point", "coordinates": [ 72.792842, 21.212954 ] } },
{ "type": "Feature", "properties": { "element": "node", "id": 7592471276, "amenity": "hospital", "shop": null, "name": "Dr. Miral Eye Care Hospital" }, "geometry": { "type": "Point", "coordinates": [ 72.7956742, 21.1896365 ] } },
{ "type": "Feature", "properties": { "element": "node", "id": 7592471277, "amenity": "hospital", "shop": null, "name": "Chakshusha Eye Hospital" }, "geometry": { "type": "Point", "coordinates": [ 72.7931898, 21.2134875 ] } },
{ "type": "Feature", "properties": { "element": "node", "id": 7592471278, "amenity": "clinic", "shop": null, "name": "Kasuji Lala Clinic" }, "geometry": { "type": "Point", "coordinates": [ 72.7947966, 21.2213725 ] } },
{ "type": "Feature", "properties": { "element": "node", "id": 7592471279, "amenity": "hospital", "shop": null, "name": "Garvit Hospital" }, "geometry": { "type": "Point", "coordinates": [ 72.787606, 21.19309 ] } },
{ "type": "Feature", "properties": { "element": "node", "id": 7592471280, "amenity": "clinic", "shop": null, "name": "Shree Clinic" }, "geometry": { "type": "Point", "coordinates": [ 72.790038, 21.200453 ] } },
{ "type": "Feature", "properties": { "element": "node", "id": 7592471281, "amenity": "hospital", "shop": null, "name": "Veer Hospital" }, "geometry": { "type": "Point", "coordinates": [ 72.7796261, 21.1898792 ] } },
{ "type": "Feature", "properties": { "element": "node", "id": 7592471282, "amenity": "clinic", "shop": null, "name": "Shrey Clinic" }, "geometry": { "type": "Point", "coordinates": [ 72.7704644, 21.2105112 ] } },
{ "type": "Feature", "properties": { "element": "node", "id": 7592471283, "amenity": "hospital", "shop": null, "name": "Arjav Hospital" }, "geometry": { "type": "Point", "coordinates": [ 72.7916281, 21.2139672 ] } },
{ "type": "Feature", "properties": { "element": "node", "id": 7592471284, "amenity": "dentist", "shop": null, "name": "Dental Planet - Dental Clinic" }, "geometry": { "type": "Point", "coordinates": [ 72.7828458, 21.19055 ] } },
{ "type": "Feature", "properties": { "element": "node", "id": 7592471286, "amenity": "hospital", "shop": null, "name": "Ujjaval Eye Hospital" }, "geometry": { "type": "Point", "coordinates": [ 72.8038181, 21.200458 ] } },
{ "type": "Feature", "properties": { "element": "node", "id": 7592471287, "amenity": "hospital", "shop": null, "name": "Ashirwad Eye Hospital" }, "geometry": { "type": "Point", "coordinates": [ 72.796648, 21.208179 ] } },
{ "type": "Feature", "properties": { "element": "node", "id": 7592471288, "amenity": "hospital", "shop": null, "name": "Medicare Hospital & ICU" }, "geometry": { "type": "Point", "coordinates": [ 72.7928748, 21.220995 ] } },
{ "type": "Feature", "properties": { "element": "node", "id": 7592471289, "amenity": "clinic", "shop": null, "name": "Chest Care Clinic Allergy and Sleep Centre" }, "geometry": { "type": "Point", "coordinates": [ 72.7909723, 21.2043937 ] } },
{ "type": "Feature", "properties": { "element": "node", "id": 7592471290, "amenity": "hospital", "shop": null, "name": "Kiaan Children Hospital & Dental Care" }, "geometry": { "type": "Point", "coordinates": [ 72.7808844, 21.2087442 ] } },
{ "type": "Feature", "properties": { "element": "node", "id": 7592471291, "amenity": "hospital", "shop": null, "name": "Apex Hospital & ICU" }, "geometry": { "type": "Point", "coordinates": [ 72.7694912, 21.200616 ] } },
{ "type": "Feature", "properties": { "element": "node", "id": 7592471292, "amenity": "hospital", "shop": null, "name": "Sanskruti Hospital, Rander" }, "geometry": { "type": "Point", "coordinates": [ 72.790822, 21.241874 ] } },
{ "type": "Feature", "properties": { "element": "node", "id": 7592471293, "amenity": "hospital", "shop": null, "name": "Desai's Hospital" }, "geometry": { "type": "Point", "coordinates": [ 72.8003479, 21.1926075 ] } },
{ "type": "Feature", "properties": { "element": "node", "id": 7592471294, "amenity": "hospital", "shop": null, "name": "Divija Eye Hospital" }, "geometry": { "type": "Point", "coordinates": [ 72.772886, 21.211065 ] } },
{ "type": "Feature", "properties": { "element": "node", "id": 7592471295, "amenity": "hospital", "shop": null, "name": "Manisha Maternity & Malhar Surgical Hospital" }, "geometry": { "type": "Point", "coordinates": [ 72.804704, 21.199772 ] } },
{ "type": "Feature", "properties": { "element": "node", "id": 7592471296, "amenity": "hospital", "shop": null, "name": "Garvit ENT Hospital" }, "geometry": { "type": "Point", "coordinates": [ 72.7916558, 21.188221 ] } },
{ "type": "Feature", "properties": { "element": "node", "id": 7592471297, "amenity": "hospital", "shop": null, "name": "Abhikshana Ayurvedic Hospital and Research Centre" }, "geometry": { "type": "Point", "coordinates": [ 72.7873335, 21.2032667 ] } },
{ "type": "Feature", "properties": { "element": "node", "id": 7592471298, "amenity": "dentist", "shop": null, "name": "Shilp Dental Clinic" }, "geometry": { "type": "Point", "coordinates": [ 72.781868, 21.201833 ] } },
{ "type": "Feature", "properties": { "element": "node", "id": 7592471299, "amenity": "hospital", "shop": null, "name": "Vidisha Eye Hospital" }, "geometry": { "type": "Point", "coordinates": [ 72.7885924, 21.237734 ] } },
{ "type": "Feature", "properties": { "element": "node", "id": 7592471300, "amenity": "dentist", "shop": null, "name": "Government Dental OPD" }, "geometry": { "type": "Point", "coordinates": [ 72.7709092, 21.2194555 ] } },
{ "type": "Feature", "properties": { "element": "node", "id": 7592471301, "amenity": "clinic", "shop": null, "name": "Cardiac Clinic" }, "geometry": { "type": "Point", "coordinates": [ 72.8083787, 21.200058 ] } },
{ "type": "Feature", "properties": { "element": "node", "id": 7592471302, "amenity": "hospital", "shop": null, "name": "Spanee Hospital" }, "geometry": { "type": "Point", "coordinates": [ 72.788204, 21.191887 ] } },
{ "type": "Feature", "properties": { "element": "node", "id": 7592471303, "amenity": "hospital", "shop": null, "name": "Vivek Children Hospital" }, "geometry": { "type": "Point", "coordinates": [ 72.786628, 21.193313 ] } },
{ "type": "Feature", "properties": { "element": "node", "id": 7592471304, "amenity": "clinic", "shop": null, "name": "Paritosh Clinic - Hair & Skin Care" }, "geometry": { "type": "Point", "coordinates": [ 72.7879962, 21.1970683 ] } },
{ "type": "Feature", "properties": { "element": "node", "id": 7592471305, "amenity": "clinic", "shop": null, "name": "Diya Neuro Clinic" }, "geometry": { "type": "Point", "coordinates": [ 72.7984946, 21.1937798 ] } },
{ "type": "Feature", "properties": { "element": "node", "id": 7592471306, "amenity": "clinic", "shop": null, "name": "Arham Physiotherapy Centre" }, "geometry": { "type": "Point", "coordinates": [ 72.776603, 21.211532 ] } },
{ "type": "Feature", "properties": { "element": "node", "id": 7592471307, "amenity": "hospital", "shop": null, "name": "Shrine Hospital" }, "geometry": { "type": "Point", "coordinates": [ 72.773083, 21.211236 ] } },
{ "type": "Feature", "properties": { "element": "node", "id": 7592471308, "amenity": "dentist", "shop": null, "name": "Sizzling Smiles Dental Clinic" }, "geometry": { "type": "Point", "coordinates": [ 72.7825111, 21.2024975 ] } },
{ "type": "Feature", "properties": { "element": "node", "id": 7592471309, "amenity": "hospital", "shop": null, "name": "Pahal Hospital" }, "geometry": { "type": "Point", "coordinates": [ 72.7903852, 21.222078 ] } },
{ "type": "Feature", "properties": { "element": "node", "id": 7592471310, "amenity": "clinic", "shop": null, "name": "Riddhi Clinic" }, "geometry": { "type": "Point", "coordinates": [ 72.7857961, 21.2328272 ] } },
{ "type": "Feature", "properties": { "element": "node", "id": 7592471312, "amenity": "hospital", "shop": null, "name": "Akshika Eye Hospital" }, "geometry": { "type": "Point", "coordinates": [ 72.7898613, 21.1893867 ] } },
{ "type": "Feature", "properties": { "element": "node", "id": 7592471313, "amenity": "clinic", "shop": null, "name": "Dr. Rajesh Modi Clinic" }, "geometry": { "type": "Point", "coordinates": [ 72.7915482, 21.1904145 ] } },
{ "type": "Feature", "properties": { "element": "node", "id": 7592471314, "amenity": "hospital", "shop": null, "name": "Dr. Nikita's Eye Hospital" }, "geometry": { "type": "Point", "coordinates": [ 72.783281, 21.183137 ] } },
{ "type": "Feature", "properties": { "element": "node", "id": 7592471315, "amenity": "clinic", "shop": null, "name": "Shreeji Clinic" }, "geometry": { "type": "Point", "coordinates": [ 72.7875174, 21.2085462 ] } },
{ "type": "Feature", "properties": { "element": "node", "id": 7592471316, "amenity": "hospital", "shop": null, "name": "Eva Hospital" }, "geometry": { "type": "Point", "coordinates": [ 72.787242, 21.193963 ] } },
{ "type": "Feature", "properties": { "element": "node", "id": 7592471317, "amenity": "clinic", "shop": null, "name": "Shree Sai Clinic, Dahin Nagar" }, "geometry": { "type": "Point", "coordinates": [ 72.7789158, 21.236846 ] } },
{ "type": "Feature", "properties": { "element": "node", "id": 7592471318, "amenity": "hospital", "shop": null, "name": "Hetvi Eye Hospital" }, "geometry": { "type": "Point", "coordinates": [ 72.779421, 21.192678 ] } },
{ "type": "Feature", "properties": { "element": "node", "id": 7592471319, "amenity": "clinic", "shop": null, "name": "Sai Clinic" }, "geometry": { "type": "Point", "coordinates": [ 72.7859746, 21.2325157 ] } },
{ "type": "Feature", "properties": { "element": "node", "id": 7592471320, "amenity": "clinic", "shop": null, "name": "Dev Clinic" }, "geometry": { "type": "Point", "coordinates": [ 72.7856705, 21.2025521 ] } },
{ "type": "Feature", "properties": { "element": "node", "id": 7592471321, "amenity": "hospital", "shop": null, "name": "Apoorva Hospital" }, "geometry": { "type": "Point", "coordinates": [ 72.780703, 21.186918 ] } },
{ "type": "Feature", "properties": { "element": "node", "id": 7592471322, "amenity": "hospital", "shop": null, "name": "Marigold Hospital" }, "geometry": { "type": "Point", "coordinates": [ 72.77514, 21.214026 ] } },
{ "type": "Feature", "properties": { "element": "node", "id": 7592471323, "amenity": "dentist", "shop": null, "name": "Jigar Dental Care" }, "geometry": { "type": "Point", "coordinates": [ 72.7825231, 21.2010715 ] } },
{ "type": "Feature", "properties": { "element": "node", "id": 7592471325, "amenity": "hospital", "shop": null, "name": "Pareenima Eye Hospital & Laboratory" }, "geometry": { "type": "Point", "coordinates": [ 72.788268, 21.191779 ] } },
{ "type": "Feature", "properties": { "element": "node", "id": 7592471326, "amenity": "clinic", "shop": null, "name": "Krunal Clinic" }, "geometry": { "type": "Point", "coordinates": [ 72.7869637, 21.2252082 ] } },
{ "type": "Feature", "properties": { "element": "node", "id": 7592471327, "amenity": "dentist", "shop": null, "name": "Atmiya Dental & Panchkarma Clinic" }, "geometry": { "type": "Point", "coordinates": [ 72.7884216, 21.222277 ] } },
{ "type": "Feature", "properties": { "element": "node", "id": 7592471328, "amenity": "hospital", "shop": null, "name": "Shree Multispeciality Hospital" }, "geometry": { "type": "Point", "coordinates": [ 72.7968577, 21.215775 ] } },
{ "type": "Feature", "properties": { "element": "node", "id": 7592471329, "amenity": "hospital", "shop": null, "name": "Masoom Children's Hospital" }, "geometry": { "type": "Point", "coordinates": [ 72.8003112, 21.1925535 ] } },
{ "type": "Feature", "properties": { "element": "node", "id": 7592471330, "amenity": "dentist", "shop": null, "name": "DantSetu Dental Clinic & Implant Centre" }, "geometry": { "type": "Point", "coordinates": [ 72.772044, 21.209612 ] } },
{ "type": "Feature", "properties": { "element": "node", "id": 7592471332, "amenity": "clinic", "shop": null, "name": "Wel-Baby Clinic" }, "geometry": { "type": "Point", "coordinates": [ 72.7971814, 21.1910985 ] } },
{ "type": "Feature", "properties": { "element": "node", "id": 7592471333, "amenity": "hospital", "shop": null, "name": "Sushrut Ayurveda & Panchakarma Hospital" }, "geometry": { "type": "Point", "coordinates": [ 72.7995395, 21.204994 ] } },
{ "type": "Feature", "properties": { "element": "node", "id": 7592471334, "amenity": "hospital", "shop": null, "name": "Ajay Orthopaedic Hospital" }, "geometry": { "type": "Point", "coordinates": [ 72.7983182, 21.1918845 ] } },
{ "type": "Feature", "properties": { "element": "node", "id": 7592471335, "amenity": "hospital", "shop": null, "name": "Juhi Hospital for Women" }, "geometry": { "type": "Point", "coordinates": [ 72.7950539, 21.2100613 ] } },
{ "type": "Feature", "properties": { "element": "node", "id": 7592471336, "amenity": "hospital", "shop": null, "name": "Arpan Children Hospital" }, "geometry": { "type": "Point", "coordinates": [ 72.781873, 21.202052 ] } },
{ "type": "Feature", "properties": { "element": "node", "id": 7592471337, "amenity": "dentist", "shop": null, "name": "Vedant Dental Care, Palanpur" }, "geometry": { "type": "Point", "coordinates": [ 72.7937178, 21.2035482 ] } },
{ "type": "Feature", "properties": { "element": "node", "id": 7592471338, "amenity": "hospital", "shop": null, "name": "Arogyam Hospital" }, "geometry": { "type": "Point", "coordinates": [ 72.789898, 21.194567 ] } },
{ "type": "Feature", "properties": { "element": "node", "id": 7592471339, "amenity": "clinic", "shop": null, "name": "Neel Aesthetic & Cosmetic Skin & Laser Clinic" }, "geometry": { "type": "Point", "coordinates": [ 72.796971, 21.207694 ] } },
{ "type": "Feature", "properties": { "element": "node", "id": 7592471340, "amenity": "hospital", "shop": null, "name": "Welcare Hospital" }, "geometry": { "type": "Point", "coordinates": [ 72.780395, 21.209004 ] } },
{ "type": "Feature", "properties": { "element": "node", "id": 7592471341, "amenity": "hospital", "shop": null, "name": "Amar Children Hospital" }, "geometry": { "type": "Point", "coordinates": [ 72.7923344, 21.2139067 ] } },
{ "type": "Feature", "properties": { "element": "node", "id": 7592471342, "amenity": "hospital", "shop": null, "name": "Wings Hospital" }, "geometry": { "type": "Point", "coordinates": [ 72.789775, 21.191752 ] } },
{ "type": "Feature", "properties": { "element": "node", "id": 7592471343, "amenity": "doctors", "shop": null, "name": "Dr. Ilyas I. Girach" }, "geometry": { "type": "Point", "coordinates": [ 72.8082881, 21.2039015 ] } },
{ "type": "Feature", "properties": { "element": "node", "id": 7592471344, "amenity": "clinic", "shop": null, "name": "MPJ ICare Laser Centre" }, "geometry": { "type": "Point", "coordinates": [ 72.79493, 21.188825 ] } },
{ "type": "Feature", "properties": { "element": "node", "id": 7592471345, "amenity": "dentist", "shop": null, "name": "Smile Dental Clinic" }, "geometry": { "type": "Point", "coordinates": [ 72.7966938, 21.1907203 ] } },
{ "type": "Feature", "properties": { "element": "node", "id": 7592471346, "amenity": "hospital", "shop": null, "name": "Ujjaval Eye Hospital Dental Clinic" }, "geometry": { "type": "Point", "coordinates": [ 72.784639, 21.196402 ] } },
{ "type": "Feature", "properties": { "element": "node", "id": 7592471347, "amenity": "clinic", "shop": null, "name": "Swayam Clinic" }, "geometry": { "type": "Point", "coordinates": [ 72.7751559, 21.2079132 ] } },
{ "type": "Feature", "properties": { "element": "node", "id": 7592471348, "amenity": "hospital", "shop": null, "name": "Shalby Hospital" }, "geometry": { "type": "Point", "coordinates": [ 72.8068956, 21.193089 ] } },
{ "type": "Feature", "properties": { "element": "node", "id": 7592471349, "amenity": "clinic", "shop": null, "name": "Parshwanath Clinic" }, "geometry": { "type": "Point", "coordinates": [ 72.7888031, 21.210919 ] } },
{ "type": "Feature", "properties": { "element": "node", "id": 7592471350, "amenity": "dentist", "shop": null, "name": "Samarth Dental Clinic" }, "geometry": { "type": "Point", "coordinates": [ 72.773002, 21.211356 ] } },
{ "type": "Feature", "properties": { "element": "node", "id": 7592471351, "amenity": "hospital", "shop": null, "name": "Sai Medical Hospital & Maternity Home" }, "geometry": { "type": "Point", "coordinates": [ 72.78182, 21.201658 ] } },
{ "type": "Feature", "properties": { "element": "node", "id": 7592471352, "amenity": "hospital", "shop": null, "name": "Shree Surgical, Maternity and Children Hospital" }, "geometry": { "type": "Point", "coordinates": [ 72.789477, 21.2212272 ] } },
{ "type": "Feature", "properties": { "element": "node", "id": 7592471353, "amenity": "hospital", "shop": null, "name": "Khushi ENT Hospital" }, "geometry": { "type": "Point", "coordinates": [ 72.7989054, 21.2061491 ] } },
{ "type": "Feature", "properties": { "element": "node", "id": 7592471354, "amenity": "hospital", "shop": null, "name": "Clear View Eye Hospital" }, "geometry": { "type": "Point", "coordinates": [ 72.787621, 21.193027 ] } },
{ "type": "Feature", "properties": { "element": "node", "id": 7592471355, "amenity": "dentist", "shop": null, "name": "Muskan Dental Care" }, "geometry": { "type": "Point", "coordinates": [ 72.7938256, 21.2168542 ] } },
{ "type": "Feature", "properties": { "element": "node", "id": 7592471356, "amenity": "clinic", "shop": null, "name": "Gandhi Prasuti Gruh and Laproscopy Centre" }, "geometry": { "type": "Point", "coordinates": [ 72.7766378, 21.2117142 ] } },
{ "type": "Feature", "properties": { "element": "node", "id": 7592765736, "amenity": "clinic", "shop": null, "name": "Dr. Patil's Dental Care & Oral Cancer Diagnostic Centre" }, "geometry": { "type": "Point", "coordinates": [ 72.758064, 21.1466625 ] } },
{ "type": "Feature", "properties": { "element": "node", "id": 7592765737, "amenity": "hospital", "shop": null, "name": "Ayushyam Children Hospital" }, "geometry": { "type": "Point", "coordinates": [ 72.7953751, 21.1440512 ] } },
{ "type": "Feature", "properties": { "element": "node", "id": 7592765738, "amenity": "hospital", "shop": null, "name": "Saachi Children Hospital" }, "geometry": { "type": "Point", "coordinates": [ 72.8191756, 21.17491 ] } },
{ "type": "Feature", "properties": { "element": "node", "id": 7592765739, "amenity": "hospital", "shop": null, "name": "Noble Multispeciality Hospital" }, "geometry": { "type": "Point", "coordinates": [ 72.773964, 21.13523 ] } },
{ "type": "Feature", "properties": { "element": "node", "id": 7592765740, "amenity": "hospital", "shop": null, "name": "Bansri Children Hospital" }, "geometry": { "type": "Point", "coordinates": [ 72.8158518, 21.1633137 ] } },
{ "type": "Feature", "properties": { "element": "node", "id": 7592765741, "amenity": "hospital", "shop": null, "name": "Ansh Hospital" }, "geometry": { "type": "Point", "coordinates": [ 72.7772693, 21.1564037 ] } },
{ "type": "Feature", "properties": { "element": "node", "id": 7592765742, "amenity": "doctors", "shop": null, "name": "Dr Upma Agrawal" }, "geometry": { "type": "Point", "coordinates": [ 72.774326, 21.16015 ] } },
{ "type": "Feature", "properties": { "element": "node", "id": 7592765743, "amenity": "hospital", "shop": null, "name": "Muve Hospital" }, "geometry": { "type": "Point", "coordinates": [ 72.797222, 21.1436197 ] } },
{ "type": "Feature", "properties": { "element": "node", "id": 7592765744, "amenity": "hospital", "shop": null, "name": "Shreeji Multispeciality Hospital" }, "geometry": { "type": "Point", "coordinates": [ 72.8178094, 21.1745672 ] } },
{ "type": "Feature", "properties": { "element": "node", "id": 7592765745, "amenity": "hospital", "shop": null, "name": "Anand Children Hospital" }, "geometry": { "type": "Point", "coordinates": [ 72.7786722, 21.1528414 ] } },
{ "type": "Feature", "properties": { "element": "node", "id": 7592765746, "amenity": "clinic", "shop": null, "name": "Sanjivani Physio Care" }, "geometry": { "type": "Point", "coordinates": [ 72.8153523, 21.1703367 ] } },
{ "type": "Feature", "properties": { "element": "node", "id": 7592765747, "amenity": "hospital", "shop": null, "name": "Shiv Netra General & Eye Hospital" }, "geometry": { "type": "Point", "coordinates": [ 72.808438, 21.1559306 ] } },
{ "type": "Feature", "properties": { "element": "node", "id": 7592765748, "amenity": "hospital", "shop": null, "name": "Jyoti Surgical & General Hospital" }, "geometry": { "type": "Point", "coordinates": [ 72.7968077, 21.1627025 ] } },
{ "type": "Feature", "properties": { "element": "node", "id": 7592765749, "amenity": "dentist", "shop": null, "name": "Dental Beats" }, "geometry": { "type": "Point", "coordinates": [ 72.8057905, 21.147406 ] } },
{ "type": "Feature", "properties": { "element": "node", "id": 7592765750, "amenity": "hospital", "shop": null, "name": "Florence Hospital" }, "geometry": { "type": "Point", "coordinates": [ 72.7757918, 21.154568 ] } },
{ "type": "Feature", "properties": { "element": "node", "id": 7592765751, "amenity": "hospital", "shop": null, "name": "Eye Q Super Speciality Eye Hospital" }, "geometry": { "type": "Point", "coordinates": [ 72.799228, 21.1779692 ] } },
{ "type": "Feature", "properties": { "element": "node", "id": 7592765752, "amenity": "hospital", "shop": null, "name": "Dhruv Orthopaedic & Surgical Hospital" }, "geometry": { "type": "Point", "coordinates": [ 72.8174438, 21.1756245 ] } },
{ "type": "Feature", "properties": { "element": "node", "id": 7592765753, "amenity": "hospital", "shop": null, "name": "Shivam Hospital" }, "geometry": { "type": "Point", "coordinates": [ 72.8171569, 21.1639084 ] } },
{ "type": "Feature", "properties": { "element": "node", "id": 7592765754, "amenity": "dentist", "shop": null, "name": "Shine N Smile Dental Clinic" }, "geometry": { "type": "Point", "coordinates": [ 72.7949561, 21.16867 ] } },
{ "type": "Feature", "properties": { "element": "node", "id": 7592765755, "amenity": "clinic", "shop": null, "name": "Green Leaf Hospital" }, "geometry": { "type": "Point", "coordinates": [ 72.77276, 21.149538 ] } },
{ "type": "Feature", "properties": { "element": "node", "id": 7592765756, "amenity": "clinic", "shop": null, "name": "Maa Clinic" }, "geometry": { "type": "Point", "coordinates": [ 72.8017706, 21.1464813 ] } },
{ "type": "Feature", "properties": { "element": "node", "id": 7592765757, "amenity": "hospital", "shop": null, "name": "Shraddha Maternity & Multispeciality Hospital" }, "geometry": { "type": "Point", "coordinates": [ 72.804746, 21.146386 ] } },
{ "type": "Feature", "properties": { "element": "node", "id": 7592765759, "amenity": "hospital", "shop": null, "name": "Pujara Eye Hospital" }, "geometry": { "type": "Point", "coordinates": [ 72.8060624, 21.1749415 ] } },
{ "type": "Feature", "properties": { "element": "node", "id": 7592765760, "amenity": "hospital", "shop": null, "name": "Prizma Eyecare Hospital" }, "geometry": { "type": "Point", "coordinates": [ 72.7893332, 21.1712723 ] } },
{ "type": "Feature", "properties": { "element": "node", "id": 7592765761, "amenity": "clinic", "shop": null, "name": "Shree Shubh Hospital and Infertility clinic" }, "geometry": { "type": "Point", "coordinates": [ 72.8098999, 21.1597673 ] } },
{ "type": "Feature", "properties": { "element": "node", "id": 7592765762, "amenity": "hospital", "shop": null, "name": "Sethi Hospital and Maternity Home" }, "geometry": { "type": "Point", "coordinates": [ 72.816813, 21.171881 ] } },
{ "type": "Feature", "properties": { "element": "node", "id": 7592765763, "amenity": "hospital", "shop": null, "name": "Sushrut Ayurved Hospital" }, "geometry": { "type": "Point", "coordinates": [ 72.773658, 21.163371 ] } },
{ "type": "Feature", "properties": { "element": "node", "id": 7592765764, "amenity": "dentist", "shop": null, "name": "Om Dental Clinic" }, "geometry": { "type": "Point", "coordinates": [ 72.8048347, 21.1463493 ] } },
{ "type": "Feature", "properties": { "element": "node", "id": 7592765765, "amenity": "doctors", "shop": null, "name": "Dr. Dharak Dholakia" }, "geometry": { "type": "Point", "coordinates": [ 72.8018968, 21.1398711 ] } },
{ "type": "Feature", "properties": { "element": "node", "id": 7592765766, "amenity": "hospital", "shop": null, "name": "Shivjoti Multispeciality Hopsital" }, "geometry": { "type": "Point", "coordinates": [ 72.809798, 21.1765574 ] } },
{ "type": "Feature", "properties": { "element": "node", "id": 7592765767, "amenity": "hospital", "shop": null, "name": "Gokani Rutam Maternity Hospital" }, "geometry": { "type": "Point", "coordinates": [ 72.8119524, 21.1741042 ] } },
{ "type": "Feature", "properties": { "element": "node", "id": 7592765768, "amenity": "hospital", "shop": null, "name": "Anant Multispeciality Hospital" }, "geometry": { "type": "Point", "coordinates": [ 72.7781574, 21.1402709 ] } },
{ "type": "Feature", "properties": { "element": "node", "id": 7592765769, "amenity": "dentist", "shop": null, "name": "DentiCare Dental Care Centre" }, "geometry": { "type": "Point", "coordinates": [ 72.79004, 21.172499 ] } },
{ "type": "Feature", "properties": { "element": "node", "id": 7592765770, "amenity": "hospital", "shop": null, "name": "Vision Eye Super Speciality Hospital" }, "geometry": { "type": "Point", "coordinates": [ 72.797516, 21.1737699 ] } },
{ "type": "Feature", "properties": { "element": "node", "id": 7592765771, "amenity": "clinic", "shop": null, "name": "Psy Lens Centre" }, "geometry": { "type": "Point", "coordinates": [ 72.774793, 21.16435 ] } },
{ "type": "Feature", "properties": { "element": "node", "id": 7592765772, "amenity": "clinic", "shop": null, "name": "Lalwala Skin Clinic" }, "geometry": { "type": "Point", "coordinates": [ 72.8171386, 21.176433 ] } },
{ "type": "Feature", "properties": { "element": "node", "id": 7592765773, "amenity": "clinic", "shop": null, "name": "Miraj Health Care & Nursing Home" }, "geometry": { "type": "Point", "coordinates": [ 72.7958003, 21.1674094 ] } },
{ "type": "Feature", "properties": { "element": "node", "id": 7592765774, "amenity": "clinic", "shop": null, "name": "Orkid Hospital & IVF Centre" }, "geometry": { "type": "Point", "coordinates": [ 72.772785, 21.149461 ] } },
{ "type": "Feature", "properties": { "element": "node", "id": 7592765775, "amenity": "hospital", "shop": null, "name": "Aman Hospital" }, "geometry": { "type": "Point", "coordinates": [ 72.796454, 21.165095 ] } },
{ "type": "Feature", "properties": { "element": "node", "id": 7592765776, "amenity": "hospital", "shop": null, "name": "Dev Hospital" }, "geometry": { "type": "Point", "coordinates": [ 72.809253, 21.1688281 ] } },
{ "type": "Feature", "properties": { "element": "node", "id": 7592765777, "amenity": "hospital", "shop": null, "name": "Sanjivani Hospital & ICCU Centre" }, "geometry": { "type": "Point", "coordinates": [ 72.812564, 21.164348 ] } },
{ "type": "Feature", "properties": { "element": "node", "id": 7592765778, "amenity": "hospital", "shop": null, "name": "VYOM Advanced Orthopaedic & Women's Hospital" }, "geometry": { "type": "Point", "coordinates": [ 72.799505, 21.153403 ] } },
{ "type": "Feature", "properties": { "element": "node", "id": 7592765779, "amenity": "clinic", "shop": null, "name": "Sattva Homoeopathic Clinic" }, "geometry": { "type": "Point", "coordinates": [ 72.79922, 21.144764 ] } },
{ "type": "Feature", "properties": { "element": "node", "id": 7592765780, "amenity": "clinic", "shop": null, "name": "Care Family Clinic & Skin Care" }, "geometry": { "type": "Point", "coordinates": [ 72.764933, 21.1420174 ] } },
{ "type": "Feature", "properties": { "element": "node", "id": 7592765781, "amenity": "hospital", "shop": null, "name": "Pavan Advanced Orthopaedic Hospital" }, "geometry": { "type": "Point", "coordinates": [ 72.781188, 21.1489029 ] } },
{ "type": "Feature", "properties": { "element": "node", "id": 7592765782, "amenity": "hospital", "shop": null, "name": "Shree Nandan Hospital & Test tube Baby Centre" }, "geometry": { "type": "Point", "coordinates": [ 72.804953, 21.17918 ] } },
{ "type": "Feature", "properties": { "element": "node", "id": 7592765783, "amenity": "hospital", "shop": null, "name": "Fairsight Eye Hospital" }, "geometry": { "type": "Point", "coordinates": [ 72.7953808, 21.1442111 ] } },
{ "type": "Feature", "properties": { "element": "node", "id": 7592765784, "amenity": "clinic", "shop": null, "name": "Sai Clinic" }, "geometry": { "type": "Point", "coordinates": [ 72.781211400000018, 21.143552 ] } },
{ "type": "Feature", "properties": { "element": "node", "id": 7592765785, "amenity": "hospital", "shop": null, "name": "Marina Grand Hospital" }, "geometry": { "type": "Point", "coordinates": [ 72.7609256, 21.1358355 ] } },
{ "type": "Feature", "properties": { "element": "node", "id": 7592765786, "amenity": "dentist", "shop": null, "name": "Harmony Multispeciality Dental Clinic" }, "geometry": { "type": "Point", "coordinates": [ 72.7973249, 21.143657 ] } },
{ "type": "Feature", "properties": { "element": "node", "id": 7592765787, "amenity": "hospital", "shop": null, "name": "Umiya Hospital" }, "geometry": { "type": "Point", "coordinates": [ 72.8171907, 21.1643872 ] } },
{ "type": "Feature", "properties": { "element": "node", "id": 7592765788, "amenity": "hospital", "shop": null, "name": "Shree Shubh Hospital & Infertility Clinic" }, "geometry": { "type": "Point", "coordinates": [ 72.809904, 21.1597077 ] } },
{ "type": "Feature", "properties": { "element": "node", "id": 7592765789, "amenity": "hospital", "shop": null, "name": "Sanjivni Hospital" }, "geometry": { "type": "Point", "coordinates": [ 72.7836042, 21.146682 ] } },
{ "type": "Feature", "properties": { "element": "node", "id": 7592765790, "amenity": "dentist", "shop": null, "name": "Adarsh Dental Care & Implant Centre" }, "geometry": { "type": "Point", "coordinates": [ 72.808651, 21.177805 ] } },
{ "type": "Feature", "properties": { "element": "node", "id": 7592765791, "amenity": "hospital", "shop": null, "name": "Ruta Hospital" }, "geometry": { "type": "Point", "coordinates": [ 72.8122449, 21.1718065 ] } },
{ "type": "Feature", "properties": { "element": "node", "id": 7592765792, "amenity": "clinic", "shop": null, "name": "Miraj Health Care" }, "geometry": { "type": "Point", "coordinates": [ 72.7761817, 21.1488404 ] } },
{ "type": "Feature", "properties": { "element": "node", "id": 7592765793, "amenity": "hospital", "shop": null, "name": "Suraj Hospital" }, "geometry": { "type": "Point", "coordinates": [ 72.8122386, 21.162039 ] } },
{ "type": "Feature", "properties": { "element": "node", "id": 7592765794, "amenity": "hospital", "shop": null, "name": "Sunshine Global Hospital" }, "geometry": { "type": "Point", "coordinates": [ 72.7702614, 21.1580702 ] } },
{ "type": "Feature", "properties": { "element": "node", "id": 7592765795, "amenity": "clinic", "shop": null, "name": "Bhutra's Polyclinic" }, "geometry": { "type": "Point", "coordinates": [ 72.794361, 21.16792 ] } },
{ "type": "Feature", "properties": { "element": "node", "id": 7592765796, "amenity": "hospital", "shop": null, "name": "Prathna Multispeciality Hospital" }, "geometry": { "type": "Point", "coordinates": [ 72.8057484, 21.147472 ] } },
{ "type": "Feature", "properties": { "element": "node", "id": 7592765797, "amenity": "hospital", "shop": null, "name": "Bansari Children Hospital, Althan" }, "geometry": { "type": "Point", "coordinates": [ 72.8099531, 21.159764 ] } },
{ "type": "Feature", "properties": { "element": "node", "id": 7592765798, "amenity": "clinic", "shop": null, "name": "Lalwala Skin Clinic, Bhimrad" }, "geometry": { "type": "Point", "coordinates": [ 72.804763, 21.143041 ] } },
{ "type": "Feature", "properties": { "element": "node", "id": 7592765799, "amenity": "clinic", "shop": null, "name": "Shishu Child Care Clinic" }, "geometry": { "type": "Point", "coordinates": [ 72.774214, 21.1352877 ] } },
{ "type": "Feature", "properties": { "element": "node", "id": 7592765800, "amenity": "hospital", "shop": null, "name": "Agrawal Hospital" }, "geometry": { "type": "Point", "coordinates": [ 72.795781, 21.166893 ] } },
{ "type": "Feature", "properties": { "element": "node", "id": 7592765801, "amenity": "hospital", "shop": null, "name": "Priya Women's Hospital" }, "geometry": { "type": "Point", "coordinates": [ 72.773903, 21.145547 ] } },
{ "type": "Feature", "properties": { "element": "node", "id": 7592765802, "amenity": "hospital", "shop": null, "name": "Ratnadeep Cancer Centre & Multispeciality Hospital" }, "geometry": { "type": "Point", "coordinates": [ 72.7977125, 21.1554722 ] } },
{ "type": "Feature", "properties": { "element": "node", "id": 7592765803, "amenity": "clinic", "shop": null, "name": "V-Care Clinic" }, "geometry": { "type": "Point", "coordinates": [ 72.7805433, 21.1474645 ] } },
{ "type": "Feature", "properties": { "element": "node", "id": 7592765804, "amenity": "hospital", "shop": null, "name": "Netram Eye Hospital & Corneal Centre" }, "geometry": { "type": "Point", "coordinates": [ 72.8164392, 21.1717655 ] } },
{ "type": "Feature", "properties": { "element": "node", "id": 7592765805, "amenity": "hospital", "shop": null, "name": "KCJ Hospital & Maternity Home" }, "geometry": { "type": "Point", "coordinates": [ 72.7957148, 21.1443409 ] } },
{ "type": "Feature", "properties": { "element": "node", "id": 7592765806, "amenity": "hospital", "shop": null, "name": "Ashish Hospital" }, "geometry": { "type": "Point", "coordinates": [ 72.804799, 21.146285 ] } },
{ "type": "Feature", "properties": { "element": "node", "id": 7592765807, "amenity": "hospital", "shop": null, "name": "Zankhana Maternity Hospital & Laproscopic Centre" }, "geometry": { "type": "Point", "coordinates": [ 72.7944403, 21.1752111 ] } },
{ "type": "Feature", "properties": { "element": "node", "id": 7592765808, "amenity": "hospital", "shop": null, "name": "Bombay Multi Speciality Hospital, Bhimrad" }, "geometry": { "type": "Point", "coordinates": [ 72.8049625, 21.1435164 ] } },
{ "type": "Feature", "properties": { "element": "node", "id": 7592765809, "amenity": "hospital", "shop": null, "name": "Dr. Rohan's Eye Hospital & Laser Centre" }, "geometry": { "type": "Point", "coordinates": [ 72.7958061, 21.1642327 ] } },
{ "type": "Feature", "properties": { "element": "node", "id": 7592765810, "amenity": "doctors", "shop": null, "name": "Dr. Dinesh C. Shah" }, "geometry": { "type": "Point", "coordinates": [ 72.7794495, 21.162947 ] } },
{ "type": "Feature", "properties": { "element": "node", "id": 7592765811, "amenity": "hospital", "shop": null, "name": "Tanish Orthopaedic & Women's Hospital" }, "geometry": { "type": "Point", "coordinates": [ 72.7734722, 21.1454524 ] } },
{ "type": "Feature", "properties": { "element": "node", "id": 7592765812, "amenity": "clinic", "shop": null, "name": "Re Shape Physiotherapy & Laser Centre" }, "geometry": { "type": "Point", "coordinates": [ 72.7731885, 21.148029 ] } },
{ "type": "Feature", "properties": { "element": "node", "id": 7592765813, "amenity": "dentist", "shop": null, "name": "Bhingradiya Dental Clinic" }, "geometry": { "type": "Point", "coordinates": [ 72.7760096, 21.1637982 ] } },
{ "type": "Feature", "properties": { "element": "node", "id": 7592765814, "amenity": "dentist", "shop": null, "name": "Dentistree Dental Clinic" }, "geometry": { "type": "Point", "coordinates": [ 72.7996317, 21.147102 ] } },
{ "type": "Feature", "properties": { "element": "node", "id": 7592765816, "amenity": "clinic", "shop": null, "name": "Shreeji Homoeopathy" }, "geometry": { "type": "Point", "coordinates": [ 72.7971397, 21.1435579 ] } },
{ "type": "Feature", "properties": { "element": "node", "id": 7592765817, "amenity": "hospital", "shop": null, "name": "Sanjeevani Multi Speciality Hospital" }, "geometry": { "type": "Point", "coordinates": [ 72.7730912, 21.1504624 ] } },
{ "type": "Feature", "properties": { "element": "node", "id": 7592765818, "amenity": "dentist", "shop": null, "name": "Umiya Dental Clinic" }, "geometry": { "type": "Point", "coordinates": [ 72.804257, 21.142223 ] } },
{ "type": "Feature", "properties": { "element": "node", "id": 7592765819, "amenity": "doctors", "shop": null, "name": "Dr. Jitender Pal Nishal" }, "geometry": { "type": "Point", "coordinates": [ 72.8136304, 21.167334 ] } },
{ "type": "Feature", "properties": { "element": "node", "id": 7592765820, "amenity": "dentist", "shop": null, "name": "Eversmilez Dental Care" }, "geometry": { "type": "Point", "coordinates": [ 72.8118695, 21.1612647 ] } },
{ "type": "Feature", "properties": { "element": "node", "id": 7592765821, "amenity": "hospital", "shop": null, "name": "Om Women's & Children Hospital" }, "geometry": { "type": "Point", "coordinates": [ 72.7871352, 21.142719 ] } },
{ "type": "Feature", "properties": { "element": "node", "id": 7592765822, "amenity": "hospital", "shop": null, "name": "Vikas Children Hospital" }, "geometry": { "type": "Point", "coordinates": [ 72.7963341, 21.1625868 ] } },
{ "type": "Feature", "properties": { "element": "node", "id": 7592765823, "amenity": "hospital", "shop": null, "name": "Harsh General Hospital" }, "geometry": { "type": "Point", "coordinates": [ 72.8099031, 21.1594505 ] } },
{ "type": "Feature", "properties": { "element": "node", "id": 7592765824, "amenity": "clinic", "shop": null, "name": "Vidya Eye Hospital" }, "geometry": { "type": "Point", "coordinates": [ 72.772815, 21.149517 ] } },
{ "type": "Feature", "properties": { "element": "node", "id": 7592765825, "amenity": "doctors", "shop": null, "name": "Dr. Saurabh Samadariya Cancer Specialist" }, "geometry": { "type": "Point", "coordinates": [ 72.8016922, 21.1317917 ] } },
{ "type": "Feature", "properties": { "element": "node", "id": 7592765826, "amenity": "clinic", "shop": null, "name": "Saaol Heart Centre" }, "geometry": { "type": "Point", "coordinates": [ 72.8116274, 21.1748062 ] } },
{ "type": "Feature", "properties": { "element": "node", "id": 7592765827, "amenity": "clinic", "shop": null, "name": "Roots Clinic" }, "geometry": { "type": "Point", "coordinates": [ 72.7923757, 21.1655144 ] } },
{ "type": "Feature", "properties": { "element": "node", "id": 7592765828, "amenity": "dentist", "shop": null, "name": "Oral Square" }, "geometry": { "type": "Point", "coordinates": [ 72.8034749, 21.1408108 ] } },
{ "type": "Feature", "properties": { "element": "node", "id": 7592765829, "amenity": "dentist", "shop": null, "name": "Royal Dental Care" }, "geometry": { "type": "Point", "coordinates": [ 72.769293, 21.1360304 ] } },
{ "type": "Feature", "properties": { "element": "node", "id": 7592765830, "amenity": "hospital", "shop": null, "name": "Jinwala Hospital" }, "geometry": { "type": "Point", "coordinates": [ 72.8057471, 21.1517542 ] } },
{ "type": "Feature", "properties": { "element": "node", "id": 7592765831, "amenity": "hospital", "shop": null, "name": "Saurabh Hospital" }, "geometry": { "type": "Point", "coordinates": [ 72.7889554, 21.170692 ] } },
{ "type": "Feature", "properties": { "element": "node", "id": 7592765832, "amenity": "hospital", "shop": null, "name": "Chinmaya Hospital" }, "geometry": { "type": "Point", "coordinates": [ 72.8085452, 21.17581 ] } },
{ "type": "Feature", "properties": { "element": "node", "id": 7592765833, "amenity": "clinic", "shop": null, "name": "Cedar Gynac & Gastro Clinic" }, "geometry": { "type": "Point", "coordinates": [ 72.8020192, 21.1397497 ] } },
{ "type": "Feature", "properties": { "element": "node", "id": 7592765835, "amenity": "clinic", "shop": null, "name": "Aakaar Pranic Healing Centre" }, "geometry": { "type": "Point", "coordinates": [ 72.7992379, 21.1651635 ] } },
{ "type": "Feature", "properties": { "element": "node", "id": 7592765836, "amenity": "hospital", "shop": null, "name": "Bombay Multi Speciality Hospital" }, "geometry": { "type": "Point", "coordinates": [ 72.795844, 21.166825 ] } },
{ "type": "Feature", "properties": { "element": "node", "id": 7592765837, "amenity": "dentist", "shop": null, "name": "About Face Dental & Maxillofacial Surgery Clinic" }, "geometry": { "type": "Point", "coordinates": [ 72.786656, 21.1690029 ] } },
{ "type": "Feature", "properties": { "element": "node", "id": 7592765838, "amenity": "hospital", "shop": null, "name": "Joshi Eye Hospital and Psychiatric Clinic" }, "geometry": { "type": "Point", "coordinates": [ 72.804840100000021, 21.1431427 ] } },
{ "type": "Feature", "properties": { "element": "node", "id": 7592765839, "amenity": "hospital", "shop": null, "name": "Savani Hospital" }, "geometry": { "type": "Point", "coordinates": [ 72.7777609, 21.1653007 ] } },
{ "type": "Feature", "properties": { "element": "node", "id": 7592765840, "amenity": "clinic", "shop": null, "name": "Ahaan Orthopaedic Clinic" }, "geometry": { "type": "Point", "coordinates": [ 72.7728284, 21.1493875 ] } },
{ "type": "Feature", "properties": { "element": "node", "id": 7592765841, "amenity": "hospital", "shop": null, "name": "Tejas Eye Hospital" }, "geometry": { "type": "Point", "coordinates": [ 72.7976084, 21.1770475 ] } },
{ "type": "Feature", "properties": { "element": "node", "id": 7592765842, "amenity": "hospital", "shop": null, "name": "Ishaan Maternity Hospital" }, "geometry": { "type": "Point", "coordinates": [ 72.7901523, 21.1718972 ] } },
{ "type": "Feature", "properties": { "element": "node", "id": 7592765843, "amenity": "hospital", "shop": null, "name": "Evergreen Hospital" }, "geometry": { "type": "Point", "coordinates": [ 72.8163998, 21.1716397 ] } },
{ "type": "Feature", "properties": { "element": "node", "id": 7592765844, "amenity": "doctors", "shop": null, "name": "Dr. Nainash Vankawala" }, "geometry": { "type": "Point", "coordinates": [ 72.7867192, 21.1690611 ] } },
{ "type": "Feature", "properties": { "element": "node", "id": 7592765845, "amenity": "clinic", "shop": null, "name": "Ashadeep Clinic" }, "geometry": { "type": "Point", "coordinates": [ 72.821445, 21.1678592 ] } },
{ "type": "Feature", "properties": { "element": "node", "id": 7592765846, "amenity": "hospital", "shop": null, "name": "Shah Hospital" }, "geometry": { "type": "Point", "coordinates": [ 72.7783659, 21.1577445 ] } },
{ "type": "Feature", "properties": { "element": "node", "id": 7592765847, "amenity": "hospital", "shop": null, "name": "Sri Sathya Sai Seva Sankul" }, "geometry": { "type": "Point", "coordinates": [ 72.8007544, 21.147492 ] } },
{ "type": "Feature", "properties": { "element": "node", "id": 7592765848, "amenity": "hospital", "shop": null, "name": "Mangukhiya Hospital" }, "geometry": { "type": "Point", "coordinates": [ 72.772861, 21.1493344 ] } },
{ "type": "Feature", "properties": { "element": "node", "id": 7592765849, "amenity": "hospital", "shop": null, "name": "Naveli Hospital" }, "geometry": { "type": "Point", "coordinates": [ 72.812701, 21.164681 ] } },
{ "type": "Feature", "properties": { "element": "node", "id": 7592765850, "amenity": "hospital", "shop": null, "name": "Adarsh Hospital" }, "geometry": { "type": "Point", "coordinates": [ 72.8092075, 21.1799615 ] } },
{ "type": "Feature", "properties": { "element": "node", "id": 7592765851, "amenity": "hospital", "shop": null, "name": "Narang Orthopaedic Hospital" }, "geometry": { "type": "Point", "coordinates": [ 72.8047993, 21.143244 ] } },
{ "type": "Feature", "properties": { "element": "node", "id": 7592765852, "amenity": "hospital", "shop": null, "name": "Keshavm Eye Care Hospital" }, "geometry": { "type": "Point", "coordinates": [ 72.801332, 21.1355767 ] } },
{ "type": "Feature", "properties": { "element": "node", "id": 7592765853, "amenity": "dentist", "shop": null, "name": "West Coast Dental & Cosmetic Care" }, "geometry": { "type": "Point", "coordinates": [ 72.7664149, 21.1468112 ] } },
{ "type": "Feature", "properties": { "element": "node", "id": 7592765854, "amenity": "dentist", "shop": null, "name": "Navada Multispeciality Dental Clinic" }, "geometry": { "type": "Point", "coordinates": [ 72.7760513, 21.1650379 ] } },
{ "type": "Feature", "properties": { "element": "node", "id": 7592765855, "amenity": "clinic", "shop": null, "name": "Swagat Maternity Clinic" }, "geometry": { "type": "Point", "coordinates": [ 72.7811547, 21.146722 ] } },
{ "type": "Feature", "properties": { "element": "node", "id": 7592765856, "amenity": "hospital", "shop": null, "name": "Terapanth Hospital" }, "geometry": { "type": "Point", "coordinates": [ 72.819241, 21.165856 ] } },
{ "type": "Feature", "properties": { "element": "node", "id": 7593104217, "amenity": "hospital", "shop": null, "name": "Gel General Hospital" }, "geometry": { "type": "Point", "coordinates": [ 72.8762333, 21.1664625 ] } },
{ "type": "Feature", "properties": { "element": "node", "id": 7593104218, "amenity": "hospital", "shop": null, "name": "Krishna General Hospital" }, "geometry": { "type": "Point", "coordinates": [ 72.8667622, 21.1532743 ] } },
{ "type": "Feature", "properties": { "element": "node", "id": 7593104219, "amenity": "hospital", "shop": null, "name": "Shreeji Hospital" }, "geometry": { "type": "Point", "coordinates": [ 72.872062400000019, 21.1670143 ] } },
{ "type": "Feature", "properties": { "element": "node", "id": 7593104220, "amenity": "hospital", "shop": null, "name": "Sri Dwarka Children Hospital" }, "geometry": { "type": "Point", "coordinates": [ 72.856145, 21.161679 ] } },
{ "type": "Feature", "properties": { "element": "node", "id": 7593104221, "amenity": "hospital", "shop": null, "name": "Om General Hospital" }, "geometry": { "type": "Point", "coordinates": [ 72.8707215, 21.1666678 ] } },
{ "type": "Feature", "properties": { "element": "node", "id": 7593104222, "amenity": "clinic", "shop": null, "name": "Gangaba Clinic" }, "geometry": { "type": "Point", "coordinates": [ 72.8666183, 21.1796795 ] } },
{ "type": "Feature", "properties": { "element": "node", "id": 7593104223, "amenity": "hospital", "shop": null, "name": "Samdani Maternity and General Hospital" }, "geometry": { "type": "Point", "coordinates": [ 72.8558459, 21.178944 ] } },
{ "type": "Feature", "properties": { "element": "node", "id": 7593104224, "amenity": "dentist", "shop": null, "name": "Shimla Nawaz Dental Clinic & Implant Centre" }, "geometry": { "type": "Point", "coordinates": [ 72.8566132, 21.1712429 ] } },
{ "type": "Feature", "properties": { "element": "node", "id": 7593104225, "amenity": "hospital", "shop": null, "name": "Devanshi Hospital" }, "geometry": { "type": "Point", "coordinates": [ 72.9608226, 21.1731985 ] } },
{ "type": "Feature", "properties": { "element": "node", "id": 7593104226, "amenity": "clinic", "shop": null, "name": "Chowdhary Clinic" }, "geometry": { "type": "Point", "coordinates": [ 72.958796, 21.1736188 ] } },
{ "type": "Feature", "properties": { "element": "node", "id": 7593104227, "amenity": "hospital", "shop": null, "name": "Vatsalya General Hospital & Maternity Home" }, "geometry": { "type": "Point", "coordinates": [ 72.87234, 21.163606 ] } },
{ "type": "Feature", "properties": { "element": "node", "id": 7593104228, "amenity": "clinic", "shop": null, "name": "Patil Clinic" }, "geometry": { "type": "Point", "coordinates": [ 72.87034, 21.157333 ] } },
{ "type": "Feature", "properties": { "element": "node", "id": 7593104229, "amenity": "clinic", "shop": null, "name": "Pearl Skin, Laser & Hair Transplant Centre" }, "geometry": { "type": "Point", "coordinates": [ 72.863926, 21.19019 ] } },
{ "type": "Feature", "properties": { "element": "node", "id": 7593104230, "amenity": "clinic", "shop": null, "name": "Kayakalpa Skin Care, Laser & Hair Transplant Centre" }, "geometry": { "type": "Point", "coordinates": [ 72.870341, 21.19074 ] } },
{ "type": "Feature", "properties": { "element": "node", "id": 7593104231, "amenity": "hospital", "shop": null, "name": "Max Hospital" }, "geometry": { "type": "Point", "coordinates": [ 72.8771636, 21.175494 ] } },
{ "type": "Feature", "properties": { "element": "node", "id": 7593104232, "amenity": "hospital", "shop": null, "name": "Kiran General Hospital" }, "geometry": { "type": "Point", "coordinates": [ 72.8661558, 21.1528547 ] } },
{ "type": "Feature", "properties": { "element": "node", "id": 7593104233, "amenity": "dentist", "shop": null, "name": "Smile Dental Care" }, "geometry": { "type": "Point", "coordinates": [ 72.8759233, 21.1660907 ] } },
{ "type": "Feature", "properties": { "element": "node", "id": 7593104234, "amenity": "hospital", "shop": null, "name": "Vasudev Dental Clinic & Multispeciality Dental Hospital" }, "geometry": { "type": "Point", "coordinates": [ 72.877369, 21.175457 ] } },
{ "type": "Feature", "properties": { "element": "node", "id": 7593104235, "amenity": "hospital", "shop": null, "name": "Siddhivinayak Medical Hospital" }, "geometry": { "type": "Point", "coordinates": [ 72.870483900000011, 21.1907779 ] } },
{ "type": "Feature", "properties": { "element": "node", "id": 7593104236, "amenity": "hospital", "shop": null, "name": "Rohit Hospital" }, "geometry": { "type": "Point", "coordinates": [ 72.860437, 21.159077 ] } },
{ "type": "Feature", "properties": { "element": "node", "id": 7593104237, "amenity": "hospital", "shop": null, "name": "Baba Memorial Hospital" }, "geometry": { "type": "Point", "coordinates": [ 72.867075, 21.155206 ] } },
{ "type": "Feature", "properties": { "element": "node", "id": 7593104238, "amenity": "clinic", "shop": null, "name": "Navjivan Clinic" }, "geometry": { "type": "Point", "coordinates": [ 72.8680143, 21.167568 ] } },
{ "type": "Feature", "properties": { "element": "node", "id": 7593104239, "amenity": "clinic", "shop": null, "name": "Western Railway Health Centre" }, "geometry": { "type": "Point", "coordinates": [ 72.8529113, 21.174503 ] } },
{ "type": "Feature", "properties": { "element": "node", "id": 7593104240, "amenity": "hospital", "shop": null, "name": "Care Hospital & Consultancy" }, "geometry": { "type": "Point", "coordinates": [ 72.8735973, 21.1669152 ] } },
{ "type": "Feature", "properties": { "element": "node", "id": 7593104241, "amenity": "hospital", "shop": null, "name": "Sai Krupa Hospital" }, "geometry": { "type": "Point", "coordinates": [ 72.858348300000017, 21.160752 ] } },
{ "type": "Feature", "properties": { "element": "node", "id": 7593104242, "amenity": "clinic", "shop": null, "name": "Shree Swamy Samarth Clinic" }, "geometry": { "type": "Point", "coordinates": [ 72.8624156, 21.172395 ] } },
{ "type": "Feature", "properties": { "element": "node", "id": 7593104243, "amenity": "dentist", "shop": null, "name": "True - Smile Dental Clinic" }, "geometry": { "type": "Point", "coordinates": [ 72.876523, 21.1581018 ] } },
{ "type": "Feature", "properties": { "element": "node", "id": 7593104244, "amenity": "hospital", "shop": null, "name": "Jivnajyoti Prasutigruh & General Hospital" }, "geometry": { "type": "Point", "coordinates": [ 72.87323, 21.166804 ] } },
{ "type": "Feature", "properties": { "element": "node", "id": 7593104245, "amenity": "clinic", "shop": null, "name": "Maa Krupa Clinic" }, "geometry": { "type": "Point", "coordinates": [ 72.8685176, 21.1776057 ] } },
{ "type": "Feature", "properties": { "element": "node", "id": 7593104246, "amenity": "hospital", "shop": null, "name": "Vinayak Orthopaedic Hospital" }, "geometry": { "type": "Point", "coordinates": [ 72.872023, 21.175462 ] } },
{ "type": "Feature", "properties": { "element": "node", "id": 7593104247, "amenity": "hospital", "shop": null, "name": "Satyam Hospital" }, "geometry": { "type": "Point", "coordinates": [ 72.8693118, 21.1728303 ] } },
{ "type": "Feature", "properties": { "element": "node", "id": 7593104248, "amenity": "hospital", "shop": null, "name": "Khushi Maternity and Gynec Hospital" }, "geometry": { "type": "Point", "coordinates": [ 72.869291, 21.17006 ] } },
{ "type": "Feature", "properties": { "element": "node", "id": 7593104249, "amenity": "clinic", "shop": null, "name": "Krishna Clinic, Limbayat" }, "geometry": { "type": "Point", "coordinates": [ 72.8695006, 21.1555262 ] } },
{ "type": "Feature", "properties": { "element": "node", "id": 7593104250, "amenity": "hospital", "shop": null, "name": "Darshana Children Hospital" }, "geometry": { "type": "Point", "coordinates": [ 72.961061, 21.172865 ] } },
{ "type": "Feature", "properties": { "element": "node", "id": 7593104251, "amenity": "clinic", "shop": null, "name": "Shubham Clinic, Parvat Patina" }, "geometry": { "type": "Point", "coordinates": [ 72.859178, 21.186493 ] } },
{ "type": "Feature", "properties": { "element": "node", "id": 7593104253, "amenity": "hospital", "shop": null, "name": "Rudransh Children Hospital" }, "geometry": { "type": "Point", "coordinates": [ 72.8719156, 21.180639 ] } },
{ "type": "Feature", "properties": { "element": "node", "id": 7593104254, "amenity": "clinic", "shop": null, "name": "Om Sai Clinic & Nursing Home" }, "geometry": { "type": "Point", "coordinates": [ 72.8613501, 21.1739025 ] } },
{ "type": "Feature", "properties": { "element": "node", "id": 7593104255, "amenity": "hospital", "shop": null, "name": "Mother Hospital" }, "geometry": { "type": "Point", "coordinates": [ 72.86532, 21.1878727 ] } },
{ "type": "Feature", "properties": { "element": "node", "id": 7593104256, "amenity": "hospital", "shop": null, "name": "Yashvi Hospital and Prasutigruh" }, "geometry": { "type": "Point", "coordinates": [ 72.8665292, 21.1676095 ] } },
{ "type": "Feature", "properties": { "element": "node", "id": 7593104257, "amenity": "hospital", "shop": null, "name": "Srishti Children & General Hospital" }, "geometry": { "type": "Point", "coordinates": [ 72.8720953, 21.1668353 ] } },
{ "type": "Feature", "properties": { "element": "node", "id": 7593104258, "amenity": "hospital", "shop": null, "name": "Hardik Hospital" }, "geometry": { "type": "Point", "coordinates": [ 72.868568, 21.174195 ] } },
{ "type": "Feature", "properties": { "element": "node", "id": 7593104259, "amenity": "hospital", "shop": null, "name": "Tripathi Charitable Hospital" }, "geometry": { "type": "Point", "coordinates": [ 72.863422, 21.157426 ] } },
{ "type": "Feature", "properties": { "element": "node", "id": 7593104260, "amenity": "clinic", "shop": null, "name": "Sanjivani Clinic" }, "geometry": { "type": "Point", "coordinates": [ 72.8645827, 21.1869068 ] } },
{ "type": "Feature", "properties": { "element": "node", "id": 7593104261, "amenity": "hospital", "shop": null, "name": "Kadodara Care Hospital" }, "geometry": { "type": "Point", "coordinates": [ 72.958149, 21.173694 ] } },
{ "type": "Feature", "properties": { "element": "node", "id": 7593104262, "amenity": "hospital", "shop": null, "name": "Navjivan Hospital, Limbayat" }, "geometry": { "type": "Point", "coordinates": [ 72.8708362, 21.1755673 ] } },
{ "type": "Feature", "properties": { "element": "node", "id": 7593104263, "amenity": "hospital", "shop": null, "name": "Krishna Children Hospital" }, "geometry": { "type": "Point", "coordinates": [ 72.8686708, 21.1935392 ] } },
{ "type": "Feature", "properties": { "element": "node", "id": 7593104264, "amenity": "clinic", "shop": null, "name": "Shiv Yog Health Centre" }, "geometry": { "type": "Point", "coordinates": [ 72.864555, 21.1855543 ] } },
{ "type": "Feature", "properties": { "element": "node", "id": 7593104265, "amenity": "hospital", "shop": null, "name": "Harshal Surgical Hospital" }, "geometry": { "type": "Point", "coordinates": [ 72.8688006, 21.190795 ] } },
{ "type": "Feature", "properties": { "element": "node", "id": 7593104266, "amenity": "clinic", "shop": null, "name": "Pratham Clinic" }, "geometry": { "type": "Point", "coordinates": [ 72.8651191, 21.1885163 ] } },
{ "type": "Feature", "properties": { "element": "node", "id": 7593104267, "amenity": "hospital", "shop": null, "name": "Rugved Women's Hospital" }, "geometry": { "type": "Point", "coordinates": [ 72.8719157, 21.1805172 ] } },
{ "type": "Feature", "properties": { "element": "node", "id": 7593104269, "amenity": "hospital", "shop": null, "name": "Mauli Hospital" }, "geometry": { "type": "Point", "coordinates": [ 72.870334, 21.157244 ] } },
{ "type": "Feature", "properties": { "element": "node", "id": 7593104270, "amenity": "hospital", "shop": null, "name": "Vision Eye Superspeciality Hospital" }, "geometry": { "type": "Point", "coordinates": [ 72.860403, 21.190349 ] } },
{ "type": "Feature", "properties": { "element": "node", "id": 7593104271, "amenity": "hospital", "shop": null, "name": "Vasu General Hospital" }, "geometry": { "type": "Point", "coordinates": [ 72.8720868, 21.1669453 ] } },
{ "type": "Feature", "properties": { "element": "node", "id": 7593104272, "amenity": "clinic", "shop": null, "name": "Heil Homeopathic Clinic" }, "geometry": { "type": "Point", "coordinates": [ 72.96607, 21.171183 ] } },
{ "type": "Feature", "properties": { "element": "node", "id": 7593104273, "amenity": "hospital", "shop": null, "name": "Garg Eye Hospital & Laser Centre" }, "geometry": { "type": "Point", "coordinates": [ 72.9608248, 21.171526 ] } },
{ "type": "Feature", "properties": { "element": "node", "id": 7593104274, "amenity": "hospital", "shop": null, "name": "Rohit Hospital" }, "geometry": { "type": "Point", "coordinates": [ 72.876847, 21.169938 ] } },
{ "type": "Feature", "properties": { "element": "node", "id": 7593104275, "amenity": "clinic", "shop": null, "name": "JSC Memorial Health Clinic" }, "geometry": { "type": "Point", "coordinates": [ 72.956999, 21.156257 ] } },
{ "type": "Feature", "properties": { "element": "node", "id": 7593104276, "amenity": "clinic", "shop": null, "name": "Sunita Clinic" }, "geometry": { "type": "Point", "coordinates": [ 72.866374, 21.15277 ] } },
{ "type": "Feature", "properties": { "element": "node", "id": 7593104277, "amenity": "hospital", "shop": null, "name": "Aayush Prasutigruh & General Hospital" }, "geometry": { "type": "Point", "coordinates": [ 72.863811, 21.183825 ] } },
{ "type": "Feature", "properties": { "element": "node", "id": 7593104278, "amenity": "hospital", "shop": null, "name": "Sanjivani Hospital" }, "geometry": { "type": "Point", "coordinates": [ 72.962482, 21.161895 ] } },
{ "type": "Feature", "properties": { "element": "node", "id": 7593104279, "amenity": "hospital", "shop": null, "name": "Kashiba Children Hospital, Godadara" }, "geometry": { "type": "Point", "coordinates": [ 72.872165, 21.1754975 ] } },
{ "type": "Feature", "properties": { "element": "node", "id": 7593104281, "amenity": "clinic", "shop": null, "name": "Jeevandeep Clinic" }, "geometry": { "type": "Point", "coordinates": [ 72.863863, 21.18626 ] } },
{ "type": "Feature", "properties": { "element": "node", "id": 7593104282, "amenity": "clinic", "shop": null, "name": "Atmiya Clinic & Nursing Home" }, "geometry": { "type": "Point", "coordinates": [ 72.8832357, 21.166056 ] } },
{ "type": "Feature", "properties": { "element": "node", "id": 7593104283, "amenity": "hospital", "shop": null, "name": "Shri Sai Children Hospital" }, "geometry": { "type": "Point", "coordinates": [ 72.8573263, 21.1674075 ] } },
{ "type": "Feature", "properties": { "element": "node", "id": 7593104284, "amenity": "clinic", "shop": null, "name": "Rudraksh Clinic" }, "geometry": { "type": "Point", "coordinates": [ 72.8563044, 21.161546 ] } },
{ "type": "Feature", "properties": { "element": "node", "id": 7593104285, "amenity": "hospital", "shop": null, "name": "Manjulaben Hospital" }, "geometry": { "type": "Point", "coordinates": [ 72.965881, 21.1712075 ] } },
{ "type": "Feature", "properties": { "element": "node", "id": 7593104286, "amenity": "hospital", "shop": null, "name": "Sejal Hospital & Akshar Maternity Home" }, "geometry": { "type": "Point", "coordinates": [ 72.966812, 21.169855 ] } },
{ "type": "Feature", "properties": { "element": "node", "id": 7593104287, "amenity": "hospital", "shop": null, "name": "Jyoti Children Hospital & NICU" }, "geometry": { "type": "Point", "coordinates": [ 72.871805, 21.183131 ] } },
{ "type": "Feature", "properties": { "element": "node", "id": 7593104288, "amenity": "clinic", "shop": null, "name": "Shree Krishna Clinic" }, "geometry": { "type": "Point", "coordinates": [ 72.866309, 21.17893 ] } },
{ "type": "Feature", "properties": { "element": "node", "id": 7593104289, "amenity": "hospital", "shop": null, "name": "Radhe Prasutigruh & Surgical Hospital" }, "geometry": { "type": "Point", "coordinates": [ 72.8720406, 21.1753983 ] } },
{ "type": "Feature", "properties": { "element": "node", "id": 7593104290, "amenity": "hospital", "shop": null, "name": "Shree Sai Hospital and Prasuthi Gruh" }, "geometry": { "type": "Point", "coordinates": [ 72.8617603, 21.1588273 ] } },
{ "type": "Feature", "properties": { "element": "node", "id": 7593104291, "amenity": "clinic", "shop": null, "name": "Hiral Clinic" }, "geometry": { "type": "Point", "coordinates": [ 72.8570304, 21.1751768 ] } },
{ "type": "Feature", "properties": { "element": "node", "id": 7593104292, "amenity": "hospital", "shop": null, "name": "Jyoti Women's Hospital" }, "geometry": { "type": "Point", "coordinates": [ 72.870372, 21.190712 ] } },
{ "type": "Feature", "properties": { "element": "node", "id": 7593104293, "amenity": "clinic", "shop": null, "name": "Gurukrupa Clinic" }, "geometry": { "type": "Point", "coordinates": [ 72.868209, 21.17616 ] } },
{ "type": "Feature", "properties": { "element": "node", "id": 7593104294, "amenity": "clinic", "shop": null, "name": "Swara Clinic" }, "geometry": { "type": "Point", "coordinates": [ 72.9749879, 21.1648522 ] } },
{ "type": "Feature", "properties": { "element": "node", "id": 7593104295, "amenity": "hospital", "shop": null, "name": "Apex Orthopaedic Hospital" }, "geometry": { "type": "Point", "coordinates": [ 72.8648232, 21.1897163 ] } },
{ "type": "Feature", "properties": { "element": "node", "id": 7593104296, "amenity": "hospital", "shop": null, "name": "Anupam Hospital" }, "geometry": { "type": "Point", "coordinates": [ 72.868732, 21.193565 ] } },
{ "type": "Feature", "properties": { "element": "node", "id": 7593104297, "amenity": "dentist", "shop": null, "name": "Shree Dental Clinic" }, "geometry": { "type": "Point", "coordinates": [ 72.8648105, 21.1897678 ] } },
{ "type": "Feature", "properties": { "element": "node", "id": 7593104298, "amenity": "hospital", "shop": null, "name": "Chirayu Hospital" }, "geometry": { "type": "Point", "coordinates": [ 72.8647498, 21.1898933 ] } },
{ "type": "Feature", "properties": { "element": "node", "id": 7593104299, "amenity": "hospital", "shop": null, "name": "Aakash Charitable General Hospital" }, "geometry": { "type": "Point", "coordinates": [ 72.863924, 21.157095 ] } },
{ "type": "Feature", "properties": { "element": "node", "id": 7593104300, "amenity": "clinic", "shop": null, "name": "Arpan Clinic" }, "geometry": { "type": "Point", "coordinates": [ 72.8699775, 21.1939843 ] } },
{ "type": "Feature", "properties": { "element": "node", "id": 7593104301, "amenity": "hospital", "shop": null, "name": "Ved Hospital" }, "geometry": { "type": "Point", "coordinates": [ 72.8719458, 21.1803058 ] } },
{ "type": "Feature", "properties": { "element": "node", "id": 7593104302, "amenity": "dentist", "shop": null, "name": "Prabhat Dental Hospital" }, "geometry": { "type": "Point", "coordinates": [ 72.8720463, 21.1596885 ] } },
{ "type": "Feature", "properties": { "element": "node", "id": 7593104303, "amenity": "hospital", "shop": null, "name": "K.B.C. Children Hospital" }, "geometry": { "type": "Point", "coordinates": [ 72.96607, 21.171256 ] } },
{ "type": "Feature", "properties": { "element": "node", "id": 7593104304, "amenity": "clinic", "shop": null, "name": "Kruti Clinic" }, "geometry": { "type": "Point", "coordinates": [ 72.959685, 21.154809 ] } },
{ "type": "Feature", "properties": { "element": "node", "id": 7593104305, "amenity": "hospital", "shop": null, "name": "Om Hospital" }, "geometry": { "type": "Point", "coordinates": [ 72.8616275, 21.1879408 ] } },
{ "type": "Feature", "properties": { "element": "node", "id": 7593104306, "amenity": "clinic", "shop": null, "name": "Madhav Physiotherapy and Fitness Centre" }, "geometry": { "type": "Point", "coordinates": [ 72.8789126, 21.174687 ] } },
{ "type": "Feature", "properties": { "element": "node", "id": 7593104307, "amenity": "hospital", "shop": null, "name": "Rudransh Children Hospital" }, "geometry": { "type": "Point", "coordinates": [ 72.865379, 21.188529 ] } },
{ "type": "Feature", "properties": { "element": "node", "id": 7593104308, "amenity": "hospital", "shop": null, "name": "Surat Surgical Hospital" }, "geometry": { "type": "Point", "coordinates": [ 72.857049, 21.161147 ] } },
{ "type": "Feature", "properties": { "element": "node", "id": 7593104309, "amenity": "hospital", "shop": null, "name": "Bhavna Nursing Home & General Hospital" }, "geometry": { "type": "Point", "coordinates": [ 72.859956, 21.17106 ] } },
{ "type": "Feature", "properties": { "element": "node", "id": 7593104310, "amenity": "hospital", "shop": null, "name": "Tulsi Multispeciality Hospital" }, "geometry": { "type": "Point", "coordinates": [ 72.8670478, 21.179708 ] } },
{ "type": "Feature", "properties": { "element": "node", "id": 7593104311, "amenity": "hospital", "shop": null, "name": "Pankaj General Hospital" }, "geometry": { "type": "Point", "coordinates": [ 72.8623337, 21.1726088 ] } },
{ "type": "Feature", "properties": { "element": "node", "id": 7593104312, "amenity": "hospital", "shop": null, "name": "Aastha Hospital and Dental Care" }, "geometry": { "type": "Point", "coordinates": [ 72.870548, 21.158287 ] } },
{ "type": "Feature", "properties": { "element": "node", "id": 7593104313, "amenity": "hospital", "shop": null, "name": "Siya Ayurvedic Panchkarm Hospital" }, "geometry": { "type": "Point", "coordinates": [ 72.872098, 21.190867 ] } },
{ "type": "Feature", "properties": { "element": "node", "id": 7593104314, "amenity": "clinic", "shop": null, "name": "Om Sai Clinic & Skin Care" }, "geometry": { "type": "Point", "coordinates": [ 72.8573317, 21.1746923 ] } },
{ "type": "Feature", "properties": { "element": "node", "id": 7593104315, "amenity": "hospital", "shop": null, "name": "Satyam Homeopathic Hospital" }, "geometry": { "type": "Point", "coordinates": [ 72.87685, 21.166501 ] } },
{ "type": "Feature", "properties": { "element": "node", "id": 7593104316, "amenity": "clinic", "shop": null, "name": "Unnati Clinic" }, "geometry": { "type": "Point", "coordinates": [ 72.8589209, 21.1899703 ] } },
{ "type": "Feature", "properties": { "element": "node", "id": 7593104317, "amenity": "clinic", "shop": null, "name": "City Health Centre, Dindoli" }, "geometry": { "type": "Point", "coordinates": [ 72.865635, 21.15686 ] } },
{ "type": "Feature", "properties": { "element": "node", "id": 7593104318, "amenity": "hospital", "shop": null, "name": "Max Hospital" }, "geometry": { "type": "Point", "coordinates": [ 72.867952, 21.177894 ] } },
{ "type": "Feature", "properties": { "element": "node", "id": 7593104319, "amenity": "clinic", "shop": null, "name": "Sanjivani Clinic & Child Care" }, "geometry": { "type": "Point", "coordinates": [ 72.8630481, 21.1647315 ] } },
{ "type": "Feature", "properties": { "element": "node", "id": 7593104320, "amenity": "doctors", "shop": null, "name": "Dr. Jayesh D.Shah" }, "geometry": { "type": "Point", "coordinates": [ 72.8551376, 21.1784193 ] } },
{ "type": "Feature", "properties": { "element": "node", "id": 7593104321, "amenity": "clinic", "shop": null, "name": "Unity Orthocare" }, "geometry": { "type": "Point", "coordinates": [ 72.9668359, 21.1696565 ] } },
{ "type": "Feature", "properties": { "element": "node", "id": 7593104322, "amenity": "clinic", "shop": null, "name": "Limbayat Health Centre & Nursing Home" }, "geometry": { "type": "Point", "coordinates": [ 72.856792, 21.176029 ] } },
{ "type": "Feature", "properties": { "element": "node", "id": 7593104323, "amenity": "hospital", "shop": null, "name": "Pulse Hospital" }, "geometry": { "type": "Point", "coordinates": [ 72.871665, 21.171978 ] } },
{ "type": "Feature", "properties": { "element": "node", "id": 7593104324, "amenity": "hospital", "shop": null, "name": "Sarti General Hospital & Prasuti Gruh" }, "geometry": { "type": "Point", "coordinates": [ 72.868797, 21.175631 ] } },
{ "type": "Feature", "properties": { "element": "node", "id": 7593104325, "amenity": "hospital", "shop": null, "name": "Darshan Hospital" }, "geometry": { "type": "Point", "coordinates": [ 72.8588964, 21.1707455 ] } },
{ "type": "Feature", "properties": { "element": "node", "id": 7593104326, "amenity": "clinic", "shop": null, "name": "Aastha Homeopathy Skin Care Clinic" }, "geometry": { "type": "Point", "coordinates": [ 72.860532, 21.188289 ] } },
{ "type": "Feature", "properties": { "element": "node", "id": 7593104327, "amenity": "doctors", "shop": null, "name": "Dr. Pravin House" }, "geometry": { "type": "Point", "coordinates": [ 72.8932569, 21.1920572 ] } },
{ "type": "Feature", "properties": { "element": "node", "id": 7593104328, "amenity": "clinic", "shop": null, "name": "Krishna Clinic, Dindoli" }, "geometry": { "type": "Point", "coordinates": [ 72.8735464, 21.1583575 ] } },
{ "type": "Feature", "properties": { "element": "node", "id": 7593104329, "amenity": "hospital", "shop": null, "name": "Miracle Kids ICU" }, "geometry": { "type": "Point", "coordinates": [ 72.8699764, 21.1932565 ] } },
{ "type": "Feature", "properties": { "element": "node", "id": 7593104330, "amenity": "hospital", "shop": null, "name": "Khushi Women's Hospital" }, "geometry": { "type": "Point", "coordinates": [ 72.8688149, 21.1906535 ] } },
{ "type": "Feature", "properties": { "element": "node", "id": 7593104332, "amenity": "hospital", "shop": null, "name": "Khushi Hospital & Prasuti Gruh" }, "geometry": { "type": "Point", "coordinates": [ 72.8663565, 21.1815708 ] } },
{ "type": "Feature", "properties": { "element": "node", "id": 7593104333, "amenity": "clinic", "shop": null, "name": "Aakash Care & Cure" }, "geometry": { "type": "Point", "coordinates": [ 72.8711242, 21.16493 ] } },
{ "type": "Feature", "properties": { "element": "node", "id": 7593104334, "amenity": "hospital", "shop": null, "name": "Unity Trauma Centre & ICU" }, "geometry": { "type": "Point", "coordinates": [ 72.860089, 21.193221 ] } },
{ "type": "Feature", "properties": { "element": "node", "id": 7593104335, "amenity": "dentist", "shop": null, "name": "Dentricks Dental Clinic" }, "geometry": { "type": "Point", "coordinates": [ 72.9593516, 21.1723217 ] } },
{ "type": "Feature", "properties": { "element": "node", "id": 7593104336, "amenity": "hospital", "shop": null, "name": "Punit Orthopaedic Hospital" }, "geometry": { "type": "Point", "coordinates": [ 72.9613046, 21.1677017 ] } },
{ "type": "Feature", "properties": { "element": "node", "id": 7593104337, "amenity": "clinic", "shop": null, "name": "Param Clinic" }, "geometry": { "type": "Point", "coordinates": [ 72.877265, 21.175445 ] } },
{ "type": "Feature", "properties": { "element": "node", "id": 7595333010, "amenity": "dentist", "shop": null, "name": "Shree Krishna Dental Hospital" }, "geometry": { "type": "Point", "coordinates": [ 72.90129, 21.2298 ] } },
{ "type": "Feature", "properties": { "element": "node", "id": 7595333011, "amenity": "clinic", "shop": null, "name": "Jivandeep Skin & Hair Clinic" }, "geometry": { "type": "Point", "coordinates": [ 72.8686691, 21.2133855 ] } },
{ "type": "Feature", "properties": { "element": "node", "id": 7595333012, "amenity": "hospital", "shop": null, "name": "Kabariya Hospital & Prasutigruh" }, "geometry": { "type": "Point", "coordinates": [ 72.861841, 21.214301 ] } },
{ "type": "Feature", "properties": { "element": "node", "id": 7595333013, "amenity": "dentist", "shop": null, "name": "Jaymangal Dental Clinic" }, "geometry": { "type": "Point", "coordinates": [ 72.8641398, 21.2072845 ] } },
{ "type": "Feature", "properties": { "element": "node", "id": 7595333014, "amenity": "dentist", "shop": null, "name": "Vaghani Dental Clinic" }, "geometry": { "type": "Point", "coordinates": [ 72.886066, 21.224057 ] } },
{ "type": "Feature", "properties": { "element": "node", "id": 7595333015, "amenity": "hospital", "shop": null, "name": "Shiv Natural Acupuncture Hospital" }, "geometry": { "type": "Point", "coordinates": [ 72.887216, 21.217749 ] } },
{ "type": "Feature", "properties": { "element": "node", "id": 7595333016, "amenity": "hospital", "shop": null, "name": "Shree Satyay Hospital" }, "geometry": { "type": "Point", "coordinates": [ 72.885828, 21.21413 ] } },
{ "type": "Feature", "properties": { "element": "node", "id": 7595333017, "amenity": "hospital", "shop": null, "name": "Chovatiya Eye Hospital" }, "geometry": { "type": "Point", "coordinates": [ 72.9089827, 21.235739 ] } },
{ "type": "Feature", "properties": { "element": "node", "id": 7595333018, "amenity": "hospital", "shop": null, "name": "Deep Children Hospital" }, "geometry": { "type": "Point", "coordinates": [ 72.888323, 21.21508 ] } },
{ "type": "Feature", "properties": { "element": "node", "id": 7595333019, "amenity": "hospital", "shop": null, "name": "Nexes A Orthopaedic Hospital" }, "geometry": { "type": "Point", "coordinates": [ 72.8731969, 21.2092015 ] } },
{ "type": "Feature", "properties": { "element": "node", "id": 7595333020, "amenity": "hospital", "shop": null, "name": "Virdiya Hospital" }, "geometry": { "type": "Point", "coordinates": [ 72.888076, 21.215083 ] } },
{ "type": "Feature", "properties": { "element": "node", "id": 7595333021, "amenity": "hospital", "shop": null, "name": "Swara General Hospital & Prasutigruh" }, "geometry": { "type": "Point", "coordinates": [ 72.8986296, 21.222878 ] } },
{ "type": "Feature", "properties": { "element": "node", "id": 7595333022, "amenity": "clinic", "shop": null, "name": "Care Clinic" }, "geometry": { "type": "Point", "coordinates": [ 72.8825585, 21.2182915 ] } },
{ "type": "Feature", "properties": { "element": "node", "id": 7595333023, "amenity": "hospital", "shop": null, "name": "Care Children & General Hospital" }, "geometry": { "type": "Point", "coordinates": [ 72.9000539, 21.2293947 ] } },
{ "type": "Feature", "properties": { "element": "node", "id": 7595333024, "amenity": "hospital", "shop": null, "name": "Param Hospital" }, "geometry": { "type": "Point", "coordinates": [ 72.872435700000011, 21.1968183 ] } },
{ "type": "Feature", "properties": { "element": "node", "id": 7595333025, "amenity": "hospital", "shop": null, "name": "Diamond Hospital" }, "geometry": { "type": "Point", "coordinates": [ 72.8844052, 21.2200333 ] } },
{ "type": "Feature", "properties": { "element": "node", "id": 7595333026, "amenity": "hospital", "shop": null, "name": "Vivan Surgical Hospital" }, "geometry": { "type": "Point", "coordinates": [ 72.8904916, 21.2180315 ] } },
{ "type": "Feature", "properties": { "element": "node", "id": 7595333027, "amenity": "hospital", "shop": null, "name": "Bal Krushna Children Hospital" }, "geometry": { "type": "Point", "coordinates": [ 72.875891, 21.219612 ] } },
{ "type": "Feature", "properties": { "element": "node", "id": 7595333028, "amenity": "hospital", "shop": null, "name": "Radhe Surgical Hospital & Laproscopic Centre" }, "geometry": { "type": "Point", "coordinates": [ 72.8898178, 21.2258372 ] } },
{ "type": "Feature", "properties": { "element": "node", "id": 7595333029, "amenity": "hospital", "shop": null, "name": "Savaliya General Hospital" }, "geometry": { "type": "Point", "coordinates": [ 72.8918545, 21.211381 ] } },
{ "type": "Feature", "properties": { "element": "node", "id": 7595333031, "amenity": "hospital", "shop": null, "name": "Vedant Hospital & ICU" }, "geometry": { "type": "Point", "coordinates": [ 72.884431, 21.223357 ] } },
{ "type": "Feature", "properties": { "element": "node", "id": 7595333032, "amenity": "hospital", "shop": null, "name": "Anupam Multispeciality Hospital" }, "geometry": { "type": "Point", "coordinates": [ 72.8688828, 21.1988328 ] } },
{ "type": "Feature", "properties": { "element": "node", "id": 7595333033, "amenity": "clinic", "shop": null, "name": "Dharti Skin Care" }, "geometry": { "type": "Point", "coordinates": [ 72.8687896, 21.2060157 ] } },
{ "type": "Feature", "properties": { "element": "node", "id": 7595333034, "amenity": "hospital", "shop": null, "name": "Shayona Multispeciality Hospital" }, "geometry": { "type": "Point", "coordinates": [ 72.870609, 21.201868 ] } },
{ "type": "Feature", "properties": { "element": "node", "id": 7595333035, "amenity": "clinic", "shop": null, "name": "Virani Cilnic & Prasuti Gruh" }, "geometry": { "type": "Point", "coordinates": [ 72.87574, 21.2115655 ] } },
{ "type": "Feature", "properties": { "element": "node", "id": 7595333036, "amenity": "hospital", "shop": null, "name": "Hetarth Children Hospital" }, "geometry": { "type": "Point", "coordinates": [ 72.8627484, 21.216397 ] } },
{ "type": "Feature", "properties": { "element": "node", "id": 7595333037, "amenity": "clinic", "shop": null, "name": "Radhe Krishna Clinic" }, "geometry": { "type": "Point", "coordinates": [ 72.8678358, 21.2009358 ] } },
{ "type": "Feature", "properties": { "element": "node", "id": 7595333038, "amenity": "hospital", "shop": null, "name": "Mangaldeep Surgical Hospital & Laproscopic Centre" }, "geometry": { "type": "Point", "coordinates": [ 72.8645959, 21.2160763 ] } },
{ "type": "Feature", "properties": { "element": "node", "id": 7595333039, "amenity": "hospital", "shop": null, "name": "Mantra Hospital & ICU & Physiotherapy" }, "geometry": { "type": "Point", "coordinates": [ 72.8906, 21.216097 ] } },
{ "type": "Feature", "properties": { "element": "node", "id": 7595333040, "amenity": "hospital", "shop": null, "name": "Beladiya Eye & Dental Hospital" }, "geometry": { "type": "Point", "coordinates": [ 72.889294, 21.225467 ] } },
{ "type": "Feature", "properties": { "element": "node", "id": 7595333041, "amenity": "clinic", "shop": null, "name": "Sharda Clinic" }, "geometry": { "type": "Point", "coordinates": [ 72.8904821, 21.224315 ] } },
{ "type": "Feature", "properties": { "element": "node", "id": 7595333042, "amenity": "hospital", "shop": null, "name": "ABC Children Hospital" }, "geometry": { "type": "Point", "coordinates": [ 72.861687, 21.214095 ] } },
{ "type": "Feature", "properties": { "element": "node", "id": 7595333043, "amenity": "dentist", "shop": null, "name": "Kartik Dental Clinic" }, "geometry": { "type": "Point", "coordinates": [ 72.8678273, 21.2128965 ] } },
{ "type": "Feature", "properties": { "element": "node", "id": 7595333044, "amenity": "hospital", "shop": null, "name": "Hiraba Hospital & Prasuti Gruh" }, "geometry": { "type": "Point", "coordinates": [ 72.873027, 21.215 ] } },
{ "type": "Feature", "properties": { "element": "node", "id": 7595333045, "amenity": "hospital", "shop": null, "name": "Sarthi Doctor House" }, "geometry": { "type": "Point", "coordinates": [ 72.8607639, 21.2145492 ] } },
{ "type": "Feature", "properties": { "element": "node", "id": 7595333046, "amenity": "hospital", "shop": null, "name": "Satyam Hospital & Prasutigruh" }, "geometry": { "type": "Point", "coordinates": [ 72.897593, 21.228547 ] } },
{ "type": "Feature", "properties": { "element": "node", "id": 7595333047, "amenity": "hospital", "shop": null, "name": "Dr. Chhotala's Shayona Hospital" }, "geometry": { "type": "Point", "coordinates": [ 72.876233, 21.200314 ] } },
{ "type": "Feature", "properties": { "element": "node", "id": 7595333048, "amenity": "hospital", "shop": null, "name": "Garbha Sanskar & Panchkarm Hospital" }, "geometry": { "type": "Point", "coordinates": [ 72.892436, 21.232425 ] } },
{ "type": "Feature", "properties": { "element": "node", "id": 7595333049, "amenity": "hospital", "shop": null, "name": "MS Eye Hospital & Corneal Centre" }, "geometry": { "type": "Point", "coordinates": [ 72.8972107, 21.229296 ] } },
{ "type": "Feature", "properties": { "element": "node", "id": 7595333050, "amenity": "hospital", "shop": null, "name": "G B Vaghani Multispeciality Hospital" }, "geometry": { "type": "Point", "coordinates": [ 72.887331, 21.224616 ] } },
{ "type": "Feature", "properties": { "element": "node", "id": 7595333051, "amenity": "hospital", "shop": null, "name": "Dhyey Multispeciality Hospital" }, "geometry": { "type": "Point", "coordinates": [ 72.9000555, 21.2294315 ] } },
{ "type": "Feature", "properties": { "element": "node", "id": 7595333052, "amenity": "hospital", "shop": null, "name": "Bhalani Hospital" }, "geometry": { "type": "Point", "coordinates": [ 72.88805, 21.215596 ] } },
{ "type": "Feature", "properties": { "element": "node", "id": 7595333053, "amenity": "hospital", "shop": null, "name": "Matrushree Godavariba Gandabhai Zadafia Medical Centre" }, "geometry": { "type": "Point", "coordinates": [ 72.8651797, 21.2161735 ] } },
{ "type": "Feature", "properties": { "element": "node", "id": 7595333054, "amenity": "hospital", "shop": null, "name": "Mansi Hospital" }, "geometry": { "type": "Point", "coordinates": [ 72.896228, 21.224961 ] } },
{ "type": "Feature", "properties": { "element": "node", "id": 7595333055, "amenity": "clinic", "shop": null, "name": "Savani Clinic" }, "geometry": { "type": "Point", "coordinates": [ 72.8667442, 21.206295 ] } },
{ "type": "Feature", "properties": { "element": "node", "id": 7595333056, "amenity": "hospital", "shop": null, "name": "Dr. Sakhiya Hospital" }, "geometry": { "type": "Point", "coordinates": [ 72.884678, 21.223449 ] } },
{ "type": "Feature", "properties": { "element": "node", "id": 7595333057, "amenity": "hospital", "shop": null, "name": "Matulya Hospital" }, "geometry": { "type": "Point", "coordinates": [ 72.8605902, 21.214471 ] } },
{ "type": "Feature", "properties": { "element": "node", "id": 7595333058, "amenity": "clinic", "shop": null, "name": "Prerana Clinic" }, "geometry": { "type": "Point", "coordinates": [ 72.8892247, 21.2222555 ] } },
{ "type": "Feature", "properties": { "element": "node", "id": 7595333059, "amenity": "clinic", "shop": null, "name": "Ravi Clinic" }, "geometry": { "type": "Point", "coordinates": [ 72.8699738, 21.2120512 ] } },
{ "type": "Feature", "properties": { "element": "node", "id": 7595333060, "amenity": "hospital", "shop": null, "name": "Dev Hospital" }, "geometry": { "type": "Point", "coordinates": [ 72.8645982, 21.2113493 ] } },
{ "type": "Feature", "properties": { "element": "node", "id": 7595333061, "amenity": "hospital", "shop": null, "name": "Prerana Hospital" }, "geometry": { "type": "Point", "coordinates": [ 72.8898641, 21.219839 ] } },
{ "type": "Feature", "properties": { "element": "node", "id": 7595333062, "amenity": "dentist", "shop": null, "name": "Jogani Dental Hospital" }, "geometry": { "type": "Point", "coordinates": [ 72.8757398, 21.2114538 ] } },
{ "type": "Feature", "properties": { "element": "node", "id": 7595333063, "amenity": "hospital", "shop": null, "name": "Sadguru Hospital" }, "geometry": { "type": "Point", "coordinates": [ 72.8653074, 21.2158783 ] } },
{ "type": "Feature", "properties": { "element": "node", "id": 7595333064, "amenity": "hospital", "shop": null, "name": "Dudhat Orthopaedic Hospital" }, "geometry": { "type": "Point", "coordinates": [ 72.890014, 21.2258397 ] } },
{ "type": "Feature", "properties": { "element": "node", "id": 7595333065, "amenity": "hospital", "shop": null, "name": "Ruhi General Hospital" }, "geometry": { "type": "Point", "coordinates": [ 72.867708, 21.2049835 ] } },
{ "type": "Feature", "properties": { "element": "node", "id": 7595333066, "amenity": "hospital", "shop": null, "name": "Women Care Hospital" }, "geometry": { "type": "Point", "coordinates": [ 72.870116200000012, 21.21298 ] } },
{ "type": "Feature", "properties": { "element": "node", "id": 7595333067, "amenity": "hospital", "shop": null, "name": "Kidney Hospital" }, "geometry": { "type": "Point", "coordinates": [ 72.862952, 21.216343 ] } },
{ "type": "Feature", "properties": { "element": "node", "id": 7595333068, "amenity": "hospital", "shop": null, "name": "Medicare Hospital" }, "geometry": { "type": "Point", "coordinates": [ 72.8589544, 21.212976 ] } },
{ "type": "Feature", "properties": { "element": "node", "id": 7595333069, "amenity": "hospital", "shop": null, "name": "Jasani Children Hospital & NICU" }, "geometry": { "type": "Point", "coordinates": [ 72.887707, 21.214593 ] } },
{ "type": "Feature", "properties": { "element": "node", "id": 7595333070, "amenity": "hospital", "shop": null, "name": "Radhaswami Hospital" }, "geometry": { "type": "Point", "coordinates": [ 72.8767953, 21.2083927 ] } },
{ "type": "Feature", "properties": { "element": "node", "id": 7595333071, "amenity": "dentist", "shop": null, "name": "Lakshya Dental Care" }, "geometry": { "type": "Point", "coordinates": [ 72.860522, 21.211698 ] } },
{ "type": "Feature", "properties": { "element": "node", "id": 7595333072, "amenity": "hospital", "shop": null, "name": "Nishtha Hospital" }, "geometry": { "type": "Point", "coordinates": [ 72.864552, 21.215902 ] } },
{ "type": "Feature", "properties": { "element": "node", "id": 7595333073, "amenity": "hospital", "shop": null, "name": "Ayushyam Orthopaedic Hospital & Physio Care" }, "geometry": { "type": "Point", "coordinates": [ 72.8846958, 21.2233775 ] } },
{ "type": "Feature", "properties": { "element": "node", "id": 7595333074, "amenity": "hospital", "shop": null, "name": "Shreeji Krupa ENT Hospital" }, "geometry": { "type": "Point", "coordinates": [ 72.889396, 21.225487 ] } },
{ "type": "Feature", "properties": { "element": "node", "id": 7595333075, "amenity": "hospital", "shop": null, "name": "Chitra Hospital" }, "geometry": { "type": "Point", "coordinates": [ 72.888268, 21.22515 ] } },
{ "type": "Feature", "properties": { "element": "node", "id": 7595333076, "amenity": "hospital", "shop": null, "name": "Om Hospital & Pathology Laboratory" }, "geometry": { "type": "Point", "coordinates": [ 72.858813, 21.213494 ] } },
{ "type": "Feature", "properties": { "element": "node", "id": 7595333077, "amenity": "hospital", "shop": null, "name": "Kalrav Hospital & Maternity Home" }, "geometry": { "type": "Point", "coordinates": [ 72.901256, 21.229898 ] } },
{ "type": "Feature", "properties": { "element": "node", "id": 7595333078, "amenity": "hospital", "shop": null, "name": "Arogyam Hospital & Cardio Diabetes Centre" }, "geometry": { "type": "Point", "coordinates": [ 72.9012115, 21.2298678 ] } },
{ "type": "Feature", "properties": { "element": "node", "id": 7595333079, "amenity": "clinic", "shop": null, "name": "Jagruti Clinic" }, "geometry": { "type": "Point", "coordinates": [ 72.8918183, 21.211034 ] } },
{ "type": "Feature", "properties": { "element": "node", "id": 7595333080, "amenity": "clinic", "shop": null, "name": "Bhalala Skin Clinic" }, "geometry": { "type": "Point", "coordinates": [ 72.888401, 21.214933 ] } },
{ "type": "Feature", "properties": { "element": "node", "id": 7595333081, "amenity": "doctors", "shop": null, "name": "Dr. Jay H. Gohil" }, "geometry": { "type": "Point", "coordinates": [ 72.8886288, 21.2193068 ] } },
{ "type": "Feature", "properties": { "element": "node", "id": 7595333082, "amenity": "hospital", "shop": null, "name": "Madhav Children's Hospital" }, "geometry": { "type": "Point", "coordinates": [ 72.901279, 21.229839 ] } },
{ "type": "Feature", "properties": { "element": "node", "id": 7595333083, "amenity": "hospital", "shop": null, "name": "Gurukrupa Hospital" }, "geometry": { "type": "Point", "coordinates": [ 72.8615226, 21.210534 ] } },
{ "type": "Feature", "properties": { "element": "node", "id": 7595333084, "amenity": "dentist", "shop": null, "name": "Kakadiya Dental & Physiotherapy Care" }, "geometry": { "type": "Point", "coordinates": [ 72.8872632, 21.2176183 ] } },
{ "type": "Feature", "properties": { "element": "node", "id": 7595333085, "amenity": "clinic", "shop": null, "name": "Sri Clinic" }, "geometry": { "type": "Point", "coordinates": [ 72.8620696, 21.2083518 ] } },
{ "type": "Feature", "properties": { "element": "node", "id": 7595333086, "amenity": "clinic", "shop": null, "name": "Akshar Homeo Clinic" }, "geometry": { "type": "Point", "coordinates": [ 72.8646484, 21.2020433 ] } },
{ "type": "Feature", "properties": { "element": "node", "id": 7595333087, "amenity": "hospital", "shop": null, "name": "Pooja Surgical Hospital & Maternity Home" }, "geometry": { "type": "Point", "coordinates": [ 72.8572505, 21.212829 ] } },
{ "type": "Feature", "properties": { "element": "node", "id": 7595333088, "amenity": "clinic", "shop": null, "name": "Shrihari Clinic" }, "geometry": { "type": "Point", "coordinates": [ 72.8656382, 21.2086507 ] } },
{ "type": "Feature", "properties": { "element": "node", "id": 7595333089, "amenity": "hospital", "shop": null, "name": "Patel Hospital & Health Centre" }, "geometry": { "type": "Point", "coordinates": [ 72.89728, 21.229326 ] } },
{ "type": "Feature", "properties": { "element": "node", "id": 7595333090, "amenity": "hospital", "shop": null, "name": "Angel Hospital" }, "geometry": { "type": "Point", "coordinates": [ 72.89586, 21.226381 ] } },
{ "type": "Feature", "properties": { "element": "node", "id": 7595333091, "amenity": "hospital", "shop": null, "name": "Floral Women's Hospital" }, "geometry": { "type": "Point", "coordinates": [ 72.897171, 21.229432 ] } },
{ "type": "Feature", "properties": { "element": "node", "id": 7595333092, "amenity": "hospital", "shop": null, "name": "Lotus Hospital & Skin Care" }, "geometry": { "type": "Point", "coordinates": [ 72.881793, 21.205727 ] } },
{ "type": "Feature", "properties": { "element": "node", "id": 7595333093, "amenity": "hospital", "shop": null, "name": "Arpan Hospital & IVF Centre" }, "geometry": { "type": "Point", "coordinates": [ 72.8587961, 21.2127933 ] } },
{ "type": "Feature", "properties": { "element": "node", "id": 7595333094, "amenity": "hospital", "shop": null, "name": "Tulip Hospital" }, "geometry": { "type": "Point", "coordinates": [ 72.8848881, 21.2235215 ] } },
{ "type": "Feature", "properties": { "element": "node", "id": 7595333096, "amenity": "hospital", "shop": null, "name": "Italiya Multispeciality Hospital" }, "geometry": { "type": "Point", "coordinates": [ 72.8616709, 21.214143 ] } },
{ "type": "Feature", "properties": { "element": "node", "id": 7595333097, "amenity": "hospital", "shop": null, "name": "Dharmanandan Orthopaedic Hospital" }, "geometry": { "type": "Point", "coordinates": [ 72.9012212, 21.2297698 ] } },
{ "type": "Feature", "properties": { "element": "node", "id": 7595333098, "amenity": "doctors", "shop": null, "name": "Dr. Manoj Upadhyay" }, "geometry": { "type": "Point", "coordinates": [ 72.8938558, 21.2205435 ] } },
{ "type": "Feature", "properties": { "element": "node", "id": 7595333099, "amenity": "clinic", "shop": null, "name": "Rajvi Clinic" }, "geometry": { "type": "Point", "coordinates": [ 72.8691501, 21.21601 ] } },
{ "type": "Feature", "properties": { "element": "node", "id": 7595333100, "amenity": "hospital", "shop": null, "name": "Gayatri Hospital" }, "geometry": { "type": "Point", "coordinates": [ 72.8632359, 21.2112778 ] } },
{ "type": "Feature", "properties": { "element": "node", "id": 7595333101, "amenity": "hospital", "shop": null, "name": "Drashti Eye Hospital" }, "geometry": { "type": "Point", "coordinates": [ 72.860799, 21.214513 ] } },
{ "type": "Feature", "properties": { "element": "node", "id": 7595333102, "amenity": "hospital", "shop": null, "name": "Monghiba Medical Hospital" }, "geometry": { "type": "Point", "coordinates": [ 72.884139, 21.223311 ] } },
{ "type": "Feature", "properties": { "element": "node", "id": 7595333103, "amenity": "hospital", "shop": null, "name": "Krishna Prasutigruh & Surgical Hospital" }, "geometry": { "type": "Point", "coordinates": [ 72.866693, 21.202311 ] } },
{ "type": "Feature", "properties": { "element": "node", "id": 7595333104, "amenity": "clinic", "shop": null, "name": "Bhalala Clinic" }, "geometry": { "type": "Point", "coordinates": [ 72.884402, 21.214565 ] } },
{ "type": "Feature", "properties": { "element": "node", "id": 7595333105, "amenity": "hospital", "shop": null, "name": "Samarpan Hospital" }, "geometry": { "type": "Point", "coordinates": [ 72.8894725, 21.213611 ] } },
{ "type": "Feature", "properties": { "element": "node", "id": 7595333106, "amenity": "hospital", "shop": null, "name": "Om Dental Hospital" }, "geometry": { "type": "Point", "coordinates": [ 72.8686866, 21.2134352 ] } },
{ "type": "Feature", "properties": { "element": "node", "id": 7595333107, "amenity": "hospital", "shop": null, "name": "Shyamuba Hospital" }, "geometry": { "type": "Point", "coordinates": [ 72.889253, 21.225418 ] } },
{ "type": "Feature", "properties": { "element": "node", "id": 7595333108, "amenity": "hospital", "shop": null, "name": "Gajera Children Hospital" }, "geometry": { "type": "Point", "coordinates": [ 72.8615, 21.214088 ] } },
{ "type": "Feature", "properties": { "element": "node", "id": 7595333109, "amenity": "hospital", "shop": null, "name": "Radhe Hospital" }, "geometry": { "type": "Point", "coordinates": [ 72.8900122, 21.2195173 ] } },
{ "type": "Feature", "properties": { "element": "node", "id": 7595333110, "amenity": "hospital", "shop": null, "name": "Swastik Children Hospital" }, "geometry": { "type": "Point", "coordinates": [ 72.866322, 21.216815 ] } },
{ "type": "Feature", "properties": { "element": "node", "id": 7595333111, "amenity": "hospital", "shop": null, "name": "Tejani Hospital" }, "geometry": { "type": "Point", "coordinates": [ 72.884746, 21.214473 ] } },
{ "type": "Feature", "properties": { "element": "node", "id": 7595333112, "amenity": "hospital", "shop": null, "name": "Balar Hospital & Maternity Home" }, "geometry": { "type": "Point", "coordinates": [ 72.8816615, 21.222006 ] } },
{ "type": "Feature", "properties": { "element": "node", "id": 7595333113, "amenity": "hospital", "shop": null, "name": "Santosh Women's Care Hospital" }, "geometry": { "type": "Point", "coordinates": [ 72.863782, 21.216492 ] } },
{ "type": "Feature", "properties": { "element": "node", "id": 7595333114, "amenity": "hospital", "shop": null, "name": "Aarvi Multispeciality Hospital" }, "geometry": { "type": "Point", "coordinates": [ 72.8863, 21.21427 ] } },
{ "type": "Feature", "properties": { "element": "node", "id": 7595333115, "amenity": "hospital", "shop": null, "name": "Sojitra Maternity Hospital" }, "geometry": { "type": "Point", "coordinates": [ 72.897332, 21.229383 ] } },
{ "type": "Feature", "properties": { "element": "node", "id": 7595333116, "amenity": "hospital", "shop": null, "name": "Radha Hospital & Candor IVF Centre" }, "geometry": { "type": "Point", "coordinates": [ 72.8690836, 21.2180107 ] } },
{ "type": "Feature", "properties": { "element": "node", "id": 7595333117, "amenity": "clinic", "shop": null, "name": "Satadhar Clinic" }, "geometry": { "type": "Point", "coordinates": [ 72.873471, 21.214429 ] } },
{ "type": "Feature", "properties": { "element": "node", "id": 7595333119, "amenity": "hospital", "shop": null, "name": "Vaghani Hospital" }, "geometry": { "type": "Point", "coordinates": [ 72.887591, 21.214675 ] } },
{ "type": "Feature", "properties": { "element": "node", "id": 7595333120, "amenity": "hospital", "shop": null, "name": "Vatshalya Hospital & Prasuti Gruh" }, "geometry": { "type": "Point", "coordinates": [ 72.869424, 21.216198 ] } },
{ "type": "Feature", "properties": { "element": "node", "id": 7595333121, "amenity": "clinic", "shop": null, "name": "Rydham Clinic" }, "geometry": { "type": "Point", "coordinates": [ 72.9000687, 21.2227085 ] } },
{ "type": "Feature", "properties": { "element": "node", "id": 7595333122, "amenity": "doctors", "shop": null, "name": "Dr. Narendra M Patel, Puna Gam" }, "geometry": { "type": "Point", "coordinates": [ 72.8765658, 21.2024032 ] } },
{ "type": "Feature", "properties": { "element": "node", "id": 7595333123, "amenity": "hospital", "shop": null, "name": "Mamta Children Hospital, Hirabaugh" }, "geometry": { "type": "Point", "coordinates": [ 72.861423, 21.214788 ] } },
{ "type": "Feature", "properties": { "element": "node", "id": 7595333124, "amenity": "hospital", "shop": null, "name": "Shreehari Surgical Hospital & Lap Centre" }, "geometry": { "type": "Point", "coordinates": [ 72.861322, 21.214731 ] } },
{ "type": "Feature", "properties": { "element": "node", "id": 7595333125, "amenity": "hospital", "shop": null, "name": "Om Hospital & Prasuti Gruh" }, "geometry": { "type": "Point", "coordinates": [ 72.8623713, 21.2156465 ] } },
{ "type": "Feature", "properties": { "element": "node", "id": 7595333126, "amenity": "hospital", "shop": null, "name": "Vekariya Women's Hospital" }, "geometry": { "type": "Point", "coordinates": [ 72.8880362, 21.2152993 ] } },
{ "type": "Feature", "properties": { "element": "node", "id": 7595333127, "amenity": "clinic", "shop": null, "name": "Shree Physiotherapy & Fitness Clinic" }, "geometry": { "type": "Point", "coordinates": [ 72.9089238, 21.2356517 ] } },
{ "type": "Feature", "properties": { "element": "node", "id": 7595333128, "amenity": "dentist", "shop": null, "name": "Akshar Dental Hospital" }, "geometry": { "type": "Point", "coordinates": [ 72.887995, 21.215538 ] } },
{ "type": "Feature", "properties": { "element": "node", "id": 7595749457, "amenity": "hospital", "shop": null, "name": "Aamena Sarvajanik Hospital" }, "geometry": { "type": "Point", "coordinates": [ 72.85495, 21.107425 ] } },
{ "type": "Feature", "properties": { "element": "node", "id": 7595749459, "amenity": "hospital", "shop": null, "name": "Matrutrav Hospital" }, "geometry": { "type": "Point", "coordinates": [ 72.84919, 21.239288 ] } },
{ "type": "Feature", "properties": { "element": "node", "id": 7595749460, "amenity": "hospital", "shop": null, "name": "Matru Krupa Hospital" }, "geometry": { "type": "Point", "coordinates": [ 72.851793, 21.24232 ] } },
{ "type": "Feature", "properties": { "element": "node", "id": 7595749461, "amenity": "clinic", "shop": null, "name": "Vraj Clinic" }, "geometry": { "type": "Point", "coordinates": [ 72.8416735, 21.2509505 ] } },
{ "type": "Feature", "properties": { "element": "node", "id": 7595749462, "amenity": "hospital", "shop": null, "name": "Param Child Care Hospital" }, "geometry": { "type": "Point", "coordinates": [ 72.874695, 21.236126 ] } },
{ "type": "Feature", "properties": { "element": "node", "id": 7595749463, "amenity": "hospital", "shop": null, "name": "Jivan Jyoti Trust Hospital" }, "geometry": { "type": "Point", "coordinates": [ 72.852954, 21.23601 ] } },
{ "type": "Feature", "properties": { "element": "node", "id": 7595749464, "amenity": "clinic", "shop": null, "name": "Leena Clinic" }, "geometry": { "type": "Point", "coordinates": [ 72.8629243, 21.0759777 ] } },
{ "type": "Feature", "properties": { "element": "node", "id": 7595749465, "amenity": "hospital", "shop": null, "name": "Baby Care Children Hospital" }, "geometry": { "type": "Point", "coordinates": [ 72.8478114, 21.2387617 ] } },
{ "type": "Feature", "properties": { "element": "node", "id": 7595749466, "amenity": "hospital", "shop": null, "name": "Sunshine Children Hospital" }, "geometry": { "type": "Point", "coordinates": [ 72.884059, 21.079865 ] } },
{ "type": "Feature", "properties": { "element": "node", "id": 7595749467, "amenity": "hospital", "shop": null, "name": "Hadhvedh Hospital" }, "geometry": { "type": "Point", "coordinates": [ 72.8606776, 21.1122913 ] } },
{ "type": "Feature", "properties": { "element": "node", "id": 7595749468, "amenity": "hospital", "shop": null, "name": "Yogi NICU & Children Hospital" }, "geometry": { "type": "Point", "coordinates": [ 72.888293, 21.238729 ] } },
{ "type": "Feature", "properties": { "element": "node", "id": 7595749469, "amenity": "hospital", "shop": null, "name": "Kribhco Hospital" }, "geometry": { "type": "Point", "coordinates": [ 72.702141, 21.186197 ] } },
{ "type": "Feature", "properties": { "element": "node", "id": 7595749470, "amenity": "hospital", "shop": null, "name": "Surat Multispeciality Hospital" }, "geometry": { "type": "Point", "coordinates": [ 72.8787289, 21.0811135 ] } },
{ "type": "Feature", "properties": { "element": "node", "id": 7595749472, "amenity": "hospital", "shop": null, "name": "Om Hospital & ICU" }, "geometry": { "type": "Point", "coordinates": [ 72.8643047, 21.233188 ] } },
{ "type": "Feature", "properties": { "element": "node", "id": 7595749473, "amenity": "hospital", "shop": null, "name": "Italiya Multispeciality Hospital" }, "geometry": { "type": "Point", "coordinates": [ 72.875219, 21.236289 ] } },
{ "type": "Feature", "properties": { "element": "node", "id": 7595749474, "amenity": "hospital", "shop": null, "name": "Niramay Surgical Hospital & Laproscopy Centre" }, "geometry": { "type": "Point", "coordinates": [ 72.851633, 21.241322 ] } },
{ "type": "Feature", "properties": { "element": "node", "id": 7595749475, "amenity": "clinic", "shop": null, "name": "Bhagini Children Clinic" }, "geometry": { "type": "Point", "coordinates": [ 72.852422, 21.241834 ] } },
{ "type": "Feature", "properties": { "element": "node", "id": 7595749477, "amenity": "hospital", "shop": null, "name": "The Mother Hospital & Maternity Home" }, "geometry": { "type": "Point", "coordinates": [ 72.877255, 21.236995 ] } },
{ "type": "Feature", "properties": { "element": "node", "id": 7595749478, "amenity": "clinic", "shop": null, "name": "Namrata Nursing Home" }, "geometry": { "type": "Point", "coordinates": [ 72.8666365, 21.2305585 ] } },
{ "type": "Feature", "properties": { "element": "node", "id": 7595749479, "amenity": "hospital", "shop": null, "name": "Satyam Hospital" }, "geometry": { "type": "Point", "coordinates": [ 72.866071, 21.229947 ] } },
{ "type": "Feature", "properties": { "element": "node", "id": 7595749481, "amenity": "clinic", "shop": null, "name": "Madhav Clinic" }, "geometry": { "type": "Point", "coordinates": [ 72.8416715, 21.2537415 ] } },
{ "type": "Feature", "properties": { "element": "node", "id": 7595749482, "amenity": "hospital", "shop": null, "name": "Life Care Hospital and Trauma Centre" }, "geometry": { "type": "Point", "coordinates": [ 72.730861, 21.1918773 ] } },
{ "type": "Feature", "properties": { "element": "node", "id": 7595749483, "amenity": "hospital", "shop": null, "name": "Gandhi Hospital" }, "geometry": { "type": "Point", "coordinates": [ 72.8483365, 21.2395445 ] } },
{ "type": "Feature", "properties": { "element": "node", "id": 7595749484, "amenity": "clinic", "shop": null, "name": "Shivam Clinic" }, "geometry": { "type": "Point", "coordinates": [ 72.8462527, 21.2592802 ] } },
{ "type": "Feature", "properties": { "element": "node", "id": 7595749485, "amenity": "hospital", "shop": null, "name": "Trupti Hospital" }, "geometry": { "type": "Point", "coordinates": [ 72.8871228, 21.086556 ] } },
{ "type": "Feature", "properties": { "element": "node", "id": 7595749486, "amenity": "hospital", "shop": null, "name": "Shree Shamlabapa Arogyadham & Prasutigruh" }, "geometry": { "type": "Point", "coordinates": [ 72.83896, 21.252566 ] } },
{ "type": "Feature", "properties": { "element": "node", "id": 7595749487, "amenity": "dentist", "shop": null, "name": "SmileDent Clinic" }, "geometry": { "type": "Point", "coordinates": [ 72.852201, 21.242193 ] } },
{ "type": "Feature", "properties": { "element": "node", "id": 7595749488, "amenity": "hospital", "shop": null, "name": "Dhruv Children Hospital" }, "geometry": { "type": "Point", "coordinates": [ 72.877277, 21.237023 ] } },
{ "type": "Feature", "properties": { "element": "node", "id": 7595749489, "amenity": "hospital", "shop": null, "name": "Riddhi Siddhi Hospital" }, "geometry": { "type": "Point", "coordinates": [ 72.8628026, 21.114207 ] } },
{ "type": "Feature", "properties": { "element": "node", "id": 7595749490, "amenity": "hospital", "shop": null, "name": "Satadhar Hospital" }, "geometry": { "type": "Point", "coordinates": [ 72.873219, 21.07841 ] } },
{ "type": "Feature", "properties": { "element": "node", "id": 7595749491, "amenity": "hospital", "shop": null, "name": "Navadiya Care Hospital" }, "geometry": { "type": "Point", "coordinates": [ 72.877755, 21.235101 ] } },
{ "type": "Feature", "properties": { "element": "node", "id": 7595749492, "amenity": "hospital", "shop": null, "name": "Shivam Hospital" }, "geometry": { "type": "Point", "coordinates": [ 72.873928600000013, 21.0903059 ] } },
{ "type": "Feature", "properties": { "element": "node", "id": 7595749493, "amenity": "hospital", "shop": null, "name": "Shiv Hospital" }, "geometry": { "type": "Point", "coordinates": [ 72.7287969, 21.191691 ] } },
{ "type": "Feature", "properties": { "element": "node", "id": 7595749494, "amenity": "dentist", "shop": null, "name": "Maa Dental Care" }, "geometry": { "type": "Point", "coordinates": [ 72.846353, 21.259312 ] } },
{ "type": "Feature", "properties": { "element": "node", "id": 7595749495, "amenity": "hospital", "shop": null, "name": "Krishna Multispeciality Hospital" }, "geometry": { "type": "Point", "coordinates": [ 72.8787595, 21.0811892 ] } },
{ "type": "Feature", "properties": { "element": "node", "id": 7595749496, "amenity": "hospital", "shop": null, "name": "Amidhara Hospital & Maternity Home" }, "geometry": { "type": "Point", "coordinates": [ 72.848853, 21.2371042 ] } },
{ "type": "Feature", "properties": { "element": "node", "id": 7595749497, "amenity": "hospital", "shop": null, "name": "Shraddha Hospital" }, "geometry": { "type": "Point", "coordinates": [ 72.8477648, 21.238727 ] } },
{ "type": "Feature", "properties": { "element": "node", "id": 7595749498, "amenity": "hospital", "shop": null, "name": "Yasoda Hospital" }, "geometry": { "type": "Point", "coordinates": [ 72.851687, 21.241632 ] } },
{ "type": "Feature", "properties": { "element": "node", "id": 7595749499, "amenity": "clinic", "shop": null, "name": "Shri Ganesh Clinic" }, "geometry": { "type": "Point", "coordinates": [ 72.8686823, 21.0761068 ] } },
{ "type": "Feature", "properties": { "element": "node", "id": 7595749500, "amenity": "clinic", "shop": null, "name": "Stuti Physio Care" }, "geometry": { "type": "Point", "coordinates": [ 72.851741, 21.241576 ] } },
{ "type": "Feature", "properties": { "element": "node", "id": 7595749501, "amenity": "hospital", "shop": null, "name": "Kharvasa Government Hospital" }, "geometry": { "type": "Point", "coordinates": [ 72.9030117, 21.1228766 ] } },
{ "type": "Feature", "properties": { "element": "node", "id": 7595749502, "amenity": "hospital", "shop": null, "name": "Bansari Hospital & ICU" }, "geometry": { "type": "Point", "coordinates": [ 72.8516555, 21.241672 ] } },
{ "type": "Feature", "properties": { "element": "node", "id": 7595749503, "amenity": "hospital", "shop": null, "name": "Shree Hari Hospital" }, "geometry": { "type": "Point", "coordinates": [ 72.8838025, 21.2364892 ] } },
{ "type": "Feature", "properties": { "element": "node", "id": 7595749504, "amenity": "clinic", "shop": null, "name": "Radhika Clinic" }, "geometry": { "type": "Point", "coordinates": [ 72.8301645, 21.261376 ] } },
{ "type": "Feature", "properties": { "element": "node", "id": 7595749505, "amenity": "clinic", "shop": null, "name": "Dr. Jayvirsinh Solanki Clinic" }, "geometry": { "type": "Point", "coordinates": [ 72.8561875, 21.236294 ] } },
{ "type": "Feature", "properties": { "element": "node", "id": 7595749506, "amenity": "clinic", "shop": null, "name": "Gayatri Clinic" }, "geometry": { "type": "Point", "coordinates": [ 72.843457, 21.24658 ] } },
{ "type": "Feature", "properties": { "element": "node", "id": 7595749507, "amenity": "dentist", "shop": null, "name": "Kheldiya Dental Clinic" }, "geometry": { "type": "Point", "coordinates": [ 72.8771657, 21.236976 ] } },
{ "type": "Feature", "properties": { "element": "node", "id": 7595749508, "amenity": "hospital", "shop": null, "name": "Samarpan Multispeciality Hospital" }, "geometry": { "type": "Point", "coordinates": [ 72.884108, 21.079152 ] } },
{ "type": "Feature", "properties": { "element": "node", "id": 7595749509, "amenity": "hospital", "shop": null, "name": "Shree Sai Hospital" }, "geometry": { "type": "Point", "coordinates": [ 72.883576, 21.081647 ] } },
{ "type": "Feature", "properties": { "element": "node", "id": 7595749510, "amenity": "hospital", "shop": null, "name": "Jay Hospital" }, "geometry": { "type": "Point", "coordinates": [ 72.8625515, 21.091733 ] } },
{ "type": "Feature", "properties": { "element": "node", "id": 7595749511, "amenity": "clinic", "shop": null, "name": "Om Clinic & Nursing Home" }, "geometry": { "type": "Point", "coordinates": [ 72.8689, 21.077212 ] } },
{ "type": "Feature", "properties": { "element": "node", "id": 7595749512, "amenity": "hospital", "shop": null, "name": "Shreeji Children Hospital" }, "geometry": { "type": "Point", "coordinates": [ 72.872824, 21.236182 ] } },
{ "type": "Feature", "properties": { "element": "node", "id": 7595749513, "amenity": "hospital", "shop": null, "name": "Rahat Dar Nu Hospital" }, "geometry": { "type": "Point", "coordinates": [ 72.7707579, 21.2789716 ] } },
{ "type": "Feature", "properties": { "element": "node", "id": 7595749514, "amenity": "hospital", "shop": null, "name": "Saturday Hospital" }, "geometry": { "type": "Point", "coordinates": [ 72.8580792, 21.241915 ] } },
{ "type": "Feature", "properties": { "element": "node", "id": 7595749515, "amenity": "hospital", "shop": null, "name": "Krishna Women's Hospital" }, "geometry": { "type": "Point", "coordinates": [ 72.8636768, 21.233488 ] } },
{ "type": "Feature", "properties": { "element": "node", "id": 7595749516, "amenity": "hospital", "shop": null, "name": "Shivam Orthopaedic Hospital & Pain Management Centre" }, "geometry": { "type": "Point", "coordinates": [ 72.86606, 21.22933 ] } },
{ "type": "Feature", "properties": { "element": "node", "id": 7595749517, "amenity": "hospital", "shop": null, "name": "New Adarsh Hospital" }, "geometry": { "type": "Point", "coordinates": [ 72.7273905, 21.192219 ] } },
{ "type": "Feature", "properties": { "element": "node", "id": 7595749519, "amenity": "clinic", "shop": null, "name": "Shubham Clinic" }, "geometry": { "type": "Point", "coordinates": [ 72.85435, 21.255014 ] } },
{ "type": "Feature", "properties": { "element": "node", "id": 7595749520, "amenity": "clinic", "shop": null, "name": "Janani Clinic and Homoeocare" }, "geometry": { "type": "Point", "coordinates": [ 72.8467581, 21.2418137 ] } },
{ "type": "Feature", "properties": { "element": "node", "id": 7595749521, "amenity": "hospital", "shop": null, "name": "Devam Children Hospital" }, "geometry": { "type": "Point", "coordinates": [ 72.866071, 21.230047 ] } },
{ "type": "Feature", "properties": { "element": "node", "id": 7595749522, "amenity": "hospital", "shop": null, "name": "Aarogyam Hospital" }, "geometry": { "type": "Point", "coordinates": [ 72.6898174, 21.1814985 ] } },
{ "type": "Feature", "properties": { "element": "node", "id": 7595749523, "amenity": "hospital", "shop": null, "name": "Government Hospital, Ichchhapor" }, "geometry": { "type": "Point", "coordinates": [ 72.7375104, 21.1920925 ] } },
{ "type": "Feature", "properties": { "element": "node", "id": 7595749524, "amenity": "hospital", "shop": null, "name": "Aarushi Orthopaedic Hospital" }, "geometry": { "type": "Point", "coordinates": [ 72.851749, 21.241396 ] } },
{ "type": "Feature", "properties": { "element": "node", "id": 7595749525, "amenity": "hospital", "shop": null, "name": "Saraswati Hospital" }, "geometry": { "type": "Point", "coordinates": [ 72.875293, 21.079337 ] } },
{ "type": "Feature", "properties": { "element": "node", "id": 7595749527, "amenity": "hospital", "shop": null, "name": "Maitri Prasutigruh Hospital" }, "geometry": { "type": "Point", "coordinates": [ 72.8749647, 21.0788029 ] } },
{ "type": "Feature", "properties": { "element": "node", "id": 7595749528, "amenity": "hospital", "shop": null, "name": "Aastha Children Hospital" }, "geometry": { "type": "Point", "coordinates": [ 72.875698, 21.236381 ] } },
{ "type": "Feature", "properties": { "element": "node", "id": 7595749530, "amenity": "hospital", "shop": null, "name": "Om Imaging Centre & ENT Hospital" }, "geometry": { "type": "Point", "coordinates": [ 72.851737, 21.241523 ] } },
{ "type": "Feature", "properties": { "element": "node", "id": 7595749531, "amenity": "clinic", "shop": null, "name": "Brij Hair & Skin Clinic" }, "geometry": { "type": "Point", "coordinates": [ 72.8518558, 21.238771 ] } },
{ "type": "Feature", "properties": { "element": "node", "id": 7595749533, "amenity": "doctors", "shop": null, "name": "Dr. Jaydeep Patel" }, "geometry": { "type": "Point", "coordinates": [ 72.8568155, 21.2421565 ] } },
{ "type": "Feature", "properties": { "element": "node", "id": 7595749535, "amenity": "clinic", "shop": null, "name": "Shreeji Clinic & Nursing Home" }, "geometry": { "type": "Point", "coordinates": [ 72.8688422, 21.0758232 ] } },
{ "type": "Feature", "properties": { "element": "node", "id": 7595749536, "amenity": "hospital", "shop": null, "name": "Krisha Hospital" }, "geometry": { "type": "Point", "coordinates": [ 72.8494628, 21.2395372 ] } },
{ "type": "Feature", "properties": { "element": "node", "id": 7595749537, "amenity": "hospital", "shop": null, "name": "Nilkanth Orthopaedic Hospital" }, "geometry": { "type": "Point", "coordinates": [ 72.866625700000014, 21.2304565 ] } },
{ "type": "Feature", "properties": { "element": "node", "id": 7595749538, "amenity": "clinic", "shop": null, "name": "Parag Clinic" }, "geometry": { "type": "Point", "coordinates": [ 72.8564643, 21.2319128 ] } },
{ "type": "Feature", "properties": { "element": "node", "id": 7595749539, "amenity": "hospital", "shop": null, "name": "Amaan Multispeciality Hospital" }, "geometry": { "type": "Point", "coordinates": [ 72.8604589, 21.1152705 ] } },
{ "type": "Feature", "properties": { "element": "node", "id": 7595749540, "amenity": "hospital", "shop": null, "name": "Matrutirth Hospital" }, "geometry": { "type": "Point", "coordinates": [ 72.851946, 21.242082 ] } },
{ "type": "Feature", "properties": { "element": "node", "id": 7595749541, "amenity": "hospital", "shop": null, "name": "Rang Krupa Children Hospital" }, "geometry": { "type": "Point", "coordinates": [ 72.851743, 21.241458 ] } },
{ "type": "Feature", "properties": { "element": "node", "id": 7595749543, "amenity": "hospital", "shop": null, "name": "Goti Dental Hospital" }, "geometry": { "type": "Point", "coordinates": [ 72.887485, 21.238079 ] } },
{ "type": "Feature", "properties": { "element": "node", "id": 7595749544, "amenity": "hospital", "shop": null, "name": "Parizal Hospital" }, "geometry": { "type": "Point", "coordinates": [ 72.8620984, 21.1111489 ] } },
{ "type": "Feature", "properties": { "element": "node", "id": 7595749545, "amenity": "clinic", "shop": null, "name": "Sadguru Clinic" }, "geometry": { "type": "Point", "coordinates": [ 72.846977, 21.244035 ] } },
{ "type": "Feature", "properties": { "element": "node", "id": 7595749547, "amenity": "clinic", "shop": null, "name": "Shubham Clinic" }, "geometry": { "type": "Point", "coordinates": [ 72.8788701, 21.076483 ] } },
{ "type": "Feature", "properties": { "element": "node", "id": 7595749548, "amenity": "clinic", "shop": null, "name": "Soumya Children's Clinic" }, "geometry": { "type": "Point", "coordinates": [ 72.711308700000018, 21.1835715 ] } },
{ "type": "Feature", "properties": { "element": "node", "id": 7595749549, "amenity": "dentist", "shop": null, "name": "Sutariya Dental Clinic" }, "geometry": { "type": "Point", "coordinates": [ 72.8552135, 21.2442564 ] } },
{ "type": "Feature", "properties": { "element": "node", "id": 7595749550, "amenity": "clinic", "shop": null, "name": "ESIC Clinic" }, "geometry": { "type": "Point", "coordinates": [ 72.881265, 21.0891975 ] } },
{ "type": "Feature", "properties": { "element": "node", "id": 7595749551, "amenity": "clinic", "shop": null, "name": "Ramani Clinic & Skin Care" }, "geometry": { "type": "Point", "coordinates": [ 72.841271, 21.25811 ] } },
{ "type": "Feature", "properties": { "element": "node", "id": 7595749552, "amenity": "clinic", "shop": null, "name": "Vedant Clinic" }, "geometry": { "type": "Point", "coordinates": [ 72.8546546, 21.2400058 ] } },
{ "type": "Feature", "properties": { "element": "node", "id": 7595749554, "amenity": "hospital", "shop": null, "name": "Divine Eye Care Hospital" }, "geometry": { "type": "Point", "coordinates": [ 72.8666348, 21.2300245 ] } },
{ "type": "Feature", "properties": { "element": "node", "id": 7595749555, "amenity": "hospital", "shop": null, "name": "Halima Hospital" }, "geometry": { "type": "Point", "coordinates": [ 72.8538067, 21.1095447 ] } },
{ "type": "Feature", "properties": { "element": "node", "id": 7595749556, "amenity": "hospital", "shop": null, "name": "Siddharth General Hospital & Maternity Home" }, "geometry": { "type": "Point", "coordinates": [ 72.8606612, 21.1123665 ] } },
{ "type": "Feature", "properties": { "element": "node", "id": 7595749557, "amenity": "hospital", "shop": null, "name": "Edibam Surgical Hospital" }, "geometry": { "type": "Point", "coordinates": [ 72.730837, 21.191818 ] } },
{ "type": "Feature", "properties": { "element": "node", "id": 7595749558, "amenity": "hospital", "shop": null, "name": "Sparsh Multispeciality Hospital" }, "geometry": { "type": "Point", "coordinates": [ 72.8874365, 21.2379765 ] } },
{ "type": "Feature", "properties": { "element": "node", "id": 7595749560, "amenity": "dentist", "shop": null, "name": "Bapuji Dental Hospital" }, "geometry": { "type": "Point", "coordinates": [ 72.864313, 21.232997 ] } },
{ "type": "Feature", "properties": { "element": "node", "id": 7595749562, "amenity": "clinic", "shop": null, "name": "Bapa Sitaram Clinic, Skin and Hair Care" }, "geometry": { "type": "Point", "coordinates": [ 72.8591645, 21.2315067 ] } },
{ "type": "Feature", "properties": { "element": "node", "id": 7595749563, "amenity": "hospital", "shop": null, "name": "Pisadia Nirmal Hospital" }, "geometry": { "type": "Point", "coordinates": [ 72.8477081, 21.2389197 ] } },
{ "type": "Feature", "properties": { "element": "node", "id": 7595749564, "amenity": "hospital", "shop": null, "name": "Dr. Rohan Eye Hospital" }, "geometry": { "type": "Point", "coordinates": [ 72.877415, 21.079989 ] } },
{ "type": "Feature", "properties": { "element": "node", "id": 7595749566, "amenity": "clinic", "shop": null, "name": "Swavstik Clinic" }, "geometry": { "type": "Point", "coordinates": [ 72.850376, 21.236661 ] } },
{ "type": "Feature", "properties": { "element": "node", "id": 7595749567, "amenity": "hospital", "shop": null, "name": "Lajpur Rahimiyah Hospital" }, "geometry": { "type": "Point", "coordinates": [ 72.9041159, 21.0601572 ] } },
{ "type": "Feature", "properties": { "element": "node", "id": 7595749568, "amenity": "hospital", "shop": null, "name": "Yogi Multispeciality Hospital" }, "geometry": { "type": "Point", "coordinates": [ 72.847569, 21.2393592 ] } },
{ "type": "Feature", "properties": { "element": "node", "id": 7595749569, "amenity": "hospital", "shop": null, "name": "Shree Pandave Multispeciality Hospital" }, "geometry": { "type": "Point", "coordinates": [ 72.847542, 21.238225 ] } },
{ "type": "Feature", "properties": { "element": "node", "id": 7595749570, "amenity": "hospital", "shop": null, "name": "Lathiya Hospital & Test Tube Baby Centre" }, "geometry": { "type": "Point", "coordinates": [ 72.875708, 21.236509 ] } },
{ "type": "Feature", "properties": { "element": "node", "id": 7598506720, "amenity": "clinic", "shop": null, "name": "Manas Hospital & Vyasan Mukti Kendra" }, "geometry": { "type": "Point", "coordinates": [ 72.837009, 21.205179 ] } },
{ "type": "Feature", "properties": { "element": "node", "id": 7598506721, "amenity": "hospital", "shop": null, "name": "Shreyas Hospital, Nanpura" }, "geometry": { "type": "Point", "coordinates": [ 72.8157998, 21.1890465 ] } },
{ "type": "Feature", "properties": { "element": "node", "id": 7598506722, "amenity": "hospital", "shop": null, "name": "Mayur Eye Hospital" }, "geometry": { "type": "Point", "coordinates": [ 72.830588, 21.197692 ] } },
{ "type": "Feature", "properties": { "element": "node", "id": 7598506723, "amenity": "hospital", "shop": null, "name": "ASG Eye Hospital" }, "geometry": { "type": "Point", "coordinates": [ 72.813975, 21.182757 ] } },
{ "type": "Feature", "properties": { "element": "node", "id": 7598506724, "amenity": "hospital", "shop": null, "name": "Bhavin Eye Hospital" }, "geometry": { "type": "Point", "coordinates": [ 72.8191822, 21.1848285 ] } },
{ "type": "Feature", "properties": { "element": "node", "id": 7598506725, "amenity": "clinic", "shop": null, "name": "Allure Laser Centre" }, "geometry": { "type": "Point", "coordinates": [ 72.830687, 21.195736 ] } },
{ "type": "Feature", "properties": { "element": "node", "id": 7598506726, "amenity": "hospital", "shop": null, "name": "Trident Hospitals" }, "geometry": { "type": "Point", "coordinates": [ 72.819293200000018, 21.1842767 ] } },
{ "type": "Feature", "properties": { "element": "node", "id": 7598506727, "amenity": "hospital", "shop": null, "name": "ESI Hospital" }, "geometry": { "type": "Point", "coordinates": [ 72.8366163, 21.207934 ] } },
{ "type": "Feature", "properties": { "element": "node", "id": 7598506728, "amenity": "hospital", "shop": null, "name": "Shree Sai Ashish Hospital" }, "geometry": { "type": "Point", "coordinates": [ 72.8199423, 21.1945542 ] } },
{ "type": "Feature", "properties": { "element": "node", "id": 7598506729, "amenity": "hospital", "shop": null, "name": "Rahul Hospital & Well Women Clinic" }, "geometry": { "type": "Point", "coordinates": [ 72.820141, 21.184901 ] } },
{ "type": "Feature", "properties": { "element": "node", "id": 7598506730, "amenity": "clinic", "shop": null, "name": "Prasoon Maternity Home" }, "geometry": { "type": "Point", "coordinates": [ 72.8274443, 21.2032308 ] } },
{ "type": "Feature", "properties": { "element": "node", "id": 7598506731, "amenity": "doctors", "shop": null, "name": "Dr. Garda" }, "geometry": { "type": "Point", "coordinates": [ 72.8110804, 21.1873705 ] } },
{ "type": "Feature", "properties": { "element": "node", "id": 7598506732, "amenity": "hospital", "shop": null, "name": "Keshvi Eye Hospital" }, "geometry": { "type": "Point", "coordinates": [ 72.825832, 21.180663 ] } },
{ "type": "Feature", "properties": { "element": "node", "id": 7598506733, "amenity": "clinic", "shop": null, "name": "Baby Beats Heart Centre" }, "geometry": { "type": "Point", "coordinates": [ 72.8188328, 21.1835551 ] } },
{ "type": "Feature", "properties": { "element": "node", "id": 7598506734, "amenity": "clinic", "shop": null, "name": "Sahil Maternity and Nursing Home" }, "geometry": { "type": "Point", "coordinates": [ 72.821583, 21.202184 ] } },
{ "type": "Feature", "properties": { "element": "node", "id": 7598506735, "amenity": "hospital", "shop": null, "name": "Jariwala Children Hospital" }, "geometry": { "type": "Point", "coordinates": [ 72.8337644, 21.200892 ] } },
{ "type": "Feature", "properties": { "element": "node", "id": 7598506736, "amenity": "hospital", "shop": null, "name": "Galaxy Hospital" }, "geometry": { "type": "Point", "coordinates": [ 72.8352252, 21.2009532 ] } },
{ "type": "Feature", "properties": { "element": "node", "id": 7598506737, "amenity": "hospital", "shop": null, "name": "Muscat Hospital" }, "geometry": { "type": "Point", "coordinates": [ 72.8371788, 21.206725 ] } },
{ "type": "Feature", "properties": { "element": "node", "id": 7598506738, "amenity": "hospital", "shop": null, "name": "Joshipura Eye Hospital" }, "geometry": { "type": "Point", "coordinates": [ 72.837287, 21.200591 ] } },
{ "type": "Feature", "properties": { "element": "node", "id": 7598506739, "amenity": "dentist", "shop": null, "name": "Shifa Dental Clinic" }, "geometry": { "type": "Point", "coordinates": [ 72.8250842, 21.1997775 ] } },
{ "type": "Feature", "properties": { "element": "node", "id": 7598506740, "amenity": "clinic", "shop": null, "name": "Rhythm & Retina Clinic" }, "geometry": { "type": "Point", "coordinates": [ 72.8364344, 21.2058791 ] } },
{ "type": "Feature", "properties": { "element": "node", "id": 7598506741, "amenity": "hospital", "shop": null, "name": "Dr. Hitendra Shah Child Care Hospital" }, "geometry": { "type": "Point", "coordinates": [ 72.8372729, 21.2006147 ] } },
{ "type": "Feature", "properties": { "element": "node", "id": 7598506742, "amenity": "hospital", "shop": null, "name": "Spandan Children Hospital" }, "geometry": { "type": "Point", "coordinates": [ 72.8332624, 21.2061593 ] } },
{ "type": "Feature", "properties": { "element": "node", "id": 7598506743, "amenity": "hospital", "shop": null, "name": "Shaishav General Hospital" }, "geometry": { "type": "Point", "coordinates": [ 72.813023, 21.188251 ] } },
{ "type": "Feature", "properties": { "element": "node", "id": 7598506745, "amenity": "hospital", "shop": null, "name": "Anand Children Hospital" }, "geometry": { "type": "Point", "coordinates": [ 72.8239798, 21.1870807 ] } },
{ "type": "Feature", "properties": { "element": "node", "id": 7598506746, "amenity": "hospital", "shop": null, "name": "Sneh Hospital, Gopipura" }, "geometry": { "type": "Point", "coordinates": [ 72.824933, 21.195822 ] } },
{ "type": "Feature", "properties": { "element": "node", "id": 7598506747, "amenity": "hospital", "shop": null, "name": "Tristar Hospital" }, "geometry": { "type": "Point", "coordinates": [ 72.812392, 21.186019 ] } },
{ "type": "Feature", "properties": { "element": "node", "id": 7598506748, "amenity": "hospital", "shop": null, "name": "Savani Surgical Hospital" }, "geometry": { "type": "Point", "coordinates": [ 72.838452, 21.200733 ] } },
{ "type": "Feature", "properties": { "element": "node", "id": 7598506749, "amenity": "hospital", "shop": null, "name": "Hingora Charitable Trust Halima General Hospital" }, "geometry": { "type": "Point", "coordinates": [ 72.8261911, 21.1818355 ] } },
{ "type": "Feature", "properties": { "element": "node", "id": 7598506750, "amenity": "clinic", "shop": null, "name": "Prarthna Clinic" }, "geometry": { "type": "Point", "coordinates": [ 72.819583, 21.2134132 ] } },
{ "type": "Feature", "properties": { "element": "node", "id": 7598506751, "amenity": "hospital", "shop": null, "name": "Mahavir Hospital, Sagrampura" }, "geometry": { "type": "Point", "coordinates": [ 72.8265848, 21.1861752 ] } },
{ "type": "Feature", "properties": { "element": "node", "id": 7598506752, "amenity": "clinic", "shop": null, "name": "Dr. M T Rangwala Clinic" }, "geometry": { "type": "Point", "coordinates": [ 72.8323565, 21.1965909 ] } },
{ "type": "Feature", "properties": { "element": "node", "id": 7598506753, "amenity": "hospital", "shop": null, "name": "Samol Hospital" }, "geometry": { "type": "Point", "coordinates": [ 72.8251841, 21.1868087 ] } },
{ "type": "Feature", "properties": { "element": "node", "id": 7598506754, "amenity": "hospital", "shop": null, "name": "Tanish Advanced Orthopaedic & Women's Hospital" }, "geometry": { "type": "Point", "coordinates": [ 72.817282, 21.18577 ] } },
{ "type": "Feature", "properties": { "element": "node", "id": 7598506755, "amenity": "hospital", "shop": null, "name": "Shree Saibaba Eye Hospital" }, "geometry": { "type": "Point", "coordinates": [ 72.8247804, 21.199651 ] } },
{ "type": "Feature", "properties": { "element": "node", "id": 7598506756, "amenity": "hospital", "shop": null, "name": "Niramay Ayurvedic Hospital" }, "geometry": { "type": "Point", "coordinates": [ 72.813803, 21.189222 ] } },
{ "type": "Feature", "properties": { "element": "node", "id": 7598506757, "amenity": "hospital", "shop": null, "name": "Rupal Hospital For Women" }, "geometry": { "type": "Point", "coordinates": [ 72.8210888, 21.1949172 ] } },
{ "type": "Feature", "properties": { "element": "node", "id": 7598506758, "amenity": "dentist", "shop": null, "name": "Dental Planet Dental Clinic" }, "geometry": { "type": "Point", "coordinates": [ 72.834049, 21.206251 ] } },
{ "type": "Feature", "properties": { "element": "node", "id": 7598506759, "amenity": "hospital", "shop": null, "name": "Aditya Eye Hospital" }, "geometry": { "type": "Point", "coordinates": [ 72.820264, 21.180748 ] } },
{ "type": "Feature", "properties": { "element": "node", "id": 7598506760, "amenity": "hospital", "shop": null, "name": "Arpan Hospital" }, "geometry": { "type": "Point", "coordinates": [ 72.8266829, 21.181999 ] } },
{ "type": "Feature", "properties": { "element": "node", "id": 7598506761, "amenity": "hospital", "shop": null, "name": "Shreeji Orthopaedic Hospital & Dental Clinic" }, "geometry": { "type": "Point", "coordinates": [ 72.8163796, 21.1880022 ] } },
{ "type": "Feature", "properties": { "element": "node", "id": 7598506762, "amenity": "clinic", "shop": null, "name": "Krishna Clinic, Nanpura" }, "geometry": { "type": "Point", "coordinates": [ 72.815368, 21.1898932 ] } },
{ "type": "Feature", "properties": { "element": "node", "id": 7598506763, "amenity": "hospital", "shop": null, "name": "SMV Hospital" }, "geometry": { "type": "Point", "coordinates": [ 72.823083, 21.197708 ] } },
{ "type": "Feature", "properties": { "element": "node", "id": 7598506764, "amenity": "hospital", "shop": null, "name": "Apurva Hospital" }, "geometry": { "type": "Point", "coordinates": [ 72.83676, 21.205464 ] } },
{ "type": "Feature", "properties": { "element": "node", "id": 7598506765, "amenity": "doctors", "shop": null, "name": "Dr. Gopal V. Shah" }, "geometry": { "type": "Point", "coordinates": [ 72.8230721, 21.203851 ] } },
{ "type": "Feature", "properties": { "element": "node", "id": 7598506766, "amenity": "hospital", "shop": null, "name": "Golden Gift Maternity Home & Hospital" }, "geometry": { "type": "Point", "coordinates": [ 72.8218246, 21.1982345 ] } },
{ "type": "Feature", "properties": { "element": "node", "id": 7598506767, "amenity": "hospital", "shop": null, "name": "Riddhi Siddhi Hospital" }, "geometry": { "type": "Point", "coordinates": [ 72.83709, 21.205131 ] } },
{ "type": "Feature", "properties": { "element": "node", "id": 7598506768, "amenity": "hospital", "shop": null, "name": "Suchay Children Hospital" }, "geometry": { "type": "Point", "coordinates": [ 72.8304881, 21.1964492 ] } },
{ "type": "Feature", "properties": { "element": "node", "id": 7598506769, "amenity": "hospital", "shop": null, "name": "Dr. Odhavji Dhanjibhai Mangukia Hospital" }, "geometry": { "type": "Point", "coordinates": [ 72.8100742, 21.1866987 ] } },
{ "type": "Feature", "properties": { "element": "node", "id": 7598506770, "amenity": "hospital", "shop": null, "name": "Akshar Hospital" }, "geometry": { "type": "Point", "coordinates": [ 72.837481, 21.1994815 ] } },
{ "type": "Feature", "properties": { "element": "node", "id": 7598506771, "amenity": "hospital", "shop": null, "name": "Grace Hospital" }, "geometry": { "type": "Point", "coordinates": [ 72.8299801, 21.1965434 ] } },
{ "type": "Feature", "properties": { "element": "node", "id": 7598506772, "amenity": "hospital", "shop": null, "name": "Jamna Baa General Hospital" }, "geometry": { "type": "Point", "coordinates": [ 72.8348883, 21.1969645 ] } },
{ "type": "Feature", "properties": { "element": "node", "id": 7598506773, "amenity": "doctors", "shop": null, "name": "Dr. Setul Shah, Navapura" }, "geometry": { "type": "Point", "coordinates": [ 72.829992200000021, 21.196373 ] } },
{ "type": "Feature", "properties": { "element": "node", "id": 7598506774, "amenity": "hospital", "shop": null, "name": "Surat General Hospital" }, "geometry": { "type": "Point", "coordinates": [ 72.825872, 21.197047 ] } },
{ "type": "Feature", "properties": { "element": "node", "id": 7598506775, "amenity": "hospital", "shop": null, "name": "Aurora ENT Hospital & Dental Clinic" }, "geometry": { "type": "Point", "coordinates": [ 72.8210952, 21.1854512 ] } },
{ "type": "Feature", "properties": { "element": "node", "id": 7598506776, "amenity": "hospital", "shop": null, "name": "SIDS Hospital & Research Centre" }, "geometry": { "type": "Point", "coordinates": [ 72.8174949, 21.1814982 ] } },
{ "type": "Feature", "properties": { "element": "node", "id": 7598506777, "amenity": "hospital", "shop": null, "name": "Asarawala Hospital" }, "geometry": { "type": "Point", "coordinates": [ 72.826457, 21.204669 ] } },
{ "type": "Feature", "properties": { "element": "node", "id": 7598506778, "amenity": "hospital", "shop": null, "name": "Swagat Hospital" }, "geometry": { "type": "Point", "coordinates": [ 72.8190066, 21.1847936 ] } },
{ "type": "Feature", "properties": { "element": "node", "id": 7598506780, "amenity": "doctors", "shop": null, "name": "Dr. Harish Kharakwala" }, "geometry": { "type": "Point", "coordinates": [ 72.8287022, 21.1915212 ] } },
{ "type": "Feature", "properties": { "element": "node", "id": 7598506781, "amenity": "clinic", "shop": null, "name": "Dr. Khyati's Ayurvedic Clinic" }, "geometry": { "type": "Point", "coordinates": [ 72.8261801, 21.185895 ] } },
{ "type": "Feature", "properties": { "element": "node", "id": 7598506782, "amenity": "hospital", "shop": null, "name": "Padmavati Hospital" }, "geometry": { "type": "Point", "coordinates": [ 72.8231762, 21.1961617 ] } },
{ "type": "Feature", "properties": { "element": "node", "id": 7598506783, "amenity": "hospital", "shop": null, "name": "Care Hospitals" }, "geometry": { "type": "Point", "coordinates": [ 72.810327, 21.185177 ] } },
{ "type": "Feature", "properties": { "element": "node", "id": 7598506784, "amenity": "hospital", "shop": null, "name": "Varun Eye Hospital" }, "geometry": { "type": "Point", "coordinates": [ 72.8308477, 21.2067696 ] } },
{ "type": "Feature", "properties": { "element": "node", "id": 7598506785, "amenity": "clinic", "shop": null, "name": "Payal Maternity, Surgical & Sonography Centre" }, "geometry": { "type": "Point", "coordinates": [ 72.8270832, 21.1989235 ] } },
{ "type": "Feature", "properties": { "element": "node", "id": 7598506786, "amenity": "hospital", "shop": null, "name": "Relish Hospital" }, "geometry": { "type": "Point", "coordinates": [ 72.8155341, 21.1892345 ] } },
{ "type": "Feature", "properties": { "element": "node", "id": 7598506788, "amenity": "hospital", "shop": null, "name": "Shubham Hospital" }, "geometry": { "type": "Point", "coordinates": [ 72.825656, 21.18425 ] } },
{ "type": "Feature", "properties": { "element": "node", "id": 7598506789, "amenity": "hospital", "shop": null, "name": "Sai Orthopaedic Hospital" }, "geometry": { "type": "Point", "coordinates": [ 72.834919, 21.2006928 ] } },
{ "type": "Feature", "properties": { "element": "node", "id": 7598506790, "amenity": "hospital", "shop": null, "name": "Pathhar Wali Hospital" }, "geometry": { "type": "Point", "coordinates": [ 72.8221619, 21.1969482 ] } },
{ "type": "Feature", "properties": { "element": "node", "id": 7598506791, "amenity": "hospital", "shop": null, "name": "Nice Children Hospital" }, "geometry": { "type": "Point", "coordinates": [ 72.836323, 21.205959 ] } },
{ "type": "Feature", "properties": { "element": "node", "id": 7598506792, "amenity": "clinic", "shop": null, "name": "Iconic Heart Centre" }, "geometry": { "type": "Point", "coordinates": [ 72.8188366, 21.1835333 ] } },
{ "type": "Feature", "properties": { "element": "node", "id": 7598506793, "amenity": "hospital", "shop": null, "name": "Shree Mahavir Hospital" }, "geometry": { "type": "Point", "coordinates": [ 72.827070300000017, 21.1859955 ] } },
{ "type": "Feature", "properties": { "element": "node", "id": 7598506794, "amenity": "hospital", "shop": null, "name": "Prizma Eye Care Hospitals" }, "geometry": { "type": "Point", "coordinates": [ 72.815904, 21.1820434 ] } },
{ "type": "Feature", "properties": { "element": "node", "id": 7598506795, "amenity": "hospital", "shop": null, "name": "Dr. Parag Pandya Hospital" }, "geometry": { "type": "Point", "coordinates": [ 72.8105426, 21.1872245 ] } },
{ "type": "Feature", "properties": { "element": "node", "id": 7598506796, "amenity": "hospital", "shop": null, "name": "Maa Kaamal Hospital" }, "geometry": { "type": "Point", "coordinates": [ 72.8354749, 21.1986747 ] } },
{ "type": "Feature", "properties": { "element": "node", "id": 7598506797, "amenity": "hospital", "shop": null, "name": "Govind Prabha Arogya Sankool Hospital" }, "geometry": { "type": "Point", "coordinates": [ 72.8231355, 21.1930965 ] } },
{ "type": "Feature", "properties": { "element": "node", "id": 7598506798, "amenity": "hospital", "shop": null, "name": "Jash Hospital" }, "geometry": { "type": "Point", "coordinates": [ 72.836126, 21.205197 ] } },
{ "type": "Feature", "properties": { "element": "node", "id": 7598506799, "amenity": "hospital", "shop": null, "name": "Hemal Hospital" }, "geometry": { "type": "Point", "coordinates": [ 72.8298567, 21.1974453 ] } },
{ "type": "Feature", "properties": { "element": "node", "id": 7598506800, "amenity": "hospital", "shop": null, "name": "Param Children Hospital" }, "geometry": { "type": "Point", "coordinates": [ 72.8210592, 21.1853827 ] } },
{ "type": "Feature", "properties": { "element": "node", "id": 7598506801, "amenity": "clinic", "shop": null, "name": "Leela Health Care" }, "geometry": { "type": "Point", "coordinates": [ 72.819423, 21.183838 ] } },
{ "type": "Feature", "properties": { "element": "node", "id": 7598506802, "amenity": "hospital", "shop": null, "name": "Sannari Hospital" }, "geometry": { "type": "Point", "coordinates": [ 72.825864, 21.1807064 ] } },
{ "type": "Feature", "properties": { "element": "node", "id": 7598506803, "amenity": "hospital", "shop": null, "name": "SIMS Hospital" }, "geometry": { "type": "Point", "coordinates": [ 72.8341569, 21.2074575 ] } },
{ "type": "Feature", "properties": { "element": "node", "id": 7598506804, "amenity": "hospital", "shop": null, "name": "Trinity Test Tube Baby Centre" }, "geometry": { "type": "Point", "coordinates": [ 72.8383734, 21.2058615 ] } },
{ "type": "Feature", "properties": { "element": "node", "id": 7598506805, "amenity": "hospital", "shop": null, "name": "Maskati Dharmarth Hospital" }, "geometry": { "type": "Point", "coordinates": [ 72.832174, 21.1979398 ] } },
{ "type": "Feature", "properties": { "element": "node", "id": 7598506806, "amenity": "hospital", "shop": null, "name": "Gagan Children Hospital" }, "geometry": { "type": "Point", "coordinates": [ 72.821547600000017, 21.1993761 ] } },
{ "type": "Feature", "properties": { "element": "node", "id": 7598506807, "amenity": "clinic", "shop": null, "name": "Pulmocare Chest & Allergy Clinic" }, "geometry": { "type": "Point", "coordinates": [ 72.815381, 21.214148 ] } },
{ "type": "Feature", "properties": { "element": "node", "id": 7598506808, "amenity": "hospital", "shop": null, "name": "Prutha Eye Hospital" }, "geometry": { "type": "Point", "coordinates": [ 72.81547, 21.214193 ] } },
{ "type": "Feature", "properties": { "element": "node", "id": 7598506809, "amenity": "hospital", "shop": null, "name": "Laser ENT Hospital" }, "geometry": { "type": "Point", "coordinates": [ 72.838681, 21.200799 ] } },
{ "type": "Feature", "properties": { "element": "node", "id": 7598506810, "amenity": "clinic", "shop": null, "name": "Ornate Advanced Centre" }, "geometry": { "type": "Point", "coordinates": [ 72.8146311, 21.1821387 ] } },
{ "type": "Feature", "properties": { "element": "node", "id": 7598506811, "amenity": "hospital", "shop": null, "name": "Kazi Hospital" }, "geometry": { "type": "Point", "coordinates": [ 72.8265491, 21.1996818 ] } },
{ "type": "Feature", "properties": { "element": "node", "id": 7598506812, "amenity": "hospital", "shop": null, "name": "Gopinath Orthopaedic Hospital" }, "geometry": { "type": "Point", "coordinates": [ 72.836375, 21.206136 ] } },
{ "type": "Feature", "properties": { "element": "node", "id": 7598506813, "amenity": "hospital", "shop": null, "name": "Shreeji Retina Clinic & Eye Hospital" }, "geometry": { "type": "Point", "coordinates": [ 72.8108413, 21.1864491 ] } },
{ "type": "Feature", "properties": { "element": "node", "id": 7598506814, "amenity": "hospital", "shop": null, "name": "Laprocare Hospital" }, "geometry": { "type": "Point", "coordinates": [ 72.8215013, 21.1860438 ] } },
{ "type": "Feature", "properties": { "element": "node", "id": 7598506815, "amenity": "hospital", "shop": null, "name": "Contracare Eye Hospital" }, "geometry": { "type": "Point", "coordinates": [ 72.8189956, 21.1838864 ] } },
{ "type": "Feature", "properties": { "element": "node", "id": 7598506816, "amenity": "doctors", "shop": null, "name": "Dr. Setul Shah" }, "geometry": { "type": "Point", "coordinates": [ 72.8201191, 21.2075535 ] } },
{ "type": "Feature", "properties": { "element": "node", "id": 7598506817, "amenity": "hospital", "shop": null, "name": "Shivam Eye Hospital" }, "geometry": { "type": "Point", "coordinates": [ 72.819234, 21.181237 ] } },
{ "type": "Feature", "properties": { "element": "node", "id": 7598506818, "amenity": "hospital", "shop": null, "name": "Apuna Hospital" }, "geometry": { "type": "Point", "coordinates": [ 72.8277835, 21.2063779 ] } },
{ "type": "Feature", "properties": { "element": "node", "id": 7598506819, "amenity": "hospital", "shop": null, "name": "Rainbow Children Hospital" }, "geometry": { "type": "Point", "coordinates": [ 72.8370095, 21.200735 ] } },
{ "type": "Feature", "properties": { "element": "node", "id": 7598506820, "amenity": "clinic", "shop": null, "name": "Jangbarwala Clinic" }, "geometry": { "type": "Point", "coordinates": [ 72.8325472, 21.1960957 ] } },
{ "type": "Feature", "properties": { "element": "node", "id": 7598506821, "amenity": "clinic", "shop": null, "name": "Ami Sagar Polyclinic" }, "geometry": { "type": "Point", "coordinates": [ 72.8364834, 21.196497 ] } },
{ "type": "Feature", "properties": { "element": "node", "id": 7598506822, "amenity": "clinic", "shop": null, "name": "Shifa Care Clinic" }, "geometry": { "type": "Point", "coordinates": [ 72.8226809, 21.1862837 ] } },
{ "type": "Feature", "properties": { "element": "node", "id": 7598506823, "amenity": "hospital", "shop": null, "name": "Dr. Anajwala Hospital" }, "geometry": { "type": "Point", "coordinates": [ 72.8310966, 21.203679 ] } },
{ "type": "Feature", "properties": { "element": "node", "id": 7598506824, "amenity": "hospital", "shop": null, "name": "Shreeji Hospital" }, "geometry": { "type": "Point", "coordinates": [ 72.8373366, 21.2006449 ] } },
{ "type": "Feature", "properties": { "element": "node", "id": 7598506825, "amenity": "hospital", "shop": null, "name": "Kamble Surgical Hospital" }, "geometry": { "type": "Point", "coordinates": [ 72.8259728, 21.1910877 ] } },
{ "type": "Feature", "properties": { "element": "node", "id": 7602062948, "amenity": "hospital", "shop": null, "name": "Krishna Hospital" }, "geometry": { "type": "Point", "coordinates": [ 72.939091, 21.236712 ] } },
{ "type": "Feature", "properties": { "element": "node", "id": 7602062950, "amenity": "dentist", "shop": null, "name": "Sundaram Dental Clinic" }, "geometry": { "type": "Point", "coordinates": [ 72.8999544, 21.2930932 ] } },
{ "type": "Feature", "properties": { "element": "node", "id": 7602062958, "amenity": "clinic", "shop": null, "name": "Shivam Clinic" }, "geometry": { "type": "Point", "coordinates": [ 72.932051, 21.227466 ] } },
{ "type": "Feature", "properties": { "element": "node", "id": 7602062961, "amenity": "clinic", "shop": null, "name": "Ayush Clinic" }, "geometry": { "type": "Point", "coordinates": [ 72.9378008, 21.2574415 ] } },
{ "type": "Feature", "properties": { "element": "node", "id": 7602062964, "amenity": "clinic", "shop": null, "name": "Jivandhara Clinic" }, "geometry": { "type": "Point", "coordinates": [ 72.9486013, 21.2280695 ] } },
{ "type": "Feature", "properties": { "element": "node", "id": 7602062971, "amenity": "clinic", "shop": null, "name": "Shri Hari Family Clinic & Skin Care" }, "geometry": { "type": "Point", "coordinates": [ 72.893634, 21.290919 ] } },
{ "type": "Feature", "properties": { "element": "node", "id": 7602062995, "amenity": "hospital", "shop": null, "name": "Crystal Multispeciality Hospital" }, "geometry": { "type": "Point", "coordinates": [ 72.9275879, 21.2508147 ] } },
{ "type": "Feature", "properties": { "element": "node", "id": 7602063004, "amenity": "clinic", "shop": null, "name": "Swastik Clinic" }, "geometry": { "type": "Point", "coordinates": [ 72.9277434, 21.2492515 ] } },
{ "type": "Feature", "properties": { "element": "node", "id": 7602063007, "amenity": "clinic", "shop": null, "name": "Shivam Clinic" }, "geometry": { "type": "Point", "coordinates": [ 72.946962, 21.253127 ] } },
{ "type": "Feature", "properties": { "element": "node", "id": 7602063020, "amenity": "hospital", "shop": null, "name": "Devanshi Multispeciality Hospital" }, "geometry": { "type": "Point", "coordinates": [ 72.97458, 21.2059 ] } },
{ "type": "Feature", "properties": { "element": "node", "id": 7604817195, "amenity": "hospital", "shop": null, "name": "Aastha Hospital" }, "geometry": { "type": "Point", "coordinates": [ 72.860328, 21.198694 ] } },
{ "type": "Feature", "properties": { "element": "node", "id": 7604817196, "amenity": "hospital", "shop": null, "name": "Poonam General Hospital" }, "geometry": { "type": "Point", "coordinates": [ 72.8519858, 21.204905 ] } },
{ "type": "Feature", "properties": { "element": "node", "id": 7604817197, "amenity": "clinic", "shop": null, "name": "Sadbhavana Clinic" }, "geometry": { "type": "Point", "coordinates": [ 72.824491, 21.221051 ] } },
{ "type": "Feature", "properties": { "element": "node", "id": 7604817198, "amenity": "hospital", "shop": null, "name": "We Care Multispeciality Hospital" }, "geometry": { "type": "Point", "coordinates": [ 72.835968, 21.2325257 ] } },
{ "type": "Feature", "properties": { "element": "node", "id": 7604817199, "amenity": "hospital", "shop": null, "name": "Sahaj Hospital & Prasuti Gruh" }, "geometry": { "type": "Point", "coordinates": [ 72.82731, 21.215069 ] } },
{ "type": "Feature", "properties": { "element": "node", "id": 7604817200, "amenity": "doctors", "shop": null, "name": "Dr. Anil M. Patel" }, "geometry": { "type": "Point", "coordinates": [ 72.8395414, 21.1921775 ] } },
{ "type": "Feature", "properties": { "element": "node", "id": 7604817201, "amenity": "clinic", "shop": null, "name": "Sadbhavna Clinic" }, "geometry": { "type": "Point", "coordinates": [ 72.858645, 21.2016902 ] } },
{ "type": "Feature", "properties": { "element": "node", "id": 7604817202, "amenity": "dentist", "shop": null, "name": "Sabka Dentist" }, "geometry": { "type": "Point", "coordinates": [ 72.807634, 21.224863 ] } },
{ "type": "Feature", "properties": { "element": "node", "id": 7604817203, "amenity": "dentist", "shop": null, "name": "Sangani Dental Care" }, "geometry": { "type": "Point", "coordinates": [ 72.8306665, 21.2243215 ] } },
{ "type": "Feature", "properties": { "element": "node", "id": 7604817204, "amenity": "clinic", "shop": null, "name": "Shreeji Clinic" }, "geometry": { "type": "Point", "coordinates": [ 72.8734608, 21.1434605 ] } },
{ "type": "Feature", "properties": { "element": "node", "id": 7604817205, "amenity": "clinic", "shop": null, "name": "Sanjivani Clinic" }, "geometry": { "type": "Point", "coordinates": [ 72.856747, 21.208289 ] } },
{ "type": "Feature", "properties": { "element": "node", "id": 7604817206, "amenity": "hospital", "shop": null, "name": "Chiranjiv Hospital" }, "geometry": { "type": "Point", "coordinates": [ 72.830118, 21.215536 ] } },
{ "type": "Feature", "properties": { "element": "node", "id": 7604817207, "amenity": "clinic", "shop": null, "name": "Brahmani Clinic & Child Care" }, "geometry": { "type": "Point", "coordinates": [ 72.8149347, 21.2280172 ] } },
{ "type": "Feature", "properties": { "element": "node", "id": 7604817208, "amenity": "clinic", "shop": null, "name": "Arogyam Clinic" }, "geometry": { "type": "Point", "coordinates": [ 72.8250747, 21.2207633 ] } },
{ "type": "Feature", "properties": { "element": "node", "id": 7604817209, "amenity": "dentist", "shop": null, "name": "Dr. Mavani's Dental Clinic & Implant Centre" }, "geometry": { "type": "Point", "coordinates": [ 72.824814, 21.236082 ] } },
{ "type": "Feature", "properties": { "element": "node", "id": 7604817210, "amenity": "hospital", "shop": null, "name": "Vraj Dental Hospital" }, "geometry": { "type": "Point", "coordinates": [ 72.8530959, 21.2088546 ] } },
{ "type": "Feature", "properties": { "element": "node", "id": 7604817211, "amenity": "dentist", "shop": null, "name": "Perfect Smile Dental Care" }, "geometry": { "type": "Point", "coordinates": [ 72.835915, 21.232429 ] } },
{ "type": "Feature", "properties": { "element": "node", "id": 7604817212, "amenity": "clinic", "shop": null, "name": "Astha Clinic & Skin Care" }, "geometry": { "type": "Point", "coordinates": [ 72.826615, 21.235919 ] } },
{ "type": "Feature", "properties": { "element": "node", "id": 7604817214, "amenity": "hospital", "shop": null, "name": "Harsh Hospital" }, "geometry": { "type": "Point", "coordinates": [ 72.8201491, 21.230401 ] } },
{ "type": "Feature", "properties": { "element": "node", "id": 7604817215, "amenity": "clinic", "shop": null, "name": "Shivam Clinic and Children Care" }, "geometry": { "type": "Point", "coordinates": [ 72.8081953, 21.229158 ] } },
{ "type": "Feature", "properties": { "element": "node", "id": 7604817216, "amenity": "hospital", "shop": null, "name": "Shivani Hospital" }, "geometry": { "type": "Point", "coordinates": [ 72.8158649, 21.2311935 ] } },
{ "type": "Feature", "properties": { "element": "node", "id": 7604817217, "amenity": "clinic", "shop": null, "name": "Shri Harikrushna Clinic" }, "geometry": { "type": "Point", "coordinates": [ 72.8212337, 21.231159 ] } },
{ "type": "Feature", "properties": { "element": "node", "id": 7604817218, "amenity": "hospital", "shop": null, "name": "Gauri Children Hospital" }, "geometry": { "type": "Point", "coordinates": [ 72.873762, 21.149602 ] } },
{ "type": "Feature", "properties": { "element": "node", "id": 7604817219, "amenity": "hospital", "shop": null, "name": "Yashoda Surgical Hospital & Nursing Home" }, "geometry": { "type": "Point", "coordinates": [ 72.8629793, 21.2019423 ] } },
{ "type": "Feature", "properties": { "element": "node", "id": 7604817220, "amenity": "clinic", "shop": null, "name": "Bhimani Clinic" }, "geometry": { "type": "Point", "coordinates": [ 72.853732, 21.214602 ] } },
{ "type": "Feature", "properties": { "element": "node", "id": 7604817221, "amenity": "hospital", "shop": null, "name": "Sri Om Mom Prasuti Gruh" }, "geometry": { "type": "Point", "coordinates": [ 72.8227664, 21.2306575 ] } },
{ "type": "Feature", "properties": { "element": "node", "id": 7604817222, "amenity": "hospital", "shop": null, "name": "Shiv Surgical Hospital & Nursing Home" }, "geometry": { "type": "Point", "coordinates": [ 72.854147, 21.2116163 ] } },
{ "type": "Feature", "properties": { "element": "node", "id": 7604817223, "amenity": "hospital", "shop": null, "name": "Krishna Hospital" }, "geometry": { "type": "Point", "coordinates": [ 72.8319496, 21.225269 ] } },
{ "type": "Feature", "properties": { "element": "node", "id": 7604817224, "amenity": "hospital", "shop": null, "name": "Life Line Multispeciality Hospital" }, "geometry": { "type": "Point", "coordinates": [ 72.8550069, 21.209057 ] } },
{ "type": "Feature", "properties": { "element": "node", "id": 7604817225, "amenity": "hospital", "shop": null, "name": "Uma Hospital" }, "geometry": { "type": "Point", "coordinates": [ 72.8811536, 21.1426165 ] } },
{ "type": "Feature", "properties": { "element": "node", "id": 7604817226, "amenity": "hospital", "shop": null, "name": "Shreeji ENT Hospital" }, "geometry": { "type": "Point", "coordinates": [ 72.85562, 21.211467 ] } },
{ "type": "Feature", "properties": { "element": "node", "id": 7604817227, "amenity": "hospital", "shop": null, "name": "Shivam Hospital" }, "geometry": { "type": "Point", "coordinates": [ 72.8609668, 21.197516 ] } },
{ "type": "Feature", "properties": { "element": "node", "id": 7604817229, "amenity": "hospital", "shop": null, "name": "Kavya Hospital" }, "geometry": { "type": "Point", "coordinates": [ 72.8176729, 21.2257287 ] } },
{ "type": "Feature", "properties": { "element": "node", "id": 7604817230, "amenity": "clinic", "shop": null, "name": "Kakadiya Clinic" }, "geometry": { "type": "Point", "coordinates": [ 72.819416, 21.237259 ] } },
{ "type": "Feature", "properties": { "element": "node", "id": 7604817231, "amenity": "clinic", "shop": null, "name": "Shreya Skin Clinic" }, "geometry": { "type": "Point", "coordinates": [ 72.8218701, 21.231071 ] } },
{ "type": "Feature", "properties": { "element": "node", "id": 7604817232, "amenity": "hospital", "shop": null, "name": "The New Life Hospital" }, "geometry": { "type": "Point", "coordinates": [ 72.830499, 21.22798 ] } },
{ "type": "Feature", "properties": { "element": "node", "id": 7604817233, "amenity": "hospital", "shop": null, "name": "Sadbhav Prasuti Gruh Sonography Anjani Hospital" }, "geometry": { "type": "Point", "coordinates": [ 72.8489572, 21.204506 ] } },
{ "type": "Feature", "properties": { "element": "node", "id": 7604817234, "amenity": "clinic", "shop": null, "name": "Ranjana Clinic" }, "geometry": { "type": "Point", "coordinates": [ 72.873746, 21.143387 ] } },
{ "type": "Feature", "properties": { "element": "node", "id": 7604817235, "amenity": "clinic", "shop": null, "name": "Mangukiya Clinic" }, "geometry": { "type": "Point", "coordinates": [ 72.811094, 21.228702 ] } },
{ "type": "Feature", "properties": { "element": "node", "id": 7604817236, "amenity": "hospital", "shop": null, "name": "Kiran Surgical Hospital" }, "geometry": { "type": "Point", "coordinates": [ 72.829073, 21.214721 ] } },
{ "type": "Feature", "properties": { "element": "node", "id": 7604817237, "amenity": "hospital", "shop": null, "name": "Umiya Multispeciality Hospital & ICU" }, "geometry": { "type": "Point", "coordinates": [ 72.873414, 21.149894 ] } },
{ "type": "Feature", "properties": { "element": "node", "id": 7604817238, "amenity": "clinic", "shop": null, "name": "Pramukh Skin Care" }, "geometry": { "type": "Point", "coordinates": [ 72.8111125, 21.2287552 ] } },
{ "type": "Feature", "properties": { "element": "node", "id": 7604817239, "amenity": "hospital", "shop": null, "name": "Sarjan Orthopaedic Hospital" }, "geometry": { "type": "Point", "coordinates": [ 72.8297707, 21.2157828 ] } },
{ "type": "Feature", "properties": { "element": "node", "id": 7604817240, "amenity": "clinic", "shop": null, "name": "Baidynath Clinic" }, "geometry": { "type": "Point", "coordinates": [ 72.852407, 21.204943 ] } },
{ "type": "Feature", "properties": { "element": "node", "id": 7604817241, "amenity": "hospital", "shop": null, "name": "Kiran Hospital" }, "geometry": { "type": "Point", "coordinates": [ 72.837085, 21.218442 ] } },
{ "type": "Feature", "properties": { "element": "node", "id": 7604817242, "amenity": "hospital", "shop": null, "name": "Poshiya Children Hospital" }, "geometry": { "type": "Point", "coordinates": [ 72.8535038, 21.2107462 ] } },
{ "type": "Feature", "properties": { "element": "node", "id": 7604817243, "amenity": "hospital", "shop": null, "name": "Anubhav Hospital" }, "geometry": { "type": "Point", "coordinates": [ 72.818756, 21.22505 ] } },
{ "type": "Feature", "properties": { "element": "node", "id": 7604817244, "amenity": "dentist", "shop": null, "name": "Dr. Bagadiya's Dental Clinic" }, "geometry": { "type": "Point", "coordinates": [ 72.821349, 21.226924 ] } },
{ "type": "Feature", "properties": { "element": "node", "id": 7604817245, "amenity": "hospital", "shop": null, "name": "Shree Nandan Eye Hospital" }, "geometry": { "type": "Point", "coordinates": [ 72.855502, 21.211386 ] } },
{ "type": "Feature", "properties": { "element": "node", "id": 7604817246, "amenity": "hospital", "shop": null, "name": "Megh Child Hospital" }, "geometry": { "type": "Point", "coordinates": [ 72.8599198, 21.200314 ] } },
{ "type": "Feature", "properties": { "element": "node", "id": 7604817247, "amenity": "clinic", "shop": null, "name": "Shreeji Clinic" }, "geometry": { "type": "Point", "coordinates": [ 72.8212097, 21.2314287 ] } },
{ "type": "Feature", "properties": { "element": "node", "id": 7604817248, "amenity": "hospital", "shop": null, "name": "Netram Eye Hospital & Laser Centre" }, "geometry": { "type": "Point", "coordinates": [ 72.8212103, 21.2222505 ] } },
{ "type": "Feature", "properties": { "element": "node", "id": 7604817249, "amenity": "clinic", "shop": null, "name": "Shraddha Clinic" }, "geometry": { "type": "Point", "coordinates": [ 72.8289863, 21.2177321 ] } },
{ "type": "Feature", "properties": { "element": "node", "id": 7604817250, "amenity": "hospital", "shop": null, "name": "Purusharth Multispeciality Hospital" }, "geometry": { "type": "Point", "coordinates": [ 72.8198648, 21.2247012 ] } },
{ "type": "Feature", "properties": { "element": "node", "id": 7604817251, "amenity": "dentist", "shop": null, "name": "Shri Radhe Dental Clinic" }, "geometry": { "type": "Point", "coordinates": [ 72.8075858, 21.2342275 ] } },
{ "type": "Feature", "properties": { "element": "node", "id": 7604817252, "amenity": "hospital", "shop": null, "name": "Pulse Hospital & ICU" }, "geometry": { "type": "Point", "coordinates": [ 72.8721057, 21.149776 ] } },
{ "type": "Feature", "properties": { "element": "node", "id": 7604817253, "amenity": "hospital", "shop": null, "name": "Shivam Netralay Eye Hospital" }, "geometry": { "type": "Point", "coordinates": [ 72.82734, 21.215147 ] } },
{ "type": "Feature", "properties": { "element": "node", "id": 7604817254, "amenity": "doctors", "shop": null, "name": "Dr. Rana Hadvaid & Physio" }, "geometry": { "type": "Point", "coordinates": [ 72.8590213, 21.2015713 ] } },
{ "type": "Feature", "properties": { "element": "node", "id": 7604817255, "amenity": "dentist", "shop": null, "name": "Bhikadiya Dental Clinic" }, "geometry": { "type": "Point", "coordinates": [ 72.822712, 21.2306358 ] } },
{ "type": "Feature", "properties": { "element": "node", "id": 7604817256, "amenity": "hospital", "shop": null, "name": "Khushi Children Hospital" }, "geometry": { "type": "Point", "coordinates": [ 72.8616487, 21.1970925 ] } },
{ "type": "Feature", "properties": { "element": "node", "id": 7604817257, "amenity": "hospital", "shop": null, "name": "Little Wings NICU & Children Hospital" }, "geometry": { "type": "Point", "coordinates": [ 72.8203184, 21.2246897 ] } },
{ "type": "Feature", "properties": { "element": "node", "id": 7604817258, "amenity": "hospital", "shop": null, "name": "Sardar Hospital" }, "geometry": { "type": "Point", "coordinates": [ 72.8211494, 21.2225812 ] } },
{ "type": "Feature", "properties": { "element": "node", "id": 7604817259, "amenity": "hospital", "shop": null, "name": "Sonani Hospital Laproscopy & Endoscopy Centre" }, "geometry": { "type": "Point", "coordinates": [ 72.833744, 21.2280685 ] } },
{ "type": "Feature", "properties": { "element": "node", "id": 7604817260, "amenity": "hospital", "shop": null, "name": "Satyam Hospital" }, "geometry": { "type": "Point", "coordinates": [ 72.8537379, 21.207208 ] } },
{ "type": "Feature", "properties": { "element": "node", "id": 7604817261, "amenity": "clinic", "shop": null, "name": "Akshar Clinic & Child and Skin Care" }, "geometry": { "type": "Point", "coordinates": [ 72.8723456, 21.1492593 ] } },
{ "type": "Feature", "properties": { "element": "node", "id": 7604817262, "amenity": "hospital", "shop": null, "name": "Me and Mom Hospital & IVF Centre" }, "geometry": { "type": "Point", "coordinates": [ 72.853375, 21.211386 ] } },
{ "type": "Feature", "properties": { "element": "node", "id": 7604817263, "amenity": "hospital", "shop": null, "name": "Dharmnandan Hospital" }, "geometry": { "type": "Point", "coordinates": [ 72.827291, 21.221421 ] } },
{ "type": "Feature", "properties": { "element": "node", "id": 7604817264, "amenity": "clinic", "shop": null, "name": "Om Clinic & Skin Care" }, "geometry": { "type": "Point", "coordinates": [ 72.8137501, 21.2343405 ] } },
{ "type": "Feature", "properties": { "element": "node", "id": 7604817265, "amenity": "hospital", "shop": null, "name": "Divyam Hospital & Prasutigruha & Skin Care" }, "geometry": { "type": "Point", "coordinates": [ 72.8208623, 21.224502 ] } },
{ "type": "Feature", "properties": { "element": "node", "id": 7604817266, "amenity": "hospital", "shop": null, "name": "AUM Hospital & Maternity Home" }, "geometry": { "type": "Point", "coordinates": [ 72.8735017, 21.1463288 ] } },
{ "type": "Feature", "properties": { "element": "node", "id": 7604817267, "amenity": "hospital", "shop": null, "name": "Smit Hospital & Infertility Centre" }, "geometry": { "type": "Point", "coordinates": [ 72.8554835, 21.2113576 ] } },
{ "type": "Feature", "properties": { "element": "node", "id": 7604817268, "amenity": "clinic", "shop": null, "name": "Matru Shree Clinic Skin Care" }, "geometry": { "type": "Point", "coordinates": [ 72.8194875, 21.2305375 ] } },
{ "type": "Feature", "properties": { "element": "node", "id": 7604817269, "amenity": "hospital", "shop": null, "name": "Raghav Hospital" }, "geometry": { "type": "Point", "coordinates": [ 72.836452, 21.219556 ] } },
{ "type": "Feature", "properties": { "element": "node", "id": 7604817270, "amenity": "hospital", "shop": null, "name": "Sanjivani Multispeciality Hospital" }, "geometry": { "type": "Point", "coordinates": [ 72.872733900000014, 21.1495978 ] } },
{ "type": "Feature", "properties": { "element": "node", "id": 7604817271, "amenity": "hospital", "shop": null, "name": "Devanshi Hospital" }, "geometry": { "type": "Point", "coordinates": [ 72.857178, 21.204682 ] } },
{ "type": "Feature", "properties": { "element": "node", "id": 7604817272, "amenity": "hospital", "shop": null, "name": "Anand Hopspital" }, "geometry": { "type": "Point", "coordinates": [ 72.824338, 21.223715 ] } },
{ "type": "Feature", "properties": { "element": "node", "id": 7604817273, "amenity": "hospital", "shop": null, "name": "Savani Hospital & Diabetes Care" }, "geometry": { "type": "Point", "coordinates": [ 72.8212962, 21.2268957 ] } },
{ "type": "Feature", "properties": { "element": "node", "id": 7604817274, "amenity": "hospital", "shop": null, "name": "Ruta Hospital & IVF Centre" }, "geometry": { "type": "Point", "coordinates": [ 72.855, 21.211175 ] } },
{ "type": "Feature", "properties": { "element": "node", "id": 7604817275, "amenity": "hospital", "shop": null, "name": "Tejani Hospital, Vishal Nagar" }, "geometry": { "type": "Point", "coordinates": [ 72.8213844, 21.2292227 ] } },
{ "type": "Feature", "properties": { "element": "node", "id": 7604817276, "amenity": "hospital", "shop": null, "name": "Janki Hospital & Maternity Home" }, "geometry": { "type": "Point", "coordinates": [ 72.827466, 21.2231 ] } },
{ "type": "Feature", "properties": { "element": "node", "id": 7604817277, "amenity": "hospital", "shop": null, "name": "Immune Children & Diabetes Hospital" }, "geometry": { "type": "Point", "coordinates": [ 72.829148700000019, 21.230652 ] } },
{ "type": "Feature", "properties": { "element": "node", "id": 7604817278, "amenity": "clinic", "shop": null, "name": "Dr. Manoj Vaghasiya Krishna Clinic" }, "geometry": { "type": "Point", "coordinates": [ 72.8291699, 21.2307133 ] } },
{ "type": "Feature", "properties": { "element": "node", "id": 7604817279, "amenity": "hospital", "shop": null, "name": "PP Maniya Children's Superspciality Hospital and Maternity Home" }, "geometry": { "type": "Point", "coordinates": [ 72.8548039, 21.2117108 ] } },
{ "type": "Feature", "properties": { "element": "node", "id": 7604817280, "amenity": "hospital", "shop": null, "name": "Hope NICU & Children Hospital" }, "geometry": { "type": "Point", "coordinates": [ 72.8234382, 21.230529 ] } },
{ "type": "Feature", "properties": { "element": "node", "id": 7604817281, "amenity": "hospital", "shop": null, "name": "Tani Surgical Hospital & Prasutigruh" }, "geometry": { "type": "Point", "coordinates": [ 72.8176095, 21.2256937 ] } },
{ "type": "Feature", "properties": { "element": "node", "id": 7604817282, "amenity": "hospital", "shop": null, "name": "Ashwini Ayurved Hospital" }, "geometry": { "type": "Point", "coordinates": [ 72.8216284, 21.233956299999988 ] } },
{ "type": "Feature", "properties": { "element": "node", "id": 7604817283, "amenity": "hospital", "shop": null, "name": "Sanskruti Hospital" }, "geometry": { "type": "Point", "coordinates": [ 72.823574, 21.223623 ] } },
{ "type": "Feature", "properties": { "element": "node", "id": 7604817284, "amenity": "hospital", "shop": null, "name": "Vedant Eye & ENT Hospital" }, "geometry": { "type": "Point", "coordinates": [ 72.831992, 21.225184 ] } },
{ "type": "Feature", "properties": { "element": "node", "id": 7604817285, "amenity": "hospital", "shop": null, "name": "Kamlaba Multispeciality Hospital" }, "geometry": { "type": "Point", "coordinates": [ 72.8211651, 21.2223927 ] } },
{ "type": "Feature", "properties": { "element": "node", "id": 7604817286, "amenity": "hospital", "shop": null, "name": "Radhama Hospital" }, "geometry": { "type": "Point", "coordinates": [ 72.813385, 21.22116 ] } },
{ "type": "Feature", "properties": { "element": "node", "id": 7604817287, "amenity": "clinic", "shop": null, "name": "Krisna Clinic & Skin Care" }, "geometry": { "type": "Point", "coordinates": [ 72.8054475, 21.2256575 ] } },
{ "type": "Feature", "properties": { "element": "node", "id": 7604817288, "amenity": "clinic", "shop": null, "name": "Ranjana Clinic & Child Care" }, "geometry": { "type": "Point", "coordinates": [ 72.8731535, 21.1439288 ] } },
{ "type": "Feature", "properties": { "element": "node", "id": 7604817289, "amenity": "clinic", "shop": null, "name": "Pavasiya Clinic" }, "geometry": { "type": "Point", "coordinates": [ 72.8362904, 21.2330653 ] } },
{ "type": "Feature", "properties": { "element": "node", "id": 7604817290, "amenity": "hospital", "shop": null, "name": "Sahajanand Cancer Hospital" }, "geometry": { "type": "Point", "coordinates": [ 72.816495, 21.235583 ] } },
{ "type": "Feature", "properties": { "element": "node", "id": 7604817291, "amenity": "hospital", "shop": null, "name": "Sai Krishna Hospital" }, "geometry": { "type": "Point", "coordinates": [ 72.862794, 21.201749 ] } },
{ "type": "Feature", "properties": { "element": "node", "id": 7604817292, "amenity": "hospital", "shop": null, "name": "Akshar Children Hospital" }, "geometry": { "type": "Point", "coordinates": [ 72.829947, 21.217299 ] } },
{ "type": "Feature", "properties": { "element": "node", "id": 7604817293, "amenity": "hospital", "shop": null, "name": "Kavya Women Hospital & Laproscopy Centre" }, "geometry": { "type": "Point", "coordinates": [ 72.8366241, 21.2329333 ] } },
{ "type": "Feature", "properties": { "element": "node", "id": 7604817294, "amenity": "hospital", "shop": null, "name": "Rhythm Hospital" }, "geometry": { "type": "Point", "coordinates": [ 72.820074, 21.2247455 ] } },
{ "type": "Feature", "properties": { "element": "node", "id": 7604817295, "amenity": "hospital", "shop": null, "name": "Madhav Children Hospital" }, "geometry": { "type": "Point", "coordinates": [ 72.8175938, 21.2257867 ] } },
{ "type": "Feature", "properties": { "element": "node", "id": 7604817296, "amenity": "hospital", "shop": null, "name": "Radhama Vitthalbhai Aambliya Hospital & Nidan Kendra" }, "geometry": { "type": "Point", "coordinates": [ 72.825698, 21.22364 ] } },
{ "type": "Feature", "properties": { "element": "node", "id": 7604817297, "amenity": "hospital", "shop": null, "name": "Mannat Children Hospital" }, "geometry": { "type": "Point", "coordinates": [ 72.8596911, 21.1989049 ] } },
{ "type": "Feature", "properties": { "element": "node", "id": 7604817298, "amenity": "hospital", "shop": null, "name": "Shreya Hospital & Prasutigruh" }, "geometry": { "type": "Point", "coordinates": [ 72.829325, 21.230408 ] } },
{ "type": "Feature", "properties": { "element": "node", "id": 7671425722, "amenity": null, "shop": null, "name": null }, "geometry": { "type": "Point", "coordinates": [ 72.8707695, 21.228712 ] } },
{ "type": "Feature", "properties": { "element": "node", "id": 7709915542, "amenity": null, "shop": "cosmetics", "name": "Beauty House" }, "geometry": { "type": "Point", "coordinates": [ 72.7919027, 21.1719584 ] } },
{ "type": "Feature", "properties": { "element": "node", "id": 7713971326, "amenity": "fast_food", "shop": null, "name": "Pizza Da Dhaba" }, "geometry": { "type": "Point", "coordinates": [ 72.8602453, 21.1909121 ] } },
{ "type": "Feature", "properties": { "element": "node", "id": 7807345424, "amenity": "place_of_worship", "shop": null, "name": "Radha Krishna Mandir" }, "geometry": { "type": "Point", "coordinates": [ 72.8286865, 21.2108823 ] } },
{ "type": "Feature", "properties": { "element": "node", "id": 7809485327, "amenity": "place_of_worship", "shop": null, "name": "Kantareshwar Mahadev Mandir" }, "geometry": { "type": "Point", "coordinates": [ 72.8310183, 21.2272846 ] } },
{ "type": "Feature", "properties": { "element": "node", "id": 7833169378, "amenity": "hospital", "shop": null, "name": "Darak Dental Care" }, "geometry": { "type": "Point", "coordinates": [ 72.8051995, 21.1464386 ] } },
{ "type": "Feature", "properties": { "element": "node", "id": 7846556358, "amenity": "cafe", "shop": null, "name": "the shake maker" }, "geometry": { "type": "Point", "coordinates": [ 72.8097318, 21.1856424 ] } },
{ "type": "Feature", "properties": { "element": "node", "id": 7902869993, "amenity": null, "shop": null, "name": "Kitchen Garden" }, "geometry": { "type": "Point", "coordinates": [ 72.8210424, 21.1776258 ] } },
{ "type": "Feature", "properties": { "element": "node", "id": 7985139765, "amenity": null, "shop": "hairdresser", "name": "Tasmay Hair Studio" }, "geometry": { "type": "Point", "coordinates": [ 72.8074807, 21.2247907 ] } },
{ "type": "Feature", "properties": { "element": "node", "id": 8000925106, "amenity": "bus_stand", "shop": null, "name": "Bhestan Bus Depot" }, "geometry": { "type": "Point", "coordinates": [ 72.849188400000017, 21.1193427 ] } },
{ "type": "Feature", "properties": { "element": "node", "id": 8010821915, "amenity": null, "shop": null, "name": "Etherbit" }, "geometry": { "type": "Point", "coordinates": [ 72.8009007, 21.1321372 ] } },
{ "type": "Feature", "properties": { "element": "node", "id": 8094418004, "amenity": null, "shop": "supermarket", "name": "Goraji SuperStore" }, "geometry": { "type": "Point", "coordinates": [ 72.8076604, 21.1561135 ] } },
{ "type": "Feature", "properties": { "element": "node", "id": 8279778700, "amenity": null, "shop": "clothes", "name": "fabindia" }, "geometry": { "type": "Point", "coordinates": [ 72.7931041, 21.173707 ] } },
{ "type": "Feature", "properties": { "element": "node", "id": 8407527478, "amenity": "cafe", "shop": null, "name": "Episode Coffee Lounge" }, "geometry": { "type": "Point", "coordinates": [ 72.7745876, 21.1381158 ] } },
{ "type": "Feature", "properties": { "element": "node", "id": 8464415048, "amenity": "school", "shop": null, "name": "Vinay International School" }, "geometry": { "type": "Point", "coordinates": [ 72.8588645, 21.1532377 ] } },
{ "type": "Feature", "properties": { "element": "node", "id": 8495697185, "amenity": null, "shop": null, "name": "UPCOMIN" }, "geometry": { "type": "Point", "coordinates": [ 72.7492576, 21.135816 ] } },
{ "type": "Feature", "properties": { "element": "node", "id": 8519862704, "amenity": null, "shop": "jewelry", "name": "Shree Dhanlakshmi Jewellers" }, "geometry": { "type": "Point", "coordinates": [ 72.821276, 21.2240415 ] } },
{ "type": "Feature", "properties": { "element": "node", "id": 8519862707, "amenity": "restaurant", "shop": null, "name": "Hogspot" }, "geometry": { "type": "Point", "coordinates": [ 72.8012332, 21.1773139 ] } },
{ "type": "Feature", "properties": { "element": "node", "id": 8519862713, "amenity": "cafe", "shop": null, "name": "Crushh" }, "geometry": { "type": "Point", "coordinates": [ 72.766095, 21.1485188 ] } },
{ "type": "Feature", "properties": { "element": "node", "id": 8811520846, "amenity": null, "shop": null, "name": "Silkara Shampoo" }, "geometry": { "type": "Point", "coordinates": [ 72.888455, 21.2427447 ] } },
{ "type": "Feature", "properties": { "element": "node", "id": 8839282017, "amenity": null, "shop": null, "name": "Rushikesh Township" }, "geometry": { "type": "Point", "coordinates": [ 72.9007956, 21.2256446 ] } },
{ "type": "Feature", "properties": { "element": "node", "id": 8912867942, "amenity": "bank", "shop": null, "name": "Gandhichowk, near pani ni bhint, surat" }, "geometry": { "type": "Point", "coordinates": [ 72.8240894, 21.1961071 ] } },
{ "type": "Feature", "properties": { "element": "node", "id": 8949349531, "amenity": null, "shop": "travel_agency", "name": "Signature Holidays" }, "geometry": { "type": "Point", "coordinates": [ 72.8021758, 21.1946439 ] } },
{ "type": "Feature", "properties": { "element": "node", "id": 8962104250, "amenity": null, "shop": null, "name": "The Dream Stories" }, "geometry": { "type": "Point", "coordinates": [ 72.8791648, 21.2385774 ] } },
{ "type": "Feature", "properties": { "element": "node", "id": 8988365847, "amenity": null, "shop": "travel_agency", "name": "Signature Holidays" }, "geometry": { "type": "Point", "coordinates": [ 72.7809802, 21.1931509 ] } },
{ "type": "Feature", "properties": { "element": "node", "id": 9115520769, "amenity": "fast_food", "shop": null, "name": "Rail Ahar" }, "geometry": { "type": "Point", "coordinates": [ 72.8405609, 21.205929 ] } },
{ "type": "Feature", "properties": { "element": "node", "id": 9115520770, "amenity": "fast_food", "shop": null, "name": "Rail Ahar" }, "geometry": { "type": "Point", "coordinates": [ 72.8408444, 21.2059607 ] } },
{ "type": "Feature", "properties": { "element": "node", "id": 9148313307, "amenity": "prep_school", "shop": null, "name": "SoftBuzz Computer Classes" }, "geometry": { "type": "Point", "coordinates": [ 72.7805164, 21.1930922 ] } },
{ "type": "Feature", "properties": { "element": "node", "id": 9350685682, "amenity": null, "shop": "antiques", "name": "V S Antique and Nursery" }, "geometry": { "type": "Point", "coordinates": [ 72.8113217, 21.176024 ] } },
{ "type": "Feature", "properties": { "element": "node", "id": 9385116135, "amenity": "pharmacy", "shop": null, "name": "Best Care Pharmacy" }, "geometry": { "type": "Point", "coordinates": [ 72.7729865, 21.1420524 ] } },
{ "type": "Feature", "properties": { "element": "node", "id": 9436979867, "amenity": "parking", "shop": null, "name": null }, "geometry": { "type": "Point", "coordinates": [ 72.8392201, 21.2077306 ] } },
{ "type": "Feature", "properties": { "element": "node", "id": 9439183542, "amenity": null, "shop": null, "name": "Khelo INDIA GROUND" }, "geometry": { "type": "Point", "coordinates": [ 72.77604, 21.1653681 ] } },
{ "type": "Feature", "properties": { "element": "node", "id": 9536562817, "amenity": null, "shop": "car_repair", "name": "W3255monarch dumas road piplod surat" }, "geometry": { "type": "Point", "coordinates": [ 72.7625676, 21.1519551 ] } },
{ "type": "Feature", "properties": { "element": "node", "id": 9563282680, "amenity": "kindergarten", "shop": null, "name": "NEST Pre-School & CSC Bal Vidyalaya" }, "geometry": { "type": "Point", "coordinates": [ 72.7783423, 21.2019676 ] } },
{ "type": "Feature", "properties": { "element": "node", "id": 9623028426, "amenity": null, "shop": "travel_agency", "name": "DERIVE WORLD TRAVEL SHOP" }, "geometry": { "type": "Point", "coordinates": [ 72.7703026, 21.1398839 ] } },
{ "type": "Feature", "properties": { "element": "node", "id": 9648285515, "amenity": null, "shop": null, "name": "Ethics Prosperity Private Limited" }, "geometry": { "type": "Point", "coordinates": [ 72.7693515, 21.1577814 ] } },
{ "type": "Feature", "properties": { "element": "node", "id": 9928911545, "amenity": "cafe", "shop": null, "name": "Chai Makers By Engineers VIP" }, "geometry": { "type": "Point", "coordinates": [ 72.7934341, 21.141804 ] } },
{ "type": "Feature", "properties": { "element": "node", "id": 10125549605, "amenity": null, "shop": null, "name": "Deepavali Multitrade Pvt Ltd" }, "geometry": { "type": "Point", "coordinates": [ 72.902865800000015, 21.2263181 ] } },
{ "type": "Feature", "properties": { "element": "node", "id": 10201713118, "amenity": "cafe", "shop": null, "name": "The Coffee Time" }, "geometry": { "type": "Point", "coordinates": [ 72.8636589, 21.2336825 ] } },
{ "type": "Feature", "properties": { "element": "node", "id": 10259384293, "amenity": null, "shop": "clothes", "name": "TASTA" }, "geometry": { "type": "Point", "coordinates": [ 72.7934339, 21.1741161 ] } },
{ "type": "Feature", "properties": { "element": "node", "id": 10581651894, "amenity": null, "shop": null, "name": "Geeni Infotech" }, "geometry": { "type": "Point", "coordinates": [ 72.8756583, 21.1897313 ] } },
{ "type": "Feature", "properties": { "element": "node", "id": 10617934863, "amenity": null, "shop": null, "name": "Gnan Tech World" }, "geometry": { "type": "Point", "coordinates": [ 72.9172803, 21.2495976 ] } },
{ "type": "Feature", "properties": { "element": "node", "id": 10736296357, "amenity": null, "shop": "footwear", "name": "MV FOOTWEAR" }, "geometry": { "type": "Point", "coordinates": [ 72.8048846, 21.14353 ] } },
{ "type": "Feature", "properties": { "element": "node", "id": 10777395415, "amenity": null, "shop": "hairdresser", "name": "TooShine beauty salon" }, "geometry": { "type": "Point", "coordinates": [ 72.7856887, 21.1867698 ] } },
{ "type": "Feature", "properties": { "element": "node", "id": 10900902395, "amenity": null, "shop": null, "name": "KBX Ads + Ideas + Writing + Design + Video" }, "geometry": { "type": "Point", "coordinates": [ 72.8186356, 21.1752369 ] } },
{ "type": "Feature", "properties": { "element": "node", "id": 10904480756, "amenity": null, "shop": null, "name": "بیت ال PATHAN" }, "geometry": { "type": "Point", "coordinates": [ 72.7930947, 21.2223139 ] } },
{ "type": "Feature", "properties": { "element": "node", "id": 10913689095, "amenity": "community_centre", "shop": null, "name": "ISKCON Vesu" }, "geometry": { "type": "Point", "coordinates": [ 72.7873478, 21.1362853 ] } },
{ "type": "Feature", "properties": { "element": "node", "id": 10959293201, "amenity": null, "shop": "jewelry", "name": "Maiora Diamonds" }, "geometry": { "type": "Point", "coordinates": [ 72.7947646, 21.1687072 ] } },
{ "type": "Feature", "properties": { "element": "node", "id": 11047622005, "amenity": "college", "shop": null, "name": "Ambaba Commerce College" }, "geometry": { "type": "Point", "coordinates": [ 72.9208569, 21.1805933 ] } },
{ "type": "Feature", "properties": { "element": "node", "id": 11047628305, "amenity": null, "shop": null, "name": "Shubham Elegant" }, "geometry": { "type": "Point", "coordinates": [ 72.876255, 21.1913297 ] } },
{ "type": "Feature", "properties": { "element": "node", "id": 11047633005, "amenity": null, "shop": "clothes", "name": "MD's Landmark" }, "geometry": { "type": "Point", "coordinates": [ 72.8771926, 21.1906089 ] } },
{ "type": "Feature", "properties": { "element": "node", "id": 11047633006, "amenity": null, "shop": null, "name": "SMC Garden" }, "geometry": { "type": "Point", "coordinates": [ 72.8777347, 21.1910773 ] } },
{ "type": "Feature", "properties": { "element": "node", "id": 11047633007, "amenity": null, "shop": null, "name": "SMC Garden" }, "geometry": { "type": "Point", "coordinates": [ 72.8776594, 21.1910815 ] } },
{ "type": "Feature", "properties": { "element": "node", "id": 11047638005, "amenity": "place_of_worship", "shop": null, "name": "Bhaktidham Mataji Mandir" }, "geometry": { "type": "Point", "coordinates": [ 72.8735972, 21.1889065 ] } },
{ "type": "Feature", "properties": { "element": "node", "id": 11047646005, "amenity": "restaurant", "shop": null, "name": "Zest Restaurant" }, "geometry": { "type": "Point", "coordinates": [ 72.8695467, 21.190875 ] } },
{ "type": "Feature", "properties": { "element": "node", "id": 11047652206, "amenity": null, "shop": null, "name": "Kabutar Circle" }, "geometry": { "type": "Point", "coordinates": [ 72.8607419, 21.1890476 ] } },
{ "type": "Feature", "properties": { "element": "node", "id": 11047653405, "amenity": null, "shop": null, "name": "La Citadel" }, "geometry": { "type": "Point", "coordinates": [ 72.8687796, 21.1910688 ] } },
{ "type": "Feature", "properties": { "element": "node", "id": 11047654005, "amenity": null, "shop": "electronics", "name": "Mahavir Mobile" }, "geometry": { "type": "Point", "coordinates": [ 72.8629326, 21.1917811 ] } },
{ "type": "Feature", "properties": { "element": "node", "id": 11047656605, "amenity": "place_of_worship", "shop": null, "name": "Shanidev Mandir" }, "geometry": { "type": "Point", "coordinates": [ 72.8701856, 21.1912355 ] } },
{ "type": "Feature", "properties": { "element": "node", "id": 11088970058, "amenity": "cafe", "shop": null, "name": "Milo Chai Pe" }, "geometry": { "type": "Point", "coordinates": [ 72.7957792, 21.1442229 ] } },
{ "type": "Feature", "properties": { "element": "node", "id": 11126378946, "amenity": null, "shop": null, "name": "Surat Diamond Bourse" }, "geometry": { "type": "Point", "coordinates": [ 72.7954485, 21.1096481 ] } },
{ "type": "Feature", "properties": { "element": "node", "id": 11205007738, "amenity": null, "shop": "interior_decoration", "name": "Shree Mahaveer Interior Art" }, "geometry": { "type": "Point", "coordinates": [ 72.8175717, 21.1625024 ] } },
{ "type": "Feature", "properties": { "element": "node", "id": 11238067919, "amenity": "restaurant", "shop": null, "name": "Jagdish Baldaniya's Home" }, "geometry": { "type": "Point", "coordinates": [ 72.858567300000018, 21.197367 ] } },
{ "type": "Feature", "properties": { "element": "node", "id": 11257472521, "amenity": "doctors", "shop": null, "name": "Aarkah Clinic" }, "geometry": { "type": "Point", "coordinates": [ 72.7885113, 21.1495253 ] } },
{ "type": "Feature", "properties": { "element": "node", "id": 11277389355, "amenity": null, "shop": "computer", "name": "Chevli Softwares Solution" }, "geometry": { "type": "Point", "coordinates": [ 72.79063410000002, 21.1342912 ] } },
{ "type": "Feature", "properties": { "element": "node", "id": 11329098780, "amenity": null, "shop": "medical_supply", "name": "Aura Care" }, "geometry": { "type": "Point", "coordinates": [ 72.8615111, 21.2205207 ] } },
{ "type": "Feature", "properties": { "element": "node", "id": 11409367177, "amenity": null, "shop": null, "name": "CODIGO INFOTECH LLP" }, "geometry": { "type": "Point", "coordinates": [ 72.8642049, 21.233615 ] } },
{ "type": "Feature", "properties": { "element": "node", "id": 11741412837, "amenity": null, "shop": null, "name": "Art Baari" }, "geometry": { "type": "Point", "coordinates": [ 72.879708, 21.2381542 ] } },
{ "type": "Feature", "properties": { "element": "node", "id": 11743527411, "amenity": "cafe", "shop": null, "name": "custom" }, "geometry": { "type": "Point", "coordinates": [ 72.8222109, 21.1868105 ] } },
{ "type": "Feature", "properties": { "element": "node", "id": 11747959070, "amenity": null, "shop": "clothes", "name": "FABRIC BAZZAR" }, "geometry": { "type": "Point", "coordinates": [ 72.8767812, 21.1871409 ] } },
{ "type": "Feature", "properties": { "element": "node", "id": 11753132082, "amenity": null, "shop": "clothes", "name": "JACK & STYLE" }, "geometry": { "type": "Point", "coordinates": [ 72.8495302, 21.1501079 ] } },
{ "type": "Feature", "properties": { "element": "node", "id": 11836831099, "amenity": "place_of_worship", "shop": null, "name": "Shri Swaminarayan temple" }, "geometry": { "type": "Point", "coordinates": [ 72.822589, 21.2295786 ] } },
{ "type": "Feature", "properties": { "element": "node", "id": 11870760307, "amenity": null, "shop": "jewelry", "name": "Vaibhavi Jewels" }, "geometry": { "type": "Point", "coordinates": [ 72.7785148, 21.1555788 ] } },
{ "type": "Feature", "properties": { "element": "node", "id": 11953521174, "amenity": null, "shop": "clothes", "name": "Dressify" }, "geometry": { "type": "Point", "coordinates": [ 72.8639478, 21.2339508 ] } },
{ "type": "Feature", "properties": { "element": "node", "id": 11987179676, "amenity": null, "shop": "yes", "name": "SAMIR JARI PRODUCTS" }, "geometry": { "type": "Point", "coordinates": [ 72.828827, 21.1945901 ] } },
{ "type": "Feature", "properties": { "element": "node", "id": 12056699687, "amenity": "place_of_worship", "shop": null, "name": "Shree Shyam Baba Mandir" }, "geometry": { "type": "Point", "coordinates": [ 72.7988554, 21.1439923 ] } },
{ "type": "Feature", "properties": { "element": "node", "id": 12120352301, "amenity": "hospital", "shop": null, "name": "Hirabaug Health center" }, "geometry": { "type": "Point", "coordinates": [ 72.8608731, 21.2156438 ] } },
{ "type": "Feature", "properties": { "element": "node", "id": 12142276047, "amenity": null, "shop": null, "name": "WeeTech Solution Pvt Ltd" }, "geometry": { "type": "Point", "coordinates": [ 72.8426443, 21.1966539 ] } },
{ "type": "Feature", "properties": { "element": "node", "id": 12154612599, "amenity": null, "shop": null, "name": "MBH fitness gym" }, "geometry": { "type": "Point", "coordinates": [ 72.8579215, 21.22141 ] } },
{ "type": "Feature", "properties": { "element": "node", "id": 12170002532, "amenity": "cafe", "shop": null, "name": "Chai N Chill" }, "geometry": { "type": "Point", "coordinates": [ 72.7702224, 21.1936347 ] } },
{ "type": "Feature", "properties": { "element": "node", "id": 12224099041, "amenity": null, "shop": "supermarket", "name": "MIrror glass worldwide" }, "geometry": { "type": "Point", "coordinates": [ 72.8592101, 21.1996202 ] } },
{ "type": "Feature", "properties": { "element": "node", "id": 12249473081, "amenity": null, "shop": null, "name": "Sarabhai Bhavan" }, "geometry": { "type": "Point", "coordinates": [ 72.7881727, 21.1659439 ] } },
{ "type": "Feature", "properties": { "element": "node", "id": 12269405023, "amenity": null, "shop": "art", "name": "Tulsi Origami" }, "geometry": { "type": "Point", "coordinates": [ 72.8875467, 21.2112585 ] } },
{ "type": "Feature", "properties": { "element": "node", "id": 12273289017, "amenity": null, "shop": null, "name": "Sunrise Efficient Marketing Ltd : India's Largest Firm for Industrial Products & Services" }, "geometry": { "type": "Point", "coordinates": [ 72.8026694, 21.1449778 ] } },
{ "type": "Feature", "properties": { "element": "node", "id": 12484272409, "amenity": null, "shop": null, "name": "C B Patel Computer College" }, "geometry": { "type": "Point", "coordinates": [ 72.7989993, 21.1520806 ] } },
{ "type": "Feature", "properties": { "element": "node", "id": 12484272410, "amenity": "restaurant", "shop": null, "name": "Nukkad - Cafe & Restro" }, "geometry": { "type": "Point", "coordinates": [ 72.797879, 21.1522238 ] } },
{ "type": "Feature", "properties": { "element": "node", "id": 12484272875, "amenity": "hospital", "shop": null, "name": "NAVELI HOSPITAL" }, "geometry": { "type": "Point", "coordinates": [ 72.7979638, 21.1516216 ] } },
{ "type": "Feature", "properties": { "element": "node", "id": 12484276452, "amenity": null, "shop": "hairdresser", "name": "Anuj's Salon" }, "geometry": { "type": "Point", "coordinates": [ 72.7981077, 21.1511694 ] } },
{ "type": "Feature", "properties": { "element": "node", "id": 12484276864, "amenity": null, "shop": "mall", "name": "Central Plaza" }, "geometry": { "type": "Point", "coordinates": [ 72.7980007, 21.1526453 ] } },
{ "type": "Feature", "properties": { "element": "node", "id": 12484278981, "amenity": null, "shop": null, "name": "Hotel New City Light" }, "geometry": { "type": "Point", "coordinates": [ 72.7978962, 21.1527445 ] } },
{ "type": "Feature", "properties": { "element": "node", "id": 12484284421, "amenity": null, "shop": null, "name": "Career Launcher - Best CAT coaching in Surat |Best Classes for GMAT | IPMAT | BBA Entrance | CUET" }, "geometry": { "type": "Point", "coordinates": [ 72.7980328, 21.1532058 ] } },
{ "type": "Feature", "properties": { "element": "node", "id": 12484286177, "amenity": "restaurant", "shop": null, "name": "Maheshwari Fast Food & Frankie Corner" }, "geometry": { "type": "Point", "coordinates": [ 72.7981774, 21.153414 ] } },
{ "type": "Feature", "properties": { "element": "node", "id": 12484318349, "amenity": null, "shop": null, "name": "Vacanza Atlas" }, "geometry": { "type": "Point", "coordinates": [ 72.7939031, 21.1562708 ] } },
{ "type": "Feature", "properties": { "element": "node", "id": 12484322058, "amenity": null, "shop": null, "name": "G.D.Goenka International School" }, "geometry": { "type": "Point", "coordinates": [ 72.7912949, 21.1542881 ] } },
{ "type": "Feature", "properties": { "element": "node", "id": 12484322792, "amenity": "place_of_worship", "shop": null, "name": "Amba Mata ji Mandir" }, "geometry": { "type": "Point", "coordinates": [ 72.7996841, 21.1538114 ] } },
{ "type": "Feature", "properties": { "element": "node", "id": 12484327387, "amenity": "restaurant", "shop": null, "name": "Irenic Cafe & Pizzeria" }, "geometry": { "type": "Point", "coordinates": [ 72.797582, 21.1557636 ] } },
{ "type": "Feature", "properties": { "element": "node", "id": 12484332010, "amenity": null, "shop": null, "name": "C.B. Patel Cricket Stadium" }, "geometry": { "type": "Point", "coordinates": [ 72.7882004, 21.152291 ] } },
{ "type": "Feature", "properties": { "element": "node", "id": 12484333054, "amenity": null, "shop": null, "name": "Bougainvilla Apartment" }, "geometry": { "type": "Point", "coordinates": [ 72.7976625, 21.1551781 ] } },
{ "type": "Feature", "properties": { "element": "node", "id": 12484333872, "amenity": null, "shop": null, "name": "Athletics Ground" }, "geometry": { "type": "Point", "coordinates": [ 72.7898606, 21.1537214 ] } },
{ "type": "Feature", "properties": { "element": "node", "id": 12484341917, "amenity": null, "shop": null, "name": "Hockey Ground" }, "geometry": { "type": "Point", "coordinates": [ 72.7896733, 21.1523266 ] } },
{ "type": "Feature", "properties": { "element": "node", "id": 12484342974, "amenity": "fast_food", "shop": null, "name": "Pappu Tea Centre" }, "geometry": { "type": "Point", "coordinates": [ 72.7934094, 21.1556115 ] } },
{ "type": "Feature", "properties": { "element": "node", "id": 12484344224, "amenity": null, "shop": null, "name": "Basketball Indoor Stadium" }, "geometry": { "type": "Point", "coordinates": [ 72.788958, 21.1540352 ] } },
{ "type": "Feature", "properties": { "element": "node", "id": 12484715379, "amenity": "restaurant", "shop": null, "name": "Zorko Brand Of Food Lovers" }, "geometry": { "type": "Point", "coordinates": [ 72.7895764, 21.1431342 ] } },
{ "type": "Feature", "properties": { "element": "node", "id": 12484716005, "amenity": null, "shop": null, "name": "Rajhans Silvana" }, "geometry": { "type": "Point", "coordinates": [ 72.7903001, 21.1451421 ] } },
{ "type": "Feature", "properties": { "element": "node", "id": 12484726098, "amenity": "car_wash", "shop": null, "name": "APNA WASH - Auto Care" }, "geometry": { "type": "Point", "coordinates": [ 72.789987900000014, 21.1440068 ] } },
{ "type": "Feature", "properties": { "element": "node", "id": 12484726735, "amenity": null, "shop": "mall", "name": "Atlanta Business Hub" }, "geometry": { "type": "Point", "coordinates": [ 72.7894678, 21.1444617 ] } },
{ "type": "Feature", "properties": { "element": "node", "id": 12484728512, "amenity": null, "shop": "electronics", "name": "Croma - Vesu" }, "geometry": { "type": "Point", "coordinates": [ 72.7900712, 21.14323 ] } },
{ "type": "Feature", "properties": { "element": "node", "id": 12484734426, "amenity": "fuel", "shop": null, "name": "IndianOil" }, "geometry": { "type": "Point", "coordinates": [ 72.7925107, 21.1429632 ] } },
{ "type": "Feature", "properties": { "element": "node", "id": 12484735241, "amenity": null, "shop": null, "name": "Frameboxx Animation & Visual Effects - Surat" }, "geometry": { "type": "Point", "coordinates": [ 72.7915599, 21.1435394 ] } },
{ "type": "Feature", "properties": { "element": "node", "id": 12497760539, "amenity": "parking", "shop": null, "name": null }, "geometry": { "type": "Point", "coordinates": [ 72.7900644, 21.1431216 ] } },
{ "type": "Feature", "properties": { "element": "node", "id": 12545883249, "amenity": null, "shop": null, "name": "Elite Fashion Institute" }, "geometry": { "type": "Point", "coordinates": [ 72.7908531, 21.1712506 ] } },
{ "type": "Feature", "properties": { "element": "node", "id": 12593526540, "amenity": "fuel", "shop": null, "name": "Indian Oil" }, "geometry": { "type": "Point", "coordinates": [ 72.8525075, 21.1328918 ] } },
{ "type": "Feature", "properties": { "element": "node", "id": 12593687394, "amenity": "atm", "shop": null, "name": "BOB" }, "geometry": { "type": "Point", "coordinates": [ 72.8271758, 21.1709641 ] } },
{ "type": "Feature", "properties": { "element": "node", "id": 12593687395, "amenity": "fuel", "shop": null, "name": "Reliance" }, "geometry": { "type": "Point", "coordinates": [ 72.8271521, 21.1704388 ] } },
{ "type": "Feature", "properties": { "element": "node", "id": 12596386301, "amenity": "hospital", "shop": null, "name": "SHREE Sainath hospital" }, "geometry": { "type": "Point", "coordinates": [ 72.8557745, 21.1239048 ] } },
{ "type": "Feature", "properties": { "element": "node", "id": 12649651554, "amenity": null, "shop": "bakery", "name": "Dog & The Bone" }, "geometry": { "type": "Point", "coordinates": [ 72.7932639, 21.1620493 ] } },
{ "type": "Feature", "properties": { "element": "node", "id": 12649682207, "amenity": "social_facility", "shop": null, "name": "Happy Dubey" }, "geometry": { "type": "Point", "coordinates": [ 72.7949752, 21.1677597 ] } },
{ "type": "Feature", "properties": { "element": "node", "id": 12873009745, "amenity": "place_of_worship", "shop": null, "name": "Tinyten" }, "geometry": { "type": "Point", "coordinates": [ 72.8318784, 21.2644087 ] } },
{ "type": "Feature", "properties": { "element": "node", "id": 12896734684, "amenity": "community_centre", "shop": null, "name": null }, "geometry": { "type": "Point", "coordinates": [ 72.7908356, 21.1997757 ] } },
{ "type": "Feature", "properties": { "element": "node", "id": 12896747686, "amenity": "library", "shop": null, "name": null }, "geometry": { "type": "Point", "coordinates": [ 72.79104, 21.1997774 ] } },
{ "type": "Feature", "properties": { "element": "node", "id": 12896754728, "amenity": null, "shop": null, "name": null }, "geometry": { "type": "Point", "coordinates": [ 72.7910453, 21.199883 ] } },
{ "type": "Feature", "properties": { "element": "node", "id": 12896920063, "amenity": null, "shop": null, "name": "Children’s Playground" }, "geometry": { "type": "Point", "coordinates": [ 72.7902702, 21.2000428 ] } },
{ "type": "Feature", "properties": { "element": "node", "id": 12926348335, "amenity": "waste_basket", "shop": null, "name": null }, "geometry": { "type": "Point", "coordinates": [ 72.8410777, 21.2048518 ] } },
{ "type": "Feature", "properties": { "element": "node", "id": 12926348336, "amenity": null, "shop": "convenience", "name": "M/s. Mahesh Chandra and Co. Milk Bar" }, "geometry": { "type": "Point", "coordinates": [ 72.8410396, 21.2049233 ] } },
{ "type": "Feature", "properties": { "element": "node", "id": 12926348337, "amenity": "drinking_water", "shop": null, "name": null }, "geometry": { "type": "Point", "coordinates": [ 72.8410492, 21.2048868 ] } },
{ "type": "Feature", "properties": { "element": "node", "id": 12959201389, "amenity": null, "shop": "supermarket", "name": "cura123" }, "geometry": { "type": "Point", "coordinates": [ 72.8662383, 21.2315517 ] } },
{ "type": "Feature", "properties": { "element": "node", "id": 13081254738, "amenity": "ice_cream", "shop": null, "name": "Amul Parlour - Ramdev Enterprise" }, "geometry": { "type": "Point", "coordinates": [ 72.8438927, 21.1789022 ] } },
{ "type": "Feature", "properties": { "element": "node", "id": 13088388549, "amenity": null, "shop": null, "name": "Mallika Mam's Tutorial: Best Tuition Classes in Sachin, Surat for English Medium students from Jr kg to Class 10" }, "geometry": { "type": "Point", "coordinates": [ 72.8771741, 21.095844 ] } },
{ "type": "Feature", "properties": { "element": "node", "id": 13098057936, "amenity": "community_centre", "shop": null, "name": "Sorathia Yuvak Mandal" }, "geometry": { "type": "Point", "coordinates": [ 72.8185906, 21.1832574 ] } },
{ "type": "Feature", "properties": { "element": "node", "id": 13108084433, "amenity": null, "shop": "nuts", "name": "Balaji Enterprise Dry-Fruits" }, "geometry": { "type": "Point", "coordinates": [ 72.79527, 21.1440321 ] } },
{ "type": "Feature", "properties": { "element": "node", "id": 13130294281, "amenity": null, "shop": "supermarket", "name": "A.V.SONS" }, "geometry": { "type": "Point", "coordinates": [ 72.7955727, 21.1741867 ] } },
{ "type": "Feature", "properties": { "element": "node", "id": 13168843202, "amenity": null, "shop": null, "name": "Rising Star" }, "geometry": { "type": "Point", "coordinates": [ 72.8779903, 21.2414425 ] } },
{ "type": "Feature", "properties": { "element": "node", "id": 13185327852, "amenity": null, "shop": "clothes", "name": "jay ramapir fashion" }, "geometry": { "type": "Point", "coordinates": [ 72.8541371, 21.2622224 ] } },
{ "type": "Feature", "properties": { "element": "node", "id": 13238997701, "amenity": "doctors", "shop": null, "name": "Professor bunglows" }, "geometry": { "type": "Point", "coordinates": [ 72.8193593, 21.1774865 ] } },
{ "type": "Feature", "properties": { "element": "node", "id": 13238997801, "amenity": null, "shop": null, "name": "Dr Nimesh Verma" }, "geometry": { "type": "Point", "coordinates": [ 72.7763337, 21.1557174 ] } },
{ "type": "Feature", "properties": { "element": "node", "id": 13256683287, "amenity": "drinking_water", "shop": null, "name": null }, "geometry": { "type": "Point", "coordinates": [ 72.8403891, 21.2071896 ] } },
{ "type": "Feature", "properties": { "element": "node", "id": 13256683288, "amenity": "drinking_water", "shop": null, "name": null }, "geometry": { "type": "Point", "coordinates": [ 72.8405209, 21.2061352 ] } },
{ "type": "Feature", "properties": { "element": "node", "id": 13426273180, "amenity": null, "shop": "clothes", "name": "Gajiwala Saree" }, "geometry": { "type": "Point", "coordinates": [ 72.8487251, 21.1695965 ] } },
{ "type": "Feature", "properties": { "element": "node", "id": 13452357959, "amenity": "fast_food", "shop": null, "name": null }, "geometry": { "type": "Point", "coordinates": [ 72.8408523, 21.2072954 ] } },
{ "type": "Feature", "properties": { "element": "node", "id": 13452357960, "amenity": "fast_food", "shop": null, "name": null }, "geometry": { "type": "Point", "coordinates": [ 72.8410112, 21.2065535 ] } },
{ "type": "Feature", "properties": { "element": "node", "id": 13452357963, "amenity": "fast_food", "shop": null, "name": null }, "geometry": { "type": "Point", "coordinates": [ 72.8413991, 21.2049453 ] } },
{ "type": "Feature", "properties": { "element": "node", "id": 13452357964, "amenity": "toilets", "shop": null, "name": null }, "geometry": { "type": "Point", "coordinates": [ 72.8411758, 21.2062569 ] } },
{ "type": "Feature", "properties": { "element": "node", "id": 13452357965, "amenity": "fast_food", "shop": null, "name": null }, "geometry": { "type": "Point", "coordinates": [ 72.8413234, 21.2053619 ] } },
{ "type": "Feature", "properties": { "element": "node", "id": 13452357968, "amenity": "toilets", "shop": null, "name": null }, "geometry": { "type": "Point", "coordinates": [ 72.8415296, 21.2040467 ] } },
{ "type": "Feature", "properties": { "element": "node", "id": 13452357970, "amenity": "drinking_water", "shop": null, "name": null }, "geometry": { "type": "Point", "coordinates": [ 72.8407951, 21.2076874 ] } },
{ "type": "Feature", "properties": { "element": "node", "id": 13452357971, "amenity": "fast_food", "shop": null, "name": null }, "geometry": { "type": "Point", "coordinates": [ 72.8414938, 21.2043999 ] } },
{ "type": "Feature", "properties": { "element": "node", "id": 13470465362, "amenity": null, "shop": "interior_decoration", "name": "Shreesha tech" }, "geometry": { "type": "Point", "coordinates": [ 72.9033775, 21.2311221 ] } },
{ "type": "Feature", "properties": { "element": "node", "id": 13470745190, "amenity": "parking", "shop": null, "name": "College Event Parking Ground" }, "geometry": { "type": "Point", "coordinates": [ 72.7174092, 21.131201 ] } },
{ "type": "Feature", "properties": { "element": "node", "id": 13470784114, "amenity": "college", "shop": null, "name": "Admin Building" }, "geometry": { "type": "Point", "coordinates": [ 72.7180019, 21.1320357 ] } },
{ "type": "Feature", "properties": { "element": "node", "id": 13470784115, "amenity": "college", "shop": null, "name": "College Stationary Shop" }, "geometry": { "type": "Point", "coordinates": [ 72.7186706, 21.132245 ] } },
{ "type": "Feature", "properties": { "element": "node", "id": 13470784116, "amenity": "hospital", "shop": null, "name": "College Medical Room" }, "geometry": { "type": "Point", "coordinates": [ 72.7187013, 21.1321179 ] } },
{ "type": "Feature", "properties": { "element": "node", "id": 13470784117, "amenity": "college", "shop": null, "name": "D-1 Computer Enginnering Department" }, "geometry": { "type": "Point", "coordinates": [ 72.7187779, 21.1325325 ] } },
{ "type": "Feature", "properties": { "element": "node", "id": 13470784118, "amenity": null, "shop": null, "name": "Boys Hostel" }, "geometry": { "type": "Point", "coordinates": [ 72.7144864, 21.1306618 ] } },
{ "type": "Feature", "properties": { "element": "node", "id": 13470784119, "amenity": null, "shop": null, "name": "Girls Hostel" }, "geometry": { "type": "Point", "coordinates": [ 72.7179347, 21.1305537 ] } },
{ "type": "Feature", "properties": { "element": "node", "id": 13470784120, "amenity": "restaurant", "shop": null, "name": "Mess" }, "geometry": { "type": "Point", "coordinates": [ 72.7180244, 21.1306513 ] } },
{ "type": "Feature", "properties": { "element": "node", "id": 13470784121, "amenity": "restaurant", "shop": null, "name": "College Canteen" }, "geometry": { "type": "Point", "coordinates": [ 72.7179011, 21.1330732 ] } },
{ "type": "Feature", "properties": { "element": "node", "id": 13470784122, "amenity": "restaurant", "shop": null, "name": "Canteen Sitting Area-2" }, "geometry": { "type": "Point", "coordinates": [ 72.7177087, 21.1329878 ] } },
{ "type": "Feature", "properties": { "element": "node", "id": 13470784123, "amenity": "restaurant", "shop": null, "name": "Canteen Sitting Area-1" }, "geometry": { "type": "Point", "coordinates": [ 72.7180337, 21.1330122 ] } },
{ "type": "Feature", "properties": { "element": "node", "id": 13470784124, "amenity": "college", "shop": null, "name": "D-3 Classroom Complex" }, "geometry": { "type": "Point", "coordinates": [ 72.7185194, 21.1333084 ] } },
{ "type": "Feature", "properties": { "element": "node", "id": 13473682179, "amenity": "college", "shop": null, "name": "D-2 Electrical/Electronics and Communication Engineering Department" }, "geometry": { "type": "Point", "coordinates": [ 72.7184987, 21.1329198 ] } },
{ "type": "Feature", "properties": { "element": "node", "id": 13473682180, "amenity": "college", "shop": null, "name": "Sports Complex" }, "geometry": { "type": "Point", "coordinates": [ 72.7187175, 21.1327951 ] } },
{ "type": "Feature", "properties": { "element": "node", "id": 13473682181, "amenity": "college", "shop": null, "name": "D-4 C.K. Pithawala College of Commerce Management and Computer Application" }, "geometry": { "type": "Point", "coordinates": [ 72.7182347, 21.1337371 ] } },
{ "type": "Feature", "properties": { "element": "node", "id": 13473682182, "amenity": "college", "shop": null, "name": "Civil Engineering Work Site" }, "geometry": { "type": "Point", "coordinates": [ 72.7179869, 21.1339977 ] } },
{ "type": "Feature", "properties": { "element": "node", "id": 13473682183, "amenity": "college", "shop": null, "name": "D-6 Civil Engineering Department" }, "geometry": { "type": "Point", "coordinates": [ 72.7175705, 21.1343376 ] } },
{ "type": "Feature", "properties": { "element": "node", "id": 13473682184, "amenity": "college", "shop": null, "name": "D-7 Mechanical Engineering" }, "geometry": { "type": "Point", "coordinates": [ 72.7172078, 21.1345449 ] } },
{ "type": "Feature", "properties": { "element": "node", "id": 13473682185, "amenity": "college", "shop": null, "name": "C.K. Pithawala Institute of Pharmaceutical and Research" }, "geometry": { "type": "Point", "coordinates": [ 72.716673, 21.1346291 ] } },
{ "type": "Feature", "properties": { "element": "node", "id": 13473682186, "amenity": "college", "shop": null, "name": "Hostel Playground" }, "geometry": { "type": "Point", "coordinates": [ 72.71508, 21.1319303 ] } },
{ "type": "Feature", "properties": { "element": "node", "id": 13473682187, "amenity": "college", "shop": null, "name": "CKPCET Cricket Ground" }, "geometry": { "type": "Point", "coordinates": [ 72.7193343, 21.1320319 ] } },
{ "type": "Feature", "properties": { "element": "node", "id": 13511230283, "amenity": null, "shop": null, "name": "Bigscal Technologies Pvt. Ltd." }, "geometry": { "type": "Point", "coordinates": [ 72.8386669, 21.206244 ] } },
{ "type": "Feature", "properties": { "element": "node", "id": 13524000701, "amenity": null, "shop": null, "name": "Nidhivan Palace" }, "geometry": { "type": "Point", "coordinates": [ 72.8320579, 21.1841013 ] } },
{ "type": "Feature", "properties": { "element": "node", "id": 13681970301, "amenity": "pharmacy", "shop": null, "name": "DISHA CHEMIST" }, "geometry": { "type": "Point", "coordinates": [ 72.8372316, 21.206347 ] } },
{ "type": "Feature", "properties": { "element": "node", "id": 13734214315, "amenity": "hospital", "shop": null, "name": "AKSHARAM DENT CARE MULTISPECIALITY DENTAL CLINIC" }, "geometry": { "type": "Point", "coordinates": [ 72.8781321, 21.2417604 ] } },
{ "type": "Feature", "properties": { "element": "node", "id": 13749460456, "amenity": null, "shop": "tattoo", "name": "Pixel Tattoo" }, "geometry": { "type": "Point", "coordinates": [ 72.7956865, 21.165861 ] } },
{ "type": "Feature", "properties": { "element": "node", "id": 13793306701, "amenity": null, "shop": "art", "name": "ARTISTIC DESIGNING STUDIO" }, "geometry": { "type": "Point", "coordinates": [ 72.8608033, 21.0795609 ] } },
{ "type": "Feature", "properties": { "element": "node", "id": 13798467638, "amenity": "bench", "shop": null, "name": null }, "geometry": { "type": "Point", "coordinates": [ 72.843734, 21.1980699 ] } },
{ "type": "Feature", "properties": { "element": "node", "id": 13858043728, "amenity": null, "shop": "cosmetics", "name": "Mahakali Cosmetics Store" }, "geometry": { "type": "Point", "coordinates": [ 72.8399948, 21.2130119 ] } },
{ "type": "Feature", "properties": { "element": "node", "id": 13858043729, "amenity": null, "shop": "supermarket", "name": "Mahakali Super Store" }, "geometry": { "type": "Point", "coordinates": [ 72.8399107, 21.2131528 ] } },
{ "type": "Feature", "properties": { "element": "node", "id": 13858043730, "amenity": null, "shop": "hairdresser", "name": "The Hair Town" }, "geometry": { "type": "Point", "coordinates": [ 72.839937300000017, 21.2133999 ] } },
{ "type": "Feature", "properties": { "element": "node", "id": 13858043731, "amenity": null, "shop": "hairdresser", "name": "The Hair & Beauty" }, "geometry": { "type": "Point", "coordinates": [ 72.839937300000017, 21.2133999 ] } },
{ "type": "Feature", "properties": { "element": "node", "id": 13898368078, "amenity": "restaurant", "shop": null, "name": "iDot Cafe" }, "geometry": { "type": "Point", "coordinates": [ 72.8410915, 21.2193721 ] } },
{ "type": "Feature", "properties": { "element": "node", "id": 13898493701, "amenity": null, "shop": null, "name": "Kanku Chemical" }, "geometry": { "type": "Point", "coordinates": [ 72.8360461, 21.139087 ] } },
{ "type": "Feature", "properties": { "element": "node", "id": 13914939815, "amenity": "ice_cream", "shop": null, "name": "Sumu Scoop And Bake" }, "geometry": { "type": "Point", "coordinates": [ 72.84007, 21.21448 ] } },
{ "type": "Feature", "properties": { "element": "node", "id": 13914939816, "amenity": "restaurant", "shop": null, "name": "Sumul's MasterChef, Multicuisine Restaurant And Banquet" }, "geometry": { "type": "Point", "coordinates": [ 72.8400636, 21.2143638 ] } },
{ "type": "Feature", "properties": { "element": "node", "id": 13914939817, "amenity": "vending_machine", "shop": null, "name": null }, "geometry": { "type": "Point", "coordinates": [ 72.8400795, 21.2144023 ] } },
{ "type": "Feature", "properties": { "element": "node", "id": 13914939818, "amenity": "atm", "shop": null, "name": null }, "geometry": { "type": "Point", "coordinates": [ 72.8400833, 21.2144395 ] } },
{ "type": "Feature", "properties": { "element": "node", "id": 13917736715, "amenity": "fast_food", "shop": null, "name": "Dairy Corner & Fast Food" }, "geometry": { "type": "Point", "coordinates": [ 72.8095623, 21.18555 ] } },
{ "type": "Feature", "properties": { "element": "node", "id": 13917736716, "amenity": "fast_food", "shop": null, "name": "Belgian Waffles" }, "geometry": { "type": "Point", "coordinates": [ 72.8096437, 21.185593 ] } },
{ "type": "Feature", "properties": { "element": "node", "id": 13931480201, "amenity": null, "shop": null, "name": "Punyabhoomi" }, "geometry": { "type": "Point", "coordinates": [ 72.795533, 21.1374816 ] } },
{ "type": "Feature", "properties": { "element": "node", "id": 13948463604, "amenity": "fast_food", "shop": null, "name": null }, "geometry": { "type": "Point", "coordinates": [ 72.8411917, 21.2041347 ] } },
{ "type": "Feature", "properties": { "element": "node", "id": 13948464339, "amenity": "drinking_water", "shop": null, "name": null }, "geometry": { "type": "Point", "coordinates": [ 72.8412034, 21.2040916 ] } },
{ "type": "Feature", "properties": { "element": "node", "id": 13969608022, "amenity": null, "shop": null, "name": "Techowl" }, "geometry": { "type": "Point", "coordinates": [ 72.770661500000017, 21.1988444 ] } },
{ "type": "Feature", "properties": { "element": "node", "id": 13971841508, "amenity": "drinking_water", "shop": null, "name": null }, "geometry": { "type": "Point", "coordinates": [ 72.8038587, 21.1790331 ] } },
{ "type": "Feature", "properties": { "element": "node", "id": 13971853209, "amenity": "restaurant", "shop": null, "name": "Simply South By Taste Of Bhagwati" }, "geometry": { "type": "Point", "coordinates": [ 72.8049974, 21.1752457 ] } },
{ "type": "Feature", "properties": { "element": "node", "id": 13974559357, "amenity": "fast_food", "shop": null, "name": "Kingsman Foods" }, "geometry": { "type": "Point", "coordinates": [ 72.7690048, 21.2005164 ] } },
{ "type": "Feature", "properties": { "element": "node", "id": 13974584328, "amenity": null, "shop": "bakery", "name": "Atul Bakery" }, "geometry": { "type": "Point", "coordinates": [ 72.7689637, 21.2006118 ] } },
{ "type": "Feature", "properties": { "element": "node", "id": 13977966102, "amenity": null, "shop": null, "name": "Techowlshield" }, "geometry": { "type": "Point", "coordinates": [ 72.7703998, 21.1989987 ] } },
{ "type": "Feature", "properties": { "element": "node", "id": 14019712640, "amenity": "vending_machine", "shop": null, "name": null }, "geometry": { "type": "Point", "coordinates": [ 72.7791551, 21.1449385 ] } },
{ "type": "Feature", "properties": { "element": "node", "id": 14044960566, "amenity": "ice_cream", "shop": null, "name": "Jagruti stores" }, "geometry": { "type": "Point", "coordinates": [ 72.8117903, 21.1689845 ] } },
{ "type": "Feature", "properties": { "element": "node", "id": 14058729873, "amenity": null, "shop": "convenience", "name": "Multi Purpose Stall" }, "geometry": { "type": "Point", "coordinates": [ 72.840775, 21.2049043 ] } },
{ "type": "Feature", "properties": { "element": "node", "id": 14058729875, "amenity": "bench", "shop": null, "name": null }, "geometry": { "type": "Point", "coordinates": [ 72.8408571, 21.204888 ] } },
{ "type": "Feature", "properties": { "element": "node", "id": 14058729876, "amenity": "college", "shop": null, "name": "Lords Institute of Management" }, "geometry": { "type": "Point", "coordinates": [ 72.8406027, 21.2006841 ] } },
{ "type": "Feature", "properties": { "element": "node", "id": 14058729877, "amenity": "drinking_water", "shop": null, "name": null }, "geometry": { "type": "Point", "coordinates": [ 72.8403137, 21.2076974 ] } },
{ "type": "Feature", "properties": { "element": "node", "id": 14072567381, "amenity": null, "shop": null, "name": "Ginger Surat (City Center)" }, "geometry": { "type": "Point", "coordinates": [ 72.8390253, 21.2050274 ] } },
{ "type": "Feature", "properties": { "element": "node", "id": 14076744308, "amenity": null, "shop": null, "name": "Yadgar Hotel" }, "geometry": { "type": "Point", "coordinates": [ 72.8381385, 21.2057796 ] } },
{ "type": "Feature", "properties": { "element": "node", "id": 14076744309, "amenity": null, "shop": null, "name": "Hotel Sarita" }, "geometry": { "type": "Point", "coordinates": [ 72.8382053, 21.2054717 ] } },
{ "type": "Feature", "properties": { "element": "node", "id": 14085970036, "amenity": null, "shop": "clothes", "name": "OOZY YOUR FAMILY DRESS CODE" }, "geometry": { "type": "Point", "coordinates": [ 72.8256108, 21.1982634 ] } },
{ "type": "Feature", "properties": { "element": "node", "id": 14088109801, "amenity": null, "shop": "boutique", "name": "Anjali Fashion" }, "geometry": { "type": "Point", "coordinates": [ 72.8255882, 21.192772 ] } },
{ "type": "Feature", "properties": { "element": "node", "id": 14104666522, "amenity": null, "shop": null, "name": null }, "geometry": { "type": "Point", "coordinates": [ 72.7415306, 21.1213754 ] } },
{ "type": "Feature", "properties": { "element": "node", "id": 14107264162, "amenity": null, "shop": null, "name": "GM Machines (Galaxy and Mavel Group)" }, "geometry": { "type": "Point", "coordinates": [ 72.838647, 21.2219739 ] } },
{ "type": "Feature", "properties": { "element": "node", "id": 14127531796, "amenity": null, "shop": "clothes", "name": "Veer Vastra" }, "geometry": { "type": "Point", "coordinates": [ 72.8880548, 21.214266 ] } },
{ "type": "Feature", "properties": { "element": "node", "id": 14136161574, "amenity": null, "shop": "clothes", "name": "Evara sarees" }, "geometry": { "type": "Point", "coordinates": [ 72.8868739, 21.2379136 ] } },
{ "type": "Feature", "properties": { "element": "relation", "id": 13486422, "amenity": null, "shop": null, "name": null }, "geometry": { "type": "Point", "coordinates": [ 72.719524622170368, 21.167936125819221 ] } },
{ "type": "Feature", "properties": { "element": "relation", "id": 17337561, "amenity": null, "shop": null, "name": null }, "geometry": { "type": "Point", "coordinates": [ 72.719408237483933, 21.166537871718852 ] } },
{ "type": "Feature", "properties": { "element": "relation", "id": 17337582, "amenity": null, "shop": null, "name": null }, "geometry": { "type": "Point", "coordinates": [ 72.685684898765146, 21.169972883425022 ] } },
{ "type": "Feature", "properties": { "element": "relation", "id": 17680440, "amenity": null, "shop": null, "name": null }, "geometry": { "type": "Point", "coordinates": [ 72.78984594369409, 21.153662504509803 ] } },
{ "type": "Feature", "properties": { "element": "way", "id": 35377030, "amenity": null, "shop": null, "name": "Pandit Dindayal Upadhyay Indoor Stadium" }, "geometry": { "type": "Point", "coordinates": [ 72.801100961743302, 21.176618231099031 ] } },
{ "type": "Feature", "properties": { "element": "way", "id": 135967677, "amenity": null, "shop": "supermarket", "name": "Dhiraj Sons - Sumul Dairy Road" }, "geometry": { "type": "Point", "coordinates": [ 72.839951426930185, 21.214733336663247 ] } },
{ "type": "Feature", "properties": { "element": "way", "id": 135967792, "amenity": "school", "shop": null, "name": "Vanita Vishram School" }, "geometry": { "type": "Point", "coordinates": [ 72.810865901256818, 21.183182449721624 ] } },
{ "type": "Feature", "properties": { "element": "way", "id": 135967841, "amenity": "hospital", "shop": null, "name": "Adventist Wockhardt Heart Hospital" }, "geometry": { "type": "Point", "coordinates": [ 72.808896422041883, 21.184365459463397 ] } },
{ "type": "Feature", "properties": { "element": "way", "id": 141422587, "amenity": null, "shop": null, "name": "Laskana" }, "geometry": { "type": "Point", "coordinates": [ 72.92929174241894, 21.251264778462986 ] } },
{ "type": "Feature", "properties": { "element": "way", "id": 146235140, "amenity": null, "shop": null, "name": "Ichhapor" }, "geometry": { "type": "Point", "coordinates": [ 72.726073451017044, 21.18837698623906 ] } },
{ "type": "Feature", "properties": { "element": "way", "id": 146235141, "amenity": null, "shop": null, "name": "Talangpur Sachin" }, "geometry": { "type": "Point", "coordinates": [ 72.840059851672521, 21.075982042253393 ] } },
{ "type": "Feature", "properties": { "element": "way", "id": 146235150, "amenity": null, "shop": null, "name": "Vav" }, "geometry": { "type": "Point", "coordinates": [ 72.970469256844567, 21.230330185145998 ] } },
{ "type": "Feature", "properties": { "element": "way", "id": 146235159, "amenity": null, "shop": null, "name": "Bhatar" }, "geometry": { "type": "Point", "coordinates": [ 72.817285629680484, 21.159439991595605 ] } },
{ "type": "Feature", "properties": { "element": "way", "id": 146235171, "amenity": null, "shop": null, "name": "Bhestan - Pandeara A" }, "geometry": { "type": "Point", "coordinates": [ 72.848245371150071, 21.13933636138076 ] } },
{ "type": "Feature", "properties": { "element": "way", "id": 146235176, "amenity": null, "shop": null, "name": "Kawas Thermal Power Station" }, "geometry": { "type": "Point", "coordinates": [ 72.686940823906255, 21.170391376330617 ] } },
{ "type": "Feature", "properties": { "element": "way", "id": 146235255, "amenity": null, "shop": null, "name": "Kawas CCPP" }, "geometry": { "type": "Point", "coordinates": [ 72.687431748698131, 21.176960456370729 ] } },
{ "type": "Feature", "properties": { "element": "way", "id": 146235258, "amenity": null, "shop": null, "name": "Vadod" }, "geometry": { "type": "Point", "coordinates": [ 72.84364213169151, 21.132677389885107 ] } },
{ "type": "Feature", "properties": { "element": "way", "id": 146235263, "amenity": null, "shop": null, "name": "Kadodara" }, "geometry": { "type": "Point", "coordinates": [ 72.957804653035637, 21.175248426482622 ] } },
{ "type": "Feature", "properties": { "element": "way", "id": 146235271, "amenity": null, "shop": null, "name": null }, "geometry": { "type": "Point", "coordinates": [ 72.708872699855092, 21.164219250320972 ] } },
{ "type": "Feature", "properties": { "element": "way", "id": 146235274, "amenity": null, "shop": null, "name": null }, "geometry": { "type": "Point", "coordinates": [ 72.710758050101532, 21.166449449944842 ] } },
{ "type": "Feature", "properties": { "element": "way", "id": 146235286, "amenity": null, "shop": null, "name": "Torrent Power Substation Ved" }, "geometry": { "type": "Point", "coordinates": [ 72.802924789161636, 21.23378551500964 ] } },
{ "type": "Feature", "properties": { "element": "way", "id": 146235360, "amenity": null, "shop": null, "name": "Tapi" }, "geometry": { "type": "Point", "coordinates": [ 72.868906551311355, 21.217642981559003 ] } },
{ "type": "Feature", "properties": { "element": "way", "id": 146681381, "amenity": null, "shop": null, "name": null }, "geometry": { "type": "Point", "coordinates": [ 72.870932699857548, 21.230258100472671 ] } },
{ "type": "Feature", "properties": { "element": "way", "id": 146681382, "amenity": null, "shop": null, "name": "E Station Torrent Power" }, "geometry": { "type": "Point", "coordinates": [ 72.859828151580032, 21.20546123920872 ] } },
{ "type": "Feature", "properties": { "element": "way", "id": 146681383, "amenity": null, "shop": null, "name": null }, "geometry": { "type": "Point", "coordinates": [ 72.872499405694242, 21.231295718934277 ] } },
{ "type": "Feature", "properties": { "element": "way", "id": 147084398, "amenity": null, "shop": null, "name": "Garden Varelli" }, "geometry": { "type": "Point", "coordinates": [ 72.947405727285116, 21.173816456072164 ] } },
{ "type": "Feature", "properties": { "element": "way", "id": 147084399, "amenity": null, "shop": null, "name": "Katargam GIDC" }, "geometry": { "type": "Point", "coordinates": [ 72.845178949946529, 21.22388940020975 ] } },
{ "type": "Feature", "properties": { "element": "way", "id": 147084401, "amenity": null, "shop": null, "name": "Utran Gas Based Power Station" }, "geometry": { "type": "Point", "coordinates": [ 72.871674018868433, 21.230175106189286 ] } },
{ "type": "Feature", "properties": { "element": "way", "id": 150681564, "amenity": null, "shop": null, "name": "Gopi Talav" }, "geometry": { "type": "Point", "coordinates": [ 72.829415889446139, 21.188563599575332 ] } },
{ "type": "Feature", "properties": { "element": "way", "id": 150694694, "amenity": "university", "shop": null, "name": "Sardar Vallabhbhai National Institute of Technology" }, "geometry": { "type": "Point", "coordinates": [ 72.785190295603144, 21.162575576985862 ] } },
{ "type": "Feature", "properties": { "element": "way", "id": 158264477, "amenity": null, "shop": null, "name": null }, "geometry": { "type": "Point", "coordinates": [ 72.732954937444916, 21.083619765498501 ] } },
{ "type": "Feature", "properties": { "element": "way", "id": 225299565, "amenity": null, "shop": null, "name": "Torrent Power Puna" }, "geometry": { "type": "Point", "coordinates": [ 72.865071245126359, 21.196175090489032 ] } },
{ "type": "Feature", "properties": { "element": "way", "id": 225299593, "amenity": null, "shop": null, "name": null }, "geometry": { "type": "Point", "coordinates": [ 72.733825200092397, 21.136808149989289 ] } },
{ "type": "Feature", "properties": { "element": "way", "id": 225299599, "amenity": null, "shop": null, "name": "Vesu" }, "geometry": { "type": "Point", "coordinates": [ 72.771945377221968, 21.141601536535571 ] } },
{ "type": "Feature", "properties": { "element": "way", "id": 257384229, "amenity": "cinema", "shop": null, "name": "City Plus Multiplex" }, "geometry": { "type": "Point", "coordinates": [ 72.752133549296701, 21.136122168231228 ] } },
{ "type": "Feature", "properties": { "element": "way", "id": 257384831, "amenity": null, "shop": null, "name": "Gandhi Bag" }, "geometry": { "type": "Point", "coordinates": [ 72.81766290592401, 21.194437847230489 ] } },
{ "type": "Feature", "properties": { "element": "way", "id": 257385906, "amenity": null, "shop": null, "name": "Nehru Udyan" }, "geometry": { "type": "Point", "coordinates": [ 72.80637569117458, 21.185093313123129 ] } },
{ "type": "Feature", "properties": { "element": "way", "id": 257385979, "amenity": null, "shop": null, "name": "Jilla Seve Sadan" }, "geometry": { "type": "Point", "coordinates": [ 72.80452537377991, 21.183209100457187 ] } },
{ "type": "Feature", "properties": { "element": "way", "id": 257387303, "amenity": "childcare", "shop": null, "name": "Yateem Kana" }, "geometry": { "type": "Point", "coordinates": [ 72.811587280667808, 21.185807555347644 ] } },
{ "type": "Feature", "properties": { "element": "way", "id": 257390066, "amenity": null, "shop": null, "name": "Surat Municipal Corporation Main Office" }, "geometry": { "type": "Point", "coordinates": [ 72.821149532518433, 21.200193326728691 ] } },
{ "type": "Feature", "properties": { "element": "way", "id": 257392093, "amenity": "townhall", "shop": null, "name": "Mirza sami hall" }, "geometry": { "type": "Point", "coordinates": [ 72.82379628575606, 21.204712758247254 ] } },
{ "type": "Feature", "properties": { "element": "way", "id": 257394872, "amenity": null, "shop": "supermarket", "name": "Millennium Textile Market" }, "geometry": { "type": "Point", "coordinates": [ 72.84190580761495, 21.188086024297164 ] } },
{ "type": "Feature", "properties": { "element": "way", "id": 257396782, "amenity": "place_of_worship", "shop": null, "name": "Mirza sami Mazjid" }, "geometry": { "type": "Point", "coordinates": [ 72.823720032327955, 21.204446238002632 ] } },
{ "type": "Feature", "properties": { "element": "way", "id": 257396803, "amenity": "place_of_worship", "shop": null, "name": "Kwaja Safar Sulemani Dargah" }, "geometry": { "type": "Point", "coordinates": [ 72.823599592584529, 21.204237182362679 ] } },
{ "type": "Feature", "properties": { "element": "way", "id": 257396869, "amenity": "police", "shop": null, "name": "Vairyali bazar Police Chowki" }, "geometry": { "type": "Point", "coordinates": [ 72.823963700000988, 21.205091766675057 ] } },
{ "type": "Feature", "properties": { "element": "way", "id": 257396986, "amenity": null, "shop": null, "name": "Sir J J Ground" }, "geometry": { "type": "Point", "coordinates": [ 72.824091423419745, 21.203014890058554 ] } },
{ "type": "Feature", "properties": { "element": "way", "id": 257397001, "amenity": "hospital", "shop": null, "name": "Parsi Hospital" }, "geometry": { "type": "Point", "coordinates": [ 72.824094937544118, 21.202509682760013 ] } },
{ "type": "Feature", "properties": { "element": "way", "id": 257580394, "amenity": null, "shop": null, "name": "Department of Civil Engineering" }, "geometry": { "type": "Point", "coordinates": [ 72.784021085652043, 21.166146114599826 ] } },
{ "type": "Feature", "properties": { "element": "way", "id": 257580395, "amenity": null, "shop": null, "name": "Applied Mechanics Department" }, "geometry": { "type": "Point", "coordinates": [ 72.784245322307726, 21.165724760495795 ] } },
{ "type": "Feature", "properties": { "element": "way", "id": 257580469, "amenity": null, "shop": null, "name": "Applied Science & Humanities Department" }, "geometry": { "type": "Point", "coordinates": [ 72.784451227270353, 21.165303920509981 ] } },
{ "type": "Feature", "properties": { "element": "way", "id": 257580479, "amenity": null, "shop": null, "name": "Administration Building" }, "geometry": { "type": "Point", "coordinates": [ 72.785025902352061, 21.16540214625628 ] } },
{ "type": "Feature", "properties": { "element": "way", "id": 257580516, "amenity": null, "shop": null, "name": "Central Computer Centre" }, "geometry": { "type": "Point", "coordinates": [ 72.783637180172818, 21.164945830384365 ] } },
{ "type": "Feature", "properties": { "element": "way", "id": 257580860, "amenity": null, "shop": null, "name": "Lake View Park" }, "geometry": { "type": "Point", "coordinates": [ 72.780695559879788, 21.164353386991863 ] } },
{ "type": "Feature", "properties": { "element": "way", "id": 257581093, "amenity": null, "shop": "mall", "name": "Iscon Mall" }, "geometry": { "type": "Point", "coordinates": [ 72.773766883051138, 21.161707189791564 ] } },
{ "type": "Feature", "properties": { "element": "way", "id": 257581236, "amenity": null, "shop": "supermarket", "name": "Big Bazaar" }, "geometry": { "type": "Point", "coordinates": [ 72.770840635716596, 21.158752928165221 ] } },
{ "type": "Feature", "properties": { "element": "way", "id": 257581237, "amenity": null, "shop": "mall", "name": "Central Mall" }, "geometry": { "type": "Point", "coordinates": [ 72.764808140103753, 21.154399069277176 ] } },
{ "type": "Feature", "properties": { "element": "way", "id": 257581249, "amenity": null, "shop": "mall", "name": "Rahul Raj Mall" }, "geometry": { "type": "Point", "coordinates": [ 72.76671176245587, 21.155265293939998 ] } },
{ "type": "Feature", "properties": { "element": "way", "id": 257581253, "amenity": "cinema", "shop": null, "name": "Valentine Multiplex" }, "geometry": { "type": "Point", "coordinates": [ 72.764153028785813, 21.155471358646313 ] } },
{ "type": "Feature", "properties": { "element": "way", "id": 257581526, "amenity": "school", "shop": null, "name": "K.V.-3" }, "geometry": { "type": "Point", "coordinates": [ 72.752534294286377, 21.140862046513536 ] } },
{ "type": "Feature", "properties": { "element": "way", "id": 257581571, "amenity": null, "shop": null, "name": "Central Ground" }, "geometry": { "type": "Point", "coordinates": [ 72.74999444357799, 21.142267791989209 ] } },
{ "type": "Feature", "properties": { "element": "way", "id": 257581644, "amenity": null, "shop": null, "name": null }, "geometry": { "type": "Point", "coordinates": [ 72.750416226783599, 21.143593408381935 ] } },
{ "type": "Feature", "properties": { "element": "way", "id": 257581679, "amenity": null, "shop": null, "name": null }, "geometry": { "type": "Point", "coordinates": [ 72.749851015615121, 21.143574997881018 ] } },
{ "type": "Feature", "properties": { "element": "way", "id": 257581681, "amenity": null, "shop": null, "name": null }, "geometry": { "type": "Point", "coordinates": [ 72.749444726746333, 21.143553638063715 ] } },
{ "type": "Feature", "properties": { "element": "way", "id": 257581716, "amenity": null, "shop": null, "name": "Krida Kendra" }, "geometry": { "type": "Point", "coordinates": [ 72.751992092723597, 21.141547623077297 ] } },
{ "type": "Feature", "properties": { "element": "way", "id": 257581800, "amenity": null, "shop": null, "name": "Officer's Club" }, "geometry": { "type": "Point", "coordinates": [ 72.750707222190073, 21.141919792574519 ] } },
{ "type": "Feature", "properties": { "element": "way", "id": 257584715, "amenity": null, "shop": "supermarket", "name": "Dhiraj sons" }, "geometry": { "type": "Point", "coordinates": [ 72.809340173710837, 21.185648187023364 ] } },
{ "type": "Feature", "properties": { "element": "way", "id": 257584716, "amenity": null, "shop": null, "name": "Lalbhai Contractor Stadium" }, "geometry": { "type": "Point", "coordinates": [ 72.768823872673252, 21.155412453701047 ] } },
{ "type": "Feature", "properties": { "element": "way", "id": 257584717, "amenity": "school", "shop": null, "name": "Delhi Public School" }, "geometry": { "type": "Point", "coordinates": [ 72.724033860995291, 21.123978539407172 ] } },
{ "type": "Feature", "properties": { "element": "way", "id": 257603831, "amenity": null, "shop": null, "name": "ONGC Guest House" }, "geometry": { "type": "Point", "coordinates": [ 72.748400412768063, 21.143158636467231 ] } },
{ "type": "Feature", "properties": { "element": "way", "id": 257604991, "amenity": "library", "shop": null, "name": "Narmad Library" }, "geometry": { "type": "Point", "coordinates": [ 72.805622276998278, 21.175949113358012 ] } },
{ "type": "Feature", "properties": { "element": "way", "id": 257604993, "amenity": null, "shop": null, "name": "Production Engineering Department" }, "geometry": { "type": "Point", "coordinates": [ 72.782795087983487, 21.164896274733824 ] } },
{ "type": "Feature", "properties": { "element": "way", "id": 257604994, "amenity": null, "shop": null, "name": "SVNIT Workshop" }, "geometry": { "type": "Point", "coordinates": [ 72.782569535897451, 21.16516150083589 ] } },
{ "type": "Feature", "properties": { "element": "way", "id": 257604995, "amenity": null, "shop": null, "name": "Material Testing Lab" }, "geometry": { "type": "Point", "coordinates": [ 72.783922501182928, 21.165242165649243 ] } },
{ "type": "Feature", "properties": { "element": "way", "id": 257604996, "amenity": null, "shop": null, "name": "Computer Engineering Department" }, "geometry": { "type": "Point", "coordinates": [ 72.783238094003309, 21.164719134174778 ] } },
{ "type": "Feature", "properties": { "element": "way", "id": 257604999, "amenity": null, "shop": null, "name": "Electrical Engineering Department" }, "geometry": { "type": "Point", "coordinates": [ 72.784753149792067, 21.164788050169765 ] } },
{ "type": "Feature", "properties": { "element": "way", "id": 257605000, "amenity": null, "shop": null, "name": "Mechanical Engineering Department" }, "geometry": { "type": "Point", "coordinates": [ 72.78495708121568, 21.164353851581804 ] } },
{ "type": "Feature", "properties": { "element": "way", "id": 257731257, "amenity": "restaurant", "shop": null, "name": "Lake View Restaurant" }, "geometry": { "type": "Point", "coordinates": [ 72.779398274676367, 21.163938825290543 ] } },
{ "type": "Feature", "properties": { "element": "way", "id": 257731259, "amenity": null, "shop": "mall", "name": "International Business Centre" }, "geometry": { "type": "Point", "coordinates": [ 72.769231939428167, 21.157836497192662 ] } },
{ "type": "Feature", "properties": { "element": "way", "id": 257731261, "amenity": null, "shop": "mall", "name": "Ripple Mall" }, "geometry": { "type": "Point", "coordinates": [ 72.772886723155906, 21.159965152118126 ] } },
{ "type": "Feature", "properties": { "element": "way", "id": 257731264, "amenity": null, "shop": "electronics", "name": "Vijay Sales" }, "geometry": { "type": "Point", "coordinates": [ 72.776918331063754, 21.163308278124241 ] } },
{ "type": "Feature", "properties": { "element": "way", "id": 257741571, "amenity": null, "shop": null, "name": "SVNIT Guest House" }, "geometry": { "type": "Point", "coordinates": [ 72.782383361215523, 21.167170230278348 ] } },
{ "type": "Feature", "properties": { "element": "way", "id": 257741685, "amenity": null, "shop": null, "name": "Institution Of Engineers" }, "geometry": { "type": "Point", "coordinates": [ 72.783477373375177, 21.16758810213592 ] } },
{ "type": "Feature", "properties": { "element": "way", "id": 257742998, "amenity": null, "shop": "mall", "name": "VR Mall" }, "geometry": { "type": "Point", "coordinates": [ 72.757291416257871, 21.145140518702391 ] } },
{ "type": "Feature", "properties": { "element": "way", "id": 275847822, "amenity": "hospital", "shop": null, "name": "Metas of Seventh Day Adventist" }, "geometry": { "type": "Point", "coordinates": [ 72.810884697482592, 21.18167422025958 ] } },
{ "type": "Feature", "properties": { "element": "way", "id": 275847823, "amenity": "college", "shop": null, "name": "Sarvajanik College of Engineering and Technology" }, "geometry": { "type": "Point", "coordinates": [ 72.808723629491638, 21.182146282065393 ] } },
{ "type": "Feature", "properties": { "element": "way", "id": 275853522, "amenity": null, "shop": null, "name": "Surat Tennis Club (STC)" }, "geometry": { "type": "Point", "coordinates": [ 72.8052325793183, 21.182204192130378 ] } },
{ "type": "Feature", "properties": { "element": "way", "id": 275854756, "amenity": "school", "shop": null, "name": "St. Xaviers School" }, "geometry": { "type": "Point", "coordinates": [ 72.810036741320488, 21.17516026585637 ] } },
{ "type": "Feature", "properties": { "element": "way", "id": 299132414, "amenity": null, "shop": null, "name": null }, "geometry": { "type": "Point", "coordinates": [ 72.693021899602641, 21.218580199985947 ] } },
{ "type": "Feature", "properties": { "element": "way", "id": 299132420, "amenity": null, "shop": null, "name": "Jiav" }, "geometry": { "type": "Point", "coordinates": [ 72.829343269210355, 21.115321750551512 ] } },
{ "type": "Feature", "properties": { "element": "way", "id": 331386624, "amenity": null, "shop": null, "name": "Popda" }, "geometry": { "type": "Point", "coordinates": [ 72.908351116353444, 21.070861626396184 ] } },
{ "type": "Feature", "properties": { "element": "way", "id": 331386634, "amenity": null, "shop": null, "name": null }, "geometry": { "type": "Point", "coordinates": [ 72.859691795500623, 21.134987904687364 ] } },
{ "type": "Feature", "properties": { "element": "way", "id": 331386635, "amenity": null, "shop": null, "name": null }, "geometry": { "type": "Point", "coordinates": [ 72.731836262741993, 21.161180925796732 ] } },
{ "type": "Feature", "properties": { "element": "way", "id": 331386636, "amenity": null, "shop": null, "name": "Bhestan TSS" }, "geometry": { "type": "Point", "coordinates": [ 72.863157883565236, 21.121268313513294 ] } },
{ "type": "Feature", "properties": { "element": "way", "id": 331386637, "amenity": null, "shop": null, "name": null }, "geometry": { "type": "Point", "coordinates": [ 72.869240008907497, 21.231505528988514 ] } },
{ "type": "Feature", "properties": { "element": "way", "id": 331386639, "amenity": null, "shop": null, "name": "Erthan" }, "geometry": { "type": "Point", "coordinates": [ 72.957350359035516, 21.112399657817527 ] } },
{ "type": "Feature", "properties": { "element": "way", "id": 331386640, "amenity": null, "shop": null, "name": null }, "geometry": { "type": "Point", "coordinates": [ 72.854578193396222, 21.190195881444687 ] } },
{ "type": "Feature", "properties": { "element": "way", "id": 335607302, "amenity": null, "shop": null, "name": "Raman Bhavan H10" }, "geometry": { "type": "Point", "coordinates": [ 72.788217964000125, 21.162406847371646 ] } },
{ "type": "Feature", "properties": { "element": "way", "id": 335715191, "amenity": null, "shop": null, "name": "Sultaniya Gymkhana, Rander" }, "geometry": { "type": "Point", "coordinates": [ 72.799713177704746, 21.216169421039563 ] } },
{ "type": "Feature", "properties": { "element": "way", "id": 343839834, "amenity": "place_of_worship", "shop": null, "name": "Hanuman Temple" }, "geometry": { "type": "Point", "coordinates": [ 72.808322173907882, 21.224920173904362 ] } },
{ "type": "Feature", "properties": { "element": "way", "id": 343840962, "amenity": "place_of_worship", "shop": null, "name": "Swaminarayan Temple/School" }, "geometry": { "type": "Point", "coordinates": [ 72.820656639700999, 21.244047180473729 ] } },
{ "type": "Feature", "properties": { "element": "way", "id": 347614334, "amenity": "fuel", "shop": null, "name": null }, "geometry": { "type": "Point", "coordinates": [ 72.790509799999739, 21.188513850003684 ] } },
{ "type": "Feature", "properties": { "element": "way", "id": 360675507, "amenity": "place_of_worship", "shop": null, "name": "Kamnath Mahadev Temple, Gopipura Surat" }, "geometry": { "type": "Point", "coordinates": [ 72.824669685240508, 21.194380136727748 ] } },
{ "type": "Feature", "properties": { "element": "way", "id": 360675855, "amenity": "public_building", "shop": null, "name": "Sutex Bank, Subash Chowk" }, "geometry": { "type": "Point", "coordinates": [ 72.825110002677278, 21.193731097729991 ] } },
{ "type": "Feature", "properties": { "element": "way", "id": 402744794, "amenity": null, "shop": null, "name": "botonical garden" }, "geometry": { "type": "Point", "coordinates": [ 72.788472452944589, 21.225678748335323 ] } },
{ "type": "Feature", "properties": { "element": "way", "id": 403894820, "amenity": null, "shop": null, "name": "SMC Gaeden" }, "geometry": { "type": "Point", "coordinates": [ 72.786250665021228, 21.211873399703759 ] } },
{ "type": "Feature", "properties": { "element": "way", "id": 403894828, "amenity": null, "shop": null, "name": "jyotindra dave garden" }, "geometry": { "type": "Point", "coordinates": [ 72.79136311139851, 21.202134400167711 ] } },
{ "type": "Feature", "properties": { "element": "way", "id": 403897995, "amenity": null, "shop": null, "name": "Dumas Chowpati" }, "geometry": { "type": "Point", "coordinates": [ 72.715722855540747, 21.080730573592529 ] } },
{ "type": "Feature", "properties": { "element": "way", "id": 403897996, "amenity": "food_court", "shop": null, "name": "Street food" }, "geometry": { "type": "Point", "coordinates": [ 72.714050696025254, 21.080961788057397 ] } },
{ "type": "Feature", "properties": { "element": "way", "id": 404107399, "amenity": "garden", "shop": null, "name": "Jahangirpura SMC Garden" }, "geometry": { "type": "Point", "coordinates": [ 72.788188782683136, 21.234514791926745 ] } },
{ "type": "Feature", "properties": { "element": "way", "id": 404111088, "amenity": "place_of_worship", "shop": null, "name": "Aasharam Ashram" }, "geometry": { "type": "Point", "coordinates": [ 72.791863612334282, 21.241718059221924 ] } },
{ "type": "Feature", "properties": { "element": "way", "id": 404111089, "amenity": "shelter", "shop": null, "name": "Cowshed" }, "geometry": { "type": "Point", "coordinates": [ 72.791044720621684, 21.2411433233036 ] } },
{ "type": "Feature", "properties": { "element": "way", "id": 404111090, "amenity": "place_of_worship", "shop": null, "name": "ISKON Temple" }, "geometry": { "type": "Point", "coordinates": [ 72.791015168040758, 21.240112683068762 ] } },
{ "type": "Feature", "properties": { "element": "way", "id": 404111091, "amenity": "place_of_worship", "shop": null, "name": "Rammadhi Temple" }, "geometry": { "type": "Point", "coordinates": [ 72.791605584310474, 21.240754364744095 ] } },
{ "type": "Feature", "properties": { "element": "way", "id": 404111092, "amenity": "place_of_worship", "shop": null, "name": "Saibaba Temple" }, "geometry": { "type": "Point", "coordinates": [ 72.779740572622643, 21.262520923707218 ] } },
{ "type": "Feature", "properties": { "element": "way", "id": 404111093, "amenity": "college", "shop": null, "name": "Vivekanand commerce college" }, "geometry": { "type": "Point", "coordinates": [ 72.785441151684992, 21.249725581429605 ] } },
{ "type": "Feature", "properties": { "element": "way", "id": 405799864, "amenity": null, "shop": null, "name": "Ashirwad palace" }, "geometry": { "type": "Point", "coordinates": [ 72.810413132407092, 21.166946590683935 ] } },
{ "type": "Feature", "properties": { "element": "way", "id": 424062425, "amenity": "school", "shop": null, "name": null }, "geometry": { "type": "Point", "coordinates": [ 72.780135504520501, 21.211829824471778 ] } },
{ "type": "Feature", "properties": { "element": "way", "id": 426004983, "amenity": null, "shop": null, "name": "Kavi Kalapi Garden" }, "geometry": { "type": "Point", "coordinates": [ 72.793986736556306, 21.189218682745963 ] } },
{ "type": "Feature", "properties": { "element": "way", "id": 430197613, "amenity": null, "shop": null, "name": "Balaji Park" }, "geometry": { "type": "Point", "coordinates": [ 72.785980280595496, 21.209403182457926 ] } },
{ "type": "Feature", "properties": { "element": "way", "id": 448924296, "amenity": null, "shop": null, "name": null }, "geometry": { "type": "Point", "coordinates": [ 72.851416311138863, 21.127183375413143 ] } },
{ "type": "Feature", "properties": { "element": "way", "id": 455137000, "amenity": null, "shop": null, "name": "Rustampura swimming pool" }, "geometry": { "type": "Point", "coordinates": [ 72.829447472416604, 21.185548315708445 ] } },
{ "type": "Feature", "properties": { "element": "way", "id": 455137002, "amenity": "place_of_worship", "shop": null, "name": "Masjid ul Moazzam" }, "geometry": { "type": "Point", "coordinates": [ 72.832053021172158, 21.194609869073787 ] } },
{ "type": "Feature", "properties": { "element": "way", "id": 455147099, "amenity": "place_of_worship", "shop": null, "name": "Musjid-e-" }, "geometry": { "type": "Point", "coordinates": [ 72.821016325930998, 21.199739768619491 ] } },
{ "type": "Feature", "properties": { "element": "way", "id": 455147215, "amenity": null, "shop": null, "name": null }, "geometry": { "type": "Point", "coordinates": [ 72.821337449374965, 21.199970823745826 ] } },
{ "type": "Feature", "properties": { "element": "way", "id": 455147217, "amenity": null, "shop": null, "name": null }, "geometry": { "type": "Point", "coordinates": [ 72.82096389986647, 21.200126313818849 ] } },
{ "type": "Feature", "properties": { "element": "way", "id": 455147218, "amenity": null, "shop": null, "name": null }, "geometry": { "type": "Point", "coordinates": [ 72.821280711595705, 21.200335685166479 ] } },
{ "type": "Feature", "properties": { "element": "way", "id": 455147219, "amenity": null, "shop": null, "name": null }, "geometry": { "type": "Point", "coordinates": [ 72.821255168958004, 21.200557682491382 ] } },
{ "type": "Feature", "properties": { "element": "way", "id": 455148525, "amenity": "bus_station", "shop": null, "name": "Surat Central Bus Station (GSRTC)" }, "geometry": { "type": "Point", "coordinates": [ 72.83963168718077, 21.203826758876176 ] } },
{ "type": "Feature", "properties": { "element": "way", "id": 469333396, "amenity": null, "shop": null, "name": "dutch garden" }, "geometry": { "type": "Point", "coordinates": [ 72.813409897343618, 21.191434862780792 ] } },
{ "type": "Feature", "properties": { "element": "way", "id": 469333398, "amenity": null, "shop": null, "name": "hasanji kabrestaan" }, "geometry": { "type": "Point", "coordinates": [ 72.828801703671544, 21.20274255822055 ] } },
{ "type": "Feature", "properties": { "element": "way", "id": 470295438, "amenity": null, "shop": null, "name": "Swami Vivekananda Park" }, "geometry": { "type": "Point", "coordinates": [ 72.81241308103003, 21.169443073979725 ] } },
{ "type": "Feature", "properties": { "element": "way", "id": 470296064, "amenity": null, "shop": null, "name": "Shivaji Park" }, "geometry": { "type": "Point", "coordinates": [ 72.811730320588808, 21.171925990317867 ] } },
{ "type": "Feature", "properties": { "element": "way", "id": 490947294, "amenity": null, "shop": null, "name": "HI-TECH RESIDENCY garden" }, "geometry": { "type": "Point", "coordinates": [ 72.768164936895161, 21.141556524162343 ] } },
{ "type": "Feature", "properties": { "element": "way", "id": 522284438, "amenity": null, "shop": "supermarket", "name": "Reliance Market" }, "geometry": { "type": "Point", "coordinates": [ 72.773786941113883, 21.14956726233941 ] } },
{ "type": "Feature", "properties": { "element": "way", "id": 546737046, "amenity": null, "shop": null, "name": "Khelo India Playground" }, "geometry": { "type": "Point", "coordinates": [ 72.776307457996253, 21.165303872198216 ] } },
{ "type": "Feature", "properties": { "element": "way", "id": 552077902, "amenity": null, "shop": null, "name": "Varachha Chopati Garden" }, "geometry": { "type": "Point", "coordinates": [ 72.88434057676605, 21.22573086842263 ] } },
{ "type": "Feature", "properties": { "element": "way", "id": 552624062, "amenity": "hospital", "shop": null, "name": "New Civil Hospital" }, "geometry": { "type": "Point", "coordinates": [ 72.819843629265662, 21.179598323921159 ] } },
{ "type": "Feature", "properties": { "element": "way", "id": 553164332, "amenity": null, "shop": null, "name": "The Palm Garden" }, "geometry": { "type": "Point", "coordinates": [ 72.771989617390062, 21.208787444853705 ] } },
{ "type": "Feature", "properties": { "element": "way", "id": 553776282, "amenity": null, "shop": null, "name": "Botanical Garden" }, "geometry": { "type": "Point", "coordinates": [ 72.783551316525191, 21.223945841272457 ] } },
{ "type": "Feature", "properties": { "element": "way", "id": 553828782, "amenity": null, "shop": null, "name": "Sarthana Nature Park & Zoo" }, "geometry": { "type": "Point", "coordinates": [ 72.896705968805037, 21.232654409324354 ] } },
{ "type": "Feature", "properties": { "element": "way", "id": 553847203, "amenity": null, "shop": null, "name": null }, "geometry": { "type": "Point", "coordinates": [ 72.90753133724516, 21.226435572626809 ] } },
{ "type": "Feature", "properties": { "element": "way", "id": 553850675, "amenity": "marketplace", "shop": null, "name": "\"Shanivari\" Saturday Market" }, "geometry": { "type": "Point", "coordinates": [ 72.816528995534341, 21.194778997354291 ] } },
{ "type": "Feature", "properties": { "element": "way", "id": 554518593, "amenity": null, "shop": null, "name": "Gopi Talav Park" }, "geometry": { "type": "Point", "coordinates": [ 72.829769861725282, 21.188951342504208 ] } },
{ "type": "Feature", "properties": { "element": "way", "id": 554546813, "amenity": null, "shop": null, "name": null }, "geometry": { "type": "Point", "coordinates": [ 72.837811639049235, 21.119212358173428 ] } },
{ "type": "Feature", "properties": { "element": "way", "id": 554546815, "amenity": null, "shop": null, "name": null }, "geometry": { "type": "Point", "coordinates": [ 72.836316394966147, 21.120761299528095 ] } },
{ "type": "Feature", "properties": { "element": "way", "id": 554550597, "amenity": null, "shop": null, "name": null }, "geometry": { "type": "Point", "coordinates": [ 72.732798804707272, 21.083630655914348 ] } },
{ "type": "Feature", "properties": { "element": "way", "id": 554938814, "amenity": null, "shop": null, "name": null }, "geometry": { "type": "Point", "coordinates": [ 72.788233276463956, 21.152273958647182 ] } },
{ "type": "Feature", "properties": { "element": "way", "id": 558520223, "amenity": null, "shop": null, "name": "saiyedpura ground" }, "geometry": { "type": "Point", "coordinates": [ 72.830147055323181, 21.20359139633824 ] } },
{ "type": "Feature", "properties": { "element": "way", "id": 563383131, "amenity": "school", "shop": null, "name": "C.C Shah Sarvajanik English High School" }, "geometry": { "type": "Point", "coordinates": [ 72.792537317680654, 21.175131039540055 ] } },
{ "type": "Feature", "properties": { "element": "way", "id": 585330844, "amenity": "place_of_worship", "shop": null, "name": "Manav Dharma Ashram" }, "geometry": { "type": "Point", "coordinates": [ 72.829061959937135, 21.211554220051241 ] } },
{ "type": "Feature", "properties": { "element": "way", "id": 588067364, "amenity": "fire_station", "shop": null, "name": null }, "geometry": { "type": "Point", "coordinates": [ 72.739952199581126, 21.116430500067551 ] } },
{ "type": "Feature", "properties": { "element": "way", "id": 623093629, "amenity": null, "shop": null, "name": "Eklera" }, "geometry": { "type": "Point", "coordinates": [ 72.856135699946847, 21.135532000111844 ] } },
{ "type": "Feature", "properties": { "element": "way", "id": 638207555, "amenity": "parking", "shop": null, "name": null }, "geometry": { "type": "Point", "coordinates": [ 72.7928637670624, 21.122598082563481 ] } },
{ "type": "Feature", "properties": { "element": "way", "id": 638211943, "amenity": "parking", "shop": null, "name": null }, "geometry": { "type": "Point", "coordinates": [ 72.75237377892843, 21.13632008184674 ] } },
{ "type": "Feature", "properties": { "element": "way", "id": 643709381, "amenity": null, "shop": null, "name": null }, "geometry": { "type": "Point", "coordinates": [ 72.810075357689016, 21.174291061506537 ] } },
{ "type": "Feature", "properties": { "element": "way", "id": 643709439, "amenity": null, "shop": null, "name": null }, "geometry": { "type": "Point", "coordinates": [ 72.836925717384844, 21.22679980952082 ] } },
{ "type": "Feature", "properties": { "element": "way", "id": 645012242, "amenity": null, "shop": null, "name": null }, "geometry": { "type": "Point", "coordinates": [ 72.769213439129288, 21.155406355437105 ] } },
{ "type": "Feature", "properties": { "element": "way", "id": 645012244, "amenity": null, "shop": null, "name": null }, "geometry": { "type": "Point", "coordinates": [ 72.767980635456951, 21.154898932095918 ] } },
{ "type": "Feature", "properties": { "element": "way", "id": 655534745, "amenity": null, "shop": null, "name": "Javerchand Meghani park" }, "geometry": { "type": "Point", "coordinates": [ 72.851557799951919, 21.214226850284458 ] } },
{ "type": "Feature", "properties": { "element": "way", "id": 655534746, "amenity": "community_centre", "shop": null, "name": "Sardar patel Smruti Bhavan" }, "geometry": { "type": "Point", "coordinates": [ 72.850470367454861, 21.21418702155017 ] } },
{ "type": "Feature", "properties": { "element": "way", "id": 659994037, "amenity": "place_of_worship", "shop": null, "name": null }, "geometry": { "type": "Point", "coordinates": [ 72.884962270888977, 21.214650557529911 ] } },
{ "type": "Feature", "properties": { "element": "way", "id": 660134866, "amenity": "parking", "shop": null, "name": null }, "geometry": { "type": "Point", "coordinates": [ 72.784685650622279, 21.166251562248277 ] } },
{ "type": "Feature", "properties": { "element": "way", "id": 660134867, "amenity": "parking", "shop": null, "name": null }, "geometry": { "type": "Point", "coordinates": [ 72.784580148513371, 21.166643711916556 ] } },
{ "type": "Feature", "properties": { "element": "way", "id": 660142380, "amenity": null, "shop": null, "name": null }, "geometry": { "type": "Point", "coordinates": [ 72.785193345439353, 21.166309950761914 ] } },
{ "type": "Feature", "properties": { "element": "way", "id": 660142381, "amenity": null, "shop": null, "name": null }, "geometry": { "type": "Point", "coordinates": [ 72.785594526490726, 21.16550370273238 ] } },
{ "type": "Feature", "properties": { "element": "way", "id": 660142386, "amenity": "library", "shop": null, "name": "Central library" }, "geometry": { "type": "Point", "coordinates": [ 72.78524468745799, 21.162737575658756 ] } },
{ "type": "Feature", "properties": { "element": "way", "id": 660180556, "amenity": "bicycle_parking", "shop": null, "name": null }, "geometry": { "type": "Point", "coordinates": [ 72.789833829585774, 21.162039409629173 ] } },
{ "type": "Feature", "properties": { "element": "way", "id": 660180557, "amenity": null, "shop": null, "name": "Swami Vivekanand Bhavan garden" }, "geometry": { "type": "Point", "coordinates": [ 72.789417387812094, 21.162681086187835 ] } },
{ "type": "Feature", "properties": { "element": "way", "id": 660232163, "amenity": "parking", "shop": null, "name": "SMC multilevel parking" }, "geometry": { "type": "Point", "coordinates": [ 72.850492024350189, 21.213740603589301 ] } },
{ "type": "Feature", "properties": { "element": "way", "id": 661365726, "amenity": "community_centre", "shop": null, "name": "SMC Yogi chowk Community hall" }, "geometry": { "type": "Point", "coordinates": [ 72.890282251274101, 21.211828147786775 ] } },
{ "type": "Feature", "properties": { "element": "way", "id": 661365731, "amenity": "fuel", "shop": null, "name": "Hindustan Petroleum" }, "geometry": { "type": "Point", "coordinates": [ 72.888583132302188, 21.204112366388319 ] } },
{ "type": "Feature", "properties": { "element": "way", "id": 661885043, "amenity": null, "shop": null, "name": "Hazira Reliance Power Plant" }, "geometry": { "type": "Point", "coordinates": [ 72.687900056535284, 21.159584874381789 ] } },
{ "type": "Feature", "properties": { "element": "way", "id": 661986634, "amenity": null, "shop": null, "name": "SVNIT basketball court" }, "geometry": { "type": "Point", "coordinates": [ 72.786221958392048, 21.159765132127877 ] } },
{ "type": "Feature", "properties": { "element": "way", "id": 661986635, "amenity": null, "shop": null, "name": "Student activity center" }, "geometry": { "type": "Point", "coordinates": [ 72.784892312570193, 21.160216996119761 ] } },
{ "type": "Feature", "properties": { "element": "way", "id": 661988638, "amenity": null, "shop": null, "name": "Student activity ground" }, "geometry": { "type": "Point", "coordinates": [ 72.786214740145766, 21.161056084935538 ] } },
{ "type": "Feature", "properties": { "element": "way", "id": 665480903, "amenity": null, "shop": null, "name": "SMC Swimming Pool" }, "geometry": { "type": "Point", "coordinates": [ 72.883849051124017, 21.224756737868514 ] } },
{ "type": "Feature", "properties": { "element": "way", "id": 721797516, "amenity": null, "shop": null, "name": "Playground 1" }, "geometry": { "type": "Point", "coordinates": [ 72.783743597762324, 21.197204262791679 ] } },
{ "type": "Feature", "properties": { "element": "way", "id": 737553389, "amenity": null, "shop": null, "name": "Parshuram Garden" }, "geometry": { "type": "Point", "coordinates": [ 72.785992259370701, 21.198990745457706 ] } },
{ "type": "Feature", "properties": { "element": "way", "id": 737553390, "amenity": null, "shop": null, "name": "Chandravadan Chimanlal Park" }, "geometry": { "type": "Point", "coordinates": [ 72.783721905892918, 21.205879485691401 ] } },
{ "type": "Feature", "properties": { "element": "way", "id": 739482995, "amenity": null, "shop": null, "name": "SMC Playground" }, "geometry": { "type": "Point", "coordinates": [ 72.785757209324359, 21.191769568326873 ] } },
{ "type": "Feature", "properties": { "element": "way", "id": 739483184, "amenity": null, "shop": null, "name": "Shantikunj Garden Kalpana Chawla Marg" }, "geometry": { "type": "Point", "coordinates": [ 72.7888526014288, 21.194779035576854 ] } },
{ "type": "Feature", "properties": { "element": "way", "id": 750001180, "amenity": null, "shop": null, "name": "Morarji Desai Garden" }, "geometry": { "type": "Point", "coordinates": [ 72.800712431682456, 21.189992096697814 ] } },
{ "type": "Feature", "properties": { "element": "way", "id": 751783158, "amenity": null, "shop": null, "name": "cricket ground" }, "geometry": { "type": "Point", "coordinates": [ 72.783743597762324, 21.197204262791679 ] } },
{ "type": "Feature", "properties": { "element": "way", "id": 760145102, "amenity": null, "shop": null, "name": null }, "geometry": { "type": "Point", "coordinates": [ 72.857168483129925, 21.221116578726441 ] } },
{ "type": "Feature", "properties": { "element": "way", "id": 794507326, "amenity": "school", "shop": null, "name": "G. G. Zadafiya Vidhyalay" }, "geometry": { "type": "Point", "coordinates": [ 72.851123607460494, 21.220762602364839 ] } },
{ "type": "Feature", "properties": { "element": "way", "id": 794507327, "amenity": "school", "shop": null, "name": "Saraswati Vidhyalaya" }, "geometry": { "type": "Point", "coordinates": [ 72.850980085959364, 21.221654530512893 ] } },
{ "type": "Feature", "properties": { "element": "way", "id": 794507351, "amenity": "place_of_worship", "shop": null, "name": "Rustambag Mandir" }, "geometry": { "type": "Point", "coordinates": [ 72.855163351555433, 21.222600193921917 ] } },
{ "type": "Feature", "properties": { "element": "way", "id": 794752483, "amenity": "school", "shop": null, "name": null }, "geometry": { "type": "Point", "coordinates": [ 72.829517627829389, 21.231128151240526 ] } },
{ "type": "Feature", "properties": { "element": "way", "id": 799237877, "amenity": null, "shop": null, "name": null }, "geometry": { "type": "Point", "coordinates": [ 72.693014794421927, 21.175226123282609 ] } },
{ "type": "Feature", "properties": { "element": "way", "id": 799237878, "amenity": null, "shop": null, "name": null }, "geometry": { "type": "Point", "coordinates": [ 72.678981126276113, 21.165998435180725 ] } },
{ "type": "Feature", "properties": { "element": "way", "id": 813452340, "amenity": null, "shop": null, "name": "People's Overseas" }, "geometry": { "type": "Point", "coordinates": [ 72.81094509495172, 21.186589780167417 ] } },
{ "type": "Feature", "properties": { "element": "way", "id": 813820060, "amenity": "clinic", "shop": null, "name": "Shree Hari Clinic" }, "geometry": { "type": "Point", "coordinates": [ 72.934576949898144, 21.265144650019096 ] } },
{ "type": "Feature", "properties": { "element": "way", "id": 825751730, "amenity": null, "shop": "yes", "name": null }, "geometry": { "type": "Point", "coordinates": [ 72.791971498577723, 21.171863117584945 ] } },
{ "type": "Feature", "properties": { "element": "way", "id": 826188137, "amenity": "place_of_worship", "shop": null, "name": "Karuna Sagar Mandir" }, "geometry": { "type": "Point", "coordinates": [ 72.860785344649585, 21.190540822867078 ] } },
{ "type": "Feature", "properties": { "element": "way", "id": 836428638, "amenity": null, "shop": null, "name": "Dholakiya Garden,Katargam" }, "geometry": { "type": "Point", "coordinates": [ 72.833402917081301, 21.222105510999 ] } },
{ "type": "Feature", "properties": { "element": "way", "id": 838682328, "amenity": null, "shop": null, "name": "Children's Park" }, "geometry": { "type": "Point", "coordinates": [ 72.827950730540707, 21.21473580047094 ] } },
{ "type": "Feature", "properties": { "element": "way", "id": 838769291, "amenity": null, "shop": null, "name": "Shantikunj Garden" }, "geometry": { "type": "Point", "coordinates": [ 72.829664690247313, 21.230743743150843 ] } },
{ "type": "Feature", "properties": { "element": "way", "id": 838954629, "amenity": null, "shop": null, "name": "Lake Garden,Katargam" }, "geometry": { "type": "Point", "coordinates": [ 72.836891681650187, 21.225209432319623 ] } },
{ "type": "Feature", "properties": { "element": "way", "id": 838962067, "amenity": null, "shop": null, "name": "Lake Center Park" }, "geometry": { "type": "Point", "coordinates": [ 72.836607584978722, 21.225608011139151 ] } },
{ "type": "Feature", "properties": { "element": "way", "id": 893282694, "amenity": "bank", "shop": null, "name": "The Sarvodaya Sahkari Bank Ltd." }, "geometry": { "type": "Point", "coordinates": [ 72.794656100002783, 21.169936599999122 ] } },
{ "type": "Feature", "properties": { "element": "way", "id": 893282695, "amenity": "restaurant", "shop": null, "name": "DOME Pizzeria" }, "geometry": { "type": "Point", "coordinates": [ 72.775714176771459, 21.165526660404133 ] } },
{ "type": "Feature", "properties": { "element": "way", "id": 893282697, "amenity": "fuel", "shop": null, "name": "HPCL Petrol Pump" }, "geometry": { "type": "Point", "coordinates": [ 72.794779029171892, 21.169096197229397 ] } },
{ "type": "Feature", "properties": { "element": "way", "id": 917308851, "amenity": "place_of_worship", "shop": null, "name": "Shree Sai Ganesh Yuvak Mandal-1976" }, "geometry": { "type": "Point", "coordinates": [ 72.828853170506449, 21.205735107889961 ] } },
{ "type": "Feature", "properties": { "element": "way", "id": 948609616, "amenity": null, "shop": null, "name": null }, "geometry": { "type": "Point", "coordinates": [ 72.792460850002058, 21.201987400019085 ] } },
{ "type": "Feature", "properties": { "element": "way", "id": 948609617, "amenity": null, "shop": null, "name": null }, "geometry": { "type": "Point", "coordinates": [ 72.792369524493978, 21.202494056672432 ] } },
{ "type": "Feature", "properties": { "element": "way", "id": 948627697, "amenity": null, "shop": null, "name": null }, "geometry": { "type": "Point", "coordinates": [ 72.781896599948809, 21.186021900140187 ] } },
{ "type": "Feature", "properties": { "element": "way", "id": 948629341, "amenity": null, "shop": null, "name": null }, "geometry": { "type": "Point", "coordinates": [ 72.776303095534772, 21.187545522752391 ] } },
{ "type": "Feature", "properties": { "element": "way", "id": 1001169978, "amenity": null, "shop": null, "name": "SMC Garden" }, "geometry": { "type": "Point", "coordinates": [ 72.794626837859695, 21.162563262682315 ] } },
{ "type": "Feature", "properties": { "element": "way", "id": 1001169979, "amenity": "events_venue", "shop": null, "name": "Agrasen Bhavan" }, "geometry": { "type": "Point", "coordinates": [ 72.794353235811073, 21.163315274105369 ] } },
{ "type": "Feature", "properties": { "element": "way", "id": 1002418492, "amenity": null, "shop": null, "name": null }, "geometry": { "type": "Point", "coordinates": [ 72.719377760882182, 21.16676341321444 ] } },
{ "type": "Feature", "properties": { "element": "way", "id": 1017449384, "amenity": null, "shop": null, "name": null }, "geometry": { "type": "Point", "coordinates": [ 72.765969530336307, 21.145396358103444 ] } },
{ "type": "Feature", "properties": { "element": "way", "id": 1017449385, "amenity": null, "shop": null, "name": null }, "geometry": { "type": "Point", "coordinates": [ 72.765982712919893, 21.146119216304623 ] } },
{ "type": "Feature", "properties": { "element": "way", "id": 1017506343, "amenity": null, "shop": "mall", "name": "Prime Shoppers" }, "geometry": { "type": "Point", "coordinates": [ 72.76586745337633, 21.14735653107822 ] } },
{ "type": "Feature", "properties": { "element": "way", "id": 1017506949, "amenity": null, "shop": null, "name": "Happy Club House" }, "geometry": { "type": "Point", "coordinates": [ 72.765988910459072, 21.14581328031376 ] } },
{ "type": "Feature", "properties": { "element": "way", "id": 1017507758, "amenity": null, "shop": null, "name": null }, "geometry": { "type": "Point", "coordinates": [ 72.765930265719632, 21.14596840800364 ] } },
{ "type": "Feature", "properties": { "element": "way", "id": 1057501224, "amenity": "university", "shop": null, "name": "Veer Narmad South Gujarat University" }, "geometry": { "type": "Point", "coordinates": [ 72.787138687693101, 21.15404552806725 ] } },
{ "type": "Feature", "properties": { "element": "way", "id": 1105707593, "amenity": "parking", "shop": null, "name": null }, "geometry": { "type": "Point", "coordinates": [ 72.766485400320647, 21.154323872377866 ] } },
{ "type": "Feature", "properties": { "element": "way", "id": 1108601551, "amenity": "parking", "shop": null, "name": null }, "geometry": { "type": "Point", "coordinates": [ 72.741471829804922, 21.121642104552627 ] } },
{ "type": "Feature", "properties": { "element": "way", "id": 1145455077, "amenity": null, "shop": null, "name": "KRIBHCO Hazira Power Station" }, "geometry": { "type": "Point", "coordinates": [ 72.705097476689232, 21.166320597540164 ] } },
{ "type": "Feature", "properties": { "element": "way", "id": 1153421257, "amenity": "hospital", "shop": null, "name": null }, "geometry": { "type": "Point", "coordinates": [ 72.803112675355081, 21.199003210858418 ] } },
{ "type": "Feature", "properties": { "element": "way", "id": 1153427327, "amenity": "hospital", "shop": null, "name": null }, "geometry": { "type": "Point", "coordinates": [ 72.829806645029251, 21.172701938825139 ] } },
{ "type": "Feature", "properties": { "element": "way", "id": 1153427484, "amenity": "hospital", "shop": null, "name": null }, "geometry": { "type": "Point", "coordinates": [ 72.814699906154445, 21.177136767482821 ] } },
{ "type": "Feature", "properties": { "element": "way", "id": 1153428477, "amenity": "hospital", "shop": null, "name": null }, "geometry": { "type": "Point", "coordinates": [ 72.802837178277187, 21.1940427036307 ] } },
{ "type": "Feature", "properties": { "element": "way", "id": 1174491418, "amenity": null, "shop": null, "name": "Mohan Park Society" }, "geometry": { "type": "Point", "coordinates": [ 72.799175971290438, 21.156666404787455 ] } },
{ "type": "Feature", "properties": { "element": "way", "id": 1174491600, "amenity": null, "shop": null, "name": "Shahityakarshree manubhai pancholi darshak garden" }, "geometry": { "type": "Point", "coordinates": [ 72.799965024417091, 21.15616896235386 ] } },
{ "type": "Feature", "properties": { "element": "way", "id": 1227523088, "amenity": "college", "shop": null, "name": null }, "geometry": { "type": "Point", "coordinates": [ 72.904017555928164, 21.259711352637169 ] } },
{ "type": "Feature", "properties": { "element": "way", "id": 1232487990, "amenity": null, "shop": null, "name": null }, "geometry": { "type": "Point", "coordinates": [ 72.835150808985929, 21.169118401267806 ] } },
{ "type": "Feature", "properties": { "element": "way", "id": 1232487991, "amenity": null, "shop": null, "name": null }, "geometry": { "type": "Point", "coordinates": [ 72.836767530240252, 21.169070554813349 ] } },
{ "type": "Feature", "properties": { "element": "way", "id": 1259347907, "amenity": null, "shop": null, "name": "Basketball Court - Arena" }, "geometry": { "type": "Point", "coordinates": [ 72.724426443228154, 21.124708344028249 ] } },
{ "type": "Feature", "properties": { "element": "way", "id": 1261842169, "amenity": null, "shop": null, "name": "Kawas solar farm" }, "geometry": { "type": "Point", "coordinates": [ 72.684318953558062, 21.16863121016106 ] } },
{ "type": "Feature", "properties": { "element": "way", "id": 1289720685, "amenity": null, "shop": null, "name": null }, "geometry": { "type": "Point", "coordinates": [ 72.804607450056665, 21.179769950009245 ] } },
{ "type": "Feature", "properties": { "element": "way", "id": 1289720686, "amenity": null, "shop": null, "name": null }, "geometry": { "type": "Point", "coordinates": [ 72.804370750060812, 21.179664900008994 ] } },
{ "type": "Feature", "properties": { "element": "way", "id": 1289720688, "amenity": null, "shop": null, "name": null }, "geometry": { "type": "Point", "coordinates": [ 72.789843900074928, 21.153679999822337 ] } },
{ "type": "Feature", "properties": { "element": "way", "id": 1289720690, "amenity": null, "shop": null, "name": null }, "geometry": { "type": "Point", "coordinates": [ 72.711255070334303, 21.188767220814409 ] } },
{ "type": "Feature", "properties": { "element": "way", "id": 1301056809, "amenity": "hospital", "shop": null, "name": "Aagman Women's & Children Hospital" }, "geometry": { "type": "Point", "coordinates": [ 72.900336949979859, 21.229497350030027 ] } },
{ "type": "Feature", "properties": { "element": "way", "id": 1305257267, "amenity": "place_of_worship", "shop": null, "name": "Masjid e Aarifiya (Maslak e Ahle Sunnat Wal Jama'at)" }, "geometry": { "type": "Point", "coordinates": [ 72.806558419333655, 21.20302688322522 ] } },
{ "type": "Feature", "properties": { "element": "way", "id": 1311268687, "amenity": "fuel", "shop": null, "name": null }, "geometry": { "type": "Point", "coordinates": [ 72.820039600004151, 21.196250649994546 ] } },
{ "type": "Feature", "properties": { "element": "way", "id": 1311474987, "amenity": "place_of_worship", "shop": null, "name": null }, "geometry": { "type": "Point", "coordinates": [ 72.819132599996138, 21.197676250024955 ] } },
{ "type": "Feature", "properties": { "element": "way", "id": 1311474988, "amenity": "fuel", "shop": null, "name": null }, "geometry": { "type": "Point", "coordinates": [ 72.819285499990841, 21.197931799992496 ] } },
{ "type": "Feature", "properties": { "element": "way", "id": 1312207546, "amenity": "university", "shop": null, "name": null }, "geometry": { "type": "Point", "coordinates": [ 72.877304277182972, 21.222764164906671 ] } },
{ "type": "Feature", "properties": { "element": "way", "id": 1312814115, "amenity": "fuel", "shop": null, "name": null }, "geometry": { "type": "Point", "coordinates": [ 72.875906921261034, 21.220772245396656 ] } },
{ "type": "Feature", "properties": { "element": "way", "id": 1313003751, "amenity": "fuel", "shop": null, "name": null }, "geometry": { "type": "Point", "coordinates": [ 72.867461378535566, 21.217326377736519 ] } },
{ "type": "Feature", "properties": { "element": "way", "id": 1313036987, "amenity": "fuel", "shop": null, "name": null }, "geometry": { "type": "Point", "coordinates": [ 72.881471232205826, 21.221868147168859 ] } },
{ "type": "Feature", "properties": { "element": "way", "id": 1313036991, "amenity": "fuel", "shop": null, "name": null }, "geometry": { "type": "Point", "coordinates": [ 72.881914290231592, 21.222173630499977 ] } },
{ "type": "Feature", "properties": { "element": "way", "id": 1314814982, "amenity": null, "shop": null, "name": "Hotel Sifat International" }, "geometry": { "type": "Point", "coordinates": [ 72.838653179499829, 21.205055486645463 ] } },
{ "type": "Feature", "properties": { "element": "way", "id": 1316120589, "amenity": "cafe", "shop": null, "name": "The Waffle House" }, "geometry": { "type": "Point", "coordinates": [ 72.860856900002744, 21.190173599999667 ] } },
{ "type": "Feature", "properties": { "element": "way", "id": 1318338298, "amenity": null, "shop": "car", "name": null }, "geometry": { "type": "Point", "coordinates": [ 72.892783367010495, 21.226729699150489 ] } },
{ "type": "Feature", "properties": { "element": "way", "id": 1319037706, "amenity": null, "shop": null, "name": null }, "geometry": { "type": "Point", "coordinates": [ 72.789675575562427, 21.152331087748745 ] } },
{ "type": "Feature", "properties": { "element": "way", "id": 1319871065, "amenity": "fuel", "shop": null, "name": "Petrol Pump Ring Road" }, "geometry": { "type": "Point", "coordinates": [ 72.834734961049364, 21.184474301307674 ] } },
{ "type": "Feature", "properties": { "element": "way", "id": 1321827351, "amenity": "hospital", "shop": null, "name": null }, "geometry": { "type": "Point", "coordinates": [ 72.892699958987237, 21.175748809267613 ] } },
{ "type": "Feature", "properties": { "element": "way", "id": 1322135566, "amenity": "fuel", "shop": null, "name": null }, "geometry": { "type": "Point", "coordinates": [ 72.88287117030481, 21.188581064802179 ] } },
{ "type": "Feature", "properties": { "element": "way", "id": 1323358615, "amenity": null, "shop": null, "name": "SVNIT Tennis Court" }, "geometry": { "type": "Point", "coordinates": [ 72.786807247123505, 21.160079904321485 ] } },
{ "type": "Feature", "properties": { "element": "way", "id": 1326501914, "amenity": null, "shop": null, "name": null }, "geometry": { "type": "Point", "coordinates": [ 72.788417498041284, 21.216287278739639 ] } },
{ "type": "Feature", "properties": { "element": "way", "id": 1326501930, "amenity": null, "shop": null, "name": null }, "geometry": { "type": "Point", "coordinates": [ 72.788018256541946, 21.218696339896933 ] } },
{ "type": "Feature", "properties": { "element": "way", "id": 1326501945, "amenity": null, "shop": null, "name": null }, "geometry": { "type": "Point", "coordinates": [ 72.787121545760783, 21.214005214130445 ] } },
{ "type": "Feature", "properties": { "element": "way", "id": 1326501961, "amenity": null, "shop": null, "name": null }, "geometry": { "type": "Point", "coordinates": [ 72.790285673362675, 21.214485096843482 ] } },
{ "type": "Feature", "properties": { "element": "way", "id": 1327183893, "amenity": null, "shop": null, "name": null }, "geometry": { "type": "Point", "coordinates": [ 72.785634701457283, 21.211562825840506 ] } },
{ "type": "Feature", "properties": { "element": "way", "id": 1327219594, "amenity": null, "shop": null, "name": null }, "geometry": { "type": "Point", "coordinates": [ 72.788082633015591, 21.205153376164333 ] } },
{ "type": "Feature", "properties": { "element": "way", "id": 1327454530, "amenity": null, "shop": null, "name": null }, "geometry": { "type": "Point", "coordinates": [ 72.792784398732152, 21.203739008323115 ] } },
{ "type": "Feature", "properties": { "element": "way", "id": 1327454536, "amenity": null, "shop": null, "name": null }, "geometry": { "type": "Point", "coordinates": [ 72.792436286698717, 21.202354408559863 ] } },
{ "type": "Feature", "properties": { "element": "way", "id": 1349504949, "amenity": null, "shop": null, "name": "ALLEN Career Institute" }, "geometry": { "type": "Point", "coordinates": [ 72.785914281480984, 21.146126712975153 ] } },
{ "type": "Feature", "properties": { "element": "way", "id": 1349505469, "amenity": null, "shop": null, "name": "The Pavilion Box Cricket" }, "geometry": { "type": "Point", "coordinates": [ 72.783444781756472, 21.144553753136801 ] } },
{ "type": "Feature", "properties": { "element": "way", "id": 1349506199, "amenity": null, "shop": "electronics", "name": "Reliance Digital" }, "geometry": { "type": "Point", "coordinates": [ 72.78311713489542, 21.142061171911873 ] } },
{ "type": "Feature", "properties": { "element": "way", "id": 1349508213, "amenity": "restaurant", "shop": null, "name": "Pavilion Restaurant" }, "geometry": { "type": "Point", "coordinates": [ 72.787405598157648, 21.139734065484692 ] } },
{ "type": "Feature", "properties": { "element": "way", "id": 1349508287, "amenity": null, "shop": null, "name": "C B Patel Tennis Court" }, "geometry": { "type": "Point", "coordinates": [ 72.787440888945937, 21.139335215886025 ] } },
{ "type": "Feature", "properties": { "element": "way", "id": 1349509136, "amenity": null, "shop": "electronics", "name": "VIJAY SALES - VESU" }, "geometry": { "type": "Point", "coordinates": [ 72.777838245678637, 21.141098913465257 ] } },
{ "type": "Feature", "properties": { "element": "way", "id": 1349535455, "amenity": "cinema", "shop": null, "name": "Rajhans Cinemas" }, "geometry": { "type": "Point", "coordinates": [ 72.774689564029742, 21.138648756142249 ] } },
{ "type": "Feature", "properties": { "element": "way", "id": 1349535666, "amenity": null, "shop": null, "name": "P P Savani University- Vesu, Surat NIC Campus" }, "geometry": { "type": "Point", "coordinates": [ 72.773998903879601, 21.138525634336979 ] } },
{ "type": "Feature", "properties": { "element": "way", "id": 1349536519, "amenity": null, "shop": null, "name": "SMC Swimming Pool" }, "geometry": { "type": "Point", "coordinates": [ 72.800924524227966, 21.150952616086357 ] } },
{ "type": "Feature", "properties": { "element": "way", "id": 1349536958, "amenity": null, "shop": null, "name": "CB Patel Sports Complex" }, "geometry": { "type": "Point", "coordinates": [ 72.799086963251398, 21.150996564791651 ] } },
{ "type": "Feature", "properties": { "element": "way", "id": 1368069343, "amenity": null, "shop": null, "name": null }, "geometry": { "type": "Point", "coordinates": [ 72.825032303544504, 21.246448424245028 ] } },
{ "type": "Feature", "properties": { "element": "way", "id": 1368313909, "amenity": null, "shop": null, "name": null }, "geometry": { "type": "Point", "coordinates": [ 72.847738376750272, 21.267737553920664 ] } },
{ "type": "Feature", "properties": { "element": "way", "id": 1376078599, "amenity": null, "shop": null, "name": "Palanpur Lake Garden" }, "geometry": { "type": "Point", "coordinates": [ 72.768959869801535, 21.205697579642163 ] } },
{ "type": "Feature", "properties": { "element": "way", "id": 1376078605, "amenity": "parking", "shop": null, "name": null }, "geometry": { "type": "Point", "coordinates": [ 72.769990254452026, 21.20598934257848 ] } },
{ "type": "Feature", "properties": { "element": "way", "id": 1376078606, "amenity": null, "shop": null, "name": null }, "geometry": { "type": "Point", "coordinates": [ 72.768214109421351, 21.205590306825698 ] } },
{ "type": "Feature", "properties": { "element": "way", "id": 1376078607, "amenity": "toilets", "shop": null, "name": null }, "geometry": { "type": "Point", "coordinates": [ 72.768086352689124, 21.205465986664812 ] } },
{ "type": "Feature", "properties": { "element": "way", "id": 1376164090, "amenity": null, "shop": null, "name": "Bhesan Lake Garden" }, "geometry": { "type": "Point", "coordinates": [ 72.757050774092392, 21.216780803080695 ] } },
{ "type": "Feature", "properties": { "element": "way", "id": 1378307128, "amenity": null, "shop": null, "name": "Cricket playgound" }, "geometry": { "type": "Point", "coordinates": [ 72.796722575235606, 21.197294842423091 ] } },
{ "type": "Feature", "properties": { "element": "way", "id": 1393253999, "amenity": null, "shop": null, "name": "Common Garden - Green Residency" }, "geometry": { "type": "Point", "coordinates": [ 72.790951559635005, 21.199792592099595 ] } },
{ "type": "Feature", "properties": { "element": "way", "id": 1429063570, "amenity": null, "shop": null, "name": null }, "geometry": { "type": "Point", "coordinates": [ 72.79903972301662, 21.129352387860092 ] } },
{ "type": "Feature", "properties": { "element": "way", "id": 1449669407, "amenity": "school", "shop": null, "name": "Lourdes Convent High School" }, "geometry": { "type": "Point", "coordinates": [ 72.802192448776339, 21.177197830924438 ] } },
{ "type": "Feature", "properties": { "element": "way", "id": 1449669408, "amenity": null, "shop": null, "name": null }, "geometry": { "type": "Point", "coordinates": [ 72.801761995794791, 21.177496131078186 ] } },
{ "type": "Feature", "properties": { "element": "way", "id": 1449671334, "amenity": "place_of_worship", "shop": null, "name": "Shree Ambaji Mandir Surat" }, "geometry": { "type": "Point", "coordinates": [ 72.792960232519874, 21.17829769107048 ] } },
{ "type": "Feature", "properties": { "element": "way", "id": 1449671335, "amenity": null, "shop": null, "name": "Marriot Hotel Surat" }, "geometry": { "type": "Point", "coordinates": [ 72.789838508977837, 21.177188868391084 ] } },
{ "type": "Feature", "properties": { "element": "way", "id": 1449674082, "amenity": "police", "shop": null, "name": "Police Parade Ground" }, "geometry": { "type": "Point", "coordinates": [ 72.802702015592928, 21.180068686493893 ] } },
{ "type": "Feature", "properties": { "element": "way", "id": 1449674083, "amenity": "college", "shop": null, "name": "Sir KP Commerce College Ground" }, "geometry": { "type": "Point", "coordinates": [ 72.804856896686587, 21.179812881184031 ] } },
{ "type": "Feature", "properties": { "element": "way", "id": 1449674896, "amenity": "police", "shop": null, "name": "Mahila Police Station" }, "geometry": { "type": "Point", "coordinates": [ 72.803699661641517, 21.179124326877591 ] } },
{ "type": "Feature", "properties": { "element": "way", "id": 1451973167, "amenity": null, "shop": null, "name": "Kharavasa" }, "geometry": { "type": "Point", "coordinates": [ 72.903075261456308, 21.11828924375304 ] } },
{ "type": "Feature", "properties": { "element": "way", "id": 1456844232, "amenity": null, "shop": null, "name": "Siddharaj Jaysinh Solanki Garden" }, "geometry": { "type": "Point", "coordinates": [ 72.803874270018582, 21.147673886021966 ] } },
{ "type": "Feature", "properties": { "element": "way", "id": 1460036068, "amenity": "place_of_worship", "shop": null, "name": "Sai Baba Temple" }, "geometry": { "type": "Point", "coordinates": [ 72.861573980773812, 21.165237269876595 ] } },
{ "type": "Feature", "properties": { "element": "way", "id": 1460037086, "amenity": "school", "shop": null, "name": "Suman High School No 5" }, "geometry": { "type": "Point", "coordinates": [ 72.858272873528691, 21.165709985606625 ] } },
{ "type": "Feature", "properties": { "element": "way", "id": 1465579773, "amenity": null, "shop": null, "name": "Delvada" }, "geometry": { "type": "Point", "coordinates": [ 72.889096700002526, 21.141311450122579 ] } },
{ "type": "Feature", "properties": { "element": "way", "id": 1465579774, "amenity": null, "shop": null, "name": "Niyol" }, "geometry": { "type": "Point", "coordinates": [ 72.927458999931389, 21.154574250134647 ] } },
{ "type": "Feature", "properties": { "element": "way", "id": 1467598953, "amenity": null, "shop": null, "name": null }, "geometry": { "type": "Point", "coordinates": [ 72.851499467906834, 21.255124549210727 ] } },
{ "type": "Feature", "properties": { "element": "way", "id": 1467598954, "amenity": null, "shop": null, "name": null }, "geometry": { "type": "Point", "coordinates": [ 72.81320017955008, 21.217889244864047 ] } },
{ "type": "Feature", "properties": { "element": "way", "id": 1467598955, "amenity": null, "shop": null, "name": null }, "geometry": { "type": "Point", "coordinates": [ 72.80463862070377, 21.252195610028799 ] } },
{ "type": "Feature", "properties": { "element": "way", "id": 1467598956, "amenity": null, "shop": null, "name": null }, "geometry": { "type": "Point", "coordinates": [ 72.802265309416498, 21.209806089733924 ] } },
{ "type": "Feature", "properties": { "element": "way", "id": 1467598957, "amenity": null, "shop": null, "name": null }, "geometry": { "type": "Point", "coordinates": [ 72.780557555142636, 21.198148618252116 ] } },
{ "type": "Feature", "properties": { "element": "way", "id": 1467598958, "amenity": null, "shop": null, "name": null }, "geometry": { "type": "Point", "coordinates": [ 72.774928553583933, 21.201864161171297 ] } },
{ "type": "Feature", "properties": { "element": "way", "id": 1467598959, "amenity": null, "shop": null, "name": null }, "geometry": { "type": "Point", "coordinates": [ 72.844229983038744, 21.215361846137789 ] } },
{ "type": "Feature", "properties": { "element": "way", "id": 1467603761, "amenity": null, "shop": null, "name": null }, "geometry": { "type": "Point", "coordinates": [ 72.712701219577482, 21.128906212926708 ] } },
{ "type": "Feature", "properties": { "element": "way", "id": 1467603762, "amenity": null, "shop": null, "name": null }, "geometry": { "type": "Point", "coordinates": [ 72.76053342804461, 21.139349745127678 ] } },
{ "type": "Feature", "properties": { "element": "way", "id": 1467603763, "amenity": null, "shop": null, "name": null }, "geometry": { "type": "Point", "coordinates": [ 72.733362030786921, 21.221006597454537 ] } },
{ "type": "Feature", "properties": { "element": "way", "id": 1467603764, "amenity": null, "shop": null, "name": null }, "geometry": { "type": "Point", "coordinates": [ 72.898013204246837, 21.235069351689614 ] } },
{ "type": "Feature", "properties": { "element": "way", "id": 1467603765, "amenity": null, "shop": null, "name": null }, "geometry": { "type": "Point", "coordinates": [ 72.899105094453191, 21.235593176240599 ] } },
{ "type": "Feature", "properties": { "element": "way", "id": 1467603766, "amenity": null, "shop": null, "name": null }, "geometry": { "type": "Point", "coordinates": [ 72.890975977686622, 21.250048595719804 ] } },
{ "type": "Feature", "properties": { "element": "way", "id": 1467603767, "amenity": null, "shop": null, "name": "Vastadevdi" }, "geometry": { "type": "Point", "coordinates": [ 72.834197087829196, 21.211718076170445 ] } },
{ "type": "Feature", "properties": { "element": "way", "id": 1467603768, "amenity": null, "shop": null, "name": "Khatodra" }, "geometry": { "type": "Point", "coordinates": [ 72.830593831723178, 21.175908616897594 ] } },
{ "type": "Feature", "properties": { "element": "way", "id": 1467603769, "amenity": null, "shop": null, "name": null }, "geometry": { "type": "Point", "coordinates": [ 72.878640583797704, 21.173336652678426 ] } },
{ "type": "Feature", "properties": { "element": "way", "id": 1467603770, "amenity": null, "shop": null, "name": "Gadodara" }, "geometry": { "type": "Point", "coordinates": [ 72.870070445336566, 21.169705463500545 ] } },
{ "type": "Feature", "properties": { "element": "way", "id": 1467603771, "amenity": null, "shop": null, "name": "Eklera" }, "geometry": { "type": "Point", "coordinates": [ 72.870883705359859, 21.131604371558289 ] } },
{ "type": "Feature", "properties": { "element": "way", "id": 1467603772, "amenity": null, "shop": null, "name": "Udhna" }, "geometry": { "type": "Point", "coordinates": [ 72.845484434199946, 21.173979390894043 ] } },
{ "type": "Feature", "properties": { "element": "way", "id": 1467603773, "amenity": null, "shop": null, "name": "Saroli" }, "geometry": { "type": "Point", "coordinates": [ 72.777888793102605, 21.268223427351646 ] } },
{ "type": "Feature", "properties": { "element": "way", "id": 1467603774, "amenity": null, "shop": null, "name": "Svnit" }, "geometry": { "type": "Point", "coordinates": [ 72.785731017228727, 21.158796961411117 ] } },
{ "type": "Feature", "properties": { "element": "way", "id": 1467603776, "amenity": null, "shop": null, "name": "Tantithaiya" }, "geometry": { "type": "Point", "coordinates": [ 72.97920955921019, 21.153012668271767 ] } },
{ "type": "Feature", "properties": { "element": "way", "id": 1467608888, "amenity": null, "shop": null, "name": "Sachin" }, "geometry": { "type": "Point", "coordinates": [ 72.858533977949691, 21.092483006572269 ] } },
{ "type": "Feature", "properties": { "element": "way", "id": 1467608889, "amenity": null, "shop": null, "name": "Bhatia" }, "geometry": { "type": "Point", "coordinates": [ 72.925203378542349, 21.08786481306397 ] } },
{ "type": "Feature", "properties": { "element": "way", "id": 1467608890, "amenity": null, "shop": null, "name": "Sachin C" }, "geometry": { "type": "Point", "coordinates": [ 72.852871458034116, 21.093195189010277 ] } },
{ "type": "Feature", "properties": { "element": "way", "id": 1468110232, "amenity": null, "shop": null, "name": "Susm" }, "geometry": { "type": "Point", "coordinates": [ 72.905543344807441, 21.08001579783269 ] } },
{ "type": "Feature", "properties": { "element": "way", "id": 1468110233, "amenity": null, "shop": null, "name": null }, "geometry": { "type": "Point", "coordinates": [ 72.890048225405778, 21.078064858612443 ] } },
{ "type": "Feature", "properties": { "element": "way", "id": 1468110234, "amenity": null, "shop": null, "name": "Vanz" }, "geometry": { "type": "Point", "coordinates": [ 72.890784290940331, 21.07837286488051 ] } },
{ "type": "Feature", "properties": { "element": "way", "id": 1468110235, "amenity": null, "shop": null, "name": null }, "geometry": { "type": "Point", "coordinates": [ 72.873569380032365, 21.083789937004603 ] } },
{ "type": "Feature", "properties": { "element": "way", "id": 1468110236, "amenity": null, "shop": null, "name": "Diamond Park" }, "geometry": { "type": "Point", "coordinates": [ 72.872747203655337, 21.08126430185261 ] } },
{ "type": "Feature", "properties": { "element": "way", "id": 1468110238, "amenity": null, "shop": null, "name": "Vadod" }, "geometry": { "type": "Point", "coordinates": [ 72.826677499942036, 21.127578800261201 ] } },
{ "type": "Feature", "properties": { "element": "way", "id": 1468110241, "amenity": null, "shop": null, "name": "Sachin B" }, "geometry": { "type": "Point", "coordinates": [ 72.85342378228782, 21.079776660748298 ] } },
{ "type": "Feature", "properties": { "element": "way", "id": 1468110243, "amenity": null, "shop": null, "name": null }, "geometry": { "type": "Point", "coordinates": [ 72.805419508755165, 21.131257790584964 ] } },
{ "type": "Feature", "properties": { "element": "way", "id": 1468110244, "amenity": null, "shop": null, "name": null }, "geometry": { "type": "Point", "coordinates": [ 72.795920479093184, 21.107731267795977 ] } },
{ "type": "Feature", "properties": { "element": "way", "id": 1468110247, "amenity": null, "shop": null, "name": null }, "geometry": { "type": "Point", "coordinates": [ 72.807188258354088, 21.109540320830195 ] } },
{ "type": "Feature", "properties": { "element": "way", "id": 1468428474, "amenity": null, "shop": null, "name": "Ring Road" }, "geometry": { "type": "Point", "coordinates": [ 72.838379119147305, 21.185666366966277 ] } },
{ "type": "Feature", "properties": { "element": "way", "id": 1468428475, "amenity": null, "shop": null, "name": "Kailash Nagar" }, "geometry": { "type": "Point", "coordinates": [ 72.819486508494506, 21.185355877374871 ] } },
{ "type": "Feature", "properties": { "element": "way", "id": 1468428492, "amenity": null, "shop": null, "name": "Gothasn TSS" }, "geometry": { "type": "Point", "coordinates": [ 72.883557327419723, 21.297141647283215 ] } },
{ "type": "Feature", "properties": { "element": "way", "id": 1468594503, "amenity": null, "shop": null, "name": null }, "geometry": { "type": "Point", "coordinates": [ 72.867102968170414, 21.19654270778328 ] } },
{ "type": "Feature", "properties": { "element": "way", "id": 1469462362, "amenity": "college", "shop": null, "name": "C.K. Pithawala College of Engineering and Technology" }, "geometry": { "type": "Point", "coordinates": [ 72.715491390064145, 21.132859403834569 ] } },
{ "type": "Feature", "properties": { "element": "way", "id": 1469542162, "amenity": "restaurant", "shop": null, "name": "College Canteen" }, "geometry": { "type": "Point", "coordinates": [ 72.717888374727607, 21.133020970409987 ] } },
{ "type": "Feature", "properties": { "element": "way", "id": 1482956434, "amenity": null, "shop": null, "name": null }, "geometry": { "type": "Point", "coordinates": [ 72.790098249459248, 21.106070309799804 ] } },
{ "type": "Feature", "properties": { "element": "way", "id": 1486710890, "amenity": "fuel", "shop": null, "name": null }, "geometry": { "type": "Point", "coordinates": [ 72.77495114726058, 21.221500406294584 ] } },
{ "type": "Feature", "properties": { "element": "way", "id": 1486844830, "amenity": "parking", "shop": null, "name": null }, "geometry": { "type": "Point", "coordinates": [ 72.798948458353152, 21.186534631864639 ] } },
{ "type": "Feature", "properties": { "element": "way", "id": 1486898535, "amenity": "parking", "shop": null, "name": null }, "geometry": { "type": "Point", "coordinates": [ 72.766314373327759, 21.217577272902904 ] } },
{ "type": "Feature", "properties": { "element": "way", "id": 1486898539, "amenity": null, "shop": null, "name": null }, "geometry": { "type": "Point", "coordinates": [ 72.765981917815594, 21.215459515655212 ] } },
{ "type": "Feature", "properties": { "element": "way", "id": 1486905910, "amenity": null, "shop": null, "name": null }, "geometry": { "type": "Point", "coordinates": [ 72.765484123684175, 21.216945973779008 ] } },
{ "type": "Feature", "properties": { "element": "way", "id": 1486905929, "amenity": null, "shop": null, "name": null }, "geometry": { "type": "Point", "coordinates": [ 72.76357562614325, 21.20866579215047 ] } },
{ "type": "Feature", "properties": { "element": "way", "id": 1487001687, "amenity": null, "shop": null, "name": null }, "geometry": { "type": "Point", "coordinates": [ 72.930520990022828, 21.177990132320296 ] } },
{ "type": "Feature", "properties": { "element": "way", "id": 1487160673, "amenity": "parking", "shop": null, "name": null }, "geometry": { "type": "Point", "coordinates": [ 72.913283661539566, 21.160737414762689 ] } },
{ "type": "Feature", "properties": { "element": "way", "id": 1487217325, "amenity": null, "shop": null, "name": null }, "geometry": { "type": "Point", "coordinates": [ 72.908144491949997, 21.177612138578688 ] } },
{ "type": "Feature", "properties": { "element": "way", "id": 1487217326, "amenity": null, "shop": null, "name": null }, "geometry": { "type": "Point", "coordinates": [ 72.907979950002314, 21.177315200005644 ] } },
{ "type": "Feature", "properties": { "element": "way", "id": 1487223990, "amenity": null, "shop": null, "name": null }, "geometry": { "type": "Point", "coordinates": [ 72.912602583383048, 21.186630216956946 ] } },
{ "type": "Feature", "properties": { "element": "way", "id": 1487223991, "amenity": null, "shop": null, "name": null }, "geometry": { "type": "Point", "coordinates": [ 72.912583199998124, 21.186471600000552 ] } },
{ "type": "Feature", "properties": { "element": "way", "id": 1487224020, "amenity": "place_of_worship", "shop": null, "name": "Sakkar Shah Bava" }, "geometry": { "type": "Point", "coordinates": [ 72.913692969362884, 21.18780864692426 ] } },
{ "type": "Feature", "properties": { "element": "way", "id": 1487311668, "amenity": null, "shop": null, "name": null }, "geometry": { "type": "Point", "coordinates": [ 72.793230637320036, 21.119546444142699 ] } },
{ "type": "Feature", "properties": { "element": "way", "id": 1487729820, "amenity": null, "shop": null, "name": null }, "geometry": { "type": "Point", "coordinates": [ 72.87985824897946, 21.290500332078324 ] } },
{ "type": "Feature", "properties": { "element": "way", "id": 1487729821, "amenity": null, "shop": null, "name": null }, "geometry": { "type": "Point", "coordinates": [ 72.879876400000299, 21.290682300002249 ] } },
{ "type": "Feature", "properties": { "element": "way", "id": 1487733840, "amenity": null, "shop": null, "name": null }, "geometry": { "type": "Point", "coordinates": [ 72.882848782333596, 21.288088719635898 ] } },
{ "type": "Feature", "properties": { "element": "way", "id": 1487733843, "amenity": "parking", "shop": null, "name": null }, "geometry": { "type": "Point", "coordinates": [ 72.88232678246672, 21.28821000685522 ] } },
{ "type": "Feature", "properties": { "element": "way", "id": 1487733844, "amenity": null, "shop": null, "name": null }, "geometry": { "type": "Point", "coordinates": [ 72.882961507850212, 21.287664880342856 ] } },
{ "type": "Feature", "properties": { "element": "way", "id": 1487733845, "amenity": null, "shop": null, "name": null }, "geometry": { "type": "Point", "coordinates": [ 72.883067721050168, 21.288230523739792 ] } },
{ "type": "Feature", "properties": { "element": "way", "id": 1487733848, "amenity": null, "shop": null, "name": null }, "geometry": { "type": "Point", "coordinates": [ 72.878905175559169, 21.284791223662236 ] } },
{ "type": "Feature", "properties": { "element": "way", "id": 1487980599, "amenity": "school", "shop": null, "name": "Nagar Primary School No 60" }, "geometry": { "type": "Point", "coordinates": [ 72.836643377768127, 21.197741718860051 ] } },
{ "type": "Feature", "properties": { "element": "way", "id": 1487984586, "amenity": "school", "shop": null, "name": "શ્રી કે. સી. કોઠારી સેકન્ડરી એન્ડ હાઈ સેકન્ડરી સ્કૂલ ( સાધના સ્કૂલ)" }, "geometry": { "type": "Point", "coordinates": [ 72.861825231471613, 21.21310004934525 ] } },
{ "type": "Feature", "properties": { "element": "way", "id": 1488375424, "amenity": "fuel", "shop": null, "name": null }, "geometry": { "type": "Point", "coordinates": [ 72.730109240535029, 21.198013217278856 ] } },
{ "type": "Feature", "properties": { "element": "way", "id": 1488375426, "amenity": "fuel", "shop": null, "name": "Hindustan Petroleum" }, "geometry": { "type": "Point", "coordinates": [ 72.730323852520428, 21.197839241583193 ] } },
{ "type": "Feature", "properties": { "element": "way", "id": 1499319632, "amenity": null, "shop": null, "name": null }, "geometry": { "type": "Point", "coordinates": [ 72.688966120260289, 21.165569970591502 ] } },
{ "type": "Feature", "properties": { "element": "way", "id": 1499738586, "amenity": null, "shop": null, "name": null }, "geometry": { "type": "Point", "coordinates": [ 72.688625268182363, 21.172564898410929 ] } },
{ "type": "Feature", "properties": { "element": "way", "id": 1544821519, "amenity": null, "shop": null, "name": "Greenlife Garden" }, "geometry": { "type": "Point", "coordinates": [ 72.7977028354194, 21.143637193120597 ] } },
{ "type": "Feature", "properties": { "element": "way", "id": 1547199700, "amenity": null, "shop": null, "name": "Hilton Garden Inn Surat City Centre" }, "geometry": { "type": "Point", "coordinates": [ 72.838695566249683, 21.204253212144835 ] } },
{ "type": "Feature", "properties": { "element": "way", "id": 1548597582, "amenity": "motorcycle_parking", "shop": null, "name": null }, "geometry": { "type": "Point", "coordinates": [ 72.840169186004431, 21.206305622999334 ] } },
{ "type": "Feature", "properties": { "element": "way", "id": 1548597583, "amenity": "motorcycle_parking", "shop": null, "name": null }, "geometry": { "type": "Point", "coordinates": [ 72.840317987698171, 21.205807195868058 ] } },
{ "type": "Feature", "properties": { "element": "way", "id": 1548788404, "amenity": "bus_station", "shop": null, "name": "Surat City Bus Station (Sitilink)" }, "geometry": { "type": "Point", "coordinates": [ 72.839115552660502, 21.203718338238527 ] } },
{ "type": "Feature", "properties": { "element": "way", "id": 1549071070, "amenity": "fuel", "shop": null, "name": "Hindustan Petroleum" }, "geometry": { "type": "Point", "coordinates": [ 72.839380288242552, 21.204783569748269 ] } },
{ "type": "Feature", "properties": { "element": "way", "id": 1549272861, "amenity": null, "shop": null, "name": null }, "geometry": { "type": "Point", "coordinates": [ 72.740041271262953, 21.117619734446059 ] } },
{ "type": "Feature", "properties": { "element": "way", "id": 1549272864, "amenity": "parking", "shop": null, "name": null }, "geometry": { "type": "Point", "coordinates": [ 72.739554103345313, 21.117947153716106 ] } },
{ "type": "Feature", "properties": { "element": "way", "id": 1550206291, "amenity": "cafe", "shop": null, "name": "Geetha Cafe" }, "geometry": { "type": "Point", "coordinates": [ 72.741253267608684, 21.120788120636874 ] } },
{ "type": "Feature", "properties": { "element": "way", "id": 1550735995, "amenity": "parking", "shop": null, "name": null }, "geometry": { "type": "Point", "coordinates": [ 72.740204138566071, 21.120509013377358 ] } },
{ "type": "Feature", "properties": { "element": "way", "id": 1552226445, "amenity": "school", "shop": null, "name": "SD Jain Sports Ground" }, "geometry": { "type": "Point", "coordinates": [ 72.772311163851157, 21.152065524995812 ] } },
{ "type": "Feature", "properties": { "element": "way", "id": 1552229634, "amenity": "restaurant", "shop": null, "name": "Geetha Restaurant" }, "geometry": { "type": "Point", "coordinates": [ 72.774008175284067, 21.151937703548004 ] } },
{ "type": "Feature", "properties": { "element": "way", "id": 1552229635, "amenity": null, "shop": "mall", "name": "Homeland City" }, "geometry": { "type": "Point", "coordinates": [ 72.775502581011551, 21.153045125419844 ] } }
]
}
