{
"type": "FeatureCollection",
"name": "waterways",
"crs": { "type": "name", "properties": { "name": "urn:ogc:def:crs:OGC:1.3:CRS84" } },
"features": [
{ "type": "Feature", "properties": { "element": "relation", "id": 8443944, "waterway": null }, "geometry": { "type": "Polygon", "coordinates": [ [ [ 72.6369452, 21.2186909 ], [ 72.6389408, 21.2210712 ], [ 72.6392198, 21.2202611 ], [ 72.6394665, 21.2192809 ], [ 72.6398098, 21.2186908 ], [ 72.6410944, 21.2171664 ], [ 72.6418161, 21.2166805 ], [ 72.6425671, 21.2164305 ], [ 72.6436186, 21.2163605 ], [ 72.6451421, 21.2166205 ], [ 72.6465046, 21.2170206 ], [ 72.6471484, 21.2172406 ], [ 72.6489723, 21.2181808 ], [ 72.6499002, 21.2188173 ], [ 72.651, 21.219971 ], [ 72.6505709, 21.2207111 ], [ 72.6504421, 21.2215512 ], [ 72.6508713, 21.2224513 ], [ 72.6510858, 21.2233915 ], [ 72.6509571, 21.2246916 ], [ 72.651167, 21.2262879 ], [ 72.6513592, 21.2271211 ], [ 72.6521695, 21.2281119 ], [ 72.6526986, 21.2284676 ], [ 72.6534462, 21.228732 ], [ 72.6556188, 21.229502 ], [ 72.6566917, 21.2298271 ], [ 72.6576251, 21.2298221 ], [ 72.658702, 21.2296287 ], [ 72.6594071, 21.2294099 ], [ 72.6617342, 21.228797 ], [ 72.663244, 21.2281339 ], [ 72.6643414, 21.2273209 ], [ 72.6650494, 21.2267368 ], [ 72.6659024, 21.2261717 ], [ 72.6667553, 21.2259567 ], [ 72.6672918, 21.2255117 ], [ 72.6679968, 21.225081 ], [ 72.6689354, 21.2246365 ], [ 72.6698828, 21.2242115 ], [ 72.6708054, 21.2240315 ], [ 72.6715404, 21.2239115 ], [ 72.6720983, 21.2237315 ], [ 72.6727678, 21.223389 ], [ 72.6737559, 21.2226164 ], [ 72.6744533, 21.2219713 ], [ 72.6748663, 21.2214912 ], [ 72.6751292, 21.2211612 ], [ 72.675392, 21.2208111 ], [ 72.6756388, 21.2202911 ], [ 72.6756066, 21.2185397 ], [ 72.6756281, 21.2181457 ], [ 72.6757322, 21.2178336 ], [ 72.67599, 21.2175579 ], [ 72.6765507, 21.2174606 ], [ 72.6770228, 21.2175857 ], [ 72.6775163, 21.2177707 ], [ 72.6790237, 21.2187908 ], [ 72.6795924, 21.2191409 ], [ 72.6803327, 21.219881 ], [ 72.680794, 21.2208161 ], [ 72.6811963, 21.2211912 ], [ 72.6817113, 21.2212662 ], [ 72.6819742, 21.2211712 ], [ 72.6821755, 21.2210278 ], [ 72.6826179, 21.220166 ], [ 72.6832831, 21.2194009 ], [ 72.6836801, 21.2190709 ], [ 72.6840341, 21.2189209 ], [ 72.6844686, 21.2189359 ], [ 72.6850587, 21.2190209 ], [ 72.6857346, 21.2189909 ], [ 72.6861584, 21.2187308 ], [ 72.6863784, 21.2183208 ], [ 72.6862925, 21.2178557 ], [ 72.685757, 21.2170424 ], [ 72.6851124, 21.2163505 ], [ 72.6848549, 21.2160354 ], [ 72.6846617, 21.2157754 ], [ 72.6844472, 21.2154853 ], [ 72.6833904, 21.2143551 ], [ 72.6829398, 21.2142201 ], [ 72.6820761, 21.2143651 ], [ 72.6817421, 21.2142218 ], [ 72.681486, 21.21379 ], [ 72.6813143, 21.2129699 ], [ 72.681368, 21.2124948 ], [ 72.6825857, 21.2113596 ], [ 72.6830256, 21.2109395 ], [ 72.6835889, 21.2107044 ], [ 72.6847583, 21.2106744 ], [ 72.6849917, 21.2105794 ], [ 72.6851767, 21.2104094 ], [ 72.6852733, 21.2102918 ], [ 72.6853028, 21.2101418 ], [ 72.6853028, 21.2099443 ], [ 72.6852546, 21.2098592 ], [ 72.6851204, 21.2097017 ], [ 72.684989, 21.2095992 ], [ 72.6850051, 21.2097417 ], [ 72.6850194, 21.2099294 ], [ 72.6849989, 21.2100721 ], [ 72.6849461, 21.2102768 ], [ 72.6847234, 21.2104094 ], [ 72.6843828, 21.2103944 ], [ 72.6837766, 21.2104144 ], [ 72.6831061, 21.2106669 ], [ 72.6826769, 21.2109345 ], [ 72.6823041, 21.2113296 ], [ 72.6818454, 21.2117021 ], [ 72.6813304, 21.2121272 ], [ 72.6810139, 21.2126098 ], [ 72.6810944, 21.2135225 ], [ 72.6813707, 21.2141351 ], [ 72.6815557, 21.2144276 ], [ 72.681773, 21.2145302 ], [ 72.6820761, 21.2146752 ], [ 72.6828244, 21.2145702 ], [ 72.6830551, 21.2145852 ], [ 72.6832589, 21.2146877 ], [ 72.6844981, 21.2162554 ], [ 72.6844981, 21.216418 ], [ 72.6847208, 21.2166455 ], [ 72.6851526, 21.2170281 ], [ 72.6857802, 21.2177982 ], [ 72.6859143, 21.2183283 ], [ 72.6858017, 21.2185783 ], [ 72.6853994, 21.2186658 ], [ 72.6845732, 21.2184233 ], [ 72.6839054, 21.2185008 ], [ 72.6832482, 21.2188634 ], [ 72.6825508, 21.219581 ], [ 72.6819688, 21.2203811 ], [ 72.6815531, 21.2206111 ], [ 72.6813868, 21.2206561 ], [ 72.6812902, 21.2205936 ], [ 72.6812017, 21.2205611 ], [ 72.6807699, 21.219746 ], [ 72.6803246, 21.2191709 ], [ 72.6790667, 21.2181933 ], [ 72.6779643, 21.2174781 ], [ 72.6770174, 21.2170206 ], [ 72.6767278, 21.2169681 ], [ 72.6763335, 21.2170506 ], [ 72.676076, 21.2170481 ], [ 72.6759199, 21.2170715 ], [ 72.6755717, 21.2172731 ], [ 72.6753116, 21.2175857 ], [ 72.6751733, 21.2182052 ], [ 72.6750755, 21.2181883 ], [ 72.6750863, 21.2188033 ], [ 72.6750858, 21.2193093 ], [ 72.6751184, 21.220111 ], [ 72.6749441, 21.2206205 ], [ 72.6747386, 21.220873 ], [ 72.6744613, 21.2212862 ], [ 72.673986, 21.2217756 ], [ 72.6734802, 21.222208 ], [ 72.6726991, 21.2228214 ], [ 72.6716611, 21.2233264 ], [ 72.6707572, 21.2235515 ], [ 72.6703387, 21.2235465 ], [ 72.6696071, 21.2237505 ], [ 72.6692015, 21.2238965 ], [ 72.6691335, 21.2238479 ], [ 72.6691908, 21.223584 ], [ 72.6694301, 21.2232604 ], [ 72.6698184, 21.2228039 ], [ 72.6704252, 21.2214129 ], [ 72.6705962, 21.2207536 ], [ 72.6708491, 21.2200783 ], [ 72.6709905, 21.2198235 ], [ 72.6713794, 21.2194334 ], [ 72.6720741, 21.2184383 ], [ 72.6732114, 21.2177582 ], [ 72.6733365, 21.217581 ], [ 72.6734572, 21.2171288 ], [ 72.673611, 21.216663 ], [ 72.6737747, 21.2164955 ], [ 72.6737961, 21.216618 ], [ 72.6739758, 21.216523 ], [ 72.6740369, 21.2164101 ], [ 72.6743069, 21.2162977 ], [ 72.6745363, 21.2160829 ], [ 72.674578, 21.2159604 ], [ 72.674578, 21.2158591 ], [ 72.6745673, 21.2157579 ], [ 72.6744962, 21.2158979 ], [ 72.6744032, 21.2160159 ], [ 72.6742789, 21.2161179 ], [ 72.6741287, 21.2162354 ], [ 72.6737747, 21.216333 ], [ 72.6734784, 21.2165494 ], [ 72.6731361, 21.2173985 ], [ 72.6728681, 21.2178107 ], [ 72.6725543, 21.2179907 ], [ 72.6723643, 21.2180594 ], [ 72.6719105, 21.2183258 ], [ 72.6714733, 21.2190334 ], [ 72.6707572, 21.2198485 ], [ 72.6704004, 21.2206411 ], [ 72.6701988, 21.2215043 ], [ 72.6697353, 21.2224304 ], [ 72.6695475, 21.2227475 ], [ 72.6693088, 21.2230789 ], [ 72.668783, 21.2238728 ], [ 72.6686167, 21.224098 ], [ 72.6677531, 21.2244591 ], [ 72.6669753, 21.2247641 ], [ 72.6665622, 21.2249391 ], [ 72.6662537, 21.2250541 ], [ 72.6660338, 21.2251941 ], [ 72.6657066, 21.2254317 ], [ 72.6654679, 21.2256742 ], [ 72.6652278, 21.2257452 ], [ 72.6645318, 21.2262568 ], [ 72.6637882, 21.226786 ], [ 72.6631719, 21.2273269 ], [ 72.6626542, 21.2276769 ], [ 72.66112, 21.2282369 ], [ 72.6597344, 21.2285629 ], [ 72.6587999, 21.228837 ], [ 72.6579684, 21.2289995 ], [ 72.6572077, 21.2290659 ], [ 72.6569974, 21.228852 ], [ 72.6563913, 21.228742 ], [ 72.6560911, 21.2288419 ], [ 72.6548007, 21.2283144 ], [ 72.6535481, 21.2275819 ], [ 72.6528829, 21.2267868 ], [ 72.652612, 21.2261317 ], [ 72.6525718, 21.2239603 ], [ 72.6527944, 21.2228089 ], [ 72.6529607, 21.2212912 ], [ 72.6527998, 21.2205611 ], [ 72.6524243, 21.219771 ], [ 72.6517189, 21.2189234 ], [ 72.6506728, 21.2180232 ], [ 72.6503134, 21.2177182 ], [ 72.6496677, 21.2171736 ], [ 72.6488925, 21.2167499 ], [ 72.6476555, 21.2162194 ], [ 72.6445842, 21.2153203 ], [ 72.6428595, 21.2152028 ], [ 72.6413145, 21.2152553 ], [ 72.6412528, 21.2152028 ], [ 72.6420683, 21.2146577 ], [ 72.6436454, 21.2141476 ], [ 72.6459682, 21.2134074 ], [ 72.646451, 21.2133324 ], [ 72.6469982, 21.2133349 ], [ 72.6475695, 21.2135125 ], [ 72.6485941, 21.2139476 ], [ 72.6487765, 21.2139225 ], [ 72.6489454, 21.2138975 ], [ 72.6493583, 21.2135657 ], [ 72.6495436, 21.2130574 ], [ 72.6495865, 21.2127223 ], [ 72.649624, 21.2124373 ], [ 72.6498401, 21.211549 ], [ 72.649844, 21.2111345 ], [ 72.6498869, 21.2107119 ], [ 72.649793, 21.2103218 ], [ 72.6498252, 21.2100718 ], [ 72.6500076, 21.2097467 ], [ 72.6503803, 21.209366 ], [ 72.6506084, 21.2092141 ], [ 72.6508391, 21.2091816 ], [ 72.6509947, 21.2090316 ], [ 72.6510188, 21.2088065 ], [ 72.6510698, 21.2084765 ], [ 72.6512441, 21.2081464 ], [ 72.651684, 21.2074862 ], [ 72.6519227, 21.2071287 ], [ 72.6521587, 21.2065835 ], [ 72.6523519, 21.2056258 ], [ 72.6522982, 21.2039429 ], [ 72.6521721, 21.2034303 ], [ 72.6521105, 21.2032677 ], [ 72.651979, 21.2031752 ], [ 72.651692, 21.2031152 ], [ 72.6516223, 21.2030502 ], [ 72.6515901, 21.2029402 ], [ 72.6516337, 21.2027795 ], [ 72.6517135, 21.2026326 ], [ 72.6519683, 21.20242 ], [ 72.6520407, 21.2023225 ], [ 72.6520742, 21.2021937 ], [ 72.6520608, 21.2020499 ], [ 72.6520142, 21.2018994 ], [ 72.6519468, 21.2018211 ], [ 72.6517913, 21.2017598 ], [ 72.6517135, 21.2017148 ], [ 72.6516384, 21.2016661 ], [ 72.6516826, 21.2017523 ], [ 72.6517473, 21.2018278 ], [ 72.6519227, 21.2019249 ], [ 72.6519683, 21.2020724 ], [ 72.6519871, 21.2022375 ], [ 72.6518664, 21.202405 ], [ 72.6517054, 21.20253 ], [ 72.6515847, 21.2026826 ], [ 72.6514989, 21.2029902 ], [ 72.6515177, 21.2030927 ], [ 72.6515767, 21.2031702 ], [ 72.6517886, 21.2032177 ], [ 72.6519603, 21.2032702 ], [ 72.6520944, 21.2034228 ], [ 72.6522151, 21.2039154 ], [ 72.6522285, 21.204388 ], [ 72.6522261, 21.2053954 ], [ 72.6522097, 21.2057408 ], [ 72.6521453, 21.2060884 ], [ 72.6519951, 21.2066611 ], [ 72.6517514, 21.2071601 ], [ 72.6511502, 21.2080489 ], [ 72.6508471, 21.2085515 ], [ 72.6505825, 21.2088634 ], [ 72.6501015, 21.2093366 ], [ 72.6497741, 21.2095613 ], [ 72.6495624, 21.2101443 ], [ 72.6495624, 21.2105394 ], [ 72.6496187, 21.2105544 ], [ 72.649675, 21.2107165 ], [ 72.6495999, 21.2107644 ], [ 72.6496133, 21.2108445 ], [ 72.6496777, 21.210922 ], [ 72.6496267, 21.211047 ], [ 72.6496785, 21.2113904 ], [ 72.6494229, 21.2122447 ], [ 72.6492394, 21.2131884 ], [ 72.6490876, 21.2135 ], [ 72.6489079, 21.21365 ], [ 72.6487201, 21.2136875 ], [ 72.6483848, 21.2135847 ], [ 72.6476794, 21.2132249 ], [ 72.6472717, 21.2130224 ], [ 72.6469418, 21.2129999 ], [ 72.6464483, 21.2130574 ], [ 72.6460326, 21.2130199 ], [ 72.6453379, 21.2131799 ], [ 72.6439539, 21.2137575 ], [ 72.6433557, 21.2139901 ], [ 72.6425618, 21.2141376 ], [ 72.6418398, 21.2143823 ], [ 72.641049, 21.2148777 ], [ 72.6407728, 21.2152578 ], [ 72.6403292, 21.2155515 ], [ 72.6397905, 21.2158459 ], [ 72.6394665, 21.2160379 ], [ 72.6391366, 21.2162454 ], [ 72.6387216, 21.2166837 ], [ 72.637504, 21.2180624 ], [ 72.6369452, 21.2186909 ] ] ] } },
{ "type": "Feature", "properties": { "element": "relation", "id": 8445799, "waterway": null }, "geometry": { "type": "Polygon", "coordinates": [ [ [ 72.6574829, 21.075165 ], [ 72.6575285, 21.0784686 ], [ 72.6575178, 21.0819724 ], [ 72.6575178, 21.086785 ], [ 72.6575553, 21.0878236 ], [ 72.6575607, 21.090171 ], [ 72.6575231, 21.0916975 ], [ 72.6574856, 21.0932691 ], [ 72.6574776, 21.0949107 ], [ 72.6574534, 21.0979036 ], [ 72.6575071, 21.0982564 ], [ 72.6581401, 21.1006963 ], [ 72.659512, 21.1058573 ], [ 72.6593683, 21.1058958 ], [ 72.659044, 21.1059536 ], [ 72.6590078, 21.1060037 ], [ 72.659001, 21.1060738 ], [ 72.6592089, 21.1069646 ], [ 72.6594678, 21.1079542 ], [ 72.6597065, 21.1086311 ], [ 72.6598754, 21.1093692 ], [ 72.6598942, 21.109702 ], [ 72.659803, 21.1104777 ], [ 72.6596453, 21.1114695 ], [ 72.6596528, 21.1132126 ], [ 72.6596233, 21.1142685 ], [ 72.6596139, 21.1148064 ], [ 72.6595697, 21.115148 ], [ 72.659516, 21.1151755 ], [ 72.6594517, 21.1151392 ], [ 72.6593578, 21.1151392 ], [ 72.6593484, 21.115213 ], [ 72.6592009, 21.1155283 ], [ 72.6590762, 21.115751 ], [ 72.658934, 21.1158348 ], [ 72.6586698, 21.11608 ], [ 72.658242, 21.1164854 ], [ 72.657963, 21.1167556 ], [ 72.6579604, 21.1168607 ], [ 72.6580811, 21.1170433 ], [ 72.6582608, 21.1171134 ], [ 72.6583088, 21.117168 ], [ 72.6583573, 21.1173236 ], [ 72.6583249, 21.1174032 ], [ 72.6582205, 21.1174587 ], [ 72.6580998, 21.1174837 ], [ 72.6579899, 21.1174537 ], [ 72.6576975, 21.1175112 ], [ 72.6575988, 21.1176731 ], [ 72.6576354, 21.1178933 ], [ 72.6577485, 21.1179816 ], [ 72.6578718, 21.1180216 ], [ 72.6579979, 21.1180241 ], [ 72.6580623, 21.1180567 ], [ 72.6581213, 21.1181592 ], [ 72.6589984, 21.1222351 ], [ 72.6597883, 21.1260531 ], [ 72.6601142, 21.127209 ], [ 72.6602697, 21.1279796 ], [ 72.6602912, 21.1281597 ], [ 72.6602054, 21.1283148 ], [ 72.6599599, 21.1284999 ], [ 72.6598969, 21.1285074 ], [ 72.6598057, 21.1285012 ], [ 72.6597454, 21.1285037 ], [ 72.6595294, 21.1286375 ], [ 72.6589407, 21.1291867 ], [ 72.6586738, 21.1293406 ], [ 72.6582742, 21.1295632 ], [ 72.6581897, 21.129567 ], [ 72.6581146, 21.1295933 ], [ 72.6579778, 21.1296633 ], [ 72.6579362, 21.1297947 ], [ 72.6577726, 21.1298935 ], [ 72.6577015, 21.129891 ], [ 72.6576801, 21.129926 ], [ 72.6576935, 21.1300136 ], [ 72.6577605, 21.1300699 ], [ 72.6578571, 21.1300686 ], [ 72.6579, 21.1300849 ], [ 72.6579469, 21.1301875 ], [ 72.6579013, 21.1303126 ], [ 72.6578397, 21.1303601 ], [ 72.6578289, 21.1304839 ], [ 72.6578557, 21.1306616 ], [ 72.6579322, 21.1309193 ], [ 72.6579738, 21.131197 ], [ 72.6580247, 21.1312045 ], [ 72.6581401, 21.1311995 ], [ 72.6583064, 21.1311657 ], [ 72.6583587, 21.1311682 ], [ 72.6584083, 21.131207 ], [ 72.6584204, 21.1312558 ], [ 72.6583694, 21.1313045 ], [ 72.6582715, 21.1313446 ], [ 72.6582111, 21.1313471 ], [ 72.6581669, 21.1313421 ], [ 72.6581052, 21.1313646 ], [ 72.6580998, 21.1314534 ], [ 72.6581293, 21.1315134 ], [ 72.6582621, 21.1315047 ], [ 72.658297, 21.1315335 ], [ 72.6583077, 21.1316448 ], [ 72.6582983, 21.1316836 ], [ 72.6582594, 21.1317086 ], [ 72.6581052, 21.1317386 ], [ 72.6581508, 21.1320576 ], [ 72.6584291, 21.1333473 ], [ 72.6587677, 21.133276 ], [ 72.6588079, 21.1332885 ], [ 72.65882, 21.133336 ], [ 72.6588321, 21.1334499 ], [ 72.658816, 21.1334686 ], [ 72.6584928, 21.1335262 ], [ 72.6584338, 21.1335612 ], [ 72.6584016, 21.1336275 ], [ 72.6583882, 21.1337013 ], [ 72.6584257, 21.1337563 ], [ 72.6584713, 21.1337738 ], [ 72.6586792, 21.1337638 ], [ 72.6587127, 21.1339452 ], [ 72.6587382, 21.1341103 ], [ 72.6589011, 21.1341329 ], [ 72.6589213, 21.1341404 ], [ 72.658938, 21.1341597 ], [ 72.6589461, 21.1342842 ], [ 72.6589353, 21.1343092 ], [ 72.6587677, 21.1343505 ], [ 72.6587395, 21.1343905 ], [ 72.6587516, 21.1344931 ], [ 72.6588321, 21.1351086 ], [ 72.6589166, 21.1351273 ], [ 72.6589729, 21.1351536 ], [ 72.6589769, 21.1352061 ], [ 72.6589487, 21.1352649 ], [ 72.6589139, 21.1352999 ], [ 72.6588616, 21.1353087 ], [ 72.6588361, 21.13534 ], [ 72.6588616, 21.1355126 ], [ 72.6591063, 21.1365615 ], [ 72.6592518, 21.1365858 ], [ 72.6593055, 21.1366046 ], [ 72.6593551, 21.1366396 ], [ 72.6593859, 21.1366809 ], [ 72.6593672, 21.1367497 ], [ 72.6592784, 21.1368226 ], [ 72.6591754, 21.1368285 ], [ 72.6591526, 21.1368698 ], [ 72.6591513, 21.1369248 ], [ 72.6592371, 21.1374277 ], [ 72.6592559, 21.137464 ], [ 72.6593041, 21.1374765 ], [ 72.6593913, 21.1374465 ], [ 72.6594248, 21.1374727 ], [ 72.659453, 21.1375253 ], [ 72.659457, 21.1375878 ], [ 72.6594114, 21.1376178 ], [ 72.6593605, 21.1376203 ], [ 72.6593243, 21.1376428 ], [ 72.6593001, 21.1377179 ], [ 72.6593283, 21.1382345 ], [ 72.6595107, 21.1389375 ], [ 72.6596475, 21.1397005 ], [ 72.6597467, 21.1401158 ], [ 72.6598138, 21.140476 ], [ 72.6598754, 21.1407612 ], [ 72.6600283, 21.1414167 ], [ 72.6602161, 21.1422272 ], [ 72.660943, 21.145418 ], [ 72.6611213, 21.1459797 ], [ 72.661179, 21.1460147 ], [ 72.6612219, 21.146071 ], [ 72.6612474, 21.1462361 ], [ 72.6612407, 21.1462711 ], [ 72.6612031, 21.1463511 ], [ 72.6611897, 21.1464525 ], [ 72.6612031, 21.1466051 ], [ 72.6613346, 21.1472029 ], [ 72.6614633, 21.1478108 ], [ 72.6616055, 21.1481861 ], [ 72.6617986, 21.1484137 ], [ 72.662048, 21.1487214 ], [ 72.6621768, 21.1489315 ], [ 72.6623297, 21.1491767 ], [ 72.6627261, 21.1498383 ], [ 72.6627697, 21.149901 ], [ 72.6632041, 21.15045 ], [ 72.6634186, 21.1507501 ], [ 72.663475, 21.1507952 ], [ 72.6637942, 21.1508252 ], [ 72.6638583, 21.1508257 ], [ 72.6642515, 21.1520659 ], [ 72.6640986, 21.1520934 ], [ 72.6640651, 21.152131 ], [ 72.6640597, 21.152191 ], [ 72.6643708, 21.1535293 ], [ 72.6644178, 21.1535668 ], [ 72.6645237, 21.1535743 ], [ 72.6650521, 21.153453 ], [ 72.6651245, 21.1534618 ], [ 72.6652104, 21.1535055 ], [ 72.6652962, 21.1535806 ], [ 72.6655054, 21.1538157 ], [ 72.6656301, 21.1539821 ], [ 72.6661022, 21.1543948 ], [ 72.6662806, 21.1546037 ], [ 72.6663798, 21.15469 ], [ 72.6664495, 21.1547087 ], [ 72.6665086, 21.1547087 ], [ 72.6665582, 21.1546562 ], [ 72.6665944, 21.1546299 ], [ 72.6666413, 21.1546262 ], [ 72.6671255, 21.1549476 ], [ 72.6680428, 21.155578 ], [ 72.6680803, 21.1556005 ], [ 72.6680857, 21.155638 ], [ 72.6680428, 21.1557093 ], [ 72.6680575, 21.1557731 ], [ 72.6681527, 21.1558531 ], [ 72.668476, 21.155992 ], [ 72.6684894, 21.1560458 ], [ 72.6684666, 21.1561083 ], [ 72.6681072, 21.1566011 ], [ 72.6680917, 21.156628 ], [ 72.6680971, 21.1566467 ], [ 72.6681434, 21.156678 ], [ 72.668146, 21.1566961 ], [ 72.66813, 21.1567349 ], [ 72.6679945, 21.1569169 ], [ 72.6679871, 21.1569388 ], [ 72.6679958, 21.1569682 ], [ 72.668089, 21.1570226 ], [ 72.6681098, 21.1570326 ], [ 72.6681346, 21.1570276 ], [ 72.6682768, 21.1568375 ], [ 72.6682949, 21.1568262 ], [ 72.6683212, 21.1568286 ], [ 72.6683586, 21.1568318 ], [ 72.6683982, 21.1568099 ], [ 72.6689319, 21.1560783 ], [ 72.6689681, 21.1560345 ], [ 72.6690137, 21.156032 ], [ 72.670159, 21.1566211 ], [ 72.6702087, 21.1566549 ], [ 72.6702462, 21.1567474 ], [ 72.6702811, 21.1568537 ], [ 72.6703401, 21.1569062 ], [ 72.6704983, 21.156975 ], [ 72.6705292, 21.156995 ], [ 72.670552, 21.1570401 ], [ 72.6706888, 21.1576329 ], [ 72.6707129, 21.1576742 ], [ 72.6707639, 21.1576842 ], [ 72.6710574, 21.1576086 ], [ 72.6711059, 21.1576116 ], [ 72.6712064, 21.1576742 ], [ 72.6712668, 21.1576892 ], [ 72.6713808, 21.1576654 ], [ 72.6714894, 21.1576792 ], [ 72.6720124, 21.1578968 ], [ 72.6724657, 21.1580794 ], [ 72.6728198, 21.158157 ], [ 72.6729526, 21.1582207 ], [ 72.672978, 21.158262 ], [ 72.6729821, 21.158322 ], [ 72.6730049, 21.1583808 ], [ 72.6731403, 21.1584534 ], [ 72.6732101, 21.1584571 ], [ 72.6732932, 21.1584233 ], [ 72.6733951, 21.1583733 ], [ 72.6734373, 21.158361 ], [ 72.6734862, 21.1583468 ], [ 72.6735453, 21.1583295 ], [ 72.6737193, 21.1582887 ], [ 72.6737559, 21.1582801 ], [ 72.6738136, 21.1582708 ], [ 72.6738618, 21.1582983 ], [ 72.6739302, 21.1584171 ], [ 72.6741475, 21.1585372 ], [ 72.674287, 21.1585722 ], [ 72.6746504, 21.1586372 ], [ 72.6748376, 21.1586707 ], [ 72.6749276, 21.1586869 ], [ 72.6750138, 21.1587023 ], [ 72.6754789, 21.1587053 ], [ 72.6759312, 21.1587135 ], [ 72.6761511, 21.1587148 ], [ 72.6762745, 21.158781 ], [ 72.676422, 21.1587798 ], [ 72.6765588, 21.158701 ], [ 72.6766149, 21.1586931 ], [ 72.6767282, 21.1586772 ], [ 72.6772428, 21.1586047 ], [ 72.6781842, 21.1584796 ], [ 72.6792906, 21.1583496 ], [ 72.6796326, 21.1583521 ], [ 72.6801141, 21.1583946 ], [ 72.6811346, 21.1584859 ], [ 72.6812164, 21.1585309 ], [ 72.6813546, 21.1588298 ], [ 72.6814109, 21.1588849 ], [ 72.6814619, 21.1589086 ], [ 72.6814954, 21.1589461 ], [ 72.6815055, 21.1590362 ], [ 72.6815249, 21.1590762 ], [ 72.6815799, 21.15909 ], [ 72.6817222, 21.1590692 ], [ 72.6817784, 21.1590474 ], [ 72.6818203, 21.1589998 ], [ 72.6818159, 21.1589124 ], [ 72.681773, 21.1586547 ], [ 72.6817569, 21.1585297 ], [ 72.6817368, 21.1584803 ], [ 72.6817399, 21.1584138 ], [ 72.6817636, 21.158394 ], [ 72.6818072, 21.1583558 ], [ 72.6819259, 21.158282 ], [ 72.6831463, 21.1581494 ], [ 72.6860243, 21.1578193 ], [ 72.6884624, 21.1575466 ], [ 72.6903239, 21.1575566 ], [ 72.6905706, 21.1574991 ], [ 72.6917213, 21.1569388 ], [ 72.6928747, 21.1563334 ], [ 72.6947415, 21.1551177 ], [ 72.6953678, 21.1546575 ], [ 72.6964447, 21.1537744 ], [ 72.696839, 21.1534568 ], [ 72.697354, 21.1530915 ], [ 72.6977885, 21.1527663 ], [ 72.6984081, 21.1523286 ], [ 72.6986521, 21.1521435 ], [ 72.6987138, 21.1521735 ], [ 72.6987366, 21.1520834 ], [ 72.6987661, 21.1520247 ], [ 72.6988828, 21.1519384 ], [ 72.6992033, 21.1518208 ], [ 72.6994112, 21.1517908 ], [ 72.6997331, 21.1516407 ], [ 72.7000362, 21.1515781 ], [ 72.7002266, 21.1514756 ], [ 72.7003942, 21.1513955 ], [ 72.7005002, 21.1513155 ], [ 72.7006477, 21.1512254 ], [ 72.700763, 21.1511554 ], [ 72.7008677, 21.1510778 ], [ 72.7010232, 21.1509728 ], [ 72.7013129, 21.1508177 ], [ 72.7017903, 21.150585 ], [ 72.7023321, 21.1502999 ], [ 72.7033058, 21.1498471 ], [ 72.7037081, 21.1496169 ], [ 72.7043116, 21.1493293 ], [ 72.7051002, 21.148949 ], [ 72.7060443, 21.1484962 ], [ 72.7065861, 21.1482486 ], [ 72.707195, 21.1479797 ], [ 72.7072647, 21.1479747 ], [ 72.7072929, 21.1479784 ], [ 72.7073519, 21.1480472 ], [ 72.7073935, 21.1481285 ], [ 72.7074377, 21.148166 ], [ 72.7074645, 21.1481685 ], [ 72.7075155, 21.1481485 ], [ 72.707531, 21.1481268 ], [ 72.707537, 21.148061 ], [ 72.7075168, 21.1479809 ], [ 72.7074833, 21.1479259 ], [ 72.7074766, 21.1478984 ], [ 72.7074686, 21.1478471 ], [ 72.7074954, 21.1478046 ], [ 72.7080238, 21.1476857 ], [ 72.7089572, 21.147353 ], [ 72.7093381, 21.1472104 ], [ 72.7109809, 21.1465725 ], [ 72.7109098, 21.1464249 ], [ 72.7109139, 21.1463937 ], [ 72.7109353, 21.1463574 ], [ 72.7122093, 21.1458801 ], [ 72.7122442, 21.1458821 ], [ 72.7122711, 21.1459109 ], [ 72.7123837, 21.1461898 ], [ 72.7124266, 21.1462223 ], [ 72.7124977, 21.1462173 ], [ 72.7126157, 21.1461648 ], [ 72.7128424, 21.1460197 ], [ 72.7133185, 21.1459434 ], [ 72.7134767, 21.1459471 ], [ 72.7136537, 21.1459471 ], [ 72.7137986, 21.1458971 ], [ 72.7139568, 21.1458346 ], [ 72.7143779, 21.145747 ], [ 72.7154133, 21.1455144 ], [ 72.7158836, 21.1453601 ], [ 72.7162424, 21.1425305 ], [ 72.7163467, 21.1400032 ], [ 72.7157137, 21.139718 ], [ 72.7151638, 21.1393102 ], [ 72.7148607, 21.1389825 ], [ 72.7139997, 21.1379868 ], [ 72.7133104, 21.1369061 ], [ 72.7127659, 21.1362731 ], [ 72.7122563, 21.1357703 ], [ 72.7117762, 21.1352899 ], [ 72.7114302, 21.1349747 ], [ 72.7110547, 21.1345894 ], [ 72.7108535, 21.1341916 ], [ 72.7102903, 21.1334411 ], [ 72.7098182, 21.1328382 ], [ 72.7091557, 21.1317974 ], [ 72.7089304, 21.1313321 ], [ 72.7086353, 21.1307416 ], [ 72.7081284, 21.1297609 ], [ 72.7078721, 21.1289914 ], [ 72.7077341, 21.1284899 ], [ 72.7073774, 21.1271464 ], [ 72.7072594, 21.1265635 ], [ 72.7071628, 21.1257678 ], [ 72.7070501, 21.1250723 ], [ 72.7070582, 21.1248772 ], [ 72.7070689, 21.1247521 ], [ 72.7070501, 21.1246144 ], [ 72.7069831, 21.1244693 ], [ 72.7069133, 21.1244118 ], [ 72.7068517, 21.1243067 ], [ 72.7068141, 21.1240665 ], [ 72.7067739, 21.1238814 ], [ 72.7067926, 21.1237012 ], [ 72.7067953, 21.1234911 ], [ 72.7066907, 21.123366 ], [ 72.706562, 21.1231758 ], [ 72.7063823, 21.1227405 ], [ 72.7062294, 21.1220849 ], [ 72.7061167, 21.1214244 ], [ 72.7061141, 21.1207764 ], [ 72.7061489, 21.1200983 ], [ 72.7061848, 21.1193773 ], [ 72.7062082, 21.1190975 ], [ 72.7061284, 21.11821 ], [ 72.7067152, 21.1181587 ], [ 72.7068637, 21.1181305 ], [ 72.7069415, 21.118108 ], [ 72.7070367, 21.1180417 ], [ 72.7070904, 21.1178765 ], [ 72.7071547, 21.1177464 ], [ 72.7072969, 21.1173361 ], [ 72.707431, 21.1169958 ], [ 72.7076456, 21.1163027 ], [ 72.707718, 21.1160725 ], [ 72.7077609, 21.1158298 ], [ 72.7077985, 21.1156722 ], [ 72.7078092, 21.115512 ], [ 72.707777, 21.1153794 ], [ 72.7077824, 21.1152493 ], [ 72.7078468, 21.1151042 ], [ 72.7078521, 21.1149466 ], [ 72.7078253, 21.1148214 ], [ 72.7078468, 21.1147164 ], [ 72.707887, 21.1144461 ], [ 72.7079594, 21.1137405 ], [ 72.7080667, 21.1134177 ], [ 72.7081418, 21.1132276 ], [ 72.708182, 21.1130399 ], [ 72.7082035, 21.1128723 ], [ 72.7082223, 21.1127397 ], [ 72.7082545, 21.112562 ], [ 72.7082491, 21.1124519 ], [ 72.7081606, 21.1122793 ], [ 72.7078816, 21.1117863 ], [ 72.7077073, 21.111356 ], [ 72.7076278, 21.1110962 ], [ 72.7075544, 21.110808 ], [ 72.7075222, 21.1107254 ], [ 72.7074257, 21.110235 ], [ 72.7072808, 21.1100523 ], [ 72.7071896, 21.1098747 ], [ 72.7069053, 21.1093067 ], [ 72.706798, 21.1092316 ], [ 72.7067068, 21.1091415 ], [ 72.7065727, 21.1088187 ], [ 72.7064681, 21.1081456 ], [ 72.7063823, 21.108043 ], [ 72.7062991, 21.1079855 ], [ 72.7062106, 21.107953 ], [ 72.7061275, 21.1079304 ], [ 72.7060121, 21.1078454 ], [ 72.7058619, 21.1077227 ], [ 72.7057707, 21.1075701 ], [ 72.7056876, 21.1074025 ], [ 72.7055803, 21.1071372 ], [ 72.7055722, 21.1069871 ], [ 72.7055857, 21.1067969 ], [ 72.7056259, 21.1065817 ], [ 72.7055508, 21.106369 ], [ 72.7054569, 21.106289 ], [ 72.7052289, 21.1061438 ], [ 72.7050036, 21.1061088 ], [ 72.7049275, 21.1060691 ], [ 72.7048862, 21.1060448 ], [ 72.7048065, 21.1060162 ], [ 72.7044632, 21.1058498 ], [ 72.7042861, 21.1057647 ], [ 72.7041983, 21.1056847 ], [ 72.7033004, 21.1050378 ], [ 72.7030027, 21.1047901 ], [ 72.7024689, 21.1043472 ], [ 72.7023402, 21.104187 ], [ 72.7022275, 21.1039693 ], [ 72.7017099, 21.1028358 ], [ 72.7016482, 21.1026231 ], [ 72.7016026, 21.1020676 ], [ 72.7016267, 21.101975 ], [ 72.7017179, 21.1018749 ], [ 72.7017421, 21.1017698 ], [ 72.7017447, 21.1013794 ], [ 72.7017313, 21.1007488 ], [ 72.7017716, 21.0999868 ], [ 72.7017716, 21.0999193 ], [ 72.7017407, 21.0998605 ], [ 72.701683, 21.0998067 ], [ 72.701671, 21.0997241 ], [ 72.7017179, 21.099355 ], [ 72.7017742, 21.0987294 ], [ 72.7020264, 21.0973831 ], [ 72.7022999, 21.0965973 ], [ 72.7027667, 21.095261 ], [ 72.7030188, 21.0945503 ], [ 72.7041185, 21.0915023 ], [ 72.7044725, 21.0906615 ], [ 72.7047139, 21.0901259 ], [ 72.705009, 21.0893251 ], [ 72.7058512, 21.0870978 ], [ 72.7060765, 21.0865823 ], [ 72.7061114, 21.0864471 ], [ 72.7060685, 21.0863821 ], [ 72.7059746, 21.0863395 ], [ 72.7059209, 21.0862519 ], [ 72.7059209, 21.0861593 ], [ 72.7069133, 21.0826331 ], [ 72.7073532, 21.0808612 ], [ 72.7073371, 21.0806335 ], [ 72.7072889, 21.0805334 ], [ 72.7069563, 21.0802305 ], [ 72.706392, 21.0797592 ], [ 72.7063501, 21.0796749 ], [ 72.7063608, 21.0796224 ], [ 72.7064534, 21.0795335 ], [ 72.6902709, 21.0773506 ], [ 72.6791793, 21.0755127 ], [ 72.6605852, 21.0724314 ], [ 72.6576837, 21.072023 ], [ 72.6574829, 21.075165 ] ], [ [ 72.6710898, 21.1068219 ], [ 72.6713638, 21.1064318 ], [ 72.6716852, 21.1061613 ], [ 72.67205, 21.1060913 ], [ 72.6723075, 21.1060012 ], [ 72.672683, 21.1055358 ], [ 72.6728386, 21.1053656 ], [ 72.6729821, 21.105298 ], [ 72.6731604, 21.1051905 ], [ 72.6734126, 21.1049778 ], [ 72.6735252, 21.1048977 ], [ 72.6736218, 21.1048551 ], [ 72.6736808, 21.1048827 ], [ 72.6736674, 21.1049978 ], [ 72.6735333, 21.1053831 ], [ 72.6733133, 21.1056784 ], [ 72.6726562, 21.1064666 ], [ 72.6724952, 21.1066718 ], [ 72.6723933, 21.106887 ], [ 72.6722807, 21.1072123 ], [ 72.6722431, 21.1076177 ], [ 72.6723504, 21.1079379 ], [ 72.6723477, 21.1081381 ], [ 72.6722431, 21.1084784 ], [ 72.6720017, 21.1087587 ], [ 72.6718113, 21.1088688 ], [ 72.6716745, 21.1088588 ], [ 72.6713768, 21.1087787 ], [ 72.6710764, 21.1086386 ], [ 72.6709369, 21.1084884 ], [ 72.670851, 21.1082782 ], [ 72.6708001, 21.107968 ], [ 72.6707813, 21.1076652 ], [ 72.6709181, 21.1072598 ], [ 72.6710898, 21.1068219 ] ], [ [ 72.7009427, 21.1191326 ], [ 72.7008596, 21.1196455 ], [ 72.7007818, 21.1197681 ], [ 72.7006826, 21.1197631 ], [ 72.7005672, 21.119673 ], [ 72.7000469, 21.1192376 ], [ 72.6993173, 21.1186672 ], [ 72.6987085, 21.1183019 ], [ 72.6979065, 21.1179015 ], [ 72.6973137, 21.1175963 ], [ 72.6969892, 21.1173936 ], [ 72.6969194, 21.1172735 ], [ 72.6968631, 21.1170133 ], [ 72.6970535, 21.1157522 ], [ 72.6972091, 21.1151392 ], [ 72.6973942, 21.1147038 ], [ 72.697708, 21.114321 ], [ 72.6980513, 21.1139582 ], [ 72.6983142, 21.1137831 ], [ 72.6985073, 21.1135879 ], [ 72.6987541, 21.1132126 ], [ 72.6990706, 21.1129073 ], [ 72.6992288, 21.1128147 ], [ 72.6992986, 21.1127722 ], [ 72.6993817, 21.1127672 ], [ 72.6994675, 21.1128347 ], [ 72.699666, 21.11309 ], [ 72.7003741, 21.1140558 ], [ 72.700755, 21.1146538 ], [ 72.7008167, 21.1148365 ], [ 72.7009159, 21.1154745 ], [ 72.7009749, 21.1162251 ], [ 72.7010205, 21.117201 ], [ 72.7009427, 21.1191326 ] ], [ [ 72.7067417, 21.1430002 ], [ 72.7054408, 21.1435356 ], [ 72.7045315, 21.1438083 ], [ 72.7037966, 21.1438908 ], [ 72.7031636, 21.1439458 ], [ 72.7025896, 21.1438458 ], [ 72.7019459, 21.1436206 ], [ 72.7008676, 21.1430403 ], [ 72.6991993, 21.1422197 ], [ 72.6987916, 21.1420596 ], [ 72.6970214, 21.1416093 ], [ 72.6953906, 21.141119 ], [ 72.6938724, 21.1406687 ], [ 72.6911098, 21.1402284 ], [ 72.6898974, 21.1399432 ], [ 72.6893556, 21.139623 ], [ 72.6889425, 21.1392527 ], [ 72.6880896, 21.138257 ], [ 72.6849139, 21.1350748 ], [ 72.6837766, 21.1341341 ], [ 72.6817381, 21.132573 ], [ 72.6801717, 21.1310919 ], [ 72.67919, 21.1298059 ], [ 72.6787662, 21.1287401 ], [ 72.6784766, 21.1278645 ], [ 72.6781547, 21.1274792 ], [ 72.6776612, 21.1270388 ], [ 72.6768297, 21.1261882 ], [ 72.6743567, 21.1225954 ], [ 72.6740187, 21.12209 ], [ 72.6737773, 21.1214144 ], [ 72.673493, 21.1203335 ], [ 72.6734447, 21.119633 ], [ 72.6735038, 21.1183219 ], [ 72.6735252, 21.1169608 ], [ 72.6738095, 21.1147689 ], [ 72.6739436, 21.1142885 ], [ 72.6741099, 21.1133827 ], [ 72.6741958, 21.1122568 ], [ 72.6742494, 21.1101349 ], [ 72.6743138, 21.1098346 ], [ 72.6743862, 21.1094343 ], [ 72.6746464, 21.1082082 ], [ 72.6746611, 21.1081519 ], [ 72.6746866, 21.1081356 ], [ 72.6747228, 21.1081406 ], [ 72.6747537, 21.1081356 ], [ 72.6747791, 21.1081006 ], [ 72.6748194, 21.1080868 ], [ 72.67492, 21.1081156 ], [ 72.674983, 21.1081131 ], [ 72.6750232, 21.1080731 ], [ 72.6749951, 21.1080293 ], [ 72.6749253, 21.1079767 ], [ 72.6748207, 21.1079142 ], [ 72.6747791, 21.1078629 ], [ 72.6748046, 21.1077828 ], [ 72.6748851, 21.1076777 ], [ 72.6751265, 21.1075388 ], [ 72.6754604, 21.1073374 ], [ 72.6754765, 21.1072961 ], [ 72.6754618, 21.1072248 ], [ 72.6754135, 21.1072023 ], [ 72.6753303, 21.1072148 ], [ 72.6750836, 21.1073111 ], [ 72.67505, 21.1073111 ], [ 72.6750433, 21.1072698 ], [ 72.6750863, 21.1071647 ], [ 72.6753384, 21.1067093 ], [ 72.6756388, 21.1058961 ], [ 72.6760733, 21.1052305 ], [ 72.6769477, 21.1042896 ], [ 72.6774949, 21.1039143 ], [ 72.6781601, 21.1034288 ], [ 72.6789808, 21.1029684 ], [ 72.6793349, 21.1028483 ], [ 72.6796031, 21.1026531 ], [ 72.6800054, 21.1022277 ], [ 72.6804721, 21.1020325 ], [ 72.6806384, 21.1017923 ], [ 72.680853, 21.1015771 ], [ 72.6820493, 21.1010566 ], [ 72.6823872, 21.1009165 ], [ 72.6826394, 21.1007713 ], [ 72.682752, 21.1005361 ], [ 72.6827949, 21.1002358 ], [ 72.6828217, 21.0999255 ], [ 72.6830578, 21.0997454 ], [ 72.6832831, 21.0996353 ], [ 72.6834494, 21.0996153 ], [ 72.683723, 21.0995352 ], [ 72.6841038, 21.0991848 ], [ 72.6843721, 21.0988395 ], [ 72.6845813, 21.098294 ], [ 72.6847637, 21.0978235 ], [ 72.6850855, 21.0975483 ], [ 72.6852706, 21.0974782 ], [ 72.6854664, 21.0973806 ], [ 72.6859224, 21.0969227 ], [ 72.6863247, 21.0967225 ], [ 72.6867002, 21.0964622 ], [ 72.6872474, 21.0959517 ], [ 72.6875639, 21.0958166 ], [ 72.6877946, 21.0957115 ], [ 72.687977, 21.0957816 ], [ 72.6881218, 21.0959817 ], [ 72.6882291, 21.096267 ], [ 72.688449, 21.0964622 ], [ 72.6888514, 21.0966974 ], [ 72.6891249, 21.0969377 ], [ 72.6892644, 21.0971829 ], [ 72.6894683, 21.0975633 ], [ 72.6897097, 21.0978936 ], [ 72.6901281, 21.0983941 ], [ 72.6903695, 21.0986794 ], [ 72.690745, 21.0991448 ], [ 72.6912546, 21.0995552 ], [ 72.6916999, 21.1000607 ], [ 72.6919305, 21.100446 ], [ 72.6923597, 21.1013619 ], [ 72.6929069, 21.1021026 ], [ 72.6932824, 21.1026531 ], [ 72.6934218, 21.1030835 ], [ 72.6934057, 21.1034889 ], [ 72.6932931, 21.1039293 ], [ 72.6933306, 21.1043397 ], [ 72.6934808, 21.1046299 ], [ 72.6941568, 21.1056809 ], [ 72.6945162, 21.1060312 ], [ 72.6948488, 21.1063665 ], [ 72.6950794, 21.1065867 ], [ 72.6953101, 21.1066418 ], [ 72.6955783, 21.1065317 ], [ 72.6958519, 21.1065417 ], [ 72.6960075, 21.1066868 ], [ 72.6961684, 21.106877 ], [ 72.6964903, 21.1071873 ], [ 72.6965493, 21.1073874 ], [ 72.6966029, 21.1075976 ], [ 72.6969248, 21.1081982 ], [ 72.6973593, 21.1087737 ], [ 72.6975578, 21.109114 ], [ 72.6980781, 21.1101449 ], [ 72.698223, 21.1105202 ], [ 72.6983142, 21.1108405 ], [ 72.6983571, 21.111381 ], [ 72.6983464, 21.1121917 ], [ 72.6981801, 21.1127772 ], [ 72.6980245, 21.1130224 ], [ 72.6978099, 21.1132526 ], [ 72.6969945, 21.1141934 ], [ 72.6967424, 21.1145587 ], [ 72.6965976, 21.114864 ], [ 72.6965225, 21.1151843 ], [ 72.6963884, 21.1161551 ], [ 72.6962811, 21.1169457 ], [ 72.6962542, 21.1173311 ], [ 72.6961049, 21.1186701 ], [ 72.6961684, 21.119663 ], [ 72.6963401, 21.1211692 ], [ 72.6964474, 21.1217347 ], [ 72.696898, 21.1227355 ], [ 72.6973808, 21.1236012 ], [ 72.6977456, 21.1239865 ], [ 72.6985801, 21.1246218 ], [ 72.699784, 21.1253175 ], [ 72.7008247, 21.1257228 ], [ 72.7010608, 21.1258629 ], [ 72.7011841, 21.1260381 ], [ 72.7015328, 21.1276193 ], [ 72.7015328, 21.12862 ], [ 72.7013504, 21.1305165 ], [ 72.7013129, 21.131272 ], [ 72.701388, 21.1321226 ], [ 72.7014846, 21.1327231 ], [ 72.7015918, 21.1333335 ], [ 72.7019083, 21.1343092 ], [ 72.7021927, 21.1347095 ], [ 72.7024609, 21.1349897 ], [ 72.7029222, 21.135435 ], [ 72.7035633, 21.1360029 ], [ 72.703861, 21.1363132 ], [ 72.7042848, 21.1368335 ], [ 72.7046496, 21.1373364 ], [ 72.7049419, 21.1378142 ], [ 72.705414, 21.1386048 ], [ 72.7056581, 21.1391176 ], [ 72.7058458, 21.1394553 ], [ 72.7061221, 21.1398331 ], [ 72.7066854, 21.1405261 ], [ 72.7069402, 21.1408388 ], [ 72.7071762, 21.1411165 ], [ 72.707659, 21.1416093 ], [ 72.7078602, 21.141862 ], [ 72.707938, 21.1420546 ], [ 72.7079219, 21.1421697 ], [ 72.707836, 21.1422597 ], [ 72.7077046, 21.1423498 ], [ 72.7072164, 21.1426925 ], [ 72.7067417, 21.1430002 ] ], [ [ 72.6966754, 21.117904 ], [ 72.6966834, 21.1177514 ], [ 72.6967478, 21.1176964 ], [ 72.6968336, 21.1176839 ], [ 72.696957, 21.1177864 ], [ 72.6972145, 21.1179165 ], [ 72.6977026, 21.1180817 ], [ 72.6981318, 21.1182969 ], [ 72.6993763, 21.1190625 ], [ 72.7000576, 21.119633 ], [ 72.7004439, 21.1198732 ], [ 72.7005431, 21.1199832 ], [ 72.7005672, 21.1201334 ], [ 72.7006531, 21.1222401 ], [ 72.7006799, 21.1228606 ], [ 72.7008355, 21.1238013 ], [ 72.700983, 21.1250173 ], [ 72.7009186, 21.1252049 ], [ 72.7008381, 21.1252524 ], [ 72.7006155, 21.1252174 ], [ 72.7001059, 21.1250823 ], [ 72.6992664, 21.1247521 ], [ 72.6985261, 21.1242742 ], [ 72.6980567, 21.1238513 ], [ 72.6975363, 21.1232284 ], [ 72.6971555, 21.1225753 ], [ 72.6968685, 21.1219523 ], [ 72.6966673, 21.1215245 ], [ 72.6965332, 21.1207839 ], [ 72.6964651, 21.1199536 ], [ 72.6964691, 21.1196963 ], [ 72.6966754, 21.117904 ] ], [ [ 72.6673186, 21.1245694 ], [ 72.6674232, 21.1244818 ], [ 72.6675117, 21.1244768 ], [ 72.667737, 21.1245894 ], [ 72.6684558, 21.1251324 ], [ 72.6686436, 21.1253225 ], [ 72.6692256, 21.1262057 ], [ 72.6694536, 21.1264759 ], [ 72.6705694, 21.1273115 ], [ 72.6706901, 21.1274942 ], [ 72.6707599, 21.1277143 ], [ 72.670784, 21.1280296 ], [ 72.670615, 21.1287451 ], [ 72.6704594, 21.1292955 ], [ 72.6702207, 21.129931 ], [ 72.6699177, 21.1307942 ], [ 72.6697138, 21.131272 ], [ 72.6695824, 21.1315647 ], [ 72.6694536, 21.13186 ], [ 72.6692766, 21.1321927 ], [ 72.6681662, 21.1347145 ], [ 72.6668385, 21.1371087 ], [ 72.6660445, 21.1383671 ], [ 72.6657253, 21.1387248 ], [ 72.6655966, 21.1387999 ], [ 72.6654249, 21.1388674 ], [ 72.6652694, 21.1388674 ], [ 72.6652211, 21.1388199 ], [ 72.6651916, 21.1387248 ], [ 72.6651379, 21.1384396 ], [ 72.6650709, 21.1376041 ], [ 72.6649502, 21.1364057 ], [ 72.6648805, 21.1351673 ], [ 72.6648831, 21.1345469 ], [ 72.6648805, 21.1340641 ], [ 72.6648509, 21.1330858 ], [ 72.6649234, 21.1322828 ], [ 72.664977, 21.13192 ], [ 72.6650032, 21.1313558 ], [ 72.6650186, 21.1313302 ], [ 72.6650682, 21.1313171 ], [ 72.6650863, 21.1313033 ], [ 72.6650917, 21.1312733 ], [ 72.665085, 21.1312382 ], [ 72.6650642, 21.1312182 ], [ 72.6650293, 21.131197 ], [ 72.6650337, 21.1311691 ], [ 72.6650468, 21.1311557 ], [ 72.6650816, 21.1311307 ], [ 72.6650816, 21.1311006 ], [ 72.6650374, 21.1310606 ], [ 72.6650481, 21.1310093 ], [ 72.6650588, 21.130973 ], [ 72.6652801, 21.1297509 ], [ 72.6653552, 21.1292405 ], [ 72.6655188, 21.1286451 ], [ 72.6656851, 21.1280796 ], [ 72.665901, 21.1274754 ], [ 72.6659386, 21.1274304 ], [ 72.6659802, 21.1274116 ], [ 72.666011, 21.1273816 ], [ 72.6660204, 21.1273384 ], [ 72.6659828, 21.1273065 ], [ 72.6659869, 21.1272753 ], [ 72.6660606, 21.1271076 ], [ 72.6661196, 21.1270176 ], [ 72.6661921, 21.1269688 ], [ 72.6662296, 21.1269075 ], [ 72.6662162, 21.1268574 ], [ 72.6661853, 21.1268049 ], [ 72.6662041, 21.1267223 ], [ 72.6666024, 21.1257979 ], [ 72.6668036, 21.1253851 ], [ 72.6668814, 21.1252187 ], [ 72.666935, 21.1251048 ], [ 72.6671737, 21.124712 ], [ 72.6673186, 21.1245694 ] ], [ [ 72.6712829, 21.125923 ], [ 72.6715672, 21.1255977 ], [ 72.671981, 21.1252425 ], [ 72.6721358, 21.1251799 ], [ 72.6724899, 21.1252449 ], [ 72.6725838, 21.1252975 ], [ 72.6726964, 21.1254426 ], [ 72.6728117, 21.1255202 ], [ 72.6729807, 21.1256628 ], [ 72.673198, 21.125903 ], [ 72.6733831, 21.1261757 ], [ 72.6735306, 21.1263783 ], [ 72.6742172, 21.127259 ], [ 72.674641, 21.1278845 ], [ 72.6749039, 21.1282347 ], [ 72.6755154, 21.1288052 ], [ 72.6758695, 21.1290854 ], [ 72.676143, 21.1293106 ], [ 72.676599, 21.129861 ], [ 72.67757, 21.1310469 ], [ 72.6789164, 21.1327231 ], [ 72.6794046, 21.1330984 ], [ 72.6816308, 21.1347946 ], [ 72.6822263, 21.1352649 ], [ 72.6826125, 21.1356302 ], [ 72.6828432, 21.1359904 ], [ 72.683723, 21.1373914 ], [ 72.6842165, 21.1380669 ], [ 72.6847422, 21.1388274 ], [ 72.6853377, 21.1395829 ], [ 72.6857668, 21.1399982 ], [ 72.6865339, 21.1405386 ], [ 72.6869738, 21.1407487 ], [ 72.6874405, 21.1409088 ], [ 72.6880789, 21.1410389 ], [ 72.6892403, 21.1413091 ], [ 72.6915979, 21.1422697 ], [ 72.6921451, 21.1424273 ], [ 72.6924214, 21.1424974 ], [ 72.6929068, 21.1425199 ], [ 72.6937866, 21.1426 ], [ 72.6946771, 21.1425599 ], [ 72.695176, 21.1425524 ], [ 72.6954362, 21.1426025 ], [ 72.6959324, 21.1427501 ], [ 72.697193, 21.1431853 ], [ 72.6978421, 21.1434555 ], [ 72.6983195, 21.1437157 ], [ 72.698974, 21.144136 ], [ 72.6996875, 21.1445813 ], [ 72.7000308, 21.1447314 ], [ 72.7011412, 21.1450115 ], [ 72.7013719, 21.1450941 ], [ 72.7014497, 21.1451942 ], [ 72.701447, 21.1452992 ], [ 72.7013719, 21.1453918 ], [ 72.7007014, 21.145697 ], [ 72.69943, 21.1461923 ], [ 72.69207, 21.1487539 ], [ 72.6907182, 21.1494043 ], [ 72.6897526, 21.1500847 ], [ 72.6888192, 21.1508852 ], [ 72.6877677, 21.1514956 ], [ 72.686137, 21.152146 ], [ 72.6854396, 21.1523961 ], [ 72.6832402, 21.1531266 ], [ 72.6810193, 21.1541972 ], [ 72.6778543, 21.155518 ], [ 72.6763415, 21.1557281 ], [ 72.6750648, 21.1557181 ], [ 72.6734126, 21.1553779 ], [ 72.6720554, 21.1549726 ], [ 72.6705587, 21.1543273 ], [ 72.669121, 21.1532967 ], [ 72.6680159, 21.1520859 ], [ 72.6672864, 21.1508502 ], [ 72.6666963, 21.1496245 ], [ 72.6663422, 21.1486338 ], [ 72.6661624, 21.1479031 ], [ 72.6659238, 21.1468127 ], [ 72.6656878, 21.1454418 ], [ 72.6655483, 21.1434505 ], [ 72.6656234, 21.1420996 ], [ 72.6655698, 21.1412841 ], [ 72.6656181, 21.1409789 ], [ 72.6660526, 21.1398881 ], [ 72.6662886, 21.1393027 ], [ 72.6666963, 21.1386723 ], [ 72.6677906, 21.1369461 ], [ 72.6688796, 21.1347095 ], [ 72.6697111, 21.1330533 ], [ 72.6705962, 21.1306916 ], [ 72.6712, 21.12926 ], [ 72.6715296, 21.1280146 ], [ 72.6715511, 21.1275893 ], [ 72.671535, 21.1273791 ], [ 72.671358, 21.1267386 ], [ 72.6712078, 21.1261982 ], [ 72.6712829, 21.125923 ] ] ] } },
{ "type": "Feature", "properties": { "element": "relation", "id": 8446106, "waterway": null }, "geometry": { "type": "Polygon", "coordinates": [ [ [ 72.7256137, 21.075235 ], [ 72.7263486, 21.0751199 ], [ 72.7272713, 21.0749397 ], [ 72.7277058, 21.0748811 ], [ 72.7283395, 21.0748293 ], [ 72.7290486, 21.0747682 ], [ 72.7312088, 21.0744341 ], [ 72.7324909, 21.0741038 ], [ 72.7337623, 21.0735882 ], [ 72.7346635, 21.0730376 ], [ 72.7352053, 21.0726772 ], [ 72.7357203, 21.072502 ], [ 72.7362782, 21.0721215 ], [ 72.7367663, 21.0717711 ], [ 72.7378875, 21.0711104 ], [ 72.738542, 21.07074 ], [ 72.7396846, 21.0701743 ], [ 72.7401745, 21.0704434 ], [ 72.7404624, 21.0706048 ], [ 72.7407628, 21.0708 ], [ 72.7411525, 21.0713407 ], [ 72.741615, 21.0718824 ], [ 72.7420858, 21.0724392 ], [ 72.7423333, 21.072649 ], [ 72.7425009, 21.0727973 ], [ 72.7428374, 21.0729567 ], [ 72.7431761, 21.0730356 ], [ 72.7439083, 21.0731443 ], [ 72.7432068, 21.0728232 ], [ 72.7428632, 21.0727098 ], [ 72.7425089, 21.072502 ], [ 72.7422314, 21.0722129 ], [ 72.7418233, 21.0716635 ], [ 72.7414656, 21.0712354 ], [ 72.7410873, 21.0707433 ], [ 72.7408343, 21.0705283 ], [ 72.7406059, 21.0703431 ], [ 72.73995, 21.0700215 ], [ 72.7395585, 21.0697113 ], [ 72.7394982, 21.0696424 ], [ 72.73947, 21.0695461 ], [ 72.7394512, 21.0694347 ], [ 72.7394593, 21.0693183 ], [ 72.7395129, 21.0692482 ], [ 72.7396041, 21.0691982 ], [ 72.7398163, 21.0691574 ], [ 72.7399716, 21.0691832 ], [ 72.7402921, 21.0693646 ], [ 72.7403927, 21.0693834 ], [ 72.7407145, 21.0693634 ], [ 72.7409077, 21.0693483 ], [ 72.7411966, 21.0694441 ], [ 72.7414548, 21.0696587 ], [ 72.7419645, 21.0695886 ], [ 72.7425739, 21.0696512 ], [ 72.7433753, 21.0694985 ], [ 72.7442595, 21.0692269 ], [ 72.7447218, 21.0691631 ], [ 72.7452072, 21.0690098 ], [ 72.7459633, 21.0682532 ], [ 72.7463003, 21.0678894 ], [ 72.7466439, 21.0672939 ], [ 72.7468783, 21.066485 ], [ 72.7468386, 21.0657672 ], [ 72.7470734, 21.0652582 ], [ 72.7475732, 21.0648418 ], [ 72.747843, 21.0647418 ], [ 72.7484608, 21.0648581 ], [ 72.7488041, 21.064813 ], [ 72.7511612, 21.0641118 ], [ 72.7531505, 21.0639233 ], [ 72.7539888, 21.0638394 ], [ 72.7548766, 21.0636717 ], [ 72.7555069, 21.0634714 ], [ 72.7562278, 21.0633888 ], [ 72.7581543, 21.064778 ], [ 72.7595919, 21.0658893 ], [ 72.7613568, 21.0672009 ], [ 72.7629662, 21.0683672 ], [ 72.7640402, 21.0689554 ], [ 72.7649762, 21.0696155 ], [ 72.765067, 21.069697 ], [ 72.765076, 21.0697916 ], [ 72.7650529, 21.0698314 ], [ 72.7649885, 21.0698714 ], [ 72.7641705, 21.0701918 ], [ 72.7637011, 21.0705397 ], [ 72.7633765, 21.071248 ], [ 72.7632692, 21.0718087 ], [ 72.7631565, 21.0721815 ], [ 72.7631271, 21.0729099 ], [ 72.7633925, 21.0722785 ], [ 72.7635197, 21.0719337 ], [ 72.7637078, 21.0712922 ], [ 72.763818, 21.0709357 ], [ 72.7640498, 21.0706448 ], [ 72.7645835, 21.070322 ], [ 72.765069, 21.0701718 ], [ 72.7654392, 21.0700066 ], [ 72.766107, 21.070317 ], [ 72.7669948, 21.0707274 ], [ 72.7681643, 21.0712255 ], [ 72.7683869, 21.0712856 ], [ 72.768572, 21.0713131 ], [ 72.7693203, 21.0715884 ], [ 72.7696046, 21.071651 ], [ 72.7699587, 21.0716335 ], [ 72.7712944, 21.0718637 ], [ 72.7714741, 21.0718687 ], [ 72.771619, 21.0718237 ], [ 72.7718925, 21.0718737 ], [ 72.7726543, 21.0718587 ], [ 72.7735555, 21.0717261 ], [ 72.7754104, 21.0717353 ], [ 72.7766293, 21.0713757 ], [ 72.7775252, 21.0709702 ], [ 72.7782199, 21.0708426 ], [ 72.7795181, 21.0703495 ], [ 72.7810067, 21.069934 ], [ 72.7815002, 21.0698139 ], [ 72.7822459, 21.0696687 ], [ 72.7826589, 21.0695636 ], [ 72.7830559, 21.0693684 ], [ 72.7836889, 21.0691181 ], [ 72.7845284, 21.0686951 ], [ 72.7848905, 21.0685724 ], [ 72.7847806, 21.0683247 ], [ 72.7847537, 21.0682671 ], [ 72.7849898, 21.0680318 ], [ 72.7852714, 21.0676764 ], [ 72.7865964, 21.0669756 ], [ 72.7885866, 21.0665301 ], [ 72.7894181, 21.0662798 ], [ 72.7902067, 21.0661346 ], [ 72.7904588, 21.0661646 ], [ 72.7908254, 21.0662663 ], [ 72.7914727, 21.0667804 ], [ 72.7918804, 21.067331 ], [ 72.7923739, 21.0686175 ], [ 72.7926153, 21.0691681 ], [ 72.7933073, 21.0701543 ], [ 72.7939349, 21.070785 ], [ 72.7944177, 21.0711704 ], [ 72.79504, 21.0715309 ], [ 72.7960056, 21.0719013 ], [ 72.7972394, 21.0720615 ], [ 72.7977651, 21.0722717 ], [ 72.7981138, 21.072537 ], [ 72.7984786, 21.0728574 ], [ 72.7991652, 21.0735181 ], [ 72.8001416, 21.0742389 ], [ 72.8006458, 21.0746193 ], [ 72.8011766, 21.0751433 ], [ 72.8018206, 21.076121 ], [ 72.8016639, 21.0765673 ], [ 72.8010359, 21.0776313 ], [ 72.8003375, 21.0783513 ], [ 72.7995692, 21.0790647 ], [ 72.7992259, 21.0794923 ], [ 72.7983133, 21.0806418 ], [ 72.7979773, 21.0813493 ], [ 72.7975359, 21.0825446 ], [ 72.7975881, 21.0837793 ], [ 72.7976954, 21.0840396 ], [ 72.7982211, 21.0842598 ], [ 72.798856, 21.0848471 ], [ 72.7987683, 21.0856613 ], [ 72.7984142, 21.0867124 ], [ 72.7985483, 21.0872329 ], [ 72.7987468, 21.0877134 ], [ 72.7991009, 21.088214 ], [ 72.7995966, 21.0886341 ], [ 72.8003132, 21.0889747 ], [ 72.8011823, 21.0891149 ], [ 72.803446, 21.0896254 ], [ 72.8049481, 21.0903161 ], [ 72.8055167, 21.0908735 ], [ 72.8059137, 21.0915273 ], [ 72.8061819, 21.0923081 ], [ 72.8064608, 21.0930288 ], [ 72.8068042, 21.0939297 ], [ 72.8071368, 21.0949708 ], [ 72.8075592, 21.095689 ], [ 72.8078642, 21.0961047 ], [ 72.8081242, 21.0963811 ], [ 72.8085816, 21.0967638 ], [ 72.8092899, 21.0973332 ], [ 72.8096388, 21.0984917 ], [ 72.8100554, 21.0995502 ], [ 72.8105188, 21.1003183 ], [ 72.8109179, 21.1009376 ], [ 72.811262, 21.101467 ], [ 72.8118199, 21.1024229 ], [ 72.8123778, 21.103624 ], [ 72.8126943, 21.1045298 ], [ 72.8126675, 21.1050603 ], [ 72.8126889, 21.1056559 ], [ 72.8130591, 21.1061563 ], [ 72.8135848, 21.1065617 ], [ 72.8146791, 21.106847 ], [ 72.8152692, 21.106872 ], [ 72.8159934, 21.106852 ], [ 72.8168034, 21.106942 ], [ 72.8178461, 21.1071363 ], [ 72.8184262, 21.1072799 ], [ 72.8186515, 21.1073874 ], [ 72.8188446, 21.1076477 ], [ 72.8189664, 21.1079496 ], [ 72.8189224, 21.1076777 ], [ 72.8188875, 21.1074075 ], [ 72.8187131, 21.1070171 ], [ 72.8184879, 21.106892 ], [ 72.8176671, 21.1065117 ], [ 72.8169107, 21.1063465 ], [ 72.8155267, 21.1061313 ], [ 72.8146148, 21.1060913 ], [ 72.8138691, 21.1060262 ], [ 72.8135848, 21.1058861 ], [ 72.8133944, 21.1056709 ], [ 72.8133461, 21.1054932 ], [ 72.8133112, 21.1053356 ], [ 72.8132522, 21.1050453 ], [ 72.8132737, 21.1045449 ], [ 72.8131999, 21.1039481 ], [ 72.813043, 21.1033438 ], [ 72.8129411, 21.1029684 ], [ 72.8124923, 21.1019269 ], [ 72.8121857, 21.1012898 ], [ 72.8117764, 21.100441 ], [ 72.8110743, 21.0995452 ], [ 72.8107547, 21.0990457 ], [ 72.8103983, 21.0978285 ], [ 72.8100282, 21.0969977 ], [ 72.8099477, 21.0966424 ], [ 72.8089665, 21.0957498 ], [ 72.8086603, 21.095261 ], [ 72.808527, 21.0948438 ], [ 72.8082633, 21.09419 ], [ 72.8079788, 21.0927428 ], [ 72.8078127, 21.092208 ], [ 72.807523, 21.0913271 ], [ 72.8071475, 21.0905463 ], [ 72.8067505, 21.0898681 ], [ 72.806257, 21.0893051 ], [ 72.8054416, 21.0886544 ], [ 72.8047281, 21.088274 ], [ 72.8036821, 21.0877034 ], [ 72.8029472, 21.087283 ], [ 72.8024483, 21.0869527 ], [ 72.8017724, 21.0864021 ], [ 72.8010911, 21.0857464 ], [ 72.8005396, 21.0851655 ], [ 72.8005649, 21.0849945 ], [ 72.8019547, 21.0844 ], [ 72.8028184, 21.0838894 ], [ 72.8033388, 21.083424 ], [ 72.8040415, 21.082503 ], [ 72.8046262, 21.0813567 ], [ 72.8047389, 21.0809313 ], [ 72.8048086, 21.0804808 ], [ 72.8048354, 21.0800503 ], [ 72.8048354, 21.0795648 ], [ 72.8045082, 21.0781332 ], [ 72.8044546, 21.0773924 ], [ 72.8045136, 21.0768468 ], [ 72.8046852, 21.0759508 ], [ 72.804814, 21.0754553 ], [ 72.8048569, 21.0749998 ], [ 72.8047121, 21.0738835 ], [ 72.8045028, 21.0733229 ], [ 72.8040522, 21.0727673 ], [ 72.8034568, 21.0723668 ], [ 72.8018528, 21.0718913 ], [ 72.8002167, 21.0714007 ], [ 72.79953, 21.0708601 ], [ 72.7992403, 21.0705873 ], [ 72.7990553, 21.0702769 ], [ 72.799015, 21.0699365 ], [ 72.7990526, 21.0696687 ], [ 72.7992564, 21.0689479 ], [ 72.7993047, 21.0680719 ], [ 72.7992243, 21.0674211 ], [ 72.7991921, 21.0666502 ], [ 72.7989399, 21.065594 ], [ 72.7986073, 21.0648631 ], [ 72.7981514, 21.0639821 ], [ 72.7977061, 21.0632862 ], [ 72.7971214, 21.0627155 ], [ 72.7968425, 21.0625153 ], [ 72.7963006, 21.0619797 ], [ 72.7962229, 21.0616793 ], [ 72.7962077, 21.0614387 ], [ 72.7970237, 21.0588459 ], [ 72.7970678, 21.0583427 ], [ 72.797073, 21.05787 ], [ 72.7970522, 21.0567473 ], [ 72.7970195, 21.0561725 ], [ 72.7968425, 21.0553215 ], [ 72.7967459, 21.0543753 ], [ 72.7967727, 21.0536444 ], [ 72.7967727, 21.0531087 ], [ 72.7968156, 21.0526231 ], [ 72.7969605, 21.051752 ], [ 72.7970567, 21.0496678 ], [ 72.7972609, 21.0484728 ], [ 72.7976669, 21.0471742 ], [ 72.7978671, 21.0467205 ], [ 72.7980924, 21.0463049 ], [ 72.7984038, 21.0460166 ], [ 72.7986936, 21.0459015 ], [ 72.7991652, 21.0457542 ], [ 72.7999163, 21.0457993 ], [ 72.8009462, 21.0460696 ], [ 72.8022015, 21.0468807 ], [ 72.8031564, 21.0477218 ], [ 72.8037022, 21.0479118 ], [ 72.8044277, 21.0479421 ], [ 72.8051734, 21.0478219 ], [ 72.80689, 21.0473813 ], [ 72.8081077, 21.0468807 ], [ 72.809009, 21.0463951 ], [ 72.8098351, 21.0457592 ], [ 72.8104359, 21.0450433 ], [ 72.8110372, 21.0443344 ], [ 72.8120935, 21.0435513 ], [ 72.8133649, 21.0425049 ], [ 72.8145343, 21.0415186 ], [ 72.8152048, 21.0411381 ], [ 72.8170288, 21.0413083 ], [ 72.8185737, 21.0411982 ], [ 72.8208375, 21.0407776 ], [ 72.8215885, 21.0405072 ], [ 72.8222108, 21.0402369 ], [ 72.8224066, 21.0400391 ], [ 72.8225219, 21.0397162 ], [ 72.8225327, 21.0395034 ], [ 72.8224951, 21.0392255 ], [ 72.8224441, 21.0388925 ], [ 72.8223422, 21.0386097 ], [ 72.8220981, 21.0374631 ], [ 72.8217843, 21.0364392 ], [ 72.8216214, 21.0354964 ], [ 72.8216332, 21.0345719 ], [ 72.8218226, 21.0341483 ], [ 72.8221089, 21.0337655 ], [ 72.8224941, 21.0335372 ], [ 72.8231004, 21.0332386 ], [ 72.823745, 21.0331071 ], [ 72.8256225, 21.0332673 ], [ 72.8272211, 21.0339583 ], [ 72.8277272, 21.0345601 ], [ 72.8281163, 21.0351912 ], [ 72.8281492, 21.0354503 ], [ 72.8280935, 21.0358066 ], [ 72.8278078, 21.0368356 ], [ 72.8276147, 21.0372818 ], [ 72.8273397, 21.0380702 ], [ 72.8272855, 21.0385546 ], [ 72.827307, 21.0390352 ], [ 72.8274675, 21.039991 ], [ 72.8275967, 21.0407576 ], [ 72.8280473, 21.0424599 ], [ 72.8284496, 21.0433285 ], [ 72.8288627, 21.0441421 ], [ 72.8291738, 21.044803 ], [ 72.8297853, 21.045624 ], [ 72.8307938, 21.0464051 ], [ 72.8315754, 21.0467433 ], [ 72.8321028, 21.0468807 ], [ 72.8327284, 21.046974 ], [ 72.8342624, 21.0469265 ], [ 72.8356184, 21.0466847 ], [ 72.8362173, 21.0464802 ], [ 72.8367215, 21.0461648 ], [ 72.8372419, 21.0458093 ], [ 72.8376846, 21.0454607 ], [ 72.8382611, 21.0449431 ], [ 72.8390282, 21.044057 ], [ 72.839613, 21.043326 ], [ 72.8399777, 21.0428654 ], [ 72.8405303, 21.0418791 ], [ 72.840997, 21.0406724 ], [ 72.8411043, 21.0392756 ], [ 72.8407878, 21.0378336 ], [ 72.840423, 21.0368573 ], [ 72.8399488, 21.0358806 ], [ 72.83957, 21.0347794 ], [ 72.8394681, 21.0342687 ], [ 72.8395432, 21.0337079 ], [ 72.8399831, 21.0328717 ], [ 72.840718, 21.0321507 ], [ 72.841984, 21.0318403 ], [ 72.8430569, 21.0319254 ], [ 72.844672, 21.0324634 ], [ 72.8461977, 21.0332416 ], [ 72.8468335, 21.0338781 ], [ 72.8467583, 21.0348246 ], [ 72.8458196, 21.037418 ], [ 72.8458142, 21.0384294 ], [ 72.8462541, 21.0399064 ], [ 72.8468871, 21.0406374 ], [ 72.8476113, 21.0414785 ], [ 72.8479546, 21.0417138 ], [ 72.8483623, 21.0419091 ], [ 72.8488558, 21.0419942 ], [ 72.8496003, 21.0419627 ], [ 72.8499824, 21.0419141 ], [ 72.8504657, 21.0417856 ], [ 72.8512537, 21.0411581 ], [ 72.8519544, 21.0407919 ], [ 72.8527485, 21.0403938 ], [ 72.8534752, 21.0398106 ], [ 72.8538952, 21.0392722 ], [ 72.8541168, 21.0389578 ], [ 72.8544526, 21.0386362 ], [ 72.8546762, 21.0384194 ], [ 72.8550063, 21.0382567 ], [ 72.8553307, 21.0382091 ], [ 72.8557501, 21.038274 ], [ 72.856341, 21.0385313 ], [ 72.8564733, 21.038865 ], [ 72.8564894, 21.0393907 ], [ 72.8552556, 21.0414285 ], [ 72.8546816, 21.0430106 ], [ 72.8546226, 21.0432609 ], [ 72.8546977, 21.0436514 ], [ 72.854923, 21.044072 ], [ 72.8551589, 21.0444319 ], [ 72.8555614, 21.0447929 ], [ 72.8559722, 21.0450851 ], [ 72.85673, 21.0454437 ], [ 72.8583777, 21.0462148 ], [ 72.8589249, 21.0464351 ], [ 72.8595149, 21.0465853 ], [ 72.860502, 21.0467305 ], [ 72.8616714, 21.0467155 ], [ 72.8632861, 21.0466454 ], [ 72.863903, 21.0465427 ], [ 72.8645575, 21.0463875 ], [ 72.8652173, 21.0461597 ], [ 72.8656062, 21.0460446 ], [ 72.8660848, 21.0458143 ], [ 72.8665799, 21.0456391 ], [ 72.866714, 21.0456941 ], [ 72.8667033, 21.0460296 ], [ 72.8665477, 21.0464251 ], [ 72.8663144, 21.0466629 ], [ 72.8655875, 21.0472612 ], [ 72.8651529, 21.0476217 ], [ 72.8649437, 21.047862 ], [ 72.8646165, 21.0482725 ], [ 72.8643832, 21.0489434 ], [ 72.8642946, 21.0496042 ], [ 72.8643268, 21.0501674 ], [ 72.8644448, 21.0508683 ], [ 72.8647399, 21.0517319 ], [ 72.8651074, 21.052593 ], [ 72.8653192, 21.0529885 ], [ 72.8656948, 21.0534241 ], [ 72.8659684, 21.0537572 ], [ 72.8662687, 21.0540599 ], [ 72.8666002, 21.0544321 ], [ 72.867347, 21.0550962 ], [ 72.8686318, 21.0558922 ], [ 72.8701955, 21.0565705 ], [ 72.8708285, 21.0568284 ], [ 72.8714535, 21.056971 ], [ 72.8726524, 21.0570286 ], [ 72.8739217, 21.0569277 ], [ 72.8761707, 21.0567412 ], [ 72.8768367, 21.0566506 ], [ 72.8774267, 21.056508 ], [ 72.8787249, 21.0561625 ], [ 72.8794867, 21.0558071 ], [ 72.8800097, 21.055782 ], [ 72.8802752, 21.055747 ], [ 72.8809683, 21.0554868 ], [ 72.8818256, 21.0549961 ], [ 72.8823297, 21.0544288 ], [ 72.882598, 21.054165 ], [ 72.8828476, 21.0538109 ], [ 72.8831506, 21.0530136 ], [ 72.8833653, 21.0522161 ], [ 72.8831038, 21.052177 ], [ 72.8828012, 21.0521213 ], [ 72.8825551, 21.0528534 ], [ 72.8822419, 21.0536304 ], [ 72.8819436, 21.0540449 ], [ 72.8816468, 21.0543672 ], [ 72.8811121, 21.0546757 ], [ 72.8808278, 21.0547508 ], [ 72.8807446, 21.054931 ], [ 72.8806588, 21.0550286 ], [ 72.8805032, 21.0550211 ], [ 72.8804147, 21.0550011 ], [ 72.8804174, 21.0549035 ], [ 72.8804496, 21.0547908 ], [ 72.880294, 21.0547257 ], [ 72.8799265, 21.0547808 ], [ 72.8792799, 21.0550268 ], [ 72.8781617, 21.0555518 ], [ 72.8772461, 21.0558419 ], [ 72.8760105, 21.0561025 ], [ 72.8747284, 21.0562126 ], [ 72.8738648, 21.0563127 ], [ 72.8722528, 21.0564028 ], [ 72.871483, 21.0563027 ], [ 72.8703564, 21.0559873 ], [ 72.869187, 21.0554466 ], [ 72.8685701, 21.0550411 ], [ 72.8679693, 21.0546356 ], [ 72.8673175, 21.05415 ], [ 72.8666228, 21.0533941 ], [ 72.8661695, 21.0526857 ], [ 72.865507, 21.0515092 ], [ 72.8650993, 21.050608 ], [ 72.8649276, 21.0501049 ], [ 72.8648472, 21.0496242 ], [ 72.8648955, 21.0491737 ], [ 72.8650242, 21.0488533 ], [ 72.8653139, 21.0485479 ], [ 72.8657377, 21.0482875 ], [ 72.8668266, 21.0476968 ], [ 72.8674505, 21.0472829 ], [ 72.8676796, 21.0469758 ], [ 72.8678362, 21.0465775 ], [ 72.8678727, 21.0461597 ], [ 72.8678647, 21.0458268 ], [ 72.8677949, 21.0455665 ], [ 72.8675508, 21.045251 ], [ 72.8671995, 21.0450833 ], [ 72.8671056, 21.0451084 ], [ 72.8669715, 21.0450733 ], [ 72.8669178, 21.0450057 ], [ 72.8668132, 21.0449281 ], [ 72.8664377, 21.0450107 ], [ 72.8660166, 21.0451584 ], [ 72.8654882, 21.045216 ], [ 72.8651105, 21.0453427 ], [ 72.8647184, 21.0454789 ], [ 72.8643687, 21.0456651 ], [ 72.8636143, 21.0457689 ], [ 72.8627712, 21.0458669 ], [ 72.861907, 21.0459195 ], [ 72.8609499, 21.0459169 ], [ 72.8599516, 21.0458344 ], [ 72.8587667, 21.0455056 ], [ 72.8571046, 21.0448116 ], [ 72.856586, 21.0445526 ], [ 72.8561997, 21.0442773 ], [ 72.855953, 21.0440069 ], [ 72.855733, 21.0437215 ], [ 72.8556043, 21.0433761 ], [ 72.8556311, 21.0429705 ], [ 72.855953, 21.0423497 ], [ 72.8571975, 21.0406724 ], [ 72.8575408, 21.0397712 ], [ 72.8575516, 21.0392906 ], [ 72.8575016, 21.038853 ], [ 72.8573048, 21.0384845 ], [ 72.8570636, 21.0381542 ], [ 72.8566584, 21.0377626 ], [ 72.8556406, 21.0375587 ], [ 72.8546789, 21.0376022 ], [ 72.8540482, 21.0378561 ], [ 72.8530389, 21.0381755 ], [ 72.8526275, 21.0383047 ], [ 72.8517098, 21.0387297 ], [ 72.8508916, 21.0397814 ], [ 72.8496476, 21.0403356 ], [ 72.8488589, 21.0404873 ], [ 72.8479992, 21.0405721 ], [ 72.8475407, 21.0402664 ], [ 72.8472649, 21.0394538 ], [ 72.847485, 21.0380101 ], [ 72.8480747, 21.036185 ], [ 72.8481964, 21.0350383 ], [ 72.8481344, 21.0341572 ], [ 72.8475842, 21.0329676 ], [ 72.8471959, 21.0326385 ], [ 72.8465943, 21.0322304 ], [ 72.8452978, 21.0317631 ], [ 72.8446745, 21.0313433 ], [ 72.8437444, 21.0309511 ], [ 72.8427634, 21.0308043 ], [ 72.8418325, 21.0309031 ], [ 72.8407035, 21.031181 ], [ 72.8400974, 21.0316053 ], [ 72.8389639, 21.0325563 ], [ 72.838524, 21.0339683 ], [ 72.8384167, 21.0355154 ], [ 72.8386474, 21.0369874 ], [ 72.839334, 21.0384845 ], [ 72.8395754, 21.0397412 ], [ 72.839478, 21.0407655 ], [ 72.8393179, 21.0413233 ], [ 72.838245, 21.0432309 ], [ 72.8375906, 21.0440219 ], [ 72.8371239, 21.0445326 ], [ 72.8363138, 21.0451434 ], [ 72.8352624, 21.045564 ], [ 72.833991, 21.0458043 ], [ 72.8325341, 21.0458589 ], [ 72.8320491, 21.0457993 ], [ 72.8317105, 21.0456819 ], [ 72.8312552, 21.0454538 ], [ 72.830885, 21.0451384 ], [ 72.8301662, 21.0439118 ], [ 72.829839, 21.0430707 ], [ 72.8294796, 21.041839 ], [ 72.8292167, 21.0399515 ], [ 72.8294527, 21.0378286 ], [ 72.8296512, 21.0368222 ], [ 72.8298175, 21.0358659 ], [ 72.8297102, 21.0349797 ], [ 72.8295171, 21.0342737 ], [ 72.8289109, 21.0331721 ], [ 72.8281438, 21.0321858 ], [ 72.8275617, 21.0317369 ], [ 72.8264955, 21.0312525 ], [ 72.8256762, 21.0311493 ], [ 72.8249627, 21.0312044 ], [ 72.8232247, 21.031625 ], [ 72.8222024, 21.0317118 ], [ 72.8194353, 21.0317142 ], [ 72.8163516, 21.032007 ], [ 72.8147006, 21.032366 ], [ 72.8139496, 21.0327165 ], [ 72.8130054, 21.0335677 ], [ 72.8117019, 21.0349396 ], [ 72.8109509, 21.0359059 ], [ 72.8105539, 21.036647 ], [ 72.8104198, 21.0372728 ], [ 72.8105164, 21.0380589 ], [ 72.810291, 21.0387048 ], [ 72.8103071, 21.0393807 ], [ 72.8100818, 21.0412432 ], [ 72.8098082, 21.0419091 ], [ 72.8095038, 21.0422249 ], [ 72.8090814, 21.0423948 ], [ 72.8086281, 21.0424198 ], [ 72.8073943, 21.0421695 ], [ 72.8060961, 21.0420493 ], [ 72.8042856, 21.0420868 ], [ 72.8032207, 21.0423272 ], [ 72.8028828, 21.0422871 ], [ 72.8026199, 21.0422946 ], [ 72.8013432, 21.0424423 ], [ 72.7995032, 21.0426876 ], [ 72.7978867, 21.0430993 ], [ 72.7970946, 21.0433635 ], [ 72.7967137, 21.0434962 ], [ 72.7963006, 21.0435939 ], [ 72.795784, 21.0437187 ], [ 72.7942032, 21.0442072 ], [ 72.7934173, 21.0445626 ], [ 72.7924919, 21.0450758 ], [ 72.7916202, 21.0458518 ], [ 72.791478, 21.0458068 ], [ 72.7910221, 21.0458118 ], [ 72.7908128, 21.0457066 ], [ 72.7906117, 21.045624 ], [ 72.790153, 21.0456641 ], [ 72.7898258, 21.0458268 ], [ 72.7895307, 21.0459645 ], [ 72.7889997, 21.0464051 ], [ 72.7884418, 21.0475265 ], [ 72.7881923, 21.0484953 ], [ 72.7880252, 21.0491914 ], [ 72.7880796, 21.0496961 ], [ 72.7893088, 21.0517828 ], [ 72.7901503, 21.0531312 ], [ 72.7904534, 21.0536869 ], [ 72.7909631, 21.0543177 ], [ 72.7928615, 21.0568967 ], [ 72.7930713, 21.0575467 ], [ 72.7930793, 21.0583427 ], [ 72.7930337, 21.058966 ], [ 72.7926776, 21.0597494 ], [ 72.7923256, 21.0601099 ], [ 72.7919716, 21.0603952 ], [ 72.7916416, 21.060588 ], [ 72.7913386, 21.0607406 ], [ 72.7906714, 21.0610284 ], [ 72.7899733, 21.0613189 ], [ 72.789244, 21.0615646 ], [ 72.7869357, 21.0623487 ], [ 72.7848208, 21.0628958 ], [ 72.7838498, 21.0632011 ], [ 72.7823639, 21.0635566 ], [ 72.7802181, 21.0639771 ], [ 72.7800961, 21.0639996 ], [ 72.7799258, 21.0639608 ], [ 72.7797675, 21.063907 ], [ 72.7795811, 21.0635803 ], [ 72.7795798, 21.0634965 ], [ 72.7797621, 21.0633112 ], [ 72.7800357, 21.0630359 ], [ 72.7802664, 21.0625403 ], [ 72.7802342, 21.0620247 ], [ 72.7797836, 21.0611036 ], [ 72.7796227, 21.0603977 ], [ 72.7795637, 21.0592063 ], [ 72.779569, 21.0588959 ], [ 72.7796173, 21.0586055 ], [ 72.77973, 21.0582151 ], [ 72.7801001, 21.0564729 ], [ 72.7799606, 21.0544504 ], [ 72.7795047, 21.0524629 ], [ 72.7787375, 21.0507407 ], [ 72.7781314, 21.0491687 ], [ 72.7775627, 21.0488983 ], [ 72.7759749, 21.0485028 ], [ 72.7741509, 21.0484978 ], [ 72.7734965, 21.0485579 ], [ 72.7728528, 21.0488633 ], [ 72.771517, 21.0495492 ], [ 72.7705461, 21.0499797 ], [ 72.7694802, 21.0500153 ], [ 72.7664768, 21.0485919 ], [ 72.76604, 21.0484978 ], [ 72.765694, 21.0485187 ], [ 72.7648544, 21.0486981 ], [ 72.7643824, 21.0488432 ], [ 72.7634919, 21.0488583 ], [ 72.7620119, 21.0494484 ], [ 72.7615607, 21.0496443 ], [ 72.7611763, 21.0499286 ], [ 72.7606217, 21.050655 ], [ 72.7601686, 21.0511964 ], [ 72.758999, 21.0511088 ], [ 72.7585999, 21.0511356 ], [ 72.758392, 21.0511271 ], [ 72.7571051, 21.0513492 ], [ 72.7561137, 21.0517056 ], [ 72.7534014, 21.0516318 ], [ 72.7506387, 21.0511412 ], [ 72.749995, 21.0508358 ], [ 72.7478921, 21.0508008 ], [ 72.7467227, 21.0505705 ], [ 72.7455532, 21.0502901 ], [ 72.7448398, 21.0500248 ], [ 72.7445313, 21.0499522 ], [ 72.7443811, 21.0499772 ], [ 72.7432117, 21.0495817 ], [ 72.7419269, 21.0487681 ], [ 72.7410471, 21.0482675 ], [ 72.7400763, 21.0478893 ], [ 72.7392838, 21.0475377 ], [ 72.7388514, 21.0473554 ], [ 72.7382629, 21.0472235 ], [ 72.7377103, 21.0471862 ], [ 72.7370734, 21.0471905 ], [ 72.7366842, 21.0471862 ], [ 72.7360768, 21.0473774 ], [ 72.7360239, 21.0473941 ], [ 72.7357223, 21.0474819 ], [ 72.7353993, 21.0475759 ], [ 72.7343685, 21.0477739 ], [ 72.7335283, 21.0481541 ], [ 72.7314056, 21.0493733 ], [ 72.7310338, 21.0494366 ], [ 72.7302704, 21.0497887 ], [ 72.7298488, 21.0500876 ], [ 72.7295512, 21.0503902 ], [ 72.7293152, 21.0506355 ], [ 72.7284369, 21.0510803 ], [ 72.7282852, 21.0512313 ], [ 72.7281082, 21.0520223 ], [ 72.7283027, 21.0521176 ], [ 72.7275205, 21.053017 ], [ 72.7270703, 21.0532995 ], [ 72.7266973, 21.0535643 ], [ 72.7266866, 21.0537996 ], [ 72.7265954, 21.0539648 ], [ 72.7259546, 21.060692 ], [ 72.7258817, 21.0606351 ], [ 72.7255084, 21.0608705 ], [ 72.7253653, 21.0612631 ], [ 72.7244969, 21.0754079 ], [ 72.7256137, 21.075235 ] ], [ [ 72.8194986, 21.0333489 ], [ 72.8209206, 21.0332548 ], [ 72.8214596, 21.0333971 ], [ 72.8217173, 21.0334951 ], [ 72.8217004, 21.0336492 ], [ 72.821486, 21.0340596 ], [ 72.821169, 21.0345461 ], [ 72.8210549, 21.0349668 ], [ 72.8210362, 21.0357125 ], [ 72.8212403, 21.0370558 ], [ 72.821415, 21.0376322 ], [ 72.8216529, 21.038532 ], [ 72.8218523, 21.0391645 ], [ 72.8219801, 21.0394733 ], [ 72.8219131, 21.0396961 ], [ 72.8217226, 21.0398989 ], [ 72.8214784, 21.0400578 ], [ 72.8186381, 21.0406174 ], [ 72.8161704, 21.0407576 ], [ 72.8151405, 21.0405823 ], [ 72.8149206, 21.0405072 ], [ 72.8149922, 21.0397019 ], [ 72.8149903, 21.0384945 ], [ 72.8149205, 21.0376033 ], [ 72.8143251, 21.0359961 ], [ 72.8141749, 21.0354453 ], [ 72.8141212, 21.0349046 ], [ 72.8142178, 21.0346692 ], [ 72.8143465, 21.0344539 ], [ 72.814883, 21.0341786 ], [ 72.8156769, 21.0339182 ], [ 72.8170416, 21.033667 ], [ 72.8194986, 21.0333489 ] ], [ [ 72.7927387, 21.0519973 ], [ 72.7930069, 21.0527833 ], [ 72.7935797, 21.0544422 ], [ 72.793656, 21.0552414 ], [ 72.7936774, 21.0558221 ], [ 72.793597, 21.0564178 ], [ 72.7934503, 21.0569662 ], [ 72.7926099, 21.0558572 ], [ 72.7920132, 21.0548591 ], [ 72.7909148, 21.0535643 ], [ 72.7900135, 21.0522526 ], [ 72.7889621, 21.0506005 ], [ 72.7884042, 21.0493289 ], [ 72.7884579, 21.0487381 ], [ 72.7887368, 21.0478169 ], [ 72.7891338, 21.0470059 ], [ 72.7896649, 21.0463049 ], [ 72.790279, 21.0460607 ], [ 72.7908558, 21.0461047 ], [ 72.7914512, 21.0462348 ], [ 72.7917194, 21.0471961 ], [ 72.7918053, 21.0479871 ], [ 72.7920627, 21.05023 ], [ 72.7923632, 21.0512513 ], [ 72.7927387, 21.0519973 ] ], [ [ 72.7585781, 21.053364 ], [ 72.7585888, 21.0531112 ], [ 72.758857, 21.0529785 ], [ 72.7596214, 21.0527407 ], [ 72.7600855, 21.0527157 ], [ 72.7612334, 21.0529585 ], [ 72.7632344, 21.0540098 ], [ 72.764259, 21.0547257 ], [ 72.7646452, 21.0552964 ], [ 72.7648651, 21.0557971 ], [ 72.7648866, 21.0562727 ], [ 72.7648659, 21.0567797 ], [ 72.7648622, 21.0570369 ], [ 72.7648572, 21.0575011 ], [ 72.765032, 21.058261 ], [ 72.7648276, 21.05814 ], [ 72.7645969, 21.0581099 ], [ 72.7644414, 21.0580098 ], [ 72.7638506, 21.0576434 ], [ 72.7627462, 21.0570186 ], [ 72.7619314, 21.0564408 ], [ 72.7611945, 21.0559237 ], [ 72.7607855, 21.0556519 ], [ 72.7604312, 21.055369 ], [ 72.7596998, 21.0548018 ], [ 72.7587819, 21.054165 ], [ 72.7586773, 21.0538271 ], [ 72.7585781, 21.053364 ] ], [ [ 72.7783889, 21.0504954 ], [ 72.7785283, 21.0507807 ], [ 72.7790129, 21.0517324 ], [ 72.7793544, 21.0525029 ], [ 72.7798158, 21.0543052 ], [ 72.7798963, 21.0551062 ], [ 72.7799553, 21.0559072 ], [ 72.7798802, 21.056568 ], [ 72.7793544, 21.0588859 ], [ 72.7793974, 21.0606781 ], [ 72.779628, 21.0615491 ], [ 72.7799606, 21.0620948 ], [ 72.7800411, 21.0625203 ], [ 72.7798641, 21.0628106 ], [ 72.7796763, 21.0630409 ], [ 72.7793866, 21.0632612 ], [ 72.7791291, 21.0633463 ], [ 72.7791238, 21.0635916 ], [ 72.7793652, 21.0637267 ], [ 72.7795422, 21.0641272 ], [ 72.7792364, 21.0642374 ], [ 72.7785076, 21.064277 ], [ 72.7775413, 21.0641823 ], [ 72.775712, 21.0634815 ], [ 72.7752507, 21.0633062 ], [ 72.7740115, 21.0628257 ], [ 72.7727445, 21.0621321 ], [ 72.7718845, 21.0616442 ], [ 72.7710074, 21.0611687 ], [ 72.7703369, 21.060628 ], [ 72.7690816, 21.0602926 ], [ 72.7680463, 21.0599071 ], [ 72.7672523, 21.0594966 ], [ 72.766673, 21.0591562 ], [ 72.7660078, 21.0586756 ], [ 72.7655035, 21.0582451 ], [ 72.7653265, 21.0575943 ], [ 72.7654338, 21.0559923 ], [ 72.7652407, 21.0553315 ], [ 72.7648812, 21.0548008 ], [ 72.7641517, 21.0540349 ], [ 72.7628213, 21.0532539 ], [ 72.7620488, 21.0528784 ], [ 72.7611369, 21.0523377 ], [ 72.7611905, 21.0518872 ], [ 72.7614105, 21.0515317 ], [ 72.7618396, 21.0510511 ], [ 72.7624029, 21.05021 ], [ 72.7629608, 21.0499547 ], [ 72.7635938, 21.0498596 ], [ 72.7641892, 21.0496843 ], [ 72.7651226, 21.0493789 ], [ 72.7654982, 21.0491486 ], [ 72.765938, 21.0489884 ], [ 72.7667588, 21.0491937 ], [ 72.7678853, 21.0497044 ], [ 72.7688402, 21.050195 ], [ 72.7698165, 21.0504703 ], [ 72.7702188, 21.0504603 ], [ 72.7709109, 21.0502801 ], [ 72.7718711, 21.0498095 ], [ 72.7728099, 21.0493389 ], [ 72.7734107, 21.0490085 ], [ 72.7741134, 21.0487531 ], [ 72.7749073, 21.0487281 ], [ 72.7758729, 21.0488282 ], [ 72.7767527, 21.0489033 ], [ 72.7777076, 21.0492388 ], [ 72.7781314, 21.0498245 ], [ 72.7782118, 21.0500949 ], [ 72.7782279, 21.0503001 ], [ 72.7783889, 21.0504954 ] ], [ [ 72.7947235, 21.0682571 ], [ 72.794466, 21.0681069 ], [ 72.7943695, 21.0680218 ], [ 72.7943373, 21.0678266 ], [ 72.7944553, 21.0676564 ], [ 72.7945787, 21.0674962 ], [ 72.7948952, 21.0675112 ], [ 72.795335, 21.0677965 ], [ 72.7955872, 21.068177 ], [ 72.7958178, 21.0684623 ], [ 72.7959573, 21.0686475 ], [ 72.7959412, 21.0687376 ], [ 72.7957535, 21.0687577 ], [ 72.7955067, 21.0686826 ], [ 72.7952707, 21.0685574 ], [ 72.7949917, 21.0683622 ], [ 72.7947235, 21.0682571 ] ], [ [ 72.7939408, 21.069995 ], [ 72.7938233, 21.0694426 ], [ 72.7939431, 21.069235 ], [ 72.7941189, 21.0691243 ], [ 72.7946978, 21.0693642 ], [ 72.7954692, 21.0694334 ], [ 72.7960363, 21.0693491 ], [ 72.7963945, 21.0696492 ], [ 72.7962685, 21.0702894 ], [ 72.7963114, 21.0706498 ], [ 72.7964929, 21.0709069 ], [ 72.7963436, 21.0711304 ], [ 72.7960432, 21.0711805 ], [ 72.7951477, 21.0708461 ], [ 72.7943855, 21.0704696 ], [ 72.7939408, 21.069995 ] ], [ [ 72.8028864, 21.0778055 ], [ 72.8030828, 21.0779042 ], [ 72.8031243, 21.0779782 ], [ 72.8033774, 21.078986 ], [ 72.8034151, 21.0791833 ], [ 72.8035058, 21.0797189 ], [ 72.8035511, 21.0801453 ], [ 72.8035511, 21.0801805 ], [ 72.8034755, 21.0806491 ], [ 72.8033358, 21.0813116 ], [ 72.8032943, 21.0814561 ], [ 72.8032376, 21.08159 ], [ 72.8031281, 21.0818049 ], [ 72.8030866, 21.0818718 ], [ 72.8029657, 21.0820198 ], [ 72.8027807, 21.0821537 ], [ 72.8026598, 21.0822136 ], [ 72.8008585, 21.082862 ], [ 72.8002769, 21.0831333 ], [ 72.8000126, 21.0832883 ], [ 72.7998766, 21.083387 ], [ 72.7996727, 21.0836196 ], [ 72.7995519, 21.0840177 ], [ 72.7993857, 21.0843701 ], [ 72.7992913, 21.084511 ], [ 72.7991969, 21.084733 ], [ 72.7991213, 21.0848282 ], [ 72.7990949, 21.0848282 ], [ 72.7990723, 21.0848105 ], [ 72.7988532, 21.0844899 ], [ 72.7987739, 21.0844018 ], [ 72.7986682, 21.0843384 ], [ 72.7985511, 21.0843137 ], [ 72.798502, 21.084282 ], [ 72.7983434, 21.0840494 ], [ 72.7982037, 21.0839402 ], [ 72.7978827, 21.0837429 ], [ 72.7977769, 21.0834222 ], [ 72.7977467, 21.083239 ], [ 72.7977392, 21.0831333 ], [ 72.7977505, 21.0827563 ], [ 72.7978374, 21.0822735 ], [ 72.7978714, 21.0821255 ], [ 72.7979809, 21.0817838 ], [ 72.7980488, 21.0816146 ], [ 72.7984114, 21.0810086 ], [ 72.798536, 21.080635 ], [ 72.7987966, 21.0802439 ], [ 72.7989816, 21.0799832 ], [ 72.7993706, 21.0794757 ], [ 72.7999861, 21.0788168 ], [ 72.800613, 21.0782601 ], [ 72.8007867, 21.0781508 ], [ 72.8009907, 21.0780804 ], [ 72.801391, 21.0779817 ], [ 72.8015949, 21.0778478 ], [ 72.8021425, 21.0776857 ], [ 72.8023804, 21.0777033 ], [ 72.8024106, 21.0777386 ], [ 72.8024257, 21.0778584 ], [ 72.8024899, 21.0779006 ], [ 72.8026901, 21.0778266 ], [ 72.8028864, 21.0778055 ] ], [ [ 72.7991639, 21.0865573 ], [ 72.7992334, 21.0865898 ], [ 72.7992913, 21.086687 ], [ 72.7997856, 21.0873933 ], [ 72.8000946, 21.0877068 ], [ 72.800921, 21.08824 ], [ 72.8015814, 21.0885823 ], [ 72.8017552, 21.0887553 ], [ 72.8017359, 21.0888165 ], [ 72.8015698, 21.0888634 ], [ 72.8012338, 21.088885 ], [ 72.800836, 21.0888742 ], [ 72.8006468, 21.0888418 ], [ 72.8004537, 21.0887625 ], [ 72.7999092, 21.0883842 ], [ 72.7995655, 21.0881968 ], [ 72.7993724, 21.0880419 ], [ 72.7990248, 21.0876311 ], [ 72.7989592, 21.0874617 ], [ 72.7989128, 21.0872239 ], [ 72.7989322, 21.0869717 ], [ 72.7990596, 21.0866294 ], [ 72.7991214, 21.0865681 ], [ 72.7991639, 21.0865573 ] ] ] } },
{ "type": "Feature", "properties": { "element": "relation", "id": 8452499, "waterway": null }, "geometry": { "type": "Polygon", "coordinates": [ [ [ 72.865743, 21.2260467 ], [ 72.8665101, 21.2260767 ], [ 72.8690582, 21.2263468 ], [ 72.8707588, 21.2267068 ], [ 72.8720355, 21.2270168 ], [ 72.87269, 21.2271768 ], [ 72.8759569, 21.2283119 ], [ 72.8786713, 21.229407 ], [ 72.8806186, 21.2304271 ], [ 72.8814447, 21.2308671 ], [ 72.8824049, 21.2314322 ], [ 72.8852649, 21.2336377 ], [ 72.8895222, 21.2365288 ], [ 72.8907312, 21.2376841 ], [ 72.8922486, 21.2394324 ], [ 72.8926939, 21.2399174 ], [ 72.8929084, 21.2402024 ], [ 72.8943193, 21.2428574 ], [ 72.8955911, 21.2454865 ], [ 72.8970176, 21.2476773 ], [ 72.8977632, 21.2491072 ], [ 72.8979993, 21.2494372 ], [ 72.89823, 21.2496722 ], [ 72.8995442, 21.2505821 ], [ 72.9000592, 21.2511171 ], [ 72.9006225, 21.251787 ], [ 72.9010999, 21.2527069 ], [ 72.9014271, 21.2535569 ], [ 72.9020494, 21.2545668 ], [ 72.9024571, 21.2551817 ], [ 72.9027629, 21.2558317 ], [ 72.902897, 21.2562216 ], [ 72.9031116, 21.2565266 ], [ 72.9033637, 21.2569065 ], [ 72.9037231, 21.2573615 ], [ 72.9051608, 21.2592313 ], [ 72.9059386, 21.2607861 ], [ 72.9065287, 21.2617159 ], [ 72.9078698, 21.2639656 ], [ 72.9087067, 21.2652004 ], [ 72.9101121, 21.2670651 ], [ 72.910831, 21.2681699 ], [ 72.9122525, 21.2704394 ], [ 72.9130733, 21.2721091 ], [ 72.9141676, 21.2736187 ], [ 72.9143715, 21.2740236 ], [ 72.9149884, 21.2756083 ], [ 72.9154444, 21.2764131 ], [ 72.9158252, 21.276898 ], [ 72.9162329, 21.2772529 ], [ 72.9168498, 21.2778127 ], [ 72.9174346, 21.2782576 ], [ 72.9184055, 21.2787925 ], [ 72.9192853, 21.2791424 ], [ 72.9207015, 21.2797572 ], [ 72.9230136, 21.280707 ], [ 72.9251862, 21.2815318 ], [ 72.9257601, 21.2818317 ], [ 72.9265755, 21.2821766 ], [ 72.9274446, 21.2824965 ], [ 72.9285443, 21.2828164 ], [ 72.9300753, 21.2833616 ], [ 72.9310656, 21.2838911 ], [ 72.9316771, 21.284276 ], [ 72.932471, 21.2846908 ], [ 72.9335386, 21.2851557 ], [ 72.9343647, 21.2854256 ], [ 72.9353818, 21.2856426 ], [ 72.9361296, 21.2859155 ], [ 72.9369783, 21.286096 ], [ 72.9381338, 21.2865068 ], [ 72.9384738, 21.2865603 ], [ 72.9395038, 21.2866452 ], [ 72.9411614, 21.2863953 ], [ 72.9436827, 21.2858105 ], [ 72.9450345, 21.2854806 ], [ 72.9457587, 21.2853007 ], [ 72.9462522, 21.2851007 ], [ 72.947647, 21.2849108 ], [ 72.9480171, 21.2848508 ], [ 72.9484409, 21.2848183 ], [ 72.9494172, 21.2847083 ], [ 72.9498437, 21.2846883 ], [ 72.9503748, 21.2846983 ], [ 72.9504128, 21.2835246 ], [ 72.9504496, 21.2820582 ], [ 72.9482602, 21.2819732 ], [ 72.9467726, 21.2817517 ], [ 72.9461878, 21.2816267 ], [ 72.945587, 21.2815018 ], [ 72.9447234, 21.2813218 ], [ 72.9440153, 21.2811619 ], [ 72.9434305, 21.2809569 ], [ 72.9427117, 21.280752 ], [ 72.941789, 21.280672 ], [ 72.9409093, 21.280772 ], [ 72.9406786, 21.2808569 ], [ 72.940295, 21.2810044 ], [ 72.9390639, 21.2812493 ], [ 72.9386374, 21.2812843 ], [ 72.9378784, 21.2812318 ], [ 72.9368645, 21.2811269 ], [ 72.9355073, 21.2809319 ], [ 72.9331923, 21.280273 ], [ 72.9297104, 21.2788137 ], [ 72.9269127, 21.2776803 ], [ 72.9232335, 21.2758382 ], [ 72.9221606, 21.2751984 ], [ 72.921077, 21.2745085 ], [ 72.9201758, 21.2735788 ], [ 72.9185557, 21.2713092 ], [ 72.9166245, 21.2682898 ], [ 72.9143608, 21.2649304 ], [ 72.9123974, 21.2617709 ], [ 72.911759, 21.2604311 ], [ 72.9111582, 21.2590413 ], [ 72.9110455, 21.2588263 ], [ 72.9108792, 21.2587113 ], [ 72.910729, 21.2585514 ], [ 72.9105252, 21.2581464 ], [ 72.9103911, 21.2576365 ], [ 72.9101014, 21.2558667 ], [ 72.9099499, 21.2548313 ], [ 72.9092657, 21.2517847 ], [ 72.90883, 21.2503171 ], [ 72.908417, 21.2491572 ], [ 72.9082346, 21.2487072 ], [ 72.9079771, 21.2482373 ], [ 72.9077196, 21.2475723 ], [ 72.9074675, 21.2471323 ], [ 72.9072636, 21.2469073 ], [ 72.9071081, 21.2467573 ], [ 72.9049628, 21.2439622 ], [ 72.9025751, 21.2415324 ], [ 72.9017597, 21.2409924 ], [ 72.8995651, 21.2394556 ], [ 72.895816, 21.2365474 ], [ 72.8950645, 21.2358701 ], [ 72.8931767, 21.2338723 ], [ 72.892723, 21.2335033 ], [ 72.8916387, 21.232878 ], [ 72.8890479, 21.2307351 ], [ 72.8880261, 21.2298621 ], [ 72.886734, 21.229122 ], [ 72.8846081, 21.2276397 ], [ 72.8842885, 21.227419 ], [ 72.8830486, 21.2265626 ], [ 72.8829173, 21.2264719 ], [ 72.8808171, 21.2255117 ], [ 72.8803664, 21.2253067 ], [ 72.879948, 21.2252067 ], [ 72.8793257, 21.2250016 ], [ 72.878049, 21.2242716 ], [ 72.8769571, 21.2237279 ], [ 72.8745243, 21.2226394 ], [ 72.8718361, 21.2217777 ], [ 72.8702062, 21.2215062 ], [ 72.8682321, 21.2213312 ], [ 72.8659415, 21.2211562 ], [ 72.8658292, 21.2238321 ], [ 72.865743, 21.2260467 ] ] ] } },
{ "type": "Feature", "properties": { "element": "relation", "id": 8452500, "waterway": null }, "geometry": { "type": "Polygon", "coordinates": [ [ [ 72.8014928, 21.2174998 ], [ 72.8013459, 21.2177819 ], [ 72.8013164, 21.2178169 ], [ 72.8012949, 21.2178169 ], [ 72.8012574, 21.2178019 ], [ 72.8010696, 21.2177132 ], [ 72.8010227, 21.2177269 ], [ 72.8009891, 21.2177869 ], [ 72.8001809, 21.2192384 ], [ 72.7983821, 21.2217625 ], [ 72.7974513, 21.2230364 ], [ 72.7973548, 21.2231714 ], [ 72.7972448, 21.2233964 ], [ 72.7971697, 21.223699 ], [ 72.7971107, 21.223844 ], [ 72.7970597, 21.223889 ], [ 72.7968344, 21.224044 ], [ 72.796762, 21.224289 ], [ 72.7967057, 21.2244266 ], [ 72.7965286, 21.2246516 ], [ 72.7946618, 21.2263868 ], [ 72.7942246, 21.2268561 ], [ 72.7925616, 21.2290153 ], [ 72.7923954, 21.229382 ], [ 72.7922022, 21.2298771 ], [ 72.7915222, 21.2319495 ], [ 72.7910095, 21.2338136 ], [ 72.7909899, 21.2338848 ], [ 72.790896, 21.2343723 ], [ 72.7908826, 21.2345673 ], [ 72.7908584, 21.2348123 ], [ 72.7908879, 21.2350623 ], [ 72.7910221, 21.2358349 ], [ 72.7910784, 21.2362024 ], [ 72.7911615, 21.2366899 ], [ 72.7913547, 21.2375974 ], [ 72.7913734, 21.2377874 ], [ 72.7913815, 21.2383274 ], [ 72.7914378, 21.2386649 ], [ 72.7916041, 21.2390899 ], [ 72.7918026, 21.2394824 ], [ 72.7919206, 21.2397874 ], [ 72.7919677, 21.2400874 ], [ 72.7919582, 21.2403249 ], [ 72.7919206, 21.2405299 ], [ 72.7919126, 21.2407099 ], [ 72.7925697, 21.2419199 ], [ 72.7927521, 21.2421124 ], [ 72.7929881, 21.2423449 ], [ 72.7936882, 21.2429424 ], [ 72.7937499, 21.2430149 ], [ 72.7938169, 21.2430574 ], [ 72.793884, 21.2430474 ], [ 72.7939939, 21.2429599 ], [ 72.7940395, 21.2429399 ], [ 72.7941522, 21.2429749 ], [ 72.7946055, 21.2434099 ], [ 72.7946243, 21.2435274 ], [ 72.7946457, 21.2436674 ], [ 72.794686, 21.2437899 ], [ 72.7948308, 21.2440249 ], [ 72.7950856, 21.2442849 ], [ 72.7953431, 21.2445199 ], [ 72.7956489, 21.2447399 ], [ 72.7959788, 21.2449424 ], [ 72.7966681, 21.2453049 ], [ 72.797403, 21.2457399 ], [ 72.7982184, 21.2461623 ], [ 72.7984625, 21.2463023 ], [ 72.7987441, 21.2465048 ], [ 72.7999833, 21.2472798 ], [ 72.8002274, 21.2474423 ], [ 72.8006539, 21.2477448 ], [ 72.8013459, 21.2482722 ], [ 72.8023249, 21.2492972 ], [ 72.8024831, 21.2495022 ], [ 72.8027621, 21.2497672 ], [ 72.8033414, 21.2502246 ], [ 72.8043419, 21.2511446 ], [ 72.8047872, 21.251507 ], [ 72.8055945, 21.252172 ], [ 72.8059459, 21.252577 ], [ 72.8062168, 21.2528169 ], [ 72.8066406, 21.2531119 ], [ 72.8068471, 21.2532544 ], [ 72.807346, 21.2536269 ], [ 72.8080219, 21.2540668 ], [ 72.8091624, 21.2548175 ], [ 72.8092638, 21.2548843 ], [ 72.8104305, 21.2555467 ], [ 72.8116885, 21.2562179 ], [ 72.8119245, 21.2563191 ], [ 72.812174, 21.2564316 ], [ 72.8129518, 21.256839 ], [ 72.8134319, 21.2570665 ], [ 72.8139281, 21.2572215 ], [ 72.8146362, 21.257439 ], [ 72.8154463, 21.2576215 ], [ 72.8163823, 21.2578089 ], [ 72.8172943, 21.2579789 ], [ 72.8175062, 21.2580089 ], [ 72.81771, 21.2580039 ], [ 72.8188258, 21.2579989 ], [ 72.818968, 21.2579989 ], [ 72.8190324, 21.2580364 ], [ 72.8191611, 21.2581339 ], [ 72.8193569, 21.2582964 ], [ 72.8195178, 21.2583739 ], [ 72.8208482, 21.2586263 ], [ 72.8214598, 21.2587638 ], [ 72.8218353, 21.2589138 ], [ 72.8221491, 21.2590113 ], [ 72.8225166, 21.2591013 ], [ 72.8237128, 21.2591813 ], [ 72.8243351, 21.2592063 ], [ 72.8248769, 21.2592463 ], [ 72.8252524, 21.2592513 ], [ 72.825703, 21.2592313 ], [ 72.8268081, 21.2590463 ], [ 72.8278005, 21.2588063 ], [ 72.8283799, 21.2585564 ], [ 72.8287125, 21.2583514 ], [ 72.8289914, 21.2580964 ], [ 72.8299624, 21.2571615 ], [ 72.8306115, 21.2566266 ], [ 72.8311747, 21.2559866 ], [ 72.8322101, 21.2548018 ], [ 72.8330201, 21.2539568 ], [ 72.8335029, 21.2535869 ], [ 72.8339374, 21.2533219 ], [ 72.8341091, 21.2530669 ], [ 72.8343451, 21.252177 ], [ 72.8344792, 21.251997 ], [ 72.8347099, 21.251827 ], [ 72.8350854, 21.251662 ], [ 72.8356004, 21.2513321 ], [ 72.8368503, 21.2503621 ], [ 72.8382772, 21.2490072 ], [ 72.8393501, 21.2478873 ], [ 72.8405786, 21.2464673 ], [ 72.8417373, 21.2451574 ], [ 72.8422844, 21.2445174 ], [ 72.8430623, 21.2434874 ], [ 72.8436524, 21.2427024 ], [ 72.8442776, 21.2419189 ], [ 72.8442907, 21.2419024 ], [ 72.8448486, 21.2409124 ], [ 72.8453422, 21.2398974 ], [ 72.8460717, 21.2385074 ], [ 72.8461495, 21.2381999 ], [ 72.8461871, 21.2380299 ], [ 72.846238, 21.2379374 ], [ 72.8464901, 21.2376074 ], [ 72.8468174, 21.2371774 ], [ 72.847622, 21.2356024 ], [ 72.8494191, 21.2334223 ], [ 72.8502506, 21.2324722 ], [ 72.8513449, 21.2313822 ], [ 72.8522569, 21.2306271 ], [ 72.8536892, 21.229602 ], [ 72.8552234, 21.228667 ], [ 72.8564626, 21.2280219 ], [ 72.8585172, 21.2270268 ], [ 72.8594398, 21.2266818 ], [ 72.8606147, 21.2264168 ], [ 72.862165, 21.2261617 ], [ 72.8632271, 21.2260717 ], [ 72.865743, 21.2260467 ], [ 72.8658292, 21.2238321 ], [ 72.8659415, 21.2211562 ], [ 72.8631634, 21.2211653 ], [ 72.8612477, 21.2213012 ], [ 72.8604376, 21.2214962 ], [ 72.8571707, 21.2225263 ], [ 72.8548479, 21.2233164 ], [ 72.8541559, 21.2236465 ], [ 72.8523133, 21.2246917 ], [ 72.8498197, 21.2262564 ], [ 72.848506, 21.2275604 ], [ 72.845903, 21.230429 ], [ 72.8434581, 21.2330934 ], [ 72.8425178, 21.2339182 ], [ 72.8410135, 21.2354341 ], [ 72.8400948, 21.23624 ], [ 72.836931, 21.2388693 ], [ 72.8358307, 21.2396647 ], [ 72.8326968, 21.2429581 ], [ 72.8311747, 21.2447824 ], [ 72.8309065, 21.2450899 ], [ 72.8305444, 21.2454724 ], [ 72.8297907, 21.2461748 ], [ 72.8292677, 21.2466523 ], [ 72.8277415, 21.2479523 ], [ 72.8262824, 21.2490922 ], [ 72.8254202, 21.2496734 ], [ 72.8249435, 21.2499873 ], [ 72.8241313, 21.2504641 ], [ 72.8231822, 21.2509384 ], [ 72.8222321, 21.2513332 ], [ 72.8220102, 21.2514148 ], [ 72.8202823, 21.251922 ], [ 72.8197432, 21.252082 ], [ 72.8183314, 21.2521976 ], [ 72.8166586, 21.252112 ], [ 72.8157467, 21.251907 ], [ 72.8151298, 21.251702 ], [ 72.8147864, 21.251527 ], [ 72.8139174, 21.2510121 ], [ 72.8120077, 21.2496522 ], [ 72.8098136, 21.2479673 ], [ 72.8077859, 21.2459774 ], [ 72.8059995, 21.2440024 ], [ 72.8047228, 21.2422374 ], [ 72.804063, 21.2413074 ], [ 72.8031295, 21.2397374 ], [ 72.8027111, 21.2390074 ], [ 72.8020245, 21.2373974 ], [ 72.8017455, 21.2364574 ], [ 72.8014183, 21.2352874 ], [ 72.8012627, 21.2342973 ], [ 72.8011783, 21.2330148 ], [ 72.8012681, 21.2311021 ], [ 72.8013968, 21.229267 ], [ 72.8014666, 21.228872 ], [ 72.8016114, 21.2283219 ], [ 72.8024, 21.2264068 ], [ 72.8028023, 21.2256917 ], [ 72.8033709, 21.2248666 ], [ 72.8038645, 21.2242766 ], [ 72.8055208, 21.2215629 ], [ 72.8063114, 21.2201614 ], [ 72.8022981, 21.2179432 ], [ 72.8018073, 21.2176756 ], [ 72.8014928, 21.2174998 ] ] ] } },
{ "type": "Feature", "properties": { "element": "relation", "id": 8452501, "waterway": null }, "geometry": { "type": "Polygon", "coordinates": [ [ [ 72.7163896, 21.1451942 ], [ 72.717095, 21.1450015 ], [ 72.7177843, 21.1449014 ], [ 72.7188062, 21.1449115 ], [ 72.7202654, 21.1447514 ], [ 72.7213597, 21.1448314 ], [ 72.7231407, 21.1448915 ], [ 72.7252328, 21.1449915 ], [ 72.726531, 21.1449315 ], [ 72.7275932, 21.1447914 ], [ 72.7293205, 21.1447314 ], [ 72.7303398, 21.1448014 ], [ 72.7315199, 21.1449915 ], [ 72.7325928, 21.1452717 ], [ 72.7339983, 21.145752 ], [ 72.7349424, 21.1461022 ], [ 72.7359187, 21.1465826 ], [ 72.7372599, 21.1477133 ], [ 72.7385473, 21.1488039 ], [ 72.7394271, 21.1496845 ], [ 72.7400708, 21.1502648 ], [ 72.7409291, 21.1509953 ], [ 72.7415728, 21.1512655 ], [ 72.7422488, 21.1511854 ], [ 72.7429354, 21.1514656 ], [ 72.7431822, 21.1516757 ], [ 72.743386, 21.1519559 ], [ 72.7441156, 21.1530065 ], [ 72.744475, 21.1537119 ], [ 72.7446735, 21.1541672 ], [ 72.7447218, 21.1546925 ], [ 72.7448666, 21.1550777 ], [ 72.7449793, 21.1553729 ], [ 72.7450812, 21.155593 ], [ 72.7453387, 21.1557381 ], [ 72.7457249, 21.1558732 ], [ 72.7465135, 21.1561783 ], [ 72.7471358, 21.1564335 ], [ 72.7479404, 21.1567337 ], [ 72.7488953, 21.1571039 ], [ 72.7498314, 21.1574491 ], [ 72.7500272, 21.1575241 ], [ 72.7501023, 21.1575641 ], [ 72.7501398, 21.1576116 ], [ 72.7501103, 21.1577617 ], [ 72.7498957, 21.1588173 ], [ 72.7499038, 21.1589399 ], [ 72.7499816, 21.1590324 ], [ 72.7501613, 21.159115 ], [ 72.7509016, 21.1594076 ], [ 72.7513656, 21.1595377 ], [ 72.7518725, 21.1595752 ], [ 72.7546138, 21.1595702 ], [ 72.7562231, 21.1596703 ], [ 72.7565342, 21.1597503 ], [ 72.7577715, 21.1602796 ], [ 72.7580684, 21.1604282 ], [ 72.7581757, 21.1604557 ], [ 72.7582991, 21.1604207 ], [ 72.7585217, 21.1601205 ], [ 72.7585566, 21.160083 ], [ 72.7586049, 21.1600905 ], [ 72.7593049, 21.1605783 ], [ 72.7595302, 21.1607409 ], [ 72.7597475, 21.160976 ], [ 72.7597636, 21.1610385 ], [ 72.7597153, 21.1611336 ], [ 72.7595437, 21.1613187 ], [ 72.7595249, 21.1613837 ], [ 72.7595437, 21.1614588 ], [ 72.760756, 21.1622517 ], [ 72.7615124, 21.162767 ], [ 72.7624726, 21.1634923 ], [ 72.7629661, 21.1642527 ], [ 72.7636528, 21.1653633 ], [ 72.7644789, 21.1664739 ], [ 72.7651763, 21.1676645 ], [ 72.7656269, 21.1681447 ], [ 72.7669573, 21.1688851 ], [ 72.7674508, 21.1693853 ], [ 72.7679696, 21.1704524 ], [ 72.7688141, 21.1720985 ], [ 72.7696838, 21.1733752 ], [ 72.7708208, 21.1747051 ], [ 72.7717738, 21.1756742 ], [ 72.7731774, 21.1767958 ], [ 72.7745322, 21.1776935 ], [ 72.7763137, 21.1787024 ], [ 72.7788836, 21.1796033 ], [ 72.7802398, 21.1799733 ], [ 72.7816094, 21.1803311 ], [ 72.7830673, 21.1805999 ], [ 72.7847189, 21.1807953 ], [ 72.7851158, 21.1810254 ], [ 72.7851856, 21.1812555 ], [ 72.7852338, 21.1815206 ], [ 72.7853626, 21.1817007 ], [ 72.7856308, 21.1817707 ], [ 72.7868593, 21.1819208 ], [ 72.7879697, 21.1821359 ], [ 72.7888441, 21.182341 ], [ 72.7900886, 21.1825861 ], [ 72.7905339, 21.1826711 ], [ 72.7906144, 21.1826711 ], [ 72.7906358, 21.1825911 ], [ 72.790727, 21.182476 ], [ 72.7909416, 21.182496 ], [ 72.7911293, 21.182526 ], [ 72.7913547, 21.1825911 ], [ 72.7914995, 21.1825911 ], [ 72.7916872, 21.182516 ], [ 72.7921003, 21.1819558 ], [ 72.7922666, 21.1817757 ], [ 72.7924329, 21.1817257 ], [ 72.7926582, 21.1817557 ], [ 72.7928996, 21.1819958 ], [ 72.7929747, 21.1820559 ], [ 72.7930981, 21.1820408 ], [ 72.793318, 21.1820208 ], [ 72.7935487, 21.1821859 ], [ 72.7936292, 21.182421 ], [ 72.7935219, 21.1827911 ], [ 72.7935165, 21.1828962 ], [ 72.7935541, 21.1829612 ], [ 72.7937257, 21.1830512 ], [ 72.7947757, 21.1835346 ], [ 72.7960056, 21.1841217 ], [ 72.7979686, 21.1849991 ], [ 72.7991445, 21.1855993 ], [ 72.8001121, 21.1860974 ], [ 72.8001603, 21.1861699 ], [ 72.8001469, 21.1862525 ], [ 72.8002033, 21.1863325 ], [ 72.8007531, 21.186495 ], [ 72.8009194, 21.1865075 ], [ 72.8010803, 21.1865876 ], [ 72.8014076, 21.1868027 ], [ 72.8023598, 21.1873779 ], [ 72.8033254, 21.1879556 ], [ 72.8039342, 21.1883507 ], [ 72.8045753, 21.1888909 ], [ 72.8048891, 21.189296 ], [ 72.8052297, 21.1897262 ], [ 72.8057849, 21.1901813 ], [ 72.8058305, 21.1902564 ], [ 72.805919, 21.1903439 ], [ 72.8060263, 21.1903839 ], [ 72.8061229, 21.1903489 ], [ 72.8061578, 21.1902514 ], [ 72.8061283, 21.1900638 ], [ 72.8061095, 21.1899463 ], [ 72.8061551, 21.1898487 ], [ 72.8066218, 21.1893436 ], [ 72.8068203, 21.1892485 ], [ 72.8070831, 21.1893186 ], [ 72.8071958, 21.1894286 ], [ 72.8077483, 21.1898737 ], [ 72.8080165, 21.1901188 ], [ 72.8080487, 21.1902389 ], [ 72.8079629, 21.1904139 ], [ 72.8075391, 21.1908491 ], [ 72.807515, 21.1909041 ], [ 72.8075418, 21.1910091 ], [ 72.8077, 21.1911567 ], [ 72.8080246, 21.1914243 ], [ 72.8081372, 21.1915243 ], [ 72.8082473, 21.1916096 ], [ 72.808494, 21.1917244 ], [ 72.8088802, 21.1920295 ], [ 72.8090197, 21.1922996 ], [ 72.8090841, 21.1924496 ], [ 72.8091136, 21.1926797 ], [ 72.8091592, 21.1927897 ], [ 72.8096416, 21.19333 ], [ 72.8099772, 21.1937475 ], [ 72.8103662, 21.1941877 ], [ 72.8107363, 21.1946253 ], [ 72.810967, 21.1949229 ], [ 72.8113183, 21.195378 ], [ 72.8115886, 21.1958131 ], [ 72.8117797, 21.1962858 ], [ 72.8119138, 21.1966834 ], [ 72.8119497, 21.1969578 ], [ 72.8119138, 21.1972311 ], [ 72.8119205, 21.1973224 ], [ 72.8119755, 21.1973924 ], [ 72.8121257, 21.1974987 ], [ 72.8121887, 21.1975487 ], [ 72.8122035, 21.1975974 ], [ 72.8121793, 21.1976537 ], [ 72.8121445, 21.1977262 ], [ 72.8121364, 21.1980126 ], [ 72.8121619, 21.1980763 ], [ 72.8123108, 21.1982989 ], [ 72.8123885, 21.198709 ], [ 72.8123724, 21.1988716 ], [ 72.8123289, 21.1992248 ], [ 72.8121965, 21.2000777 ], [ 72.8119919, 21.2006444 ], [ 72.8119031, 21.2009696 ], [ 72.8116751, 21.2015573 ], [ 72.8110877, 21.2028401 ], [ 72.8110045, 21.2030627 ], [ 72.810908, 21.2031877 ], [ 72.8103661, 21.2039229 ], [ 72.8099424, 21.204373 ], [ 72.809221, 21.2053254 ], [ 72.8088908, 21.205691 ], [ 72.8086628, 21.2059886 ], [ 72.8083435, 21.2063969 ], [ 72.808006, 21.2068816 ], [ 72.8077505, 21.2072899 ], [ 72.807307, 21.207926 ], [ 72.8061998, 21.2095263 ], [ 72.8056161, 21.2103265 ], [ 72.805084, 21.2112867 ], [ 72.8045861, 21.2121428 ], [ 72.8037196, 21.21361 ], [ 72.8030412, 21.2146633 ], [ 72.8022171, 21.2160692 ], [ 72.8020325, 21.216443 ], [ 72.8019869, 21.216593 ], [ 72.802002, 21.2166938 ], [ 72.8014928, 21.2174998 ], [ 72.8022981, 21.2179432 ], [ 72.8024134, 21.2177832 ], [ 72.8041756, 21.2187508 ], [ 72.8042829, 21.2185458 ], [ 72.8065165, 21.2197739 ], [ 72.8068256, 21.2193309 ], [ 72.807067, 21.2193134 ], [ 72.8072441, 21.2193559 ], [ 72.8073969, 21.2193209 ], [ 72.8075337, 21.2192609 ], [ 72.8076839, 21.2190684 ], [ 72.8079146, 21.2186858 ], [ 72.8085476, 21.2177307 ], [ 72.8095347, 21.2161704 ], [ 72.810275, 21.2149552 ], [ 72.810688, 21.2143151 ], [ 72.8110635, 21.21392 ], [ 72.8116697, 21.213425 ], [ 72.8120559, 21.2130449 ], [ 72.8123403, 21.2127848 ], [ 72.8133407, 21.2119072 ], [ 72.8138208, 21.2114521 ], [ 72.8140542, 21.211197 ], [ 72.8141266, 21.211152 ], [ 72.8142124, 21.2111295 ], [ 72.8146657, 21.211052 ], [ 72.814773, 21.2110145 ], [ 72.8149474, 21.210932 ], [ 72.8151834, 21.2107519 ], [ 72.8157145, 21.2102668 ], [ 72.8166693, 21.2091191 ], [ 72.8173077, 21.2083964 ], [ 72.8176323, 21.2081389 ], [ 72.8178951, 21.2079188 ], [ 72.8180641, 21.2077238 ], [ 72.8181512, 21.2075694 ], [ 72.8181996, 21.2074837 ], [ 72.8180386, 21.2072137 ], [ 72.8179528, 21.2068736 ], [ 72.8189613, 21.2055133 ], [ 72.8192389, 21.2047981 ], [ 72.8194723, 21.2039454 ], [ 72.8196265, 21.2029827 ], [ 72.8195715, 21.2022875 ], [ 72.8193729, 21.2014207 ], [ 72.819137, 21.2006521 ], [ 72.8188956, 21.1996468 ], [ 72.8187722, 21.1993017 ], [ 72.817989, 21.1978213 ], [ 72.81771, 21.1973111 ], [ 72.8176076, 21.197073 ], [ 72.8173568, 21.1965459 ], [ 72.8170878, 21.196118 ], [ 72.816723, 21.1956956 ], [ 72.8165721, 21.1955664 ], [ 72.8153862, 21.1935494 ], [ 72.8152263, 21.1931948 ], [ 72.8152746, 21.1930998 ], [ 72.8153282, 21.1930073 ], [ 72.8153282, 21.1928947 ], [ 72.8152531, 21.1928272 ], [ 72.8151495, 21.1928084 ], [ 72.8149661, 21.1928597 ], [ 72.8148589, 21.1928522 ], [ 72.8147221, 21.1927397 ], [ 72.8141386, 21.1921008 ], [ 72.813918, 21.1919664 ], [ 72.8134979, 21.1916977 ], [ 72.8123415, 21.1908204 ], [ 72.811639, 21.1902008 ], [ 72.8112499, 21.1900163 ], [ 72.8111547, 21.1900288 ], [ 72.811041, 21.1900031 ], [ 72.8106499, 21.1897215 ], [ 72.8106236, 21.1896637 ], [ 72.8106183, 21.1896149 ], [ 72.810621, 21.1895536 ], [ 72.8106022, 21.1895049 ], [ 72.8105405, 21.1894573 ], [ 72.8104399, 21.1894023 ], [ 72.8101596, 21.189216 ], [ 72.8095266, 21.1888584 ], [ 72.8092021, 21.1887008 ], [ 72.8089768, 21.1885833 ], [ 72.8088352, 21.1884939 ], [ 72.8087273, 21.1884257 ], [ 72.8083786, 21.1881081 ], [ 72.8081346, 21.187883 ], [ 72.8075901, 21.1873929 ], [ 72.8068149, 21.1866826 ], [ 72.8062409, 21.1862124 ], [ 72.8053182, 21.1855722 ], [ 72.8040871, 21.1847394 ], [ 72.8035105, 21.1843006 ], [ 72.8025368, 21.1835864 ], [ 72.801657, 21.1829537 ], [ 72.8013539, 21.1827586 ], [ 72.8010294, 21.1825235 ], [ 72.8002002, 21.1819179 ], [ 72.7996529, 21.1816586 ], [ 72.7989291, 21.181249 ], [ 72.7974607, 21.1805432 ], [ 72.7965153, 21.1800816 ], [ 72.7956254, 21.179573 ], [ 72.7947316, 21.1792622 ], [ 72.7933938, 21.1788127 ], [ 72.7919347, 21.1784525 ], [ 72.7889728, 21.1779342 ], [ 72.7877176, 21.1777041 ], [ 72.7866389, 21.1774521 ], [ 72.7850339, 21.1768358 ], [ 72.7838065, 21.1763156 ], [ 72.7834609, 21.1762659 ], [ 72.7832141, 21.1762109 ], [ 72.7829915, 21.1761184 ], [ 72.7825919, 21.1759383 ], [ 72.7825195, 21.1759458 ], [ 72.7824685, 21.1759933 ], [ 72.7824336, 21.1760609 ], [ 72.7822351, 21.1766211 ], [ 72.7821815, 21.1766736 ], [ 72.782093, 21.1766661 ], [ 72.7808592, 21.1761396 ], [ 72.780831, 21.1760996 ], [ 72.7808337, 21.1760321 ], [ 72.7810925, 21.1753781 ], [ 72.7810496, 21.175258 ], [ 72.7809262, 21.175153 ], [ 72.7805185, 21.1749579 ], [ 72.7798426, 21.1746027 ], [ 72.7789736, 21.1740625 ], [ 72.7783906, 21.1737224 ], [ 72.7770317, 21.1727069 ], [ 72.7768305, 21.1725943 ], [ 72.7766722, 21.1724943 ], [ 72.7765784, 21.1724292 ], [ 72.7764925, 21.1722967 ], [ 72.7764791, 21.1721241 ], [ 72.7765167, 21.1719865 ], [ 72.7764818, 21.1716839 ], [ 72.7765167, 21.1714012 ], [ 72.7765301, 21.1711561 ], [ 72.7765113, 21.1709135 ], [ 72.7762645, 21.1700506 ], [ 72.7759588, 21.1693303 ], [ 72.7757657, 21.1690101 ], [ 72.7750951, 21.1679846 ], [ 72.7747464, 21.1673443 ], [ 72.7744252, 21.1668392 ], [ 72.7740759, 21.1660436 ], [ 72.7737643, 21.1653984 ], [ 72.773416, 21.1649831 ], [ 72.7730405, 21.1643028 ], [ 72.7723481, 21.1634935 ], [ 72.7718717, 21.1629779 ], [ 72.7709319, 21.1623729 ], [ 72.7697864, 21.1617614 ], [ 72.7695729, 21.1620716 ], [ 72.7675472, 21.161223 ], [ 72.7672563, 21.1611011 ], [ 72.7672242, 21.161076 ], [ 72.7672148, 21.161036 ], [ 72.7672335, 21.160931 ], [ 72.7672255, 21.1608734 ], [ 72.7671947, 21.1608397 ], [ 72.7665415, 21.1601656 ], [ 72.7661204, 21.1597553 ], [ 72.7660051, 21.1597078 ], [ 72.7658978, 21.1596778 ], [ 72.7657235, 21.1595077 ], [ 72.765246, 21.15908 ], [ 72.7646564, 21.1585691 ], [ 72.7640229, 21.1581745 ], [ 72.7636099, 21.1579994 ], [ 72.7633309, 21.1579443 ], [ 72.7629662, 21.1577993 ], [ 72.7621508, 21.157379 ], [ 72.7615379, 21.1570138 ], [ 72.7611302, 21.1568262 ], [ 72.7611007, 21.1567937 ], [ 72.761106, 21.1567549 ], [ 72.7611476, 21.1566911 ], [ 72.7611852, 21.1565886 ], [ 72.7611342, 21.1564785 ], [ 72.7610591, 21.1563809 ], [ 72.7609451, 21.1562121 ], [ 72.7607131, 21.1559432 ], [ 72.7604556, 21.155538 ], [ 72.7600425, 21.1551427 ], [ 72.759946, 21.1548926 ], [ 72.7599567, 21.1545324 ], [ 72.7599299, 21.1542973 ], [ 72.7598119, 21.1539971 ], [ 72.7594793, 21.1536219 ], [ 72.7590984, 21.1531666 ], [ 72.7585712, 21.1526984 ], [ 72.7574462, 21.1520109 ], [ 72.7567595, 21.1515956 ], [ 72.7559817, 21.1511604 ], [ 72.7549088, 21.1503999 ], [ 72.7539915, 21.1497195 ], [ 72.7518725, 21.1486038 ], [ 72.7507445, 21.1480286 ], [ 72.7500594, 21.1477083 ], [ 72.7489178, 21.1470366 ], [ 72.7485841, 21.1467677 ], [ 72.7482555, 21.1465156 ], [ 72.7479029, 21.1462073 ], [ 72.7475621, 21.1459889 ], [ 72.7470553, 21.1456119 ], [ 72.746341, 21.1450725 ], [ 72.7459358, 21.1446805 ], [ 72.7456176, 21.1444962 ], [ 72.7451563, 21.144151 ], [ 72.7447808, 21.1438958 ], [ 72.74418, 21.1436306 ], [ 72.742946, 21.1428391 ], [ 72.7423024, 21.1424048 ], [ 72.7421516, 21.1423309 ], [ 72.7420298, 21.1422679 ], [ 72.7418235, 21.1421643 ], [ 72.741262, 21.1418966 ], [ 72.7411268, 21.1418227 ], [ 72.7410714, 21.1417925 ], [ 72.7396873, 21.1411515 ], [ 72.7389727, 21.1407823 ], [ 72.7388926, 21.1407409 ], [ 72.7388632, 21.1407257 ], [ 72.7368098, 21.1399258 ], [ 72.7366781, 21.1398745 ], [ 72.7360582, 21.1397806 ], [ 72.7351141, 21.139703 ], [ 72.7337676, 21.1394128 ], [ 72.732271, 21.1391676 ], [ 72.73211, 21.1390776 ], [ 72.7318472, 21.1390075 ], [ 72.7307314, 21.1388074 ], [ 72.7293152, 21.1386023 ], [ 72.7257693, 21.1388074 ], [ 72.7248332, 21.138925 ], [ 72.7238542, 21.1391476 ], [ 72.7234894, 21.1392177 ], [ 72.7229637, 21.1392727 ], [ 72.7223468, 21.1394278 ], [ 72.7203083, 21.1400182 ], [ 72.7199113, 21.1400583 ], [ 72.7192515, 21.1399982 ], [ 72.7184254, 21.1400858 ], [ 72.7180177, 21.1401583 ], [ 72.7176771, 21.1401533 ], [ 72.7170669, 21.1401158 ], [ 72.7163467, 21.1400032 ], [ 72.7162424, 21.1425305 ], [ 72.7158836, 21.1453601 ], [ 72.7163896, 21.1451942 ] ], [ [ 72.7463311, 21.1510003 ], [ 72.746948, 21.1515056 ], [ 72.7475488, 21.1519459 ], [ 72.7483749, 21.1524562 ], [ 72.7488792, 21.1528864 ], [ 72.7499092, 21.1536369 ], [ 72.7506602, 21.1541372 ], [ 72.752409, 21.1553879 ], [ 72.7530312, 21.1558081 ], [ 72.7539539, 21.1564685 ], [ 72.7546191, 21.1569088 ], [ 72.7552253, 21.157374 ], [ 72.7555445, 21.1576242 ], [ 72.755574, 21.1578218 ], [ 72.7555069, 21.1579493 ], [ 72.7553594, 21.1580094 ], [ 72.7549624, 21.1580394 ], [ 72.7526986, 21.1574991 ], [ 72.7510893, 21.1567387 ], [ 72.7501452, 21.1561183 ], [ 72.7495122, 21.1556981 ], [ 72.7490955, 21.1553712 ], [ 72.7486615, 21.1548831 ], [ 72.747978, 21.1541071 ], [ 72.7474284, 21.1533383 ], [ 72.7467766, 21.1525417 ], [ 72.7463955, 21.1520809 ], [ 72.7458322, 21.1511954 ], [ 72.7457356, 21.1509152 ], [ 72.7457678, 21.1507401 ], [ 72.7459609, 21.1507551 ], [ 72.7463311, 21.1510003 ] ] ] } },
{ "type": "Feature", "properties": { "element": "way", "id": 34126241, "waterway": "canal" }, "geometry": { "type": "LineString", "coordinates": [ [ 72.7411703, 21.191686 ], [ 72.7448156, 21.1943829 ] ] } },
{ "type": "Feature", "properties": { "element": "way", "id": 34126244, "waterway": null }, "geometry": { "type": "Polygon", "coordinates": [ [ [ 72.7820481, 21.222145 ], [ 72.7836148, 21.2222448 ], [ 72.7839164, 21.2225441 ], [ 72.7839748, 21.2229977 ], [ 72.7844906, 21.2236327 ], [ 72.7847825, 21.2241497 ], [ 72.7846365, 21.2245942 ], [ 72.7842667, 21.2245579 ], [ 72.7840819, 21.224322 ], [ 72.7839456, 21.2242041 ], [ 72.7837121, 21.2243039 ], [ 72.7836634, 21.2245397 ], [ 72.7834883, 21.2245035 ], [ 72.7836634, 21.224059 ], [ 72.7840527, 21.2241043 ], [ 72.7840332, 21.2239955 ], [ 72.7835856, 21.2238231 ], [ 72.7834493, 21.2236508 ], [ 72.7835467, 21.2234966 ], [ 72.7833618, 21.2235057 ], [ 72.7830406, 21.222907 ], [ 72.7825638, 21.2225532 ], [ 72.7824179, 21.2223536 ], [ 72.7820481, 21.222145 ] ] ] } },
{ "type": "Feature", "properties": { "element": "way", "id": 34126303, "waterway": null }, "geometry": { "type": "Polygon", "coordinates": [ [ [ 72.7778513, 21.1976468 ], [ 72.7786906, 21.1976128 ], [ 72.7790069, 21.195923 ], [ 72.7787636, 21.1958436 ], [ 72.7787514, 21.1954353 ], [ 72.7783622, 21.1954013 ], [ 72.7778148, 21.1950044 ], [ 72.7774986, 21.1953106 ], [ 72.7777297, 21.1956054 ], [ 72.7775229, 21.1957869 ], [ 72.7778513, 21.1976468 ] ] ] } },
{ "type": "Feature", "properties": { "element": "way", "id": 34127511, "waterway": "river" }, "geometry": { "type": "LineString", "coordinates": [ [ 72.8659821, 21.206407 ], [ 72.8639659, 21.2051006 ], [ 72.8636233, 21.2044111 ], [ 72.8632185, 21.203874 ], [ 72.8631796, 21.2034676 ], [ 72.8627125, 21.2029886 ], [ 72.8624069, 21.2025779 ], [ 72.8621646, 21.2021732 ], [ 72.8619185, 21.2021539 ], [ 72.8616771, 21.2023136 ], [ 72.8609454, 21.2029741 ], [ 72.8602992, 21.2032934 ], [ 72.8597154, 21.2033007 ], [ 72.8593261, 21.2030321 ], [ 72.8588975, 21.2024145 ], [ 72.8587606, 21.2022648 ], [ 72.8585391, 21.2021728 ], [ 72.8582426, 21.202153 ], [ 72.8579461, 21.2020026 ], [ 72.857601, 21.2018088 ], [ 72.8575176, 21.20169 ], [ 72.85747, 21.2015591 ], [ 72.8575127, 21.2014383 ], [ 72.8577117, 21.2012205 ], [ 72.8579008, 21.2011151 ], [ 72.8582203, 21.2010311 ], [ 72.8588873, 21.2005562 ], [ 72.8592561, 21.2001798 ], [ 72.8592249, 21.1999693 ], [ 72.8589057, 21.199708 ], [ 72.8583534, 21.1993774 ], [ 72.8582752, 21.1993306 ], [ 72.8573509, 21.1990441 ], [ 72.856438, 21.198779 ], [ 72.855784, 21.1984233 ], [ 72.8548109, 21.1977193 ], [ 72.854702, 21.1973854 ], [ 72.8549199, 21.1968846 ], [ 72.8555816, 21.1959774 ], [ 72.8566092, 21.1948088 ], [ 72.8567494, 21.194562 ], [ 72.8567182, 21.1941265 ], [ 72.8563913, 21.1937201 ], [ 72.8562978, 21.1932483 ], [ 72.8564535, 21.192595 ], [ 72.8564931, 21.192335 ] ] } },
{ "type": "Feature", "properties": { "element": "way", "id": 34128073, "waterway": "river" }, "geometry": { "type": "LineString", "coordinates": [ [ 72.9638529, 21.1755281 ], [ 72.9629892, 21.1756782 ], [ 72.9622918, 21.1755932 ], [ 72.961117, 21.1757582 ], [ 72.9604572, 21.1756782 ], [ 72.9591107, 21.1769537 ], [ 72.9582524, 21.1767387 ], [ 72.9574853, 21.1768537 ], [ 72.9563856, 21.1764035 ], [ 72.955184, 21.1765886 ], [ 72.9542345, 21.1773539 ], [ 72.952888, 21.1792147 ], [ 72.9525983, 21.1801351 ], [ 72.9525286, 21.1815106 ], [ 72.9522389, 21.1819908 ], [ 72.9513538, 21.182496 ], [ 72.9507798, 21.1829162 ], [ 72.9507288, 21.1835664 ], [ 72.9500288, 21.1834314 ], [ 72.9496694, 21.1833213 ], [ 72.9494548, 21.1830062 ], [ 72.9490712, 21.1829187 ], [ 72.948803, 21.1833914 ], [ 72.9481727, 21.1833814 ], [ 72.9478481, 21.1839816 ], [ 72.9479393, 21.1842642 ], [ 72.9479822, 21.1844168 ], [ 72.9478964, 21.1847294 ], [ 72.9476255, 21.1848119 ], [ 72.9471964, 21.1846544 ], [ 72.9466519, 21.1846919 ], [ 72.9467028, 21.184942 ], [ 72.9470918, 21.1851245 ], [ 72.9473975, 21.1853546 ], [ 72.9475799, 21.1857123 ], [ 72.9480144, 21.1860174 ], [ 72.9476953, 21.1868477 ], [ 72.9475048, 21.1875754 ], [ 72.9479501, 21.1879981 ], [ 72.9477194, 21.1884758 ], [ 72.9470193, 21.1886558 ], [ 72.9466009, 21.1880756 ], [ 72.9462147, 21.1879656 ], [ 72.9461664, 21.1881832 ], [ 72.9463756, 21.1887258 ], [ 72.9462066, 21.1892835 ], [ 72.9457802, 21.1894111 ], [ 72.9452169, 21.189061 ], [ 72.9449165, 21.1881631 ], [ 72.9446563, 21.1879581 ], [ 72.9443988, 21.1881231 ], [ 72.9442902, 21.1886471 ], [ 72.9438946, 21.1888521 ], [ 72.9436397, 21.1887834 ], [ 72.9431248, 21.1883932 ], [ 72.9426205, 21.1882982 ], [ 72.9421538, 21.1886358 ], [ 72.9419178, 21.1891835 ], [ 72.9414296, 21.1896762 ], [ 72.9411292, 21.1896537 ], [ 72.9408798, 21.1896537 ], [ 72.9404426, 21.1898737 ], [ 72.9395789, 21.1899638 ], [ 72.9394662, 21.1895736 ], [ 72.9397505, 21.1891885 ], [ 72.939595, 21.1889784 ], [ 72.9391658, 21.1887033 ], [ 72.9384792, 21.1886383 ], [ 72.9373151, 21.1889234 ], [ 72.9366633, 21.189051 ], [ 72.9356226, 21.1887584 ], [ 72.9349065, 21.1889834 ], [ 72.9342627, 21.189066 ], [ 72.9337397, 21.1889559 ], [ 72.9334246, 21.188557 ], [ 72.9333749, 21.1884482 ], [ 72.9333749, 21.1883882 ], [ 72.9333977, 21.1882619 ], [ 72.933442, 21.1881331 ], [ 72.9335091, 21.1880469 ], [ 72.9336405, 21.1879518 ], [ 72.9337209, 21.187813 ], [ 72.933737, 21.1874779 ], [ 72.9337692, 21.187199 ], [ 72.9337786, 21.1870302 ], [ 72.9337598, 21.1869089 ], [ 72.9336686, 21.1867564 ], [ 72.933505, 21.1866213 ], [ 72.9333508, 21.1865125 ], [ 72.9331791, 21.18647 ], [ 72.9330276, 21.1864513 ], [ 72.9328385, 21.186475 ], [ 72.9325582, 21.1864963 ], [ 72.932353, 21.1865376 ], [ 72.9322176, 21.1865738 ], [ 72.9321425, 21.1866538 ], [ 72.9320768, 21.1867926 ], [ 72.9319561, 21.1869327 ], [ 72.9318635, 21.1870365 ], [ 72.9317603, 21.187074 ], [ 72.9316851, 21.1870878 ], [ 72.9315993, 21.1870753 ], [ 72.9315162, 21.187039 ], [ 72.9314639, 21.186954 ], [ 72.9312895, 21.1865713 ], [ 72.9311889, 21.1863963 ], [ 72.9311004, 21.186355 ], [ 72.9309516, 21.1863337 ], [ 72.9307947, 21.1863362 ], [ 72.9306149, 21.1863637 ], [ 72.9303937, 21.1864713 ], [ 72.9298599, 21.1867164 ], [ 72.929711, 21.1868027 ], [ 72.9295421, 21.1868689 ], [ 72.9294281, 21.1868652 ], [ 72.9292765, 21.1868064 ], [ 72.9291666, 21.1867326 ], [ 72.9290499, 21.1865863 ], [ 72.9289976, 21.1864763 ], [ 72.9288809, 21.1863437 ], [ 72.9287361, 21.186275 ], [ 72.9285, 21.1862299 ], [ 72.9283565, 21.1862312 ], [ 72.9282653, 21.1862562 ], [ 72.9281929, 21.1863087 ], [ 72.9281527, 21.1863725 ], [ 72.928028, 21.1867726 ], [ 72.9280429, 21.1872038 ], [ 72.927678, 21.187442 ], [ 72.9272157, 21.1873966 ], [ 72.9269116, 21.1875554 ], [ 72.9264008, 21.1880884 ], [ 72.9263035, 21.1883379 ], [ 72.9259385, 21.1884627 ], [ 72.9256588, 21.1881565 ], [ 72.9255128, 21.1873172 ], [ 72.9255615, 21.187011 ], [ 72.9258291, 21.1864099 ], [ 72.9257804, 21.186149 ], [ 72.9254155, 21.1863759 ], [ 72.9246978, 21.1864326 ], [ 72.9242964, 21.1864326 ], [ 72.9231044, 21.1854458 ], [ 72.922484, 21.1854799 ], [ 72.9222164, 21.1856954 ], [ 72.9216812, 21.1864553 ], [ 72.921742, 21.1869543 ], [ 72.9214623, 21.1872718 ], [ 72.9211339, 21.1878162 ], [ 72.9210365, 21.1883266 ], [ 72.9207689, 21.1885081 ], [ 72.9203189, 21.1891772 ], [ 72.9203554, 21.1893587 ], [ 72.9201364, 21.1896876 ], [ 72.9195161, 21.1901753 ], [ 72.9192485, 21.190266 ], [ 72.9189809, 21.1899257 ], [ 72.9188349, 21.1889731 ], [ 72.9179348, 21.1887009 ], [ 72.9172146, 21.1887412 ], [ 72.9169156, 21.1888764 ], [ 72.9165968, 21.1891659 ], [ 72.9163372, 21.1892973 ], [ 72.9160669, 21.1893487 ], [ 72.9157367, 21.1892962 ], [ 72.9155077, 21.1892982 ], [ 72.91531, 21.1893776 ], [ 72.9151827, 21.189519 ], [ 72.9150783, 21.1897122 ], [ 72.9149788, 21.1901272 ], [ 72.9148525, 21.1906074 ], [ 72.9148293, 21.1908202 ], [ 72.9146667, 21.190973 ], [ 72.9143951, 21.1910485 ], [ 72.9137261, 21.1913207 ], [ 72.9135802, 21.1917744 ], [ 72.9129476, 21.1927043 ], [ 72.9127287, 21.1930332 ], [ 72.9129598, 21.1934529 ], [ 72.9130085, 21.1936683 ], [ 72.9128382, 21.1939405 ], [ 72.9124854, 21.1939519 ], [ 72.9118894, 21.193657 ], [ 72.9114393, 21.1932827 ], [ 72.9111839, 21.1932827 ], [ 72.9109285, 21.1936343 ], [ 72.9106365, 21.1942354 ], [ 72.9109041, 21.1944736 ], [ 72.9113177, 21.1944962 ], [ 72.9113907, 21.1949499 ], [ 72.9111961, 21.195154 ], [ 72.9108798, 21.1953128 ], [ 72.910746, 21.195585 ], [ 72.910223, 21.1959365 ], [ 72.9098945, 21.1960273 ], [ 72.9089093, 21.195585 ], [ 72.908666, 21.1956076 ], [ 72.9076807, 21.1958912 ], [ 72.9071942, 21.1959592 ], [ 72.9069509, 21.1956984 ], [ 72.9067806, 21.1950746 ], [ 72.9062576, 21.1943942 ], [ 72.9059413, 21.1938838 ], [ 72.9056129, 21.1939745 ], [ 72.9054304, 21.1938611 ], [ 72.9048709, 21.1939405 ], [ 72.9040438, 21.1937477 ], [ 72.903764, 21.1934302 ], [ 72.9039951, 21.1931126 ], [ 72.9038248, 21.1927724 ], [ 72.9035207, 21.1926476 ], [ 72.9029004, 21.1925569 ], [ 72.9018178, 21.1929539 ], [ 72.9008082, 21.192625 ], [ 72.8999567, 21.1921146 ], [ 72.8994215, 21.1916269 ], [ 72.8982417, 21.1915022 ], [ 72.8975848, 21.1915135 ], [ 72.8972807, 21.1916383 ], [ 72.8972442, 21.1918764 ], [ 72.8970983, 21.1919672 ], [ 72.8966239, 21.191729 ], [ 72.8963441, 21.191264 ], [ 72.8964779, 21.1908444 ], [ 72.8964536, 21.1904248 ], [ 72.8961616, 21.190266 ], [ 72.8957481, 21.1902773 ], [ 72.895371, 21.1905609 ], [ 72.8950183, 21.1906743 ], [ 72.894629, 21.1904474 ], [ 72.8944466, 21.1901639 ], [ 72.8941425, 21.1899484 ], [ 72.8936559, 21.1899144 ], [ 72.8931815, 21.1900732 ], [ 72.8925368, 21.1899598 ], [ 72.8922571, 21.1896649 ], [ 72.8917827, 21.1890525 ], [ 72.8910407, 21.1883493 ], [ 72.8904325, 21.1878729 ], [ 72.889727, 21.18751 ], [ 72.887051, 21.1871925 ], [ 72.8859319, 21.1869883 ], [ 72.8855062, 21.1869316 ], [ 72.8853602, 21.1871471 ], [ 72.8856278, 21.1874533 ], [ 72.8858954, 21.1876008 ], [ 72.8859806, 21.1878843 ], [ 72.8856886, 21.1880998 ], [ 72.8843385, 21.1881338 ], [ 72.8837181, 21.1876461 ], [ 72.8830856, 21.1874647 ], [ 72.8825261, 21.1875894 ], [ 72.8823071, 21.187907 ], [ 72.8824166, 21.18844 ], [ 72.8824044, 21.1887916 ], [ 72.8822706, 21.1889277 ], [ 72.8814435, 21.1888937 ], [ 72.8805069, 21.1889277 ], [ 72.8793027, 21.1889504 ], [ 72.8797771, 21.1883493 ], [ 72.8801176, 21.1878503 ], [ 72.8802758, 21.1872945 ], [ 72.8799595, 21.1868749 ], [ 72.8800568, 21.1864779 ], [ 72.8799474, 21.1858315 ], [ 72.8796554, 21.1854345 ], [ 72.8793513, 21.1850716 ], [ 72.8790959, 21.1850489 ], [ 72.878804, 21.1856046 ], [ 72.8784877, 21.1858428 ], [ 72.8778065, 21.1857748 ], [ 72.8773565, 21.1853778 ], [ 72.8768091, 21.1853438 ], [ 72.8762982, 21.1856046 ], [ 72.8762374, 21.1860923 ], [ 72.8761401, 21.1869429 ], [ 72.8760669, 21.1872553 ], [ 72.8758523, 21.1875254 ], [ 72.8756292, 21.1877595 ], [ 72.8749323, 21.1883757 ], [ 72.8746077, 21.1885033 ], [ 72.8742322, 21.1885508 ], [ 72.873559, 21.1885308 ], [ 72.8728858, 21.1885008 ], [ 72.8722581, 21.1885058 ], [ 72.871888, 21.1884232 ], [ 72.8714749, 21.1881907 ], [ 72.8711611, 21.1880256 ], [ 72.8708795, 21.1879156 ], [ 72.869377, 21.1876348 ], [ 72.8687689, 21.1873059 ], [ 72.8683553, 21.1872832 ], [ 72.8676863, 21.1874306 ], [ 72.8670903, 21.1876121 ], [ 72.866628, 21.1874079 ], [ 72.8659347, 21.1872265 ], [ 72.865217, 21.1870223 ], [ 72.8651319, 21.1867615 ], [ 72.8653752, 21.1861263 ], [ 72.8656428, 21.1859449 ], [ 72.8664091, 21.1860243 ], [ 72.8672119, 21.1858201 ], [ 72.8674552, 21.1855593 ], [ 72.86737, 21.1852871 ], [ 72.8668186, 21.1847894 ], [ 72.8664967, 21.1844443 ], [ 72.8662097, 21.1840541 ], [ 72.8659657, 21.1835789 ], [ 72.8656116, 21.1829662 ], [ 72.8654011, 21.1826823 ], [ 72.8651798, 21.1824322 ], [ 72.8649491, 21.1822597 ], [ 72.8647426, 21.1821484 ], [ 72.8643845, 21.1821146 ], [ 72.864123, 21.1821521 ], [ 72.8638735, 21.1822697 ], [ 72.8636979, 21.1824235 ], [ 72.863233, 21.1831048 ], [ 72.8630166, 21.1833926 ], [ 72.8628346, 21.1836117 ], [ 72.8626782, 21.1837602 ], [ 72.8624731, 21.1838458 ], [ 72.8622618, 21.1838571 ], [ 72.8620418, 21.1837907 ], [ 72.8619043, 21.1836933 ], [ 72.8617881, 21.1835376 ], [ 72.8617311, 21.1833001 ], [ 72.8616044, 21.1823382 ], [ 72.8613611, 21.1819979 ], [ 72.8599988, 21.1815669 ], [ 72.859719, 21.1812721 ], [ 72.8594291, 21.1800801 ], [ 72.8593513, 21.1799212 ], [ 72.8592467, 21.1797862 ], [ 72.8590818, 21.1797262 ], [ 72.858894, 21.1797199 ], [ 72.8586888, 21.1797687 ], [ 72.8583656, 21.1799412 ], [ 72.8581095, 21.1801138 ], [ 72.8577916, 21.1803389 ], [ 72.8575771, 21.1805227 ], [ 72.8573745, 21.1807541 ], [ 72.8572391, 21.1808941 ], [ 72.8570339, 21.1810667 ], [ 72.8568475, 21.1812143 ], [ 72.8558631, 21.1817711 ], [ 72.8551819, 21.1824856 ], [ 72.8550846, 21.1829053 ], [ 72.8549387, 21.183393 ], [ 72.8546954, 21.1835858 ], [ 72.8542453, 21.1835745 ], [ 72.8537588, 21.1833136 ], [ 72.8533131, 21.1829599 ], [ 72.8521532, 21.1822021 ], [ 72.8510949, 21.1811813 ], [ 72.8498177, 21.1795594 ], [ 72.8494163, 21.1794233 ], [ 72.8491487, 21.1795934 ], [ 72.8486378, 21.1795707 ], [ 72.847908, 21.179446 ], [ 72.8472172, 21.1785802 ] ] } },
{ "type": "Feature", "properties": { "element": "way", "id": 34128075, "waterway": "river" }, "geometry": { "type": "LineString", "coordinates": [ [ 72.8477622, 21.1762198 ], [ 72.8478433, 21.1754632 ] ] } },
{ "type": "Feature", "properties": { "element": "way", "id": 34128076, "waterway": "river" }, "geometry": { "type": "LineString", "coordinates": [ [ 72.8779524, 21.1893223 ], [ 72.8774781, 21.1894608 ], [ 72.8769307, 21.1890751 ], [ 72.876432, 21.1887689 ], [ 72.8759698, 21.1887122 ], [ 72.8756779, 21.1888597 ], [ 72.8749323, 21.1883757 ] ] } },
{ "type": "Feature", "properties": { "element": "way", "id": 34128079, "waterway": "river" }, "geometry": { "type": "LineString", "coordinates": [ [ 72.846424, 21.1940766 ], [ 72.847312, 21.1936343 ], [ 72.8482121, 21.1932147 ], [ 72.8486378, 21.1929198 ], [ 72.8488933, 21.1924322 ], [ 72.8494285, 21.1918197 ], [ 72.8502556, 21.191298 ], [ 72.8505719, 21.1908671 ], [ 72.8509368, 21.1906402 ], [ 72.8516581, 21.1899457 ] ] } },
{ "type": "Feature", "properties": { "element": "way", "id": 34129554, "waterway": "canal" }, "geometry": { "type": "LineString", "coordinates": [ [ 72.9275865, 21.306829 ], [ 72.9280577, 21.3052394 ], [ 72.9288216, 21.3026321 ], [ 72.9290215, 21.3020335 ], [ 72.9291786, 21.3013218 ], [ 72.9291928, 21.300783 ], [ 72.9290429, 21.3000846 ], [ 72.9287288, 21.2995459 ], [ 72.9281648, 21.2989672 ], [ 72.9255162, 21.2972444 ], [ 72.9235315, 21.2959141 ], [ 72.9189911, 21.2928544 ], [ 72.9165924, 21.2912247 ], [ 72.9155786, 21.2905994 ], [ 72.9151574, 21.2901205 ], [ 72.9122518, 21.2867812 ], [ 72.9104242, 21.2846326 ], [ 72.9064334, 21.2800625 ], [ 72.901379, 21.2742815 ], [ 72.898659, 21.271228 ], [ 72.8983663, 21.2710217 ], [ 72.8981093, 21.2709153 ], [ 72.8978166, 21.2709086 ], [ 72.897531, 21.2709951 ], [ 72.8921483, 21.2730178 ], [ 72.8848936, 21.2757152 ], [ 72.8806042, 21.2772822 ], [ 72.8740494, 21.279734 ], [ 72.8681018, 21.2819538 ] ] } },
{ "type": "Feature", "properties": { "element": "way", "id": 34130084, "waterway": "stream" }, "geometry": { "type": "LineString", "coordinates": [ [ 72.8235678, 21.2087127 ], [ 72.8234349, 21.2087094 ], [ 72.8232612, 21.208868 ], [ 72.8231865, 21.2091327 ], [ 72.8231267, 21.2094253 ], [ 72.8226933, 21.2097087 ], [ 72.8222797, 21.2099177 ], [ 72.8220007, 21.2099316 ], [ 72.8212285, 21.2097226 ], [ 72.8207153, 21.209718 ], [ 72.820531, 21.2094857 ], [ 72.8203416, 21.2094253 ], [ 72.8197438, 21.2090166 ], [ 72.8195793, 21.2086125 ], [ 72.8189566, 21.2081852 ], [ 72.8183689, 21.2077957 ], [ 72.8181512, 21.2075694 ], [ 72.8178629, 21.2072696 ], [ 72.8179528, 21.2068736 ] ] } },
{ "type": "Feature", "properties": { "element": "way", "id": 34134529, "waterway": "stream" }, "geometry": { "type": "LineString", "coordinates": [ [ 72.9070138, 21.1232225 ], [ 72.9068192, 21.1230772 ], [ 72.9066732, 21.1228775 ], [ 72.9068484, 21.1226506 ], [ 72.9068873, 21.12246 ], [ 72.9067024, 21.122233 ], [ 72.9066051, 21.1221967 ], [ 72.906498, 21.122351 ], [ 72.9063131, 21.1223329 ], [ 72.906138, 21.1221695 ], [ 72.9064299, 21.1213707 ], [ 72.906498, 21.1208261 ], [ 72.9063715, 21.1205901 ], [ 72.9060991, 21.1206354 ], [ 72.9060601, 21.1208442 ], [ 72.9059239, 21.1209985 ], [ 72.9057435, 21.1210559 ], [ 72.9048146, 21.1206899 ], [ 72.9044935, 21.1209168 ], [ 72.9034425, 21.1207534 ], [ 72.9029949, 21.120354 ], [ 72.9025622, 21.1202109 ], [ 72.9025472, 21.120109 ], [ 72.9025764, 21.1194917 ], [ 72.9022359, 21.1189017 ], [ 72.9015352, 21.118475 ], [ 72.9010292, 21.1183842 ], [ 72.9004259, 21.1180484 ], [ 72.8998712, 21.1175582 ], [ 72.8996961, 21.1176581 ], [ 72.8997544, 21.1184115 ], [ 72.8999783, 21.1185295 ], [ 72.8998615, 21.1187473 ], [ 72.8996669, 21.1187564 ], [ 72.8994139, 21.1190741 ], [ 72.8991317, 21.1187201 ], [ 72.8982559, 21.1180121 ], [ 72.8979639, 21.1181664 ], [ 72.8975066, 21.1182662 ], [ 72.8971173, 21.1180847 ], [ 72.8965238, 21.1181664 ], [ 72.8962221, 21.1179304 ], [ 72.8954533, 21.1174583 ], [ 72.89449, 21.1171679 ], [ 72.8935071, 21.1170135 ], [ 72.8930692, 21.1167412 ], [ 72.8927773, 21.1168411 ], [ 72.8924367, 21.1166232 ], [ 72.8921253, 21.116596 ], [ 72.8912787, 21.1157336 ], [ 72.8909673, 21.1156065 ], [ 72.89051, 21.1156973 ], [ 72.8904127, 21.1159152 ], [ 72.889858, 21.1157336 ] ] } },
{ "type": "Feature", "properties": { "element": "way", "id": 34134534, "waterway": "stream" }, "geometry": { "type": "LineString", "coordinates": [ [ 72.889858, 21.1157336 ], [ 72.8896634, 21.1157245 ], [ 72.8893812, 21.1160786 ], [ 72.8880578, 21.1163146 ], [ 72.8877075, 21.1156791 ], [ 72.8874739, 21.1152616 ], [ 72.8866565, 21.1148803 ], [ 72.8864522, 21.1148985 ], [ 72.8863354, 21.11508 ], [ 72.8864132, 21.1153523 ], [ 72.8862965, 21.1159878 ], [ 72.8857321, 21.1162964 ], [ 72.8853623, 21.1162329 ], [ 72.8851482, 21.1165778 ], [ 72.8848757, 21.1169046 ], [ 72.8844184, 21.1171043 ], [ 72.8840583, 21.1171134 ], [ 72.883708, 21.117413 ], [ 72.8834647, 21.1175673 ], [ 72.8829782, 21.1174674 ], [ 72.8830268, 21.1171497 ], [ 72.8827057, 21.116832 ], [ 72.8824819, 21.1166777 ], [ 72.8821608, 21.1166595 ], [ 72.8819078, 21.1168138 ], [ 72.8816645, 21.1165687 ], [ 72.881937, 21.1160241 ], [ 72.8823749, 21.1152797 ], [ 72.881791, 21.1150891 ], [ 72.8812461, 21.1151345 ], [ 72.8807498, 21.1150982 ], [ 72.8802048, 21.1151073 ], [ 72.879981, 21.1148894 ], [ 72.8800783, 21.1146534 ], [ 72.8803411, 21.1145172 ], [ 72.8807011, 21.1144446 ], [ 72.8808763, 21.1142267 ], [ 72.8807206, 21.1140542 ], [ 72.8804773, 21.1140724 ], [ 72.8799421, 21.1138999 ], [ 72.8795918, 21.1136004 ], [ 72.8792317, 21.1132645 ], [ 72.8790858, 21.1129649 ], [ 72.8791636, 21.1127198 ], [ 72.8795237, 21.1126744 ], [ 72.8796015, 21.1127924 ], [ 72.8798351, 21.1128469 ], [ 72.8800394, 21.1127107 ], [ 72.8799713, 21.1124656 ], [ 72.8794848, 21.1122024 ], [ 72.8788328, 21.1119845 ], [ 72.8786284, 21.1121388 ], [ 72.8783949, 21.1121207 ], [ 72.8778208, 21.1123567 ], [ 72.8775094, 21.1125564 ], [ 72.8773342, 21.1129014 ], [ 72.8771007, 21.1130012 ], [ 72.8767017, 21.1126563 ], [ 72.8758259, 21.1120753 ], [ 72.8754172, 21.1116305 ], [ 72.8752712, 21.1112401 ], [ 72.875388, 21.1110767 ], [ 72.8756994, 21.111104 ], [ 72.8762054, 21.1110041 ], [ 72.8764876, 21.1107953 ], [ 72.8765265, 21.1104503 ], [ 72.87604, 21.1102415 ], [ 72.8755729, 21.1102143 ], [ 72.8750961, 21.1101871 ], [ 72.8748528, 21.1098603 ], [ 72.8746387, 21.1098694 ], [ 72.8743176, 21.1098966 ], [ 72.874084, 21.109597 ], [ 72.8736072, 21.1095335 ], [ 72.8731791, 21.1093973 ], [ 72.8732569, 21.1090796 ], [ 72.8734321, 21.1088345 ], [ 72.8738213, 21.108544 ], [ 72.8741132, 21.1082807 ], [ 72.8733348, 21.1077179 ], [ 72.8730234, 21.1075544 ], [ 72.8725465, 21.1076271 ], [ 72.872566, 21.1078722 ], [ 72.8727898, 21.1082625 ], [ 72.8727704, 21.1084895 ], [ 72.8721476, 21.108898 ], [ 72.8717778, 21.1087437 ], [ 72.8712912, 21.1086983 ], [ 72.8705128, 21.1082171 ], [ 72.8701722, 21.1082535 ], [ 72.869997, 21.1084259 ], [ 72.8701041, 21.1086075 ], [ 72.8700457, 21.1088526 ], [ 72.8696759, 21.1092702 ], [ 72.869345, 21.1093701 ], [ 72.8692769, 21.1092157 ], [ 72.8689169, 21.1090069 ], [ 72.8689363, 21.1084078 ], [ 72.8686833, 21.1079539 ], [ 72.8683817, 21.1077269 ], [ 72.8680508, 21.1077814 ], [ 72.8678075, 21.1076725 ], [ 72.867681, 21.1073093 ], [ 72.8674475, 21.1067283 ], [ 72.8671458, 21.1066012 ], [ 72.8667371, 21.1063289 ], [ 72.8664744, 21.1057297 ], [ 72.8664647, 21.1052032 ], [ 72.8662798, 21.1046676 ], [ 72.8658321, 21.1043589 ], [ 72.8654429, 21.104368 ], [ 72.8651996, 21.1046857 ], [ 72.8648785, 21.1051306 ], [ 72.8642866, 21.1053179 ], [ 72.8639052, 21.1053836 ], [ 72.8636427, 21.1052758 ], [ 72.8623387, 21.104831 ], [ 72.8619203, 21.1048219 ], [ 72.8616284, 21.1050761 ], [ 72.8614727, 21.1055482 ], [ 72.8614143, 21.1060202 ], [ 72.8610931, 21.1068827 ], [ 72.8606553, 21.1073366 ], [ 72.8597892, 21.1083715 ], [ 72.8593124, 21.1085984 ], [ 72.8588939, 21.1085349 ], [ 72.8582225, 21.1078813 ], [ 72.8578041, 21.1074455 ], [ 72.8574246, 21.1074909 ], [ 72.856831, 21.1077269 ], [ 72.856432, 21.1082353 ], [ 72.855673, 21.1093701 ], [ 72.8552448, 21.1096969 ], [ 72.8539506, 21.1100055 ], [ 72.8528899, 21.1101962 ], [ 72.8521795, 21.1104413 ], [ 72.8518292, 21.1103777 ], [ 72.8516443, 21.1100418 ], [ 72.8516054, 21.1094699 ], [ 72.8514594, 21.1088435 ], [ 72.8510799, 21.1084713 ], [ 72.8506128, 21.1084078 ], [ 72.850136, 21.1086438 ], [ 72.848871, 21.1096878 ], [ 72.8479174, 21.1106137 ], [ 72.8475087, 21.1113491 ], [ 72.8475476, 21.1115125 ], [ 72.8470221, 21.1116123 ], [ 72.8467496, 21.1118756 ], [ 72.8462047, 21.1121388 ], [ 72.8456208, 21.1119663 ], [ 72.8452705, 21.1116123 ], [ 72.8450564, 21.1111766 ], [ 72.8450467, 21.1100781 ], [ 72.8450362, 21.1092411 ], [ 72.8449943, 21.1089451 ], [ 72.8450522, 21.1086095 ], [ 72.8449194, 21.1082393 ], [ 72.8446954, 21.1078066 ], [ 72.8446185, 21.1074364 ], [ 72.8447061, 21.106919 ], [ 72.8446672, 21.1065468 ], [ 72.8445602, 21.1064651 ], [ 72.8442585, 21.1067011 ], [ 72.8440736, 21.1065831 ], [ 72.843879, 21.1058659 ], [ 72.8441223, 21.1058205 ], [ 72.8440444, 21.1054392 ], [ 72.8437233, 21.1053303 ], [ 72.8433243, 21.104713 ], [ 72.8430227, 21.104604 ], [ 72.8424193, 21.1045314 ], [ 72.8419522, 21.1045314 ], [ 72.8404537, 21.1055572 ], [ 72.840298, 21.1058659 ], [ 72.8401228, 21.1062018 ], [ 72.839792, 21.1063289 ], [ 72.8395195, 21.1061746 ], [ 72.8388383, 21.1059113 ], [ 72.8384977, 21.1054937 ], [ 72.8385075, 21.1051033 ], [ 72.838741, 21.1038868 ], [ 72.8390135, 21.1037779 ], [ 72.8392762, 21.1035237 ], [ 72.8393151, 21.103097 ], [ 72.8394319, 21.1027157 ], [ 72.8390524, 21.1023798 ], [ 72.8385367, 21.10228 ], [ 72.8380307, 21.1020258 ], [ 72.8375733, 21.10159 ], [ 72.8368337, 21.1012813 ], [ 72.8365418, 21.1011724 ], [ 72.8358606, 21.1013358 ], [ 72.8355103, 21.1011996 ], [ 72.8354325, 21.100664 ], [ 72.8352379, 21.1001465 ], [ 72.8350432, 21.0995383 ], [ 72.8351697, 21.0991116 ], [ 72.834907, 21.0989391 ], [ 72.8339826, 21.0982945 ], [ 72.8337295, 21.0982128 ], [ 72.8334863, 21.0983853 ], [ 72.8326494, 21.0988483 ], [ 72.8320753, 21.0994838 ], [ 72.8315206, 21.0998288 ], [ 72.8313941, 21.0997561 ], [ 72.83118, 21.099166 ], [ 72.8309173, 21.0989209 ], [ 72.8306156, 21.0989027 ], [ 72.8303334, 21.0990752 ], [ 72.8300901, 21.0993839 ], [ 72.8298274, 21.0994929 ], [ 72.8296328, 21.0993839 ], [ 72.8294674, 21.0989663 ], [ 72.8291949, 21.098703 ], [ 72.8282218, 21.0981674 ], [ 72.8275114, 21.0975046 ], [ 72.8270735, 21.0973321 ], [ 72.8268497, 21.0974229 ], [ 72.8268303, 21.0976317 ], [ 72.8269276, 21.0980221 ], [ 72.8268984, 21.0983399 ], [ 72.8266843, 21.0985305 ], [ 72.8262659, 21.0984125 ], [ 72.8260518, 21.0981674 ], [ 72.8261296, 21.0976317 ], [ 72.8266162, 21.0964969 ], [ 72.826986, 21.0959703 ], [ 72.8276574, 21.0956707 ], [ 72.8281245, 21.0952712 ], [ 72.828611, 21.0945994 ], [ 72.8290295, 21.0941999 ], [ 72.8292533, 21.0939639 ], [ 72.8292144, 21.093746 ], [ 72.8286694, 21.0935916 ], [ 72.8282023, 21.093746 ], [ 72.8273265, 21.0940274 ], [ 72.8264605, 21.0941818 ], [ 72.8257696, 21.0944451 ], [ 72.8254971, 21.0946811 ], [ 72.8252052, 21.0947265 ], [ 72.8248841, 21.0944632 ], [ 72.8246797, 21.0939366 ], [ 72.8244754, 21.0936915 ], [ 72.8242223, 21.0936007 ], [ 72.8237066, 21.0938005 ], [ 72.8232298, 21.0937914 ], [ 72.8229184, 21.0937278 ], [ 72.8227724, 21.0935463 ], [ 72.822967, 21.0932739 ], [ 72.8233952, 21.0927745 ], [ 72.823658, 21.0921753 ], [ 72.8239499, 21.0920301 ], [ 72.8241348, 21.0921118 ], [ 72.824271, 21.0923932 ], [ 72.8244559, 21.0926747 ], [ 72.8247867, 21.0927564 ], [ 72.8251176, 21.0925657 ], [ 72.8252246, 21.0921662 ], [ 72.8249327, 21.091685 ], [ 72.8243975, 21.0910495 ], [ 72.8237942, 21.0906954 ], [ 72.8230352, 21.0905774 ], [ 72.8226654, 21.0906773 ], [ 72.8225, 21.090986 ], [ 72.8225681, 21.0915307 ], [ 72.8226654, 21.0919029 ], [ 72.8224416, 21.0922298 ], [ 72.8219453, 21.0924023 ], [ 72.8212933, 21.0926565 ] ] } },
{ "type": "Feature", "properties": { "element": "way", "id": 34134674, "waterway": "river" }, "geometry": { "type": "LineString", "coordinates": [ [ 72.8341609, 21.166344 ], [ 72.8346902, 21.1657843 ], [ 72.8350969, 21.1648709 ], [ 72.8351942, 21.1640088 ], [ 72.8348901, 21.1633055 ], [ 72.8341481, 21.162693 ], [ 72.8332845, 21.162296 ], [ 72.8322019, 21.1622279 ], [ 72.8311071, 21.1622733 ], [ 72.8303651, 21.1623414 ], [ 72.8300246, 21.1623867 ], [ 72.8287839, 21.1627043 ], [ 72.8273972, 21.1628178 ], [ 72.8267525, 21.1629085 ], [ 72.8262173, 21.163022 ], [ 72.8258159, 21.1629199 ], [ 72.8249523, 21.1629652 ], [ 72.8241495, 21.1631014 ], [ 72.8234075, 21.1628405 ], [ 72.8227628, 21.1621031 ], [ 72.8215099, 21.1605945 ], [ 72.8201841, 21.1584732 ], [ 72.8194056, 21.157214 ], [ 72.8185906, 21.1570212 ], [ 72.818323, 21.1568056 ], [ 72.8180311, 21.1559322 ], [ 72.8176054, 21.1555351 ], [ 72.817252, 21.1552536 ], [ 72.8166663, 21.1544876 ], [ 72.8156381, 21.1533434 ], [ 72.8147564, 21.1521837 ], [ 72.8140529, 21.1513625 ], [ 72.8133602, 21.1505437 ], [ 72.8127885, 21.1499765 ], [ 72.8126425, 21.1493412 ], [ 72.8117789, 21.148774 ], [ 72.8113775, 21.1482408 ], [ 72.8110369, 21.1472198 ], [ 72.8108794, 21.1468507 ], [ 72.8098513, 21.1438659 ], [ 72.8095824, 21.14256 ], [ 72.8094614, 21.1416339 ], [ 72.8092291, 21.1410344 ], [ 72.8087617, 21.1405615 ], [ 72.8080312, 21.140291 ], [ 72.8072476, 21.1399434 ], [ 72.8064813, 21.1392747 ], [ 72.8062931, 21.1378488 ], [ 72.8060133, 21.1366916 ], [ 72.8062201, 21.1354322 ], [ 72.8066701, 21.1337077 ], [ 72.8065972, 21.1330724 ], [ 72.8063782, 21.1321874 ], [ 72.8064634, 21.1315861 ], [ 72.806731, 21.1308486 ], [ 72.8066458, 21.1303153 ], [ 72.8061106, 21.1297821 ], [ 72.8059281, 21.1291807 ], [ 72.8062079, 21.1285 ], [ 72.8072297, 21.1262988 ], [ 72.8077041, 21.1253117 ], [ 72.8081541, 21.1252209 ], [ 72.8084947, 21.1254252 ], [ 72.8087501, 21.1259357 ], [ 72.8088231, 21.1264463 ], [ 72.8090421, 21.1268661 ], [ 72.8092877, 21.1270053 ], [ 72.8095255, 21.1269288 ], [ 72.8098109, 21.1266671 ], [ 72.8099179, 21.1262875 ], [ 72.8098206, 21.1252323 ], [ 72.8096016, 21.1244153 ], [ 72.8090786, 21.1240409 ], [ 72.8084217, 21.1239388 ], [ 72.8074486, 21.1238367 ], [ 72.8067918, 21.1234395 ], [ 72.8064877, 21.1230538 ], [ 72.8065728, 21.1226226 ], [ 72.8072662, 21.1219758 ], [ 72.8078744, 21.1211702 ], [ 72.8082758, 21.1199561 ], [ 72.8091394, 21.1183676 ], [ 72.8105139, 21.1166996 ], [ 72.8114383, 21.1156897 ], [ 72.812302, 21.1154968 ], [ 72.8131656, 21.1155649 ], [ 72.8140292, 21.1155536 ], [ 72.8145887, 21.1150656 ], [ 72.8147955, 21.1143054 ], [ 72.8143576, 21.1134997 ], [ 72.8130561, 21.1126147 ], [ 72.8123263, 21.1121154 ], [ 72.8125817, 21.1115594 ], [ 72.8131413, 21.1111508 ], [ 72.814759, 21.1108558 ], [ 72.8164255, 21.1104133 ], [ 72.8176297, 21.109653 ], [ 72.8186028, 21.1088019 ], [ 72.8188391, 21.1084597 ], [ 72.8189323, 21.1081893 ], [ 72.8189664, 21.1079496 ] ] } },
{ "type": "Feature", "properties": { "element": "way", "id": 34135095, "waterway": null }, "geometry": { "type": "Polygon", "coordinates": [ [ [ 72.8182401, 21.1177248 ], [ 72.81791, 21.1172193 ], [ 72.8178789, 21.1170044 ], [ 72.8181156, 21.1166151 ], [ 72.8182028, 21.1164408 ], [ 72.8180782, 21.1163595 ], [ 72.8176547, 21.1164176 ], [ 72.8171752, 21.1164234 ], [ 72.8169696, 21.1165047 ], [ 72.81687, 21.1167255 ], [ 72.8167828, 21.1169579 ], [ 72.8172499, 21.117167 ], [ 72.8175862, 21.1172426 ], [ 72.8175737, 21.1173878 ], [ 72.8177668, 21.1175098 ], [ 72.8180035, 21.1178584 ], [ 72.8182401, 21.1177248 ] ] ] } },
{ "type": "Feature", "properties": { "element": "way", "id": 34135560, "waterway": "canal" }, "geometry": { "type": "LineString", "coordinates": [ [ 72.7411703, 21.191686 ], [ 72.7402247, 21.1909393 ], [ 72.7395314, 21.1906558 ], [ 72.7381447, 21.1905537 ], [ 72.7376782, 21.190524 ] ] } },
{ "type": "Feature", "properties": { "element": "way", "id": 34136565, "waterway": null }, "geometry": { "type": "Polygon", "coordinates": [ [ [ 72.8296418, 21.1773647 ], [ 72.8298053, 21.1771033 ], [ 72.8302957, 21.1767549 ], [ 72.8296574, 21.1765008 ], [ 72.829128, 21.1762976 ], [ 72.8289256, 21.1763411 ], [ 72.8288088, 21.1765081 ], [ 72.82891, 21.1767404 ], [ 72.8292915, 21.1773139 ], [ 72.8294472, 21.1772776 ], [ 72.8296418, 21.1773647 ] ] ] } },
{ "type": "Feature", "properties": { "element": "way", "id": 34136604, "waterway": "canal" }, "geometry": { "type": "LineString", "coordinates": [ [ 72.8336841, 21.1780869 ], [ 72.8289576, 21.1760622 ], [ 72.8281851, 21.1757318 ], [ 72.8270801, 21.1752507 ], [ 72.8265847, 21.1750062 ] ] } },
{ "type": "Feature", "properties": { "element": "way", "id": 34136605, "waterway": "canal" }, "geometry": { "type": "LineString", "coordinates": [ [ 72.8261401, 21.1748184 ], [ 72.8200922, 21.1720586 ] ] } },
{ "type": "Feature", "properties": { "element": "way", "id": 34136606, "waterway": "canal" }, "geometry": { "type": "LineString", "coordinates": [ [ 72.8200922, 21.1720586 ], [ 72.8197511, 21.1719168 ] ] } },
{ "type": "Feature", "properties": { "element": "way", "id": 34136607, "waterway": "canal" }, "geometry": { "type": "LineString", "coordinates": [ [ 72.8197511, 21.1719168 ], [ 72.8194321, 21.1717807 ], [ 72.8191913, 21.1716914 ], [ 72.8189735, 21.1716209 ], [ 72.8167439, 21.1710547 ] ] } },
{ "type": "Feature", "properties": { "element": "way", "id": 34136608, "waterway": "canal" }, "geometry": { "type": "LineString", "coordinates": [ [ 72.8167439, 21.1710547 ], [ 72.8156299, 21.1707836 ] ] } },
{ "type": "Feature", "properties": { "element": "way", "id": 34136609, "waterway": "canal" }, "geometry": { "type": "LineString", "coordinates": [ [ 72.8156299, 21.1707836 ], [ 72.8141661, 21.1703857 ] ] } },
{ "type": "Feature", "properties": { "element": "way", "id": 34136610, "waterway": "canal" }, "geometry": { "type": "LineString", "coordinates": [ [ 72.8141661, 21.1703857 ], [ 72.8139039, 21.1703141 ] ] } },
{ "type": "Feature", "properties": { "element": "way", "id": 34136611, "waterway": "canal" }, "geometry": { "type": "LineString", "coordinates": [ [ 72.8139039, 21.1703141 ], [ 72.8129505, 21.1700412 ], [ 72.811725, 21.1697635 ] ] } },
{ "type": "Feature", "properties": { "element": "way", "id": 34136612, "waterway": "canal" }, "geometry": { "type": "LineString", "coordinates": [ [ 72.811725, 21.1697635 ], [ 72.8114665, 21.1696973 ] ] } },
{ "type": "Feature", "properties": { "element": "way", "id": 34136613, "waterway": "canal" }, "geometry": { "type": "LineString", "coordinates": [ [ 72.8114665, 21.1696973 ], [ 72.8086842, 21.1689858 ], [ 72.8071344, 21.1682783 ] ] } },
{ "type": "Feature", "properties": { "element": "way", "id": 34136615, "waterway": "canal" }, "geometry": { "type": "LineString", "coordinates": [ [ 72.7969473, 21.1613601 ], [ 72.7967871, 21.1611326 ] ] } },
{ "type": "Feature", "properties": { "element": "way", "id": 34136616, "waterway": "canal" }, "geometry": { "type": "LineString", "coordinates": [ [ 72.7967871, 21.1611326 ], [ 72.7960761, 21.1601179 ] ] } },
{ "type": "Feature", "properties": { "element": "way", "id": 34136617, "waterway": "canal" }, "geometry": { "type": "LineString", "coordinates": [ [ 72.7960761, 21.1601179 ], [ 72.7956217, 21.1593924 ] ] } },
{ "type": "Feature", "properties": { "element": "way", "id": 34136618, "waterway": "canal" }, "geometry": { "type": "LineString", "coordinates": [ [ 72.7803831, 21.1374593 ], [ 72.7802219, 21.1374025 ], [ 72.775298, 21.1361137 ], [ 72.7751393, 21.136067 ], [ 72.7737625, 21.135669 ] ] } },
{ "type": "Feature", "properties": { "element": "way", "id": 34136620, "waterway": "canal" }, "geometry": { "type": "LineString", "coordinates": [ [ 72.7525359, 21.1390195 ], [ 72.7519414, 21.1393284 ] ] } },
{ "type": "Feature", "properties": { "element": "way", "id": 34136621, "waterway": "canal" }, "geometry": { "type": "LineString", "coordinates": [ [ 72.7519414, 21.1393284 ], [ 72.7514278, 21.1395263 ], [ 72.7509899, 21.1395445 ], [ 72.7505326, 21.1394628 ], [ 72.7503477, 21.1393993 ] ] } },
{ "type": "Feature", "properties": { "element": "way", "id": 34136622, "waterway": "canal" }, "geometry": { "type": "LineString", "coordinates": [ [ 72.7503477, 21.1393993 ], [ 72.7499876, 21.1391814 ] ] } },
{ "type": "Feature", "properties": { "element": "way", "id": 34136623, "waterway": "canal" }, "geometry": { "type": "LineString", "coordinates": [ [ 72.7499876, 21.1391814 ], [ 72.7451124, 21.1363315 ], [ 72.7400328, 21.1333272 ], [ 72.7367001, 21.1313785 ] ] } },
{ "type": "Feature", "properties": { "element": "way", "id": 34136624, "waterway": null }, "geometry": { "type": "Polygon", "coordinates": [ [ [ 72.7329778, 21.1280808 ], [ 72.7330362, 21.1273184 ], [ 72.7334157, 21.1261747 ], [ 72.7343012, 21.1262382 ], [ 72.7347197, 21.1263835 ], [ 72.7351284, 21.1270733 ], [ 72.7356344, 21.1281444 ], [ 72.7350992, 21.1283622 ], [ 72.7346516, 21.1285528 ], [ 72.7340482, 21.1284076 ], [ 72.7332503, 21.1283168 ], [ 72.7329778, 21.1280808 ] ] ] } },
{ "type": "Feature", "properties": { "element": "way", "id": 34136625, "waterway": "canal" }, "geometry": { "type": "LineString", "coordinates": [ [ 72.7283459, 21.1012745 ], [ 72.7286741, 21.1010839 ], [ 72.7298055, 21.1001487 ], [ 72.7324426, 21.0981605 ], [ 72.7359944, 21.0954187 ], [ 72.7386997, 21.093267 ], [ 72.7412297, 21.0912605 ], [ 72.74303, 21.0899168 ], [ 72.7433395, 21.0896888 ], [ 72.7436822, 21.0894861 ], [ 72.7438312, 21.0894141 ] ] } },
{ "type": "Feature", "properties": { "element": "way", "id": 34137539, "waterway": "canal" }, "geometry": { "type": "LineString", "coordinates": [ [ 72.8071344, 21.1682783 ], [ 72.8069099, 21.1681531 ], [ 72.8067897, 21.1681232 ] ] } },
{ "type": "Feature", "properties": { "element": "way", "id": 34137540, "waterway": "canal" }, "geometry": { "type": "LineString", "coordinates": [ [ 72.8067897, 21.1681232 ], [ 72.8028959, 21.1663385 ] ] } },
{ "type": "Feature", "properties": { "element": "way", "id": 34137937, "waterway": null }, "geometry": { "type": "Polygon", "coordinates": [ [ [ 72.9288898, 21.2505599 ], [ 72.9287877, 21.2502 ], [ 72.9286195, 21.2501129 ], [ 72.9284265, 21.2500433 ], [ 72.9283144, 21.2499156 ], [ 72.9283144, 21.2495151 ], [ 72.9284389, 21.2493467 ], [ 72.9286133, 21.2493351 ], [ 72.9298402, 21.2493932 ], [ 72.929834, 21.249486 ], [ 72.9296284, 21.2499562 ], [ 72.9295039, 21.2504089 ], [ 72.9292966, 21.2505429 ], [ 72.929073, 21.2506688 ], [ 72.9288898, 21.2505599 ] ] ] } },
{ "type": "Feature", "properties": { "element": "way", "id": 34137943, "waterway": "river" }, "geometry": { "type": "LineString", "coordinates": [ [ 72.9301587, 21.2271357 ], [ 72.9298395, 21.2269325 ], [ 72.9293413, 21.2267584 ], [ 72.9291155, 21.2265407 ], [ 72.9289754, 21.226294 ], [ 72.9288586, 21.2261416 ], [ 72.9285395, 21.2264173 ], [ 72.9281502, 21.226577 ], [ 72.9272783, 21.2266495 ], [ 72.9264376, 21.2267221 ], [ 72.9261962, 21.2270051 ], [ 72.9261339, 21.2272446 ], [ 72.9264361, 21.2278979 ], [ 72.9264885, 21.2281122 ], [ 72.9265337, 21.2282023 ], [ 72.92657, 21.2282541 ], [ 72.9265855, 21.2283183 ], [ 72.9265702, 21.2283746 ], [ 72.9264979, 21.2284315 ], [ 72.9263331, 21.2284897 ], [ 72.9261732, 21.2284784 ], [ 72.9260239, 21.2283997 ], [ 72.9258967, 21.2282527 ], [ 72.9257106, 21.228092 ], [ 72.9255611, 21.2280281 ], [ 72.9253882, 21.2280035 ], [ 72.9253118, 21.2280222 ], [ 72.9252201, 21.2280804 ], [ 72.9251064, 21.2282823 ], [ 72.924974, 21.2286306 ], [ 72.9248806, 21.2291168 ], [ 72.9244914, 21.2298569 ], [ 72.9242656, 21.2301907 ], [ 72.9239075, 21.2306842 ], [ 72.9237518, 21.2309091 ], [ 72.9234404, 21.2308656 ], [ 72.9233703, 21.2304229 ], [ 72.9230667, 21.2303141 ], [ 72.9227787, 21.2302343 ], [ 72.9221014, 21.2309019 ], [ 72.9214397, 21.2310107 ], [ 72.9211361, 21.2310252 ], [ 72.9207624, 21.2309889 ], [ 72.9205912, 21.2310905 ], [ 72.9206534, 21.2312647 ], [ 72.9207702, 21.2314388 ], [ 72.9206379, 21.2316348 ], [ 72.9203187, 21.2317581 ], [ 72.9200696, 21.2318597 ], [ 72.919766, 21.2316493 ], [ 72.919766, 21.2314461 ], [ 72.9198594, 21.2311413 ], [ 72.9200696, 21.2308293 ], [ 72.9201241, 21.2306044 ], [ 72.9199606, 21.2305826 ], [ 72.9196959, 21.2306769 ], [ 72.9193145, 21.2305608 ], [ 72.9189252, 21.230452 ], [ 72.9187851, 21.2302923 ], [ 72.9187539, 21.2300674 ], [ 72.9188396, 21.2298642 ], [ 72.9187306, 21.2297046 ], [ 72.9184893, 21.2296538 ], [ 72.9182402, 21.2296973 ], [ 72.9180767, 21.2299295 ], [ 72.9175317, 21.2299803 ], [ 72.9175084, 21.2298424 ], [ 72.9172593, 21.229661 ], [ 72.9170257, 21.229378 ], [ 72.9167533, 21.2288701 ], [ 72.9165119, 21.2292039 ], [ 72.9165197, 21.2294651 ], [ 72.9165976, 21.2297553 ], [ 72.9165041, 21.2299005 ], [ 72.9161227, 21.2297263 ], [ 72.9154454, 21.2298497 ], [ 72.914916, 21.229944 ], [ 72.9144723, 21.2299658 ], [ 72.9141531, 21.2298497 ], [ 72.9139274, 21.2299077 ], [ 72.9135771, 21.2303214 ], [ 72.9133279, 21.2305898 ], [ 72.9133737, 21.2308471 ], [ 72.9134569, 21.2310421 ], [ 72.913371, 21.2311696 ], [ 72.9132262, 21.2312522 ], [ 72.9127285, 21.2315622 ], [ 72.9124242, 21.2316822 ], [ 72.912105, 21.2318947 ], [ 72.9120004, 21.2321697 ], [ 72.9119656, 21.2323894 ], [ 72.9118529, 21.2325297 ], [ 72.9116678, 21.2326422 ], [ 72.9114291, 21.2327047 ], [ 72.9111793, 21.2328466 ], [ 72.911029, 21.2329544 ], [ 72.9108757, 21.2330643 ], [ 72.9106459, 21.2331773 ], [ 72.9104903, 21.2331648 ], [ 72.9103294, 21.2330473 ], [ 72.9100583, 21.2328538 ], [ 72.9098386, 21.2327022 ], [ 72.9096669, 21.2325272 ], [ 72.9095489, 21.2322672 ], [ 72.9093289, 21.2319497 ], [ 72.9091868, 21.2318447 ], [ 72.9091251, 21.2317272 ], [ 72.9091787, 21.2315747 ], [ 72.9093343, 21.2310671 ], [ 72.9093966, 21.2307277 ], [ 72.9094014, 21.2305996 ], [ 72.9093499, 21.2305245 ], [ 72.9091305, 21.2303996 ], [ 72.9090473, 21.2303371 ], [ 72.9089695, 21.2302221 ], [ 72.9089062, 21.2298714 ], [ 72.9090151, 21.2297646 ], [ 72.9091117, 21.2297346 ], [ 72.9091942, 21.2297699 ], [ 72.9093733, 21.2298352 ], [ 72.9094684, 21.2298046 ], [ 72.9095596, 21.2296845 ], [ 72.9095542, 21.229552 ], [ 72.90949, 21.2294361 ], [ 72.9090229, 21.2291023 ], [ 72.9088166, 21.2289995 ], [ 72.9087193, 21.2289136 ], [ 72.9087067, 21.228827 ], [ 72.9087684, 21.2286895 ], [ 72.9088906, 21.2285217 ], [ 72.9089412, 21.2282908 ], [ 72.9089024, 21.2281037 ], [ 72.9086929, 21.2279547 ], [ 72.908299, 21.2278919 ], [ 72.9081622, 21.2278594 ], [ 72.9080147, 21.2277844 ], [ 72.9077316, 21.2275717 ], [ 72.9073843, 21.2274844 ], [ 72.9071537, 21.2274394 ], [ 72.9070625, 21.2274444 ], [ 72.9069084, 21.2275708 ], [ 72.9067705, 21.2277326 ], [ 72.9067057, 21.2278269 ], [ 72.9066199, 21.2278469 ], [ 72.9065153, 21.2277994 ], [ 72.9063105, 21.2276491 ], [ 72.9059787, 21.2274878 ], [ 72.9057053, 21.2273394 ], [ 72.9053164, 21.2270524 ], [ 72.905193, 21.2268893 ], [ 72.905142, 21.2267343 ], [ 72.9051393, 21.2264918 ], [ 72.9051152, 21.2261367 ], [ 72.9050106, 21.2257867 ], [ 72.9049006, 21.2255217 ], [ 72.904788, 21.2253667 ], [ 72.9046056, 21.2252767 ], [ 72.9043676, 21.2251873 ], [ 72.9036858, 21.2250976 ], [ 72.9029104, 21.2250841 ], [ 72.9025456, 21.2251016 ], [ 72.9021004, 21.2250841 ], [ 72.901639, 21.2249716 ], [ 72.9012528, 21.2248416 ], [ 72.901049, 21.2247791 ], [ 72.9009739, 21.2247941 ], [ 72.9008317, 21.2248441 ], [ 72.9003409, 21.2250041 ], [ 72.9000887, 21.2251466 ], [ 72.8996408, 21.2253367 ], [ 72.8993833, 21.2254392 ], [ 72.8991673, 21.2254092 ], [ 72.8990786, 21.2253441 ], [ 72.8989977, 21.2252555 ], [ 72.8988443, 21.2251539 ], [ 72.8985143, 21.2249616 ], [ 72.8982219, 21.2247591 ], [ 72.8980771, 21.2246191 ], [ 72.8980342, 21.2244816 ], [ 72.8979826, 21.2243143 ], [ 72.8979242, 21.223994 ], [ 72.8978437, 21.223684 ], [ 72.8977257, 21.2235356 ], [ 72.8976112, 21.2234387 ], [ 72.8974548, 21.2234289 ], [ 72.8973184, 21.2234784 ], [ 72.8969106, 21.2237512 ], [ 72.8967914, 21.2237911 ], [ 72.8963551, 21.223819 ], [ 72.8960815, 21.2237832 ], [ 72.8958106, 21.2236015 ], [ 72.8956389, 21.2233914 ], [ 72.8955397, 21.2231564 ], [ 72.8954431, 21.2230289 ], [ 72.8952617, 21.2229108 ], [ 72.8947534, 21.2226365 ], [ 72.8944373, 21.2224938 ], [ 72.8943837, 21.2223713 ], [ 72.8944109, 21.2222592 ], [ 72.8945607, 21.2220938 ], [ 72.8946277, 21.2219288 ], [ 72.8946009, 21.2218188 ], [ 72.8944963, 21.2217562 ], [ 72.8943837, 21.2217637 ], [ 72.8942388, 21.2218613 ], [ 72.8940833, 21.2221538 ], [ 72.894043, 21.2223088 ], [ 72.8940372, 21.2224914 ], [ 72.8940564, 21.2227164 ], [ 72.8940859, 21.2229689 ], [ 72.8940926, 21.2230917 ], [ 72.8940683, 21.2231736 ], [ 72.8939651, 21.2232204 ], [ 72.8938581, 21.2232098 ], [ 72.8935522, 21.2231589 ], [ 72.8930008, 21.2229422 ], [ 72.8927448, 21.2227839 ], [ 72.8925142, 21.2225989 ], [ 72.8922108, 21.2221824 ], [ 72.8916692, 21.2216257 ], [ 72.8915459, 21.2215587 ], [ 72.8913259, 21.2214987 ], [ 72.8907332, 21.2213362 ], [ 72.890532, 21.2212737 ], [ 72.8902853, 21.2211312 ], [ 72.8899473, 21.2208886 ], [ 72.889781, 21.2208286 ], [ 72.8896308, 21.2208224 ], [ 72.8893116, 21.2208624 ], [ 72.8888798, 21.2208849 ], [ 72.8887631, 21.2208724 ], [ 72.8885244, 21.2207661 ], [ 72.8884372, 21.2206849 ], [ 72.8883246, 21.2204848 ], [ 72.8881851, 21.2203586 ], [ 72.8879946, 21.2202736 ], [ 72.88765, 21.220201 ], [ 72.8873067, 21.220156 ], [ 72.8871712, 21.220151 ], [ 72.8870626, 21.220166 ], [ 72.8868596, 21.220249 ], [ 72.8866911, 21.2202786 ], [ 72.8865677, 21.2202698 ], [ 72.8864993, 21.2202385 ], [ 72.8863277, 21.2200698 ], [ 72.8862753, 21.219976 ], [ 72.88627, 21.2198935 ], [ 72.8863169, 21.2197485 ], [ 72.886392, 21.2195597 ], [ 72.8863867, 21.2194747 ], [ 72.8863344, 21.2194034 ], [ 72.8862446, 21.2193201 ], [ 72.8858164, 21.2191097 ], [ 72.8854626, 21.2189459 ], [ 72.8853554, 21.2188533 ], [ 72.8853258, 21.2187583 ], [ 72.8853714, 21.2184283 ], [ 72.8853554, 21.2182758 ], [ 72.8852963, 21.2181457 ], [ 72.8851247, 21.2180557 ], [ 72.8849637, 21.2180182 ], [ 72.8841054, 21.2179232 ], [ 72.8837997, 21.2178807 ], [ 72.883459, 21.2177657 ], [ 72.8828743, 21.2175106 ], [ 72.8826758, 21.2173956 ], [ 72.8823833, 21.217085 ], [ 72.881957, 21.2166455 ], [ 72.8815198, 21.2162955 ], [ 72.8812167, 21.2160929 ], [ 72.8809512, 21.2160229 ], [ 72.8805998, 21.2160229 ], [ 72.8802109, 21.2160954 ], [ 72.8800312, 21.2161329 ], [ 72.8799266, 21.2161804 ], [ 72.8798783, 21.216298 ], [ 72.8798863, 21.216408 ], [ 72.8799695, 21.216578 ], [ 72.8802087, 21.2168766 ], [ 72.880529, 21.2174695 ] ] } },
{ "type": "Feature", "properties": { "element": "way", "id": 34203062, "waterway": "canal" }, "geometry": { "type": "LineString", "coordinates": [ [ 72.7818081, 21.2519112 ], [ 72.7775265, 21.250228 ], [ 72.776952, 21.2500752 ], [ 72.7703714, 21.249429 ], [ 72.762842, 21.2487034 ], [ 72.7576116, 21.2481593 ], [ 72.7522335, 21.2476764 ] ] } },
{ "type": "Feature", "properties": { "element": "way", "id": 34204225, "waterway": null }, "geometry": { "type": "Polygon", "coordinates": [ [ [ 72.8855904, 21.2447752 ], [ 72.8855781, 21.245039 ], [ 72.8859906, 21.2455267 ], [ 72.8861277, 21.2456885 ], [ 72.8861779, 21.2459653 ], [ 72.8868176, 21.2459014 ], [ 72.886612, 21.2456885 ], [ 72.8865937, 21.2454202 ], [ 72.8863758, 21.2450342 ], [ 72.8855904, 21.2447752 ] ] ] } },
{ "type": "Feature", "properties": { "element": "way", "id": 34206540, "waterway": "stream" }, "geometry": { "type": "LineString", "coordinates": [ [ 72.8562056, 21.1498921 ], [ 72.8556987, 21.1499853 ] ] } },
{ "type": "Feature", "properties": { "element": "way", "id": 34206541, "waterway": null }, "geometry": { "type": "Polygon", "coordinates": [ [ [ 72.8141135, 21.1379734 ], [ 72.8143634, 21.1369746 ], [ 72.8147703, 21.1371211 ], [ 72.8151201, 21.1373542 ], [ 72.8151844, 21.1375673 ], [ 72.8155628, 21.1378736 ], [ 72.8152415, 21.1377937 ], [ 72.814906, 21.1378403 ], [ 72.8145919, 21.1378869 ], [ 72.8141135, 21.1379734 ] ] ] } },
{ "type": "Feature", "properties": { "element": "way", "id": 34206548, "waterway": "stream" }, "geometry": { "type": "LineString", "coordinates": [ [ 72.8555202, 21.150478 ], [ 72.8556987, 21.1499853 ] ] } },
{ "type": "Feature", "properties": { "element": "way", "id": 34206549, "waterway": "stream" }, "geometry": { "type": "LineString", "coordinates": [ [ 72.8556987, 21.1499853 ], [ 72.8557415, 21.1493994 ], [ 72.8556396, 21.1492253 ], [ 72.8553569, 21.1490945 ], [ 72.8550442, 21.1489965 ], [ 72.8549134, 21.1490265 ], [ 72.8544493, 21.1492263 ], [ 72.8539567, 21.1491064 ], [ 72.853764, 21.1487935 ], [ 72.8534927, 21.1486803 ], [ 72.8532286, 21.1486537 ], [ 72.8520363, 21.1477681 ], [ 72.8518488, 21.1476013 ], [ 72.8516754, 21.1474693 ], [ 72.8515509, 21.1472954 ], [ 72.8512368, 21.1472754 ], [ 72.8508584, 21.1470557 ], [ 72.8503729, 21.1469625 ], [ 72.8499874, 21.1470424 ], [ 72.849452, 21.1472088 ], [ 72.8488309, 21.1474552 ], [ 72.8478528, 21.1474285 ], [ 72.8472175, 21.1476416 ], [ 72.8468748, 21.1476549 ], [ 72.8464607, 21.1472821 ], [ 72.8459753, 21.1467427 ], [ 72.8451685, 21.1463233 ], [ 72.8449829, 21.1462567 ], [ 72.8441833, 21.1462567 ], [ 72.8434266, 21.1464032 ], [ 72.8428269, 21.1465163 ], [ 72.8422272, 21.1464165 ], [ 72.8419131, 21.1462766 ], [ 72.8418274, 21.1460969 ], [ 72.8420416, 21.1457573 ], [ 72.8422201, 21.1450848 ], [ 72.8421844, 21.1447719 ], [ 72.8415919, 21.1443857 ], [ 72.8409993, 21.1441393 ], [ 72.8406281, 21.1442725 ], [ 72.8403282, 21.1447319 ], [ 72.8402497, 21.1453778 ], [ 72.8401212, 21.1457906 ], [ 72.8397143, 21.1459637 ], [ 72.8387505, 21.1461302 ], [ 72.8382294, 21.1462833 ], [ 72.8380295, 21.1461102 ], [ 72.8380295, 21.1458439 ], [ 72.8379509, 21.1452845 ], [ 72.8376725, 21.1448251 ], [ 72.8374226, 21.1446986 ], [ 72.8371371, 21.1448185 ], [ 72.8366873, 21.1450582 ], [ 72.8365088, 21.1451314 ], [ 72.8362304, 21.1450049 ], [ 72.8358163, 21.1441127 ], [ 72.8355808, 21.1438863 ], [ 72.8352666, 21.1439995 ], [ 72.8349668, 21.1441326 ], [ 72.8346884, 21.1441326 ], [ 72.8341958, 21.1440527 ], [ 72.8336246, 21.1440594 ], [ 72.8330321, 21.144146 ], [ 72.8325038, 21.144359 ], [ 72.8318827, 21.1444323 ], [ 72.8307405, 21.1446653 ], [ 72.8302907, 21.1446387 ], [ 72.8297838, 21.1441127 ], [ 72.8291699, 21.1435534 ], [ 72.8288986, 21.1431072 ], [ 72.8288772, 21.142741 ], [ 72.8290985, 21.1422816 ], [ 72.8293126, 21.1418621 ], [ 72.8292627, 21.1415292 ], [ 72.8289771, 21.1412961 ], [ 72.8285916, 21.1412495 ], [ 72.8281775, 21.1414093 ], [ 72.8278277, 21.1415891 ], [ 72.8273851, 21.1420286 ], [ 72.8268425, 21.1429874 ], [ 72.8263999, 21.1435067 ], [ 72.8260572, 21.1436599 ], [ 72.8251077, 21.1435267 ], [ 72.8230344, 21.1411976 ], [ 72.8226376, 21.142781 ], [ 72.8216453, 21.142741 ], [ 72.8212098, 21.1425612 ], [ 72.8207886, 21.1418754 ], [ 72.8206785, 21.1411406 ], [ 72.8203215, 21.1401285 ], [ 72.8202144, 21.139416 ], [ 72.8202287, 21.1390165 ], [ 72.8202073, 21.1386236 ], [ 72.8200859, 21.1383506 ], [ 72.8198289, 21.1381309 ], [ 72.8196576, 21.1380643 ], [ 72.8194006, 21.1380443 ], [ 72.8190936, 21.138031 ], [ 72.8187581, 21.1380643 ], [ 72.8184796, 21.1381841 ], [ 72.8182012, 21.1383772 ], [ 72.8180727, 21.1386902 ], [ 72.8180656, 21.1393228 ], [ 72.8174445, 21.141074 ], [ 72.8168377, 21.1417465 ], [ 72.816395, 21.1420794 ], [ 72.8156097, 21.1420994 ], [ 72.8147887, 21.1418197 ], [ 72.8147031, 21.1414602 ], [ 72.8143033, 21.141074 ], [ 72.8142961, 21.1408809 ], [ 72.8138821, 21.1404814 ], [ 72.8136965, 21.1405346 ], [ 72.8132396, 21.1403549 ], [ 72.8122544, 21.1396757 ], [ 72.8117047, 21.1390431 ], [ 72.811312, 21.1384372 ], [ 72.811312, 21.1379311 ], [ 72.8112121, 21.1372253 ], [ 72.8112745, 21.1366426 ], [ 72.8115422, 21.1358852 ], [ 72.8118992, 21.135802 ], [ 72.8120241, 21.1352609 ], [ 72.8123186, 21.1348614 ], [ 72.812738, 21.1344452 ], [ 72.8131218, 21.1339458 ], [ 72.8132199, 21.1336711 ], [ 72.8131307, 21.1332549 ], [ 72.8128808, 21.1328471 ], [ 72.8126399, 21.1328221 ], [ 72.8122294, 21.1326723 ], [ 72.8120152, 21.132356 ], [ 72.8117386, 21.1318898 ], [ 72.8116226, 21.1312156 ], [ 72.8108819, 21.1302168 ], [ 72.8104089, 21.1285437 ], [ 72.8099806, 21.1279943 ], [ 72.8096504, 21.1272701 ], [ 72.8095255, 21.1269288 ] ] } },
{ "type": "Feature", "properties": { "element": "way", "id": 34388190, "waterway": null }, "geometry": { "type": "Polygon", "coordinates": [ [ [ 72.7096375, 21.1818586 ], [ 72.7104053, 21.1820191 ], [ 72.7108819, 21.181982 ], [ 72.7104715, 21.1813031 ], [ 72.7105244, 21.1807723 ], [ 72.7101802, 21.1806119 ], [ 72.7096375, 21.1818586 ] ] ] } },
{ "type": "Feature", "properties": { "element": "way", "id": 34389531, "waterway": null }, "geometry": { "type": "Polygon", "coordinates": [ [ [ 72.8575563, 21.2936446 ], [ 72.8579468, 21.2937406 ], [ 72.8585649, 21.2933162 ], [ 72.8587981, 21.2932505 ], [ 72.8590529, 21.2927149 ], [ 72.8592644, 21.2925078 ], [ 72.8592156, 21.2923209 ], [ 72.8588089, 21.2922956 ], [ 72.8587601, 21.292235 ], [ 72.8588144, 21.2920682 ], [ 72.8587168, 21.2919773 ], [ 72.8584673, 21.2921087 ], [ 72.8581745, 21.2920985 ], [ 72.8579956, 21.2927402 ], [ 72.8576973, 21.2931696 ], [ 72.8575509, 21.293402 ], [ 72.8575563, 21.2936446 ] ] ] } },
{ "type": "Feature", "properties": { "element": "way", "id": 34389543, "waterway": "stream" }, "geometry": { "type": "LineString", "coordinates": [ [ 72.7732262, 21.2995996 ], [ 72.7730852, 21.2997158 ], [ 72.7730798, 21.2998977 ], [ 72.7730526, 21.3000745 ], [ 72.7728791, 21.3002463 ], [ 72.7727002, 21.3000947 ], [ 72.7725158, 21.2999987 ], [ 72.7721471, 21.3004383 ], [ 72.7720007, 21.3011759 ], [ 72.7718814, 21.3013628 ], [ 72.771556, 21.3013476 ], [ 72.7713229, 21.3009586 ], [ 72.7709541, 21.3008677 ], [ 72.7696961, 21.3010748 ], [ 72.7693708, 21.3011355 ], [ 72.7692732, 21.3013274 ], [ 72.7692786, 21.3015952 ], [ 72.7691539, 21.3016558 ], [ 72.7684706, 21.3013577 ], [ 72.7681399, 21.3014184 ], [ 72.7679989, 21.301964 ], [ 72.7679338, 21.3028582 ], [ 72.7679013, 21.3030805 ], [ 72.7681128, 21.3030855 ], [ 72.7682646, 21.3029441 ], [ 72.7684056, 21.3026864 ], [ 72.7685954, 21.3026208 ], [ 72.7687418, 21.3028127 ], [ 72.7687201, 21.3031411 ], [ 72.7686116, 21.3034695 ], [ 72.7684381, 21.3037625 ], [ 72.7679664, 21.3037019 ], [ 72.7676735, 21.3036968 ], [ 72.7675109, 21.3037928 ], [ 72.767397, 21.3040808 ], [ 72.7670174, 21.304101 ], [ 72.7668493, 21.3041818 ], [ 72.7668222, 21.304399 ], [ 72.7674024, 21.3047577 ], [ 72.7677332, 21.3053134 ], [ 72.7677603, 21.3055307 ], [ 72.7677061, 21.3057024 ], [ 72.7675, 21.3057125 ], [ 72.7672723, 21.3058136 ], [ 72.7671693, 21.305955 ], [ 72.7672126, 21.3061773 ], [ 72.7673699, 21.3062884 ], [ 72.767538, 21.3062884 ], [ 72.7676519, 21.3061571 ], [ 72.7677223, 21.3060005 ], [ 72.7678688, 21.3059197 ], [ 72.768026, 21.3059601 ], [ 72.7680802, 21.306152 ], [ 72.7679989, 21.3067532 ], [ 72.7677495, 21.3070361 ], [ 72.7670445, 21.30741 ], [ 72.7667192, 21.3077585 ], [ 72.7663559, 21.3077484 ], [ 72.7658245, 21.3073342 ], [ 72.7652497, 21.3072635 ], [ 72.7648593, 21.3075413 ], [ 72.7647291, 21.3079808 ], [ 72.7645502, 21.3088851 ], [ 72.7638615, 21.3090215 ], [ 72.7636121, 21.3094862 ], [ 72.7635958, 21.3099611 ], [ 72.7638778, 21.3105825 ], [ 72.7648755, 21.3114261 ], [ 72.7657215, 21.3120525 ], [ 72.7657865, 21.3124415 ], [ 72.765613, 21.3126284 ], [ 72.765087, 21.31279 ], [ 72.7644526, 21.3129264 ], [ 72.7635308, 21.3133659 ], [ 72.7622728, 21.3134367 ], [ 72.76166, 21.313669 ], [ 72.7615082, 21.3140075 ], [ 72.7609768, 21.3147198 ], [ 72.7604237, 21.3149673 ], [ 72.7597513, 21.3149168 ], [ 72.7593392, 21.3145025 ], [ 72.7586397, 21.3140984 ], [ 72.7581191, 21.3138408 ], [ 72.7573418, 21.3138117 ], [ 72.7566928, 21.3140865 ], [ 72.7561202, 21.3143742 ], [ 72.7561306, 21.3145359 ], [ 72.7559848, 21.3147299 ], [ 72.7553125, 21.3149331 ], [ 72.7542865, 21.3151223 ], [ 72.7528767, 21.3153041 ], [ 72.7528116, 21.3156931 ], [ 72.7514929, 21.3161861 ], [ 72.7510938, 21.3161538 ], [ 72.7501307, 21.3162387 ], [ 72.7493629, 21.3162669 ], [ 72.7489465, 21.3169014 ], [ 72.7483478, 21.3175561 ], [ 72.7477622, 21.317936 ], [ 72.7470247, 21.3179642 ], [ 72.746322, 21.317645 ], [ 72.7456149, 21.3170994 ], [ 72.745129, 21.3169701 ], [ 72.7446258, 21.3171075 ], [ 72.7441877, 21.3176652 ], [ 72.7439734, 21.3186976 ], [ 72.7438464, 21.3204498 ], [ 72.7433211, 21.3214601 ], [ 72.7431685, 21.3218626 ], [ 72.7426263, 21.3226598 ], [ 72.7420756, 21.3232043 ], [ 72.7419146, 21.3238594 ], [ 72.7413215, 21.3243961 ], [ 72.7405844, 21.3249249 ], [ 72.7397371, 21.3252485 ], [ 72.7385425, 21.3252406 ], [ 72.7373479, 21.325509 ], [ 72.7368141, 21.3259194 ], [ 72.7362888, 21.3266534 ], [ 72.7359414, 21.3277267 ], [ 72.7355104, 21.3283836 ] ] } },
{ "type": "Feature", "properties": { "element": "way", "id": 34389550, "waterway": null }, "geometry": { "type": "Polygon", "coordinates": [ [ [ 72.8027156, 21.2895083 ], [ 72.8028444, 21.289502 ], [ 72.8035967, 21.289022 ], [ 72.8037933, 21.2890094 ], [ 72.8039966, 21.2892241 ], [ 72.8040576, 21.2899062 ], [ 72.8039899, 21.2900515 ], [ 72.8041051, 21.2903357 ], [ 72.8044033, 21.2900641 ], [ 72.804505, 21.2897104 ], [ 72.8043084, 21.2890157 ], [ 72.8044643, 21.2886431 ], [ 72.8044169, 21.2885168 ], [ 72.8042135, 21.2884726 ], [ 72.8035154, 21.288681 ], [ 72.8033121, 21.2887126 ], [ 72.8027562, 21.2890852 ], [ 72.8027156, 21.2895083 ] ] ] } },
{ "type": "Feature", "properties": { "element": "way", "id": 34389554, "waterway": null }, "geometry": { "type": "Polygon", "coordinates": [ [ [ 72.7838462, 21.2648471 ], [ 72.7840902, 21.2650745 ], [ 72.7845986, 21.2650871 ], [ 72.7845444, 21.264765 ], [ 72.7842868, 21.2645123 ], [ 72.7840631, 21.2644618 ], [ 72.7838462, 21.2648471 ] ] ] } },
{ "type": "Feature", "properties": { "element": "way", "id": 34390255, "waterway": "canal" }, "geometry": { "type": "LineString", "coordinates": [ [ 72.7438924, 21.279014 ], [ 72.741986, 21.2826772 ], [ 72.7383089, 21.2898929 ], [ 72.7370684, 21.2922678 ] ] } },
{ "type": "Feature", "properties": { "element": "way", "id": 34488995, "waterway": null }, "geometry": { "type": "Polygon", "coordinates": [ [ [ 72.7249026, 21.2572835 ], [ 72.7250089, 21.2574673 ], [ 72.7251505, 21.2575428 ], [ 72.725444, 21.2575145 ], [ 72.7257172, 21.2576041 ], [ 72.7258588, 21.2576229 ], [ 72.7258892, 21.2575428 ], [ 72.7256767, 21.2573966 ], [ 72.7256413, 21.2571892 ], [ 72.7258183, 21.2569864 ], [ 72.7258892, 21.2567035 ], [ 72.7259549, 21.2565809 ], [ 72.7261877, 21.2565196 ], [ 72.726127, 21.2563829 ], [ 72.7258841, 21.2563734 ], [ 72.7256615, 21.2564913 ], [ 72.7256109, 21.2566328 ], [ 72.7251859, 21.2568544 ], [ 72.7253782, 21.2570666 ], [ 72.7252821, 21.257175 ], [ 72.7250493, 21.2569534 ], [ 72.724933, 21.2570901 ], [ 72.7249026, 21.2572835 ] ] ] } },
{ "type": "Feature", "properties": { "element": "way", "id": 76809117, "waterway": "river" }, "geometry": { "type": "LineString", "coordinates": [ [ 72.9445429, 21.0839735 ], [ 72.9443713, 21.0838333 ], [ 72.9441781, 21.0838934 ], [ 72.9440172, 21.0840936 ], [ 72.9432233, 21.084464 ], [ 72.9428478, 21.0846041 ], [ 72.942601, 21.0846041 ], [ 72.9421182, 21.0844139 ], [ 72.9417749, 21.0841436 ], [ 72.9414852, 21.0840435 ], [ 72.9411741, 21.0840435 ], [ 72.9409488, 21.0841536 ], [ 72.9407771, 21.0840636 ], [ 72.9406376, 21.0838733 ], [ 72.9407127, 21.0833528 ], [ 72.9407906, 21.0829909 ], [ 72.9409144, 21.0824458 ], [ 72.9410501, 21.0821442 ], [ 72.9411658, 21.0819134 ], [ 72.9412377, 21.0817421 ], [ 72.9412776, 21.081582 ], [ 72.9412816, 21.0815113 ], [ 72.9412536, 21.081381 ], [ 72.9412057, 21.0813065 ], [ 72.9411299, 21.0812208 ], [ 72.9410461, 21.0811873 ], [ 72.9409224, 21.0811575 ], [ 72.9407429, 21.0811873 ], [ 72.9405753, 21.0812022 ], [ 72.9404077, 21.0812097 ], [ 72.9403159, 21.0812283 ], [ 72.9401563, 21.0812581 ], [ 72.9400086, 21.0812581 ], [ 72.939845, 21.0811911 ], [ 72.9398081, 21.0810851 ], [ 72.9397714, 21.0809456 ], [ 72.939794, 21.0808429 ], [ 72.939825, 21.0807191 ], [ 72.9398335, 21.0805954 ], [ 72.9397855, 21.0804927 ], [ 72.9397178, 21.0803979 ], [ 72.9396106, 21.0803295 ], [ 72.9394441, 21.0803058 ], [ 72.9392776, 21.0803084 ], [ 72.9389785, 21.0803505 ], [ 72.9387613, 21.0803821 ], [ 72.9386032, 21.0804243 ], [ 72.9384763, 21.0805612 ], [ 72.9382308, 21.080806 ], [ 72.9379994, 21.0808955 ], [ 72.9377285, 21.0810061 ], [ 72.9376015, 21.0811167 ], [ 72.9375564, 21.0812694 ], [ 72.937562, 21.0814985 ], [ 72.9374266, 21.0816933 ], [ 72.9373222, 21.0817354 ], [ 72.9371839, 21.0816854 ], [ 72.9370767, 21.0815827 ], [ 72.9369272, 21.0814089 ], [ 72.9366196, 21.0809561 ], [ 72.9365124, 21.0806928 ], [ 72.9364531, 21.0802689 ], [ 72.9363318, 21.0798714 ], [ 72.9362923, 21.0796897 ], [ 72.9363177, 21.0795107 ], [ 72.9363656, 21.0794527 ], [ 72.9363854, 21.0794159 ], [ 72.93647, 21.0793816 ], [ 72.936724, 21.0793606 ], [ 72.9370457, 21.0794106 ], [ 72.9372912, 21.0794132 ], [ 72.9374181, 21.0793685 ], [ 72.9374238, 21.0793106 ], [ 72.9374012, 21.0792052 ], [ 72.9373504, 21.0790736 ], [ 72.9371839, 21.0787261 ], [ 72.9371275, 21.0785602 ], [ 72.9371162, 21.0784075 ], [ 72.9371501, 21.078318 ], [ 72.9372065, 21.0781573 ], [ 72.9372545, 21.0779862 ], [ 72.937215, 21.0777334 ], [ 72.9370739, 21.0776703 ], [ 72.9368792, 21.0775965 ], [ 72.9366873, 21.0775597 ], [ 72.9364672, 21.0775518 ], [ 72.9361371, 21.0775097 ], [ 72.935742, 21.0773596 ], [ 72.9355897, 21.0772174 ], [ 72.9354909, 21.0770621 ], [ 72.9354458, 21.0768699 ], [ 72.9353244, 21.0763512 ], [ 72.9353047, 21.0759141 ], [ 72.9352511, 21.0757746 ], [ 72.9351608, 21.0757114 ], [ 72.9348391, 21.0756087 ], [ 72.9345908, 21.0755218 ], [ 72.9343566, 21.0754033 ], [ 72.9341308, 21.0752348 ], [ 72.9340829, 21.0751137 ], [ 72.9340942, 21.0750031 ], [ 72.934128, 21.0749162 ], [ 72.9343763, 21.0748083 ], [ 72.934588, 21.0746582 ], [ 72.9348363, 21.0744528 ], [ 72.9352877, 21.0740105 ], [ 72.9355868, 21.073842 ], [ 72.9358352, 21.0737077 ], [ 72.9359565, 21.0735918 ], [ 72.9360722, 21.0734049 ], [ 72.9359847, 21.0732232 ], [ 72.9358944, 21.0730126 ], [ 72.9356574, 21.0721726 ], [ 72.9356066, 21.0719225 ], [ 72.935553, 21.0718172 ], [ 72.9353921, 21.0715486 ], [ 72.9352426, 21.0712748 ], [ 72.935268, 21.0711089 ], [ 72.9353921, 21.0709772 ], [ 72.935553, 21.0709614 ], [ 72.9356884, 21.0709799 ], [ 72.9359029, 21.0710141 ], [ 72.9361343, 21.0710246 ], [ 72.9369638, 21.0711379 ], [ 72.9373335, 21.0712379 ], [ 72.9375705, 21.0712695 ], [ 72.937785, 21.0712484 ], [ 72.9380163, 21.0711747 ], [ 72.9381772, 21.0708351 ], [ 72.9381941, 21.0705744 ], [ 72.9382364, 21.0704059 ], [ 72.9383324, 21.0701873 ], [ 72.9386681, 21.0702189 ], [ 72.9391422, 21.0703953 ], [ 72.9392861, 21.0705349 ], [ 72.9393397, 21.0706823 ], [ 72.9393228, 21.0709693 ], [ 72.9392748, 21.0711221 ], [ 72.9392776, 21.0712748 ], [ 72.9393566, 21.0713722 ], [ 72.9395485, 21.0713854 ], [ 72.9397545, 21.0713459 ], [ 72.9398843, 21.0712642 ], [ 72.939952, 21.0711221 ], [ 72.9401129, 21.0706218 ], [ 72.940237, 21.0701531 ], [ 72.9403809, 21.0698266 ], [ 72.9404627, 21.0695343 ], [ 72.9405333, 21.0691288 ], [ 72.9404712, 21.0687418 ], [ 72.9401721, 21.0684864 ], [ 72.9398871, 21.0682573 ], [ 72.9389955, 21.0680072 ], [ 72.9385553, 21.0678465 ], [ 72.9382308, 21.0676412 ], [ 72.938053, 21.0674858 ], [ 72.9379232, 21.0673199 ], [ 72.9376749, 21.0668117 ], [ 72.9371952, 21.0660903 ], [ 72.9370174, 21.065769 ], [ 72.9369215, 21.0655505 ], [ 72.9367522, 21.0649817 ], [ 72.9367296, 21.064642 ], [ 72.9367353, 21.0644103 ], [ 72.9368369, 21.0636757 ], [ 72.9369497, 21.0632544 ], [ 72.9370767, 21.0626777 ], [ 72.9372009, 21.0624934 ], [ 72.937483, 21.062496 ], [ 72.9377934, 21.0626303 ], [ 72.9380163, 21.0627014 ], [ 72.938307, 21.0628699 ], [ 72.9385045, 21.0630385 ], [ 72.9387613, 21.0633518 ], [ 72.9388516, 21.0635651 ], [ 72.9389136, 21.0638126 ], [ 72.9389306, 21.064147 ], [ 72.9388008, 21.0646842 ], [ 72.9387923, 21.0648948 ], [ 72.9388149, 21.0650765 ], [ 72.9389701, 21.0653556 ], [ 72.9391873, 21.0656505 ], [ 72.9394131, 21.0658743 ], [ 72.9396078, 21.0659928 ], [ 72.9398081, 21.0660587 ], [ 72.9400254, 21.0661008 ], [ 72.9401693, 21.0660955 ], [ 72.9404881, 21.0659402 ], [ 72.94068, 21.0657769 ], [ 72.9408691, 21.0655715 ], [ 72.9409989, 21.065274 ], [ 72.9411512, 21.0652793 ], [ 72.9412331, 21.0653056 ], [ 72.9414024, 21.0654188 ], [ 72.9418877, 21.0657664 ], [ 72.9420683, 21.066006 ], [ 72.9420457, 21.0661851 ], [ 72.9420852, 21.0665721 ], [ 72.9422178, 21.0671119 ], [ 72.9423307, 21.0672673 ], [ 72.9424436, 21.0672962 ], [ 72.9424718, 21.0673068 ], [ 72.9427004, 21.0672989 ], [ 72.9433973, 21.0671488 ], [ 72.9438629, 21.0669776 ], [ 72.9441027, 21.066788 ], [ 72.944447, 21.0664484 ], [ 72.9448872, 21.0660218 ], [ 72.9453104, 21.0655083 ], [ 72.9456377, 21.0651239 ], [ 72.9459086, 21.0646289 ], [ 72.9460328, 21.0641128 ], [ 72.94603, 21.0638389 ], [ 72.9459368, 21.0635704 ], [ 72.9457958, 21.0634255 ], [ 72.9456462, 21.0633702 ], [ 72.9454318, 21.063336 ], [ 72.945096, 21.0633307 ], [ 72.9448561, 21.0632491 ], [ 72.9444216, 21.0629726 ], [ 72.944241, 21.0628383 ], [ 72.9441225, 21.0626909 ], [ 72.9440548, 21.0625013 ], [ 72.9440124, 21.0623565 ], [ 72.9440153, 21.0621326 ], [ 72.9440632, 21.0619536 ], [ 72.9441197, 21.0618772 ], [ 72.944241, 21.0618456 ], [ 72.9443539, 21.0618588 ], [ 72.9445006, 21.0619062 ], [ 72.944732, 21.0619483 ], [ 72.9448815, 21.0619299 ], [ 72.9451129, 21.0618061 ], [ 72.9453951, 21.061498 ], [ 72.9456349, 21.0611847 ], [ 72.9456865, 21.0610285 ] ] } },
{ "type": "Feature", "properties": { "element": "way", "id": 76809118, "waterway": "river" }, "geometry": { "type": "LineString", "coordinates": [ [ 72.9790341, 21.1117012 ], [ 72.9785449, 21.1116454 ], [ 72.9781329, 21.1118261 ], [ 72.9776394, 21.1125066 ], [ 72.9772532, 21.1127669 ], [ 72.9767489, 21.112867 ], [ 72.9761695, 21.112927 ], [ 72.9757769, 21.1129866 ], [ 72.9750323, 21.112877 ], [ 72.9745001, 21.1127664 ], [ 72.974292, 21.1125467 ], [ 72.9743242, 21.1123565 ], [ 72.9739916, 21.1120663 ], [ 72.9735989, 21.1120257 ], [ 72.9735238, 21.1118155 ], [ 72.9738671, 21.1116354 ], [ 72.9740452, 21.1113957 ], [ 72.9735624, 21.1103347 ], [ 72.9732406, 21.1101646 ], [ 72.972644, 21.110094 ], [ 72.9724831, 21.1098438 ], [ 72.9721827, 21.1094835 ], [ 72.972011, 21.1091832 ], [ 72.9720926, 21.1081428 ], [ 72.9720497, 21.1075022 ], [ 72.9720819, 21.1067015 ], [ 72.9719209, 21.106171 ], [ 72.9716634, 21.1058007 ], [ 72.9712493, 21.1058903 ], [ 72.9709451, 21.1059809 ], [ 72.9705911, 21.1059809 ], [ 72.9704661, 21.1057301 ], [ 72.9701228, 21.1050195 ], [ 72.9701619, 21.1045696 ], [ 72.9704087, 21.1044795 ], [ 72.9704983, 21.1045791 ], [ 72.9707665, 21.1045591 ], [ 72.9709129, 21.1042993 ], [ 72.9709129, 21.1040191 ], [ 72.9706056, 21.1038884 ], [ 72.9704661, 21.1035882 ], [ 72.9704768, 21.1032578 ], [ 72.9703229, 21.1029681 ], [ 72.9700332, 21.102928 ], [ 72.9695182, 21.1029881 ], [ 72.9691427, 21.1029981 ], [ 72.9688423, 21.1029981 ], [ 72.9685848, 21.102878 ], [ 72.9685349, 21.1024171 ], [ 72.968499, 21.1021273 ], [ 72.9683917, 21.1019571 ], [ 72.9683203, 21.1014862 ], [ 72.9678123, 21.1009262 ], [ 72.9673081, 21.1009061 ], [ 72.966836, 21.1011564 ], [ 72.9664106, 21.1009957 ], [ 72.965445, 21.1006054 ], [ 72.9646688, 21.0999653 ], [ 72.9646795, 21.0995649 ], [ 72.9641575, 21.0993942 ], [ 72.9639322, 21.0997846 ], [ 72.9635245, 21.0996244 ], [ 72.9633314, 21.0990339 ], [ 72.9634135, 21.0985839 ], [ 72.9632992, 21.0983332 ], [ 72.9630739, 21.0982932 ], [ 72.9626233, 21.0988837 ], [ 72.9622977, 21.0991545 ], [ 72.9618508, 21.0992441 ], [ 72.9617076, 21.0990644 ], [ 72.9617328, 21.0984633 ], [ 72.9612393, 21.0982631 ], [ 72.9606599, 21.0986935 ], [ 72.9602485, 21.0985239 ], [ 72.9600913, 21.0981931 ], [ 72.9591649, 21.0979633 ], [ 72.9582889, 21.0979428 ], [ 72.9574091, 21.0976826 ], [ 72.9565401, 21.0979528 ], [ 72.9562826, 21.0976726 ], [ 72.9561967, 21.0972221 ], [ 72.9567831, 21.0963618 ], [ 72.957341, 21.0962617 ], [ 72.9577165, 21.0959314 ], [ 72.9578704, 21.0954904 ], [ 72.9580421, 21.0947397 ], [ 72.9574627, 21.094019 ], [ 72.9566903, 21.0941691 ], [ 72.9559607, 21.094019 ], [ 72.955678, 21.0934995 ], [ 72.9559285, 21.0933483 ], [ 72.9560895, 21.093008 ], [ 72.955957, 21.0928288 ], [ 72.9555316, 21.0928779 ], [ 72.9551845, 21.0932592 ], [ 72.9548733, 21.0933493 ], [ 72.9538686, 21.093018 ], [ 72.953779, 21.0927888 ], [ 72.9542548, 21.092027 ], [ 72.9537506, 21.0913563 ], [ 72.9535467, 21.090996 ], [ 72.9534679, 21.0907467 ], [ 72.9530065, 21.0907968 ], [ 72.952506, 21.0908158 ], [ 72.951991, 21.091066 ], [ 72.9517942, 21.0915675 ], [ 72.9515045, 21.0915675 ], [ 72.9512592, 21.0914111 ], [ 72.9508407, 21.0910708 ], [ 72.9503794, 21.0909507 ], [ 72.9502936, 21.0907405 ], [ 72.9499288, 21.0901499 ], [ 72.9497357, 21.0900097 ], [ 72.9484375, 21.0900297 ], [ 72.9481049, 21.0896994 ], [ 72.9478152, 21.0891088 ], [ 72.947783, 21.0886383 ], [ 72.9480191, 21.0884181 ], [ 72.9484482, 21.0882779 ], [ 72.9487808, 21.0879676 ], [ 72.9488345, 21.0875872 ], [ 72.9486199, 21.0875071 ], [ 72.9482658, 21.0872669 ], [ 72.9480942, 21.0869966 ], [ 72.9476436, 21.0868365 ], [ 72.9474075, 21.0869866 ], [ 72.9472895, 21.0871768 ], [ 72.94715, 21.0872969 ], [ 72.9469033, 21.0871568 ], [ 72.9466672, 21.0868365 ], [ 72.9464205, 21.0866963 ], [ 72.9462595, 21.0861958 ], [ 72.9462703, 21.0857453 ], [ 72.9463775, 21.0855051 ], [ 72.9466136, 21.0855051 ], [ 72.9470749, 21.085405 ], [ 72.9472895, 21.0852948 ], [ 72.9473431, 21.0851447 ], [ 72.9472251, 21.0849745 ], [ 72.9469998, 21.0848544 ], [ 72.9468067, 21.0848744 ], [ 72.9465385, 21.0848644 ], [ 72.946163, 21.0846742 ], [ 72.9457767, 21.0842938 ], [ 72.9456051, 21.0842938 ], [ 72.9453476, 21.084484 ], [ 72.9449828, 21.0845641 ], [ 72.9447575, 21.084474 ], [ 72.9445966, 21.0842938 ], [ 72.9445429, 21.0839735 ] ] } },
{ "type": "Feature", "properties": { "element": "way", "id": 147080885, "waterway": "drain" }, "geometry": { "type": "LineString", "coordinates": [ [ 72.8820143, 21.1388436 ], [ 72.8820465, 21.1386809 ] ] } },
{ "type": "Feature", "properties": { "element": "way", "id": 147080887, "waterway": "drain" }, "geometry": { "type": "LineString", "coordinates": [ [ 72.9014302, 21.2144679 ], [ 72.9003732, 21.2149876 ], [ 72.898217, 21.2160668 ], [ 72.8980668, 21.2161863 ], [ 72.8979108, 21.2163884 ] ] } },
{ "type": "Feature", "properties": { "element": "way", "id": 147080891, "waterway": "canal" }, "geometry": { "type": "LineString", "coordinates": [ [ 72.869577, 21.1946539 ], [ 72.8690465, 21.1943262 ] ] } },
{ "type": "Feature", "properties": { "element": "way", "id": 147080892, "waterway": "canal" }, "geometry": { "type": "LineString", "coordinates": [ [ 72.8416582, 21.1815825 ], [ 72.8413932, 21.1814732 ] ] } },
{ "type": "Feature", "properties": { "element": "way", "id": 147080893, "waterway": "canal" }, "geometry": { "type": "LineString", "coordinates": [ [ 72.8609521, 21.1890755 ], [ 72.8605553, 21.1888279 ] ] } },
{ "type": "Feature", "properties": { "element": "way", "id": 147080894, "waterway": "canal" }, "geometry": { "type": "LineString", "coordinates": [ [ 72.8512691, 21.1847295 ], [ 72.850827, 21.1845799 ] ] } },
{ "type": "Feature", "properties": { "element": "way", "id": 147080895, "waterway": "canal" }, "geometry": { "type": "LineString", "coordinates": [ [ 72.8384951, 21.180214 ], [ 72.8374476, 21.1797282 ], [ 72.8344223, 21.1783884 ], [ 72.8336841, 21.1780869 ] ] } },
{ "type": "Feature", "properties": { "element": "way", "id": 147080896, "waterway": "canal" }, "geometry": { "type": "LineString", "coordinates": [ [ 72.8638363, 21.1909323 ], [ 72.8631147, 21.1904792 ] ] } },
{ "type": "Feature", "properties": { "element": "way", "id": 147080897, "waterway": "canal" }, "geometry": { "type": "LineString", "coordinates": [ [ 72.9679583, 21.2103327 ], [ 72.9675844, 21.210305 ] ] } },
{ "type": "Feature", "properties": { "element": "way", "id": 147080898, "waterway": "drain" }, "geometry": { "type": "LineString", "coordinates": [ [ 72.9648026, 21.1369256 ], [ 72.9647164, 21.1357653 ] ] } },
{ "type": "Feature", "properties": { "element": "way", "id": 147080899, "waterway": "canal" }, "geometry": { "type": "LineString", "coordinates": [ [ 72.8631147, 21.1904792 ], [ 72.8609521, 21.1890755 ] ] } },
{ "type": "Feature", "properties": { "element": "way", "id": 147080905, "waterway": "drain" }, "geometry": { "type": "LineString", "coordinates": [ [ 72.9581964, 21.209628 ], [ 72.9581691, 21.2097765 ], [ 72.9566256, 21.210027 ], [ 72.9544761, 21.2104027 ], [ 72.9532826, 21.2133649 ], [ 72.9528608, 21.2143873 ], [ 72.9512017, 21.2154184 ], [ 72.9499551, 21.2161902 ], [ 72.9497708, 21.2162426 ], [ 72.9475243, 21.216062 ], [ 72.9448124, 21.215829 ], [ 72.943472, 21.2166708 ], [ 72.9400602, 21.2187445 ], [ 72.9370515, 21.2205853 ], [ 72.9364688, 21.2209319 ], [ 72.9351521, 21.2211172 ], [ 72.9337426, 21.2216238 ], [ 72.9310031, 21.2216403 ], [ 72.9285994, 21.2216486 ], [ 72.9263207, 21.2219054 ] ] } },
{ "type": "Feature", "properties": { "element": "way", "id": 147080907, "waterway": "drain" }, "geometry": { "type": "LineString", "coordinates": [ [ 72.8820143, 21.1388436 ], [ 72.8819815, 21.1390107 ] ] } },
{ "type": "Feature", "properties": { "element": "way", "id": 147080908, "waterway": "drain" }, "geometry": { "type": "LineString", "coordinates": [ [ 72.9193839, 21.2125446 ], [ 72.9179254, 21.2105593 ], [ 72.9160299, 21.2081413 ], [ 72.9160608, 21.2077747 ], [ 72.9161159, 21.2068178 ], [ 72.9160316, 21.2067334 ], [ 72.9158379, 21.2067013 ], [ 72.913504, 21.2065033 ], [ 72.9134696, 21.2064421 ], [ 72.9137008, 21.2050672 ], [ 72.9136164, 21.2049041 ], [ 72.9134384, 21.2048284 ], [ 72.9118387, 21.2044323 ], [ 72.9098188, 21.2038558 ] ] } },
{ "type": "Feature", "properties": { "element": "way", "id": 147080910, "waterway": "canal" }, "geometry": { "type": "LineString", "coordinates": [ [ 72.8413932, 21.1814732 ], [ 72.8403686, 21.1810504 ], [ 72.8384951, 21.180214 ] ] } },
{ "type": "Feature", "properties": { "element": "way", "id": 147080911, "waterway": "drain" }, "geometry": { "type": "LineString", "coordinates": [ [ 72.9623566, 21.1373266 ], [ 72.9623374, 21.1373208 ] ] } },
{ "type": "Feature", "properties": { "element": "way", "id": 147080912, "waterway": "drain" }, "geometry": { "type": "LineString", "coordinates": [ [ 72.990749, 21.1998418 ], [ 72.9895755, 21.1994379 ], [ 72.989235, 21.1993622 ], [ 72.9882133, 21.1991699 ], [ 72.9880665, 21.1991728 ], [ 72.987879, 21.1994845 ], [ 72.9868948, 21.1993826 ], [ 72.9867011, 21.1997234 ], [ 72.9855076, 21.1996651 ], [ 72.9853795, 21.1996855 ], [ 72.9852108, 21.1998399 ], [ 72.983708, 21.1997583 ], [ 72.9809148, 21.1997379 ], [ 72.9796213, 21.1997379 ], [ 72.9776342, 21.1994292 ], [ 72.9775436, 21.1994292 ], [ 72.9770562, 21.2005973 ], [ 72.97685, 21.2011245 ], [ 72.9756658, 21.2009468 ], [ 72.9754096, 21.2008041 ], [ 72.974163, 21.2004429 ], [ 72.9717354, 21.1999331 ], [ 72.9712011, 21.1997554 ], [ 72.9698201, 21.1993797 ], [ 72.9697951, 21.1993243 ], [ 72.9698576, 21.1987505 ], [ 72.9699607, 21.1981184 ], [ 72.969339, 21.1980193 ], [ 72.9693015, 21.1979203 ], [ 72.9673925, 21.1974455 ], [ 72.9662396, 21.1972008 ] ] } },
{ "type": "Feature", "properties": { "element": "way", "id": 147080917, "waterway": "drain" }, "geometry": { "type": "LineString", "coordinates": [ [ 72.9617543, 21.1331524 ], [ 72.9617032, 21.1331207 ] ] } },
{ "type": "Feature", "properties": { "element": "way", "id": 147080920, "waterway": "canal" }, "geometry": { "type": "LineString", "coordinates": [ [ 72.9675844, 21.210305 ], [ 72.9667798, 21.2102455 ], [ 72.9619214, 21.209893 ], [ 72.958544, 21.2096542 ], [ 72.9581964, 21.209628 ], [ 72.9544448, 21.2093454 ], [ 72.9530174, 21.2092453 ], [ 72.9524827, 21.2092412 ], [ 72.9519569, 21.20934 ], [ 72.9463763, 21.2110207 ], [ 72.9410653, 21.2126354 ], [ 72.9376674, 21.2136858 ], [ 72.9370532, 21.2137352 ], [ 72.9363374, 21.2137228 ], [ 72.9315478, 21.2133521 ], [ 72.9260732, 21.212969 ], [ 72.9193839, 21.2125446 ], [ 72.9193217, 21.2125407 ], [ 72.9168031, 21.2123677 ], [ 72.9162994, 21.2123882 ], [ 72.9154643, 21.2125448 ], [ 72.9147451, 21.212749 ] ] } },
{ "type": "Feature", "properties": { "element": "way", "id": 147080921, "waterway": "drain" }, "geometry": { "type": "LineString", "coordinates": [ [ 72.963345, 21.1459703 ], [ 72.9629615, 21.1422334 ], [ 72.9629043, 21.1416751 ] ] } },
{ "type": "Feature", "properties": { "element": "way", "id": 147080923, "waterway": "drain" }, "geometry": { "type": "LineString", "coordinates": [ [ 72.9462003, 21.1230789 ], [ 72.942926, 21.122213 ] ] } },
{ "type": "Feature", "properties": { "element": "way", "id": 147080933, "waterway": "drain" }, "geometry": { "type": "LineString", "coordinates": [ [ 72.9634257, 21.1460803 ], [ 72.9634207, 21.1460897 ], [ 72.9620333, 21.1486406 ], [ 72.9609861, 21.1505321 ], [ 72.9569432, 21.1534084 ], [ 72.952127, 21.1567627 ], [ 72.9518398, 21.1569193 ], [ 72.9502889, 21.1575497 ], [ 72.9485789, 21.1580483 ], [ 72.944346, 21.1587076 ], [ 72.9412455, 21.1592654 ], [ 72.9398567, 21.1595153 ], [ 72.9350892, 21.16036 ], [ 72.9346429, 21.1603476 ], [ 72.9308032, 21.1600922 ], [ 72.9258721, 21.1597831 ], [ 72.9206585, 21.1594432 ] ] } },
{ "type": "Feature", "properties": { "element": "way", "id": 147080939, "waterway": "canal" }, "geometry": { "type": "LineString", "coordinates": [ [ 72.8605553, 21.1888279 ], [ 72.8573781, 21.1868063 ] ] } },
{ "type": "Feature", "properties": { "element": "way", "id": 147080940, "waterway": "drain" }, "geometry": { "type": "LineString", "coordinates": [ [ 72.9623092, 21.136983 ], [ 72.9639786, 21.1370018 ], [ 72.9641399, 21.1369338 ], [ 72.9648026, 21.1369256 ], [ 72.9663203, 21.1369975 ] ] } },
{ "type": "Feature", "properties": { "element": "way", "id": 147080942, "waterway": "drain" }, "geometry": { "type": "LineString", "coordinates": [ [ 73.0013362, 21.1566477 ], [ 72.9996922, 21.1574647 ], [ 72.999405, 21.1577305 ], [ 72.99893, 21.1579468 ], [ 72.9976773, 21.158569 ], [ 72.9954968, 21.1596569 ], [ 72.9929186, 21.1609425 ], [ 72.9901747, 21.1623126 ], [ 72.988489, 21.1631243 ], [ 72.9879941, 21.1632871 ], [ 72.9875523, 21.1633921 ], [ 72.987064, 21.1634251 ], [ 72.9863328, 21.1634045 ], [ 72.9858931, 21.1633303 ], [ 72.9851994, 21.1631429 ], [ 72.9842494, 21.1627864 ], [ 72.982672, 21.1621395 ], [ 72.9805335, 21.1612639 ], [ 72.9791085, 21.1606891 ], [ 72.9785319, 21.1605284 ], [ 72.978037, 21.1604769 ], [ 72.9774604, 21.1604604 ], [ 72.9771113, 21.1605222 ], [ 72.9752754, 21.1609651 ], [ 72.9708862, 21.1620478 ], [ 72.9675619, 21.1628985 ], [ 72.963897, 21.1638193 ], [ 72.9617718, 21.1643281 ] ] } },
{ "type": "Feature", "properties": { "element": "way", "id": 147080943, "waterway": "drain" }, "geometry": { "type": "LineString", "coordinates": [ [ 72.963345, 21.1459703 ], [ 72.962596, 21.1461072 ], [ 72.9607513, 21.1464719 ], [ 72.9576899, 21.1471371 ], [ 72.9543848, 21.1479325 ], [ 72.947218, 21.1496674 ], [ 72.9424636, 21.1508377 ], [ 72.9385533, 21.1517814 ], [ 72.934908, 21.1526632 ], [ 72.9333217, 21.1530712 ], [ 72.9332643, 21.1531618 ], [ 72.9332864, 21.1533967 ], [ 72.9331096, 21.1539242 ], [ 72.9329196, 21.154019 ], [ 72.9319166, 21.1542992 ], [ 72.9316869, 21.1542786 ], [ 72.9305022, 21.1541144 ], [ 72.9300874, 21.1540396 ], [ 72.9277234, 21.1538995 ], [ 72.9271623, 21.1538212 ], [ 72.9231591, 21.1528899 ], [ 72.9219308, 21.1526097 ], [ 72.9199601, 21.1519792 ], [ 72.919231, 21.1516083 ], [ 72.9183738, 21.150949 ], [ 72.9176287, 21.150369 ] ] } },
{ "type": "Feature", "properties": { "element": "way", "id": 147080946, "waterway": "canal" }, "geometry": { "type": "LineString", "coordinates": [ [ 72.850827, 21.1845799 ], [ 72.850461, 21.184468 ], [ 72.8501814, 21.1844077 ], [ 72.8482338, 21.1842494 ] ] } },
{ "type": "Feature", "properties": { "element": "way", "id": 147080948, "waterway": "canal" }, "geometry": { "type": "LineString", "coordinates": [ [ 73.1907096, 21.2062368 ], [ 73.1897358, 21.2064922 ], [ 73.1860959, 21.2074855 ], [ 73.178004, 21.2097362 ], [ 73.1742748, 21.2107825 ], [ 73.1736473, 21.2108567 ], [ 73.1726719, 21.2107946 ], [ 73.1716971, 21.2105849 ], [ 73.1677979, 21.2098101 ], [ 73.1672543, 21.2097751 ], [ 73.1666856, 21.2098101 ], [ 73.1653484, 21.2100897 ], [ 73.1568064, 21.212449 ], [ 73.153982, 21.2132063 ], [ 73.1486393, 21.2144063 ], [ 73.1423093, 21.215816 ], [ 73.1353982, 21.2173597 ], [ 73.1348296, 21.2174762 ], [ 73.1342297, 21.2177092 ], [ 73.1337048, 21.2180179 ], [ 73.1331362, 21.2186179 ], [ 73.1285683, 21.2235983 ], [ 73.1251128, 21.2273146 ], [ 73.1236006, 21.2276815 ], [ 73.1183767, 21.2290503 ], [ 73.1060838, 21.2320872 ], [ 73.1045916, 21.2324784 ], [ 73.097598, 21.2343122 ], [ 73.0933738, 21.2354829 ], [ 73.0927865, 21.2355469 ], [ 73.0918742, 21.2354829 ], [ 73.0856004, 21.2348247 ], [ 73.0812575, 21.2343355 ], [ 73.0793767, 21.2339685 ], [ 73.0786268, 21.2339336 ], [ 73.0775833, 21.2340734 ], [ 73.0695724, 21.234883 ], [ 73.0663807, 21.2351775 ], [ 73.0657857, 21.2352324 ], [ 73.065392, 21.2351858 ], [ 73.0649796, 21.2349936 ], [ 73.0624301, 21.2334734 ], [ 73.0582684, 21.2310504 ], [ 73.0533944, 21.2282021 ], [ 73.052807, 21.2279226 ], [ 73.051801, 21.2276837 ], [ 73.0478093, 21.2269743 ], [ 73.0426903, 21.2260644 ], [ 73.0377905, 21.225162 ], [ 73.0358846, 21.2247892 ], [ 73.0352785, 21.2245329 ], [ 73.0346849, 21.2241776 ], [ 73.0339538, 21.2234553 ], [ 73.0298796, 21.2195816 ], [ 73.0253368, 21.2152943 ], [ 73.0236996, 21.213739 ], [ 73.0233309, 21.2134594 ], [ 73.0228373, 21.2131623 ], [ 73.0221561, 21.2129293 ], [ 73.0215125, 21.2127836 ], [ 73.0209189, 21.212737 ], [ 73.0165698, 21.212603 ], [ 73.0161953, 21.2125916 ], [ 73.010671, 21.2124225 ], [ 73.0059257, 21.2122659 ], [ 73.000558, 21.2120678 ], [ 72.9971404, 21.2119419 ], [ 72.9939373, 21.2118433 ], [ 72.9919221, 21.2117812 ], [ 72.9875006, 21.2116552 ], [ 72.9819955, 21.2113465 ], [ 72.9751219, 21.210863 ], [ 72.9679583, 21.2103327 ] ] } },
{ "type": "Feature", "properties": { "element": "way", "id": 147080949, "waterway": "drain" }, "geometry": { "type": "LineString", "coordinates": [ [ 72.9507671, 21.167124 ], [ 72.9508028, 21.1657102 ], [ 72.9507501, 21.165619 ], [ 72.9500255, 21.1655798 ], [ 72.9500282, 21.1654596 ], [ 72.9486408, 21.1654101 ], [ 72.9486408, 21.1652556 ], [ 72.9473086, 21.1651773 ] ] } },
{ "type": "Feature", "properties": { "element": "way", "id": 147080951, "waterway": "canal" }, "geometry": { "type": "LineString", "coordinates": [ [ 73.1868539, 21.1904358 ], [ 73.1853948, 21.1902178 ], [ 73.1816768, 21.1897168 ], [ 73.1748367, 21.1887563 ], [ 73.1646805, 21.187352 ], [ 73.1575257, 21.1864431 ], [ 73.1569196, 21.186379 ], [ 73.1565946, 21.186379 ], [ 73.1556177, 21.1865194 ], [ 73.1550334, 21.186732 ], [ 73.1520746, 21.1881158 ], [ 73.1462429, 21.1908103 ], [ 73.1437563, 21.1919933 ], [ 73.1433012, 21.1921251 ], [ 73.1428682, 21.1921293 ], [ 73.1408799, 21.1919439 ], [ 73.1396117, 21.1918079 ], [ 73.135909, 21.1916555 ], [ 73.1321223, 21.191124 ], [ 73.1315656, 21.1911323 ], [ 73.127368, 21.1913341 ], [ 73.1225872, 21.1911776 ], [ 73.1175942, 21.1909469 ], [ 73.116198, 21.1908769 ], [ 73.1122787, 21.1908233 ], [ 73.1086114, 21.190745 ], [ 73.1080723, 21.1907986 ], [ 73.1066451, 21.1911529 ], [ 73.1031589, 21.192121 ], [ 73.0995932, 21.1930438 ], [ 73.0990232, 21.1931097 ], [ 73.0984381, 21.1931233 ], [ 73.0962995, 21.1928267 ], [ 73.0910581, 21.1921785 ], [ 73.0894376, 21.191978 ], [ 73.0836891, 21.1912694 ], [ 73.0780775, 21.1905608 ], [ 73.0724572, 21.1898399 ], [ 73.0666998, 21.1891189 ], [ 73.0633948, 21.1887069 ], [ 73.0629599, 21.1886145 ], [ 73.0623257, 21.1883639 ], [ 73.0592013, 21.1865257 ], [ 73.0559364, 21.1845651 ], [ 73.0531026, 21.1829075 ], [ 73.0503063, 21.181212 ], [ 73.0475131, 21.1795427 ], [ 73.0448605, 21.1779345 ], [ 73.042639, 21.1765914 ], [ 73.0400927, 21.1750881 ], [ 73.0375682, 21.1735615 ], [ 73.0349531, 21.1719969 ], [ 73.0331035, 21.1708519 ], [ 73.0318069, 21.1700799 ], [ 73.0303415, 21.1691767 ], [ 73.0299979, 21.1690281 ], [ 73.028895, 21.1686114 ], [ 73.025605, 21.1672421 ], [ 73.0227899, 21.1660679 ], [ 73.0197374, 21.1647743 ], [ 73.0167412, 21.1634631 ], [ 73.0134481, 21.1620238 ], [ 73.0103112, 21.1606689 ], [ 73.0071462, 21.1592529 ], [ 73.0036001, 21.1576765 ], [ 73.0016296, 21.156781 ], [ 73.0013362, 21.1566477 ], [ 73.0008881, 21.156444 ], [ 72.9980253, 21.1552103 ], [ 72.9973714, 21.1548683 ], [ 72.9969472, 21.1545139 ], [ 72.9967175, 21.154176 ], [ 72.9965451, 21.1538175 ], [ 72.9964435, 21.1534342 ], [ 72.9959177, 21.1507392 ], [ 72.9956174, 21.1492958 ], [ 72.995609, 21.1492554 ], [ 72.9954891, 21.1485881 ], [ 72.9953345, 21.148143 ], [ 72.9950605, 21.1477227 ], [ 72.9947424, 21.1473518 ], [ 72.994411, 21.1470963 ], [ 72.9940398, 21.1468738 ], [ 72.9935626, 21.1467419 ], [ 72.9929882, 21.1466348 ], [ 72.9922238, 21.1466348 ], [ 72.9897846, 21.1465229 ], [ 72.9879997, 21.1464411 ], [ 72.9844693, 21.146268 ], [ 72.9818078, 21.1461372 ], [ 72.9812334, 21.146096 ], [ 72.9763156, 21.1454737 ], [ 72.9753435, 21.1453254 ], [ 72.9747426, 21.1453006 ], [ 72.9708455, 21.145519 ], [ 72.9651563, 21.1458527 ] ] } },
{ "type": "Feature", "properties": { "element": "way", "id": 147080975, "waterway": null }, "geometry": { "type": "Polygon", "coordinates": [ [ [ 72.8756167, 21.1554045 ], [ 72.8757417, 21.1555793 ], [ 72.8782255, 21.1559173 ], [ 72.878339, 21.1559083 ], [ 72.8784161, 21.15576 ], [ 72.8787254, 21.1545158 ], [ 72.8777381, 21.154373 ], [ 72.8772195, 21.154204 ], [ 72.8767633, 21.1540262 ], [ 72.8762478, 21.1537582 ], [ 72.8760041, 21.1538223 ], [ 72.8758635, 21.1540233 ], [ 72.8757386, 21.1547693 ], [ 72.8756167, 21.1554045 ] ] ] } },
{ "type": "Feature", "properties": { "element": "way", "id": 147084387, "waterway": "canal" }, "geometry": { "type": "LineString", "coordinates": [ [ 72.9647917, 21.1458741 ], [ 72.9644519, 21.1458941 ], [ 72.9634956, 21.1459497 ], [ 72.963345, 21.1459703 ] ] } },
{ "type": "Feature", "properties": { "element": "way", "id": 147084388, "waterway": "canal" }, "geometry": { "type": "LineString", "coordinates": [ [ 72.9651563, 21.1458527 ], [ 72.9647917, 21.1458741 ] ] } },
{ "type": "Feature", "properties": { "element": "way", "id": 150681564, "waterway": null }, "geometry": { "type": "Polygon", "coordinates": [ [ [ 72.8288427, 21.189319 ], [ 72.828703, 21.1892042 ], [ 72.8285577, 21.1890101 ], [ 72.8284495, 21.1887883 ], [ 72.8284486, 21.18875 ], [ 72.8285009, 21.1887415 ], [ 72.8285477, 21.1887183 ], [ 72.8285843, 21.1886826 ], [ 72.8286073, 21.188638 ], [ 72.8286142, 21.188589 ], [ 72.8286045, 21.1885407 ], [ 72.8285793, 21.1884977 ], [ 72.828541, 21.188464 ], [ 72.8284934, 21.188443 ], [ 72.8284412, 21.1884367 ], [ 72.8284723, 21.1882919 ], [ 72.8285205, 21.1881698 ], [ 72.8285495, 21.1881807 ], [ 72.8285807, 21.1881827 ], [ 72.8286111, 21.1881756 ], [ 72.8286376, 21.1881601 ], [ 72.8286577, 21.1881377 ], [ 72.8286695, 21.1881103 ], [ 72.8286715, 21.1880807 ], [ 72.8286635, 21.1880521 ], [ 72.8286463, 21.1880273 ], [ 72.8286216, 21.1880087 ], [ 72.8286911, 21.1879239 ], [ 72.8288318, 21.1878108 ], [ 72.8289724, 21.187724 ], [ 72.829199, 21.1876362 ], [ 72.8294343, 21.1876142 ], [ 72.8294343, 21.1876671 ], [ 72.8294518, 21.1877174 ], [ 72.8294851, 21.1877602 ], [ 72.8295309, 21.1877914 ], [ 72.8295848, 21.1878079 ], [ 72.8296408, 21.1878081 ], [ 72.8296942, 21.1877924 ], [ 72.82974, 21.1877623 ], [ 72.8297737, 21.1877205 ], [ 72.8297922, 21.1876712 ], [ 72.8299804, 21.1877649 ], [ 72.830159, 21.1879008 ], [ 72.8303241, 21.1880989 ], [ 72.8302554, 21.1882494 ], [ 72.8302274, 21.1883771 ], [ 72.8302894, 21.1883786 ], [ 72.8302944, 21.1885005 ], [ 72.8302958, 21.188557 ], [ 72.8303035, 21.1886811 ], [ 72.8302465, 21.1886917 ], [ 72.8302891, 21.1888344 ], [ 72.8303561, 21.1889581 ], [ 72.8302163, 21.1891598 ], [ 72.8300352, 21.1893151 ], [ 72.8298675, 21.1894168 ], [ 72.8298442, 21.1893713 ], [ 72.8298069, 21.1893347 ], [ 72.8297592, 21.1893108 ], [ 72.8297059, 21.1893019 ], [ 72.8296523, 21.1893088 ], [ 72.8296044, 21.1893304 ], [ 72.8295659, 21.1893647 ], [ 72.8295404, 21.1894083 ], [ 72.8295304, 21.1894571 ], [ 72.8295369, 21.1895063 ], [ 72.8293361, 21.1894935 ], [ 72.8290798, 21.1894442 ], [ 72.8288427, 21.189319 ] ] ] } },
{ "type": "Feature", "properties": { "element": "way", "id": 158264474, "waterway": "canal" }, "geometry": { "type": "LineString", "coordinates": [ [ 72.7251541, 21.0945108 ], [ 72.7253773, 21.094431 ] ] } },
{ "type": "Feature", "properties": { "element": "way", "id": 202538089, "waterway": "river" }, "geometry": { "type": "LineString", "coordinates": [ [ 73.1246138, 21.2629657 ], [ 73.1242222, 21.2636856 ], [ 73.1239539, 21.2640256 ], [ 73.123498, 21.2643355 ], [ 73.1230795, 21.2643105 ], [ 73.1224519, 21.2642705 ], [ 73.1220496, 21.2644105 ], [ 73.121717, 21.2648105 ], [ 73.1215158, 21.2658725 ], [ 73.1211805, 21.2671001 ], [ 73.120746, 21.2679999 ], [ 73.1201237, 21.2693146 ], [ 73.1192279, 21.2711943 ], [ 73.1188631, 21.2720091 ], [ 73.1182998, 21.2731638 ], [ 73.118037, 21.2736087 ], [ 73.1176776, 21.2738687 ], [ 73.1170928, 21.2741236 ], [ 73.1164759, 21.2743436 ], [ 73.1157303, 21.2747235 ], [ 73.1151134, 21.2750684 ], [ 73.1129086, 21.276838 ], [ 73.1120181, 21.2775878 ], [ 73.1109559, 21.2789275 ], [ 73.1104946, 21.2793573 ], [ 73.1096899, 21.2796873 ], [ 73.1084025, 21.2800072 ], [ 73.1076836, 21.2801171 ], [ 73.106997, 21.2803271 ], [ 73.1033707, 21.2822366 ], [ 73.1025553, 21.2828264 ], [ 73.1018579, 21.2830863 ], [ 73.1007957, 21.2831963 ], [ 73.0975878, 21.2835462 ], [ 73.0940366, 21.2835262 ], [ 73.0903458, 21.2833162 ], [ 73.0892515, 21.2831263 ], [ 73.0876422, 21.2828664 ], [ 73.0855179, 21.2825165 ], [ 73.0837948, 21.2823116 ], [ 73.0797243, 21.2827064 ], [ 73.0778468, 21.2830263 ], [ 73.0749607, 21.2838861 ], [ 73.0728149, 21.2847958 ], [ 73.0705297, 21.2859555 ], [ 73.0695426, 21.2867052 ], [ 73.0685663, 21.2876749 ], [ 73.0676544, 21.2884647 ], [ 73.0661952, 21.2893144 ], [ 73.0650043, 21.2899542 ], [ 73.0636418, 21.290334 ], [ 73.0618098, 21.2905405 ], [ 73.0593502, 21.290444 ], [ 73.0549595, 21.2898282 ], [ 73.0487705, 21.2887791 ], [ 73.0470872, 21.2885946 ], [ 73.0456401, 21.2886219 ], [ 73.0430102, 21.2890045 ], [ 73.0414438, 21.2894243 ], [ 73.0393946, 21.2903141 ], [ 73.0305362, 21.294506 ], [ 73.0261445, 21.2970316 ], [ 73.0237305, 21.298621 ], [ 73.0219173, 21.2996806 ], [ 73.0202007, 21.3005402 ], [ 73.017379, 21.3016298 ], [ 73.0145574, 21.3022195 ], [ 73.0083937, 21.3034922 ], [ 73.002487, 21.3043717 ], [ 72.9993439, 21.3050283 ], [ 72.9980564, 21.3054881 ], [ 72.9965007, 21.3063078 ], [ 72.9951595, 21.3073465 ], [ 72.9915333, 21.3106158 ], [ 72.9904604, 21.3113854 ], [ 72.9891837, 21.312215 ], [ 72.9879673, 21.3129068 ], [ 72.9865122, 21.3137343 ], [ 72.984302, 21.3146738 ], [ 72.9827678, 21.3153934 ], [ 72.9811585, 21.3157133 ], [ 72.9791307, 21.3160731 ], [ 72.9779076, 21.316193 ], [ 72.9763627, 21.316203 ], [ 72.9744208, 21.3158232 ], [ 72.9722857, 21.3146838 ], [ 72.9692709, 21.3128547 ], [ 72.9684126, 21.3120251 ], [ 72.9669798, 21.3100275 ], [ 72.9659879, 21.3089266 ], [ 72.9651511, 21.3071274 ], [ 72.9646683, 21.3053282 ], [ 72.9645073, 21.3033191 ], [ 72.9646468, 21.3017397 ], [ 72.9655909, 21.2990309 ], [ 72.9673326, 21.2958313 ], [ 72.9685128, 21.2933697 ], [ 72.9691314, 21.290434 ], [ 72.9689234, 21.2883499 ], [ 72.9675256, 21.2861876 ], [ 72.965722, 21.2847994 ], [ 72.9637027, 21.2838961 ], [ 72.9618272, 21.283268 ], [ 72.9576301, 21.2830963 ], [ 72.9531832, 21.2833034 ], [ 72.9504128, 21.2835246 ], [ 72.945874, 21.283891 ], [ 72.9384041, 21.284196 ], [ 72.9361725, 21.2838761 ], [ 72.9338765, 21.2831363 ], [ 72.9256797, 21.2796773 ], [ 72.9199075, 21.276998 ], [ 72.9184055, 21.2760782 ], [ 72.9176545, 21.2753184 ], [ 72.9146896, 21.2707434 ], [ 72.9094147, 21.261381 ], [ 72.9090714, 21.2599412 ] ] } },
{ "type": "Feature", "properties": { "element": "way", "id": 217359109, "waterway": "canal" }, "geometry": { "type": "LineString", "coordinates": [ [ 72.7448156, 21.1943829 ], [ 72.7450541, 21.1945594 ] ] } },
{ "type": "Feature", "properties": { "element": "way", "id": 217359111, "waterway": "river" }, "geometry": { "type": "LineString", "coordinates": [ [ 72.8564931, 21.192335 ], [ 72.8564819, 21.1917449 ] ] } },
{ "type": "Feature", "properties": { "element": "way", "id": 217359113, "waterway": "canal" }, "geometry": { "type": "LineString", "coordinates": [ [ 72.7450541, 21.1945594 ], [ 72.7496265, 21.1979643 ], [ 72.7522053, 21.1998696 ], [ 72.7528962, 21.200296 ], [ 72.7545212, 21.2007133 ], [ 72.7620141, 21.2024098 ], [ 72.7624131, 21.2024552 ], [ 72.7671726, 21.2027799 ] ] } },
{ "type": "Feature", "properties": { "element": "way", "id": 217359114, "waterway": "river" }, "geometry": { "type": "LineString", "coordinates": [ [ 72.8527279, 21.1898454 ], [ 72.8522731, 21.189953 ], [ 72.8516581, 21.1899457 ], [ 72.8509886, 21.1896336 ], [ 72.8504904, 21.18959 ], [ 72.8501401, 21.189786 ], [ 72.8496885, 21.1900038 ], [ 72.849128, 21.1897425 ], [ 72.8479603, 21.1893868 ], [ 72.8474154, 21.1890021 ], [ 72.8471118, 21.188523 ], [ 72.8465513, 21.1877464 ], [ 72.8460764, 21.1873254 ], [ 72.8448532, 21.1864921 ], [ 72.8447498, 21.1863257 ], [ 72.8447218, 21.186164 ], [ 72.8446888, 21.1851737 ], [ 72.8445912, 21.1840141 ], [ 72.8445345, 21.1838434 ], [ 72.8444428, 21.1837356 ], [ 72.8443109, 21.1836602 ], [ 72.8436961, 21.1835183 ], [ 72.843479, 21.183488 ], [ 72.8424097, 21.1834928 ], [ 72.8413199, 21.1833984 ], [ 72.8406659, 21.1834347 ], [ 72.8400276, 21.1833186 ], [ 72.8392802, 21.1829847 ], [ 72.838603, 21.1823241 ], [ 72.8381748, 21.1819975 ], [ 72.837264, 21.1816999 ], [ 72.8366334, 21.181395 ], [ 72.8363934, 21.1812532 ], [ 72.8362831, 21.1810248 ], [ 72.8363532, 21.1807417 ], [ 72.836828, 21.1805239 ], [ 72.8375287, 21.1803062 ], [ 72.8379257, 21.1800231 ], [ 72.8382838, 21.1794061 ], [ 72.8384239, 21.1786729 ], [ 72.8385563, 21.1779034 ], [ 72.838494, 21.1773663 ], [ 72.8383227, 21.1768944 ], [ 72.8378478, 21.1764298 ] ] } },
{ "type": "Feature", "properties": { "element": "way", "id": 227653179, "waterway": "river" }, "geometry": { "type": "LineString", "coordinates": [ [ 73.2201204, 21.1358295 ], [ 73.2187325, 21.1363438 ], [ 73.2178464, 21.1369564 ], [ 73.217081, 21.1382323 ], [ 73.2162572, 21.13869 ], [ 73.2146799, 21.1386246 ], [ 73.2124717, 21.1384611 ], [ 73.211914, 21.1383503 ], [ 73.211567, 21.1378764 ], [ 73.211282, 21.1372291 ], [ 73.2106995, 21.1364547 ], [ 73.2100799, 21.1357496 ], [ 73.2096709, 21.135137 ], [ 73.2090402, 21.1346467 ], [ 73.2085494, 21.134565 ], [ 73.2081814, 21.1346222 ], [ 73.207901, 21.1347121 ], [ 73.2074629, 21.1352107 ], [ 73.2074629, 21.1354559 ], [ 73.2074629, 21.1363876 ], [ 73.2069984, 21.1369189 ], [ 73.206683, 21.1374747 ], [ 73.2062536, 21.1393709 ], [ 73.2059206, 21.1400084 ], [ 73.2055087, 21.1407358 ], [ 73.2051582, 21.1410627 ], [ 73.2046412, 21.1413488 ], [ 73.2044221, 21.1413324 ], [ 73.2038175, 21.1413243 ], [ 73.2035984, 21.1406868 ], [ 73.2035984, 21.1403435 ], [ 73.2036773, 21.139943 ], [ 73.2038525, 21.139518 ], [ 73.2040453, 21.139093 ], [ 73.204133, 21.1386108 ], [ 73.2040541, 21.1382266 ], [ 73.2038087, 21.137818 ], [ 73.203341, 21.1375465 ], [ 73.2028152, 21.137428 ], [ 73.2024384, 21.1374812 ], [ 73.2020178, 21.1377917 ], [ 73.2015446, 21.1383925 ], [ 73.2014219, 21.1386172 ], [ 73.2011546, 21.1388216 ], [ 73.2008611, 21.1388951 ], [ 73.2002258, 21.1388788 ], [ 73.1995598, 21.1387562 ], [ 73.1990296, 21.1386295 ], [ 73.1986528, 21.1385846 ], [ 73.1979606, 21.1386622 ], [ 73.1976144, 21.1388134 ], [ 73.1972771, 21.1390627 ], [ 73.1971062, 21.1393283 ], [ 73.1969966, 21.1395735 ], [ 73.1968696, 21.1399045 ], [ 73.196484, 21.1404276 ], [ 73.1958706, 21.1408322 ], [ 73.1952003, 21.1408608 ], [ 73.1946745, 21.1406278 ], [ 73.1939515, 21.140068 ], [ 73.1937982, 21.1395572 ], [ 73.193601, 21.1391444 ], [ 73.1932593, 21.138793 ], [ 73.1925626, 21.1385805 ], [ 73.192142, 21.1386949 ], [ 73.1918791, 21.1388297 ], [ 73.1917477, 21.1389605 ], [ 73.1913358, 21.1397165 ], [ 73.1903062, 21.1412 ], [ 73.1897322, 21.1420827 ], [ 73.1890969, 21.1427038 ], [ 73.1883082, 21.1430675 ], [ 73.187616, 21.1431615 ], [ 73.1872129, 21.1430879 ], [ 73.1869588, 21.1429735 ], [ 73.1865688, 21.1427978 ], [ 73.1862358, 21.1425976 ], [ 73.1858415, 21.1422829 ], [ 73.1856706, 21.142005 ], [ 73.185618, 21.141625 ], [ 73.1855304, 21.1412653 ], [ 73.1854033, 21.1410406 ], [ 73.1851974, 21.140824 ], [ 73.1844088, 21.1402314 ], [ 73.1838874, 21.1399454 ], [ 73.1834054, 21.1398024 ], [ 73.1826869, 21.1397002 ], [ 73.1823539, 21.1396757 ], [ 73.1818149, 21.1397778 ], [ 73.1811972, 21.1397983 ], [ 73.1806188, 21.1396471 ], [ 73.1798783, 21.1393406 ], [ 73.1796067, 21.139173 ], [ 73.1793613, 21.1389115 ], [ 73.1791948, 21.1386499 ], [ 73.1789977, 21.1381677 ], [ 73.1787874, 21.1377223 ], [ 73.1785595, 21.1372074 ], [ 73.1785113, 21.1364023 ], [ 73.1785902, 21.135683 ], [ 73.1784807, 21.1349719 ], [ 73.1783186, 21.1338849 ], [ 73.177968, 21.1333413 ], [ 73.1777095, 21.1331166 ], [ 73.1774992, 21.1329572 ], [ 73.177324, 21.1326425 ], [ 73.1764477, 21.1316657 ], [ 73.1756678, 21.1310854 ], [ 73.1744191, 21.1301087 ], [ 73.1740905, 21.1298512 ], [ 73.1735077, 21.1292218 ], [ 73.1732361, 21.1291442 ], [ 73.1728242, 21.1291442 ], [ 73.172443, 21.1292586 ], [ 73.1722546, 21.1294425 ], [ 73.1718866, 21.1300228 ], [ 73.1718559, 21.130313 ], [ 73.1717858, 21.1307952 ], [ 73.1718735, 21.1311467 ], [ 73.1720224, 21.1315636 ], [ 73.1722765, 21.1316453 ], [ 73.1724387, 21.131629 ], [ 73.172833, 21.1315922 ], [ 73.1735822, 21.131723 ], [ 73.1745286, 21.1326057 ], [ 73.1749536, 21.13328 ], [ 73.1749843, 21.1337418 ], [ 73.1748923, 21.1343303 ], [ 73.1746863, 21.1350169 ], [ 73.174441, 21.135495 ], [ 73.1742175, 21.1356953 ], [ 73.1735472, 21.1358506 ], [ 73.1731003, 21.1358301 ], [ 73.1728899, 21.1356912 ], [ 73.1725789, 21.1352744 ], [ 73.1720531, 21.1348575 ], [ 73.1714791, 21.134126 ], [ 73.1711943, 21.1338603 ], [ 73.1709095, 21.1336724 ], [ 73.1704977, 21.1334394 ], [ 73.1701559, 21.1332473 ], [ 73.1693716, 21.1330593 ], [ 73.1685567, 21.1326629 ], [ 73.1677943, 21.1322992 ], [ 73.1674745, 21.1321521 ], [ 73.1669224, 21.1320703 ], [ 73.1667033, 21.1321439 ], [ 73.1664229, 21.1322502 ], [ 73.1662521, 21.132524 ], [ 73.1660286, 21.1329858 ], [ 73.1659629, 21.1334558 ], [ 73.1660768, 21.1342241 ], [ 73.1660943, 21.1345878 ], [ 73.1658533, 21.1351926 ], [ 73.1654546, 21.1355972 ], [ 73.1649771, 21.1357974 ], [ 73.1647361, 21.1357729 ], [ 73.1644601, 21.1356462 ], [ 73.1642147, 21.1355073 ], [ 73.1638817, 21.1354051 ], [ 73.1633033, 21.1353111 ], [ 73.1617216, 21.135352 ], [ 73.1610601, 21.1355073 ], [ 73.1607008, 21.135822 ], [ 73.1600698, 21.1361326 ], [ 73.159601, 21.1361244 ], [ 73.1593075, 21.1360672 ], [ 73.1587335, 21.1359405 ], [ 73.158383, 21.1359446 ], [ 73.1580894, 21.1359691 ], [ 73.1578441, 21.1359977 ], [ 73.1570642, 21.1366352 ], [ 73.1568626, 21.1369989 ], [ 73.1565778, 21.1374485 ], [ 73.1563149, 21.1378898 ], [ 73.1562229, 21.1380696 ], [ 73.1560126, 21.1381309 ], [ 73.1555964, 21.1381309 ], [ 73.1551276, 21.1380533 ], [ 73.1548515, 21.1379266 ], [ 73.1546325, 21.1373667 ], [ 73.1545317, 21.1370153 ], [ 73.1542688, 21.1364145 ], [ 73.1540278, 21.1360304 ], [ 73.153616, 21.1355727 ], [ 73.1532611, 21.1354664 ], [ 73.1528799, 21.1354828 ], [ 73.1526082, 21.1355727 ], [ 73.1524242, 21.1356912 ], [ 73.1521, 21.1362715 ], [ 73.1517144, 21.1366148 ], [ 73.1513245, 21.1368069 ], [ 73.1508995, 21.1367701 ], [ 73.1505665, 21.1365371 ], [ 73.1501064, 21.1360753 ], [ 73.1496157, 21.1352989 ], [ 73.1493923, 21.1350046 ], [ 73.1482619, 21.1340238 ], [ 73.1478018, 21.1337459 ], [ 73.1474907, 21.1336437 ], [ 73.1471796, 21.133607 ], [ 73.1467853, 21.1336519 ], [ 73.1463647, 21.133799 ], [ 73.1453351, 21.1339462 ], [ 73.1449276, 21.13375 ], [ 73.1447655, 21.1335416 ], [ 73.1445727, 21.1328427 ], [ 73.1443098, 21.1319723 ], [ 73.1442003, 21.1315391 ], [ 73.1440425, 21.1313102 ], [ 73.143175, 21.1306522 ], [ 73.1420534, 21.1300801 ], [ 73.1414399, 21.1297 ], [ 73.1407696, 21.1293403 ], [ 73.1405856, 21.129136 ], [ 73.1403884, 21.1288499 ], [ 73.1403534, 21.128666 ], [ 73.1403446, 21.128384 ], [ 73.1404015, 21.1277464 ], [ 73.1403884, 21.1273418 ], [ 73.1403052, 21.1271252 ], [ 73.1401299, 21.1268105 ], [ 73.1399985, 21.1266307 ], [ 73.1398232, 21.1264304 ], [ 73.1395428, 21.1260136 ], [ 73.1394946, 21.1257275 ], [ 73.1395515, 21.12547 ], [ 73.1397575, 21.1251267 ], [ 73.1404147, 21.1245913 ], [ 73.1414443, 21.1235859 ], [ 73.1421059, 21.1228421 ], [ 73.1427412, 21.122184 ], [ 73.1428399, 21.1217027 ], [ 73.1429121, 21.1213503 ], [ 73.1429515, 21.1207168 ], [ 73.1429603, 21.1202713 ], [ 73.1425791, 21.1191514 ], [ 73.1422111, 21.1184157 ], [ 73.1417466, 21.1178231 ], [ 73.1408923, 21.1166419 ], [ 73.1404015, 21.1162945 ], [ 73.140108, 21.1161187 ], [ 73.1396918, 21.1160002 ], [ 73.1393412, 21.1160615 ], [ 73.1390039, 21.1162454 ], [ 73.1386052, 21.1167686 ], [ 73.1384474, 21.1173817 ], [ 73.1383861, 21.1180152 ], [ 73.1386052, 21.1187468 ], [ 73.1390302, 21.120071 ], [ 73.1392361, 21.1208925 ], [ 73.1393237, 21.1217059 ], [ 73.1390784, 21.1221432 ], [ 73.1386183, 21.1223925 ], [ 73.1381451, 21.122511 ], [ 73.1376982, 21.122511 ], [ 73.1371812, 21.1224252 ], [ 73.1369446, 21.1222944 ], [ 73.1362479, 21.1217263 ], [ 73.1354461, 21.1214157 ], [ 73.1347889, 21.121195 ], [ 73.13425, 21.1208476 ], [ 73.1340572, 21.1206555 ], [ 73.1338995, 21.1201078 ], [ 73.1335534, 21.1187509 ], [ 73.1334088, 21.1181582 ], [ 73.133216, 21.11768 ], [ 73.1328655, 21.1170996 ], [ 73.1325106, 21.1167154 ], [ 73.1322521, 21.116556 ], [ 73.1320111, 21.1165029 ], [ 73.131884, 21.1164866 ], [ 73.1316474, 21.1166214 ], [ 73.1314415, 21.1167972 ], [ 73.1313758, 21.1170179 ], [ 73.1313977, 21.1173203 ], [ 73.1312399, 21.1177618 ], [ 73.1306835, 21.1185751 ], [ 73.1298379, 21.1196868 ], [ 73.1294085, 21.1205982 ], [ 73.1290361, 21.121007 ], [ 73.1283088, 21.1212522 ], [ 73.1276822, 21.1213217 ], [ 73.1268235, 21.1213094 ], [ 73.1259647, 21.1212522 ], [ 73.1255528, 21.1210805 ], [ 73.125084, 21.120774 ], [ 73.1249438, 21.1204266 ], [ 73.1245977, 21.1198135 ], [ 73.1244005, 21.1189879 ], [ 73.1245101, 21.1184893 ], [ 73.1246722, 21.1176923 ], [ 73.1246284, 21.1172182 ], [ 73.1240237, 21.1168299 ], [ 73.1232131, 21.1168054 ], [ 73.1226129, 21.1171242 ], [ 73.121833, 21.1177658 ], [ 73.1210487, 21.1182032 ], [ 73.1205974, 21.11824 ], [ 73.1195108, 21.1179743 ], [ 73.1189544, 21.1176964 ], [ 73.1185644, 21.1175206 ], [ 73.1180255, 21.1171609 ], [ 73.116584, 21.1163353 ], [ 73.1151469, 21.115428 ], [ 73.1147263, 21.1149252 ], [ 73.1145028, 21.1145778 ], [ 73.1144108, 21.1143448 ], [ 73.1143889, 21.11412 ], [ 73.1144284, 21.1134947 ], [ 73.1145028, 21.1132004 ], [ 73.1146781, 21.112759 ], [ 73.1146825, 21.112526 ], [ 73.1146387, 21.1122848 ], [ 73.1145379, 21.1120805 ], [ 73.1141611, 21.1117289 ], [ 73.113942, 21.1117208 ], [ 73.1136222, 21.1117208 ], [ 73.1130351, 21.1117535 ], [ 73.1123866, 21.1117739 ], [ 73.1120229, 21.111733 ], [ 73.110783, 21.1114101 ], [ 73.1093678, 21.1111731 ], [ 73.108233, 21.1109483 ], [ 73.1064015, 21.1107439 ], [ 73.105683, 21.1106907 ], [ 73.1047747, 21.1105115 ], [ 73.1042327, 21.1104046 ], [ 73.1031111, 21.1101471 ], [ 73.1023268, 21.109816 ], [ 73.1020946, 21.1095299 ], [ 73.1018098, 21.1089536 ], [ 73.101709, 21.1081852 ], [ 73.1014812, 21.1076088 ], [ 73.101043, 21.1067014 ], [ 73.100526, 21.1057204 ], [ 73.1002412, 21.1051972 ], [ 73.100101, 21.1047108 ], [ 73.1000967, 21.1043552 ], [ 73.1004384, 21.1034886 ], [ 73.1009291, 21.1030226 ], [ 73.1013979, 21.1027487 ], [ 73.1025327, 21.1024054 ], [ 73.1028964, 21.1020988 ], [ 73.102984, 21.1017595 ], [ 73.1029402, 21.101502 ], [ 73.1026204, 21.1009951 ], [ 73.1020552, 21.1004801 ], [ 73.1017572, 21.1003575 ], [ 73.1006137, 21.1001817 ], [ 73.0992861, 21.0994091 ], [ 73.0989794, 21.0988982 ], [ 73.0987209, 21.0979703 ], [ 73.0986683, 21.0977005 ], [ 73.098642, 21.0971282 ], [ 73.0982258, 21.0959632 ], [ 73.0971479, 21.0950843 ], [ 73.0963549, 21.0947368 ], [ 73.096057, 21.0947654 ], [ 73.0953165, 21.0950311 ], [ 73.0950448, 21.0949371 ], [ 73.0941291, 21.0943812 ], [ 73.0936691, 21.093674 ], [ 73.0926263, 21.0924681 ], [ 73.0924905, 21.092141 ], [ 73.0922013, 21.0910945 ], [ 73.0921146, 21.0910178 ], [ 73.0919472, 21.0908697 ], [ 73.0911147, 21.0902688 ], [ 73.0908211, 21.0898886 ], [ 73.0903961, 21.0890751 ], [ 73.0904093, 21.088515 ], [ 73.0904706, 21.0880776 ], [ 73.0908168, 21.0867408 ], [ 73.0908956, 21.0862421 ], [ 73.0909307, 21.085821 ], [ 73.0908168, 21.0849993 ], [ 73.0906371, 21.0841408 ], [ 73.0903085, 21.0828898 ], [ 73.0901157, 21.0821826 ], [ 73.0897871, 21.0817288 ], [ 73.0895111, 21.0813568 ], [ 73.0890817, 21.080535 ], [ 73.0879732, 21.0794925 ], [ 73.087557, 21.0790101 ], [ 73.0869742, 21.0780248 ], [ 73.0863696, 21.0771172 ], [ 73.0859139, 21.0760992 ], [ 73.0850245, 21.0750853 ], [ 73.0845381, 21.0748278 ], [ 73.0839554, 21.0745988 ], [ 73.0830178, 21.0743739 ], [ 73.082343, 21.074423 ], [ 73.0818436, 21.0745579 ], [ 73.0812784, 21.0747664 ], [ 73.0809585, 21.0751957 ], [ 73.080608, 21.0754369 ], [ 73.0801479, 21.0757108 ], [ 73.0796134, 21.075858 ], [ 73.0789518, 21.0759725 ], [ 73.0783472, 21.0759521 ], [ 73.0778915, 21.0758539 ], [ 73.077392, 21.0756618 ], [ 73.0770371, 21.0752407 ], [ 73.0764369, 21.074656 ], [ 73.0761959, 21.0743862 ], [ 73.0757709, 21.0739978 ], [ 73.0753284, 21.0739937 ], [ 73.0748333, 21.0739692 ], [ 73.0742111, 21.0736953 ], [ 73.0735539, 21.073311 ], [ 73.072533, 21.0723257 ], [ 73.0718276, 21.07197 ], [ 73.0713062, 21.0717492 ], [ 73.0708987, 21.0716879 ], [ 73.0707059, 21.071741 ], [ 73.0705526, 21.0718555 ], [ 73.0703291, 21.0720231 ], [ 73.0700794, 21.0722889 ], [ 73.0697113, 21.0725219 ], [ 73.0690541, 21.0728858 ], [ 73.0682655, 21.0729512 ], [ 73.0675951, 21.0730902 ], [ 73.0670825, 21.0732047 ], [ 73.0668853, 21.0731025 ], [ 73.0665961, 21.0728817 ], [ 73.0660704, 21.0726446 ], [ 73.0657286, 21.0724565 ], [ 73.0652291, 21.072342 ], [ 73.0649531, 21.0724524 ], [ 73.0648041, 21.07262 ], [ 73.0646771, 21.0728694 ], [ 73.0645062, 21.073172 ], [ 73.064309, 21.0737362 ], [ 73.0641381, 21.0740755 ], [ 73.0641951, 21.0745089 ], [ 73.0643046, 21.0751344 ], [ 73.0644054, 21.0759194 ], [ 73.0641162, 21.0764345 ], [ 73.0636737, 21.0769006 ], [ 73.0629157, 21.0775792 ], [ 73.0622235, 21.0787444 ], [ 73.0618905, 21.0793903 ], [ 73.0612771, 21.0800363 ], [ 73.0600415, 21.0807067 ], [ 73.0595245, 21.0809847 ], [ 73.0592747, 21.0815734 ], [ 73.0590557, 21.0821826 ], [ 73.058451, 21.0830779 ], [ 73.0582758, 21.0832414 ], [ 73.057991, 21.0833477 ], [ 73.0576536, 21.0833518 ], [ 73.0572549, 21.0832537 ], [ 73.0567598, 21.0830901 ], [ 73.0561113, 21.0829552 ], [ 73.0554979, 21.082853 ], [ 73.0550686, 21.0828776 ], [ 73.0545296, 21.0829471 ], [ 73.0537103, 21.0833109 ], [ 73.0526938, 21.0833272 ], [ 73.0523564, 21.0832046 ], [ 73.0517343, 21.0829838 ], [ 73.0507747, 21.0825178 ], [ 73.0497495, 21.0819209 ], [ 73.0493201, 21.0815121 ], [ 73.0484438, 21.0804778 ], [ 73.0474668, 21.0792023 ], [ 73.0468315, 21.0784868 ], [ 73.0463232, 21.0783601 ], [ 73.0454338, 21.0782906 ], [ 73.0447482, 21.078476 ], [ 73.0437568, 21.0785974 ], [ 73.0430443, 21.0785107 ], [ 73.0424928, 21.0781811 ], [ 73.0421396, 21.0777186 ], [ 73.0418546, 21.0771578 ], [ 73.0419289, 21.0765333 ], [ 73.04209, 21.0757123 ], [ 73.0424494, 21.0751341 ], [ 73.0424804, 21.0748682 ], [ 73.0424928, 21.0746138 ], [ 73.0422821, 21.0738564 ], [ 73.0419661, 21.073602 ], [ 73.0415757, 21.0735094 ], [ 73.041204, 21.0735037 ], [ 73.0398222, 21.0737349 ], [ 73.0390105, 21.0740182 ], [ 73.0381864, 21.0742322 ], [ 73.0375667, 21.0748277 ], [ 73.0365691, 21.0755851 ], [ 73.0359247, 21.0758626 ], [ 73.0353794, 21.0759147 ], [ 73.0348032, 21.0759031 ], [ 73.0342703, 21.0759378 ], [ 73.0328637, 21.0764524 ], [ 73.0311598, 21.0771057 ], [ 73.0307198, 21.0775105 ], [ 73.030757, 21.0780077 ], [ 73.0307756, 21.0782679 ], [ 73.0309305, 21.0786784 ], [ 73.0314448, 21.0794589 ], [ 73.0316864, 21.0801064 ], [ 73.0316679, 21.0803608 ], [ 73.0314944, 21.0806094 ], [ 73.0311164, 21.0808002 ], [ 73.030695, 21.0808118 ], [ 73.0302613, 21.0807019 ], [ 73.0298771, 21.0805632 ], [ 73.0293133, 21.0802567 ], [ 73.0281298, 21.0796844 ], [ 73.0274792, 21.079615 ], [ 73.026147, 21.0795283 ], [ 73.0251432, 21.079563 ], [ 73.0244678, 21.0799966 ], [ 73.0236375, 21.0809563 ], [ 73.0231479, 21.0817253 ], [ 73.0221751, 21.0826041 ], [ 73.0212085, 21.0831418 ], [ 73.0202667, 21.0836563 ], [ 73.0198267, 21.083743 ], [ 73.0190708, 21.0836968 ], [ 73.0188291, 21.0835349 ], [ 73.018637, 21.0833325 ], [ 73.0186308, 21.0829625 ], [ 73.0186928, 21.0825231 ], [ 73.0188725, 21.081945 ], [ 73.0187486, 21.0807424 ], [ 73.0185999, 21.0804418 ], [ 73.0179431, 21.0795051 ], [ 73.016995, 21.0788692 ], [ 73.0160594, 21.0782274 ], [ 73.0151237, 21.0774815 ], [ 73.0145661, 21.0767241 ], [ 73.0140332, 21.075695 ], [ 73.0132525, 21.0748913 ], [ 73.0125089, 21.0745155 ], [ 73.0119079, 21.0743883 ], [ 73.0110342, 21.0744172 ], [ 73.0098321, 21.0743652 ], [ 73.0093364, 21.0742726 ], [ 73.0087044, 21.0739257 ], [ 73.0080476, 21.0730758 ], [ 73.0076138, 21.0723531 ], [ 73.0073722, 21.071746 ], [ 73.007273, 21.0712198 ], [ 73.007007, 21.0702693 ], [ 73.0064769, 21.0693984 ], [ 73.0059073, 21.0687647 ], [ 73.0055699, 21.0686052 ], [ 73.0051887, 21.068593 ], [ 73.0042643, 21.0685644 ], [ 73.0033573, 21.0687361 ], [ 73.0028797, 21.0688506 ], [ 73.0021699, 21.0688301 ], [ 73.0012893, 21.0688996 ], [ 73.0009344, 21.0690468 ], [ 73.000321, 21.0694802 ], [ 72.9999135, 21.0699831 ], [ 72.9994271, 21.0706986 ], [ 72.9979388, 21.0728153 ], [ 72.9968793, 21.0740121 ], [ 72.9961915, 21.0749199 ], [ 72.9957701, 21.0756947 ], [ 72.9952744, 21.0767874 ], [ 72.9949212, 21.0777472 ], [ 72.9945309, 21.0786838 ], [ 72.9943822, 21.0791406 ], [ 72.9942211, 21.0793429 ], [ 72.9938555, 21.0794586 ], [ 72.9934465, 21.079499 ], [ 72.9932173, 21.0793776 ], [ 72.9927339, 21.0790712 ], [ 72.9921515, 21.0787127 ], [ 72.991403, 21.0782557 ], [ 72.9910481, 21.0779982 ], [ 72.990702, 21.0775607 ], [ 72.9901674, 21.0765141 ], [ 72.9901192, 21.0759377 ], [ 72.9899878, 21.0752508 ], [ 72.9899527, 21.0745967 ], [ 72.9901017, 21.0743596 ], [ 72.990461, 21.0741715 ], [ 72.9908246, 21.0740284 ], [ 72.9911357, 21.0738812 ], [ 72.9915914, 21.0737749 ], [ 72.9922442, 21.0736196 ], [ 72.9925597, 21.0736768 ], [ 72.9928401, 21.0736359 ], [ 72.9932695, 21.0735173 ], [ 72.9936288, 21.0732966 ], [ 72.9949038, 21.0727569 ], [ 72.9954252, 21.0725116 ], [ 72.995596, 21.0723767 ], [ 72.9957801, 21.0721927 ], [ 72.9959115, 21.0719678 ], [ 72.9959728, 21.0717307 ], [ 72.9959597, 21.0713668 ], [ 72.995986, 21.070729 ], [ 72.9958326, 21.0698541 ], [ 72.9958414, 21.0696006 ], [ 72.9960692, 21.069065 ], [ 72.9963628, 21.0685539 ], [ 72.9968842, 21.0677321 ], [ 72.9973837, 21.0664892 ], [ 72.9979007, 21.0651113 ], [ 72.9980935, 21.0641628 ], [ 72.9982161, 21.0633859 ], [ 72.9981942, 21.0627971 ], [ 72.9981548, 21.0620939 ], [ 72.9981241, 21.0618036 ], [ 72.9976641, 21.0607405 ], [ 72.9970945, 21.0602212 ], [ 72.9964723, 21.0597265 ], [ 72.995561, 21.0592072 ], [ 72.9950264, 21.0590886 ], [ 72.9946628, 21.0591745 ], [ 72.9942378, 21.0593708 ], [ 72.9935543, 21.0599555 ], [ 72.9933571, 21.0601722 ], [ 72.9930416, 21.061039 ], [ 72.9926824, 21.0616768 ], [ 72.9921566, 21.0619426 ], [ 72.9912496, 21.0621552 ], [ 72.9900447, 21.0622493 ], [ 72.9892123, 21.0622125 ], [ 72.9883316, 21.0616237 ], [ 72.9877401, 21.0612148 ], [ 72.9871004, 21.0610063 ], [ 72.9862548, 21.0606914 ], [ 72.9850893, 21.0603562 ], [ 72.9843752, 21.0603235 ], [ 72.9835865, 21.060397 ], [ 72.9830038, 21.060577 ], [ 72.9825656, 21.060949 ], [ 72.9823159, 21.0614356 ], [ 72.9821888, 21.0617831 ], [ 72.9822063, 21.0619549 ], [ 72.9823991, 21.0623351 ], [ 72.9825788, 21.0625682 ], [ 72.9825788, 21.0627235 ], [ 72.9824254, 21.0631201 ], [ 72.981961, 21.0638234 ], [ 72.9813344, 21.0641341 ], [ 72.9793628, 21.0646943 ], [ 72.9781579, 21.0649437 ], [ 72.9774349, 21.0650009 ], [ 72.9762563, 21.0644531 ], [ 72.9756429, 21.0640687 ], [ 72.9742234, 21.0631856 ], [ 72.973185, 21.062376 ], [ 72.9727205, 21.0619753 ], [ 72.9725628, 21.0618772 ], [ 72.970245, 21.060532 ], [ 72.9681069, 21.0589987 ], [ 72.9665164, 21.0580174 ], [ 72.9660038, 21.0578865 ], [ 72.9655875, 21.0577884 ], [ 72.9648339, 21.0577352 ], [ 72.9642161, 21.057817 ], [ 72.9635545, 21.0581646 ], [ 72.9633223, 21.058463 ], [ 72.9633267, 21.0587902 ], [ 72.9633311, 21.0590477 ], [ 72.9637167, 21.0595711 ], [ 72.9651143, 21.0608836 ], [ 72.965846, 21.0613743 ], [ 72.9665909, 21.0618322 ], [ 72.9678002, 21.0627358 ], [ 72.968269, 21.0634309 ], [ 72.9688911, 21.0648129 ], [ 72.9693249, 21.0667141 ], [ 72.9698507, 21.0680919 ], [ 72.9697674, 21.0686807 ], [ 72.9696667, 21.0688401 ], [ 72.9689612, 21.0690364 ], [ 72.9676862, 21.0700708 ], [ 72.967086, 21.0707822 ], [ 72.9660125, 21.0722867 ], [ 72.964996, 21.0735051 ], [ 72.9641723, 21.0740938 ], [ 72.9638262, 21.0741715 ], [ 72.9635239, 21.0742287 ], [ 72.9631032, 21.0742655 ], [ 72.9624373, 21.0739752 ], [ 72.9613156, 21.0733824 ], [ 72.9608862, 21.0729163 ], [ 72.9608731, 21.0725361 ], [ 72.9608512, 21.0720455 ], [ 72.9610703, 21.071608 ], [ 72.9613375, 21.0709784 ], [ 72.9616048, 21.0701525 ], [ 72.9616442, 21.0695474 ], [ 72.961745, 21.0688279 ], [ 72.9619203, 21.0679529 ], [ 72.9623014, 21.0669267 ], [ 72.9626081, 21.0662439 ], [ 72.9625906, 21.0657164 ], [ 72.9624548, 21.0654916 ], [ 72.9621744, 21.0653853 ], [ 72.9619027, 21.0653894 ], [ 72.9616442, 21.065463 ], [ 72.9608468, 21.0657287 ], [ 72.9594141, 21.0661825 ], [ 72.9580252, 21.0666609 ], [ 72.9552911, 21.0680429 ], [ 72.9533764, 21.0687338 ], [ 72.9526228, 21.0690118 ], [ 72.9520401, 21.0691345 ], [ 72.9518167, 21.0690773 ], [ 72.9514749, 21.0689055 ], [ 72.9510455, 21.0684067 ], [ 72.9503533, 21.0674582 ], [ 72.9488723, 21.0663379 ], [ 72.9478076, 21.0651236 ], [ 72.9471417, 21.0641178 ], [ 72.9463267, 21.0629198 ], [ 72.9460638, 21.0622493 ], [ 72.9458185, 21.0616482 ], [ 72.9456865, 21.0610285 ], [ 72.9452671, 21.0604059 ], [ 72.9449867, 21.0597844 ], [ 72.944794, 21.0593592 ], [ 72.9446099, 21.0591139 ], [ 72.9441805, 21.0585905 ], [ 72.9438914, 21.0585578 ], [ 72.9433656, 21.0586968 ], [ 72.9431378, 21.0588277 ], [ 72.9427434, 21.0590485 ], [ 72.9421826, 21.059302 ], [ 72.941613, 21.0592611 ], [ 72.9403117, 21.0586559 ], [ 72.9397071, 21.0581366 ], [ 72.9384058, 21.0572494 ], [ 72.9370432, 21.0566647 ], [ 72.9353213, 21.0556424 ], [ 72.9341427, 21.0547674 ], [ 72.9335723, 21.0540978 ], [ 72.932172, 21.0522994 ], [ 72.931069, 21.0512354 ], [ 72.9303131, 21.0507381 ], [ 72.9296253, 21.0505067 ], [ 72.9291172, 21.0504778 ], [ 72.9286649, 21.0506513 ], [ 72.9275433, 21.0510445 ], [ 72.9263351, 21.0516228 ], [ 72.9255233, 21.0516922 ], [ 72.9242593, 21.0513799 ], [ 72.9228651, 21.0508768 ], [ 72.9218118, 21.0503853 ], [ 72.9213099, 21.0497723 ], [ 72.9210496, 21.0491362 ], [ 72.9209567, 21.0487488 ], [ 72.9209195, 21.0478871 ], [ 72.9209876, 21.0470891 ], [ 72.9210558, 21.0467537 ], [ 72.9213842, 21.0465628 ], [ 72.921725, 21.046505 ], [ 72.9226421, 21.0464703 ], [ 72.9231687, 21.0465455 ], [ 72.9242407, 21.046586 ], [ 72.9253251, 21.0463662 ], [ 72.9262173, 21.0461291 ], [ 72.9273327, 21.04536 ], [ 72.9285967, 21.0442786 ], [ 72.9290862, 21.0438448 ], [ 72.9291234, 21.0436019 ], [ 72.9291482, 21.0433475 ], [ 72.928448, 21.0424627 ], [ 72.9275743, 21.0421215 ], [ 72.9251082, 21.0419422 ], [ 72.9233175, 21.041948 ], [ 72.9212479, 21.0419769 ], [ 72.9195129, 21.0419017 ], [ 72.9174248, 21.0415605 ], [ 72.9151693, 21.0406583 ], [ 72.9139301, 21.0399644 ], [ 72.9133042, 21.0399297 ], [ 72.9128643, 21.040028 ], [ 72.9125979, 21.0401263 ], [ 72.9111603, 21.0406526 ], [ 72.9091775, 21.0412077 ], [ 72.907616, 21.0415721 ], [ 72.9062652, 21.0422198 ], [ 72.9051685, 21.0428906 ], [ 72.9041399, 21.0440357 ], [ 72.9012958, 21.0476038 ], [ 72.8996085, 21.0492142 ], [ 72.8979172, 21.050032 ], [ 72.8960244, 21.0507517 ], [ 72.8951832, 21.0512424 ], [ 72.8947451, 21.0517903 ], [ 72.8942719, 21.053475 ], [ 72.8937461, 21.0560837 ], [ 72.8935884, 21.0586024 ], [ 72.893194, 21.0608022 ], [ 72.8930538, 21.0613746 ], [ 72.8928435, 21.0617917 ], [ 72.8924404, 21.0622496 ], [ 72.8919147, 21.0623559 ], [ 72.8913275, 21.0622578 ], [ 72.8909157, 21.0620207 ], [ 72.8901183, 21.0615137 ], [ 72.8897765, 21.0605814 ], [ 72.8899167, 21.0595102 ], [ 72.8898291, 21.0575802 ], [ 72.8893734, 21.0537694 ], [ 72.8893997, 21.0512833 ], [ 72.8893647, 21.050629 ], [ 72.8893384, 21.0498194 ], [ 72.8892858, 21.0491243 ], [ 72.8891456, 21.0486908 ], [ 72.8888214, 21.0481838 ], [ 72.8881028, 21.0473496 ], [ 72.8872966, 21.0470143 ], [ 72.8866306, 21.0470633 ], [ 72.8860172, 21.0470715 ], [ 72.8854214, 21.0472106 ], [ 72.8848255, 21.0474477 ], [ 72.883809, 21.0480693 ], [ 72.8829853, 21.049067 ], [ 72.8827136, 21.0499584 ], [ 72.88281, 21.0508498 ], [ 72.8830701, 21.0515567 ], [ 72.8831038, 21.052177 ], [ 72.8828714, 21.0528535 ], [ 72.8825822, 21.0539329 ], [ 72.8812415, 21.0550124 ], [ 72.878744, 21.055822 ], [ 72.8761853, 21.0562963 ], [ 72.8733899, 21.0566071 ], [ 72.8723033, 21.0566643 ], [ 72.8713219, 21.0564354 ], [ 72.8697446, 21.0560101 ], [ 72.8681147, 21.0552496 ], [ 72.8668528, 21.0542846 ], [ 72.8661956, 21.0533114 ], [ 72.8657953, 21.0527433 ], [ 72.8649563, 21.0515525 ], [ 72.8645357, 21.0504648 ], [ 72.8646671, 21.0489355 ], [ 72.8648687, 21.0483548 ], [ 72.8660595, 21.0475466 ], [ 72.8668265, 21.0469652 ], [ 72.867177, 21.0465399 ], [ 72.8673435, 21.0456976 ], [ 72.8669054, 21.0454277 ], [ 72.8659415, 21.045395 ], [ 72.8646971, 21.0459184 ], [ 72.8635667, 21.0461801 ], [ 72.8621384, 21.0464336 ], [ 72.8595621, 21.0461801 ], [ 72.8583002, 21.0456649 ], [ 72.8563275, 21.0449603 ], [ 72.8556002, 21.0444042 ], [ 72.8553286, 21.0438399 ], [ 72.8551007, 21.0432592 ], [ 72.855159, 21.0427603 ], [ 72.8557598, 21.0416187 ], [ 72.8565389, 21.040128 ], [ 72.8569332, 21.039302 ], [ 72.8568806, 21.0386068 ], [ 72.8563899, 21.0380915 ], [ 72.8554961, 21.0379279 ], [ 72.8551543, 21.0379198 ], [ 72.8542781, 21.0381897 ], [ 72.8523415, 21.0400135 ], [ 72.8508675, 21.0408877 ], [ 72.8496122, 21.0413884 ], [ 72.8479493, 21.0409979 ], [ 72.8475159, 21.0407206 ], [ 72.8466208, 21.0385908 ], [ 72.8472033, 21.0368443 ], [ 72.847414, 21.0354794 ], [ 72.8473024, 21.0338138 ], [ 72.8465589, 21.033062 ], [ 72.8446876, 21.0320209 ], [ 72.8427791, 21.0312691 ], [ 72.8411061, 21.0318243 ], [ 72.8398173, 21.0325646 ], [ 72.8394331, 21.0333627 ], [ 72.8392349, 21.034022 ], [ 72.8392473, 21.0359768 ], [ 72.8400733, 21.0375414 ], [ 72.8404451, 21.038941 ], [ 72.8406682, 21.0404215 ], [ 72.8402138, 21.0414785 ], [ 72.8389867, 21.0435048 ], [ 72.8369861, 21.0456603 ], [ 72.8360938, 21.0462155 ], [ 72.8347058, 21.0464583 ], [ 72.8330147, 21.0464451 ], [ 72.8318345, 21.0461948 ], [ 72.8309294, 21.0457338 ], [ 72.8297699, 21.0445109 ], [ 72.8288003, 21.0420492 ], [ 72.8283789, 21.039574 ], [ 72.8286255, 21.0368474 ], [ 72.8287591, 21.0354932 ], [ 72.8286052, 21.0348295 ], [ 72.8279551, 21.033236 ], [ 72.8269744, 21.0326064 ], [ 72.825808, 21.0323916 ], [ 72.8246552, 21.0323496 ], [ 72.8231974, 21.0323418 ], [ 72.820931, 21.0326108 ], [ 72.8191341, 21.0326802 ], [ 72.8170273, 21.0328306 ], [ 72.8152676, 21.0331661 ], [ 72.8142886, 21.0336287 ], [ 72.81326, 21.0348201 ], [ 72.8125019, 21.0359931 ], [ 72.8121301, 21.0404578 ], [ 72.811337, 21.0421696 ], [ 72.8097755, 21.0432568 ], [ 72.8078556, 21.0437215 ], [ 72.8051407, 21.0439045 ], [ 72.7993162, 21.0447373 ], [ 72.7978563, 21.0448731 ], [ 72.7953887, 21.0466654 ], [ 72.7946913, 21.0481874 ], [ 72.7944338, 21.0498596 ], [ 72.7950284, 21.0541517 ], [ 72.7952707, 21.058961 ], [ 72.7945626, 21.0610435 ], [ 72.7933395, 21.0624052 ], [ 72.7902496, 21.0637868 ], [ 72.7851639, 21.0653002 ], [ 72.7776861, 21.0678416 ], [ 72.7679872, 21.0646779 ], [ 72.7582726, 21.0593448 ], [ 72.7500004, 21.0585597 ], [ 72.7333159, 21.0598681 ], [ 72.7253653, 21.0612631 ] ] } },
{ "type": "Feature", "properties": { "element": "way", "id": 227690306, "waterway": null }, "geometry": { "type": "Polygon", "coordinates": [ [ [ 72.9518305, 21.0692574 ], [ 72.9516591, 21.0692167 ], [ 72.9514705, 21.0691243 ], [ 72.9513714, 21.0690288 ], [ 72.9512947, 21.0689185 ], [ 72.9510646, 21.0686232 ], [ 72.9507577, 21.0682414 ], [ 72.950566, 21.0679521 ], [ 72.9504445, 21.0677762 ], [ 72.950355, 21.0676539 ], [ 72.950176, 21.0674719 ], [ 72.9495943, 21.0670424 ], [ 72.9492299, 21.0668098 ], [ 72.9487473, 21.0664698 ], [ 72.9484597, 21.0661984 ], [ 72.9483094, 21.0660701 ], [ 72.9480378, 21.0656794 ], [ 72.9474752, 21.0648413 ], [ 72.9470949, 21.0642925 ], [ 72.9464908, 21.0635349 ], [ 72.946136, 21.063001 ], [ 72.9459698, 21.0627117 ], [ 72.9457173, 21.0620108 ], [ 72.9456119, 21.0616111 ], [ 72.9455991, 21.0614351 ], [ 72.9454233, 21.0612442 ], [ 72.9454009, 21.0610116 ], [ 72.9452283, 21.0605851 ], [ 72.9451005, 21.0603375 ], [ 72.944979, 21.0601973 ], [ 72.9448224, 21.0598573 ], [ 72.9444868, 21.0591892 ], [ 72.9442631, 21.0588849 ], [ 72.9441832, 21.0587239 ], [ 72.9440553, 21.0586284 ], [ 72.9438571, 21.0586642 ], [ 72.9435215, 21.0587746 ], [ 72.9430581, 21.0590221 ], [ 72.94278, 21.059219 ], [ 72.9423869, 21.0593592 ], [ 72.9420897, 21.059392 ], [ 72.9417221, 21.0594218 ], [ 72.9414185, 21.0593741 ], [ 72.9409135, 21.059219 ], [ 72.9403669, 21.058864 ], [ 72.9392738, 21.0580915 ], [ 72.9382319, 21.0573488 ], [ 72.9373529, 21.0570088 ], [ 72.9365219, 21.0565584 ], [ 72.9356365, 21.0560722 ], [ 72.9350964, 21.0556606 ], [ 72.9346777, 21.0553921 ], [ 72.9340065, 21.054891 ], [ 72.9336741, 21.0545569 ], [ 72.9331052, 21.0537903 ], [ 72.93276, 21.0532534 ], [ 72.9316733, 21.0520185 ], [ 72.9309477, 21.0513921 ], [ 72.9303788, 21.0509984 ], [ 72.9299857, 21.0507866 ], [ 72.9293113, 21.0507061 ], [ 72.9290364, 21.0507508 ], [ 72.9282086, 21.0510193 ], [ 72.9274575, 21.0512818 ], [ 72.9262973, 21.0517441 ], [ 72.9258626, 21.0518336 ], [ 72.9251067, 21.0518347 ], [ 72.9243691, 21.0516604 ], [ 72.923638, 21.0513563 ], [ 72.9224906, 21.0510163 ], [ 72.9221294, 21.0508135 ], [ 72.921797, 21.0506106 ], [ 72.9216244, 21.0503571 ], [ 72.9211866, 21.0497277 ], [ 72.9208126, 21.0492624 ], [ 72.9207551, 21.0486121 ], [ 72.9205793, 21.0478156 ], [ 72.9206272, 21.0474577 ], [ 72.9205633, 21.0469386 ], [ 72.9207007, 21.0467149 ], [ 72.9208222, 21.0465509 ], [ 72.9210587, 21.0463957 ], [ 72.9212249, 21.0462884 ], [ 72.9213943, 21.0462227 ], [ 72.9215605, 21.0462018 ], [ 72.9217267, 21.0461989 ], [ 72.9219089, 21.0461899 ], [ 72.9222093, 21.0461571 ], [ 72.9223724, 21.0461929 ], [ 72.9228614, 21.0462764 ], [ 72.9231874, 21.0462854 ], [ 72.9234846, 21.0462884 ], [ 72.9237627, 21.0463063 ], [ 72.9239609, 21.0463271 ], [ 72.9242166, 21.0463301 ], [ 72.9247855, 21.0462496 ], [ 72.9252553, 21.0461213 ], [ 72.9257475, 21.0459781 ], [ 72.9261279, 21.045826 ], [ 72.9275438, 21.0448177 ], [ 72.9283652, 21.0442092 ], [ 72.9287519, 21.0438632 ], [ 72.9289437, 21.0434008 ], [ 72.9289182, 21.043195 ], [ 72.9287935, 21.043019 ], [ 72.9286688, 21.0428609 ], [ 72.9285282, 21.0427714 ], [ 72.9282725, 21.0426759 ], [ 72.9274671, 21.0423239 ], [ 72.9270516, 21.0422881 ], [ 72.9266648, 21.0422792 ], [ 72.9260576, 21.0422792 ], [ 72.9248526, 21.0422374 ], [ 72.9239992, 21.0421986 ], [ 72.9228358, 21.0421986 ], [ 72.9219217, 21.0422673 ], [ 72.920819, 21.0422881 ], [ 72.9198697, 21.0421927 ], [ 72.9190355, 21.0420555 ], [ 72.918163, 21.0418317 ], [ 72.9167407, 21.0414618 ], [ 72.9155804, 21.0410084 ], [ 72.9147239, 21.0406325 ], [ 72.9137043, 21.0402298 ], [ 72.9133143, 21.0401314 ], [ 72.9130075, 21.0401314 ], [ 72.9124322, 21.0403461 ], [ 72.9117514, 21.0406624 ], [ 72.9108341, 21.0410502 ], [ 72.9095013, 21.0414022 ], [ 72.9081589, 21.0416557 ], [ 72.9076155, 21.0418347 ], [ 72.9064521, 21.042315 ], [ 72.9059503, 21.0426401 ], [ 72.9047656, 21.0438006 ], [ 72.9041599, 21.0444165 ], [ 72.9022885, 21.0468295 ], [ 72.9011585, 21.0482216 ], [ 72.9000375, 21.0493016 ], [ 72.8986182, 21.0501199 ], [ 72.8975696, 21.0504912 ], [ 72.8965932, 21.0507611 ], [ 72.8957796, 21.051048 ], [ 72.8950508, 21.0516094 ], [ 72.8947887, 21.0523492 ], [ 72.8944499, 21.0534469 ], [ 72.8942134, 21.0549741 ], [ 72.8941367, 21.056376 ], [ 72.894175, 21.0576884 ], [ 72.894028, 21.0586131 ], [ 72.8937723, 21.0593766 ], [ 72.8936189, 21.0602476 ], [ 72.893344, 21.0615122 ], [ 72.8930628, 21.0619358 ], [ 72.8929157, 21.0621863 ], [ 72.8927559, 21.0623176 ], [ 72.8924619, 21.0624249 ], [ 72.8920719, 21.0625263 ], [ 72.891714, 21.0625502 ], [ 72.8914071, 21.0624965 ], [ 72.8910811, 21.0623891 ], [ 72.8908702, 21.0622997 ], [ 72.8906017, 21.0621684 ], [ 72.8901159, 21.0618165 ], [ 72.8899497, 21.0616077 ], [ 72.8897771, 21.0613392 ], [ 72.8896812, 21.0610768 ], [ 72.8895661, 21.0603788 ], [ 72.8896876, 21.0596749 ], [ 72.8897323, 21.0583565 ], [ 72.8895917, 21.0577123 ], [ 72.8894191, 21.0566683 ], [ 72.8892849, 21.0551352 ], [ 72.8891634, 21.0535364 ], [ 72.8891506, 21.0512634 ], [ 72.8891826, 21.0500285 ], [ 72.8889972, 21.0489785 ], [ 72.8887479, 21.0482567 ], [ 72.8882813, 21.0477317 ], [ 72.8878018, 21.0474632 ], [ 72.8875142, 21.0473141 ], [ 72.8871562, 21.0472246 ], [ 72.8868749, 21.0472126 ], [ 72.886485, 21.0471947 ], [ 72.8862165, 21.0471888 ], [ 72.8859225, 21.0471888 ], [ 72.8849316, 21.0475766 ], [ 72.8843499, 21.0479166 ], [ 72.8840623, 21.048203 ], [ 72.8835892, 21.0488175 ], [ 72.8832568, 21.049241 ], [ 72.8830587, 21.0498853 ], [ 72.8829436, 21.0503328 ], [ 72.8830012, 21.0507623 ], [ 72.883129, 21.0510546 ], [ 72.8832632, 21.0514484 ], [ 72.8833272, 21.0517168 ], [ 72.8833653, 21.0522161 ], [ 72.8831038, 21.052177 ], [ 72.8828012, 21.0521213 ], [ 72.8828413, 21.0516512 ], [ 72.8827646, 21.0513708 ], [ 72.8825984, 21.0509532 ], [ 72.8824131, 21.0506669 ], [ 72.8822788, 21.0504521 ], [ 72.8822724, 21.0502612 ], [ 72.882477, 21.0497243 ], [ 72.8828733, 21.0491217 ], [ 72.883097, 21.0486385 ], [ 72.8835061, 21.0481254 ], [ 72.883781, 21.0477675 ], [ 72.8840942, 21.0474692 ], [ 72.8846823, 21.0471112 ], [ 72.8854303, 21.0469322 ], [ 72.8859864, 21.0468069 ], [ 72.8863444, 21.0467354 ], [ 72.8865617, 21.0467473 ], [ 72.8872265, 21.0468487 ], [ 72.8880575, 21.0470516 ], [ 72.8885114, 21.0474453 ], [ 72.8890164, 21.0478569 ], [ 72.8894958, 21.0485609 ], [ 72.8896684, 21.0493961 ], [ 72.8896812, 21.050816 ], [ 72.8896045, 21.0528324 ], [ 72.889662, 21.0544014 ], [ 72.889809, 21.0557794 ], [ 72.8899816, 21.0572291 ], [ 72.8901223, 21.0584222 ], [ 72.8901734, 21.0592454 ], [ 72.8900775, 21.0599076 ], [ 72.8900583, 21.0605459 ], [ 72.890167, 21.0608978 ], [ 72.8904035, 21.0613213 ], [ 72.8909341, 21.061733 ], [ 72.891388, 21.0620491 ], [ 72.8918674, 21.062234 ], [ 72.8921039, 21.062234 ], [ 72.8922509, 21.0621505 ], [ 72.8924811, 21.0619119 ], [ 72.8926728, 21.0615898 ], [ 72.8927943, 21.0612975 ], [ 72.8928838, 21.0609097 ], [ 72.8928902, 21.0606055 ], [ 72.8931714, 21.0592335 ], [ 72.8933568, 21.0581537 ], [ 72.8934783, 21.0575214 ], [ 72.8935486, 21.0566146 ], [ 72.8936061, 21.0554931 ], [ 72.8937531, 21.0546639 ], [ 72.8939577, 21.0532083 ], [ 72.894175, 21.0525461 ], [ 72.894386, 21.052027 ], [ 72.8947056, 21.0514066 ], [ 72.8948334, 21.0511978 ], [ 72.895217, 21.0509174 ], [ 72.8959329, 21.0505714 ], [ 72.8969046, 21.0502075 ], [ 72.8987003, 21.0494253 ], [ 72.8993105, 21.0491342 ], [ 72.8999388, 21.0487124 ], [ 72.9004586, 21.0481808 ], [ 72.901227, 21.0474173 ], [ 72.9019095, 21.0465482 ], [ 72.9036407, 21.044228 ], [ 72.9046939, 21.0430131 ], [ 72.905277, 21.0424646 ], [ 72.9057561, 21.0421145 ], [ 72.9061494, 21.0418867 ], [ 72.9063392, 21.0416673 ], [ 72.9065472, 21.0415871 ], [ 72.9067958, 21.0415871 ], [ 72.9073879, 21.041334 ], [ 72.9077179, 21.0412539 ], [ 72.9082874, 21.0411442 ], [ 72.9093225, 21.0408953 ], [ 72.9097248, 21.0408489 ], [ 72.9100819, 21.040794 ], [ 72.9109678, 21.0405072 ], [ 72.9118085, 21.040157 ], [ 72.9125634, 21.0397689 ], [ 72.9129024, 21.0396929 ], [ 72.9132414, 21.039655 ], [ 72.9136844, 21.0397393 ], [ 72.9140867, 21.0398701 ], [ 72.9147737, 21.0401359 ], [ 72.9164371, 21.0408615 ], [ 72.9171468, 21.0411611 ], [ 72.917974, 21.0413931 ], [ 72.9189051, 21.0416673 ], [ 72.9195831, 21.0417053 ], [ 72.9202521, 21.0417306 ], [ 72.9208261, 21.0417264 ], [ 72.9212691, 21.0417685 ], [ 72.9225483, 21.0417981 ], [ 72.9234975, 21.0417939 ], [ 72.9240625, 21.0418065 ], [ 72.9247903, 21.0418107 ], [ 72.9251835, 21.0418487 ], [ 72.9267384, 21.0419415 ], [ 72.9275204, 21.041971 ], [ 72.9278956, 21.0419921 ], [ 72.9282029, 21.0421103 ], [ 72.9285374, 21.0422706 ], [ 72.928899, 21.0424942 ], [ 72.9293782, 21.0427937 ], [ 72.9294821, 21.0432662 ], [ 72.929464, 21.0434518 ], [ 72.9291612, 21.0440171 ], [ 72.9288629, 21.0443588 ], [ 72.928325, 21.0447933 ], [ 72.9277645, 21.0451477 ], [ 72.9263587, 21.046139 ], [ 72.9256898, 21.0464133 ], [ 72.9250118, 21.0465736 ], [ 72.9242569, 21.0467086 ], [ 72.923145, 21.0466748 ], [ 72.9224986, 21.0467128 ], [ 72.9222274, 21.0466706 ], [ 72.9217889, 21.0466537 ], [ 72.9215539, 21.0466917 ], [ 72.9212239, 21.0469279 ], [ 72.9211064, 21.0472991 ], [ 72.9210747, 21.0476746 ], [ 72.9211335, 21.048126 ], [ 72.921346, 21.0489655 ], [ 72.9218025, 21.0500454 ], [ 72.9221777, 21.0504293 ], [ 72.9224353, 21.0505685 ], [ 72.9227065, 21.0506571 ], [ 72.9230365, 21.0507288 ], [ 72.9234297, 21.0508638 ], [ 72.9243744, 21.051273 ], [ 72.9252016, 21.0514965 ], [ 72.9257666, 21.0515134 ], [ 72.9260423, 21.0514797 ], [ 72.9264175, 21.051332 ], [ 72.9267881, 21.0511591 ], [ 72.9274616, 21.0508933 ], [ 72.9278865, 21.0507541 ], [ 72.9283114, 21.0505811 ], [ 72.9286775, 21.0504504 ], [ 72.9289714, 21.0503744 ], [ 72.9293058, 21.0503365 ], [ 72.9295635, 21.0503407 ], [ 72.9298121, 21.0503576 ], [ 72.9299839, 21.0504166 ], [ 72.9302099, 21.0504883 ], [ 72.9304946, 21.0506528 ], [ 72.930698, 21.050771 ], [ 72.9310144, 21.0509608 ], [ 72.9316292, 21.0514586 ], [ 72.932375, 21.0522685 ], [ 72.9329762, 21.0529645 ], [ 72.9340339, 21.054268 ], [ 72.9345175, 21.0547405 ], [ 72.9350057, 21.0551834 ], [ 72.935982, 21.0558583 ], [ 72.9368996, 21.0563898 ], [ 72.9375234, 21.0566429 ], [ 72.9389427, 21.0573853 ], [ 72.9398964, 21.0580054 ], [ 72.9407598, 21.058693 ], [ 72.9411621, 21.0589461 ], [ 72.9415508, 21.0590811 ], [ 72.9416999, 21.0591021 ], [ 72.9419666, 21.0590811 ], [ 72.9422559, 21.0590051 ], [ 72.9425316, 21.0589208 ], [ 72.9427893, 21.0588111 ], [ 72.9430695, 21.058596 ], [ 72.9433724, 21.058385 ], [ 72.9440097, 21.0581699 ], [ 72.9447646, 21.0581573 ], [ 72.945081, 21.0582079 ], [ 72.9453703, 21.0583091 ], [ 72.9455466, 21.0584314 ], [ 72.9457409, 21.0587478 ], [ 72.9457952, 21.0589461 ], [ 72.9458313, 21.0591528 ], [ 72.9458539, 21.0593046 ], [ 72.9458042, 21.0598319 ], [ 72.9459398, 21.0605405 ], [ 72.9459353, 21.0611775 ], [ 72.9461206, 21.062097 ], [ 72.9464461, 21.0628563 ], [ 72.9471105, 21.0638729 ], [ 72.9477524, 21.0647502 ], [ 72.9483942, 21.0655854 ], [ 72.948792, 21.0660536 ], [ 72.9492123, 21.066391 ], [ 72.9498497, 21.0667622 ], [ 72.9504735, 21.0674202 ], [ 72.9509752, 21.0678547 ], [ 72.9513097, 21.0682891 ], [ 72.9515809, 21.0687784 ], [ 72.9518688, 21.0690218 ], [ 72.9518305, 21.0692574 ] ] ] } },
{ "type": "Feature", "properties": { "element": "way", "id": 229847349, "waterway": "drain" }, "geometry": { "type": "LineString", "coordinates": [ [ 72.9308368, 21.0961054 ], [ 72.9302156, 21.095854 ], [ 72.9256954, 21.0940072 ], [ 72.9251387, 21.0937021 ], [ 72.9247189, 21.0934507 ], [ 72.9243389, 21.0930632 ], [ 72.9240473, 21.0927004 ], [ 72.9237292, 21.0921974 ], [ 72.9235038, 21.0916862 ], [ 72.9231745, 21.0906279 ] ] } },
{ "type": "Feature", "properties": { "element": "way", "id": 229847350, "waterway": "drain" }, "geometry": { "type": "LineString", "coordinates": [ [ 72.9222177, 21.1054104 ], [ 72.9220586, 21.105352 ] ] } },
{ "type": "Feature", "properties": { "element": "way", "id": 229847351, "waterway": "drain" }, "geometry": { "type": "LineString", "coordinates": [ [ 72.9309974, 21.096175 ], [ 72.9308368, 21.0961054 ] ] } },
{ "type": "Feature", "properties": { "element": "way", "id": 229847352, "waterway": "drain" }, "geometry": { "type": "LineString", "coordinates": [ [ 72.9098774, 21.1134961 ], [ 72.9096945, 21.1134545 ] ] } },
{ "type": "Feature", "properties": { "element": "way", "id": 229847353, "waterway": "drain" }, "geometry": { "type": "LineString", "coordinates": [ [ 72.9220586, 21.105352 ], [ 72.9203301, 21.1047584 ], [ 72.9159249, 21.1032538 ], [ 72.910985, 21.1015513 ], [ 72.9082366, 21.1005043 ], [ 72.9078257, 21.100191 ], [ 72.9041849, 21.0974497 ], [ 72.9037464, 21.0971281 ] ] } },
{ "type": "Feature", "properties": { "element": "way", "id": 229847354, "waterway": "drain" }, "geometry": { "type": "LineString", "coordinates": [ [ 72.9096945, 21.1134545 ], [ 72.9036021, 21.1120628 ], [ 72.9023066, 21.1117639 ] ] } },
{ "type": "Feature", "properties": { "element": "way", "id": 231435240, "waterway": "drain" }, "geometry": { "type": "LineString", "coordinates": [ [ 72.9617718, 21.1643281 ], [ 72.9612176, 21.1644534 ] ] } },
{ "type": "Feature", "properties": { "element": "way", "id": 231435245, "waterway": "drain" }, "geometry": { "type": "LineString", "coordinates": [ [ 72.9612176, 21.1644534 ], [ 72.9605695, 21.1646438 ], [ 72.9568265, 21.165582 ], [ 72.9533022, 21.166491 ], [ 72.9507671, 21.167124 ], [ 72.9499529, 21.1673272 ], [ 72.9464318, 21.168213 ], [ 72.9387395, 21.1701945 ], [ 72.9315534, 21.1721815 ], [ 72.925036, 21.1739936 ], [ 72.921614, 21.1749403 ], [ 72.9210749, 21.1750722 ], [ 72.9195713, 21.1752898 ] ] } },
{ "type": "Feature", "properties": { "element": "way", "id": 232998245, "waterway": "drain" }, "geometry": { "type": "LineString", "coordinates": [ [ 72.8627528, 21.0782441 ], [ 72.8621521, 21.0775399 ], [ 72.8607421, 21.0756708 ], [ 72.8592309, 21.0740232 ], [ 72.857213, 21.071573 ] ] } },
{ "type": "Feature", "properties": { "element": "way", "id": 232998246, "waterway": "drain" }, "geometry": { "type": "LineString", "coordinates": [ [ 72.9036317, 21.0970439 ], [ 72.9008975, 21.0950381 ], [ 72.9006898, 21.0948031 ], [ 72.8994703, 21.0930799 ], [ 72.8990859, 21.0930675 ], [ 72.8973759, 21.0928697 ], [ 72.8968139, 21.0928049 ], [ 72.8960484, 21.0927816 ], [ 72.8960609, 21.0924376 ], [ 72.8961515, 21.0919158 ], [ 72.89423, 21.0916943 ], [ 72.8929897, 21.0915252 ], [ 72.8926085, 21.0914902 ] ] } },
{ "type": "Feature", "properties": { "element": "way", "id": 232998247, "waterway": "drain" }, "geometry": { "type": "LineString", "coordinates": [ [ 72.8854779, 21.1390226 ], [ 72.8850521, 21.1389967 ] ] } },
{ "type": "Feature", "properties": { "element": "way", "id": 232998248, "waterway": "canal" }, "geometry": { "type": "LineString", "coordinates": [ [ 72.7295564, 21.1123431 ], [ 72.7295406, 21.1121772 ] ] } },
{ "type": "Feature", "properties": { "element": "way", "id": 232998249, "waterway": "drain" }, "geometry": { "type": "LineString", "coordinates": [ [ 72.9023066, 21.1117639 ], [ 72.9022162, 21.111743 ] ] } },
{ "type": "Feature", "properties": { "element": "way", "id": 232998250, "waterway": "canal" }, "geometry": { "type": "LineString", "coordinates": [ [ 72.7253773, 21.094431 ], [ 72.7257572, 21.094287 ] ] } },
{ "type": "Feature", "properties": { "element": "way", "id": 232998251, "waterway": "drain" }, "geometry": { "type": "LineString", "coordinates": [ [ 72.9037464, 21.0971281 ], [ 72.9036317, 21.0970439 ] ] } },
{ "type": "Feature", "properties": { "element": "way", "id": 232998252, "waterway": "drain" }, "geometry": { "type": "LineString", "coordinates": [ [ 72.8660013, 21.0849114 ], [ 72.8659652, 21.0847664 ] ] } },
{ "type": "Feature", "properties": { "element": "way", "id": 232998253, "waterway": "drain" }, "geometry": { "type": "LineString", "coordinates": [ [ 72.8850521, 21.1389967 ], [ 72.8820143, 21.1388436 ], [ 72.8814924, 21.1388166 ], [ 72.8801989, 21.1387447 ] ] } },
{ "type": "Feature", "properties": { "element": "way", "id": 232998254, "waterway": "canal" }, "geometry": { "type": "LineString", "coordinates": [ [ 72.9022162, 21.111743 ], [ 72.8994592, 21.1111068 ], [ 72.8989843, 21.1110427 ], [ 72.8984407, 21.110996 ], [ 72.892973, 21.1109611 ], [ 72.8901155, 21.1109377 ], [ 72.8894395, 21.1108223 ], [ 72.8888297, 21.110641 ], [ 72.888357, 21.1103936 ], [ 72.8878135, 21.1099938 ], [ 72.8857589, 21.108176 ], [ 72.8851522, 21.1076058 ] ] } },
{ "type": "Feature", "properties": { "element": "way", "id": 232998255, "waterway": "canal" }, "geometry": { "type": "LineString", "coordinates": [ [ 72.7257572, 21.094287 ], [ 72.7259298, 21.0942162 ], [ 72.7323161, 21.0909518 ], [ 72.7369675, 21.0886457 ], [ 72.7395754, 21.0873111 ], [ 72.7401982, 21.0870114 ] ] } },
{ "type": "Feature", "properties": { "element": "way", "id": 232998256, "waterway": "canal" }, "geometry": { "type": "LineString", "coordinates": [ [ 72.7295406, 21.1121772 ], [ 72.7293968, 21.1106613 ], [ 72.7291971, 21.1081542 ], [ 72.7290807, 21.1063561 ], [ 72.7290005, 21.1052391 ] ] } },
{ "type": "Feature", "properties": { "element": "way", "id": 257731254, "waterway": null }, "geometry": { "type": "Polygon", "coordinates": [ [ [ 72.7798899, 21.1643132 ], [ 72.7798443, 21.1642282 ], [ 72.7798228, 21.1640656 ], [ 72.7798443, 21.1639881 ], [ 72.779898, 21.1640081 ], [ 72.779914, 21.1639756 ], [ 72.779855, 21.1639305 ], [ 72.7798658, 21.1638555 ], [ 72.7798175, 21.1638455 ], [ 72.7799382, 21.1637504 ], [ 72.7799543, 21.1637129 ], [ 72.780024, 21.1636804 ], [ 72.7800347, 21.1637104 ], [ 72.7802681, 21.1637154 ], [ 72.7803191, 21.1636929 ], [ 72.7803754, 21.1637004 ], [ 72.7803834, 21.1637429 ], [ 72.780429, 21.1637529 ], [ 72.7804559, 21.1637755 ], [ 72.7805095, 21.1637805 ], [ 72.7805229, 21.1638905 ], [ 72.7805631, 21.1639105 ], [ 72.780598, 21.163963 ], [ 72.7805605, 21.1640256 ], [ 72.7806221, 21.1641081 ], [ 72.7806919, 21.1641381 ], [ 72.7807107, 21.1642057 ], [ 72.7807884, 21.1642157 ], [ 72.780826, 21.1641832 ], [ 72.7808904, 21.1642282 ], [ 72.780885, 21.1642657 ], [ 72.780877, 21.1644258 ], [ 72.7809574, 21.1644108 ], [ 72.7811076, 21.1645358 ], [ 72.7812203, 21.1645634 ], [ 72.7813222, 21.1646259 ], [ 72.7816162, 21.1646615 ], [ 72.7816351, 21.1646638 ], [ 72.7816256, 21.1646842 ], [ 72.7815527, 21.1648408 ], [ 72.7815421, 21.1648635 ], [ 72.7813732, 21.1647935 ], [ 72.7812444, 21.164791 ], [ 72.7810701, 21.164866 ], [ 72.7809977, 21.1648235 ], [ 72.780936, 21.1648835 ], [ 72.7808716, 21.1649335 ], [ 72.7808287, 21.1650136 ], [ 72.780716, 21.1649761 ], [ 72.7806114, 21.164911 ], [ 72.7805658, 21.164866 ], [ 72.7805605, 21.164801 ], [ 72.7805363, 21.1647309 ], [ 72.7804505, 21.1647284 ], [ 72.780362, 21.1646659 ], [ 72.780193, 21.1646234 ], [ 72.7801635, 21.1645484 ], [ 72.7800991, 21.1644933 ], [ 72.780083, 21.1644158 ], [ 72.7799731, 21.1644008 ], [ 72.7798899, 21.1643132 ] ] ] } },
{ "type": "Feature", "properties": { "element": "way", "id": 311369897, "waterway": null }, "geometry": { "type": "Polygon", "coordinates": [ [ [ 72.785214, 21.1518233 ], [ 72.7854178, 21.1508477 ], [ 72.7871344, 21.1511478 ], [ 72.7867267, 21.1520234 ], [ 72.785214, 21.1518233 ] ] ] } },
{ "type": "Feature", "properties": { "element": "way", "id": 311432981, "waterway": "canal" }, "geometry": { "type": "LineString", "coordinates": [ [ 72.8265847, 21.1750062 ], [ 72.8261401, 21.1748184 ] ] } },
{ "type": "Feature", "properties": { "element": "way", "id": 312846202, "waterway": null }, "geometry": { "type": "Polygon", "coordinates": [ [ [ 72.7841879, 21.1539322 ], [ 72.784248, 21.1537279 ], [ 72.7843854, 21.1536718 ], [ 72.78454, 21.153788 ], [ 72.78454, 21.1538441 ], [ 72.7848106, 21.1539242 ], [ 72.7848793, 21.1539002 ], [ 72.7850254, 21.1539683 ], [ 72.784992, 21.1541155 ], [ 72.78491, 21.1541863 ], [ 72.7847247, 21.1541325 ], [ 72.7845759, 21.1540702 ], [ 72.7845303, 21.1540306 ], [ 72.7842418, 21.1539598 ], [ 72.7841879, 21.1539322 ] ] ] } },
{ "type": "Feature", "properties": { "element": "way", "id": 444303167, "waterway": "canal" }, "geometry": { "type": "LineString", "coordinates": [ [ 72.8720976, 21.097157 ], [ 72.869683, 21.096654 ], [ 72.8688506, 21.0964711 ], [ 72.868422, 21.0962691 ], [ 72.8681569, 21.0960588 ], [ 72.8680023, 21.0958321 ], [ 72.8678211, 21.0954322 ], [ 72.8677327, 21.0949911 ], [ 72.8670876, 21.091318 ], [ 72.8665486, 21.0883456 ], [ 72.8660013, 21.0849114 ] ] } },
{ "type": "Feature", "properties": { "element": "way", "id": 444303168, "waterway": "canal" }, "geometry": { "type": "LineString", "coordinates": [ [ 72.8733722, 21.0974713 ], [ 72.8726771, 21.0973079 ], [ 72.8720976, 21.097157 ] ] } },
{ "type": "Feature", "properties": { "element": "way", "id": 498555253, "waterway": "drain" }, "geometry": { "type": "LineString", "coordinates": [ [ 72.997883, 21.2055525 ], [ 72.9966541, 21.2046803 ], [ 72.9945288, 21.2030737 ], [ 72.9933685, 21.2021207 ], [ 72.990749, 21.1998418 ], [ 72.9887882, 21.1981358 ], [ 72.9882008, 21.1976523 ], [ 72.984764, 21.1953161 ], [ 72.9845453, 21.1950772 ], [ 72.9831737, 21.1923214 ], [ 72.9822589, 21.190525 ], [ 72.9818403, 21.1898259 ], [ 72.9815966, 21.1894967 ], [ 72.9813216, 21.189185 ], [ 72.9794533, 21.1878886 ], [ 72.9772506, 21.186534 ], [ 72.976457, 21.1860854 ], [ 72.9759071, 21.1858902 ], [ 72.973467, 21.1849317 ], [ 72.9728483, 21.1847424 ], [ 72.97088, 21.184186 ], [ 72.9686711, 21.183545 ], [ 72.9674338, 21.1832683 ], [ 72.9666965, 21.1830469 ], [ 72.9663528, 21.1829886 ], [ 72.9660341, 21.1830061 ], [ 72.9647656, 21.1830527 ] ] } },
{ "type": "Feature", "properties": { "element": "way", "id": 499009334, "waterway": "canal" }, "geometry": { "type": "LineString", "coordinates": [ [ 72.8821328, 21.1049526 ], [ 72.8797334, 21.1028111 ], [ 72.8764726, 21.0998843 ], [ 72.8746433, 21.0982231 ], [ 72.8740774, 21.0978091 ], [ 72.8735117, 21.0975296 ], [ 72.8733722, 21.0974713 ] ] } },
{ "type": "Feature", "properties": { "element": "way", "id": 499009335, "waterway": "canal" }, "geometry": { "type": "LineString", "coordinates": [ [ 72.8851522, 21.1076058 ], [ 72.8849225, 21.1074058 ] ] } },
{ "type": "Feature", "properties": { "element": "way", "id": 499009338, "waterway": "drain" }, "geometry": { "type": "LineString", "coordinates": [ [ 72.8672341, 21.1372152 ], [ 72.8622258, 21.1360954 ], [ 72.8600845, 21.1356263 ], [ 72.8549711, 21.1344868 ], [ 72.8529233, 21.134025 ] ] } },
{ "type": "Feature", "properties": { "element": "way", "id": 499009340, "waterway": "drain" }, "geometry": { "type": "LineString", "coordinates": [ [ 72.8748888, 21.1384479 ], [ 72.8746916, 21.1384366 ] ] } },
{ "type": "Feature", "properties": { "element": "way", "id": 499009342, "waterway": "drain" }, "geometry": { "type": "LineString", "coordinates": [ [ 72.8731318, 21.1438158 ], [ 72.8718653, 21.1437272 ], [ 72.8707629, 21.1436777 ], [ 72.8686699, 21.1436444 ], [ 72.8682886, 21.1436003 ] ] } },
{ "type": "Feature", "properties": { "element": "way", "id": 499009343, "waterway": "drain" }, "geometry": { "type": "LineString", "coordinates": [ [ 72.8733848, 21.1438117 ], [ 72.8731318, 21.1438158 ] ] } },
{ "type": "Feature", "properties": { "element": "way", "id": 527057015, "waterway": "canal" }, "geometry": { "type": "LineString", "coordinates": [ [ 72.7834382, 21.1413728 ], [ 72.7826157, 21.1401526 ], [ 72.7815356, 21.1385733 ], [ 72.781312, 21.1382508 ] ] } },
{ "type": "Feature", "properties": { "element": "way", "id": 527057017, "waterway": "canal" }, "geometry": { "type": "LineString", "coordinates": [ [ 72.7838653, 21.1420063 ], [ 72.7834382, 21.1413728 ] ] } },
{ "type": "Feature", "properties": { "element": "way", "id": 527057066, "waterway": "canal" }, "geometry": { "type": "LineString", "coordinates": [ [ 72.781312, 21.1382508 ], [ 72.7811138, 21.1379649 ], [ 72.7806598, 21.1375568 ], [ 72.7803831, 21.1374593 ] ] } },
{ "type": "Feature", "properties": { "element": "way", "id": 527057068, "waterway": "canal" }, "geometry": { "type": "LineString", "coordinates": [ [ 72.7890447, 21.1496447 ], [ 72.7886587, 21.149056 ], [ 72.7882663, 21.1484987 ] ] } },
{ "type": "Feature", "properties": { "element": "way", "id": 527057073, "waterway": "canal" }, "geometry": { "type": "LineString", "coordinates": [ [ 72.7891448, 21.1497973 ], [ 72.7890447, 21.1496447 ] ] } },
{ "type": "Feature", "properties": { "element": "way", "id": 527057074, "waterway": "canal" }, "geometry": { "type": "LineString", "coordinates": [ [ 72.7956217, 21.1593924 ], [ 72.7950336, 21.1585337 ], [ 72.7916363, 21.153503 ], [ 72.7902026, 21.1513619 ], [ 72.7891448, 21.1497973 ] ] } },
{ "type": "Feature", "properties": { "element": "way", "id": 545168342, "waterway": null }, "geometry": { "type": "Polygon", "coordinates": [ [ [ 72.8882215, 21.0429977 ], [ 72.8881077, 21.0436276 ], [ 72.8879776, 21.0443637 ], [ 72.8879451, 21.0447659 ], [ 72.8881158, 21.0452439 ], [ 72.8887338, 21.0455703 ], [ 72.8889289, 21.0456234 ], [ 72.8890753, 21.0456158 ], [ 72.8892785, 21.045464 ], [ 72.8894737, 21.0451984 ], [ 72.8895875, 21.0450011 ], [ 72.8896363, 21.04491 ], [ 72.8896932, 21.0447203 ], [ 72.8896851, 21.0446217 ], [ 72.889555, 21.0445306 ], [ 72.8894981, 21.044432 ], [ 72.8895875, 21.0441208 ], [ 72.8896932, 21.0438021 ], [ 72.889742, 21.0435213 ], [ 72.8896769, 21.0433771 ], [ 72.8894818, 21.043195 ], [ 72.8891891, 21.0430281 ], [ 72.8887419, 21.0429749 ], [ 72.8884654, 21.0429446 ], [ 72.8882215, 21.0429977 ] ] ] } },
{ "type": "Feature", "properties": { "element": "way", "id": 546737047, "waterway": null }, "geometry": { "type": "Polygon", "coordinates": [ [ [ 72.7758646, 21.1652766 ], [ 72.7758856, 21.1652388 ], [ 72.7758924, 21.1651966 ], [ 72.775884, 21.1651548 ], [ 72.7758616, 21.1651177 ], [ 72.7758274, 21.1650894 ], [ 72.7757852, 21.165073 ], [ 72.7757396, 21.1650703 ], [ 72.7756956, 21.1650815 ], [ 72.7756578, 21.1651055 ], [ 72.7756304, 21.1651396 ], [ 72.7756164, 21.1651802 ], [ 72.7756173, 21.1652227 ], [ 72.7756329, 21.1652627 ], [ 72.7756616, 21.1652957 ], [ 72.7757002, 21.1653183 ], [ 72.7757447, 21.165328 ], [ 72.77579, 21.1653238 ], [ 72.7758315, 21.165306 ], [ 72.7758646, 21.1652766 ] ] ] } },
{ "type": "Feature", "properties": { "element": "way", "id": 552682532, "waterway": "canal" }, "geometry": { "type": "LineString", "coordinates": [ [ 72.7790872, 21.2297374 ], [ 72.779139, 21.230212 ] ] } },
{ "type": "Feature", "properties": { "element": "way", "id": 552682533, "waterway": "canal" }, "geometry": { "type": "LineString", "coordinates": [ [ 72.7818081, 21.2519112 ], [ 72.7806871, 21.2543781 ], [ 72.7802823, 21.2547408 ], [ 72.7773007, 21.2567868 ], [ 72.7732448, 21.2595437 ], [ 72.7693291, 21.2622571 ], [ 72.7626338, 21.2668157 ], [ 72.7577959, 21.2701476 ], [ 72.7531784, 21.2733058 ], [ 72.748171, 21.2766454 ], [ 72.7470103, 21.2774034 ], [ 72.7454513, 21.278185 ], [ 72.7438924, 21.279014 ], [ 72.740283, 21.2808535 ], [ 72.737038, 21.2825667 ], [ 72.7345132, 21.2838377 ], [ 72.7316664, 21.2853219 ], [ 72.7292856, 21.2865456 ], [ 72.7240495, 21.2892376 ], [ 72.7184406, 21.292127 ], [ 72.7138654, 21.2945268 ], [ 72.7109, 21.2966977 ], [ 72.7072822, 21.2994132 ], [ 72.7046726, 21.3012919 ], [ 72.7019953, 21.3032417 ], [ 72.6972167, 21.3067859 ], [ 72.6915061, 21.3110168 ], [ 72.6888373, 21.3130138 ], [ 72.6858178, 21.3152483 ], [ 72.6848157, 21.3159945 ], [ 72.6845002, 21.3162345 ], [ 72.684274, 21.3163864 ], [ 72.6836483, 21.316744 ], [ 72.6820813, 21.3176062 ], [ 72.6799193, 21.3189496 ], [ 72.6791774, 21.3194844 ], [ 72.6764146, 21.3212419 ], [ 72.67529, 21.3220049 ] ] } },
{ "type": "Feature", "properties": { "element": "way", "id": 552694363, "waterway": "canal" }, "geometry": { "type": "LineString", "coordinates": [ [ 72.7781606, 21.2217604 ], [ 72.7788498, 21.2276057 ], [ 72.7790872, 21.2297374 ] ] } },
{ "type": "Feature", "properties": { "element": "way", "id": 552694364, "waterway": "canal" }, "geometry": { "type": "LineString", "coordinates": [ [ 72.7781169, 21.2213453 ], [ 72.7781606, 21.2217604 ] ] } },
{ "type": "Feature", "properties": { "element": "way", "id": 552694368, "waterway": "canal" }, "geometry": { "type": "LineString", "coordinates": [ [ 72.7671726, 21.2027799 ], [ 72.7675363, 21.202798 ] ] } },
{ "type": "Feature", "properties": { "element": "way", "id": 552694369, "waterway": "canal" }, "geometry": { "type": "LineString", "coordinates": [ [ 72.7675363, 21.202798 ], [ 72.7703407, 21.2027939 ], [ 72.7714281, 21.2029083 ], [ 72.7725471, 21.203142 ], [ 72.7752962, 21.2044425 ], [ 72.7755007, 21.2045451 ], [ 72.7759512, 21.2047934 ], [ 72.7763725, 21.2052627 ], [ 72.7765488, 21.2058478 ], [ 72.7768276, 21.2087745 ] ] } },
{ "type": "Feature", "properties": { "element": "way", "id": 552822976, "waterway": "canal" }, "geometry": { "type": "LineString", "coordinates": [ [ 72.7768276, 21.2087745 ], [ 72.7768576, 21.2090919 ] ] } },
{ "type": "Feature", "properties": { "element": "way", "id": 553046436, "waterway": "drain" }, "geometry": { "type": "LineString", "coordinates": [ [ 72.9206113, 21.0821548 ], [ 72.9202704, 21.0809346 ], [ 72.9167803, 21.0714999 ], [ 72.9149443, 21.0669192 ] ] } },
{ "type": "Feature", "properties": { "element": "way", "id": 553165503, "waterway": "canal" }, "geometry": { "type": "LineString", "coordinates": [ [ 72.7768576, 21.2090919 ], [ 72.7769555, 21.2099484 ], [ 72.7772935, 21.213329 ], [ 72.7773476, 21.2138207 ] ] } },
{ "type": "Feature", "properties": { "element": "way", "id": 553661011, "waterway": "canal" }, "geometry": { "type": "LineString", "coordinates": [ [ 72.8444969, 21.1828663 ], [ 72.8443397, 21.1827958 ] ] } },
{ "type": "Feature", "properties": { "element": "way", "id": 553661012, "waterway": "canal" }, "geometry": { "type": "LineString", "coordinates": [ [ 72.8443397, 21.1827958 ], [ 72.8419062, 21.1816849 ], [ 72.8416582, 21.1815825 ] ] } },
{ "type": "Feature", "properties": { "element": "way", "id": 553766518, "waterway": "canal" }, "geometry": { "type": "LineString", "coordinates": [ [ 72.8907262, 21.206118 ], [ 72.8875998, 21.2040133 ], [ 72.8865313, 21.2032851 ], [ 72.8848566, 21.2025103 ], [ 72.881757, 21.2010592 ] ] } },
{ "type": "Feature", "properties": { "element": "way", "id": 553766519, "waterway": "canal" }, "geometry": { "type": "LineString", "coordinates": [ [ 72.8910367, 21.2063266 ], [ 72.8907262, 21.206118 ] ] } },
{ "type": "Feature", "properties": { "element": "way", "id": 553784227, "waterway": null }, "geometry": { "type": "Polygon", "coordinates": [ [ [ 72.8733148, 21.2051538 ], [ 72.8741257, 21.205139 ], [ 72.8742366, 21.2052601 ], [ 72.8741859, 21.205768 ], [ 72.8740782, 21.205895 ], [ 72.8739325, 21.2059393 ], [ 72.8736157, 21.2059157 ], [ 72.8734098, 21.2058507 ], [ 72.8733021, 21.2057858 ], [ 72.8732388, 21.2056647 ], [ 72.8733148, 21.2051538 ] ] ] } },
{ "type": "Feature", "properties": { "element": "way", "id": 553787090, "waterway": "canal" }, "geometry": { "type": "LineString", "coordinates": [ [ 72.8970359, 21.2104183 ], [ 72.8963479, 21.209954 ], [ 72.8924988, 21.2073747 ], [ 72.8910367, 21.2063266 ] ] } },
{ "type": "Feature", "properties": { "element": "way", "id": 553787092, "waterway": "canal" }, "geometry": { "type": "LineString", "coordinates": [ [ 72.8974396, 21.2107049 ], [ 72.8970359, 21.2104183 ] ] } },
{ "type": "Feature", "properties": { "element": "way", "id": 553815086, "waterway": "canal" }, "geometry": { "type": "LineString", "coordinates": [ [ 72.8690465, 21.1943262 ], [ 72.8678038, 21.1935558 ], [ 72.8638363, 21.1909323 ] ] } },
{ "type": "Feature", "properties": { "element": "way", "id": 553815100, "waterway": "canal" }, "geometry": { "type": "LineString", "coordinates": [ [ 72.8783143, 21.1994171 ], [ 72.8744275, 21.1974243 ], [ 72.8725591, 21.1965038 ], [ 72.869577, 21.1946539 ] ] } },
{ "type": "Feature", "properties": { "element": "way", "id": 553815102, "waterway": "canal" }, "geometry": { "type": "LineString", "coordinates": [ [ 72.8786548, 21.1995917 ], [ 72.8783143, 21.1994171 ] ] } },
{ "type": "Feature", "properties": { "element": "way", "id": 554523891, "waterway": null }, "geometry": { "type": "Polygon", "coordinates": [ [ [ 72.8590831, 21.2549 ], [ 72.8590798, 21.2550716 ], [ 72.8591635, 21.2551184 ], [ 72.8592706, 21.2550966 ], [ 72.8597092, 21.2548563 ], [ 72.8597762, 21.254772 ], [ 72.8597595, 21.2546691 ], [ 72.8595552, 21.2543976 ], [ 72.8594213, 21.2543383 ], [ 72.859284, 21.2543164 ], [ 72.8591936, 21.2543383 ], [ 72.8591333, 21.2544413 ], [ 72.8590831, 21.2549 ] ] ] } },
{ "type": "Feature", "properties": { "element": "way", "id": 554523895, "waterway": null }, "geometry": { "type": "Polygon", "coordinates": [ [ [ 72.8628991, 21.2571928 ], [ 72.8627777, 21.2572668 ], [ 72.8627777, 21.2573713 ], [ 72.862773, 21.2576193 ], [ 72.8625815, 21.2578283 ], [ 72.8624041, 21.2579414 ], [ 72.8623574, 21.2580633 ], [ 72.8624508, 21.2583375 ], [ 72.8624414, 21.2585333 ], [ 72.8626376, 21.2587727 ], [ 72.862773, 21.258851 ], [ 72.8629365, 21.2587944 ], [ 72.8630719, 21.2585507 ], [ 72.8633521, 21.2580589 ], [ 72.8633894, 21.2576585 ], [ 72.8633661, 21.2573974 ], [ 72.8633474, 21.2572581 ], [ 72.8632587, 21.2571885 ], [ 72.8628991, 21.2571928 ] ] ] } },
{ "type": "Feature", "properties": { "element": "way", "id": 554535394, "waterway": null }, "geometry": { "type": "Polygon", "coordinates": [ [ [ 72.8535577, 21.1128653 ], [ 72.8532352, 21.1133104 ], [ 72.8531733, 21.1134629 ], [ 72.8532484, 21.1136072 ], [ 72.8532131, 21.1137514 ], [ 72.8531336, 21.1138544 ], [ 72.8530629, 21.1139369 ], [ 72.8530982, 21.1142171 ], [ 72.8532749, 21.1143531 ], [ 72.8536328, 21.1144067 ], [ 72.8538404, 21.1144191 ], [ 72.8539774, 21.1143449 ], [ 72.8541586, 21.1143861 ], [ 72.8543264, 21.114485 ], [ 72.8548654, 21.1145304 ], [ 72.8550289, 21.1144892 ], [ 72.855051, 21.1143531 ], [ 72.8550377, 21.1140811 ], [ 72.8549317, 21.1139204 ], [ 72.8549538, 21.1137761 ], [ 72.8550068, 21.113669 ], [ 72.8549626, 21.1134505 ], [ 72.8548434, 21.1132939 ], [ 72.8547373, 21.1130425 ], [ 72.8546224, 21.1129395 ], [ 72.8543971, 21.11289 ], [ 72.8538846, 21.1128158 ], [ 72.8535577, 21.1128653 ] ] ] } },
{ "type": "Feature", "properties": { "element": "way", "id": 554535395, "waterway": null }, "geometry": { "type": "Polygon", "coordinates": [ [ [ 72.845992, 21.1122968 ], [ 72.8463416, 21.1122432 ], [ 72.8473747, 21.1118051 ], [ 72.8476773, 21.111664 ], [ 72.8478339, 21.1115861 ], [ 72.8477817, 21.1114255 ], [ 72.8477713, 21.1112746 ], [ 72.8478756, 21.1110263 ], [ 72.8480269, 21.11089 ], [ 72.8481782, 21.1108706 ], [ 72.8483139, 21.1110555 ], [ 72.8487731, 21.1111237 ], [ 72.8489609, 21.1112113 ], [ 72.8492114, 21.1114887 ], [ 72.8493001, 21.1116688 ], [ 72.8492583, 21.1118392 ], [ 72.8490914, 21.1119463 ], [ 72.8487574, 21.1119852 ], [ 72.8483504, 21.1119609 ], [ 72.8481313, 21.1119804 ], [ 72.8480008, 21.1121459 ], [ 72.8479852, 21.1122627 ], [ 72.8480635, 21.1126472 ], [ 72.8480478, 21.1129149 ], [ 72.8479695, 21.1130463 ], [ 72.8477243, 21.1131437 ], [ 72.8474112, 21.1131778 ], [ 72.8471347, 21.1130756 ], [ 72.8469208, 21.1130707 ], [ 72.846806, 21.1131437 ], [ 72.8467799, 21.1132654 ], [ 72.8467642, 21.1133871 ], [ 72.8466286, 21.1134163 ], [ 72.8464147, 21.1133384 ], [ 72.8462581, 21.1131194 ], [ 72.8461642, 21.1129636 ], [ 72.8459972, 21.1126618 ], [ 72.8459242, 21.1124233 ], [ 72.845992, 21.1122968 ] ] ] } },
{ "type": "Feature", "properties": { "element": "way", "id": 554543002, "waterway": "drain" }, "geometry": { "type": "LineString", "coordinates": [ [ 72.8529233, 21.134025 ], [ 72.8521438, 21.1338588 ] ] } },
{ "type": "Feature", "properties": { "element": "way", "id": 554543003, "waterway": "drain" }, "geometry": { "type": "LineString", "coordinates": [ [ 72.8521438, 21.1338588 ], [ 72.8490785, 21.1331579 ], [ 72.8484347, 21.1330168 ] ] } },
{ "type": "Feature", "properties": { "element": "way", "id": 554550598, "waterway": null }, "geometry": { "type": "Polygon", "coordinates": [ [ [ 72.7317982, 21.0809699 ], [ 72.7327781, 21.0812186 ], [ 72.7326596, 21.0818519 ], [ 72.732398, 21.08205 ], [ 72.731623, 21.0817828 ], [ 72.7317982, 21.0809699 ] ] ] } },
{ "type": "Feature", "properties": { "element": "way", "id": 557949137, "waterway": null }, "geometry": { "type": "Polygon", "coordinates": [ [ [ 72.9064231, 21.1970363 ], [ 72.9071565, 21.1967598 ], [ 72.907819, 21.1967195 ], [ 72.9086501, 21.1965745 ], [ 72.9101213, 21.1965882 ], [ 72.9102648, 21.1963525 ], [ 72.9099996, 21.1959277 ], [ 72.9093535, 21.1957065 ], [ 72.9089697, 21.1955116 ], [ 72.9085921, 21.195532 ], [ 72.9079367, 21.1956629 ], [ 72.9081395, 21.1953021 ], [ 72.9080584, 21.1951071 ], [ 72.9075372, 21.1950693 ], [ 72.9072626, 21.195145 ], [ 72.9071752, 21.1957444 ], [ 72.9070129, 21.1962157 ], [ 72.9068819, 21.1963787 ], [ 72.9064762, 21.1965445 ], [ 72.9062889, 21.1967017 ], [ 72.9064231, 21.1970363 ] ] ] } },
{ "type": "Feature", "properties": { "element": "way", "id": 557949138, "waterway": null }, "geometry": { "type": "Polygon", "coordinates": [ [ [ 72.9059269, 21.1965271 ], [ 72.9061672, 21.1965649 ], [ 72.9064013, 21.1965242 ], [ 72.9063794, 21.1959422 ], [ 72.9058801, 21.1960732 ], [ 72.9059269, 21.1965271 ] ] ] } },
{ "type": "Feature", "properties": { "element": "way", "id": 567752574, "waterway": null }, "geometry": { "type": "Polygon", "coordinates": [ [ [ 72.7587651, 21.2788285 ], [ 72.7576035, 21.2792163 ], [ 72.7567503, 21.2792805 ], [ 72.7565168, 21.2791242 ], [ 72.7563761, 21.2787309 ], [ 72.7563641, 21.2782511 ], [ 72.756427, 21.2780698 ], [ 72.7566635, 21.2780168 ], [ 72.7567144, 21.2776681 ], [ 72.7568341, 21.2775481 ], [ 72.7570677, 21.2775286 ], [ 72.7574838, 21.2777015 ], [ 72.7577203, 21.2779331 ], [ 72.7584477, 21.2785328 ], [ 72.7586304, 21.2786193 ], [ 72.7587651, 21.2788285 ] ] ] } },
{ "type": "Feature", "properties": { "element": "way", "id": 567825814, "waterway": null }, "geometry": { "type": "Polygon", "coordinates": [ [ [ 72.8934709, 21.2976834 ], [ 72.8933721, 21.2971172 ], [ 72.8932044, 21.2970475 ], [ 72.8921177, 21.2972288 ], [ 72.8917106, 21.2976472 ], [ 72.8907286, 21.2981939 ], [ 72.8907706, 21.298576 ], [ 72.8909352, 21.2988717 ], [ 72.8910669, 21.2989163 ], [ 72.8916208, 21.2987322 ], [ 72.8920968, 21.2983501 ], [ 72.8930517, 21.2979707 ], [ 72.8934709, 21.2976834 ] ] ] } },
{ "type": "Feature", "properties": { "element": "way", "id": 603453862, "waterway": "river" }, "geometry": { "type": "LineString", "coordinates": [ [ 72.8858266, 21.0771274 ], [ 72.8854873, 21.0762832 ], [ 72.8853742, 21.0759417 ], [ 72.8850748, 21.0754389 ], [ 72.8851547, 21.0747002 ], [ 72.8850416, 21.0744892 ], [ 72.8851148, 21.0741664 ], [ 72.8851081, 21.0737939 ], [ 72.8847622, 21.0736015 ], [ 72.8847622, 21.0734338 ], [ 72.8851347, 21.07326 ], [ 72.8851879, 21.0730676 ], [ 72.8851214, 21.0729496 ], [ 72.884669, 21.0728503 ], [ 72.8844628, 21.0725461 ], [ 72.8843963, 21.0704417 ], [ 72.8834516, 21.0701748 ], [ 72.8827331, 21.0691318 ], [ 72.8822674, 21.0690263 ], [ 72.88105, 21.0694733 ], [ 72.8801319, 21.0691194 ], [ 72.8793536, 21.0688711 ], [ 72.8787815, 21.0683124 ], [ 72.878063, 21.0682317 ], [ 72.8774908, 21.0688215 ], [ 72.8771249, 21.0689394 ], [ 72.8763799, 21.0688587 ], [ 72.8754884, 21.0688773 ], [ 72.8746967, 21.0692995 ], [ 72.8745969, 21.069585 ], [ 72.8742377, 21.0697278 ], [ 72.8740405, 21.0697338 ], [ 72.8738165, 21.0697063 ] ] } },
{ "type": "Feature", "properties": { "element": "way", "id": 603453863, "waterway": "river" }, "geometry": { "type": "LineString", "coordinates": [ [ 72.8496695, 21.0489735 ], [ 72.8495165, 21.0495136 ], [ 72.8488712, 21.051072 ], [ 72.8485452, 21.0516805 ], [ 72.8485718, 21.0519971 ], [ 72.8489377, 21.0523324 ], [ 72.8490375, 21.053245 ], [ 72.8491706, 21.0534499 ], [ 72.8499272, 21.0532602 ], [ 72.8502683, 21.0533195 ], [ 72.8504612, 21.0547909 ], [ 72.8504346, 21.0553745 ], [ 72.8507339, 21.0560264 ], [ 72.8503348, 21.0569018 ], [ 72.8504678, 21.0572495 ], [ 72.850887, 21.0572929 ], [ 72.8512928, 21.0581869 ], [ 72.8513793, 21.0597576 ], [ 72.851672, 21.0608193 ], [ 72.8521643, 21.061856 ], [ 72.8524503, 21.0621726 ], [ 72.8537276, 21.0622658 ], [ 72.855138, 21.0619616 ], [ 72.855903, 21.0627438 ], [ 72.8563488, 21.0626941 ], [ 72.8577857, 21.0628121 ], [ 72.859409, 21.0636067 ], [ 72.8601674, 21.0638861 ], [ 72.861631, 21.065196 ], [ 72.862223, 21.0654195 ], [ 72.8628218, 21.0662762 ], [ 72.8635735, 21.0666611 ], [ 72.8644583, 21.0667294 ], [ 72.8659818, 21.066599 ], [ 72.8668467, 21.0665227 ] ] } },
{ "type": "Feature", "properties": { "element": "way", "id": 603453864, "waterway": "river" }, "geometry": { "type": "LineString", "coordinates": [ [ 72.8668467, 21.0665227 ], [ 72.8669519, 21.0662489 ], [ 72.8675701, 21.0653491 ], [ 72.8678235, 21.0635667 ], [ 72.8675268, 21.0631802 ], [ 72.8671126, 21.0621938 ], [ 72.8653571, 21.0611036 ], [ 72.8643001, 21.0602498 ], [ 72.8640529, 21.0596441 ], [ 72.863818, 21.0587327 ], [ 72.8638612, 21.058202 ], [ 72.8640405, 21.0575098 ], [ 72.8641332, 21.0555542 ], [ 72.864535, 21.0539794 ], [ 72.8649121, 21.0533333 ], [ 72.865215, 21.0530564 ], [ 72.8653192, 21.0529885 ], [ 72.8657953, 21.0527433 ] ] } },
{ "type": "Feature", "properties": { "element": "way", "id": 610412094, "waterway": null }, "geometry": { "type": "Polygon", "coordinates": [ [ [ 72.7603697, 21.2969779 ], [ 72.7599061, 21.2969579 ], [ 72.7593298, 21.2964626 ], [ 72.7593459, 21.2962724 ], [ 72.7598113, 21.2962124 ], [ 72.7600905, 21.2959422 ], [ 72.7602659, 21.2961474 ], [ 72.7604825, 21.2961107 ], [ 72.7608656, 21.2962674 ], [ 72.7610646, 21.2964424 ], [ 72.7609855, 21.296621 ], [ 72.7606042, 21.2967844 ], [ 72.7603697, 21.2969779 ] ] ] } },
{ "type": "Feature", "properties": { "element": "way", "id": 623394612, "waterway": null }, "geometry": { "type": "Polygon", "coordinates": [ [ [ 72.7435942, 21.263296 ], [ 72.7438263, 21.2636096 ], [ 72.7442556, 21.2635934 ], [ 72.7446307, 21.2633861 ], [ 72.7447545, 21.2632492 ], [ 72.7448473, 21.2626995 ], [ 72.7446887, 21.2623193 ], [ 72.7444605, 21.2619877 ], [ 72.7441705, 21.2616777 ], [ 72.743834, 21.261575 ], [ 72.7434395, 21.2616976 ], [ 72.7433158, 21.2618327 ], [ 72.74325, 21.2620003 ], [ 72.7432829, 21.2621229 ], [ 72.7434144, 21.2621355 ], [ 72.7438321, 21.2624508 ], [ 72.7438302, 21.2627644 ], [ 72.7435942, 21.263296 ] ] ] } },
{ "type": "Feature", "properties": { "element": "way", "id": 638211950, "waterway": "canal" }, "geometry": { "type": "LineString", "coordinates": [ [ 72.7614367, 21.1344558 ], [ 72.7612731, 21.1345419 ] ] } },
{ "type": "Feature", "properties": { "element": "way", "id": 638211951, "waterway": "canal" }, "geometry": { "type": "LineString", "coordinates": [ [ 72.7612731, 21.1345419 ], [ 72.7587358, 21.1358051 ], [ 72.757847, 21.1363135 ] ] } },
{ "type": "Feature", "properties": { "element": "way", "id": 678617764, "waterway": null }, "geometry": { "type": "Polygon", "coordinates": [ [ [ 72.8600864, 21.1398939 ], [ 72.861458, 21.1400249 ], [ 72.8618467, 21.1369271 ], [ 72.860413, 21.1367718 ], [ 72.8600864, 21.1398939 ] ] ] } },
{ "type": "Feature", "properties": { "element": "way", "id": 678617767, "waterway": null }, "geometry": { "type": "Polygon", "coordinates": [ [ [ 72.8619969, 21.1370216 ], [ 72.8617291, 21.1394645 ], [ 72.861752, 21.1395071 ], [ 72.8617944, 21.1395406 ], [ 72.8618597, 21.1395528 ], [ 72.8642437, 21.1386877 ], [ 72.8645638, 21.1372835 ], [ 72.8645605, 21.1372409 ], [ 72.8644985, 21.1371982 ], [ 72.8620981, 21.1369606 ], [ 72.8619969, 21.1370216 ] ] ] } },
{ "type": "Feature", "properties": { "element": "way", "id": 678617771, "waterway": null }, "geometry": { "type": "Polygon", "coordinates": [ [ [ 72.8644603, 21.138692 ], [ 72.8644603, 21.1387428 ], [ 72.8644857, 21.1387867 ], [ 72.8645147, 21.1388037 ], [ 72.8669387, 21.1384872 ], [ 72.8669768, 21.1384635 ], [ 72.8669949, 21.138428 ], [ 72.8671056, 21.1375886 ], [ 72.8670784, 21.1375497 ], [ 72.8648903, 21.1370437 ], [ 72.8648595, 21.1370539 ], [ 72.8648341, 21.137081 ], [ 72.8644603, 21.138692 ] ] ] } },
{ "type": "Feature", "properties": { "element": "way", "id": 755704116, "waterway": "river" }, "geometry": { "type": "LineString", "coordinates": [ [ 72.9090714, 21.2599412 ], [ 72.9092216, 21.2580814 ], [ 72.9092216, 21.2559017 ], [ 72.9083633, 21.252162 ], [ 72.907269, 21.2493422 ], [ 72.9062819, 21.2474223 ], [ 72.9050588, 21.2457224 ], [ 72.9019689, 21.2428424 ], [ 72.8976774, 21.2402425 ], [ 72.8952312, 21.2388225 ], [ 72.8927851, 21.2370624 ] ] } },
{ "type": "Feature", "properties": { "element": "way", "id": 755704117, "waterway": "river" }, "geometry": { "type": "LineString", "coordinates": [ [ 72.8018073, 21.2176756 ], [ 72.802223, 21.2169606 ], [ 72.8023839, 21.2165105 ], [ 72.8027594, 21.2155303 ], [ 72.8033495, 21.2149202 ], [ 72.8039932, 21.2144401 ], [ 72.8047657, 21.2141001 ], [ 72.8055811, 21.2140701 ], [ 72.8071475, 21.2142201 ], [ 72.8075766, 21.2140901 ], [ 72.8089178, 21.2133499 ], [ 72.809422, 21.2127198 ], [ 72.8098941, 21.2121897 ], [ 72.8105485, 21.2119397 ], [ 72.8116107, 21.2116396 ], [ 72.8136063, 21.2105994 ], [ 72.8150654, 21.2095992 ], [ 72.8162348, 21.2083589 ], [ 72.8179836, 21.2060184 ], [ 72.8186166, 21.2051782 ], [ 72.8190887, 21.2039579 ], [ 72.8190565, 21.2025175 ], [ 72.8187668, 21.2010772 ], [ 72.8179085, 21.1990866 ], [ 72.8171253, 21.1975362 ], [ 72.8150976, 21.1944553 ], [ 72.8140783, 21.1932949 ], [ 72.8133166, 21.1926347 ], [ 72.809658, 21.1901739 ], [ 72.8064394, 21.187813 ], [ 72.7992833, 21.1829612 ], [ 72.7978241, 21.1820909 ], [ 72.7959573, 21.1811305 ], [ 72.7945508, 21.1807353 ], [ 72.7835007, 21.1795853 ], [ 72.7786267, 21.1782586 ], [ 72.7773857, 21.1770088 ], [ 72.7754974, 21.1757883 ], [ 72.7733731, 21.1739074 ], [ 72.7714634, 21.1713462 ], [ 72.766571, 21.1633823 ], [ 72.7645969, 21.1611411 ], [ 72.7509713, 21.1508352 ], [ 72.739191, 21.1433305 ], [ 72.736187, 21.1419495 ], [ 72.7337193, 21.141119 ], [ 72.7310371, 21.1406086 ], [ 72.7283764, 21.1406487 ], [ 72.7162424, 21.1425305 ] ] } },
{ "type": "Feature", "properties": { "element": "way", "id": 755704118, "waterway": "river" }, "geometry": { "type": "LineString", "coordinates": [ [ 72.9090714, 21.2599412 ], [ 72.9040182, 21.2566716 ], [ 72.901395, 21.252212 ], [ 72.9002684, 21.2487472 ], [ 72.8987503, 21.2463873 ], [ 72.8980932, 21.2455299 ], [ 72.8971785, 21.2454999 ], [ 72.895714, 21.2438424 ], [ 72.8947592, 21.2413225 ], [ 72.8927851, 21.2370624 ] ] } },
{ "type": "Feature", "properties": { "element": "way", "id": 755745080, "waterway": "canal" }, "geometry": { "type": "LineString", "coordinates": [ [ 72.7817243, 21.2512345 ], [ 72.7818081, 21.2519112 ] ] } },
{ "type": "Feature", "properties": { "element": "way", "id": 755745081, "waterway": "canal" }, "geometry": { "type": "LineString", "coordinates": [ [ 72.7817137, 21.2511266 ], [ 72.7817243, 21.2512345 ] ] } },
{ "type": "Feature", "properties": { "element": "way", "id": 755745082, "waterway": "canal" }, "geometry": { "type": "LineString", "coordinates": [ [ 72.779139, 21.230212 ], [ 72.7797441, 21.2350895 ], [ 72.779907, 21.2364849 ] ] } },
{ "type": "Feature", "properties": { "element": "way", "id": 755745083, "waterway": "canal" }, "geometry": { "type": "LineString", "coordinates": [ [ 72.8681018, 21.2819538 ], [ 72.8639214, 21.2834988 ], [ 72.863528, 21.2836435 ], [ 72.8631507, 21.2837382 ], [ 72.8624734, 21.2837745 ], [ 72.8616716, 21.2836294 ], [ 72.8606128, 21.2832522 ], [ 72.8561288, 21.2814605 ], [ 72.8517226, 21.2797123 ], [ 72.845557, 21.2772386 ], [ 72.840528, 21.275251 ], [ 72.8299212, 21.2710235 ], [ 72.8192171, 21.2667977 ], [ 72.8165957, 21.2657585 ], [ 72.806956, 21.261937 ], [ 72.7960476, 21.2576021 ], [ 72.7872313, 21.2540833 ], [ 72.7818081, 21.2519112 ] ] } },
{ "type": "Feature", "properties": { "element": "way", "id": 755745084, "waterway": "canal" }, "geometry": { "type": "LineString", "coordinates": [ [ 72.779907, 21.2364849 ], [ 72.7806006, 21.2423039 ], [ 72.7807883, 21.2434222 ], [ 72.7814189, 21.2486898 ], [ 72.7817137, 21.2511266 ] ] } },
{ "type": "Feature", "properties": { "element": "way", "id": 799237874, "waterway": "river" }, "geometry": { "type": "LineString", "coordinates": [ [ 72.8927851, 21.2370624 ], [ 72.8854465, 21.2312022 ], [ 72.8819918, 21.228982 ], [ 72.879138, 21.2274419 ], [ 72.8744387, 21.2255817 ], [ 72.8710163, 21.2246416 ], [ 72.8679478, 21.2241115 ], [ 72.8658292, 21.2238321 ], [ 72.8625297, 21.2240115 ], [ 72.8608882, 21.2242816 ], [ 72.8590965, 21.2247016 ], [ 72.8570473, 21.2255917 ], [ 72.8534853, 21.2272219 ], [ 72.8509319, 21.228732 ], [ 72.8495586, 21.2297221 ], [ 72.8485823, 21.2306121 ], [ 72.8433144, 21.2372324 ], [ 72.8396988, 21.2414625 ], [ 72.8339052, 21.2454024 ], [ 72.8302145, 21.2479223 ], [ 72.825923, 21.2504221 ], [ 72.8233695, 21.252902 ], [ 72.8223771, 21.2543618 ], [ 72.8211164, 21.2557017 ], [ 72.8201669, 21.2563066 ], [ 72.8190565, 21.2567816 ], [ 72.8178388, 21.2569015 ], [ 72.8166532, 21.2567215 ], [ 72.8150815, 21.2563666 ], [ 72.8134346, 21.2558417 ], [ 72.8110743, 21.2545868 ], [ 72.8087997, 21.2532219 ], [ 72.806316, 21.2509421 ], [ 72.8039221, 21.248661 ], [ 72.7977276, 21.2435824 ], [ 72.7955603, 21.2421425 ], [ 72.7935648, 21.2401225 ], [ 72.7925777, 21.2379024 ], [ 72.7919554, 21.2354224 ], [ 72.7924275, 21.2329823 ], [ 72.7934146, 21.2302621 ], [ 72.7966332, 21.2261418 ], [ 72.8018073, 21.2176756 ] ] } },
{ "type": "Feature", "properties": { "element": "way", "id": 799237876, "waterway": "river" }, "geometry": { "type": "LineString", "coordinates": [ [ 72.7162424, 21.1425305 ], [ 72.7114463, 21.144131 ], [ 72.6930785, 21.1526763 ], [ 72.6891947, 21.1545574 ], [ 72.6863408, 21.1551978 ], [ 72.6788091, 21.1570388 ], [ 72.6756763, 21.1570989 ], [ 72.6736593, 21.1567787 ], [ 72.6678657, 21.1542372 ], [ 72.6665568, 21.1529365 ], [ 72.6657843, 21.1513755 ], [ 72.6625657, 21.1429702 ], [ 72.6620507, 21.1400883 ], [ 72.6618361, 21.1362056 ], [ 72.6617718, 21.1301812 ], [ 72.6597547, 21.1187723 ], [ 72.6641321, 21.1111658 ], [ 72.6596259, 21.0915474 ], [ 72.6605852, 21.0724314 ] ] } },
{ "type": "Feature", "properties": { "element": "way", "id": 838958809, "waterway": null }, "geometry": { "type": "Polygon", "coordinates": [ [ [ 72.8368675, 21.2260186 ], [ 72.8369978, 21.225956 ], [ 72.8370708, 21.2258898 ], [ 72.8371379, 21.2257518 ], [ 72.8371754, 21.225623 ], [ 72.8372011, 21.2254813 ], [ 72.8372168, 21.2253397 ], [ 72.8372326, 21.225198 ], [ 72.8372386, 21.2250435 ], [ 72.8372524, 21.2249 ], [ 72.8372682, 21.2248337 ], [ 72.8373017, 21.2247436 ], [ 72.8373055, 21.2246782 ], [ 72.8373201, 21.2245934 ], [ 72.8373482, 21.2244844 ], [ 72.8373482, 21.2243848 ], [ 72.837337, 21.2243062 ], [ 72.837301, 21.224279 ], [ 72.8372572, 21.224257 ], [ 72.8371774, 21.224257 ], [ 72.8371032, 21.2242465 ], [ 72.8369941, 21.2242297 ], [ 72.8368761, 21.2242035 ], [ 72.8367409, 21.2241564 ], [ 72.8366626, 21.2241272 ], [ 72.8365743, 21.2240949 ], [ 72.836486, 21.2240855 ], [ 72.8364468, 21.2240959 ], [ 72.836411, 21.2241136 ], [ 72.8363797, 21.2241449 ], [ 72.8363451, 21.2241845 ], [ 72.8363507, 21.2243419 ], [ 72.8363674, 21.2245638 ], [ 72.8363708, 21.2247035 ], [ 72.8363496, 21.2248056 ], [ 72.8363361, 21.2248796 ], [ 72.8363149, 21.2250005 ], [ 72.8363015, 21.2250912 ], [ 72.8362881, 21.2251933 ], [ 72.8362612, 21.2253007 ], [ 72.8362094, 21.2253963 ], [ 72.8361558, 21.2255108 ], [ 72.8361134, 21.2255826 ], [ 72.8360736, 21.2256552 ], [ 72.836071, 21.2256963 ], [ 72.8360702, 21.2257287 ], [ 72.8360973, 21.2257759 ], [ 72.8361235, 21.2258022 ], [ 72.8362306, 21.225868 ], [ 72.8365225, 21.2259739 ], [ 72.8368675, 21.2260186 ] ] ] } },
{ "type": "Feature", "properties": { "element": "way", "id": 915527006, "waterway": "river" }, "geometry": { "type": "LineString", "coordinates": [ [ 72.8784648, 21.0858603 ], [ 72.8784125, 21.0858115 ], [ 72.8783387, 21.0857627 ], [ 72.878214, 21.0857251 ], [ 72.8780021, 21.0856976 ], [ 72.8778747, 21.0856763 ], [ 72.8777902, 21.0856513 ], [ 72.8776829, 21.08559 ], [ 72.8775944, 21.0855487 ], [ 72.8774053, 21.0854836 ], [ 72.8771773, 21.0854211 ], [ 72.8770177, 21.0853835 ], [ 72.8768755, 21.0853547 ], [ 72.876724, 21.0853335 ], [ 72.8765912, 21.0853222 ], [ 72.8764451, 21.0853134 ], [ 72.876315, 21.0853147 ], [ 72.8761929, 21.085326 ], [ 72.8760937, 21.085361 ], [ 72.8758992, 21.0854448 ], [ 72.8757906, 21.0854686 ], [ 72.8756659, 21.0854699 ], [ 72.8754862, 21.0854361 ], [ 72.8744321, 21.0850807 ], [ 72.8743114, 21.0850269 ], [ 72.8738688, 21.0847704 ] ] } },
{ "type": "Feature", "properties": { "element": "way", "id": 915527007, "waterway": "river" }, "geometry": { "type": "LineString", "coordinates": [ [ 72.8789087, 21.0865084 ], [ 72.8788255, 21.0864296 ], [ 72.8787209, 21.0862945 ], [ 72.8786619, 21.0861981 ], [ 72.8785935, 21.0860855 ], [ 72.8785318, 21.0859666 ], [ 72.8784648, 21.0858603 ] ] } },
{ "type": "Feature", "properties": { "element": "way", "id": 915527008, "waterway": "river" }, "geometry": { "type": "LineString", "coordinates": [ [ 72.8795296, 21.0879812 ], [ 72.8794008, 21.0879512 ], [ 72.8793566, 21.0879324 ], [ 72.8793325, 21.0879086 ], [ 72.8793231, 21.0878799 ], [ 72.8793338, 21.0876809 ], [ 72.8793418, 21.0876221 ], [ 72.8793673, 21.087577 ], [ 72.8794666, 21.0874319 ], [ 72.8794974, 21.0873431 ], [ 72.8795189, 21.087243 ], [ 72.8795122, 21.0871854 ], [ 72.8794853, 21.0871153 ], [ 72.8794263, 21.087034 ], [ 72.8789087, 21.0865084 ] ] } },
{ "type": "Feature", "properties": { "element": "way", "id": 915527035, "waterway": "river" }, "geometry": { "type": "LineString", "coordinates": [ [ 72.8738688, 21.0847704 ], [ 72.8738111, 21.0847303 ], [ 72.8737669, 21.084679 ], [ 72.873732, 21.0846115 ], [ 72.8737092, 21.0845164 ], [ 72.8736958, 21.084375 ], [ 72.8736877, 21.0842461 ], [ 72.8737025, 21.0841622 ], [ 72.8738192, 21.0838356 ], [ 72.873897, 21.0836079 ], [ 72.8739184, 21.0835216 ], [ 72.8739117, 21.083449 ], [ 72.8738728, 21.0833952 ], [ 72.8738312, 21.0833626 ], [ 72.8738037, 21.0832907 ], [ 72.8737722, 21.0832112 ], [ 72.8737112, 21.0831311 ], [ 72.8736482, 21.0830848 ], [ 72.8736163, 21.083062 ], [ 72.8735992, 21.083032 ], [ 72.873609, 21.0829932 ], [ 72.8737628, 21.0825405 ], [ 72.8739835, 21.0815426 ], [ 72.8740358, 21.0814825 ], [ 72.8740954, 21.0814118 ], [ 72.8742295, 21.0812904 ], [ 72.8742872, 21.0812316 ], [ 72.8742899, 21.0811728 ], [ 72.874243, 21.0810677 ], [ 72.8740579, 21.0808049 ], [ 72.8739694, 21.080701 ], [ 72.8736985, 21.0806059 ], [ 72.8735912, 21.0805484 ], [ 72.8734785, 21.0804758 ], [ 72.8734383, 21.0804007 ], [ 72.8734329, 21.0803056 ], [ 72.8734061, 21.0802305 ], [ 72.8733444, 21.0801504 ], [ 72.8732264, 21.0801204 ], [ 72.8730091, 21.0801179 ], [ 72.8728858, 21.0801054 ], [ 72.8727812, 21.0800353 ], [ 72.87269, 21.0798977 ], [ 72.8726578, 21.0798051 ], [ 72.8726833, 21.0793245 ], [ 72.8726846, 21.0792394 ], [ 72.8726752, 21.0791731 ], [ 72.8726457, 21.0791043 ], [ 72.8725733, 21.0790455 ], [ 72.8724714, 21.0790442 ], [ 72.8723788, 21.0790593 ], [ 72.8723051, 21.0790855 ], [ 72.8722152, 21.0790905 ], [ 72.8720824, 21.079068 ], [ 72.8719886, 21.0790292 ], [ 72.8718665, 21.0789566 ], [ 72.8717445, 21.0788665 ], [ 72.8716452, 21.0787201 ], [ 72.8715943, 21.0785912 ], [ 72.871538, 21.0784649 ], [ 72.8715232, 21.0783297 ], [ 72.8715943, 21.0780794 ], [ 72.8716345, 21.0779956 ], [ 72.8716721, 21.077893 ], [ 72.8716882, 21.0778066 ], [ 72.8716962, 21.0776615 ], [ 72.8716747, 21.0771759 ], [ 72.8716801, 21.0769632 ], [ 72.8716815, 21.076818 ], [ 72.8716613, 21.0767492 ], [ 72.8716211, 21.0766829 ], [ 72.8715648, 21.0766491 ], [ 72.8715071, 21.0766441 ], [ 72.8714025, 21.0766666 ], [ 72.8713167, 21.0767317 ], [ 72.871204, 21.0768143 ], [ 72.871094, 21.0769144 ], [ 72.8709948, 21.076987 ], [ 72.8708902, 21.0770571 ], [ 72.8708097, 21.0770821 ], [ 72.8707427, 21.0770821 ], [ 72.8706837, 21.0770571 ], [ 72.8706408, 21.0770045 ], [ 72.8706327, 21.0769419 ], [ 72.8706434, 21.0768593 ], [ 72.8707051, 21.0767067 ], [ 72.870748, 21.0766141 ], [ 72.8708312, 21.0765465 ], [ 72.8710297, 21.0764639 ], [ 72.8712121, 21.0763788 ], [ 72.8714776, 21.0763012 ], [ 72.8716037, 21.0762737 ], [ 72.8717136, 21.0762662 ], [ 72.8718263, 21.0762687 ], [ 72.8719282, 21.0762987 ], [ 72.8720194, 21.0763062 ], [ 72.872116, 21.0762937 ], [ 72.8722581, 21.0762437 ], [ 72.8723466, 21.0762061 ], [ 72.8723949, 21.0761586 ], [ 72.8724191, 21.0760685 ], [ 72.8724325, 21.0759734 ], [ 72.8723869, 21.0757181 ], [ 72.87236, 21.0755929 ], [ 72.8722903, 21.0754628 ], [ 72.8722447, 21.0753752 ], [ 72.8721803, 21.07521 ], [ 72.8721562, 21.0751074 ], [ 72.8721508, 21.0749823 ], [ 72.8722125, 21.0748396 ], [ 72.8722876, 21.074717 ], [ 72.8723654, 21.0746043 ], [ 72.8724083, 21.0744842 ], [ 72.8724325, 21.0743866 ], [ 72.8724351, 21.0742564 ], [ 72.8724137, 21.0741388 ], [ 72.8723627, 21.0740587 ], [ 72.8723252, 21.0738935 ], [ 72.8722742, 21.0737359 ], [ 72.8722528, 21.0734655 ], [ 72.8722313, 21.0733304 ], [ 72.872175, 21.0732203 ], [ 72.8721401, 21.0730926 ], [ 72.872124, 21.0729925 ], [ 72.872124, 21.0728473 ], [ 72.8721428, 21.0727072 ], [ 72.872234, 21.0725996 ], [ 72.8723547, 21.0725295 ], [ 72.8724942, 21.0724494 ], [ 72.8729072, 21.0722692 ], [ 72.8732935, 21.0720615 ], [ 72.8734812, 21.0719363 ], [ 72.8735885, 21.0717811 ], [ 72.8736529, 21.071656 ], [ 72.873728, 21.0715158 ], [ 72.8737628, 21.0713932 ], [ 72.8737923, 21.0711004 ], [ 72.8738594, 21.070775 ], [ 72.8738943, 21.0706173 ], [ 72.8739479, 21.0705022 ], [ 72.873956, 21.070372 ], [ 72.8739667, 21.0702419 ], [ 72.8739613, 21.0701092 ], [ 72.8739345, 21.0699916 ], [ 72.8739291, 21.0698114 ], [ 72.8738165, 21.0697063 ] ] } },
{ "type": "Feature", "properties": { "element": "way", "id": 915527036, "waterway": "river" }, "geometry": { "type": "LineString", "coordinates": [ [ 72.8738165, 21.0697063 ], [ 72.8736985, 21.0696262 ], [ 72.8735322, 21.0695886 ], [ 72.8732988, 21.0695085 ], [ 72.8729984, 21.0694309 ], [ 72.8727731, 21.0693634 ], [ 72.8726605, 21.0692532 ], [ 72.8725237, 21.0691131 ], [ 72.8723842, 21.0689904 ], [ 72.8721669, 21.0688102 ], [ 72.872014, 21.0687076 ], [ 72.8718317, 21.0686425 ], [ 72.8716868, 21.0685925 ], [ 72.8715795, 21.06859 ], [ 72.8714052, 21.0685925 ], [ 72.8712308, 21.0685499 ], [ 72.8710484, 21.0684748 ], [ 72.87085, 21.0683797 ], [ 72.8707051, 21.0682996 ], [ 72.8705308, 21.0682245 ], [ 72.8703672, 21.0681369 ], [ 72.8702411, 21.0680594 ], [ 72.8700855, 21.0679442 ], [ 72.8699353, 21.067799 ], [ 72.8697315, 21.067719 ], [ 72.8694499, 21.0676939 ], [ 72.8692433, 21.0676464 ], [ 72.8691119, 21.0676013 ], [ 72.8690153, 21.0675212 ], [ 72.8689483, 21.0674637 ], [ 72.8688705, 21.0673886 ], [ 72.8687847, 21.067351 ], [ 72.8686881, 21.067301 ], [ 72.8685701, 21.0672459 ], [ 72.8684923, 21.0671933 ], [ 72.8684467, 21.0671007 ], [ 72.8684333, 21.0670306 ], [ 72.8684521, 21.0669581 ], [ 72.8684708, 21.0668404 ], [ 72.8684628, 21.0667303 ], [ 72.8684145, 21.0666752 ], [ 72.8683206, 21.0666377 ], [ 72.8681999, 21.0666077 ], [ 72.8679827, 21.0665451 ], [ 72.8677949, 21.0665251 ], [ 72.8676179, 21.066495 ], [ 72.8674597, 21.0664875 ], [ 72.8672263, 21.0664875 ], [ 72.8669608, 21.0664875 ], [ 72.8668467, 21.0665227 ] ] } },
{ "type": "Feature", "properties": { "element": "way", "id": 928660045, "waterway": "river" }, "geometry": { "type": "LineString", "coordinates": [ [ 72.7162424, 21.1425305 ], [ 72.7106094, 21.1372664 ], [ 72.7052878, 21.1301413 ], [ 72.7034854, 21.118372 ], [ 72.7008247, 21.1060413 ], [ 72.6912974, 21.0954713 ], [ 72.6833152, 21.0794548 ], [ 72.6791793, 21.0755127 ] ] } },
{ "type": "Feature", "properties": { "element": "way", "id": 937047475, "waterway": "drain" }, "geometry": { "type": "LineString", "coordinates": [ [ 72.7736086, 21.2420196 ], [ 72.7736976, 21.2419744 ], [ 72.7739325, 21.2418665 ], [ 72.7740695, 21.2418285 ], [ 72.7742091, 21.2417951 ], [ 72.7743091, 21.2417896 ], [ 72.7743899, 21.2418079 ], [ 72.7755868, 21.2422426 ], [ 72.7776095, 21.2430205 ], [ 72.7776981, 21.2430478 ], [ 72.7777922, 21.2430627 ], [ 72.7806368, 21.2434378 ] ] } },
{ "type": "Feature", "properties": { "element": "way", "id": 938252707, "waterway": "canal" }, "geometry": { "type": "LineString", "coordinates": [ [ 72.7844748, 21.1429105 ], [ 72.7838653, 21.1420063 ] ] } },
{ "type": "Feature", "properties": { "element": "way", "id": 938252708, "waterway": "canal" }, "geometry": { "type": "LineString", "coordinates": [ [ 72.7846237, 21.1431314 ], [ 72.7844748, 21.1429105 ] ] } },
{ "type": "Feature", "properties": { "element": "way", "id": 939717067, "waterway": "canal" }, "geometry": { "type": "LineString", "coordinates": [ [ 72.7373703, 21.1905044 ], [ 72.734228, 21.1903042 ], [ 72.731789, 21.1901995 ], [ 72.7305483, 21.1901655 ], [ 72.7286264, 21.189916 ], [ 72.723992, 21.1892696 ], [ 72.7211214, 21.1888613 ], [ 72.7166451, 21.1882488 ], [ 72.7135256, 21.187785 ], [ 72.7103061, 21.1865131 ], [ 72.7088768, 21.1859607 ], [ 72.7084304, 21.18533 ], [ 72.7075654, 21.184982 ], [ 72.7065036, 21.1847867 ], [ 72.7063046, 21.1845698 ], [ 72.7010866, 21.1825354 ], [ 72.6978076, 21.1812533 ] ] } },
{ "type": "Feature", "properties": { "element": "way", "id": 939717068, "waterway": "canal" }, "geometry": { "type": "LineString", "coordinates": [ [ 72.7376782, 21.190524 ], [ 72.7373703, 21.1905044 ] ] } },
{ "type": "Feature", "properties": { "element": "way", "id": 940346667, "waterway": "canal" }, "geometry": { "type": "LineString", "coordinates": [ [ 72.7773476, 21.2138207 ], [ 72.7773854, 21.214229 ] ] } },
{ "type": "Feature", "properties": { "element": "way", "id": 940346668, "waterway": "canal" }, "geometry": { "type": "LineString", "coordinates": [ [ 72.7773854, 21.214229 ], [ 72.7775992, 21.2166146 ], [ 72.7777979, 21.2184934 ], [ 72.7778996, 21.219455 ], [ 72.7781169, 21.2213453 ] ] } },
{ "type": "Feature", "properties": { "element": "way", "id": 941250407, "waterway": "river" }, "geometry": { "type": "LineString", "coordinates": [ [ 72.8664454, 21.2067472 ], [ 72.8659821, 21.206407 ] ] } },
{ "type": "Feature", "properties": { "element": "way", "id": 941250408, "waterway": "river" }, "geometry": { "type": "LineString", "coordinates": [ [ 72.8799266, 21.2161804 ], [ 72.8797282, 21.2161995 ], [ 72.879189, 21.2160868 ], [ 72.8789788, 21.2160938 ], [ 72.8783678, 21.2164149 ], [ 72.8781576, 21.2164222 ], [ 72.8779007, 21.2160013 ], [ 72.8774647, 21.2153989 ], [ 72.87713, 21.2152683 ], [ 72.8766551, 21.2152973 ], [ 72.8764838, 21.2151885 ], [ 72.876009, 21.2149853 ], [ 72.8754952, 21.2149853 ], [ 72.8753239, 21.2146224 ], [ 72.8752472, 21.2142462 ], [ 72.8750359, 21.2141797 ], [ 72.8744831, 21.2143902 ], [ 72.8735957, 21.2143321 ], [ 72.8729766, 21.2138132 ], [ 72.8724234, 21.2132801 ], [ 72.8722811, 21.2130037 ], [ 72.8722748, 21.2127333 ], [ 72.8723765, 21.2119074 ], [ 72.8720221, 21.2112467 ], [ 72.8717044, 21.2111285 ], [ 72.8714102, 21.2110335 ], [ 72.8705955, 21.2103574 ], [ 72.8702015, 21.2096657 ], [ 72.8699189, 21.2093767 ], [ 72.8697099, 21.2093086 ], [ 72.8695009, 21.2093275 ], [ 72.8689612, 21.2095373 ], [ 72.8682144, 21.2094469 ], [ 72.8675469, 21.2091431 ], [ 72.8673834, 21.2089689 ], [ 72.867508, 21.2082431 ], [ 72.8672822, 21.2077714 ], [ 72.8667762, 21.2071545 ], [ 72.8664454, 21.2067472 ] ] } },
{ "type": "Feature", "properties": { "element": "way", "id": 941278094, "waterway": "canal" }, "geometry": { "type": "LineString", "coordinates": [ [ 72.8024535, 21.1661255 ], [ 72.8009354, 21.165442 ] ] } },
{ "type": "Feature", "properties": { "element": "way", "id": 941278095, "waterway": "canal" }, "geometry": { "type": "LineString", "coordinates": [ [ 72.8028959, 21.1663385 ], [ 72.8024535, 21.1661255 ] ] } },
{ "type": "Feature", "properties": { "element": "way", "id": 941278096, "waterway": "canal" }, "geometry": { "type": "LineString", "coordinates": [ [ 72.8009354, 21.165442 ], [ 72.8007067, 21.165339 ] ] } },
{ "type": "Feature", "properties": { "element": "way", "id": 941278097, "waterway": "canal" }, "geometry": { "type": "LineString", "coordinates": [ [ 72.8007067, 21.165339 ], [ 72.800258, 21.165137 ], [ 72.7994698, 21.1646924 ], [ 72.7991853, 21.1644813 ], [ 72.7988081, 21.1641298 ], [ 72.798519, 21.1637736 ] ] } },
{ "type": "Feature", "properties": { "element": "way", "id": 941421047, "waterway": "canal" }, "geometry": { "type": "LineString", "coordinates": [ [ 72.7879463, 21.1480183 ], [ 72.7851555, 21.1438284 ], [ 72.7846237, 21.1431314 ] ] } },
{ "type": "Feature", "properties": { "element": "way", "id": 941421048, "waterway": "canal" }, "geometry": { "type": "LineString", "coordinates": [ [ 72.7882663, 21.1484987 ], [ 72.7879463, 21.1480183 ] ] } },
{ "type": "Feature", "properties": { "element": "way", "id": 941691549, "waterway": "canal" }, "geometry": { "type": "LineString", "coordinates": [ [ 72.766564, 21.1335586 ], [ 72.7663006, 21.1334845 ] ] } },
{ "type": "Feature", "properties": { "element": "way", "id": 941691550, "waterway": "canal" }, "geometry": { "type": "LineString", "coordinates": [ [ 72.7663006, 21.1334845 ], [ 72.7649345, 21.1331003 ], [ 72.7644771, 21.1330367 ], [ 72.7639419, 21.1331638 ], [ 72.7631926, 21.1335632 ], [ 72.7614367, 21.1344558 ] ] } },
{ "type": "Feature", "properties": { "element": "way", "id": 941697392, "waterway": "canal" }, "geometry": { "type": "LineString", "coordinates": [ [ 72.7737625, 21.135669 ], [ 72.773501, 21.1355906 ] ] } },
{ "type": "Feature", "properties": { "element": "way", "id": 941697393, "waterway": "canal" }, "geometry": { "type": "LineString", "coordinates": [ [ 72.773501, 21.1355906 ], [ 72.768097, 21.1339898 ], [ 72.766564, 21.1335586 ] ] } },
{ "type": "Feature", "properties": { "element": "way", "id": 941697394, "waterway": "canal" }, "geometry": { "type": "LineString", "coordinates": [ [ 72.755742, 21.1373815 ], [ 72.7525359, 21.1390195 ] ] } },
{ "type": "Feature", "properties": { "element": "way", "id": 941697395, "waterway": "canal" }, "geometry": { "type": "LineString", "coordinates": [ [ 72.757847, 21.1363135 ], [ 72.7571219, 21.1366778 ] ] } },
{ "type": "Feature", "properties": { "element": "way", "id": 942436136, "waterway": "drain" }, "geometry": { "type": "LineString", "coordinates": [ [ 72.8814867, 21.1412509 ], [ 72.881427, 21.1414717 ], [ 72.881052, 21.1423226 ], [ 72.8802366, 21.1437563 ] ] } },
{ "type": "Feature", "properties": { "element": "way", "id": 942436137, "waterway": "drain" }, "geometry": { "type": "LineString", "coordinates": [ [ 72.8815357, 21.1410698 ], [ 72.8814867, 21.1412509 ] ] } },
{ "type": "Feature", "properties": { "element": "way", "id": 942436138, "waterway": "drain" }, "geometry": { "type": "LineString", "coordinates": [ [ 72.880106, 21.1438304 ], [ 72.8792113, 21.1437535 ], [ 72.8781218, 21.1437801 ], [ 72.8775858, 21.1437539 ] ] } },
{ "type": "Feature", "properties": { "element": "way", "id": 942436139, "waterway": "drain" }, "geometry": { "type": "LineString", "coordinates": [ [ 72.8802366, 21.1437563 ], [ 72.880106, 21.1438304 ] ] } },
{ "type": "Feature", "properties": { "element": "way", "id": 942450304, "waterway": "drain" }, "geometry": { "type": "LineString", "coordinates": [ [ 72.8981708, 21.1395684 ], [ 72.8980253, 21.1395628 ] ] } },
{ "type": "Feature", "properties": { "element": "way", "id": 942450305, "waterway": "drain" }, "geometry": { "type": "LineString", "coordinates": [ [ 72.8980253, 21.1395628 ], [ 72.8949071, 21.1394431 ], [ 72.8905195, 21.1392494 ], [ 72.8901429, 21.1392325 ] ] } },
{ "type": "Feature", "properties": { "element": "way", "id": 942450312, "waterway": "drain" }, "geometry": { "type": "LineString", "coordinates": [ [ 72.8900001, 21.139226 ], [ 72.8854779, 21.1390226 ] ] } },
{ "type": "Feature", "properties": { "element": "way", "id": 942450313, "waterway": "drain" }, "geometry": { "type": "LineString", "coordinates": [ [ 72.8901429, 21.1392325 ], [ 72.8900001, 21.139226 ] ] } },
{ "type": "Feature", "properties": { "element": "way", "id": 942501607, "waterway": "drain" }, "geometry": { "type": "LineString", "coordinates": [ [ 72.8819815, 21.1390107 ], [ 72.8816863, 21.1405129 ], [ 72.8815357, 21.1410698 ] ] } },
{ "type": "Feature", "properties": { "element": "way", "id": 942501608, "waterway": "drain" }, "geometry": { "type": "LineString", "coordinates": [ [ 72.8821351, 21.1374435 ], [ 72.8821881, 21.137027 ], [ 72.8821793, 21.1363696 ], [ 72.8821881, 21.135669 ], [ 72.882219, 21.1351044 ], [ 72.8823074, 21.1345006 ], [ 72.882314, 21.1339566 ], [ 72.8822721, 21.1326295 ], [ 72.8822102, 21.1321659 ], [ 72.8819202, 21.1307125 ] ] } },
{ "type": "Feature", "properties": { "element": "way", "id": 942501610, "waterway": "drain" }, "geometry": { "type": "LineString", "coordinates": [ [ 72.8800788, 21.138738 ], [ 72.8770474, 21.1385694 ], [ 72.8748888, 21.1384479 ] ] } },
{ "type": "Feature", "properties": { "element": "way", "id": 942501611, "waterway": "drain" }, "geometry": { "type": "LineString", "coordinates": [ [ 72.8801989, 21.1387447 ], [ 72.8800788, 21.138738 ] ] } },
{ "type": "Feature", "properties": { "element": "way", "id": 944961352, "waterway": "drain" }, "geometry": { "type": "LineString", "coordinates": [ [ 72.8847062, 21.1587207 ], [ 72.8824954, 21.1584728 ], [ 72.882457, 21.1584272 ], [ 72.8827069, 21.1577046 ], [ 72.8824601, 21.1576696 ], [ 72.8825538, 21.1570577 ], [ 72.8819741, 21.1569158 ] ] } },
{ "type": "Feature", "properties": { "element": "way", "id": 944961353, "waterway": "drain" }, "geometry": { "type": "LineString", "coordinates": [ [ 72.8849048, 21.158743 ], [ 72.8847062, 21.1587207 ] ] } },
{ "type": "Feature", "properties": { "element": "way", "id": 945072990, "waterway": "drain" }, "geometry": { "type": "LineString", "coordinates": [ [ 72.8775858, 21.1437539 ], [ 72.8775209, 21.1437507 ] ] } },
{ "type": "Feature", "properties": { "element": "way", "id": 945072991, "waterway": "drain" }, "geometry": { "type": "LineString", "coordinates": [ [ 72.8775209, 21.1437507 ], [ 72.8769666, 21.1437236 ], [ 72.876911, 21.1438905 ], [ 72.8754063, 21.1438146 ], [ 72.8750532, 21.1438088 ], [ 72.8733848, 21.1438117 ] ] } },
{ "type": "Feature", "properties": { "element": "way", "id": 945103528, "waterway": "drain" }, "geometry": { "type": "LineString", "coordinates": [ [ 72.9176287, 21.150369 ], [ 72.9174815, 21.1502666 ] ] } },
{ "type": "Feature", "properties": { "element": "way", "id": 945103529, "waterway": "drain" }, "geometry": { "type": "LineString", "coordinates": [ [ 72.9174815, 21.1502666 ], [ 72.9149274, 21.1484228 ], [ 72.913213, 21.1471536 ], [ 72.9109198, 21.1457854 ], [ 72.907818, 21.1439062 ], [ 72.9073893, 21.1436214 ] ] } },
{ "type": "Feature", "properties": { "element": "way", "id": 945103532, "waterway": "drain" }, "geometry": { "type": "LineString", "coordinates": [ [ 72.9159748, 21.1591205 ], [ 72.9129126, 21.1589466 ], [ 72.9114589, 21.1583368 ], [ 72.9113131, 21.1583203 ], [ 72.908631, 21.158481 ], [ 72.9077473, 21.158514 ], [ 72.9055027, 21.1585799 ], [ 72.9025484, 21.1587493 ] ] } },
{ "type": "Feature", "properties": { "element": "way", "id": 945103533, "waterway": "drain" }, "geometry": { "type": "LineString", "coordinates": [ [ 72.9160746, 21.1591256 ], [ 72.9159748, 21.1591205 ] ] } },
{ "type": "Feature", "properties": { "element": "way", "id": 945103534, "waterway": "drain" }, "geometry": { "type": "LineString", "coordinates": [ [ 72.8912075, 21.1567461 ], [ 72.8908774, 21.1566926 ], [ 72.8879921, 21.1563176 ], [ 72.8870509, 21.156227 ], [ 72.8852614, 21.1561652 ], [ 72.8851679, 21.1572121 ] ] } },
{ "type": "Feature", "properties": { "element": "way", "id": 945103535, "waterway": "drain" }, "geometry": { "type": "LineString", "coordinates": [ [ 72.8914139, 21.1567795 ], [ 72.8912075, 21.1567461 ] ] } },
{ "type": "Feature", "properties": { "element": "way", "id": 945125630, "waterway": "drain" }, "geometry": { "type": "LineString", "coordinates": [ [ 72.9073893, 21.1436214 ], [ 72.9072282, 21.1435253 ] ] } },
{ "type": "Feature", "properties": { "element": "way", "id": 945125631, "waterway": "drain" }, "geometry": { "type": "LineString", "coordinates": [ [ 72.9072282, 21.1435253 ], [ 72.9039032, 21.1415407 ], [ 72.9014553, 21.140053 ], [ 72.9010356, 21.1398263 ], [ 72.9005539, 21.1396903 ], [ 72.9000856, 21.1396615 ], [ 72.8981708, 21.1395684 ] ] } },
{ "type": "Feature", "properties": { "element": "way", "id": 945125634, "waterway": "drain" }, "geometry": { "type": "LineString", "coordinates": [ [ 72.9024577, 21.1587445 ], [ 72.9023125, 21.1586747 ], [ 72.9005098, 21.1584068 ], [ 72.8968689, 21.1578052 ], [ 72.895698, 21.1576404 ], [ 72.8936743, 21.157253 ], [ 72.8927243, 21.1570058 ], [ 72.8924548, 21.1569481 ], [ 72.8914139, 21.1567795 ] ] } },
{ "type": "Feature", "properties": { "element": "way", "id": 945125635, "waterway": "drain" }, "geometry": { "type": "LineString", "coordinates": [ [ 72.9025484, 21.1587493 ], [ 72.9024577, 21.1587445 ] ] } },
{ "type": "Feature", "properties": { "element": "way", "id": 945410520, "waterway": "drain" }, "geometry": { "type": "LineString", "coordinates": [ [ 72.8851581, 21.157322 ], [ 72.8851333, 21.1575992 ], [ 72.8849566, 21.1587488 ], [ 72.8849048, 21.158743 ] ] } },
{ "type": "Feature", "properties": { "element": "way", "id": 945410521, "waterway": "drain" }, "geometry": { "type": "LineString", "coordinates": [ [ 72.8851679, 21.1572121 ], [ 72.8851581, 21.157322 ] ] } },
{ "type": "Feature", "properties": { "element": "way", "id": 946371279, "waterway": "drain" }, "geometry": { "type": "LineString", "coordinates": [ [ 72.9195713, 21.1752898 ], [ 72.9193448, 21.1753226 ] ] } },
{ "type": "Feature", "properties": { "element": "way", "id": 946371280, "waterway": "drain" }, "geometry": { "type": "LineString", "coordinates": [ [ 72.9193448, 21.1753226 ], [ 72.9165769, 21.1757232 ], [ 72.9126178, 21.1762531 ] ] } },
{ "type": "Feature", "properties": { "element": "way", "id": 946371281, "waterway": "drain" }, "geometry": { "type": "LineString", "coordinates": [ [ 72.8920721, 21.1781214 ], [ 72.8918828, 21.1781231 ] ] } },
{ "type": "Feature", "properties": { "element": "way", "id": 946371282, "waterway": "drain" }, "geometry": { "type": "LineString", "coordinates": [ [ 72.8918828, 21.1781231 ], [ 72.8889081, 21.1781499 ], [ 72.8884751, 21.1781417 ], [ 72.8879228, 21.1780552 ], [ 72.887609, 21.1779686 ], [ 72.8871539, 21.1777915 ], [ 72.8834379, 21.1761393 ] ] } },
{ "type": "Feature", "properties": { "element": "way", "id": 946418563, "waterway": "drain" }, "geometry": { "type": "LineString", "coordinates": [ [ 72.8994504, 21.1780898 ], [ 72.8950984, 21.1781376 ], [ 72.8920721, 21.1781214 ] ] } },
{ "type": "Feature", "properties": { "element": "way", "id": 946418564, "waterway": "drain" }, "geometry": { "type": "LineString", "coordinates": [ [ 72.8995432, 21.1780868 ], [ 72.8994504, 21.1780898 ] ] } },
{ "type": "Feature", "properties": { "element": "way", "id": 946418568, "waterway": "drain" }, "geometry": { "type": "LineString", "coordinates": [ [ 72.9032539, 21.1775986 ], [ 72.9031378, 21.1776119 ] ] } },
{ "type": "Feature", "properties": { "element": "way", "id": 946418569, "waterway": "drain" }, "geometry": { "type": "LineString", "coordinates": [ [ 72.9031378, 21.1776119 ], [ 72.9007055, 21.1779934 ], [ 72.9000298, 21.178067 ], [ 72.8995432, 21.1780868 ] ] } },
{ "type": "Feature", "properties": { "element": "way", "id": 946418572, "waterway": "drain" }, "geometry": { "type": "LineString", "coordinates": [ [ 72.9125703, 21.1762615 ], [ 72.9107356, 21.1765472 ], [ 72.9101439, 21.1766179 ] ] } },
{ "type": "Feature", "properties": { "element": "way", "id": 946418573, "waterway": "drain" }, "geometry": { "type": "LineString", "coordinates": [ [ 72.9126178, 21.1762531 ], [ 72.9125703, 21.1762615 ] ] } },
{ "type": "Feature", "properties": { "element": "way", "id": 946418578, "waterway": "drain" }, "geometry": { "type": "LineString", "coordinates": [ [ 72.9101439, 21.1766179 ], [ 72.9100797, 21.1766272 ] ] } },
{ "type": "Feature", "properties": { "element": "way", "id": 946418579, "waterway": "drain" }, "geometry": { "type": "LineString", "coordinates": [ [ 72.9080463, 21.1769193 ], [ 72.9059327, 21.1772517 ], [ 72.9032539, 21.1775986 ] ] } },
{ "type": "Feature", "properties": { "element": "way", "id": 946667904, "waterway": "drain" }, "geometry": { "type": "LineString", "coordinates": [ [ 72.950012, 21.109541 ], [ 72.9481195, 21.1075241 ], [ 72.9444123, 21.1036039 ], [ 72.9418451, 21.1009039 ], [ 72.941421, 21.1005288 ], [ 72.9409305, 21.1001866 ], [ 72.9402501, 21.0998568 ], [ 72.9351467, 21.0978493 ], [ 72.9309974, 21.096175 ] ] } },
{ "type": "Feature", "properties": { "element": "way", "id": 946667905, "waterway": "drain" }, "geometry": { "type": "LineString", "coordinates": [ [ 72.9500958, 21.1096303 ], [ 72.950012, 21.109541 ] ] } },
{ "type": "Feature", "properties": { "element": "way", "id": 946726264, "waterway": "drain" }, "geometry": { "type": "LineString", "coordinates": [ [ 72.9550774, 21.1148805 ], [ 72.9540941, 21.1138205 ], [ 72.9519518, 21.1115313 ], [ 72.9500958, 21.1096303 ] ] } },
{ "type": "Feature", "properties": { "element": "way", "id": 946726265, "waterway": "drain" }, "geometry": { "type": "LineString", "coordinates": [ [ 72.9551785, 21.1149895 ], [ 72.9550774, 21.1148805 ] ] } },
{ "type": "Feature", "properties": { "element": "way", "id": 946726268, "waterway": "drain" }, "geometry": { "type": "LineString", "coordinates": [ [ 72.9446279, 21.121433 ], [ 72.9432879, 21.1199788 ], [ 72.9414712, 21.118072 ], [ 72.9390117, 21.1154797 ], [ 72.9366743, 21.1129901 ], [ 72.934518, 21.1107354 ], [ 72.9336785, 21.109845 ], [ 72.9332985, 21.1095277 ], [ 72.932839, 21.1092309 ], [ 72.9325253, 21.1090619 ], [ 72.9302453, 21.1082375 ], [ 72.9249873, 21.1063578 ], [ 72.9222177, 21.1054104 ] ] } },
{ "type": "Feature", "properties": { "element": "way", "id": 946726269, "waterway": "drain" }, "geometry": { "type": "LineString", "coordinates": [ [ 72.9447178, 21.1215306 ], [ 72.9446279, 21.121433 ] ] } },
{ "type": "Feature", "properties": { "element": "way", "id": 946726270, "waterway": "drain" }, "geometry": { "type": "LineString", "coordinates": [ [ 72.9427836, 21.1221753 ], [ 72.9412883, 21.1217799 ], [ 72.9368744, 21.1205251 ], [ 72.9350208, 21.1200546 ], [ 72.9287033, 21.1183059 ], [ 72.9221671, 21.1165163 ], [ 72.9190814, 21.1156722 ], [ 72.9159871, 21.1148725 ], [ 72.9109257, 21.1137358 ], [ 72.9098774, 21.1134961 ] ] } },
{ "type": "Feature", "properties": { "element": "way", "id": 946726271, "waterway": "drain" }, "geometry": { "type": "LineString", "coordinates": [ [ 72.942926, 21.122213 ], [ 72.9427836, 21.1221753 ] ] } },
{ "type": "Feature", "properties": { "element": "way", "id": 946741838, "waterway": "drain" }, "geometry": { "type": "LineString", "coordinates": [ [ 72.9513427, 21.1265234 ], [ 72.9512051, 21.1264349 ] ] } },
{ "type": "Feature", "properties": { "element": "way", "id": 946741839, "waterway": "drain" }, "geometry": { "type": "LineString", "coordinates": [ [ 72.9512051, 21.1264349 ], [ 72.9501927, 21.1257844 ], [ 72.9464185, 21.123278 ], [ 72.9462003, 21.1230789 ], [ 72.9458499, 21.1227592 ], [ 72.9447178, 21.1215306 ] ] } },
{ "type": "Feature", "properties": { "element": "way", "id": 947560523, "waterway": "drain" }, "geometry": { "type": "LineString", "coordinates": [ [ 72.9231745, 21.0906279 ], [ 72.9228416, 21.0898963 ] ] } },
{ "type": "Feature", "properties": { "element": "way", "id": 947594671, "waterway": "drain" }, "geometry": { "type": "LineString", "coordinates": [ [ 72.9459339, 21.1350653 ], [ 72.9449305, 21.1352355 ], [ 72.9448837, 21.1354191 ], [ 72.9441276, 21.1355793 ], [ 72.9426372, 21.1361476 ], [ 72.941275, 21.1363079 ] ] } },
{ "type": "Feature", "properties": { "element": "way", "id": 947594672, "waterway": "drain" }, "geometry": { "type": "LineString", "coordinates": [ [ 72.9460317, 21.1350457 ], [ 72.9459339, 21.1350653 ] ] } },
{ "type": "Feature", "properties": { "element": "way", "id": 947594689, "waterway": "drain" }, "geometry": { "type": "LineString", "coordinates": [ [ 72.9528052, 21.1364443 ], [ 72.9524446, 21.136203 ], [ 72.9509918, 21.1361826 ], [ 72.949639, 21.1362554 ], [ 72.9495109, 21.1361767 ], [ 72.9494859, 21.1360835 ], [ 72.9481674, 21.136031 ], [ 72.948233, 21.1350227 ], [ 72.947755, 21.1349091 ], [ 72.9469114, 21.1347779 ], [ 72.9460317, 21.1350457 ] ] } },
{ "type": "Feature", "properties": { "element": "way", "id": 947594690, "waterway": "drain" }, "geometry": { "type": "LineString", "coordinates": [ [ 72.9529758, 21.1365585 ], [ 72.9528052, 21.1364443 ] ] } },
{ "type": "Feature", "properties": { "element": "way", "id": 947594701, "waterway": "drain" }, "geometry": { "type": "LineString", "coordinates": [ [ 72.9628891, 21.1415263 ], [ 72.9627538, 21.1402058 ], [ 72.9623566, 21.1373266 ], [ 72.9623092, 21.136983 ], [ 72.9621529, 21.1358497 ], [ 72.9617543, 21.1331524 ], [ 72.9613967, 21.1307329 ], [ 72.9606399, 21.1259263 ], [ 72.9598888, 21.1213142 ], [ 72.9597076, 21.1204115 ], [ 72.9595088, 21.1199128 ], [ 72.9592658, 21.1194718 ], [ 72.9588283, 21.1189112 ], [ 72.9568665, 21.1168091 ], [ 72.9551785, 21.1149895 ] ] } },
{ "type": "Feature", "properties": { "element": "way", "id": 947594702, "waterway": "drain" }, "geometry": { "type": "LineString", "coordinates": [ [ 72.9629043, 21.1416751 ], [ 72.9628891, 21.1415263 ] ] } },
{ "type": "Feature", "properties": { "element": "way", "id": 947594705, "waterway": "drain" }, "geometry": { "type": "LineString", "coordinates": [ [ 72.9616051, 21.1330597 ], [ 72.9582536, 21.1309777 ], [ 72.9541294, 21.128314 ], [ 72.9513427, 21.1265234 ] ] } },
{ "type": "Feature", "properties": { "element": "way", "id": 947594706, "waterway": "drain" }, "geometry": { "type": "LineString", "coordinates": [ [ 72.9617032, 21.1331207 ], [ 72.9616051, 21.1330597 ] ] } },
{ "type": "Feature", "properties": { "element": "way", "id": 947594727, "waterway": "drain" }, "geometry": { "type": "LineString", "coordinates": [ [ 72.9622672, 21.1372998 ], [ 72.9608836, 21.1368849 ], [ 72.9601431, 21.1367275 ], [ 72.9601181, 21.1370015 ], [ 72.9597307, 21.1369432 ], [ 72.9582716, 21.1367916 ], [ 72.9577186, 21.1369403 ], [ 72.9574874, 21.1369985 ], [ 72.9571781, 21.137255 ], [ 72.9570125, 21.1372579 ], [ 72.9567469, 21.1372492 ], [ 72.9567219, 21.1372142 ], [ 72.9567406, 21.1367246 ], [ 72.9566813, 21.1366926 ], [ 72.9550816, 21.1365731 ], [ 72.9529758, 21.1365585 ] ] } },
{ "type": "Feature", "properties": { "element": "way", "id": 947594728, "waterway": "drain" }, "geometry": { "type": "LineString", "coordinates": [ [ 72.9623374, 21.1373208 ], [ 72.9622672, 21.1372998 ] ] } },
{ "type": "Feature", "properties": { "element": "way", "id": 947601476, "waterway": "canal" }, "geometry": { "type": "LineString", "coordinates": [ [ 72.8573781, 21.1868063 ], [ 72.8571489, 21.1867312 ] ] } },
{ "type": "Feature", "properties": { "element": "way", "id": 947601477, "waterway": "canal" }, "geometry": { "type": "LineString", "coordinates": [ [ 72.8571489, 21.1867312 ], [ 72.8527146, 21.1852451 ], [ 72.8512691, 21.1847295 ] ] } },
{ "type": "Feature", "properties": { "element": "way", "id": 947743319, "waterway": "drain" }, "geometry": { "type": "LineString", "coordinates": [ [ 72.8571736, 21.0715251 ], [ 72.8569178, 21.0712145 ] ] } },
{ "type": "Feature", "properties": { "element": "way", "id": 947743320, "waterway": "drain" }, "geometry": { "type": "LineString", "coordinates": [ [ 72.857213, 21.071573 ], [ 72.8571736, 21.0715251 ] ] } },
{ "type": "Feature", "properties": { "element": "way", "id": 948171404, "waterway": "drain" }, "geometry": { "type": "LineString", "coordinates": [ [ 72.8978809, 21.2000072 ], [ 72.8966188, 21.2004302 ], [ 72.8965645, 21.200439 ], [ 72.8964948, 21.2004308 ], [ 72.8933776, 21.1996809 ], [ 72.8926011, 21.1995184 ] ] } },
{ "type": "Feature", "properties": { "element": "way", "id": 948171405, "waterway": "drain" }, "geometry": { "type": "LineString", "coordinates": [ [ 72.9056944, 21.2027934 ], [ 72.9055574, 21.2027404 ] ] } },
{ "type": "Feature", "properties": { "element": "way", "id": 948661110, "waterway": "drain" }, "geometry": { "type": "LineString", "coordinates": [ [ 72.9027505, 21.2005062 ], [ 72.9026244, 21.2004619 ] ] } },
{ "type": "Feature", "properties": { "element": "way", "id": 948661111, "waterway": "drain" }, "geometry": { "type": "LineString", "coordinates": [ [ 72.9055574, 21.2027404 ], [ 72.9046332, 21.2018224 ], [ 72.9039009, 21.2011059 ], [ 72.9033323, 21.2005579 ], [ 72.9027505, 21.2005062 ] ] } },
{ "type": "Feature", "properties": { "element": "way", "id": 948670493, "waterway": "drain" }, "geometry": { "type": "LineString", "coordinates": [ [ 72.9098188, 21.2038558 ], [ 72.9097197, 21.2038325 ] ] } },
{ "type": "Feature", "properties": { "element": "way", "id": 948670494, "waterway": "drain" }, "geometry": { "type": "LineString", "coordinates": [ [ 72.9097197, 21.2038325 ], [ 72.9082925, 21.2034972 ], [ 72.9056944, 21.2027934 ] ] } },
{ "type": "Feature", "properties": { "element": "way", "id": 948723840, "waterway": "canal" }, "geometry": { "type": "LineString", "coordinates": [ [ 72.8822165, 21.1050273 ], [ 72.8821328, 21.1049526 ] ] } },
{ "type": "Feature", "properties": { "element": "way", "id": 948723841, "waterway": "canal" }, "geometry": { "type": "LineString", "coordinates": [ [ 72.8849225, 21.1074058 ], [ 72.8835275, 21.1061974 ], [ 72.8822165, 21.1050273 ] ] } },
{ "type": "Feature", "properties": { "element": "way", "id": 948911026, "waterway": "drain" }, "geometry": { "type": "LineString", "coordinates": [ [ 72.9221672, 21.0873056 ], [ 72.9221043, 21.087104 ] ] } },
{ "type": "Feature", "properties": { "element": "way", "id": 948911027, "waterway": "drain" }, "geometry": { "type": "LineString", "coordinates": [ [ 72.9228416, 21.0898963 ], [ 72.9222771, 21.087645 ], [ 72.9221672, 21.0873056 ] ] } },
{ "type": "Feature", "properties": { "element": "way", "id": 948993500, "waterway": "canal" }, "geometry": { "type": "LineString", "coordinates": [ [ 72.7519157, 21.2476456 ], [ 72.7424677, 21.2467308 ], [ 72.7405248, 21.2465326 ] ] } },
{ "type": "Feature", "properties": { "element": "way", "id": 948993501, "waterway": "canal" }, "geometry": { "type": "LineString", "coordinates": [ [ 72.7522335, 21.2476764 ], [ 72.7519157, 21.2476456 ] ] } },
{ "type": "Feature", "properties": { "element": "way", "id": 948993508, "waterway": "canal" }, "geometry": { "type": "LineString", "coordinates": [ [ 72.7404118, 21.2465211 ], [ 72.7400228, 21.2464814 ], [ 72.7343301, 21.2459032 ], [ 72.7297079, 21.2454157 ], [ 72.7264723, 21.245121 ], [ 72.725998, 21.2451323 ], [ 72.7255114, 21.2453477 ], [ 72.7216068, 21.247479 ], [ 72.7155979, 21.2507781 ], [ 72.7101607, 21.2537256 ], [ 72.7060251, 21.2559702 ], [ 72.7007095, 21.2588495 ], [ 72.6952641, 21.2618755 ], [ 72.6935692, 21.2627831 ], [ 72.688306, 21.2656728 ], [ 72.6855866, 21.2671462 ] ] } },
{ "type": "Feature", "properties": { "element": "way", "id": 948993509, "waterway": "canal" }, "geometry": { "type": "LineString", "coordinates": [ [ 72.7405248, 21.2465326 ], [ 72.7404118, 21.2465211 ] ] } },
{ "type": "Feature", "properties": { "element": "way", "id": 949061015, "waterway": "drain" }, "geometry": { "type": "LineString", "coordinates": [ [ 72.9206706, 21.082369 ], [ 72.9206113, 21.0821548 ] ] } },
{ "type": "Feature", "properties": { "element": "way", "id": 949061016, "waterway": "drain" }, "geometry": { "type": "LineString", "coordinates": [ [ 72.9221043, 21.087104 ], [ 72.9212928, 21.0844821 ], [ 72.9206706, 21.082369 ] ] } },
{ "type": "Feature", "properties": { "element": "way", "id": 949317323, "waterway": "canal" }, "geometry": { "type": "LineString", "coordinates": [ [ 72.7306788, 21.1204384 ], [ 72.7303771, 21.1181675 ], [ 72.7299417, 21.1152002 ], [ 72.7295564, 21.1123431 ] ] } },
{ "type": "Feature", "properties": { "element": "way", "id": 949317324, "waterway": "canal" }, "geometry": { "type": "LineString", "coordinates": [ [ 72.731197, 21.1238161 ], [ 72.7311747, 21.123652 ] ] } },
{ "type": "Feature", "properties": { "element": "way", "id": 949317325, "waterway": "canal" }, "geometry": { "type": "LineString", "coordinates": [ [ 72.7321438, 21.1286433 ], [ 72.7319463, 21.1284167 ], [ 72.7318393, 21.1280718 ], [ 72.7317322, 21.1274727 ], [ 72.7314111, 21.1253941 ], [ 72.731197, 21.1238161 ] ] } },
{ "type": "Feature", "properties": { "element": "way", "id": 949317326, "waterway": "canal" }, "geometry": { "type": "LineString", "coordinates": [ [ 72.7322121, 21.1287221 ], [ 72.7321438, 21.1286433 ] ] } },
{ "type": "Feature", "properties": { "element": "way", "id": 949335399, "waterway": "canal" }, "geometry": { "type": "LineString", "coordinates": [ [ 72.7350549, 21.1304114 ], [ 72.7331627, 21.1292699 ], [ 72.7322121, 21.1287221 ] ] } },
{ "type": "Feature", "properties": { "element": "way", "id": 949335400, "waterway": "canal" }, "geometry": { "type": "LineString", "coordinates": [ [ 72.7351567, 21.1304729 ], [ 72.7350549, 21.1304114 ] ] } },
{ "type": "Feature", "properties": { "element": "way", "id": 949340226, "waterway": "canal" }, "geometry": { "type": "LineString", "coordinates": [ [ 72.7366382, 21.1313417 ], [ 72.7352841, 21.1305497 ], [ 72.7351567, 21.1304729 ] ] } },
{ "type": "Feature", "properties": { "element": "way", "id": 949340227, "waterway": "canal" }, "geometry": { "type": "LineString", "coordinates": [ [ 72.7367001, 21.1313785 ], [ 72.7366382, 21.1313417 ] ] } },
{ "type": "Feature", "properties": { "element": "way", "id": 950065594, "waterway": "canal" }, "geometry": { "type": "LineString", "coordinates": [ [ 72.7267254, 21.0979387 ], [ 72.7266956, 21.0978752 ] ] } },
{ "type": "Feature", "properties": { "element": "way", "id": 950065595, "waterway": "canal" }, "geometry": { "type": "LineString", "coordinates": [ [ 72.7274409, 21.0994587 ], [ 72.7267254, 21.0979387 ] ] } },
{ "type": "Feature", "properties": { "element": "way", "id": 950065596, "waterway": "canal" }, "geometry": { "type": "LineString", "coordinates": [ [ 72.7274727, 21.0995225 ], [ 72.7274409, 21.0994587 ] ] } },
{ "type": "Feature", "properties": { "element": "way", "id": 950065597, "waterway": "canal" }, "geometry": { "type": "LineString", "coordinates": [ [ 72.7266956, 21.0978752 ], [ 72.7261077, 21.0966262 ], [ 72.7251541, 21.0945108 ] ] } },
{ "type": "Feature", "properties": { "element": "way", "id": 951034427, "waterway": "canal" }, "geometry": { "type": "LineString", "coordinates": [ [ 72.8476244, 21.184172 ], [ 72.8474966, 21.1841229 ] ] } },
{ "type": "Feature", "properties": { "element": "way", "id": 951034428, "waterway": "canal" }, "geometry": { "type": "LineString", "coordinates": [ [ 72.8482338, 21.1842494 ], [ 72.8476244, 21.184172 ] ] } },
{ "type": "Feature", "properties": { "element": "way", "id": 952177444, "waterway": "canal" }, "geometry": { "type": "LineString", "coordinates": [ [ 72.7307038, 21.1205778 ], [ 72.7306788, 21.1204384 ] ] } },
{ "type": "Feature", "properties": { "element": "way", "id": 952177445, "waterway": "canal" }, "geometry": { "type": "LineString", "coordinates": [ [ 72.7311747, 21.123652 ], [ 72.7309246, 21.1218086 ], [ 72.7307038, 21.1205778 ] ] } },
{ "type": "Feature", "properties": { "element": "way", "id": 952177453, "waterway": "canal" }, "geometry": { "type": "LineString", "coordinates": [ [ 72.7289943, 21.1051483 ], [ 72.7289898, 21.105041 ], [ 72.7289005, 21.1027996 ], [ 72.7283459, 21.1012745 ], [ 72.7274727, 21.0995225 ] ] } },
{ "type": "Feature", "properties": { "element": "way", "id": 952177454, "waterway": "canal" }, "geometry": { "type": "LineString", "coordinates": [ [ 72.7290005, 21.1052391 ], [ 72.7289943, 21.1051483 ] ] } },
{ "type": "Feature", "properties": { "element": "way", "id": 952237941, "waterway": "drain" }, "geometry": { "type": "LineString", "coordinates": [ [ 72.8682886, 21.1436003 ], [ 72.8678719, 21.1435522 ] ] } },
{ "type": "Feature", "properties": { "element": "way", "id": 952237942, "waterway": "drain" }, "geometry": { "type": "LineString", "coordinates": [ [ 72.8678719, 21.1435522 ], [ 72.8673186, 21.1434882 ], [ 72.8673385, 21.1431152 ], [ 72.8669409, 21.1430961 ] ] } },
{ "type": "Feature", "properties": { "element": "way", "id": 952237943, "waterway": "drain" }, "geometry": { "type": "LineString", "coordinates": [ [ 72.8669409, 21.1430961 ], [ 72.8665759, 21.1430785 ] ] } },
{ "type": "Feature", "properties": { "element": "way", "id": 952237944, "waterway": "drain" }, "geometry": { "type": "LineString", "coordinates": [ [ 72.8665759, 21.1430785 ], [ 72.8658406, 21.1430431 ], [ 72.8644532, 21.1429092 ], [ 72.8643745, 21.1432441 ] ] } },
{ "type": "Feature", "properties": { "element": "way", "id": 952237945, "waterway": "drain" }, "geometry": { "type": "LineString", "coordinates": [ [ 72.8643745, 21.1432441 ], [ 72.8643472, 21.1433604 ], [ 72.8642785, 21.1433595 ], [ 72.8641881, 21.1433584 ], [ 72.8641832, 21.1434588 ] ] } },
{ "type": "Feature", "properties": { "element": "way", "id": 952237946, "waterway": "drain" }, "geometry": { "type": "LineString", "coordinates": [ [ 72.8641832, 21.1434588 ], [ 72.8641815, 21.1434944 ], [ 72.8634395, 21.1434592 ] ] } },
{ "type": "Feature", "properties": { "element": "way", "id": 952237947, "waterway": "drain" }, "geometry": { "type": "LineString", "coordinates": [ [ 72.8634395, 21.1434592 ], [ 72.8631759, 21.1434344 ] ] } },
{ "type": "Feature", "properties": { "element": "way", "id": 952237948, "waterway": "drain" }, "geometry": { "type": "LineString", "coordinates": [ [ 72.8631759, 21.1434344 ], [ 72.862498, 21.1434016 ] ] } },
{ "type": "Feature", "properties": { "element": "way", "id": 953253371, "waterway": "drain" }, "geometry": { "type": "LineString", "coordinates": [ [ 72.8441345, 21.1320744 ], [ 72.8424541, 21.1317066 ], [ 72.8422416, 21.1315842 ], [ 72.8420479, 21.1313686 ], [ 72.8419667, 21.1311296 ], [ 72.8419292, 21.1307974 ], [ 72.8419377, 21.1305607 ] ] } },
{ "type": "Feature", "properties": { "element": "way", "id": 953253372, "waterway": "drain" }, "geometry": { "type": "LineString", "coordinates": [ [ 72.8444659, 21.132147 ], [ 72.8441345, 21.1320744 ] ] } },
{ "type": "Feature", "properties": { "element": "way", "id": 953253373, "waterway": "drain" }, "geometry": { "type": "LineString", "coordinates": [ [ 72.8480409, 21.1329305 ], [ 72.8447974, 21.1322195 ], [ 72.8444659, 21.132147 ] ] } },
{ "type": "Feature", "properties": { "element": "way", "id": 953253374, "waterway": "drain" }, "geometry": { "type": "LineString", "coordinates": [ [ 72.8484347, 21.1330168 ], [ 72.8480409, 21.1329305 ] ] } },
{ "type": "Feature", "properties": { "element": "way", "id": 953281451, "waterway": "drain" }, "geometry": { "type": "LineString", "coordinates": [ [ 72.8419461, 21.1303293 ], [ 72.8419854, 21.1292411 ], [ 72.8422416, 21.1272827 ] ] } },
{ "type": "Feature", "properties": { "element": "way", "id": 953281452, "waterway": "drain" }, "geometry": { "type": "LineString", "coordinates": [ [ 72.8419377, 21.1305607 ], [ 72.8419461, 21.1303293 ] ] } },
{ "type": "Feature", "properties": { "element": "way", "id": 953288184, "waterway": "river" }, "geometry": { "type": "LineString", "coordinates": [ [ 72.8472172, 21.1785802 ], [ 72.8471019, 21.1784116 ] ] } },
{ "type": "Feature", "properties": { "element": "way", "id": 953288185, "waterway": "river" }, "geometry": { "type": "LineString", "coordinates": [ [ 72.8471019, 21.1784116 ], [ 72.8469026, 21.1778956 ] ] } },
{ "type": "Feature", "properties": { "element": "way", "id": 953288186, "waterway": "river" }, "geometry": { "type": "LineString", "coordinates": [ [ 72.8469026, 21.1778956 ], [ 72.8469895, 21.1776138 ] ] } },
{ "type": "Feature", "properties": { "element": "way", "id": 953288187, "waterway": "river" }, "geometry": { "type": "LineString", "coordinates": [ [ 72.8469895, 21.1776138 ], [ 72.847166, 21.1770414 ], [ 72.8477622, 21.1762198 ], [ 72.8483424, 21.176244 ], [ 72.8488082, 21.17632 ], [ 72.8491262, 21.1764344 ], [ 72.8493068, 21.1765424 ], [ 72.8492703, 21.1761567 ], [ 72.8488085, 21.1757021 ], [ 72.8478433, 21.1754632 ], [ 72.8467085, 21.1750559 ], [ 72.8457429, 21.1746028 ], [ 72.8449644, 21.1743419 ], [ 72.843466, 21.1738211 ], [ 72.8421789, 21.1737861 ], [ 72.8409039, 21.17425 ], [ 72.8395272, 21.1751699 ], [ 72.8383108, 21.1762248 ], [ 72.8378478, 21.1764298 ], [ 72.8368755, 21.1761794 ], [ 72.8355303, 21.1748619 ], [ 72.8347852, 21.1726554 ], [ 72.8344281, 21.1715367 ], [ 72.8343036, 21.1705929 ], [ 72.8337119, 21.1696637 ], [ 72.8329801, 21.1684877 ], [ 72.8329699, 21.1681054 ], [ 72.833092, 21.1677788 ], [ 72.8331542, 21.1674013 ], [ 72.8341609, 21.166344 ] ] } },
{ "type": "Feature", "properties": { "element": "way", "id": 953288191, "waterway": "canal" }, "geometry": { "type": "LineString", "coordinates": [ [ 72.8474966, 21.1841229 ], [ 72.8472877, 21.1840426 ] ] } },
{ "type": "Feature", "properties": { "element": "way", "id": 953288192, "waterway": "canal" }, "geometry": { "type": "LineString", "coordinates": [ [ 72.8472877, 21.1840426 ], [ 72.8444969, 21.1828663 ] ] } },
{ "type": "Feature", "properties": { "element": "way", "id": 954232606, "waterway": "drain" }, "geometry": { "type": "LineString", "coordinates": [ [ 72.8979872, 21.2000044 ], [ 72.8978809, 21.2000072 ] ] } },
{ "type": "Feature", "properties": { "element": "way", "id": 954232607, "waterway": "drain" }, "geometry": { "type": "LineString", "coordinates": [ [ 72.9026244, 21.2004619 ], [ 72.9015077, 21.2003528 ], [ 72.8987461, 21.2001176 ], [ 72.8979872, 21.2000044 ] ] } },
{ "type": "Feature", "properties": { "element": "way", "id": 954232608, "waterway": "drain" }, "geometry": { "type": "LineString", "coordinates": [ [ 72.892528, 21.1994943 ], [ 72.8879899, 21.1963853 ], [ 72.8868853, 21.195821 ], [ 72.8870038, 21.1946599 ] ] } },
{ "type": "Feature", "properties": { "element": "way", "id": 954232609, "waterway": "drain" }, "geometry": { "type": "LineString", "coordinates": [ [ 72.8926011, 21.1995184 ], [ 72.892528, 21.1994943 ] ] } },
{ "type": "Feature", "properties": { "element": "way", "id": 955630588, "waterway": "river" }, "geometry": { "type": "LineString", "coordinates": [ [ 72.8793027, 21.1889504 ], [ 72.8784877, 21.1891659 ], [ 72.8779524, 21.1893223 ] ] } },
{ "type": "Feature", "properties": { "element": "way", "id": 955630591, "waterway": "canal" }, "geometry": { "type": "LineString", "coordinates": [ [ 72.881757, 21.2010592 ], [ 72.8814797, 21.2009294 ] ] } },
{ "type": "Feature", "properties": { "element": "way", "id": 955630592, "waterway": "canal" }, "geometry": { "type": "LineString", "coordinates": [ [ 72.8814797, 21.2009294 ], [ 72.8789953, 21.1997663 ], [ 72.8786548, 21.1995917 ] ] } },
{ "type": "Feature", "properties": { "element": "way", "id": 1215336069, "waterway": "canal" }, "geometry": { "type": "LineString", "coordinates": [ [ 72.9139009, 21.2129839 ], [ 72.91077, 21.2138714 ], [ 72.9096345, 21.2141721 ], [ 72.9089893, 21.2142174 ], [ 72.9084547, 21.2141968 ], [ 72.9079422, 21.2141103 ], [ 72.9039832, 21.2132127 ], [ 72.9037269, 21.2131546 ], [ 72.900276, 21.2123638 ], [ 72.899759, 21.2121784 ], [ 72.8992598, 21.2119189 ], [ 72.8974396, 21.2107049 ] ] } },
{ "type": "Feature", "properties": { "element": "way", "id": 1215336070, "waterway": "canal" }, "geometry": { "type": "LineString", "coordinates": [ [ 72.9147451, 21.212749 ], [ 72.9144892, 21.2128202 ], [ 72.9143775, 21.2128513 ], [ 72.9141768, 21.2129071 ], [ 72.9140656, 21.2129381 ], [ 72.9139009, 21.2129839 ] ] } },
{ "type": "Feature", "properties": { "element": "way", "id": 1245163237, "waterway": "drain" }, "geometry": { "type": "LineString", "coordinates": [ [ 72.9039832, 21.2132127 ], [ 72.9015557, 21.2144062 ] ] } },
{ "type": "Feature", "properties": { "element": "way", "id": 1245163238, "waterway": "drain" }, "geometry": { "type": "LineString", "coordinates": [ [ 72.9015557, 21.2144062 ], [ 72.9014302, 21.2144679 ] ] } },
{ "type": "Feature", "properties": { "element": "way", "id": 1287332760, "waterway": "river" }, "geometry": { "type": "LineString", "coordinates": [ [ 72.8562278, 21.1914482 ], [ 72.8560565, 21.1914046 ], [ 72.8557295, 21.1915571 ], [ 72.8552547, 21.1917676 ], [ 72.8550685, 21.1917714 ] ] } },
{ "type": "Feature", "properties": { "element": "way", "id": 1287332761, "waterway": "river" }, "geometry": { "type": "LineString", "coordinates": [ [ 72.8527947, 21.1898296 ], [ 72.8527279, 21.1898454 ] ] } },
{ "type": "Feature", "properties": { "element": "way", "id": 1287332762, "waterway": "river" }, "geometry": { "type": "LineString", "coordinates": [ [ 72.8531951, 21.1899866 ], [ 72.8527947, 21.1898296 ] ] } },
{ "type": "Feature", "properties": { "element": "way", "id": 1287332763, "waterway": "river" }, "geometry": { "type": "LineString", "coordinates": [ [ 72.8536036, 21.1901121 ], [ 72.8534797, 21.1900981 ], [ 72.8531951, 21.1899866 ] ] } },
{ "type": "Feature", "properties": { "element": "way", "id": 1287332764, "waterway": "river" }, "geometry": { "type": "LineString", "coordinates": [ [ 72.8539283, 21.1901488 ], [ 72.8536036, 21.1901121 ] ] } },
{ "type": "Feature", "properties": { "element": "way", "id": 1287332765, "waterway": "river" }, "geometry": { "type": "LineString", "coordinates": [ [ 72.8540046, 21.1901625 ], [ 72.8539935, 21.1901562 ], [ 72.8539283, 21.1901488 ] ] } },
{ "type": "Feature", "properties": { "element": "way", "id": 1287332766, "waterway": "river" }, "geometry": { "type": "LineString", "coordinates": [ [ 72.8541312, 21.1902349 ], [ 72.8540046, 21.1901625 ] ] } },
{ "type": "Feature", "properties": { "element": "way", "id": 1287332767, "waterway": "river" }, "geometry": { "type": "LineString", "coordinates": [ [ 72.8543955, 21.1903859 ], [ 72.8541312, 21.1902349 ] ] } },
{ "type": "Feature", "properties": { "element": "way", "id": 1287332768, "waterway": "river" }, "geometry": { "type": "LineString", "coordinates": [ [ 72.8544762, 21.190432 ], [ 72.8543955, 21.1903859 ] ] } },
{ "type": "Feature", "properties": { "element": "way", "id": 1287332769, "waterway": "river" }, "geometry": { "type": "LineString", "coordinates": [ [ 72.8545416, 21.1905587 ], [ 72.8544762, 21.190432 ] ] } },
{ "type": "Feature", "properties": { "element": "way", "id": 1287332770, "waterway": "river" }, "geometry": { "type": "LineString", "coordinates": [ [ 72.8546786, 21.190824 ], [ 72.8545416, 21.1905587 ] ] } },
{ "type": "Feature", "properties": { "element": "way", "id": 1287332771, "waterway": "river" }, "geometry": { "type": "LineString", "coordinates": [ [ 72.8546862, 21.1908858 ], [ 72.8546786, 21.190824 ] ] } },
{ "type": "Feature", "properties": { "element": "way", "id": 1287332772, "waterway": "river" }, "geometry": { "type": "LineString", "coordinates": [ [ 72.8549044, 21.1917748 ], [ 72.8546942, 21.1915498 ], [ 72.8547253, 21.1912014 ], [ 72.8546862, 21.1908858 ] ] } },
{ "type": "Feature", "properties": { "element": "way", "id": 1287332773, "waterway": "river" }, "geometry": { "type": "LineString", "coordinates": [ [ 72.8550685, 21.1917714 ], [ 72.8549044, 21.1917748 ] ] } },
{ "type": "Feature", "properties": { "element": "way", "id": 1287332774, "waterway": "river" }, "geometry": { "type": "LineString", "coordinates": [ [ 72.8564819, 21.1917449 ], [ 72.8563536, 21.1915951 ] ] } },
{ "type": "Feature", "properties": { "element": "way", "id": 1287332775, "waterway": "river" }, "geometry": { "type": "LineString", "coordinates": [ [ 72.8563536, 21.1915951 ], [ 72.8562278, 21.1914482 ] ] } },
{ "type": "Feature", "properties": { "element": "way", "id": 1289115335, "waterway": "drain" }, "geometry": { "type": "LineString", "coordinates": [ [ 72.8746916, 21.1384366 ], [ 72.8719801, 21.1382811 ], [ 72.870302, 21.1379038 ] ] } },
{ "type": "Feature", "properties": { "element": "way", "id": 1289115336, "waterway": "drain" }, "geometry": { "type": "LineString", "coordinates": [ [ 72.8673466, 21.1372404 ], [ 72.8672341, 21.1372152 ] ] } },
{ "type": "Feature", "properties": { "element": "way", "id": 1289115337, "waterway": "drain" }, "geometry": { "type": "LineString", "coordinates": [ [ 72.8673564, 21.1372425 ], [ 72.8673466, 21.1372404 ] ] } },
{ "type": "Feature", "properties": { "element": "way", "id": 1289115338, "waterway": "drain" }, "geometry": { "type": "LineString", "coordinates": [ [ 72.8674688, 21.1372677 ], [ 72.8673564, 21.1372425 ] ] } },
{ "type": "Feature", "properties": { "element": "way", "id": 1289115339, "waterway": "drain" }, "geometry": { "type": "LineString", "coordinates": [ [ 72.8701982, 21.1378805 ], [ 72.8681434, 21.1374185 ], [ 72.8674688, 21.1372677 ] ] } },
{ "type": "Feature", "properties": { "element": "way", "id": 1289115340, "waterway": "drain" }, "geometry": { "type": "LineString", "coordinates": [ [ 72.870302, 21.1379038 ], [ 72.8701982, 21.1378805 ] ] } },
{ "type": "Feature", "properties": { "element": "way", "id": 1289126564, "waterway": "drain" }, "geometry": { "type": "LineString", "coordinates": [ [ 72.9634634, 21.1460099 ], [ 72.9634257, 21.1460803 ] ] } },
{ "type": "Feature", "properties": { "element": "way", "id": 1289126565, "waterway": "drain" }, "geometry": { "type": "LineString", "coordinates": [ [ 72.9634956, 21.1459497 ], [ 72.9634634, 21.1460099 ] ] } },
{ "type": "Feature", "properties": { "element": "way", "id": 1298278451, "waterway": "river" }, "geometry": { "type": "LineString", "coordinates": [ [ 72.8799643, 21.2220713 ], [ 72.8799668, 21.2221738 ], [ 72.8799821, 21.2222214 ], [ 72.8800553, 21.2224488 ], [ 72.8801921, 21.2228114 ], [ 72.8804174, 21.2231764 ], [ 72.8805327, 21.2235715 ], [ 72.8805408, 21.223809 ], [ 72.8803718, 21.2244716 ], [ 72.8803423, 21.2247241 ], [ 72.8803664, 21.2253067 ] ] } },
{ "type": "Feature", "properties": { "element": "way", "id": 1298278452, "waterway": "river" }, "geometry": { "type": "LineString", "coordinates": [ [ 72.8800155, 21.221612 ], [ 72.8799587, 21.2218463 ] ] } },
{ "type": "Feature", "properties": { "element": "way", "id": 1298278453, "waterway": "river" }, "geometry": { "type": "LineString", "coordinates": [ [ 72.8799587, 21.2218463 ], [ 72.8799643, 21.2220713 ] ] } },
{ "type": "Feature", "properties": { "element": "way", "id": 1298278454, "waterway": "river" }, "geometry": { "type": "LineString", "coordinates": [ [ 72.8803317, 21.2209807 ], [ 72.8800312, 21.2215662 ], [ 72.8800155, 21.221612 ] ] } },
{ "type": "Feature", "properties": { "element": "way", "id": 1298278455, "waterway": "river" }, "geometry": { "type": "LineString", "coordinates": [ [ 72.8804571, 21.2207629 ], [ 72.8803317, 21.2209807 ] ] } },
{ "type": "Feature", "properties": { "element": "way", "id": 1298278456, "waterway": "river" }, "geometry": { "type": "LineString", "coordinates": [ [ 72.880581, 21.2175657 ], [ 72.8806856, 21.2178632 ], [ 72.8807849, 21.2181332 ], [ 72.8808305, 21.2183608 ], [ 72.8807741, 21.2186633 ], [ 72.880758, 21.2188609 ], [ 72.8808385, 21.2192834 ], [ 72.880868, 21.2195535 ], [ 72.8808787, 21.219766 ], [ 72.8808519, 21.2199885 ], [ 72.880573, 21.2205561 ], [ 72.8804571, 21.2207629 ] ] } },
{ "type": "Feature", "properties": { "element": "way", "id": 1298278457, "waterway": "river" }, "geometry": { "type": "LineString", "coordinates": [ [ 72.880529, 21.2174695 ], [ 72.880581, 21.2175657 ] ] } },
{ "type": "Feature", "properties": { "element": "way", "id": 1299016763, "waterway": "canal" }, "geometry": { "type": "LineString", "coordinates": [ [ 72.7980665, 21.163136 ], [ 72.7969473, 21.1613601 ] ] } },
{ "type": "Feature", "properties": { "element": "way", "id": 1299016764, "waterway": "canal" }, "geometry": { "type": "LineString", "coordinates": [ [ 72.7982924, 21.1634945 ], [ 72.7980665, 21.163136 ] ] } },
{ "type": "Feature", "properties": { "element": "way", "id": 1299016765, "waterway": "canal" }, "geometry": { "type": "LineString", "coordinates": [ [ 72.798519, 21.1637736 ], [ 72.7982924, 21.1634945 ] ] } },
{ "type": "Feature", "properties": { "element": "way", "id": 1302425302, "waterway": "canal" }, "geometry": { "type": "LineString", "coordinates": [ [ 72.7571219, 21.1366778 ], [ 72.7558387, 21.1373358 ] ] } },
{ "type": "Feature", "properties": { "element": "way", "id": 1302425303, "waterway": "canal" }, "geometry": { "type": "LineString", "coordinates": [ [ 72.7558387, 21.1373358 ], [ 72.755742, 21.1373815 ] ] } },
{ "type": "Feature", "properties": { "element": "way", "id": 1376078604, "waterway": null }, "geometry": { "type": "Polygon", "coordinates": [ [ [ 72.7688433, 21.2050291 ], [ 72.7690964, 21.2051073 ], [ 72.7691653, 21.2051467 ], [ 72.7691945, 21.2051971 ], [ 72.7692261, 21.2052432 ], [ 72.7692792, 21.2052523 ], [ 72.7693456, 21.2052583 ], [ 72.7698847, 21.2055813 ], [ 72.7698596, 21.2056693 ], [ 72.7697939, 21.2057929 ], [ 72.7696927, 21.2059441 ], [ 72.7695897, 21.2060295 ], [ 72.7694545, 21.2061048 ], [ 72.7692234, 21.2061407 ], [ 72.7691126, 21.2061372 ], [ 72.7690488, 21.2061118 ], [ 72.7690131, 21.2060777 ], [ 72.7689717, 21.2060067 ], [ 72.7689285, 21.2059209 ], [ 72.7688525, 21.205822 ], [ 72.7687849, 21.2057502 ], [ 72.7686656, 21.2056565 ], [ 72.7685811, 21.2056057 ], [ 72.7684702, 21.2055331 ], [ 72.7684242, 21.2054657 ], [ 72.7684571, 21.205358 ], [ 72.7685388, 21.2052476 ], [ 72.7686064, 21.2051697 ], [ 72.7687116, 21.2051137 ], [ 72.7688433, 21.2050291 ] ] ] } },
{ "type": "Feature", "properties": { "element": "way", "id": 1376164089, "waterway": null }, "geometry": { "type": "Polygon", "coordinates": [ [ [ 72.7568576, 21.2159412 ], [ 72.7569828, 21.215938 ], [ 72.7571782, 21.2159518 ], [ 72.7573702, 21.2159556 ], [ 72.7575251, 21.2159556 ], [ 72.7577529, 21.2159544 ], [ 72.7579267, 21.2159499 ], [ 72.7581383, 21.2159449 ], [ 72.7582864, 21.2159531 ], [ 72.7583547, 21.2159625 ], [ 72.7583744, 21.2159807 ], [ 72.7584105, 21.215991 ], [ 72.7584908, 21.2160311 ], [ 72.7585549, 21.2160809 ], [ 72.7585855, 21.2161214 ], [ 72.7586054, 21.216179 ], [ 72.7586167, 21.2162481 ], [ 72.7585987, 21.2163381 ], [ 72.7585514, 21.2164251 ], [ 72.7584985, 21.2164752 ], [ 72.7584349, 21.2164976 ], [ 72.7583577, 21.2165017 ], [ 72.7583128, 21.216502 ], [ 72.7582753, 21.2164987 ], [ 72.758245, 21.2164925 ], [ 72.758219, 21.2164878 ], [ 72.7582073, 21.2164583 ], [ 72.7581864, 21.216416 ], [ 72.758162, 21.2163897 ], [ 72.758125, 21.2163679 ], [ 72.7580758, 21.2163582 ], [ 72.758048, 21.2163642 ], [ 72.7580252, 21.2163787 ], [ 72.7579949, 21.2164052 ], [ 72.757975, 21.2164326 ], [ 72.7579621, 21.2164649 ], [ 72.7579599, 21.2164955 ], [ 72.7579685, 21.2165276 ], [ 72.7579915, 21.2165528 ], [ 72.7580183, 21.216572 ], [ 72.7580447, 21.2165848 ], [ 72.7580592, 21.2165895 ], [ 72.7580561, 21.2166791 ], [ 72.7580582, 21.2167922 ], [ 72.7579748, 21.2168778 ], [ 72.757652, 21.2172235 ], [ 72.7575517, 21.2173263 ], [ 72.7575232, 21.2173794 ], [ 72.7573544, 21.2178028 ], [ 72.7573407, 21.2178343 ], [ 72.7573233, 21.217853 ], [ 72.7573016, 21.2178678 ], [ 72.7572811, 21.2178722 ], [ 72.7572515, 21.2178727 ], [ 72.7563731, 21.2178476 ], [ 72.7563426, 21.2178463 ], [ 72.7563277, 21.2178266 ], [ 72.7563202, 21.2178152 ], [ 72.7563333, 21.2177941 ], [ 72.7563378, 21.2177708 ], [ 72.7563322, 21.2177452 ], [ 72.7563208, 21.2177258 ], [ 72.7562943, 21.2177069 ], [ 72.7562603, 21.2177024 ], [ 72.7562353, 21.2177052 ], [ 72.7562213, 21.2176949 ], [ 72.7562013, 21.2176688 ], [ 72.7561849, 21.2176472 ], [ 72.7561718, 21.217618 ], [ 72.7561659, 21.2175949 ], [ 72.756159, 21.2175658 ], [ 72.7561495, 21.2175191 ], [ 72.7561411, 21.2174755 ], [ 72.7560869, 21.2172332 ], [ 72.756083, 21.2172121 ], [ 72.7560809, 21.2171941 ], [ 72.756083, 21.2171788 ], [ 72.7560881, 21.2171627 ], [ 72.7561039, 21.2171321 ], [ 72.7561384, 21.2170771 ], [ 72.756187, 21.217009 ], [ 72.7562287, 21.2169357 ], [ 72.7562466, 21.216884 ], [ 72.756263, 21.2168182 ], [ 72.7562734, 21.216736 ], [ 72.7562728, 21.2166765 ], [ 72.7562717, 21.2166318 ], [ 72.7562639, 21.2165895 ], [ 72.7562568, 21.216537 ], [ 72.7562499, 21.2164879 ], [ 72.7562404, 21.2164354 ], [ 72.7562374, 21.2164081 ], [ 72.7562374, 21.2163937 ], [ 72.756241, 21.216382 ], [ 72.7562594, 21.2163826 ], [ 72.7563137, 21.2163837 ], [ 72.7563941, 21.2163742 ], [ 72.7564785, 21.2163537 ], [ 72.7565628, 21.2163209 ], [ 72.7566173, 21.2162834 ], [ 72.7566629, 21.2162506 ], [ 72.7567103, 21.2162064 ], [ 72.7567541, 21.2161564 ], [ 72.7568048, 21.2160756 ], [ 72.7568432, 21.2159973 ], [ 72.7568537, 21.215967 ], [ 72.7568576, 21.2159412 ] ] ] } },
{ "type": "Feature", "properties": { "element": "way", "id": 1386080067, "waterway": "drain" }, "geometry": { "type": "LineString", "coordinates": [ [ 72.8659652, 21.0847664 ], [ 72.865603, 21.0826233 ], [ 72.8654263, 21.0817905 ], [ 72.8652893, 21.0814195 ], [ 72.8650286, 21.0809536 ], [ 72.8642774, 21.0800961 ], [ 72.8629533, 21.0784867 ], [ 72.8628719, 21.0783741 ] ] } },
{ "type": "Feature", "properties": { "element": "way", "id": 1386080068, "waterway": "drain" }, "geometry": { "type": "LineString", "coordinates": [ [ 72.8628719, 21.0783741 ], [ 72.8627528, 21.0782441 ] ] } },
{ "type": "Feature", "properties": { "element": "way", "id": 1409671307, "waterway": "drain" }, "geometry": { "type": "LineString", "coordinates": [ [ 72.8820465, 21.1386809 ], [ 72.8821351, 21.1382324 ], [ 72.8821108, 21.1376349 ], [ 72.8821226, 21.137542 ] ] } },
{ "type": "Feature", "properties": { "element": "way", "id": 1409671308, "waterway": "drain" }, "geometry": { "type": "LineString", "coordinates": [ [ 72.8821226, 21.137542 ], [ 72.8821351, 21.1374435 ] ] } },
{ "type": "Feature", "properties": { "element": "way", "id": 1429063569, "waterway": null }, "geometry": { "type": "Polygon", "coordinates": [ [ [ 72.7982318, 21.1127842 ], [ 72.7983719, 21.1110154 ], [ 72.7983719, 21.1109544 ], [ 72.7984747, 21.1108324 ], [ 72.7984934, 21.1106364 ], [ 72.7982599, 21.1104403 ], [ 72.7981151, 21.1103532 ], [ 72.7981011, 21.1101397 ], [ 72.7981011, 21.1099567 ], [ 72.7983252, 21.109874 ], [ 72.7989463, 21.1098827 ], [ 72.7991238, 21.1099045 ], [ 72.8003707, 21.1111592 ], [ 72.8010198, 21.1116863 ], [ 72.8009124, 21.1117473 ], [ 72.8007957, 21.1116297 ], [ 72.8004968, 21.1113901 ], [ 72.8003473, 21.1112681 ], [ 72.8002913, 21.1113029 ], [ 72.8001746, 21.1114118 ], [ 72.8000298, 21.1113552 ], [ 72.7999317, 21.1112071 ], [ 72.7997869, 21.1109805 ], [ 72.7996842, 21.1108629 ], [ 72.7995721, 21.1108063 ], [ 72.7993853, 21.110815 ], [ 72.7989557, 21.1108847 ], [ 72.7985587, 21.1110154 ], [ 72.79847, 21.111059 ], [ 72.7984326, 21.1111374 ], [ 72.7983299, 21.1127885 ], [ 72.7982318, 21.1127842 ] ] ] } },
{ "type": "Feature", "properties": { "element": "way", "id": 1487001695, "waterway": "drain" }, "geometry": { "type": "LineString", "coordinates": [ [ 72.9203794, 21.1594245 ], [ 72.9165799, 21.1591733 ], [ 72.9160746, 21.1591256 ] ] } },
{ "type": "Feature", "properties": { "element": "way", "id": 1487001696, "waterway": "drain" }, "geometry": { "type": "LineString", "coordinates": [ [ 72.9206585, 21.1594432 ], [ 72.9203794, 21.1594245 ] ] } },
{ "type": "Feature", "properties": { "element": "way", "id": 1487160644, "waterway": "stream" }, "geometry": { "type": "LineString", "coordinates": [ [ 72.9416842, 21.1606985 ], [ 72.9415059, 21.1601658 ], [ 72.9414093, 21.1598106 ], [ 72.941357, 21.1596029 ], [ 72.9413262, 21.1594591 ], [ 72.9412455, 21.1592654 ] ] } },
{ "type": "Feature", "properties": { "element": "way", "id": 1487160645, "waterway": "stream" }, "geometry": { "type": "LineString", "coordinates": [ [ 72.9418492, 21.1609687 ], [ 72.9418143, 21.1609249 ], [ 72.9417781, 21.1608886 ], [ 72.9417459, 21.1608436 ], [ 72.9417298, 21.1608111 ] ] } },
{ "type": "Feature", "properties": { "element": "way", "id": 1487160646, "waterway": "stream" }, "geometry": { "type": "LineString", "coordinates": [ [ 72.9417298, 21.1608111 ], [ 72.9416842, 21.1606985 ] ] } },
{ "type": "Feature", "properties": { "element": "way", "id": 1487202065, "waterway": "stream" }, "geometry": { "type": "LineString", "coordinates": [ [ 72.902171, 21.1662438 ], [ 72.902222, 21.1655509 ], [ 72.902627, 21.1655424 ] ] } },
{ "type": "Feature", "properties": { "element": "way", "id": 1487202066, "waterway": "stream" }, "geometry": { "type": "LineString", "coordinates": [ [ 72.9036191, 21.1655157 ], [ 72.9037669, 21.1655034 ], [ 72.9039225, 21.1655159 ], [ 72.9040486, 21.1655234 ], [ 72.9043329, 21.1654959 ] ] } },
{ "type": "Feature", "properties": { "element": "way", "id": 1487202067, "waterway": "stream" }, "geometry": { "type": "LineString", "coordinates": [ [ 72.9029853, 21.1655348 ], [ 72.9036191, 21.1655157 ] ] } },
{ "type": "Feature", "properties": { "element": "way", "id": 1487202068, "waterway": "stream" }, "geometry": { "type": "LineString", "coordinates": [ [ 72.9027805, 21.1655391 ], [ 72.9029853, 21.1655348 ] ] } },
{ "type": "Feature", "properties": { "element": "way", "id": 1487202069, "waterway": "stream" }, "geometry": { "type": "LineString", "coordinates": [ [ 72.902627, 21.1655424 ], [ 72.9027805, 21.1655391 ] ] } },
{ "type": "Feature", "properties": { "element": "way", "id": 1487202070, "waterway": "stream" }, "geometry": { "type": "LineString", "coordinates": [ [ 72.9180238, 21.16989 ], [ 72.9179487, 21.169885 ], [ 72.9178548, 21.1698951 ], [ 72.9177717, 21.1698926 ], [ 72.9176992, 21.16986 ], [ 72.9176322, 21.169805 ], [ 72.9175785, 21.1697375 ], [ 72.9174605, 21.1696199 ], [ 72.9173693, 21.1695274 ], [ 72.9173103, 21.1694974 ], [ 72.9172299, 21.1694774 ], [ 72.9171762, 21.1694723 ], [ 72.9171038, 21.1694749 ], [ 72.9170314, 21.1694648 ], [ 72.9169134, 21.1694348 ], [ 72.91668, 21.1693898 ], [ 72.9162589, 21.1693448 ], [ 72.9159075, 21.1692798 ], [ 72.9153684, 21.1691697 ], [ 72.9150814, 21.1691297 ], [ 72.9148722, 21.1691247 ], [ 72.9146469, 21.1691372 ], [ 72.9143974, 21.1691447 ], [ 72.9140648, 21.1691322 ], [ 72.9138235, 21.1691122 ], [ 72.9134184, 21.1690471 ], [ 72.9131234, 21.1690071 ], [ 72.9129625, 21.1690021 ], [ 72.9127854, 21.1690221 ], [ 72.9126379, 21.1690546 ], [ 72.9124126, 21.1691147 ], [ 72.9122329, 21.1691522 ], [ 72.9119888, 21.1691822 ], [ 72.9117581, 21.1692472 ], [ 72.9115221, 21.1693348 ], [ 72.9113505, 21.1694223 ], [ 72.9112217, 21.1694774 ], [ 72.9110635, 21.1695124 ], [ 72.9107523, 21.1696099 ], [ 72.9105753, 21.1696624 ], [ 72.9101381, 21.169745 ], [ 72.9098457, 21.1698175 ], [ 72.9096473, 21.1698875 ], [ 72.9094702, 21.1699876 ], [ 72.9093173, 21.1700926 ], [ 72.9075046, 21.1717199 ], [ 72.9073919, 21.1717924 ], [ 72.9073168, 21.1718224 ], [ 72.9071881, 21.1718374 ], [ 72.9070594, 21.1718574 ], [ 72.9069574, 21.171885 ], [ 72.9068206, 21.171935 ], [ 72.9066329, 21.1719875 ], [ 72.9064192, 21.1720423 ] ] } },
{ "type": "Feature", "properties": { "element": "way", "id": 1487202071, "waterway": "stream" }, "geometry": { "type": "LineString", "coordinates": [ [ 72.9059227, 21.1721696 ], [ 72.9052864, 21.1723327 ], [ 72.9051469, 21.1723727 ], [ 72.9050692, 21.1724277 ], [ 72.9050316, 21.1725328 ], [ 72.9050182, 21.1726603 ] ] } },
{ "type": "Feature", "properties": { "element": "way", "id": 1487202072, "waterway": "stream" }, "geometry": { "type": "LineString", "coordinates": [ [ 72.9064192, 21.1720423 ], [ 72.9059227, 21.1721696 ] ] } },
{ "type": "Feature", "properties": { "element": "way", "id": 1487217321, "waterway": "drain" }, "geometry": { "type": "LineString", "coordinates": [ [ 72.9100797, 21.1766272 ], [ 72.9083827, 21.1768738 ] ] } },
{ "type": "Feature", "properties": { "element": "way", "id": 1487217322, "waterway": "drain" }, "geometry": { "type": "LineString", "coordinates": [ [ 72.9083827, 21.1768738 ], [ 72.9080463, 21.1769193 ] ] } },
{ "type": "Feature", "properties": { "element": "way", "id": 1487224007, "waterway": "stream" }, "geometry": { "type": "LineString", "coordinates": [ [ 72.9152768, 21.1970529 ], [ 72.915824, 21.197158 ], [ 72.9164194, 21.197268 ], [ 72.9165267, 21.1972855 ], [ 72.9166206, 21.1972805 ], [ 72.9166769, 21.1972705 ] ] } },
{ "type": "Feature", "properties": { "element": "way", "id": 1487224008, "waterway": "stream" }, "geometry": { "type": "LineString", "coordinates": [ [ 72.9123478, 21.1962652 ], [ 72.9124417, 21.1962577 ], [ 72.9125168, 21.1962777 ], [ 72.9125651, 21.1963127 ], [ 72.9126026, 21.1963952 ], [ 72.9126268, 21.1964602 ], [ 72.9126724, 21.1965353 ], [ 72.912785, 21.1965978 ], [ 72.9129325, 21.1966578 ], [ 72.9130666, 21.1966878 ], [ 72.9132276, 21.1967278 ], [ 72.9133617, 21.1967853 ], [ 72.913638, 21.1968454 ], [ 72.9138767, 21.1968854 ], [ 72.9142388, 21.1968629 ], [ 72.9145016, 21.1968904 ], [ 72.9148959, 21.1969704 ] ] } },
{ "type": "Feature", "properties": { "element": "way", "id": 1487224009, "waterway": "stream" }, "geometry": { "type": "LineString", "coordinates": [ [ 72.9148959, 21.1969704 ], [ 72.9152768, 21.1970529 ] ] } },
{ "type": "Feature", "properties": { "element": "way", "id": 1487224010, "waterway": "stream" }, "geometry": { "type": "LineString", "coordinates": [ [ 72.917098, 21.1971204 ], [ 72.9172455, 21.1970754 ], [ 72.917393, 21.1970729 ], [ 72.917503, 21.1971229 ], [ 72.9180877, 21.197488 ], [ 72.9182245, 21.1976006 ], [ 72.9183452, 21.1977431 ], [ 72.9185679, 21.1980707 ], [ 72.9187261, 21.1983783 ], [ 72.9188058, 21.1985526 ], [ 72.9188809, 21.1987577 ], [ 72.9189775, 21.1989027 ], [ 72.9191706, 21.1990378 ], [ 72.9193155, 21.1990953 ], [ 72.9193691, 21.1991428 ], [ 72.9193932, 21.1992153 ], [ 72.9193691, 21.1994929 ], [ 72.9193932, 21.199693 ], [ 72.9194496, 21.1998255 ], [ 72.9195461, 21.1999155 ], [ 72.9196641, 21.199988 ], [ 72.9198304, 21.2000356 ], [ 72.9207612, 21.2002831 ], [ 72.920847, 21.2003356 ], [ 72.9208953, 21.2003981 ], [ 72.9209114, 21.2004757 ], [ 72.9208819, 21.2005857 ], [ 72.9208389, 21.2007357 ], [ 72.9208336, 21.2008008 ], [ 72.920855, 21.2008533 ], [ 72.9209087, 21.2008883 ], [ 72.9212171, 21.2010833 ], [ 72.9213083, 21.2011634 ], [ 72.9213942, 21.2012684 ], [ 72.9214719, 21.2013234 ], [ 72.9216007, 21.2013759 ], [ 72.9217294, 21.2014259 ], [ 72.9219038, 21.2015109 ], [ 72.9220164, 21.201586 ] ] } },
{ "type": "Feature", "properties": { "element": "way", "id": 1487224011, "waterway": "stream" }, "geometry": { "type": "LineString", "coordinates": [ [ 72.9166769, 21.1972705 ], [ 72.917098, 21.1971204 ] ] } },
{ "type": "Feature", "properties": { "element": "way", "id": 1487718129, "waterway": "stream" }, "geometry": { "type": "LineString", "coordinates": [ [ 72.9229507, 21.2115577 ], [ 72.9229279, 21.2117102 ] ] } },
{ "type": "Feature", "properties": { "element": "way", "id": 1487718130, "waterway": "stream" }, "geometry": { "type": "LineString", "coordinates": [ [ 72.9230097, 21.2110501 ], [ 72.9229909, 21.2112001 ] ] } },
{ "type": "Feature", "properties": { "element": "way", "id": 1487718131, "waterway": "stream" }, "geometry": { "type": "LineString", "coordinates": [ [ 72.9229909, 21.2112001 ], [ 72.9229507, 21.2115577 ] ] } },
{ "type": "Feature", "properties": { "element": "way", "id": 1487718136, "waterway": "stream" }, "geometry": { "type": "LineString", "coordinates": [ [ 72.933289, 21.2177184 ], [ 72.9326962, 21.2176027 ], [ 72.9310681, 21.2173652 ], [ 72.9309099, 21.2173652 ], [ 72.9291155, 21.2175002 ], [ 72.9288218, 21.2175271 ], [ 72.9259357, 21.218011 ] ] } },
{ "type": "Feature", "properties": { "element": "way", "id": 1487718137, "waterway": "stream" }, "geometry": { "type": "LineString", "coordinates": [ [ 72.9256835, 21.2180546 ], [ 72.9253309, 21.2181147 ], [ 72.9241118, 21.2182641 ], [ 72.9220519, 21.2185541 ] ] } },
{ "type": "Feature", "properties": { "element": "way", "id": 1487718138, "waterway": "stream" }, "geometry": { "type": "LineString", "coordinates": [ [ 72.9259357, 21.218011 ], [ 72.9256835, 21.2180546 ] ] } },
{ "type": "Feature", "properties": { "element": "way", "id": 1487718141, "waterway": "drain" }, "geometry": { "type": "LineString", "coordinates": [ [ 72.9261406, 21.2219246 ], [ 72.9256567, 21.2219987 ], [ 72.9202131, 21.2226165 ], [ 72.9175613, 21.2229249 ], [ 72.9165959, 21.2226832 ], [ 72.9164834, 21.2229686 ], [ 72.9153368, 21.2227269 ] ] } },
{ "type": "Feature", "properties": { "element": "way", "id": 1487718142, "waterway": "drain" }, "geometry": { "type": "LineString", "coordinates": [ [ 72.9263207, 21.2219054 ], [ 72.9261406, 21.2219246 ] ] } },
{ "type": "Feature", "properties": { "element": "way", "id": 1487718155, "waterway": "stream" }, "geometry": { "type": "LineString", "coordinates": [ [ 72.9250216, 21.2369825 ], [ 72.9247923, 21.2369038 ], [ 72.9246206, 21.2368513 ], [ 72.9244221, 21.236815 ] ] } },
{ "type": "Feature", "properties": { "element": "way", "id": 1487718156, "waterway": "stream" }, "geometry": { "type": "LineString", "coordinates": [ [ 72.9242397, 21.23679 ], [ 72.9241633, 21.2367925 ], [ 72.9240211, 21.236825 ], [ 72.9238884, 21.236865 ] ] } },
{ "type": "Feature", "properties": { "element": "way", "id": 1487718157, "waterway": "stream" }, "geometry": { "type": "LineString", "coordinates": [ [ 72.9244221, 21.236815 ], [ 72.9242397, 21.23679 ] ] } },
{ "type": "Feature", "properties": { "element": "way", "id": 1488559136, "waterway": "canal" }, "geometry": { "type": "LineString", "coordinates": [ [ 72.6967925, 21.1809461 ], [ 72.6956371, 21.1805493 ], [ 72.6949563, 21.1804114 ], [ 72.6944767, 21.1803589 ], [ 72.6938108, 21.1803083 ], [ 72.6918431, 21.1801819 ], [ 72.6888079, 21.1800079 ], [ 72.6835243, 21.1797908 ], [ 72.6776443, 21.1793484 ], [ 72.6749763, 21.1791142 ], [ 72.6692551, 21.1783592 ] ] } },
{ "type": "Feature", "properties": { "element": "way", "id": 1488559137, "waterway": "canal" }, "geometry": { "type": "LineString", "coordinates": [ [ 72.6969421, 21.1809971 ], [ 72.6967925, 21.1809461 ] ] } },
{ "type": "Feature", "properties": { "element": "way", "id": 1488559138, "waterway": "canal" }, "geometry": { "type": "LineString", "coordinates": [ [ 72.6971384, 21.1810632 ], [ 72.6969421, 21.1809971 ] ] } },
{ "type": "Feature", "properties": { "element": "way", "id": 1488559139, "waterway": "canal" }, "geometry": { "type": "LineString", "coordinates": [ [ 72.6972356, 21.1810959 ], [ 72.6971384, 21.1810632 ] ] } },
{ "type": "Feature", "properties": { "element": "way", "id": 1488559140, "waterway": "canal" }, "geometry": { "type": "LineString", "coordinates": [ [ 72.6976895, 21.1812239 ], [ 72.697562, 21.1812087 ], [ 72.6972356, 21.1810959 ] ] } },
{ "type": "Feature", "properties": { "element": "way", "id": 1488559141, "waterway": "canal" }, "geometry": { "type": "LineString", "coordinates": [ [ 72.6978076, 21.1812533 ], [ 72.6976895, 21.1812239 ] ] } },
{ "type": "Feature", "properties": { "element": "way", "id": 1491174977, "waterway": null }, "geometry": { "type": "Polygon", "coordinates": [ [ [ 72.7913921, 21.2543414 ], [ 72.7921468, 21.2545538 ], [ 72.7922178, 21.2542474 ], [ 72.7920758, 21.2539167 ], [ 72.7915266, 21.2537182 ], [ 72.7913921, 21.2543414 ] ] ] } },
{ "type": "Feature", "properties": { "element": "way", "id": 1533161170, "waterway": null }, "geometry": { "type": "Polygon", "coordinates": [ [ [ 72.8420708, 21.2938396 ], [ 72.8421034, 21.293779 ], [ 72.8421229, 21.2937245 ], [ 72.8421359, 21.2936487 ], [ 72.8421522, 21.2935881 ], [ 72.8421554, 21.2934911 ], [ 72.8421554, 21.2934305 ], [ 72.8421554, 21.2933578 ], [ 72.8421522, 21.2932578 ], [ 72.8421391, 21.2931942 ], [ 72.8420611, 21.2930396 ], [ 72.8420416, 21.2930063 ], [ 72.8420513, 21.2929548 ], [ 72.8421131, 21.2928942 ], [ 72.8421652, 21.2928517 ], [ 72.8422367, 21.2928063 ], [ 72.8423148, 21.2928002 ], [ 72.8423928, 21.2928396 ], [ 72.8424481, 21.2928063 ], [ 72.8425359, 21.2927972 ], [ 72.8426107, 21.2928396 ], [ 72.8427246, 21.2928336 ], [ 72.8427929, 21.2927881 ], [ 72.8428969, 21.2927457 ], [ 72.8429522, 21.2927093 ], [ 72.8429815, 21.2926336 ], [ 72.843027, 21.2926033 ], [ 72.8430758, 21.2925881 ], [ 72.8431799, 21.2926093 ], [ 72.843297, 21.2926093 ], [ 72.8434011, 21.2925942 ], [ 72.8435149, 21.2925245 ], [ 72.8435832, 21.2924699 ], [ 72.8436613, 21.292476 ], [ 72.843697, 21.2925154 ], [ 72.8438109, 21.2924699 ], [ 72.843928, 21.2924669 ], [ 72.8440418, 21.2925457 ], [ 72.8441204, 21.2925985 ], [ 72.844139, 21.2926223 ], [ 72.8441258, 21.292646 ], [ 72.8440776, 21.292682 ], [ 72.84398, 21.2927214 ], [ 72.8438694, 21.2927426 ], [ 72.8438206, 21.2927123 ], [ 72.84375, 21.2927779 ], [ 72.843646, 21.2928048 ], [ 72.8435781, 21.292871 ], [ 72.8435214, 21.2929396 ], [ 72.8435019, 21.2930184 ], [ 72.8435051, 21.2931154 ], [ 72.8435539, 21.293176 ], [ 72.8435702, 21.293276 ], [ 72.8435865, 21.2933305 ], [ 72.8435507, 21.2933548 ], [ 72.8435051, 21.2933942 ], [ 72.8433198, 21.2934608 ], [ 72.8432254, 21.2935245 ], [ 72.8430856, 21.2935699 ], [ 72.8429425, 21.2936518 ], [ 72.8427994, 21.2936881 ], [ 72.8426433, 21.2937215 ], [ 72.8425554, 21.2937548 ], [ 72.8424156, 21.2937669 ], [ 72.8423538, 21.2938093 ], [ 72.842266, 21.2937942 ], [ 72.8421782, 21.2938427 ], [ 72.8421359, 21.2938457 ], [ 72.8420708, 21.2938396 ] ] ] } },
{ "type": "Feature", "properties": { "element": "way", "id": 1533161404, "waterway": null }, "geometry": { "type": "Polygon", "coordinates": [ [ [ 72.7810076, 21.2644026 ], [ 72.7810045, 21.2644233 ], [ 72.7810088, 21.2644537 ], [ 72.7810365, 21.2644916 ], [ 72.7810667, 21.2645111 ], [ 72.7810988, 21.2645347 ], [ 72.7811456, 21.2645588 ], [ 72.7812078, 21.2645806 ], [ 72.7812701, 21.2645898 ], [ 72.7813212, 21.2646088 ], [ 72.7813853, 21.2646352 ], [ 72.7814938, 21.2646742 ], [ 72.7815387, 21.2647138 ], [ 72.7815979, 21.2647575 ], [ 72.7816398, 21.2647948 ], [ 72.7816737, 21.2648333 ], [ 72.7817008, 21.2648568 ], [ 72.7817378, 21.2648672 ], [ 72.781768, 21.2648614 ], [ 72.7818012, 21.2648459 ], [ 72.781837, 21.2648178 ], [ 72.7818585, 21.264781 ], [ 72.7818616, 21.2646524 ], [ 72.7818524, 21.2646197 ], [ 72.7818401, 21.2645709 ], [ 72.7818425, 21.2645439 ], [ 72.7818549, 21.2645157 ], [ 72.7818696, 21.2644755 ], [ 72.7818894, 21.2644399 ], [ 72.7819171, 21.2643997 ], [ 72.7819522, 21.2643578 ], [ 72.7819898, 21.2643044 ], [ 72.7820058, 21.2642659 ], [ 72.782028, 21.2642074 ], [ 72.7820403, 21.2641488 ], [ 72.7820502, 21.2640695 ], [ 72.7820403, 21.2640023 ], [ 72.7820206, 21.263953 ], [ 72.7819799, 21.2638731 ], [ 72.7819479, 21.2638479 ], [ 72.7819165, 21.2638226 ], [ 72.7818949, 21.2638123 ], [ 72.7818727, 21.2637985 ], [ 72.7818321, 21.2637881 ], [ 72.7817963, 21.2637761 ], [ 72.7817421, 21.2637675 ], [ 72.7816909, 21.2637635 ], [ 72.7816534, 21.263768 ], [ 72.781596, 21.2637853 ], [ 72.7815591, 21.2638048 ], [ 72.781543, 21.2638105 ], [ 72.7815227, 21.2638266 ], [ 72.7814925, 21.2638381 ], [ 72.7814673, 21.2638582 ], [ 72.7814463, 21.2638743 ], [ 72.7814254, 21.2639059 ], [ 72.7814124, 21.2639398 ], [ 72.7813927, 21.2639845 ], [ 72.7813871, 21.2640408 ], [ 72.7813865, 21.2641 ], [ 72.7813921, 21.2641333 ], [ 72.7813871, 21.2641649 ], [ 72.7813822, 21.2642022 ], [ 72.7813409, 21.2642636 ], [ 72.7813249, 21.2642722 ], [ 72.781307, 21.2642843 ], [ 72.7812503, 21.2642975 ], [ 72.781198, 21.2642975 ], [ 72.7811536, 21.2642923 ], [ 72.7811031, 21.2642958 ], [ 72.7810784, 21.2643021 ], [ 72.7810544, 21.2643205 ], [ 72.7810316, 21.2643567 ], [ 72.7810162, 21.2643785 ], [ 72.7810076, 21.2644026 ] ] ] } },
{ "type": "Feature", "properties": { "element": "way", "id": 1533161776, "waterway": null }, "geometry": { "type": "Polygon", "coordinates": [ [ [ 72.7445344, 21.2636839 ], [ 72.7445591, 21.2636639 ], [ 72.7446095, 21.2636419 ], [ 72.74466, 21.2636219 ], [ 72.7447061, 21.2636119 ], [ 72.7447297, 21.2636179 ], [ 72.7447479, 21.2636329 ], [ 72.7447533, 21.2636489 ], [ 72.7447383, 21.2636709 ], [ 72.7447072, 21.2636969 ], [ 72.7446546, 21.2637339 ], [ 72.7446095, 21.2637769 ], [ 72.7445913, 21.2638119 ], [ 72.7445709, 21.2638439 ], [ 72.7445655, 21.2639129 ], [ 72.7445655, 21.2639669 ], [ 72.7445634, 21.2640189 ], [ 72.744557, 21.2640699 ], [ 72.744557, 21.2640969 ], [ 72.7445623, 21.2641539 ], [ 72.7445709, 21.2642378 ], [ 72.7445763, 21.2642888 ], [ 72.7446106, 21.2643188 ], [ 72.7446578, 21.2643338 ], [ 72.7447082, 21.2643298 ], [ 72.744749, 21.2643378 ], [ 72.7448338, 21.2643508 ], [ 72.744882, 21.2643708 ], [ 72.7449056, 21.2644168 ], [ 72.744925, 21.2644738 ], [ 72.7449024, 21.2645298 ], [ 72.7449003, 21.2645428 ], [ 72.7449014, 21.2646008 ], [ 72.7448917, 21.2647018 ], [ 72.7448713, 21.2647848 ], [ 72.7448617, 21.2648547 ], [ 72.7448381, 21.2649247 ], [ 72.7448209, 21.2649597 ], [ 72.7447855, 21.2650207 ], [ 72.7447576, 21.2650747 ], [ 72.7446889, 21.2651247 ], [ 72.7446331, 21.2651247 ], [ 72.7445849, 21.2651227 ], [ 72.7445323, 21.2651007 ], [ 72.7444979, 21.2650977 ], [ 72.74444, 21.2651027 ], [ 72.7443799, 21.2651007 ], [ 72.7443392, 21.2651007 ], [ 72.7442995, 21.2651067 ], [ 72.7442329, 21.2651037 ], [ 72.7441632, 21.2650997 ], [ 72.7440945, 21.2650917 ], [ 72.7440388, 21.2650917 ], [ 72.743998, 21.2650837 ], [ 72.7439744, 21.2650647 ], [ 72.743954, 21.2650487 ], [ 72.7439454, 21.2650177 ], [ 72.7439411, 21.2649787 ], [ 72.7439368, 21.2649167 ], [ 72.7439368, 21.2648407 ], [ 72.7439336, 21.2648217 ], [ 72.7439679, 21.2647768 ], [ 72.7439926, 21.2647388 ], [ 72.7440141, 21.2646988 ], [ 72.7439991, 21.2646578 ], [ 72.7440098, 21.2646148 ], [ 72.7440055, 21.2645898 ], [ 72.7440001, 21.2645698 ], [ 72.7439905, 21.2645608 ], [ 72.7440119, 21.2645218 ], [ 72.7440259, 21.2644938 ], [ 72.7440366, 21.2644508 ], [ 72.7440398, 21.2644188 ], [ 72.7440463, 21.2643828 ], [ 72.7440731, 21.2643518 ], [ 72.7440956, 21.2643028 ], [ 72.7441053, 21.2642798 ], [ 72.7441149, 21.2642438 ], [ 72.7441267, 21.2641948 ], [ 72.7441192, 21.2641509 ], [ 72.7441214, 21.2641129 ], [ 72.74413, 21.2640779 ], [ 72.7441267, 21.2639989 ], [ 72.74416, 21.2639489 ], [ 72.7441364, 21.2638849 ], [ 72.7440881, 21.2638379 ], [ 72.7440591, 21.2638329 ], [ 72.7440409, 21.2638089 ], [ 72.7440817, 21.2637739 ], [ 72.7441407, 21.2637449 ], [ 72.7442061, 21.2637269 ], [ 72.7442973, 21.2637039 ], [ 72.7443563, 21.2636879 ], [ 72.7444186, 21.2636759 ], [ 72.7444808, 21.2636759 ], [ 72.7445344, 21.2636839 ] ] ] } },
{ "type": "Feature", "properties": { "element": "way", "id": 1533164512, "waterway": null }, "geometry": { "type": "Polygon", "coordinates": [ [ [ 72.7262427, 21.2564251 ], [ 72.7262314, 21.2564449 ], [ 72.7262328, 21.2564673 ], [ 72.7262498, 21.2564779 ], [ 72.7262781, 21.2564673 ], [ 72.7263092, 21.2564647 ], [ 72.7263305, 21.2564555 ], [ 72.7263404, 21.2564251 ], [ 72.7263531, 21.256408 ], [ 72.7263928, 21.2563987 ], [ 72.7264055, 21.2564291 ], [ 72.7264409, 21.2564093 ], [ 72.7264678, 21.2564106 ], [ 72.7265004, 21.2564317 ], [ 72.7265244, 21.2564172 ], [ 72.7264989, 21.2563829 ], [ 72.726506, 21.2563354 ], [ 72.7265471, 21.2562457 ], [ 72.726574, 21.256156 ], [ 72.726598, 21.2560623 ], [ 72.7266292, 21.2559831 ], [ 72.7266688, 21.255896 ], [ 72.7267198, 21.2558327 ], [ 72.7267651, 21.2558076 ], [ 72.7268175, 21.2557575 ], [ 72.7268854, 21.2557219 ], [ 72.7269505, 21.2556942 ], [ 72.7269944, 21.255681 ], [ 72.7270426, 21.2556625 ], [ 72.7270808, 21.2556322 ], [ 72.727078, 21.2556045 ], [ 72.7271318, 21.2555807 ], [ 72.7271629, 21.2555754 ], [ 72.7272606, 21.2555636 ], [ 72.7273469, 21.2555517 ], [ 72.727371, 21.2555781 ], [ 72.7273682, 21.255619 ], [ 72.7274234, 21.2556242 ], [ 72.7275352, 21.255619 ], [ 72.7276216, 21.2556031 ], [ 72.7277306, 21.2555596 ], [ 72.7278028, 21.255491 ], [ 72.7278481, 21.2554448 ], [ 72.7278637, 21.2553828 ], [ 72.7278467, 21.2553432 ], [ 72.7277759, 21.255334 ], [ 72.7276782, 21.2553445 ], [ 72.7275989, 21.2553525 ], [ 72.7275409, 21.255363 ], [ 72.7274758, 21.2553762 ], [ 72.7274163, 21.2553868 ], [ 72.7273611, 21.2553894 ], [ 72.7273144, 21.2554013 ], [ 72.7272408, 21.2554211 ], [ 72.7271827, 21.2554224 ], [ 72.7271091, 21.2554237 ], [ 72.7270525, 21.2554237 ], [ 72.7269944, 21.2554171 ], [ 72.726901, 21.2554052 ], [ 72.7268019, 21.2553868 ], [ 72.7267665, 21.2553709 ], [ 72.7267354, 21.2553709 ], [ 72.7266971, 21.2553736 ], [ 72.7266617, 21.2553802 ], [ 72.7266207, 21.255392 ], [ 72.7265895, 21.2553986 ], [ 72.7265726, 21.2554237 ], [ 72.7265754, 21.2554448 ], [ 72.7265952, 21.2554646 ], [ 72.7266051, 21.2555095 ], [ 72.7265988, 21.2555547 ], [ 72.7265811, 21.2555979 ], [ 72.7265656, 21.2556353 ], [ 72.7265499, 21.255681 ], [ 72.7265244, 21.2557641 ], [ 72.7265103, 21.2558459 ], [ 72.7264664, 21.2559237 ], [ 72.7264466, 21.2560161 ], [ 72.7264211, 21.2560715 ], [ 72.7263758, 21.2561454 ], [ 72.7263517, 21.2562378 ], [ 72.7263262, 21.2562998 ], [ 72.7263276, 21.2563301 ], [ 72.7262937, 21.2563697 ], [ 72.7262724, 21.2563987 ], [ 72.7262427, 21.2564251 ] ] ] } },
{ "type": "Feature", "properties": { "element": "way", "id": 1533165890, "waterway": null }, "geometry": { "type": "Polygon", "coordinates": [ [ [ 72.734022, 21.248059 ], [ 72.7340158, 21.2480831 ], [ 72.7340158, 21.2481095 ], [ 72.7340343, 21.2481428 ], [ 72.7340361, 21.2481635 ], [ 72.7340534, 21.2481911 ], [ 72.7340786, 21.2482255 ], [ 72.734086, 21.2482623 ], [ 72.7340811, 21.2482778 ], [ 72.7340934, 21.2482939 ], [ 72.734094, 21.2483065 ], [ 72.7340903, 21.248314 ], [ 72.734094, 21.2483398 ], [ 72.7341101, 21.2483565 ], [ 72.7341193, 21.2483576 ], [ 72.7341279, 21.2483685 ], [ 72.7341446, 21.2483881 ], [ 72.734144, 21.2484076 ], [ 72.7341926, 21.2484398 ], [ 72.7342136, 21.2484478 ], [ 72.7342438, 21.2484622 ], [ 72.7342623, 21.2484512 ], [ 72.7342857, 21.2484656 ], [ 72.7343294, 21.2484587 ], [ 72.7343411, 21.248457 ], [ 72.7343646, 21.2484541 ], [ 72.7343781, 21.2484547 ], [ 72.7344114, 21.2484576 ], [ 72.7344274, 21.2484599 ], [ 72.7344527, 21.2484541 ], [ 72.7344718, 21.2484461 ], [ 72.7345007, 21.2484478 ], [ 72.7345396, 21.2484432 ], [ 72.734563, 21.2484375 ], [ 72.7346215, 21.248434 ], [ 72.7346529, 21.2484375 ], [ 72.734669, 21.2484214 ], [ 72.7346887, 21.2484288 ], [ 72.7347257, 21.2484151 ], [ 72.734754, 21.2483846 ], [ 72.7347694, 21.2483611 ], [ 72.734778, 21.2483421 ], [ 72.7347774, 21.2483169 ], [ 72.7347731, 21.2483025 ], [ 72.7347713, 21.2482801 ], [ 72.7347663, 21.2482617 ], [ 72.7347651, 21.2482433 ], [ 72.73477, 21.2482204 ], [ 72.7347867, 21.2482089 ], [ 72.7348008, 21.2482037 ], [ 72.7348052, 21.2481836 ], [ 72.7348052, 21.2481629 ], [ 72.7348002, 21.2481463 ], [ 72.7347996, 21.2481135 ], [ 72.7347959, 21.2480837 ], [ 72.7347947, 21.2480584 ], [ 72.7347996, 21.248028 ], [ 72.7348089, 21.2479987 ], [ 72.7348125, 21.2479843 ], [ 72.7348113, 21.2479648 ], [ 72.7348113, 21.2479412 ], [ 72.7348113, 21.2479229 ], [ 72.734815, 21.2478896 ], [ 72.734815, 21.2478608 ], [ 72.7348082, 21.2478494 ], [ 72.7347959, 21.2478402 ], [ 72.7347842, 21.2478338 ], [ 72.7347904, 21.2478252 ], [ 72.7347984, 21.2478172 ], [ 72.7348039, 21.2477936 ], [ 72.7348052, 21.2477735 ], [ 72.7348021, 21.24775 ], [ 72.7348033, 21.2477322 ], [ 72.7348119, 21.2477132 ], [ 72.7348175, 21.2477029 ], [ 72.7348169, 21.2476788 ], [ 72.7348169, 21.2476604 ], [ 72.734823, 21.2476415 ], [ 72.7348317, 21.2476168 ], [ 72.7348403, 21.2476041 ], [ 72.7348434, 21.2475903 ], [ 72.7348397, 21.2475737 ], [ 72.7348249, 21.2475593 ], [ 72.7348243, 21.2475398 ], [ 72.7348156, 21.2475214 ], [ 72.7348144, 21.2475088 ], [ 72.7348144, 21.2474956 ], [ 72.7348021, 21.2474847 ], [ 72.7347811, 21.2474783 ], [ 72.7347663, 21.2474692 ], [ 72.7347608, 21.2474502 ], [ 72.7347515, 21.2474221 ], [ 72.7347552, 21.2473968 ], [ 72.7347669, 21.247375 ], [ 72.7347836, 21.2473681 ], [ 72.734799, 21.2473761 ], [ 72.7348224, 21.2473773 ], [ 72.7348286, 21.2473727 ], [ 72.7348329, 21.2473629 ], [ 72.7348224, 21.2473394 ], [ 72.7348002, 21.247325 ], [ 72.7347669, 21.2473037 ], [ 72.7347232, 21.2472905 ], [ 72.734685, 21.2472739 ], [ 72.7346597, 21.2472647 ], [ 72.7346228, 21.2472567 ], [ 72.7345704, 21.2472515 ], [ 72.7345328, 21.2472475 ], [ 72.7344724, 21.2472434 ], [ 72.7344293, 21.2472406 ], [ 72.7343867, 21.2472406 ], [ 72.7343602, 21.2472452 ], [ 72.7343042, 21.2472463 ], [ 72.7342598, 21.2472434 ], [ 72.7342148, 21.2472354 ], [ 72.7341889, 21.2472423 ], [ 72.7341649, 21.2472503 ], [ 72.7341255, 21.2472756 ], [ 72.7340922, 21.2472963 ], [ 72.73407, 21.2473187 ], [ 72.7340423, 21.2473434 ], [ 72.7340078, 21.2473928 ], [ 72.7339782, 21.2474221 ], [ 72.7339301, 21.2474387 ], [ 72.7339073, 21.2474582 ], [ 72.7338932, 21.2474875 ], [ 72.733871, 21.2475266 ], [ 72.7338562, 21.2475501 ], [ 72.7338469, 21.2475656 ], [ 72.7338328, 21.2475788 ], [ 72.7338118, 21.2475932 ], [ 72.7337903, 21.2476168 ], [ 72.7337761, 21.2476415 ], [ 72.7337705, 21.247665 ], [ 72.7337588, 21.2476949 ], [ 72.7337576, 21.2477448 ], [ 72.7337545, 21.2477919 ], [ 72.733749, 21.2478155 ], [ 72.7337687, 21.2478425 ], [ 72.7337964, 21.2478706 ], [ 72.7337816, 21.247889 ], [ 72.7337712, 21.2479234 ], [ 72.7337545, 21.2479435 ], [ 72.733736, 21.2479527 ], [ 72.7337299, 21.2479665 ], [ 72.7337274, 21.2479889 ], [ 72.7337274, 21.2480188 ], [ 72.7337348, 21.2480211 ], [ 72.7337477, 21.2480033 ], [ 72.7337668, 21.248001 ], [ 72.7337835, 21.2480165 ], [ 72.7337933, 21.24804 ], [ 72.7338272, 21.2480159 ], [ 72.733855, 21.2480159 ], [ 72.7338747, 21.2480337 ], [ 72.7338888, 21.2480446 ], [ 72.7339141, 21.2480481 ], [ 72.7339289, 21.2480377 ], [ 72.7339289, 21.2480521 ], [ 72.7339357, 21.2480653 ], [ 72.7339542, 21.2480802 ], [ 72.7339745, 21.2480854 ], [ 72.7339899, 21.2480774 ], [ 72.7339961, 21.2480647 ], [ 72.7340084, 21.2480584 ], [ 72.734022, 21.248059 ] ] ] } },
{ "type": "Feature", "properties": { "element": "way", "id": 1533167083, "waterway": null }, "geometry": { "type": "Polygon", "coordinates": [ [ [ 72.7425583, 21.2377805 ], [ 72.7425919, 21.2377318 ], [ 72.7426162, 21.2376708 ], [ 72.7426293, 21.2376186 ], [ 72.7426535, 21.2375577 ], [ 72.7426816, 21.2375037 ], [ 72.742732, 21.2373923 ], [ 72.7427469, 21.2373244 ], [ 72.7427862, 21.2372652 ], [ 72.742831, 21.237246 ], [ 72.742874, 21.2372739 ], [ 72.7429823, 21.2373052 ], [ 72.743057, 21.2373348 ], [ 72.7431261, 21.2373731 ], [ 72.7432214, 21.2374114 ], [ 72.7432887, 21.2374654 ], [ 72.743354, 21.2375298 ], [ 72.743354, 21.2376221 ], [ 72.7433653, 21.2376813 ], [ 72.7433839, 21.2377596 ], [ 72.7433895, 21.2378276 ], [ 72.7433653, 21.2378868 ], [ 72.7433316, 21.2378868 ], [ 72.7432849, 21.237878 ], [ 72.743255, 21.2378624 ], [ 72.7431953, 21.2378693 ], [ 72.743156, 21.2378676 ], [ 72.7430645, 21.2378606 ], [ 72.7430029, 21.2378432 ], [ 72.7429281, 21.2378415 ], [ 72.7428422, 21.2378345 ], [ 72.7427357, 21.2378276 ], [ 72.7426414, 21.2378093 ], [ 72.7425583, 21.2377805 ] ] ] } },
{ "type": "Feature", "properties": { "element": "way", "id": 1533167084, "waterway": null }, "geometry": { "type": "Polygon", "coordinates": [ [ [ 72.7434775, 21.2390078 ], [ 72.743429, 21.2389486 ], [ 72.7433785, 21.2388842 ], [ 72.7433487, 21.2388546 ], [ 72.7433449, 21.2388076 ], [ 72.7433393, 21.2387658 ], [ 72.7433225, 21.2387501 ], [ 72.7433599, 21.2386961 ], [ 72.7433879, 21.2386404 ], [ 72.7433692, 21.2385551 ], [ 72.7433692, 21.2385046 ], [ 72.7433655, 21.2384681 ], [ 72.7433356, 21.2384315 ], [ 72.7433169, 21.2383862 ], [ 72.7433094, 21.238327 ], [ 72.7433487, 21.238287 ], [ 72.7434215, 21.2382852 ], [ 72.7434831, 21.2382852 ], [ 72.7435056, 21.2382556 ], [ 72.7435317, 21.2382121 ], [ 72.7435616, 21.2381947 ], [ 72.7436008, 21.2381668 ], [ 72.7436326, 21.2380955 ], [ 72.7436812, 21.2380484 ], [ 72.7437241, 21.2380345 ], [ 72.7437783, 21.2380345 ], [ 72.7438904, 21.2380328 ], [ 72.7438773, 21.2381007 ], [ 72.7439352, 21.2381407 ], [ 72.7439912, 21.2381982 ], [ 72.7440286, 21.2382487 ], [ 72.744051, 21.2383009 ], [ 72.7440342, 21.2383758 ], [ 72.744023, 21.2384263 ], [ 72.7440174, 21.238482 ], [ 72.7440043, 21.2385447 ], [ 72.7439688, 21.2385307 ], [ 72.7439445, 21.2385325 ], [ 72.7439352, 21.238583 ], [ 72.7438866, 21.2386352 ], [ 72.7438455, 21.2386387 ], [ 72.7438157, 21.2386039 ], [ 72.743782, 21.2385847 ], [ 72.7437746, 21.2386039 ], [ 72.7437484, 21.2386439 ], [ 72.7437054, 21.238724 ], [ 72.7436587, 21.2387971 ], [ 72.7436438, 21.2388494 ], [ 72.7435896, 21.2388964 ], [ 72.7435653, 21.2389451 ], [ 72.7435186, 21.2389904 ], [ 72.7434775, 21.2390078 ] ] ] } },
{ "type": "Feature", "properties": { "element": "way", "id": 1533169358, "waterway": null }, "geometry": { "type": "Polygon", "coordinates": [ [ [ 72.7386074, 21.2309361 ], [ 72.7386912, 21.2309407 ], [ 72.7388588, 21.2309614 ], [ 72.7389426, 21.2309591 ], [ 72.739019, 21.2309568 ], [ 72.7391373, 21.2309499 ], [ 72.7392211, 21.2309338 ], [ 72.7393468, 21.2308419 ], [ 72.7394355, 21.2307822 ], [ 72.7394331, 21.2307363 ], [ 72.7394109, 21.2307133 ], [ 72.7391669, 21.2306168 ], [ 72.7390214, 21.2305869 ], [ 72.7388736, 21.2305571 ], [ 72.738775, 21.2305456 ], [ 72.7387059, 21.2305272 ], [ 72.7386567, 21.2305272 ], [ 72.7386123, 21.2305571 ], [ 72.7385605, 21.2305456 ], [ 72.7385383, 21.2305065 ], [ 72.7384743, 21.2304606 ], [ 72.7383214, 21.2303847 ], [ 72.7381883, 21.2303365 ], [ 72.7381079, 21.2303101 ], [ 72.7379369, 21.2303342 ], [ 72.7378087, 21.2303273 ], [ 72.7376929, 21.2303227 ], [ 72.7376214, 21.2303526 ], [ 72.737582, 21.2304146 ], [ 72.7375387, 21.2304797 ], [ 72.7374711, 21.2306513 ], [ 72.7374218, 21.2308465 ], [ 72.7373947, 21.2310166 ], [ 72.7374193, 21.2311406 ], [ 72.7375351, 21.2312463 ], [ 72.7376066, 21.2313658 ], [ 72.7376461, 21.2315013 ], [ 72.7376461, 21.2315519 ], [ 72.7376485, 21.2316691 ], [ 72.7376658, 21.2317035 ], [ 72.7377052, 21.2316989 ], [ 72.7377545, 21.2316369 ], [ 72.7377767, 21.2315266 ], [ 72.737794, 21.2314163 ], [ 72.7378408, 21.2312739 ], [ 72.7379468, 21.2311383 ], [ 72.7380133, 21.2310418 ], [ 72.7381095, 21.2309499 ], [ 72.7382228, 21.2308879 ], [ 72.7384028, 21.2308994 ], [ 72.7386074, 21.2309361 ] ] ] } },
{ "type": "Feature", "properties": { "element": "way", "id": 1533169359, "waterway": null }, "geometry": { "type": "Polygon", "coordinates": [ [ [ 72.7307671, 21.2290043 ], [ 72.7308209, 21.2289277 ], [ 72.7307643, 21.2288433 ], [ 72.7307983, 21.2287799 ], [ 72.7307813, 21.2287377 ], [ 72.7308237, 21.2286691 ], [ 72.7307841, 21.2285899 ], [ 72.7307473, 21.2285635 ], [ 72.7307445, 21.2285239 ], [ 72.7307699, 21.2284579 ], [ 72.730736, 21.2284342 ], [ 72.7306652, 21.2284236 ], [ 72.7306199, 21.2285134 ], [ 72.7306086, 21.2286401 ], [ 72.7305831, 21.2287747 ], [ 72.7306284, 21.2289093 ], [ 72.730651, 21.2290729 ], [ 72.730617, 21.2291389 ], [ 72.7304868, 21.2291705 ], [ 72.7302716, 21.2291415 ], [ 72.7303339, 21.228772 ], [ 72.7304698, 21.2283286 ], [ 72.730501, 21.2279116 ], [ 72.7304415, 21.2278192 ], [ 72.7303198, 21.227711 ], [ 72.73045, 21.2276846 ], [ 72.7306907, 21.2277506 ], [ 72.730937, 21.227843 ], [ 72.7311324, 21.2279934 ], [ 72.7311833, 21.2280515 ], [ 72.7311578, 21.228136 ], [ 72.7310842, 21.2282204 ], [ 72.7310927, 21.2283286 ], [ 72.7312371, 21.2284157 ], [ 72.7312937, 21.2285002 ], [ 72.7313136, 21.2286823 ], [ 72.7312541, 21.2287931 ], [ 72.7312201, 21.2288749 ], [ 72.731155, 21.2289805 ], [ 72.7310701, 21.2290359 ], [ 72.7309936, 21.2290782 ], [ 72.7309058, 21.2291283 ], [ 72.7308237, 21.2291283 ], [ 72.7307614, 21.2290966 ], [ 72.7307671, 21.2290043 ] ] ] } },
{ "type": "Feature", "properties": { "element": "way", "id": 1533461786, "waterway": null }, "geometry": { "type": "Polygon", "coordinates": [ [ [ 72.7271995, 21.2367094 ], [ 72.7271673, 21.2366991 ], [ 72.7271528, 21.2366866 ], [ 72.7271506, 21.236639 ], [ 72.7271584, 21.2366048 ], [ 72.7271628, 21.2365737 ], [ 72.7271817, 21.2365499 ], [ 72.7272284, 21.2365261 ], [ 72.7272684, 21.2365188 ], [ 72.7272951, 21.2365385 ], [ 72.7273073, 21.2365644 ], [ 72.727344, 21.2365654 ], [ 72.7273595, 21.2365468 ], [ 72.7273584, 21.236524 ], [ 72.7273507, 21.2365084 ], [ 72.7273751, 21.2364991 ], [ 72.7274051, 21.236496 ], [ 72.7274718, 21.2364753 ], [ 72.7275663, 21.2364556 ], [ 72.7276663, 21.2364484 ], [ 72.7277563, 21.2364225 ], [ 72.7277986, 21.2364225 ], [ 72.7278608, 21.2364349 ], [ 72.7278708, 21.2364183 ], [ 72.7278975, 21.2363893 ], [ 72.7279308, 21.2363748 ], [ 72.7279664, 21.2363562 ], [ 72.7280164, 21.2363448 ], [ 72.7280809, 21.2363396 ], [ 72.7281287, 21.2363251 ], [ 72.728172, 21.2363251 ], [ 72.7282509, 21.2363157 ], [ 72.728311, 21.2363147 ], [ 72.7283921, 21.2363095 ], [ 72.7284599, 21.2363137 ], [ 72.7284766, 21.2363282 ], [ 72.7284832, 21.2363448 ], [ 72.7284866, 21.2363717 ], [ 72.728471, 21.2363872 ], [ 72.7284477, 21.236409 ], [ 72.7283843, 21.2364193 ], [ 72.7283754, 21.2364349 ], [ 72.7283565, 21.2364629 ], [ 72.7283265, 21.2364857 ], [ 72.7282987, 21.2365116 ], [ 72.7282854, 21.2365343 ], [ 72.7282787, 21.2365996 ], [ 72.728311, 21.2366348 ], [ 72.7283165, 21.2366742 ], [ 72.7283665, 21.2367125 ], [ 72.7283621, 21.236755 ], [ 72.7283576, 21.2367944 ], [ 72.7283654, 21.2368286 ], [ 72.7283977, 21.236869 ], [ 72.7284366, 21.2368897 ], [ 72.7284566, 21.2369114 ], [ 72.7284577, 21.2369622 ], [ 72.7284421, 21.2370161 ], [ 72.7284343, 21.2370461 ], [ 72.728451, 21.2370886 ], [ 72.7284577, 21.2371363 ], [ 72.7284632, 21.2371663 ], [ 72.7284632, 21.2371839 ], [ 72.7284432, 21.2372026 ], [ 72.7284288, 21.237214 ], [ 72.7284143, 21.2372295 ], [ 72.7284043, 21.237243 ], [ 72.7283921, 21.2372689 ], [ 72.7283788, 21.2372989 ], [ 72.7283376, 21.2373113 ], [ 72.7282676, 21.237331 ], [ 72.7282143, 21.2373393 ], [ 72.7281743, 21.2373445 ], [ 72.7281109, 21.23736 ], [ 72.728072, 21.237358 ], [ 72.7280409, 21.2373714 ], [ 72.7280198, 21.2373787 ], [ 72.7279953, 21.237358 ], [ 72.7279475, 21.2372999 ], [ 72.7279131, 21.2372585 ], [ 72.7278919, 21.2372326 ], [ 72.7278808, 21.2372057 ], [ 72.7278742, 21.2371798 ], [ 72.7278541, 21.237158 ], [ 72.7278319, 21.2371363 ], [ 72.7278052, 21.2371249 ], [ 72.727743, 21.2371021 ], [ 72.7276896, 21.2370762 ], [ 72.7276674, 21.2370534 ], [ 72.7276552, 21.2370327 ], [ 72.7276252, 21.2370109 ], [ 72.7275829, 21.2369933 ], [ 72.7275396, 21.2369695 ], [ 72.7274762, 21.2369405 ], [ 72.7274362, 21.2369063 ], [ 72.727384, 21.2368824 ], [ 72.7273562, 21.2368596 ], [ 72.7273229, 21.2368275 ], [ 72.7272962, 21.2368089 ], [ 72.7272873, 21.2367737 ], [ 72.7272717, 21.2367633 ], [ 72.7272673, 21.2367426 ], [ 72.7272695, 21.236725 ], [ 72.7272751, 21.2366929 ], [ 72.7272617, 21.2366659 ], [ 72.7272328, 21.2366618 ], [ 72.7272128, 21.2366732 ], [ 72.7272139, 21.2367022 ], [ 72.7271995, 21.2367094 ] ] ] } },
{ "type": "Feature", "properties": { "element": "way", "id": 1533462484, "waterway": null }, "geometry": { "type": "Polygon", "coordinates": [ [ [ 72.7294985, 21.2094702 ], [ 72.7295198, 21.2094088 ], [ 72.7295392, 21.2093114 ], [ 72.7295701, 21.2092411 ], [ 72.729605, 21.2092176 ], [ 72.7296263, 21.2092122 ], [ 72.7296553, 21.2091779 ], [ 72.7296669, 21.2091599 ], [ 72.7297172, 21.2091418 ], [ 72.7297927, 21.2091454 ], [ 72.7298488, 21.2091527 ], [ 72.7299049, 21.2091635 ], [ 72.729963, 21.2091635 ], [ 72.7300288, 21.2091707 ], [ 72.7301004, 21.2091707 ], [ 72.7301526, 21.2091617 ], [ 72.7302146, 21.20914 ], [ 72.7303036, 21.2091256 ], [ 72.7303713, 21.2091166 ], [ 72.7304371, 21.2090949 ], [ 72.7305087, 21.2090444 ], [ 72.730559, 21.2090372 ], [ 72.730621, 21.2090192 ], [ 72.7306867, 21.2089957 ], [ 72.7307138, 21.2089795 ], [ 72.7307564, 21.2089686 ], [ 72.7308396, 21.2089542 ], [ 72.7308822, 21.2089506 ], [ 72.7309596, 21.208938 ], [ 72.7310331, 21.2089253 ], [ 72.7311047, 21.2089145 ], [ 72.7311609, 21.2089055 ], [ 72.7312267, 21.2089037 ], [ 72.7313254, 21.2089163 ], [ 72.7313834, 21.2089398 ], [ 72.7314821, 21.2089452 ], [ 72.7315537, 21.208956 ], [ 72.7316331, 21.2089632 ], [ 72.7317317, 21.2089795 ], [ 72.7318188, 21.2090047 ], [ 72.7318982, 21.209048 ], [ 72.7319388, 21.2091166 ], [ 72.7319233, 21.2091599 ], [ 72.731904, 21.2091905 ], [ 72.7318711, 21.209232 ], [ 72.7318285, 21.2092501 ], [ 72.7318285, 21.209288 ], [ 72.7317627, 21.2092753 ], [ 72.7316872, 21.2092483 ], [ 72.7316272, 21.2092411 ], [ 72.7315498, 21.2092356 ], [ 72.7315111, 21.2092302 ], [ 72.731484, 21.2092176 ], [ 72.7314028, 21.2092212 ], [ 72.731306, 21.2092302 ], [ 72.731277, 21.209223 ], [ 72.7312267, 21.2092194 ], [ 72.7311667, 21.2092356 ], [ 72.7311415, 21.2092555 ], [ 72.7310989, 21.209297 ], [ 72.7310796, 21.2093475 ], [ 72.7310544, 21.2093944 ], [ 72.731037, 21.2094485 ], [ 72.731008, 21.209499 ], [ 72.7309441, 21.2095045 ], [ 72.7309093, 21.2094864 ], [ 72.7308687, 21.2094648 ], [ 72.7307584, 21.2094666 ], [ 72.7306693, 21.2094612 ], [ 72.7306268, 21.2094666 ], [ 72.7305416, 21.2094738 ], [ 72.7304874, 21.209481 ], [ 72.730412, 21.2094702 ], [ 72.7303365, 21.2094702 ], [ 72.730232, 21.2094666 ], [ 72.730143, 21.2094756 ], [ 72.7300443, 21.20949 ], [ 72.729992, 21.2095081 ], [ 72.7299262, 21.2094972 ], [ 72.7298237, 21.2094954 ], [ 72.7297443, 21.2095027 ], [ 72.7296998, 21.2095171 ], [ 72.7296476, 21.2095171 ], [ 72.729605, 21.2095063 ], [ 72.7295779, 21.2095117 ], [ 72.7295314, 21.2094972 ], [ 72.7294985, 21.2094702 ] ] ] } },
{ "type": "Feature", "properties": { "element": "way", "id": 1533462485, "waterway": null }, "geometry": { "type": "Polygon", "coordinates": [ [ [ 72.7340492, 21.2102665 ], [ 72.7340023, 21.2102583 ], [ 72.7339818, 21.2102255 ], [ 72.7339818, 21.2101626 ], [ 72.7339818, 21.2100778 ], [ 72.7339788, 21.2099876 ], [ 72.7339524, 21.209911 ], [ 72.733926, 21.2098372 ], [ 72.7339055, 21.2097825 ], [ 72.7338996, 21.2097086 ], [ 72.733926, 21.209591 ], [ 72.7339495, 21.20955 ], [ 72.733973, 21.2095364 ], [ 72.7340727, 21.2095692 ], [ 72.7341548, 21.2096239 ], [ 72.7342282, 21.2096813 ], [ 72.7343044, 21.2097551 ], [ 72.7344423, 21.2098235 ], [ 72.7345596, 21.20987 ], [ 72.7347708, 21.2099219 ], [ 72.7348588, 21.2099684 ], [ 72.7349937, 21.210034 ], [ 72.735114, 21.2100833 ], [ 72.7352196, 21.2101407 ], [ 72.7353076, 21.210209 ], [ 72.7354249, 21.2102883 ], [ 72.7355657, 21.2103348 ], [ 72.7356771, 21.2103731 ], [ 72.7357065, 21.210395 ], [ 72.7356596, 21.2105016 ], [ 72.7355921, 21.2106083 ], [ 72.7355657, 21.2106548 ], [ 72.7355041, 21.2107505 ], [ 72.7354777, 21.2107833 ], [ 72.7354513, 21.2108681 ], [ 72.7353662, 21.2109474 ], [ 72.7351081, 21.2108052 ], [ 72.7349849, 21.2107341 ], [ 72.7346241, 21.2105591 ], [ 72.7343983, 21.2104497 ], [ 72.734149, 21.2103184 ], [ 72.7340492, 21.2102665 ] ] ] } },
{ "type": "Feature", "properties": { "element": "way", "id": 1550225172, "waterway": "canal" }, "geometry": { "type": "LineString", "coordinates": [ [ 72.7508658, 21.1212098 ], [ 72.7509713, 21.1211124 ], [ 72.7510424, 21.1210252 ], [ 72.7510555, 21.1209277 ], [ 72.7510394, 21.1208439 ], [ 72.7505317, 21.1200321 ], [ 72.7504625, 21.1199135 ], [ 72.7498598, 21.1190267 ], [ 72.7498072, 21.1189373 ], [ 72.7497983, 21.1188511 ], [ 72.749806, 21.1187014 ], [ 72.7497833, 21.1185686 ], [ 72.7497821, 21.1184633 ], [ 72.7498488, 21.1183794 ], [ 72.7498846, 21.11831 ], [ 72.7498403, 21.1179207 ], [ 72.7499151, 21.1172921 ], [ 72.7499455, 21.1169223 ], [ 72.7499628, 21.116384 ], [ 72.7500524, 21.1160658 ], [ 72.7502179, 21.1155376 ], [ 72.7503212, 21.1153142 ], [ 72.7503747, 21.1152032 ], [ 72.7505027, 21.1149034 ], [ 72.7505836, 21.1146273 ], [ 72.7506897, 21.1143069 ], [ 72.7507209, 21.1141143 ], [ 72.7507052, 21.113936 ], [ 72.7506803, 21.1133857 ], [ 72.750616, 21.112311 ], [ 72.7505953, 21.1118817 ], [ 72.7505711, 21.1114277 ], [ 72.7505131, 21.1110382 ], [ 72.7504667, 21.1109365 ], [ 72.7504286, 21.1106751 ], [ 72.7503905, 21.1104543 ], [ 72.7503452, 21.1100001 ], [ 72.7503344, 21.1097743 ], [ 72.7503435, 21.109694 ], [ 72.7503534, 21.1095523 ], [ 72.7503362, 21.1090958 ], [ 72.750183, 21.1072573 ], [ 72.7501774, 21.1070964 ], [ 72.7501616, 21.1070058 ], [ 72.7501025, 21.1068926 ], [ 72.7497864, 21.1063103 ], [ 72.749729, 21.1061917 ], [ 72.7496867, 21.1060826 ], [ 72.749631, 21.1059822 ], [ 72.7495446, 21.1058763 ], [ 72.7491942, 21.1054543 ], [ 72.7490519, 21.105239 ], [ 72.7489511, 21.1050621 ], [ 72.7488894, 21.1049636 ], [ 72.7488184, 21.104835 ], [ 72.7487158, 21.1046941 ], [ 72.7485914, 21.1045105 ], [ 72.7484511, 21.104241 ], [ 72.7484222, 21.1041742 ], [ 72.7483406, 21.1039603 ], [ 72.7482843, 21.103754 ], [ 72.7482592, 21.1035921 ], [ 72.7482231, 21.103452 ], [ 72.7482013, 21.1034074 ], [ 72.7481297, 21.1033652 ], [ 72.74804, 21.1033223 ], [ 72.7479681, 21.1032389 ], [ 72.7478757, 21.1031581 ], [ 72.7477089, 21.1030056 ], [ 72.7476477, 21.1029135 ], [ 72.7476272, 21.1027741 ], [ 72.7475601, 21.1024649 ], [ 72.7475601, 21.1023459 ], [ 72.7475496, 21.1021899 ], [ 72.7475396, 21.1021089 ], [ 72.7474904, 21.1020027 ], [ 72.747419, 21.1016851 ], [ 72.7474026, 21.1015917 ], [ 72.7474026, 21.1015472 ], [ 72.7474079, 21.1015129 ], [ 72.7474195, 21.1014618 ], [ 72.747399, 21.1014073 ], [ 72.7473642, 21.101338 ], [ 72.7473179, 21.1012524 ], [ 72.7473001, 21.1011938 ], [ 72.7473108, 21.1010553 ], [ 72.7473671, 21.1009233 ], [ 72.7474063, 21.1006161 ], [ 72.7474018, 21.1004698 ], [ 72.7474151, 21.1003018 ], [ 72.7474068, 21.100124 ], [ 72.7473879, 21.0999584 ], [ 72.7473853, 21.0998656 ], [ 72.7473933, 21.0997895 ], [ 72.7474238, 21.0997357 ], [ 72.7474722, 21.0996461 ], [ 72.7475098, 21.0995858 ], [ 72.7475093, 21.0995242 ], [ 72.7474671, 21.0994206 ], [ 72.7473813, 21.0993615 ], [ 72.7473321, 21.0992977 ], [ 72.7467892, 21.0986297 ], [ 72.7466858, 21.0985052 ], [ 72.7466144, 21.0983665 ], [ 72.7465058, 21.0980668 ], [ 72.7464544, 21.0979629 ], [ 72.7463984, 21.0978402 ], [ 72.7463385, 21.0977264 ], [ 72.746301, 21.0976367 ], [ 72.7462982, 21.0975407 ], [ 72.7463032, 21.0973382 ], [ 72.746255, 21.0971455 ], [ 72.7462077, 21.0969786 ], [ 72.7461533, 21.0968414 ], [ 72.7461357, 21.0967024 ], [ 72.7461467, 21.0964905 ], [ 72.7462586, 21.0937285 ], [ 72.7462883, 21.0935373 ], [ 72.7462857, 21.0933006 ], [ 72.7462286, 21.0931192 ], [ 72.7461935, 21.0929678 ], [ 72.7461591, 21.0928135 ], [ 72.7461603, 21.0926855 ], [ 72.7461593, 21.0925506 ], [ 72.7461097, 21.0923846 ], [ 72.7460131, 21.0922735 ], [ 72.7458862, 21.0921681 ], [ 72.7457743, 21.0920872 ], [ 72.7457137, 21.091987 ], [ 72.7456229, 21.0917881 ], [ 72.7455257, 21.0916149 ], [ 72.7454032, 21.0914543 ], [ 72.7452451, 21.0912248 ], [ 72.7451884, 21.0910265 ], [ 72.7451833, 21.0907593 ], [ 72.7451634, 21.0905779 ], [ 72.7451444, 21.0904515 ], [ 72.7450458, 21.0903326 ], [ 72.7448432, 21.0902325 ], [ 72.7438917, 21.0897281 ] ] } },
{ "type": "Feature", "properties": { "element": "way", "id": 1550225173, "waterway": "canal" }, "geometry": { "type": "LineString", "coordinates": [ [ 72.7393484, 21.1245496 ], [ 72.7401773, 21.1245877 ], [ 72.7402773, 21.1245895 ], [ 72.7415497, 21.1246348 ], [ 72.7417542, 21.1246298 ], [ 72.7419441, 21.1245956 ], [ 72.74237, 21.1244697 ], [ 72.742807, 21.1243561 ], [ 72.7429626, 21.1243254 ], [ 72.74323, 21.124345 ], [ 72.743437, 21.1243719 ], [ 72.743546, 21.1243967 ], [ 72.7437232, 21.124443 ], [ 72.7439702, 21.1244859 ], [ 72.7441851, 21.1244756 ], [ 72.7443701, 21.1244443 ], [ 72.7446695, 21.124356 ], [ 72.7449694, 21.1242631 ], [ 72.7451699, 21.1242066 ], [ 72.7454439, 21.1241308 ], [ 72.7456887, 21.1240864 ], [ 72.7458262, 21.1240602 ], [ 72.7459079, 21.1240394 ], [ 72.7459686, 21.12398 ], [ 72.7459972, 21.1239587 ], [ 72.7460644, 21.1239548 ], [ 72.7461625, 21.1239465 ], [ 72.7462662, 21.1239247 ], [ 72.7464703, 21.1238474 ], [ 72.7469047, 21.1237433 ], [ 72.7472888, 21.1236383 ], [ 72.7476666, 21.1234987 ], [ 72.7477259, 21.1234737 ], [ 72.7477725, 21.123521 ], [ 72.7478193, 21.1235963 ], [ 72.7478575, 21.1236193 ], [ 72.7479518, 21.1236212 ], [ 72.7480726, 21.1235882 ], [ 72.7482037, 21.1235193 ], [ 72.7483552, 21.123405 ] ] } },
{ "type": "Feature", "properties": { "element": "way", "id": 1550225174, "waterway": "canal" }, "geometry": { "type": "LineString", "coordinates": [ [ 72.7483552, 21.123405 ], [ 72.7508658, 21.1212098 ] ] } },
{ "type": "Feature", "properties": { "element": "way", "id": 1550225175, "waterway": "canal" }, "geometry": { "type": "LineString", "coordinates": [ [ 72.7438352, 21.0896286 ], [ 72.7438293, 21.0894863 ], [ 72.7438312, 21.0894141 ], [ 72.7438347, 21.0892846 ], [ 72.7438212, 21.0890436 ], [ 72.7436991, 21.0885105 ], [ 72.7435728, 21.0881459 ], [ 72.7434245, 21.0877904 ], [ 72.7432072, 21.0873072 ], [ 72.7432075, 21.0871184 ], [ 72.7432297, 21.0869863 ], [ 72.7433163, 21.0867872 ], [ 72.7434215, 21.086564 ], [ 72.7435174, 21.0864174 ], [ 72.7436675, 21.0861457 ], [ 72.7443074, 21.0851016 ], [ 72.7444318, 21.084902 ], [ 72.7445981, 21.0845435 ], [ 72.7446799, 21.0842922 ], [ 72.7446916, 21.0841346 ], [ 72.744745, 21.0840418 ], [ 72.7448867, 21.0838602 ], [ 72.7450335, 21.08371 ], [ 72.7451198, 21.0833807 ], [ 72.7450804, 21.083047 ], [ 72.7450463, 21.0829685 ], [ 72.7449569, 21.0828305 ], [ 72.7448988, 21.0825987 ], [ 72.7448208, 21.0824223 ], [ 72.7447392, 21.0821451 ], [ 72.7447597, 21.0819145 ], [ 72.744842, 21.0816104 ], [ 72.7448786, 21.0814518 ], [ 72.7449685, 21.0814153 ], [ 72.7451778, 21.081403 ], [ 72.7453836, 21.0814353 ], [ 72.7454267, 21.0813814 ], [ 72.7456473, 21.0806058 ], [ 72.7459747, 21.0795222 ], [ 72.7462586, 21.0787396 ], [ 72.7464793, 21.0783173 ], [ 72.7466579, 21.0779406 ], [ 72.7466826, 21.0777424 ], [ 72.7466609, 21.0775939 ], [ 72.7466392, 21.0774523 ], [ 72.7466127, 21.0773182 ], [ 72.7465682, 21.0771872 ], [ 72.7464814, 21.0770449 ], [ 72.7464293, 21.0769755 ], [ 72.7463472, 21.0769227 ], [ 72.7461938, 21.076939 ], [ 72.7460714, 21.0769533 ], [ 72.7459521, 21.0769219 ], [ 72.7457803, 21.0767893 ], [ 72.7456969, 21.0766663 ], [ 72.7456566, 21.0765026 ], [ 72.745689, 21.0763932 ], [ 72.745781, 21.0760743 ], [ 72.7459123, 21.0758474 ], [ 72.7460164, 21.0757779 ], [ 72.7461992, 21.0756186 ], [ 72.7462538, 21.0755216 ], [ 72.746238, 21.0754197 ], [ 72.7461996, 21.0752948 ], [ 72.7461196, 21.0751545 ], [ 72.7460132, 21.0748696 ], [ 72.7459967, 21.0746793 ], [ 72.7460904, 21.0745653 ], [ 72.7462374, 21.0744585 ], [ 72.746356, 21.074278 ], [ 72.7464303, 21.0741362 ], [ 72.7464185, 21.0740387 ], [ 72.7463413, 21.0738392 ], [ 72.746156, 21.073729 ], [ 72.7459725, 21.0736864 ], [ 72.7457796, 21.0736778 ], [ 72.7456624, 21.0737071 ], [ 72.7453451, 21.0737532 ], [ 72.7451207, 21.0737023 ], [ 72.7449055, 21.0736188 ], [ 72.7446923, 21.0734932 ], [ 72.7445644, 21.0733553 ], [ 72.7444104, 21.0732659 ], [ 72.7442368, 21.0731846 ], [ 72.7441166, 21.0731709 ], [ 72.7440284, 21.0731516 ], [ 72.7439083, 21.0731443 ] ] } },
{ "type": "Feature", "properties": { "element": "way", "id": 1550225176, "waterway": "canal" }, "geometry": { "type": "LineString", "coordinates": [ [ 72.7438917, 21.0897281 ], [ 72.7438352, 21.0896286 ] ] } }
]
}
