{
"type": "FeatureCollection",
"name": "pois",
"crs": { "type": "name", "properties": { "name": "urn:ogc:def:crs:OGC:1.3:CRS84" } },
"features": [
{ "type": "Feature", "properties": { "element": "node", "id": 648325567, "amenity": null, "shop": null, "name": "Galaxy Hotel" }, "geometry": { "type": "Point", "coordinates": [ 70.8018378, 22.2969611 ] } },
{ "type": "Feature", "properties": { "element": "node", "id": 1234841416, "amenity": "fuel", "shop": null, "name": "Fuel Hp" }, "geometry": { "type": "Point", "coordinates": [ 70.8874181, 22.3342501 ] } },
{ "type": "Feature", "properties": { "element": "node", "id": 1241944060, "amenity": null, "shop": "car_repair", "name": "Bosh Car Service" }, "geometry": { "type": "Point", "coordinates": [ 70.7988422, 22.2805997 ] } },
{ "type": "Feature", "properties": { "element": "node", "id": 1478267948, "amenity": "school", "shop": null, "name": "Kathiyawar Nitashrit Balashram" }, "geometry": { "type": "Point", "coordinates": [ 70.8005309, 22.2885027 ] } },
{ "type": "Feature", "properties": { "element": "node", "id": 1516085541, "amenity": "community_centre", "shop": null, "name": "Saurashtra University Community Radio Station" }, "geometry": { "type": "Point", "coordinates": [ 70.7471584, 22.2901137 ] } },
{ "type": "Feature", "properties": { "element": "node", "id": 1516086383, "amenity": null, "shop": null, "name": "Saurashtra University Sports Center" }, "geometry": { "type": "Point", "coordinates": [ 70.7478236, 22.2879496 ] } },
{ "type": "Feature", "properties": { "element": "node", "id": 2028384252, "amenity": null, "shop": null, "name": null }, "geometry": { "type": "Point", "coordinates": [ 70.7664049, 22.282723 ] } },
{ "type": "Feature", "properties": { "element": "node", "id": 2101309027, "amenity": "hospital", "shop": null, "name": "Rajkot hospital" }, "geometry": { "type": "Point", "coordinates": [ 70.8020829, 22.3041306 ] } },
{ "type": "Feature", "properties": { "element": "node", "id": 2101314950, "amenity": "place_of_worship", "shop": null, "name": "Swami nayaran tample" }, "geometry": { "type": "Point", "coordinates": [ 70.7819751, 22.2930295 ] } },
{ "type": "Feature", "properties": { "element": "node", "id": 2101319849, "amenity": "place_of_worship", "shop": null, "name": "Chandramoleshwar tample" }, "geometry": { "type": "Point", "coordinates": [ 70.7666131, 22.2887387 ] } },
{ "type": "Feature", "properties": { "element": "node", "id": 2101323862, "amenity": null, "shop": null, "name": "Hotel rearn" }, "geometry": { "type": "Point", "coordinates": [ 70.8122904, 22.3064682 ] } },
{ "type": "Feature", "properties": { "element": "node", "id": 2101326844, "amenity": "hospital", "shop": null, "name": "Miunisipal hospital" }, "geometry": { "type": "Point", "coordinates": [ 70.8011916, 22.3039712 ] } },
{ "type": "Feature", "properties": { "element": "node", "id": 2101327177, "amenity": "school", "shop": null, "name": "Choudhri school" }, "geometry": { "type": "Point", "coordinates": [ 70.7988841, 22.302546 ] } },
{ "type": "Feature", "properties": { "element": "node", "id": 2158777653, "amenity": null, "shop": "jewelry", "name": "G B Diamond" }, "geometry": { "type": "Point", "coordinates": [ 70.8164639, 22.3032935 ] } },
{ "type": "Feature", "properties": { "element": "node", "id": 2533658375, "amenity": "cafe", "shop": null, "name": "cafe point" }, "geometry": { "type": "Point", "coordinates": [ 70.7461339, 22.2865868 ] } },
{ "type": "Feature", "properties": { "element": "node", "id": 3211182433, "amenity": "bus_station", "shop": null, "name": "GSRTC Central Bus Station" }, "geometry": { "type": "Point", "coordinates": [ 70.802181, 22.2910472 ] } },
{ "type": "Feature", "properties": { "element": "node", "id": 3211182477, "amenity": null, "shop": null, "name": "Samrat" }, "geometry": { "type": "Point", "coordinates": [ 70.8023095, 22.2896946 ] } },
{ "type": "Feature", "properties": { "element": "node", "id": 3215516650, "amenity": "hospital", "shop": null, "name": "sheetal hospital" }, "geometry": { "type": "Point", "coordinates": [ 70.8020542, 22.3046655 ] } },
{ "type": "Feature", "properties": { "element": "node", "id": 3215527075, "amenity": "place_of_worship", "shop": null, "name": "mandir" }, "geometry": { "type": "Point", "coordinates": [ 70.8021796, 22.304633299999988 ] } },
{ "type": "Feature", "properties": { "element": "node", "id": 3302131929, "amenity": null, "shop": null, "name": "Hotel Classique" }, "geometry": { "type": "Point", "coordinates": [ 70.7986036, 22.2965274 ] } },
{ "type": "Feature", "properties": { "element": "node", "id": 3733954845, "amenity": null, "shop": null, "name": "Bizz The Hotel" }, "geometry": { "type": "Point", "coordinates": [ 70.7911222, 22.296635 ] } },
{ "type": "Feature", "properties": { "element": "node", "id": 3770837721, "amenity": "place_of_worship", "shop": null, "name": null }, "geometry": { "type": "Point", "coordinates": [ 70.7435642, 22.2902383 ] } },
{ "type": "Feature", "properties": { "element": "node", "id": 4292073589, "amenity": "place_of_worship", "shop": null, "name": "kisan gausala" }, "geometry": { "type": "Point", "coordinates": [ 70.8317383, 22.2618313 ] } },
{ "type": "Feature", "properties": { "element": "node", "id": 4292073790, "amenity": "fast_food", "shop": null, "name": "McDonald's" }, "geometry": { "type": "Point", "coordinates": [ 70.8254589, 22.2689264 ] } },
{ "type": "Feature", "properties": { "element": "node", "id": 4307206589, "amenity": "place_of_worship", "shop": null, "name": "Rajkot Dadabhagwan Trimandir " }, "geometry": { "type": "Point", "coordinates": [ 70.9051944, 22.3427222 ] } },
{ "type": "Feature", "properties": { "element": "node", "id": 4314216397, "amenity": "bus_station", "shop": null, "name": "Rajkot Bus station" }, "geometry": { "type": "Point", "coordinates": [ 70.8021408, 22.2911476 ] } },
{ "type": "Feature", "properties": { "element": "node", "id": 4326809192, "amenity": null, "shop": "car_parts", "name": "Apco icher showroom" }, "geometry": { "type": "Point", "coordinates": [ 70.8814971, 22.3313749 ] } },
{ "type": "Feature", "properties": { "element": "node", "id": 4326820494, "amenity": "fuel", "shop": null, "name": "indian oil" }, "geometry": { "type": "Point", "coordinates": [ 70.853262, 22.325079 ] } },
{ "type": "Feature", "properties": { "element": "node", "id": 4326820495, "amenity": "restaurant", "shop": null, "name": "Patel vihar garden Restaurant " }, "geometry": { "type": "Point", "coordinates": [ 70.8475458, 22.3224626 ] } },
{ "type": "Feature", "properties": { "element": "node", "id": 4326820496, "amenity": "police", "shop": null, "name": "kuvadva road police staion" }, "geometry": { "type": "Point", "coordinates": [ 70.8353128, 22.3141856 ] } },
{ "type": "Feature", "properties": { "element": "node", "id": 4326822994, "amenity": "bank", "shop": null, "name": "State Bank of India" }, "geometry": { "type": "Point", "coordinates": [ 70.8017364, 22.2973171 ] } },
{ "type": "Feature", "properties": { "element": "node", "id": 4326845390, "amenity": "fuel", "shop": null, "name": "indian oil" }, "geometry": { "type": "Point", "coordinates": [ 70.8528792, 22.325795 ] } },
{ "type": "Feature", "properties": { "element": "node", "id": 4326845590, "amenity": "fast_food", "shop": null, "name": "Fun n food" }, "geometry": { "type": "Point", "coordinates": [ 70.8748215, 22.3287536 ] } },
{ "type": "Feature", "properties": { "element": "node", "id": 4326845789, "amenity": "fuel", "shop": null, "name": "Hp petrol pump" }, "geometry": { "type": "Point", "coordinates": [ 70.9082668, 22.3405925 ] } },
{ "type": "Feature", "properties": { "element": "node", "id": 4326846089, "amenity": null, "shop": null, "name": "Green land chokdi" }, "geometry": { "type": "Point", "coordinates": [ 70.8289091, 22.3116706 ] } },
{ "type": "Feature", "properties": { "element": "node", "id": 4326846290, "amenity": "fuel", "shop": null, "name": "HP petrol" }, "geometry": { "type": "Point", "coordinates": [ 70.8013046, 22.2978366 ] } },
{ "type": "Feature", "properties": { "element": "node", "id": 4326846291, "amenity": "bank", "shop": null, "name": "UCO Bank" }, "geometry": { "type": "Point", "coordinates": [ 70.8016609, 22.2975141 ] } },
{ "type": "Feature", "properties": { "element": "node", "id": 4355221690, "amenity": null, "shop": null, "name": null }, "geometry": { "type": "Point", "coordinates": [ 70.8062348, 22.3041381 ] } },
{ "type": "Feature", "properties": { "element": "node", "id": 4422047293, "amenity": null, "shop": "car", "name": "Punam dumper" }, "geometry": { "type": "Point", "coordinates": [ 70.798754, 22.231626 ] } },
{ "type": "Feature", "properties": { "element": "node", "id": 4422065689, "amenity": null, "shop": null, "name": "Hotel krishna park" }, "geometry": { "type": "Point", "coordinates": [ 70.800017, 22.237935 ] } },
{ "type": "Feature", "properties": { "element": "node", "id": 4424519694, "amenity": "place_of_worship", "shop": null, "name": "Kishan Gausala" }, "geometry": { "type": "Point", "coordinates": [ 70.8313248, 22.2618791 ] } },
{ "type": "Feature", "properties": { "element": "node", "id": 4424529300, "amenity": "taxi", "shop": null, "name": "Private Bus stand" }, "geometry": { "type": "Point", "coordinates": [ 70.8293018, 22.3112452 ] } },
{ "type": "Feature", "properties": { "element": "node", "id": 4454983092, "amenity": "place_of_worship", "shop": null, "name": "Julelal mandir" }, "geometry": { "type": "Point", "coordinates": [ 70.7967558, 22.3163861 ] } },
{ "type": "Feature", "properties": { "element": "node", "id": 4455012791, "amenity": null, "shop": null, "name": "Hotel bhabha" }, "geometry": { "type": "Point", "coordinates": [ 70.8022961, 22.2973193 ] } },
{ "type": "Feature", "properties": { "element": "node", "id": 4455012792, "amenity": "atm", "shop": null, "name": "State bank of india" }, "geometry": { "type": "Point", "coordinates": [ 70.8009943, 22.3131868 ] } },
{ "type": "Feature", "properties": { "element": "node", "id": 4455019289, "amenity": null, "shop": null, "name": "Hotel Bhabha kingstone" }, "geometry": { "type": "Point", "coordinates": [ 70.8017077, 22.2975058 ] } },
{ "type": "Feature", "properties": { "element": "node", "id": 4455282891, "amenity": null, "shop": null, "name": "Hotel Bhabha" }, "geometry": { "type": "Point", "coordinates": [ 70.8022988, 22.2974437 ] } },
{ "type": "Feature", "properties": { "element": "node", "id": 4456317590, "amenity": "fast_food", "shop": null, "name": "Subway" }, "geometry": { "type": "Point", "coordinates": [ 70.7623762, 22.2781379 ] } },
{ "type": "Feature", "properties": { "element": "node", "id": 4456338991, "amenity": "fast_food", "shop": null, "name": "Mcdonald" }, "geometry": { "type": "Point", "coordinates": [ 70.7563155, 22.2728284 ] } },
{ "type": "Feature", "properties": { "element": "node", "id": 4456348289, "amenity": "fuel", "shop": null, "name": "CNG Indian oil petrol pump" }, "geometry": { "type": "Point", "coordinates": [ 70.7691974, 22.2841858 ] } },
{ "type": "Feature", "properties": { "element": "node", "id": 4456349389, "amenity": "fuel", "shop": null, "name": "CNG Indian oil petrol pump" }, "geometry": { "type": "Point", "coordinates": [ 70.7040292, 22.2585769 ] } },
{ "type": "Feature", "properties": { "element": "node", "id": 4486260689, "amenity": "restaurant", "shop": null, "name": "The Grand Thakar" }, "geometry": { "type": "Point", "coordinates": [ 70.8010108, 22.3008266 ] } },
{ "type": "Feature", "properties": { "element": "node", "id": 4488193791, "amenity": null, "shop": "supermarket", "name": "Crystal Mall" }, "geometry": { "type": "Point", "coordinates": [ 70.7631838, 22.2797714 ] } },
{ "type": "Feature", "properties": { "element": "node", "id": 4493672292, "amenity": "bank", "shop": null, "name": "State Bank of India" }, "geometry": { "type": "Point", "coordinates": [ 70.7998662, 22.3031904 ] } },
{ "type": "Feature", "properties": { "element": "node", "id": 4493682791, "amenity": "bank", "shop": null, "name": "ICICI Bank" }, "geometry": { "type": "Point", "coordinates": [ 70.7955028, 22.3024148 ] } },
{ "type": "Feature", "properties": { "element": "node", "id": 4493692489, "amenity": "cinema", "shop": null, "name": null }, "geometry": { "type": "Point", "coordinates": [ 70.7963489, 22.3025205 ] } },
{ "type": "Feature", "properties": { "element": "node", "id": 4561328089, "amenity": null, "shop": null, "name": "Sunshine fiberglass" }, "geometry": { "type": "Point", "coordinates": [ 70.7976831, 22.2343949 ] } },
{ "type": "Feature", "properties": { "element": "node", "id": 4619810289, "amenity": "atm", "shop": null, "name": null }, "geometry": { "type": "Point", "coordinates": [ 70.7969733, 22.2648081 ] } },
{ "type": "Feature", "properties": { "element": "node", "id": 4684716489, "amenity": null, "shop": null, "name": "Raj fiber chock" }, "geometry": { "type": "Point", "coordinates": [ 70.7952024, 22.2342305 ] } },
{ "type": "Feature", "properties": { "element": "node", "id": 4730594121, "amenity": null, "shop": null, "name": "sarovar" }, "geometry": { "type": "Point", "coordinates": [ 70.7986165, 22.2963855 ] } },
{ "type": "Feature", "properties": { "element": "node", "id": 4936473907, "amenity": null, "shop": "confectionery", "name": "Patel Pandewala Sweet Shop" }, "geometry": { "type": "Point", "coordinates": [ 70.7841096, 22.2640796 ] } },
{ "type": "Feature", "properties": { "element": "node", "id": 5240796621, "amenity": "restaurant", "shop": null, "name": "MadHouse" }, "geometry": { "type": "Point", "coordinates": [ 70.7379304, 22.2702529 ] } },
{ "type": "Feature", "properties": { "element": "node", "id": 5241119321, "amenity": "bus_station", "shop": null, "name": "New Rajkot bus stop" }, "geometry": { "type": "Point", "coordinates": [ 70.7983672, 22.2988299 ] } },
{ "type": "Feature", "properties": { "element": "node", "id": 5241142122, "amenity": "place_of_worship", "shop": null, "name": "Balaji Hanuman Mandir" }, "geometry": { "type": "Point", "coordinates": [ 70.8044948, 22.2945908 ] } },
{ "type": "Feature", "properties": { "element": "node", "id": 5241142123, "amenity": null, "shop": null, "name": "Hotel Shivang" }, "geometry": { "type": "Point", "coordinates": [ 70.8036697, 22.2952193 ] } },
{ "type": "Feature", "properties": { "element": "node", "id": 5241523721, "amenity": "bus_station", "shop": null, "name": "Rajkot New Bus Station" }, "geometry": { "type": "Point", "coordinates": [ 70.7989498, 22.2954988 ] } },
{ "type": "Feature", "properties": { "element": "node", "id": 5243969060, "amenity": null, "shop": "travel_agency", "name": "Paavan Travels" }, "geometry": { "type": "Point", "coordinates": [ 70.7988911, 22.296428 ] } },
{ "type": "Feature", "properties": { "element": "node", "id": 5243969065, "amenity": null, "shop": "travel_agency", "name": "London pari patel travels" }, "geometry": { "type": "Point", "coordinates": [ 70.7991258, 22.2964798 ] } },
{ "type": "Feature", "properties": { "element": "node", "id": 5243969066, "amenity": null, "shop": "travel_agency", "name": "Gujarat travels" }, "geometry": { "type": "Point", "coordinates": [ 70.7991001, 22.2964301 ] } },
{ "type": "Feature", "properties": { "element": "node", "id": 5243972198, "amenity": null, "shop": "travel_agency", "name": "Jamnagar Travels P ltd" }, "geometry": { "type": "Point", "coordinates": [ 70.7990007, 22.2964253 ] } },
{ "type": "Feature", "properties": { "element": "node", "id": 5243972972, "amenity": null, "shop": "travel_agency", "name": "Payal Travels" }, "geometry": { "type": "Point", "coordinates": [ 70.7989271, 22.2964059 ] } },
{ "type": "Feature", "properties": { "element": "node", "id": 5243973141, "amenity": null, "shop": "travel_agency", "name": "Pashwnath Travels" }, "geometry": { "type": "Point", "coordinates": [ 70.7985769, 22.2963962 ] } },
{ "type": "Feature", "properties": { "element": "node", "id": 5248219122, "amenity": null, "shop": null, "name": "Bhavin house India" }, "geometry": { "type": "Point", "coordinates": [ 70.7782906, 22.2927101 ] } },
{ "type": "Feature", "properties": { "element": "node", "id": 5254899921, "amenity": null, "shop": null, "name": "Hotel Rajkamal" }, "geometry": { "type": "Point", "coordinates": [ 70.80318290000001, 22.2909207 ] } },
{ "type": "Feature", "properties": { "element": "node", "id": 5255108722, "amenity": null, "shop": "travel_agency", "name": "Jay Somnath travels" }, "geometry": { "type": "Point", "coordinates": [ 70.8027926, 22.2909637 ] } },
{ "type": "Feature", "properties": { "element": "node", "id": 5255511221, "amenity": null, "shop": null, "name": "Karan para" }, "geometry": { "type": "Point", "coordinates": [ 70.8030454, 22.291727 ] } },
{ "type": "Feature", "properties": { "element": "node", "id": 5284499177, "amenity": "school", "shop": null, "name": "Parimal School" }, "geometry": { "type": "Point", "coordinates": [ 70.7686847, 22.2832194 ] } },
{ "type": "Feature", "properties": { "element": "node", "id": 5284499178, "amenity": "university", "shop": null, "name": "Atmiya University" }, "geometry": { "type": "Point", "coordinates": [ 70.7680391, 22.2817663 ] } },
{ "type": "Feature", "properties": { "element": "node", "id": 5337339069, "amenity": null, "shop": null, "name": "Hotel K.K" }, "geometry": { "type": "Point", "coordinates": [ 70.7789058, 22.2908604 ] } },
{ "type": "Feature", "properties": { "element": "node", "id": 5337339070, "amenity": "restaurant", "shop": null, "name": "Hotel Hot & More" }, "geometry": { "type": "Point", "coordinates": [ 70.8013882, 22.2982402 ] } },
{ "type": "Feature", "properties": { "element": "node", "id": 5337339208, "amenity": null, "shop": null, "name": "Bangadi market" }, "geometry": { "type": "Point", "coordinates": [ 70.8066544, 22.2987672 ] } },
{ "type": "Feature", "properties": { "element": "node", "id": 5466272622, "amenity": null, "shop": null, "name": "Hotel Morden" }, "geometry": { "type": "Point", "coordinates": [ 70.8027898, 22.2913524 ] } },
{ "type": "Feature", "properties": { "element": "node", "id": 5745061922, "amenity": "college", "shop": null, "name": "Sanjaybhi Rajguru college of enjineering" }, "geometry": { "type": "Point", "coordinates": [ 70.8363111, 22.3791395 ] } },
{ "type": "Feature", "properties": { "element": "node", "id": 5745061923, "amenity": "atm", "shop": null, "name": null }, "geometry": { "type": "Point", "coordinates": [ 70.8352065, 22.3790252 ] } },
{ "type": "Feature", "properties": { "element": "node", "id": 5753792421, "amenity": null, "shop": null, "name": "Upasna Hotel" }, "geometry": { "type": "Point", "coordinates": [ 70.8054042, 22.2946319 ] } },
{ "type": "Feature", "properties": { "element": "node", "id": 6888389575, "amenity": "blood_bank", "shop": null, "name": "Saurastra Voluntary Blood Bank, Rajkot" }, "geometry": { "type": "Point", "coordinates": [ 70.7759401, 22.2993831 ] } },
{ "type": "Feature", "properties": { "element": "node", "id": 6888389580, "amenity": "blood_bank", "shop": null, "name": "P.D.U. Medical College Blood Bank" }, "geometry": { "type": "Point", "coordinates": [ 70.7986638, 22.3045944 ] } },
{ "type": "Feature", "properties": { "element": "node", "id": 6888389593, "amenity": "blood_bank", "shop": null, "name": "Nationality Development Foundation Blood Bank, Rajkot" }, "geometry": { "type": "Point", "coordinates": [ 70.7999606, 22.2840012 ] } },
{ "type": "Feature", "properties": { "element": "node", "id": 6888389598, "amenity": "blood_bank", "shop": null, "name": "Rajkot Voluntary Blood Bank and Research Centre" }, "geometry": { "type": "Point", "coordinates": [ 70.8006406, 22.2868181 ] } },
{ "type": "Feature", "properties": { "element": "node", "id": 6888389603, "amenity": "blood_bank", "shop": null, "name": "Red Cross Blood Bank, Rajkot" }, "geometry": { "type": "Point", "coordinates": [ 70.7968305, 22.2955204 ] } },
{ "type": "Feature", "properties": { "element": "node", "id": 6888389612, "amenity": "blood_bank", "shop": null, "name": "Nathani Voluntary Blood Bank, Rajkot" }, "geometry": { "type": "Point", "coordinates": [ 70.7902041, 22.2942225 ] } },
{ "type": "Feature", "properties": { "element": "node", "id": 6963035394, "amenity": null, "shop": null, "name": "Sanidhya Apartment" }, "geometry": { "type": "Point", "coordinates": [ 70.7885595, 22.3063933 ] } },
{ "type": "Feature", "properties": { "element": "node", "id": 6968859267, "amenity": "hospital", "shop": null, "name": "Darshan Eye Care Centre" }, "geometry": { "type": "Point", "coordinates": [ 70.7992646, 22.2889488 ] } },
{ "type": "Feature", "properties": { "element": "node", "id": 6968861317, "amenity": "hospital", "shop": null, "name": "Dr.Dholakia Orthopaedic Hospital" }, "geometry": { "type": "Point", "coordinates": [ 70.7971128, 22.2883091 ] } },
{ "type": "Feature", "properties": { "element": "node", "id": 6969611600, "amenity": "hospital", "shop": null, "name": "Shri Giriraj Multi Speciality Hospital" }, "geometry": { "type": "Point", "coordinates": [ 70.7735483, 22.2833478 ] } },
{ "type": "Feature", "properties": { "element": "node", "id": 6969922368, "amenity": "hospital", "shop": null, "name": "Shree G.T. Sheth Orthopaedic Hospital" }, "geometry": { "type": "Point", "coordinates": [ 70.7972784, 22.3061813 ] } },
{ "type": "Feature", "properties": { "element": "node", "id": 6970164353, "amenity": "hospital", "shop": null, "name": "Madhuram Hospital, Rajkot" }, "geometry": { "type": "Point", "coordinates": [ 70.8001081, 22.2785168 ] } },
{ "type": "Feature", "properties": { "element": "node", "id": 6970191693, "amenity": "hospital", "shop": null, "name": "Vatsalya Maternity Home" }, "geometry": { "type": "Point", "coordinates": [ 70.8048315, 22.2926764 ] } },
{ "type": "Feature", "properties": { "element": "node", "id": 6970252537, "amenity": "hospital", "shop": null, "name": "Jethwani Hospital" }, "geometry": { "type": "Point", "coordinates": [ 70.7994457, 22.3099991 ] } },
{ "type": "Feature", "properties": { "element": "node", "id": 6970415224, "amenity": "hospital", "shop": null, "name": "Shri Jalaram Rajhukul Sarvojanik Hospital" }, "geometry": { "type": "Point", "coordinates": [ 70.7833913, 22.2864955 ] } },
{ "type": "Feature", "properties": { "element": "node", "id": 6970456285, "amenity": "hospital", "shop": null, "name": "N M Virani Wockhardt Hospital, Rajkot" }, "geometry": { "type": "Point", "coordinates": [ 70.7742114, 22.2881992 ] } },
{ "type": "Feature", "properties": { "element": "node", "id": 6970464696, "amenity": "hospital", "shop": null, "name": "Shree Gokul Critical Care Unit and Hospital" }, "geometry": { "type": "Point", "coordinates": [ 70.7946063, 22.2880243 ] } },
{ "type": "Feature", "properties": { "element": "node", "id": 6970656491, "amenity": "hospital", "shop": null, "name": "Raghuveer Hospital, Rajkot" }, "geometry": { "type": "Point", "coordinates": [ 70.7933912, 22.2724208 ] } },
{ "type": "Feature", "properties": { "element": "node", "id": 6970675025, "amenity": "hospital", "shop": null, "name": "Sadbhavna Hospital" }, "geometry": { "type": "Point", "coordinates": [ 70.7677091, 22.3095077 ] } },
{ "type": "Feature", "properties": { "element": "node", "id": 6971034543, "amenity": "hospital", "shop": null, "name": "H. J Doshi Sarvajanik Hospital And Medical Research" }, "geometry": { "type": "Point", "coordinates": [ 70.7961184, 22.2651351 ] } },
{ "type": "Feature", "properties": { "element": "node", "id": 6971042011, "amenity": "hospital", "shop": null, "name": "The Rathod Hospital" }, "geometry": { "type": "Point", "coordinates": [ 70.788238, 22.2908213 ] } },
{ "type": "Feature", "properties": { "element": "node", "id": 6974225063, "amenity": "hospital", "shop": null, "name": "Chinmay Hospital" }, "geometry": { "type": "Point", "coordinates": [ 70.7757671, 22.2984723 ] } },
{ "type": "Feature", "properties": { "element": "node", "id": 6974851991, "amenity": "hospital", "shop": null, "name": "Prabhat Hospital, Rajkot" }, "geometry": { "type": "Point", "coordinates": [ 70.7959065, 22.3078365 ] } },
{ "type": "Feature", "properties": { "element": "node", "id": 6974859438, "amenity": "clinic", "shop": null, "name": "Naman Neurosurgical Nursing Home" }, "geometry": { "type": "Point", "coordinates": [ 70.7949637, 22.2881521 ] } },
{ "type": "Feature", "properties": { "element": "node", "id": 6974945606, "amenity": "hospital", "shop": null, "name": "Radia Hospital" }, "geometry": { "type": "Point", "coordinates": [ 70.7808781, 22.2924369 ] } },
{ "type": "Feature", "properties": { "element": "node", "id": 6974971483, "amenity": "hospital", "shop": null, "name": "Satnam Child Care" }, "geometry": { "type": "Point", "coordinates": [ 70.7869667, 22.2862647 ] } },
{ "type": "Feature", "properties": { "element": "node", "id": 6975001243, "amenity": "hospital", "shop": null, "name": "Ashka Maternity Home and Surgical Hospital" }, "geometry": { "type": "Point", "coordinates": [ 70.7696289, 22.3008994 ] } },
{ "type": "Feature", "properties": { "element": "node", "id": 6975013954, "amenity": "hospital", "shop": null, "name": "Ashirwad Hospital, Rajkot" }, "geometry": { "type": "Point", "coordinates": [ 70.7836381, 22.2633131 ] } },
{ "type": "Feature", "properties": { "element": "node", "id": 6975014004, "amenity": "hospital", "shop": null, "name": "Jain Hospital, Rajkot" }, "geometry": { "type": "Point", "coordinates": [ 70.7847746, 22.2982155 ] } },
{ "type": "Feature", "properties": { "element": "node", "id": 6975479343, "amenity": "hospital", "shop": null, "name": "Mathur Hospital" }, "geometry": { "type": "Point", "coordinates": [ 70.7682053, 22.2938825 ] } },
{ "type": "Feature", "properties": { "element": "node", "id": 6975507774, "amenity": "hospital", "shop": null, "name": "B.T.Savani Kidney Hospital" }, "geometry": { "type": "Point", "coordinates": [ 70.7530501, 22.2869956 ] } },
{ "type": "Feature", "properties": { "element": "node", "id": 6975590828, "amenity": "hospital", "shop": null, "name": "Shivani Hospital, Rajkot" }, "geometry": { "type": "Point", "coordinates": [ 70.7999767, 22.2754483 ] } },
{ "type": "Feature", "properties": { "element": "node", "id": 6975602413, "amenity": "hospital", "shop": null, "name": "Nakshatra Children Hospital" }, "geometry": { "type": "Point", "coordinates": [ 70.8000606, 22.2785602 ] } },
{ "type": "Feature", "properties": { "element": "node", "id": 6975603675, "amenity": "hospital", "shop": null, "name": "Dr Sanjiv Patels Urology Center" }, "geometry": { "type": "Point", "coordinates": [ 70.794924800000018, 22.2907654 ] } },
{ "type": "Feature", "properties": { "element": "node", "id": 6975823760, "amenity": "hospital", "shop": null, "name": "Sankalp Hospital, Rajkot" }, "geometry": { "type": "Point", "coordinates": [ 70.8000646, 22.2788729 ] } },
{ "type": "Feature", "properties": { "element": "node", "id": 6975854565, "amenity": "hospital", "shop": null, "name": "Sterling Hospital, Rajkot" }, "geometry": { "type": "Point", "coordinates": [ 70.7676896, 22.3067558 ] } },
{ "type": "Feature", "properties": { "element": "node", "id": 6975855457, "amenity": "hospital", "shop": null, "name": "Dr. Mody Hospital" }, "geometry": { "type": "Point", "coordinates": [ 70.7960057, 22.2955725 ] } },
{ "type": "Feature", "properties": { "element": "node", "id": 6975861650, "amenity": "hospital", "shop": null, "name": "Sri Sathya Sai Heart Hospital" }, "geometry": { "type": "Point", "coordinates": [ 70.7694451, 22.2783324 ] } },
{ "type": "Feature", "properties": { "element": "node", "id": 6975861677, "amenity": "hospital", "shop": null, "name": "Aishwarya Cancer Hospital" }, "geometry": { "type": "Point", "coordinates": [ 70.7873201, 22.2912382 ] } },
{ "type": "Feature", "properties": { "element": "node", "id": 6975865295, "amenity": "hospital", "shop": null, "name": "Nitya Children Hospital" }, "geometry": { "type": "Point", "coordinates": [ 70.7704376, 22.2855362 ] } },
{ "type": "Feature", "properties": { "element": "node", "id": 6975868119, "amenity": "hospital", "shop": null, "name": "Netradeep Eye Hospital Pvt. Ltd. - Rajkot" }, "geometry": { "type": "Point", "coordinates": [ 70.7670164, 22.3210166 ] } },
{ "type": "Feature", "properties": { "element": "node", "id": 6976044831, "amenity": "hospital", "shop": null, "name": "Shreeji Hospital" }, "geometry": { "type": "Point", "coordinates": [ 70.7881442, 22.2907679 ] } },
{ "type": "Feature", "properties": { "element": "node", "id": 6976413325, "amenity": "hospital", "shop": null, "name": "Gadre Eye Care Centre" }, "geometry": { "type": "Point", "coordinates": [ 70.7929198, 22.2872264 ] } },
{ "type": "Feature", "properties": { "element": "node", "id": 6977175183, "amenity": "hospital", "shop": null, "name": "Aakar Hospital, Rajkot" }, "geometry": { "type": "Point", "coordinates": [ 70.7924357, 22.2873055 ] } },
{ "type": "Feature", "properties": { "element": "node", "id": 6978032522, "amenity": "hospital", "shop": null, "name": "Dhruva Eye Hospital" }, "geometry": { "type": "Point", "coordinates": [ 70.7986008, 22.2900544 ] } },
{ "type": "Feature", "properties": { "element": "node", "id": 6978362382, "amenity": "hospital", "shop": null, "name": "Heal Well Hospital" }, "geometry": { "type": "Point", "coordinates": [ 70.782702, 22.2922383 ] } },
{ "type": "Feature", "properties": { "element": "node", "id": 6978513250, "amenity": "hospital", "shop": null, "name": "Dastur Hospital" }, "geometry": { "type": "Point", "coordinates": [ 70.7898219, 22.2939408 ] } },
{ "type": "Feature", "properties": { "element": "node", "id": 6978568948, "amenity": "hospital", "shop": null, "name": "Sahyog Hospital Pvt Ltd" }, "geometry": { "type": "Point", "coordinates": [ 70.787774, 22.2681646 ] } },
{ "type": "Feature", "properties": { "element": "node", "id": 6978689384, "amenity": "hospital", "shop": null, "name": "Keshubhai Mehta Eye Hospital" }, "geometry": { "type": "Point", "coordinates": [ 70.8038244, 22.2927037 ] } },
{ "type": "Feature", "properties": { "element": "node", "id": 6978751416, "amenity": "hospital", "shop": null, "name": "Om Baby Care Hospital" }, "geometry": { "type": "Point", "coordinates": [ 70.7968285, 22.3011078 ] } },
{ "type": "Feature", "properties": { "element": "node", "id": 6978852664, "amenity": "hospital", "shop": null, "name": "Siddhi Orthopaedic Hospital" }, "geometry": { "type": "Point", "coordinates": [ 70.8007392, 22.3013467 ] } },
{ "type": "Feature", "properties": { "element": "node", "id": 6978925837, "amenity": "hospital", "shop": null, "name": "Mangalam Hospital, Rajkot" }, "geometry": { "type": "Point", "coordinates": [ 70.7953258, 22.287518 ] } },
{ "type": "Feature", "properties": { "element": "node", "id": 6979175555, "amenity": "hospital", "shop": null, "name": "Maheshwari Eye Care Hospital" }, "geometry": { "type": "Point", "coordinates": [ 70.8010845, 22.2977539 ] } },
{ "type": "Feature", "properties": { "element": "node", "id": 6979632865, "amenity": "hospital", "shop": null, "name": "Bavishi Eye Hospital" }, "geometry": { "type": "Point", "coordinates": [ 70.7983869, 22.2893068 ] } },
{ "type": "Feature", "properties": { "element": "node", "id": 6980924502, "amenity": "hospital", "shop": null, "name": "Gokul Hospital And Trauma Centre" }, "geometry": { "type": "Point", "coordinates": [ 70.7944071, 22.2875974 ] } },
{ "type": "Feature", "properties": { "element": "node", "id": 6981447207, "amenity": "hospital", "shop": null, "name": "Shree Padmakunverba Hospital" }, "geometry": { "type": "Point", "coordinates": [ 70.808661, 22.2888325 ] } },
{ "type": "Feature", "properties": { "element": "node", "id": 6981891619, "amenity": "hospital", "shop": null, "name": "Dev Hospital, Rajkot" }, "geometry": { "type": "Point", "coordinates": [ 70.7964027, 22.2884983 ] } },
{ "type": "Feature", "properties": { "element": "node", "id": 6981969457, "amenity": "hospital", "shop": null, "name": "Accident Fracture Hospital" }, "geometry": { "type": "Point", "coordinates": [ 70.8023894, 22.2900817 ] } },
{ "type": "Feature", "properties": { "element": "node", "id": 6982062443, "amenity": "clinic", "shop": null, "name": "Rudram Nursing Home" }, "geometry": { "type": "Point", "coordinates": [ 70.7925665, 22.2868038 ] } },
{ "type": "Feature", "properties": { "element": "node", "id": 6982092091, "amenity": "hospital", "shop": null, "name": "Radiance Hosptial" }, "geometry": { "type": "Point", "coordinates": [ 70.8188541, 22.3060324 ] } },
{ "type": "Feature", "properties": { "element": "node", "id": 6982092112, "amenity": "hospital", "shop": null, "name": "Pandit Deendayal Upadhyay Medical College Hospital(P.D.U Medical College)" }, "geometry": { "type": "Point", "coordinates": [ 70.7987013, 22.304912 ] } },
{ "type": "Feature", "properties": { "element": "node", "id": 6982092211, "amenity": "hospital", "shop": null, "name": "Samarpan Hospital, Rajkot" }, "geometry": { "type": "Point", "coordinates": [ 70.8008927, 22.2893918 ] } },
{ "type": "Feature", "properties": { "element": "node", "id": 6982092234, "amenity": "hospital", "shop": null, "name": "Dr Gandhi Orthopaedic Hospital, Rajkot" }, "geometry": { "type": "Point", "coordinates": [ 70.7954505, 22.2882538 ] } },
{ "type": "Feature", "properties": { "element": "node", "id": 6982527852, "amenity": "hospital", "shop": null, "name": "Christ Hospital" }, "geometry": { "type": "Point", "coordinates": [ 70.7643114, 22.3352974 ] } },
{ "type": "Feature", "properties": { "element": "node", "id": 6982581451, "amenity": "clinic", "shop": null, "name": "Tejas Maternity and Surgical Nursing Home" }, "geometry": { "type": "Point", "coordinates": [ 70.8083338, 22.291003 ] } },
{ "type": "Feature", "properties": { "element": "node", "id": 6982581474, "amenity": "hospital", "shop": null, "name": "Raj Ent Hospital - Rajkot" }, "geometry": { "type": "Point", "coordinates": [ 70.788572, 22.2944136 ] } },
{ "type": "Feature", "properties": { "element": "node", "id": 6983111848, "amenity": "hospital", "shop": null, "name": "Arpan Hospital" }, "geometry": { "type": "Point", "coordinates": [ 70.7717586, 22.287863 ] } },
{ "type": "Feature", "properties": { "element": "node", "id": 6983255860, "amenity": "hospital", "shop": null, "name": "Vijay Vachhrajani Memorial Hospital" }, "geometry": { "type": "Point", "coordinates": [ 70.7940437, 22.2940761 ] } },
{ "type": "Feature", "properties": { "element": "node", "id": 6983606891, "amenity": "hospital", "shop": null, "name": "Sadbhavna Surgical Hospital" }, "geometry": { "type": "Point", "coordinates": [ 70.7987013, 22.2889698 ] } },
{ "type": "Feature", "properties": { "element": "node", "id": 6986103037, "amenity": "hospital", "shop": null, "name": "Mangalam Hospital Maternity Home And Surgical Hospital" }, "geometry": { "type": "Point", "coordinates": [ 70.8000626, 22.2979438 ] } },
{ "type": "Feature", "properties": { "element": "node", "id": 6986256252, "amenity": "hospital", "shop": null, "name": "Yash Hospital, Rajkot" }, "geometry": { "type": "Point", "coordinates": [ 70.7966166, 22.2885734 ] } },
{ "type": "Feature", "properties": { "element": "node", "id": 6986376140, "amenity": "hospital", "shop": null, "name": "Shri Swaminarayan Gurukul Hospital" }, "geometry": { "type": "Point", "coordinates": [ 70.7998064, 22.2771808 ] } },
{ "type": "Feature", "properties": { "element": "node", "id": 6986574767, "amenity": "hospital", "shop": null, "name": "Bhatt Eye Hospital" }, "geometry": { "type": "Point", "coordinates": [ 70.7872765, 22.292592 ] } },
{ "type": "Feature", "properties": { "element": "node", "id": 6986602462, "amenity": "hospital", "shop": null, "name": "Retina Hospital" }, "geometry": { "type": "Point", "coordinates": [ 70.7857748, 22.2986841 ] } },
{ "type": "Feature", "properties": { "element": "node", "id": 6986605714, "amenity": "hospital", "shop": null, "name": "Samanvay Hospital" }, "geometry": { "type": "Point", "coordinates": [ 70.8037712, 22.2933519 ] } },
{ "type": "Feature", "properties": { "element": "node", "id": 6986605724, "amenity": "hospital", "shop": null, "name": "Ratnam Hospital" }, "geometry": { "type": "Point", "coordinates": [ 70.7949997, 22.2970295 ] } },
{ "type": "Feature", "properties": { "element": "node", "id": 6986945354, "amenity": "hospital", "shop": null, "name": "S.S. Shree Dharmajivandasji Hospital" }, "geometry": { "type": "Point", "coordinates": [ 70.7992995, 22.2748688 ] } },
{ "type": "Feature", "properties": { "element": "node", "id": 6987467491, "amenity": "hospital", "shop": null, "name": "Ayush Hospital" }, "geometry": { "type": "Point", "coordinates": [ 70.7935072, 22.2872413 ] } },
{ "type": "Feature", "properties": { "element": "node", "id": 6988280502, "amenity": "hospital", "shop": null, "name": "Centre For Sight, Rajkot" }, "geometry": { "type": "Point", "coordinates": [ 70.8009396, 22.3009602 ] } },
{ "type": "Feature", "properties": { "element": "node", "id": 6988347907, "amenity": "hospital", "shop": null, "name": "Shiv Hospital, Rajkot" }, "geometry": { "type": "Point", "coordinates": [ 70.8039712, 22.2899253 ] } },
{ "type": "Feature", "properties": { "element": "node", "id": 6988519327, "amenity": "hospital", "shop": null, "name": "Shreyas Hospital, Rajkot" }, "geometry": { "type": "Point", "coordinates": [ 70.7962672, 22.2886162 ] } },
{ "type": "Feature", "properties": { "element": "node", "id": 6988534502, "amenity": "hospital", "shop": null, "name": "Aaruni Hospital Pvt Ltd" }, "geometry": { "type": "Point", "coordinates": [ 70.77627, 22.2876979 ] } },
{ "type": "Feature", "properties": { "element": "node", "id": 6988906982, "amenity": "hospital", "shop": null, "name": "Gaurav Accident - Fracture Hospital and Research Institute" }, "geometry": { "type": "Point", "coordinates": [ 70.8023693, 22.2897367 ] } },
{ "type": "Feature", "properties": { "element": "node", "id": 6990877384, "amenity": "hospital", "shop": null, "name": "Astha Child Care and Newborn Care Centre" }, "geometry": { "type": "Point", "coordinates": [ 70.7940229, 22.2876371 ] } },
{ "type": "Feature", "properties": { "element": "node", "id": 6990879523, "amenity": "hospital", "shop": null, "name": "Divine Helth Care Centre" }, "geometry": { "type": "Point", "coordinates": [ 70.7984318, 22.2893297 ] } },
{ "type": "Feature", "properties": { "element": "node", "id": 6991127350, "amenity": "hospital", "shop": null, "name": "Vision Eye Care Center - Rajkot" }, "geometry": { "type": "Point", "coordinates": [ 70.7942918, 22.2878406 ] } },
{ "type": "Feature", "properties": { "element": "node", "id": 6991261579, "amenity": "hospital", "shop": null, "name": "Pandya Ent Hospital" }, "geometry": { "type": "Point", "coordinates": [ 70.7990983, 22.3014962 ] } },
{ "type": "Feature", "properties": { "element": "node", "id": 6991284170, "amenity": "hospital", "shop": null, "name": "Shivalik Hospital Neuro Spine and Gynec Center" }, "geometry": { "type": "Point", "coordinates": [ 70.7846446, 22.2964585 ] } },
{ "type": "Feature", "properties": { "element": "node", "id": 6993868902, "amenity": "hospital", "shop": null, "name": "Sarvottam Surgical Hospital" }, "geometry": { "type": "Point", "coordinates": [ 70.7992057, 22.2889302 ] } },
{ "type": "Feature", "properties": { "element": "node", "id": 6993975144, "amenity": "hospital", "shop": null, "name": "Subham Hospital, Rajkot" }, "geometry": { "type": "Point", "coordinates": [ 70.8101691, 22.28177 ] } },
{ "type": "Feature", "properties": { "element": "node", "id": 7291330481, "amenity": "school", "shop": null, "name": "Nirmala Convent School" }, "geometry": { "type": "Point", "coordinates": [ 70.7767159, 22.2971158 ] } },
{ "type": "Feature", "properties": { "element": "node", "id": 7491595049, "amenity": "place_of_worship", "shop": null, "name": "Hanuman Madhi" }, "geometry": { "type": "Point", "coordinates": [ 70.77544930000002, 22.3004907 ] } },
{ "type": "Feature", "properties": { "element": "node", "id": 7491687161, "amenity": "bus_station", "shop": null, "name": "Raiya Telephone Ex. BRTS Station" }, "geometry": { "type": "Point", "coordinates": [ 70.7705967, 22.293883 ] } },
{ "type": "Feature", "properties": { "element": "node", "id": 7502999021, "amenity": "bank", "shop": null, "name": "State Bank of India" }, "geometry": { "type": "Point", "coordinates": [ 70.7815215, 22.2980523 ] } },
{ "type": "Feature", "properties": { "element": "node", "id": 7503041176, "amenity": "restaurant", "shop": null, "name": "Sonali Fast Food" }, "geometry": { "type": "Point", "coordinates": [ 70.7768169, 22.2998941 ] } },
{ "type": "Feature", "properties": { "element": "node", "id": 7503041177, "amenity": "restaurant", "shop": null, "name": "Shri Hari" }, "geometry": { "type": "Point", "coordinates": [ 70.7785174, 22.2909308 ] } },
{ "type": "Feature", "properties": { "element": "node", "id": 7503041605, "amenity": "restaurant", "shop": null, "name": "Neel Da Dhaba" }, "geometry": { "type": "Point", "coordinates": [ 70.7758432, 22.30431 ] } },
{ "type": "Feature", "properties": { "element": "node", "id": 7503049017, "amenity": null, "shop": "supermarket", "name": "Golden Supermarket" }, "geometry": { "type": "Point", "coordinates": [ 70.778634, 22.2979838 ] } },
{ "type": "Feature", "properties": { "element": "node", "id": 7503098981, "amenity": "hospital", "shop": null, "name": "Nathalal Parekh Cancer Research Institute & Hospital" }, "geometry": { "type": "Point", "coordinates": [ 70.7751921, 22.2987168 ] } },
{ "type": "Feature", "properties": { "element": "node", "id": 7503108228, "amenity": "school", "shop": null, "name": "Kalyan High School" }, "geometry": { "type": "Point", "coordinates": [ 70.7765869, 22.3002331 ] } },
{ "type": "Feature", "properties": { "element": "node", "id": 7503121650, "amenity": null, "shop": "car_repair", "name": "Khodiyar Workshop" }, "geometry": { "type": "Point", "coordinates": [ 70.7755193, 22.2999725 ] } },
{ "type": "Feature", "properties": { "element": "node", "id": 7503132603, "amenity": null, "shop": "chemist", "name": "Devpushp Medical Store" }, "geometry": { "type": "Point", "coordinates": [ 70.7758734, 22.3000619 ] } },
{ "type": "Feature", "properties": { "element": "node", "id": 7503167538, "amenity": "conference_centre", "shop": null, "name": "Pramukh Swami Auditorium & Hall" }, "geometry": { "type": "Point", "coordinates": [ 70.7579727, 22.3006897 ] } },
{ "type": "Feature", "properties": { "element": "node", "id": 7503167984, "amenity": null, "shop": null, "name": "Accountant General Office (A.G.Office)" }, "geometry": { "type": "Point", "coordinates": [ 70.7887279, 22.2977614 ] } },
{ "type": "Feature", "properties": { "element": "node", "id": 7503171319, "amenity": null, "shop": null, "name": "Body temple gym & Fitness Center" }, "geometry": { "type": "Point", "coordinates": [ 70.7781412, 22.3040938 ] } },
{ "type": "Feature", "properties": { "element": "node", "id": 7558190409, "amenity": "prep_school", "shop": null, "name": "Prakash Gyan Mandir School" }, "geometry": { "type": "Point", "coordinates": [ 70.773406, 22.2994396 ] } },
{ "type": "Feature", "properties": { "element": "node", "id": 7862402164, "amenity": "hospital", "shop": null, "name": "Kadivar Multispeciality Hospital" }, "geometry": { "type": "Point", "coordinates": [ 70.7783647, 22.3229185 ] } },
{ "type": "Feature", "properties": { "element": "node", "id": 7862402169, "amenity": "clinic", "shop": null, "name": "Shreeji Clinic" }, "geometry": { "type": "Point", "coordinates": [ 70.7915223, 22.2453533 ] } },
{ "type": "Feature", "properties": { "element": "node", "id": 7862402175, "amenity": "clinic", "shop": null, "name": "Dr. Gadhvi Clinic" }, "geometry": { "type": "Point", "coordinates": [ 70.7925193, 22.2531554 ] } },
{ "type": "Feature", "properties": { "element": "node", "id": 7862402178, "amenity": "hospital", "shop": null, "name": "Manish Patel's Hospital" }, "geometry": { "type": "Point", "coordinates": [ 70.8208144, 22.2933323 ] } },
{ "type": "Feature", "properties": { "element": "node", "id": 7862402179, "amenity": "hospital", "shop": null, "name": "V.K. Kamdar General Hospital" }, "geometry": { "type": "Point", "coordinates": [ 70.7061702, 22.2881038 ] } },
{ "type": "Feature", "properties": { "element": "node", "id": 7862402181, "amenity": "hospital", "shop": null, "name": "Aastha Multispeciality Hospital" }, "geometry": { "type": "Point", "coordinates": [ 70.8213545, 22.3064384 ] } },
{ "type": "Feature", "properties": { "element": "node", "id": 7862402183, "amenity": "hospital", "shop": null, "name": "Marvel Hospital" }, "geometry": { "type": "Point", "coordinates": [ 70.783942100000019, 22.2504748 ] } },
{ "type": "Feature", "properties": { "element": "node", "id": 7862402184, "amenity": "dentist", "shop": null, "name": "Sudant Dental Clinic" }, "geometry": { "type": "Point", "coordinates": [ 70.787829, 22.2459 ] } },
{ "type": "Feature", "properties": { "element": "node", "id": 7862402186, "amenity": "hospital", "shop": null, "name": "Omkar Hospital" }, "geometry": { "type": "Point", "coordinates": [ 70.782006, 22.3203697 ] } },
{ "type": "Feature", "properties": { "element": "node", "id": 7862402187, "amenity": "doctors", "shop": null, "name": "Dr. Prashant Parekh" }, "geometry": { "type": "Point", "coordinates": [ 70.754404, 22.271399 ] } },
{ "type": "Feature", "properties": { "element": "node", "id": 7862402199, "amenity": "hospital", "shop": null, "name": "Rajkot General Hospital" }, "geometry": { "type": "Point", "coordinates": [ 70.7816119, 22.3206189 ] } },
{ "type": "Feature", "properties": { "element": "node", "id": 7862402201, "amenity": "clinic", "shop": null, "name": "Partha Clinic" }, "geometry": { "type": "Point", "coordinates": [ 70.7901529, 22.2500504 ] } },
{ "type": "Feature", "properties": { "element": "node", "id": 7862402206, "amenity": "hospital", "shop": null, "name": "Synergy Superspeciality Hospital" }, "geometry": { "type": "Point", "coordinates": [ 70.7689, 22.321849 ] } },
{ "type": "Feature", "properties": { "element": "node", "id": 7862402207, "amenity": "clinic", "shop": null, "name": "Jay Bahuchar Clinic" }, "geometry": { "type": "Point", "coordinates": [ 70.752184, 22.2818593 ] } },
{ "type": "Feature", "properties": { "element": "node", "id": 7862402208, "amenity": "clinic", "shop": null, "name": "Nagar Clinic" }, "geometry": { "type": "Point", "coordinates": [ 70.815742, 22.259652 ] } },
{ "type": "Feature", "properties": { "element": "node", "id": 7862402213, "amenity": "hospital", "shop": null, "name": "Dr. Swami Hospital" }, "geometry": { "type": "Point", "coordinates": [ 70.817643, 22.3046473 ] } },
{ "type": "Feature", "properties": { "element": "node", "id": 7862402214, "amenity": "clinic", "shop": null, "name": "Bhargav Clinic" }, "geometry": { "type": "Point", "coordinates": [ 70.793573, 22.253099 ] } },
{ "type": "Feature", "properties": { "element": "node", "id": 7862402219, "amenity": "hospital", "shop": null, "name": "HCG Hospitals" }, "geometry": { "type": "Point", "coordinates": [ 70.773722100000015, 22.3195189 ] } },
{ "type": "Feature", "properties": { "element": "node", "id": 7862473694, "amenity": "hospital", "shop": null, "name": "Virani Children Hospital" }, "geometry": { "type": "Point", "coordinates": [ 70.8001219, 22.2779197 ] } },
{ "type": "Feature", "properties": { "element": "node", "id": 7862473695, "amenity": "hospital", "shop": null, "name": "Sunrise Hospital" }, "geometry": { "type": "Point", "coordinates": [ 70.7840753, 22.2805211 ] } },
{ "type": "Feature", "properties": { "element": "node", "id": 7862473696, "amenity": "clinic", "shop": null, "name": "Patel Clinic" }, "geometry": { "type": "Point", "coordinates": [ 70.782884, 22.2675239 ] } },
{ "type": "Feature", "properties": { "element": "node", "id": 7862473697, "amenity": "hospital", "shop": null, "name": "Divyam Hospital" }, "geometry": { "type": "Point", "coordinates": [ 70.7933967, 22.287049 ] } },
{ "type": "Feature", "properties": { "element": "node", "id": 7862473698, "amenity": "hospital", "shop": null, "name": "Shanti Multispeciality Hospital" }, "geometry": { "type": "Point", "coordinates": [ 70.7621046, 22.2878539 ] } },
{ "type": "Feature", "properties": { "element": "node", "id": 7862473699, "amenity": "hospital", "shop": null, "name": "Killol Children Hospital" }, "geometry": { "type": "Point", "coordinates": [ 70.7562848, 22.2945677 ] } },
{ "type": "Feature", "properties": { "element": "node", "id": 7862473700, "amenity": "hospital", "shop": null, "name": "Wellness Hospital & Trauma Centre" }, "geometry": { "type": "Point", "coordinates": [ 70.7881175, 22.2929941 ] } },
{ "type": "Feature", "properties": { "element": "node", "id": 7862473701, "amenity": "hospital", "shop": null, "name": "Darshini Maternity Home" }, "geometry": { "type": "Point", "coordinates": [ 70.781524, 22.2609546 ] } },
{ "type": "Feature", "properties": { "element": "node", "id": 7862473702, "amenity": "hospital", "shop": null, "name": "Angel Hospital" }, "geometry": { "type": "Point", "coordinates": [ 70.8016994, 22.2842263 ] } },
{ "type": "Feature", "properties": { "element": "node", "id": 7862473703, "amenity": "hospital", "shop": null, "name": "Trinity Hospital" }, "geometry": { "type": "Point", "coordinates": [ 70.7811522, 22.2773313 ] } },
{ "type": "Feature", "properties": { "element": "node", "id": 7862473704, "amenity": "hospital", "shop": null, "name": "Vibrant Hospital" }, "geometry": { "type": "Point", "coordinates": [ 70.7602657, 22.2908432 ] } },
{ "type": "Feature", "properties": { "element": "node", "id": 7862473705, "amenity": "clinic", "shop": null, "name": "Jeevanshree Clinic" }, "geometry": { "type": "Point", "coordinates": [ 70.7690906, 22.2869274 ] } },
{ "type": "Feature", "properties": { "element": "node", "id": 7862473706, "amenity": "hospital", "shop": null, "name": "Eva Women's Healthcare Centre" }, "geometry": { "type": "Point", "coordinates": [ 70.759926, 22.2853276 ] } },
{ "type": "Feature", "properties": { "element": "node", "id": 7862473707, "amenity": "hospital", "shop": null, "name": "Shree Shivanand General & Multispeciality Trust Hospital" }, "geometry": { "type": "Point", "coordinates": [ 70.7939402, 22.2722113 ] } },
{ "type": "Feature", "properties": { "element": "node", "id": 7862473708, "amenity": "hospital", "shop": null, "name": "Wings IVF Speciality Hospital" }, "geometry": { "type": "Point", "coordinates": [ 70.7689513, 22.3055409 ] } },
{ "type": "Feature", "properties": { "element": "node", "id": 7862473709, "amenity": "hospital", "shop": null, "name": "Paritosh Hospital" }, "geometry": { "type": "Point", "coordinates": [ 70.793863900000019, 22.2715198 ] } },
{ "type": "Feature", "properties": { "element": "node", "id": 7862473710, "amenity": "hospital", "shop": null, "name": "Selus Hospitals" }, "geometry": { "type": "Point", "coordinates": [ 70.765117, 22.301694 ] } },
{ "type": "Feature", "properties": { "element": "node", "id": 7862473711, "amenity": "hospital", "shop": null, "name": "Jaynath Hospital" }, "geometry": { "type": "Point", "coordinates": [ 70.803466, 22.279125 ] } },
{ "type": "Feature", "properties": { "element": "node", "id": 7862473712, "amenity": "hospital", "shop": null, "name": "Kalrav Children's Hospital" }, "geometry": { "type": "Point", "coordinates": [ 70.7725457, 22.2832412 ] } },
{ "type": "Feature", "properties": { "element": "node", "id": 7862473713, "amenity": "hospital", "shop": null, "name": "Unique Hospital & Research Centre" }, "geometry": { "type": "Point", "coordinates": [ 70.7880923, 22.2927753 ] } },
{ "type": "Feature", "properties": { "element": "node", "id": 7862473714, "amenity": "hospital", "shop": null, "name": "Shree Swaminarayan Gurukul Sanjivani Hospital" }, "geometry": { "type": "Point", "coordinates": [ 70.7847434, 22.2641699 ] } },
{ "type": "Feature", "properties": { "element": "node", "id": 7862473715, "amenity": "hospital", "shop": null, "name": "Genesis Multispeciality Hospital" }, "geometry": { "type": "Point", "coordinates": [ 70.7624319, 22.3002746 ] } },
{ "type": "Feature", "properties": { "element": "node", "id": 7862473716, "amenity": "hospital", "shop": null, "name": "Vatsalya Hospital" }, "geometry": { "type": "Point", "coordinates": [ 70.77194870000001, 22.2830414 ] } },
{ "type": "Feature", "properties": { "element": "node", "id": 7862473717, "amenity": "clinic", "shop": null, "name": "Krishnam Clinic" }, "geometry": { "type": "Point", "coordinates": [ 70.7801813, 22.2706223 ] } },
{ "type": "Feature", "properties": { "element": "node", "id": 7862473718, "amenity": "hospital", "shop": null, "name": "Siddhi Vinayak Hospital" }, "geometry": { "type": "Point", "coordinates": [ 70.7852501, 22.2652715 ] } },
{ "type": "Feature", "properties": { "element": "node", "id": 7862473719, "amenity": "hospital", "shop": null, "name": "Vatsalya Multispeciality Hospital" }, "geometry": { "type": "Point", "coordinates": [ 70.7827429, 22.2749598 ] } },
{ "type": "Feature", "properties": { "element": "node", "id": 7862473720, "amenity": "hospital", "shop": null, "name": "Prarthana Hospital" }, "geometry": { "type": "Point", "coordinates": [ 70.8033598, 22.2833252 ] } },
{ "type": "Feature", "properties": { "element": "node", "id": 7862473721, "amenity": "hospital", "shop": null, "name": "Viraj Hospital" }, "geometry": { "type": "Point", "coordinates": [ 70.780497, 22.2701381 ] } },
{ "type": "Feature", "properties": { "element": "node", "id": 7862473722, "amenity": "hospital", "shop": null, "name": "Child Neurology and Epilepsy Centre" }, "geometry": { "type": "Point", "coordinates": [ 70.787560400000018, 22.2912373 ] } },
{ "type": "Feature", "properties": { "element": "node", "id": 7862473723, "amenity": "hospital", "shop": null, "name": "Bhakti Women's Hospital" }, "geometry": { "type": "Point", "coordinates": [ 70.7820038, 22.2607367 ] } },
{ "type": "Feature", "properties": { "element": "node", "id": 7862473724, "amenity": "hospital", "shop": null, "name": "Soham Hospital" }, "geometry": { "type": "Point", "coordinates": [ 70.7925987, 22.2719301 ] } },
{ "type": "Feature", "properties": { "element": "node", "id": 7862473725, "amenity": "hospital", "shop": null, "name": "Devani Medical Hospital" }, "geometry": { "type": "Point", "coordinates": [ 70.788355, 22.2955976 ] } },
{ "type": "Feature", "properties": { "element": "node", "id": 7862473726, "amenity": "clinic", "shop": null, "name": "Pratham Clinic and Nursing Home" }, "geometry": { "type": "Point", "coordinates": [ 70.784713, 22.258431 ] } },
{ "type": "Feature", "properties": { "element": "node", "id": 7862473727, "amenity": "clinic", "shop": null, "name": "Jay Shree Momai Clinic" }, "geometry": { "type": "Point", "coordinates": [ 70.7894567, 22.2599487 ] } },
{ "type": "Feature", "properties": { "element": "node", "id": 7862473728, "amenity": "clinic", "shop": null, "name": "Radhika Clinic" }, "geometry": { "type": "Point", "coordinates": [ 70.7728573, 22.2933903 ] } },
{ "type": "Feature", "properties": { "element": "node", "id": 7862473729, "amenity": "hospital", "shop": null, "name": "Aarogyam Orthopaedic Hospital" }, "geometry": { "type": "Point", "coordinates": [ 70.783312800000019, 22.2794282 ] } },
{ "type": "Feature", "properties": { "element": "node", "id": 7862473730, "amenity": "hospital", "shop": null, "name": "Parekh Hospital" }, "geometry": { "type": "Point", "coordinates": [ 70.8042537, 22.2902575 ] } },
{ "type": "Feature", "properties": { "element": "node", "id": 7862473731, "amenity": "hospital", "shop": null, "name": "Netradeep Eye Hospital" }, "geometry": { "type": "Point", "coordinates": [ 70.76182, 22.287454 ] } },
{ "type": "Feature", "properties": { "element": "node", "id": 7862473732, "amenity": "hospital", "shop": null, "name": "Medisurge Multispeciality Hospital" }, "geometry": { "type": "Point", "coordinates": [ 70.781883, 22.269213 ] } },
{ "type": "Feature", "properties": { "element": "node", "id": 7862473733, "amenity": "hospital", "shop": null, "name": "Saket Hospital" }, "geometry": { "type": "Point", "coordinates": [ 70.7828122, 22.2785275 ] } },
{ "type": "Feature", "properties": { "element": "node", "id": 7862473734, "amenity": "hospital", "shop": null, "name": "Muskaan Children Hospital" }, "geometry": { "type": "Point", "coordinates": [ 70.7926234, 22.2875797 ] } },
{ "type": "Feature", "properties": { "element": "node", "id": 7862473735, "amenity": "hospital", "shop": null, "name": "Dr. Kakadiya's Aradhana Hospital" }, "geometry": { "type": "Point", "coordinates": [ 70.7836039, 22.2795897 ] } },
{ "type": "Feature", "properties": { "element": "node", "id": 7862473736, "amenity": "hospital", "shop": null, "name": "Pragati Hospital" }, "geometry": { "type": "Point", "coordinates": [ 70.794739, 22.2869775 ] } },
{ "type": "Feature", "properties": { "element": "node", "id": 7862473737, "amenity": "clinic", "shop": null, "name": "Sahajanand Clinic" }, "geometry": { "type": "Point", "coordinates": [ 70.7706545, 22.2770311 ] } },
{ "type": "Feature", "properties": { "element": "node", "id": 7862473738, "amenity": "hospital", "shop": null, "name": "Flowrence Hospital" }, "geometry": { "type": "Point", "coordinates": [ 70.783811900000018, 22.2802533 ] } },
{ "type": "Feature", "properties": { "element": "node", "id": 7862473739, "amenity": "clinic", "shop": null, "name": "Yogi Clinic" }, "geometry": { "type": "Point", "coordinates": [ 70.781589, 22.270796 ] } },
{ "type": "Feature", "properties": { "element": "node", "id": 7862473740, "amenity": "hospital", "shop": null, "name": "Pioneer Hospital" }, "geometry": { "type": "Point", "coordinates": [ 70.788467, 22.2936174 ] } },
{ "type": "Feature", "properties": { "element": "node", "id": 7862473741, "amenity": "clinic", "shop": null, "name": "Advanced Skin Clinic" }, "geometry": { "type": "Point", "coordinates": [ 70.7915702, 22.2933806 ] } },
{ "type": "Feature", "properties": { "element": "node", "id": 7862473742, "amenity": "dentist", "shop": null, "name": "Shyam Multi Speciality Dental Clinic" }, "geometry": { "type": "Point", "coordinates": [ 70.758243, 22.297118 ] } },
{ "type": "Feature", "properties": { "element": "node", "id": 7862473743, "amenity": "hospital", "shop": null, "name": "Diva Women's Hospital" }, "geometry": { "type": "Point", "coordinates": [ 70.7690081, 22.2871629 ] } },
{ "type": "Feature", "properties": { "element": "node", "id": 7862473744, "amenity": "hospital", "shop": null, "name": "Shrey Children's Hospital" }, "geometry": { "type": "Point", "coordinates": [ 70.7926039, 22.2719107 ] } },
{ "type": "Feature", "properties": { "element": "node", "id": 7862473746, "amenity": "doctors", "shop": null, "name": "Dr. Ketan" }, "geometry": { "type": "Point", "coordinates": [ 70.80196, 22.2784 ] } },
{ "type": "Feature", "properties": { "element": "node", "id": 7862473747, "amenity": "clinic", "shop": null, "name": "Shivam Clinic" }, "geometry": { "type": "Point", "coordinates": [ 70.7749943, 22.2703425 ] } },
{ "type": "Feature", "properties": { "element": "node", "id": 7862473748, "amenity": "clinic", "shop": null, "name": "Shree Vishwakarma Clinic" }, "geometry": { "type": "Point", "coordinates": [ 70.785435, 22.265464 ] } },
{ "type": "Feature", "properties": { "element": "node", "id": 7862473750, "amenity": "hospital", "shop": null, "name": "Tara Hospital" }, "geometry": { "type": "Point", "coordinates": [ 70.7655323, 22.2835961 ] } },
{ "type": "Feature", "properties": { "element": "node", "id": 7862473751, "amenity": "dentist", "shop": null, "name": "Aastha Multispeciality Dental Clinic & Implant Centre" }, "geometry": { "type": "Point", "coordinates": [ 70.7701248, 22.272156 ] } },
{ "type": "Feature", "properties": { "element": "node", "id": 7862473752, "amenity": "hospital", "shop": null, "name": "Amee Health Centre" }, "geometry": { "type": "Point", "coordinates": [ 70.7868896, 22.2966584 ] } },
{ "type": "Feature", "properties": { "element": "node", "id": 7862473753, "amenity": "hospital", "shop": null, "name": "Om Hospital and Research Centre" }, "geometry": { "type": "Point", "coordinates": [ 70.765446, 22.291195 ] } },
{ "type": "Feature", "properties": { "element": "node", "id": 7862473754, "amenity": "hospital", "shop": null, "name": "Shree Krishna Children Hospital" }, "geometry": { "type": "Point", "coordinates": [ 70.7583304, 22.2951395 ] } },
{ "type": "Feature", "properties": { "element": "node", "id": 7862473755, "amenity": "hospital", "shop": null, "name": "Apporva Hospital" }, "geometry": { "type": "Point", "coordinates": [ 70.8039192, 22.2834862 ] } },
{ "type": "Feature", "properties": { "element": "node", "id": 7862473756, "amenity": "hospital", "shop": null, "name": "Parth Hospital" }, "geometry": { "type": "Point", "coordinates": [ 70.7972275, 22.2646021 ] } },
{ "type": "Feature", "properties": { "element": "node", "id": 7862473757, "amenity": "hospital", "shop": null, "name": "Subham Oral Surgical Hospital" }, "geometry": { "type": "Point", "coordinates": [ 70.7838099, 22.2808799 ] } },
{ "type": "Feature", "properties": { "element": "node", "id": 7862473758, "amenity": "hospital", "shop": null, "name": "Saurashtra Children Hospital" }, "geometry": { "type": "Point", "coordinates": [ 70.7828371, 22.2791674 ] } },
{ "type": "Feature", "properties": { "element": "node", "id": 7862473759, "amenity": "hospital", "shop": null, "name": "Mother Care & Maternity Hospital" }, "geometry": { "type": "Point", "coordinates": [ 70.766621, 22.301609 ] } },
{ "type": "Feature", "properties": { "element": "node", "id": 7862473760, "amenity": "hospital", "shop": null, "name": "Landmark Hospital" }, "geometry": { "type": "Point", "coordinates": [ 70.7884292, 22.2957121 ] } },
{ "type": "Feature", "properties": { "element": "node", "id": 7862473761, "amenity": "hospital", "shop": null, "name": "Vatsalya Clinical Hospitals" }, "geometry": { "type": "Point", "coordinates": [ 70.7600167, 22.291567 ] } },
{ "type": "Feature", "properties": { "element": "node", "id": 7862473762, "amenity": "hospital", "shop": null, "name": "Krishna Prasuti Gruh & Gynec Hospital" }, "geometry": { "type": "Point", "coordinates": [ 70.761595, 22.289785 ] } },
{ "type": "Feature", "properties": { "element": "node", "id": 7862473763, "amenity": "hospital", "shop": null, "name": "Sushrut Hospital" }, "geometry": { "type": "Point", "coordinates": [ 70.7877278, 22.2910949 ] } },
{ "type": "Feature", "properties": { "element": "node", "id": 7862473764, "amenity": "hospital", "shop": null, "name": "Sparsh Women's Hospital" }, "geometry": { "type": "Point", "coordinates": [ 70.7631658, 22.2875941 ] } },
{ "type": "Feature", "properties": { "element": "node", "id": 7953854861, "amenity": "restaurant", "shop": null, "name": "choice snackbar" }, "geometry": { "type": "Point", "coordinates": [ 70.7919535, 22.286494 ] } },
{ "type": "Feature", "properties": { "element": "node", "id": 8017640569, "amenity": null, "shop": null, "name": "GEC Boys Hostel" }, "geometry": { "type": "Point", "coordinates": [ 70.7437573, 22.2489483 ] } },
{ "type": "Feature", "properties": { "element": "node", "id": 8017640570, "amenity": null, "shop": null, "name": "GEC Girls Hostel" }, "geometry": { "type": "Point", "coordinates": [ 70.7461833, 22.2481931 ] } },
{ "type": "Feature", "properties": { "element": "node", "id": 8096305941, "amenity": "restaurant", "shop": null, "name": "Mealbox @ Out Of The Box" }, "geometry": { "type": "Point", "coordinates": [ 70.7200524, 22.2550841 ] } },
{ "type": "Feature", "properties": { "element": "node", "id": 8096342797, "amenity": null, "shop": null, "name": "Out Of The Box" }, "geometry": { "type": "Point", "coordinates": [ 70.7204036, 22.2551217 ] } },
{ "type": "Feature", "properties": { "element": "node", "id": 8190449213, "amenity": "hospital", "shop": null, "name": "Ayuraesthetic Ayurvedic clinic" }, "geometry": { "type": "Point", "coordinates": [ 70.7670941, 22.2924159 ] } },
{ "type": "Feature", "properties": { "element": "node", "id": 8236796524, "amenity": null, "shop": "jewelry", "name": "Hariom Gold and Silver Plating" }, "geometry": { "type": "Point", "coordinates": [ 70.811073, 22.3090102 ] } },
{ "type": "Feature", "properties": { "element": "node", "id": 8789048418, "amenity": null, "shop": null, "name": "Organik Ideas" }, "geometry": { "type": "Point", "coordinates": [ 70.7722439, 22.2852754 ] } },
{ "type": "Feature", "properties": { "element": "node", "id": 8850041917, "amenity": null, "shop": null, "name": "Amidhara Appts" }, "geometry": { "type": "Point", "coordinates": [ 70.7743209, 22.2897966 ] } },
{ "type": "Feature", "properties": { "element": "node", "id": 8879045015, "amenity": null, "shop": "electronics", "name": "Ciba Aquatech" }, "geometry": { "type": "Point", "coordinates": [ 70.7883098, 22.2830024 ] } },
{ "type": "Feature", "properties": { "element": "node", "id": 9007914692, "amenity": null, "shop": "travel_agency", "name": "Safari Tourism" }, "geometry": { "type": "Point", "coordinates": [ 70.7891933, 22.2542898 ] } },
{ "type": "Feature", "properties": { "element": "node", "id": 9308025394, "amenity": "dentist", "shop": null, "name": "Parth Dental Care" }, "geometry": { "type": "Point", "coordinates": [ 70.7798119, 22.2850256 ] } },
{ "type": "Feature", "properties": { "element": "node", "id": 9433307937, "amenity": null, "shop": null, "name": "Aakruti Encuesta" }, "geometry": { "type": "Point", "coordinates": [ 70.7998646, 22.2833092 ] } },
{ "type": "Feature", "properties": { "element": "node", "id": 9452165917, "amenity": null, "shop": "car_repair", "name": "W3234 shiva Hyundai Rajkot" }, "geometry": { "type": "Point", "coordinates": [ 70.8013284, 22.2384165 ] } },
{ "type": "Feature", "properties": { "element": "node", "id": 9577189696, "amenity": "college", "shop": null, "name": "Industrial Training Institute" }, "geometry": { "type": "Point", "coordinates": [ 70.8324784, 22.2804198 ] } },
{ "type": "Feature", "properties": { "element": "node", "id": 9754259427, "amenity": null, "shop": "general", "name": "balaji General store" }, "geometry": { "type": "Point", "coordinates": [ 70.7689177, 22.2964491 ] } },
{ "type": "Feature", "properties": { "element": "node", "id": 9754319854, "amenity": null, "shop": "car", "name": "Jai Ganesh ford showroom" }, "geometry": { "type": "Point", "coordinates": [ 70.7688397, 22.2969229 ] } },
{ "type": "Feature", "properties": { "element": "node", "id": 9865762717, "amenity": null, "shop": "car_repair", "name": "Shiva Hyundai Rajkot" }, "geometry": { "type": "Point", "coordinates": [ 70.8013599, 22.2384045 ] } },
{ "type": "Feature", "properties": { "element": "node", "id": 9870112155, "amenity": null, "shop": null, "name": "Entity IT Solutions" }, "geometry": { "type": "Point", "coordinates": [ 70.7702204, 22.2913674 ] } },
{ "type": "Feature", "properties": { "element": "node", "id": 10011904182, "amenity": null, "shop": null, "name": "Utshav Park" }, "geometry": { "type": "Point", "coordinates": [ 70.8224595, 22.3258808 ] } },
{ "type": "Feature", "properties": { "element": "node", "id": 10737077044, "amenity": "place_of_worship", "shop": null, "name": "Dargah" }, "geometry": { "type": "Point", "coordinates": [ 70.7831608, 22.3885081 ] } },
{ "type": "Feature", "properties": { "element": "node", "id": 10781736415, "amenity": "hospital", "shop": null, "name": "Smile Shiners Dental Clinic" }, "geometry": { "type": "Point", "coordinates": [ 70.7546764, 22.3002635 ] } },
{ "type": "Feature", "properties": { "element": "node", "id": 11017512505, "amenity": null, "shop": null, "name": "K.J.B boys hostel ( brahmakshtriya boarding) Rajkot" }, "geometry": { "type": "Point", "coordinates": [ 70.7683809, 22.2831671 ] } },
{ "type": "Feature", "properties": { "element": "node", "id": 11030035317, "amenity": null, "shop": "tattoo", "name": "INKISM Tattoo" }, "geometry": { "type": "Point", "coordinates": [ 70.7702659, 22.2849445 ] } },
{ "type": "Feature", "properties": { "element": "node", "id": 11243730126, "amenity": "dentist", "shop": null, "name": "Dr. Morjarias' Advanced Dental Clinic" }, "geometry": { "type": "Point", "coordinates": [ 70.7613272, 22.2901316 ] } },
{ "type": "Feature", "properties": { "element": "node", "id": 11412508269, "amenity": "place_of_worship", "shop": null, "name": "Kaba Gandhi No Delo" }, "geometry": { "type": "Point", "coordinates": [ 70.8049611, 22.297011 ] } },
{ "type": "Feature", "properties": { "element": "node", "id": 11533463486, "amenity": null, "shop": null, "name": "9 Enterprise" }, "geometry": { "type": "Point", "coordinates": [ 70.769318, 22.2986354 ] } },
{ "type": "Feature", "properties": { "element": "node", "id": 11578301422, "amenity": "clinic", "shop": null, "name": "MMHC" }, "geometry": { "type": "Point", "coordinates": [ 70.8010552, 22.3023848 ] } },
{ "type": "Feature", "properties": { "element": "node", "id": 11710271042, "amenity": "restaurant", "shop": null, "name": "Dharmjivan Restaurant" }, "geometry": { "type": "Point", "coordinates": [ 70.8136956, 22.2567202 ] } },
{ "type": "Feature", "properties": { "element": "node", "id": 11830449343, "amenity": null, "shop": "bakery", "name": "Saraza" }, "geometry": { "type": "Point", "coordinates": [ 70.784789, 22.2887033 ] } },
{ "type": "Feature", "properties": { "element": "node", "id": 11830458639, "amenity": null, "shop": "wholesale", "name": "Bajrang General Store" }, "geometry": { "type": "Point", "coordinates": [ 70.7852903, 22.2883433 ] } },
{ "type": "Feature", "properties": { "element": "node", "id": 11830479308, "amenity": "hospital", "shop": null, "name": "Delta Diagonostic Center & Bhatt Laboratory" }, "geometry": { "type": "Point", "coordinates": [ 70.7846965, 22.2892483 ] } },
{ "type": "Feature", "properties": { "element": "node", "id": 11830487837, "amenity": "bank", "shop": null, "name": "Cosmos Bank, Rajkot Branch" }, "geometry": { "type": "Point", "coordinates": [ 70.7844185, 22.2892172 ] } },
{ "type": "Feature", "properties": { "element": "node", "id": 11830489242, "amenity": "hospital", "shop": null, "name": "Vachhani Hospital" }, "geometry": { "type": "Point", "coordinates": [ 70.7847505, 22.2891746 ] } },
{ "type": "Feature", "properties": { "element": "node", "id": 11868398893, "amenity": null, "shop": "yes", "name": "LUV KUSH NATURAL" }, "geometry": { "type": "Point", "coordinates": [ 70.8237896, 22.308812 ] } },
{ "type": "Feature", "properties": { "element": "node", "id": 11903580950, "amenity": "fuel", "shop": null, "name": "Indian Oil" }, "geometry": { "type": "Point", "coordinates": [ 70.7415993, 22.2699212 ] } },
{ "type": "Feature", "properties": { "element": "node", "id": 11913328950, "amenity": "clinic", "shop": null, "name": "Homoeopathic Clinic" }, "geometry": { "type": "Point", "coordinates": [ 70.7759235, 22.3000609 ] } },
{ "type": "Feature", "properties": { "element": "node", "id": 12100822650, "amenity": null, "shop": null, "name": "Krishna Sports Ground para Pipaliya" }, "geometry": { "type": "Point", "coordinates": [ 70.7352705, 22.3567642 ] } },
{ "type": "Feature", "properties": { "element": "node", "id": 12101701686, "amenity": "police", "shop": null, "name": "PRADHYUMAN NAGAR POLICE STATION" }, "geometry": { "type": "Point", "coordinates": [ 70.7965173, 22.300615 ] } },
{ "type": "Feature", "properties": { "element": "node", "id": 12101745316, "amenity": null, "shop": null, "name": "Race Cource (Rajkot)" }, "geometry": { "type": "Point", "coordinates": [ 70.7902621, 22.3065671 ] } },
{ "type": "Feature", "properties": { "element": "node", "id": 12101745317, "amenity": null, "shop": null, "name": "Parul garden" }, "geometry": { "type": "Point", "coordinates": [ 70.8192773, 22.3056518 ] } },
{ "type": "Feature", "properties": { "element": "node", "id": 12101745325, "amenity": null, "shop": "mall", "name": "Dmart" }, "geometry": { "type": "Point", "coordinates": [ 70.8242476, 22.3104955 ] } },
{ "type": "Feature", "properties": { "element": "node", "id": 12101756084, "amenity": null, "shop": null, "name": "Bahumali Bhavan" }, "geometry": { "type": "Point", "coordinates": [ 70.7928092, 22.3032565 ] } },
{ "type": "Feature", "properties": { "element": "node", "id": 12101762961, "amenity": "police", "shop": null, "name": "Police Head Quarters" }, "geometry": { "type": "Point", "coordinates": [ 70.7921033, 22.3090266 ] } },
{ "type": "Feature", "properties": { "element": "node", "id": 12101765681, "amenity": "university", "shop": null, "name": "University Road (Rajkot)" }, "geometry": { "type": "Point", "coordinates": [ 70.7591291, 22.2877098 ] } },
{ "type": "Feature", "properties": { "element": "node", "id": 12101772344, "amenity": "townhall", "shop": null, "name": "Jilla Panchayat (Rajkot)" }, "geometry": { "type": "Point", "coordinates": [ 70.7921866, 22.2979517 ] } },
{ "type": "Feature", "properties": { "element": "node", "id": 12101824765, "amenity": "place_of_worship", "shop": null, "name": "Ramdhan Temple" }, "geometry": { "type": "Point", "coordinates": [ 70.7799975, 22.2540275 ] } },
{ "type": "Feature", "properties": { "element": "node", "id": 12101827506, "amenity": null, "shop": "mobile_phone", "name": "Unicorn, Apple Authorised Service Provider" }, "geometry": { "type": "Point", "coordinates": [ 70.7600662, 22.2761583 ] } },
{ "type": "Feature", "properties": { "element": "node", "id": 12101831756, "amenity": null, "shop": null, "name": "Jaddus Hotel (Rajkot)" }, "geometry": { "type": "Point", "coordinates": [ 70.7573867, 22.2736027 ] } },
{ "type": "Feature", "properties": { "element": "node", "id": 12101833048, "amenity": null, "shop": "mobile_phone", "name": "ibiz - Apple Authorized Reseller" }, "geometry": { "type": "Point", "coordinates": [ 70.78831630000002, 22.2934131 ] } },
{ "type": "Feature", "properties": { "element": "node", "id": 12101833319, "amenity": "restaurant", "shop": null, "name": "Matuki Restaurant" }, "geometry": { "type": "Point", "coordinates": [ 70.7865431, 22.2459079 ] } },
{ "type": "Feature", "properties": { "element": "node", "id": 12101833655, "amenity": "university", "shop": null, "name": "Masoom School" }, "geometry": { "type": "Point", "coordinates": [ 70.7610498, 22.284988 ] } },
{ "type": "Feature", "properties": { "element": "node", "id": 12101834276, "amenity": null, "shop": "electronics", "name": "Apple Service's" }, "geometry": { "type": "Point", "coordinates": [ 70.7915971, 22.2932302 ] } },
{ "type": "Feature", "properties": { "element": "node", "id": 12101834722, "amenity": "university", "shop": null, "name": "Masoom primary school" }, "geometry": { "type": "Point", "coordinates": [ 70.7618196, 22.2875518 ] } },
{ "type": "Feature", "properties": { "element": "node", "id": 12101844384, "amenity": "place_of_worship", "shop": null, "name": "Greenland Chokdi" }, "geometry": { "type": "Point", "coordinates": [ 70.8288941, 22.311641 ] } },
{ "type": "Feature", "properties": { "element": "node", "id": 12101852541, "amenity": "college", "shop": null, "name": "Sarvoday School  (Rajkot)" }, "geometry": { "type": "Point", "coordinates": [ 70.7979005, 22.2671001 ] } },
{ "type": "Feature", "properties": { "element": "node", "id": 12101950906, "amenity": null, "shop": null, "name": "Gokuldham Society" }, "geometry": { "type": "Point", "coordinates": [ 70.7924798, 22.2597663 ] } },
{ "type": "Feature", "properties": { "element": "node", "id": 12101974568, "amenity": "food_court", "shop": null, "name": "Fun And Food (FNF)" }, "geometry": { "type": "Point", "coordinates": [ 70.7764642, 22.2803823 ] } },
{ "type": "Feature", "properties": { "element": "node", "id": 12101979373, "amenity": "bus_station", "shop": null, "name": "Goverdhan Chowk" }, "geometry": { "type": "Point", "coordinates": [ 70.7906383, 22.2515686 ] } },
{ "type": "Feature", "properties": { "element": "node", "id": 12102018460, "amenity": "place_of_worship", "shop": null, "name": "Shree Ram Ranuja Mandir" }, "geometry": { "type": "Point", "coordinates": [ 70.8182544, 22.2503748 ] } },
{ "type": "Feature", "properties": { "element": "node", "id": 12102042615, "amenity": null, "shop": "yes", "name": "Backbone Shopping Center" }, "geometry": { "type": "Point", "coordinates": [ 70.78698, 22.2754091 ] } },
{ "type": "Feature", "properties": { "element": "node", "id": 12102048872, "amenity": null, "shop": "greengrocer", "name": "Vegetable Market" }, "geometry": { "type": "Point", "coordinates": [ 70.811934900000011, 22.2744822 ] } },
{ "type": "Feature", "properties": { "element": "node", "id": 12102101922, "amenity": "university", "shop": null, "name": "Satyaprakash Day School" }, "geometry": { "type": "Point", "coordinates": [ 70.7824826, 22.3176913 ] } },
{ "type": "Feature", "properties": { "element": "node", "id": 12102171314, "amenity": "place_of_worship", "shop": null, "name": "Bapa Sitaram Ni Madhuli" }, "geometry": { "type": "Point", "coordinates": [ 70.7717468, 22.3126007 ] } },
{ "type": "Feature", "properties": { "element": "node", "id": 12102171337, "amenity": "place_of_worship", "shop": null, "name": "Velnath Temple" }, "geometry": { "type": "Point", "coordinates": [ 70.8114138, 22.3347636 ] } },
{ "type": "Feature", "properties": { "element": "node", "id": 12102232103, "amenity": "police", "shop": null, "name": "Bhakti Nagar Police Station" }, "geometry": { "type": "Point", "coordinates": [ 70.8114323, 22.2771382 ] } },
{ "type": "Feature", "properties": { "element": "node", "id": 12122314646, "amenity": null, "shop": null, "name": "Mahavir Park Society" }, "geometry": { "type": "Point", "coordinates": [ 70.777646, 22.2984024 ] } },
{ "type": "Feature", "properties": { "element": "node", "id": 12201286358, "amenity": null, "shop": "grocery_store", "name": "Jay Ambe Kirana Bhandar" }, "geometry": { "type": "Point", "coordinates": [ 70.7777482, 22.2976828 ] } },
{ "type": "Feature", "properties": { "element": "node", "id": 12201286359, "amenity": "place_of_worship", "shop": null, "name": "Shri Nagnath Mahadev Temple" }, "geometry": { "type": "Point", "coordinates": [ 70.7764139, 22.297334 ] } },
{ "type": "Feature", "properties": { "element": "node", "id": 12393372877, "amenity": null, "shop": null, "name": "AB CAPITAL" }, "geometry": { "type": "Point", "coordinates": [ 70.7864965, 22.2615621 ] } },
{ "type": "Feature", "properties": { "element": "node", "id": 12484153855, "amenity": "dentist", "shop": null, "name": "Aarogyam Dental - Best Implants, aligners and Braces" }, "geometry": { "type": "Point", "coordinates": [ 70.7818102, 22.2606555 ] } },
{ "type": "Feature", "properties": { "element": "node", "id": 13395220926, "amenity": null, "shop": null, "name": "Party and Cricket Ground" }, "geometry": { "type": "Point", "coordinates": [ 70.7809159, 22.2605886 ] } },
{ "type": "Feature", "properties": { "element": "node", "id": 13395222625, "amenity": null, "shop": null, "name": "Fortune Park JPS Grand, Rajkot - Member ITC hotels' group" }, "geometry": { "type": "Point", "coordinates": [ 70.7882212, 22.2577303 ] } },
{ "type": "Feature", "properties": { "element": "node", "id": 13395222626, "amenity": "car_wash", "shop": null, "name": "Balaji Multibrand Car Workshop - Best Car Workshop" }, "geometry": { "type": "Point", "coordinates": [ 70.7801817, 22.2542342 ] } },
{ "type": "Feature", "properties": { "element": "node", "id": 13395229977, "amenity": "marketplace", "shop": null, "name": "Party and Cricket Ground" }, "geometry": { "type": "Point", "coordinates": [ 70.779061, 22.262108 ] } },
{ "type": "Feature", "properties": { "element": "node", "id": 13395236414, "amenity": null, "shop": null, "name": "Gurudev Park 2" }, "geometry": { "type": "Point", "coordinates": [ 70.7830733, 22.2518157 ] } },
{ "type": "Feature", "properties": { "element": "node", "id": 13464065583, "amenity": "doctors", "shop": null, "name": "vishal hospital" }, "geometry": { "type": "Point", "coordinates": [ 70.7979413, 22.3094807 ] } },
{ "type": "Feature", "properties": { "element": "node", "id": 13472882425, "amenity": "restaurant", "shop": null, "name": "Balaji Cloud Kitchen" }, "geometry": { "type": "Point", "coordinates": [ 70.8104808, 22.2888183 ] } },
{ "type": "Feature", "properties": { "element": "node", "id": 13584112847, "amenity": null, "shop": null, "name": "ATLANTIC BUSINESS INC" }, "geometry": { "type": "Point", "coordinates": [ 70.7979507, 22.2714556 ] } },
{ "type": "Feature", "properties": { "element": "node", "id": 13711280301, "amenity": null, "shop": "hairdresser", "name": "Smit family salon" }, "geometry": { "type": "Point", "coordinates": [ 70.763774600000019, 22.2582568 ] } },
{ "type": "Feature", "properties": { "element": "node", "id": 13858004147, "amenity": null, "shop": "repair", "name": "Bharat Petroleums Service Center" }, "geometry": { "type": "Point", "coordinates": [ 70.7994126, 22.2911678 ] } },
{ "type": "Feature", "properties": { "element": "node", "id": 14023435542, "amenity": "place_of_worship", "shop": null, "name": null }, "geometry": { "type": "Point", "coordinates": [ 70.7287328, 22.3227564 ] } },
{ "type": "Feature", "properties": { "element": "node", "id": 14026700463, "amenity": "place_of_worship", "shop": null, "name": "Qutbi masjid" }, "geometry": { "type": "Point", "coordinates": [ 70.8116485, 22.3015755 ] } },
{ "type": "Feature", "properties": { "element": "node", "id": 14027756378, "amenity": "clock", "shop": null, "name": null }, "geometry": { "type": "Point", "coordinates": [ 70.733078500000019, 22.3186217 ] } },
{ "type": "Feature", "properties": { "element": "node", "id": 14069818753, "amenity": null, "shop": "massage", "name": "Lotus Soa" }, "geometry": { "type": "Point", "coordinates": [ 70.7910645, 22.2923961 ] } },
{ "type": "Feature", "properties": { "element": "node", "id": 14136253051, "amenity": null, "shop": null, "name": null }, "geometry": { "type": "Point", "coordinates": [ 70.8089097, 22.3153173 ] } },
{ "type": "Feature", "properties": { "element": "relation", "id": 9027507, "amenity": null, "shop": null, "name": null }, "geometry": { "type": "Point", "coordinates": [ 70.788452450090716, 22.303774399989273 ] } },
{ "type": "Feature", "properties": { "element": "relation", "id": 13498512, "amenity": null, "shop": null, "name": null }, "geometry": { "type": "Point", "coordinates": [ 70.905243463736468, 22.356640887461388 ] } },
{ "type": "Feature", "properties": { "element": "relation", "id": 18934304, "amenity": null, "shop": null, "name": null }, "geometry": { "type": "Point", "coordinates": [ 70.746348435587834, 22.287755790121722 ] } },
{ "type": "Feature", "properties": { "element": "relation", "id": 21359936, "amenity": null, "shop": null, "name": null }, "geometry": { "type": "Point", "coordinates": [ 70.797934980199216, 22.294508427922828 ] } },
{ "type": "Feature", "properties": { "element": "way", "id": 50753999, "amenity": null, "shop": null, "name": "By pass Circle" }, "geometry": { "type": "Point", "coordinates": [ 70.800007343102408, 22.242557682462927 ] } },
{ "type": "Feature", "properties": { "element": "way", "id": 50755007, "amenity": null, "shop": null, "name": null }, "geometry": { "type": "Point", "coordinates": [ 70.778535051977116, 22.290517619210764 ] } },
{ "type": "Feature", "properties": { "element": "way", "id": 139591595, "amenity": null, "shop": null, "name": "Nyara" }, "geometry": { "type": "Point", "coordinates": [ 70.705765364221023, 22.360221799063289 ] } },
{ "type": "Feature", "properties": { "element": "way", "id": 139591602, "amenity": null, "shop": null, "name": "Ghanteswar" }, "geometry": { "type": "Point", "coordinates": [ 70.74037279996702, 22.33927910018495 ] } },
{ "type": "Feature", "properties": { "element": "way", "id": 139591607, "amenity": null, "shop": null, "name": "Raiyadhar" }, "geometry": { "type": "Point", "coordinates": [ 70.757780289905881, 22.317090270415203 ] } },
{ "type": "Feature", "properties": { "element": "way", "id": 139591609, "amenity": null, "shop": null, "name": "Vajdi" }, "geometry": { "type": "Point", "coordinates": [ 70.713008648756698, 22.266632750756656 ] } },
{ "type": "Feature", "properties": { "element": "way", "id": 139591641, "amenity": null, "shop": null, "name": "Vikram" }, "geometry": { "type": "Point", "coordinates": [ 70.802802579250539, 22.205221610310893 ] } },
{ "type": "Feature", "properties": { "element": "way", "id": 223770504, "amenity": null, "shop": null, "name": "GIDC" }, "geometry": { "type": "Point", "coordinates": [ 70.829294782644467, 22.273396752419266 ] } },
{ "type": "Feature", "properties": { "element": "way", "id": 223770506, "amenity": null, "shop": null, "name": "Kangasiyali" }, "geometry": { "type": "Point", "coordinates": [ 70.787928356655499, 22.207231893447776 ] } },
{ "type": "Feature", "properties": { "element": "way", "id": 373537042, "amenity": "college", "shop": null, "name": "Christ College Rajkot" }, "geometry": { "type": "Point", "coordinates": [ 70.725562362626491, 22.291506655000678 ] } },
{ "type": "Feature", "properties": { "element": "way", "id": 373537046, "amenity": "parking", "shop": null, "name": null }, "geometry": { "type": "Point", "coordinates": [ 70.726177986220961, 22.291468548272718 ] } },
{ "type": "Feature", "properties": { "element": "way", "id": 373537047, "amenity": "theatre", "shop": null, "name": null }, "geometry": { "type": "Point", "coordinates": [ 70.725755176997311, 22.291385139119395 ] } },
{ "type": "Feature", "properties": { "element": "way", "id": 373537048, "amenity": "cafe", "shop": null, "name": null }, "geometry": { "type": "Point", "coordinates": [ 70.724840502651048, 22.291034112281487 ] } },
{ "type": "Feature", "properties": { "element": "way", "id": 373537049, "amenity": "school", "shop": null, "name": "St Paul's" }, "geometry": { "type": "Point", "coordinates": [ 70.724264436201594, 22.291356545467476 ] } },
{ "type": "Feature", "properties": { "element": "way", "id": 373537054, "amenity": null, "shop": null, "name": "Christ Girls Hostel" }, "geometry": { "type": "Point", "coordinates": [ 70.726907019832822, 22.292210650271564 ] } },
{ "type": "Feature", "properties": { "element": "way", "id": 373537056, "amenity": null, "shop": null, "name": null }, "geometry": { "type": "Point", "coordinates": [ 70.734371625584885, 22.290249412202677 ] } },
{ "type": "Feature", "properties": { "element": "way", "id": 373537057, "amenity": null, "shop": null, "name": null }, "geometry": { "type": "Point", "coordinates": [ 70.735008060598474, 22.290091958016468 ] } },
{ "type": "Feature", "properties": { "element": "way", "id": 373537058, "amenity": null, "shop": null, "name": null }, "geometry": { "type": "Point", "coordinates": [ 70.741145958364839, 22.288319435364546 ] } },
{ "type": "Feature", "properties": { "element": "way", "id": 373537059, "amenity": null, "shop": null, "name": null }, "geometry": { "type": "Point", "coordinates": [ 70.741167429625847, 22.288565571113644 ] } },
{ "type": "Feature", "properties": { "element": "way", "id": 373537820, "amenity": "cafe", "shop": null, "name": null }, "geometry": { "type": "Point", "coordinates": [ 70.743735217221158, 22.289632525294564 ] } },
{ "type": "Feature", "properties": { "element": "way", "id": 373537822, "amenity": "library", "shop": null, "name": null }, "geometry": { "type": "Point", "coordinates": [ 70.742915145021954, 22.289209902091677 ] } },
{ "type": "Feature", "properties": { "element": "way", "id": 373537829, "amenity": "cafe", "shop": null, "name": null }, "geometry": { "type": "Point", "coordinates": [ 70.744148601312219, 22.29051290565932 ] } },
{ "type": "Feature", "properties": { "element": "way", "id": 373538352, "amenity": null, "shop": null, "name": null }, "geometry": { "type": "Point", "coordinates": [ 70.747829650573195, 22.288796684146188 ] } },
{ "type": "Feature", "properties": { "element": "way", "id": 373581077, "amenity": null, "shop": null, "name": "saraswati hostel" }, "geometry": { "type": "Point", "coordinates": [ 70.742841502884588, 22.286490181973875 ] } },
{ "type": "Feature", "properties": { "element": "way", "id": 373645901, "amenity": null, "shop": null, "name": null }, "geometry": { "type": "Point", "coordinates": [ 70.742940100759313, 22.290398420716205 ] } },
{ "type": "Feature", "properties": { "element": "way", "id": 373645902, "amenity": null, "shop": null, "name": null }, "geometry": { "type": "Point", "coordinates": [ 70.743287067237972, 22.290646826932296 ] } },
{ "type": "Feature", "properties": { "element": "way", "id": 373649882, "amenity": null, "shop": null, "name": null }, "geometry": { "type": "Point", "coordinates": [ 70.736564364843659, 22.290063877863734 ] } },
{ "type": "Feature", "properties": { "element": "way", "id": 378254555, "amenity": null, "shop": null, "name": null }, "geometry": { "type": "Point", "coordinates": [ 70.789465882071653, 22.300883598325111 ] } },
{ "type": "Feature", "properties": { "element": "way", "id": 378885626, "amenity": null, "shop": null, "name": "Ivory Boys Hostel" }, "geometry": { "type": "Point", "coordinates": [ 70.73889365416629, 22.245800466229156 ] } },
{ "type": "Feature", "properties": { "element": "way", "id": 423965954, "amenity": null, "shop": null, "name": "Navagam" }, "geometry": { "type": "Point", "coordinates": [ 70.831994907352737, 22.313790762684146 ] } },
{ "type": "Feature", "properties": { "element": "way", "id": 440206112, "amenity": null, "shop": null, "name": "Rajkot" }, "geometry": { "type": "Point", "coordinates": [ 70.708839451906528, 22.359223187354051 ] } },
{ "type": "Feature", "properties": { "element": "way", "id": 465387713, "amenity": null, "shop": null, "name": "Nehru Udhyan" }, "geometry": { "type": "Point", "coordinates": [ 70.790761153824278, 22.302859213119781 ] } },
{ "type": "Feature", "properties": { "element": "way", "id": 465388301, "amenity": null, "shop": null, "name": "Race Course Park" }, "geometry": { "type": "Point", "coordinates": [ 70.790594913608714, 22.299339382406444 ] } },
{ "type": "Feature", "properties": { "element": "way", "id": 468473552, "amenity": null, "shop": null, "name": "Chidren Park" }, "geometry": { "type": "Point", "coordinates": [ 70.757513151614518, 22.275286874132821 ] } },
{ "type": "Feature", "properties": { "element": "way", "id": 468475092, "amenity": "university", "shop": null, "name": "Saurashtra University" }, "geometry": { "type": "Point", "coordinates": [ 70.743478406864156, 22.290215560005272 ] } },
{ "type": "Feature", "properties": { "element": "way", "id": 468476711, "amenity": null, "shop": null, "name": "Housing Board Garden" }, "geometry": { "type": "Point", "coordinates": [ 70.783821252543802, 22.29153680634224 ] } },
{ "type": "Feature", "properties": { "element": "way", "id": 468477069, "amenity": null, "shop": null, "name": "Chitrakut dham Garden" }, "geometry": { "type": "Point", "coordinates": [ 70.784993552270109, 22.290018007967301 ] } },
{ "type": "Feature", "properties": { "element": "way", "id": 468477776, "amenity": null, "shop": null, "name": "Jubilee Park" }, "geometry": { "type": "Point", "coordinates": [ 70.802040854180234, 22.300345510061248 ] } },
{ "type": "Feature", "properties": { "element": "way", "id": 475278095, "amenity": "prison", "shop": null, "name": null }, "geometry": { "type": "Point", "coordinates": [ 70.801619713662831, 22.318414896523937 ] } },
{ "type": "Feature", "properties": { "element": "way", "id": 490387638, "amenity": null, "shop": null, "name": "Fun World" }, "geometry": { "type": "Point", "coordinates": [ 70.790671425174352, 22.304357779068489 ] } },
{ "type": "Feature", "properties": { "element": "way", "id": 491530492, "amenity": null, "shop": null, "name": "Bal Bhavan" }, "geometry": { "type": "Point", "coordinates": [ 70.788775415396088, 22.29937847304442 ] } },
{ "type": "Feature", "properties": { "element": "way", "id": 491533219, "amenity": null, "shop": null, "name": "Shastri Maidan" }, "geometry": { "type": "Point", "coordinates": [ 70.800005626437567, 22.294824697874347 ] } },
{ "type": "Feature", "properties": { "element": "way", "id": 507111955, "amenity": null, "shop": null, "name": "Kudava" }, "geometry": { "type": "Point", "coordinates": [ 70.905389044229196, 22.356644615997023 ] } },
{ "type": "Feature", "properties": { "element": "way", "id": 542392637, "amenity": null, "shop": "travel_agency", "name": "Paavan travels" }, "geometry": { "type": "Point", "coordinates": [ 70.798985283856695, 22.296547492164716 ] } },
{ "type": "Feature", "properties": { "element": "way", "id": 547099126, "amenity": null, "shop": null, "name": "Panchvati Park" }, "geometry": { "type": "Point", "coordinates": [ 70.785844845246928, 22.286440892392932 ] } },
{ "type": "Feature", "properties": { "element": "way", "id": 547100640, "amenity": null, "shop": null, "name": "Senior Citizen Park" }, "geometry": { "type": "Point", "coordinates": [ 70.800055706162368, 22.301472261335004 ] } },
{ "type": "Feature", "properties": { "element": "way", "id": 547101013, "amenity": null, "shop": null, "name": "Children Park" }, "geometry": { "type": "Point", "coordinates": [ 70.795206433494158, 22.302246666835071 ] } },
{ "type": "Feature", "properties": { "element": "way", "id": 548965207, "amenity": null, "shop": null, "name": "Niranjan Shah Stadium" }, "geometry": { "type": "Point", "coordinates": [ 70.709204330052629, 22.362919244246651 ] } },
{ "type": "Feature", "properties": { "element": "way", "id": 548967485, "amenity": null, "shop": null, "name": null }, "geometry": { "type": "Point", "coordinates": [ 70.708177711678658, 22.361830634623907 ] } },
{ "type": "Feature", "properties": { "element": "way", "id": 548968291, "amenity": null, "shop": null, "name": null }, "geometry": { "type": "Point", "coordinates": [ 70.709747415326746, 22.362950981513414 ] } },
{ "type": "Feature", "properties": { "element": "way", "id": 548968708, "amenity": "fountain", "shop": null, "name": null }, "geometry": { "type": "Point", "coordinates": [ 70.731073250008052, 22.329705500015628 ] } },
{ "type": "Feature", "properties": { "element": "way", "id": 548968709, "amenity": null, "shop": null, "name": null }, "geometry": { "type": "Point", "coordinates": [ 70.731064920788569, 22.329729611410787 ] } },
{ "type": "Feature", "properties": { "element": "way", "id": 583763173, "amenity": null, "shop": "mall", "name": "Reliance Mall" }, "geometry": { "type": "Point", "coordinates": [ 70.777086267214855, 22.279408209899962 ] } },
{ "type": "Feature", "properties": { "element": "way", "id": 605632873, "amenity": "parking", "shop": null, "name": null }, "geometry": { "type": "Point", "coordinates": [ 70.700638078674402, 22.260291017552362 ] } },
{ "type": "Feature", "properties": { "element": "way", "id": 612740159, "amenity": null, "shop": null, "name": null }, "geometry": { "type": "Point", "coordinates": [ 70.785553457580235, 22.294451852020384 ] } },
{ "type": "Feature", "properties": { "element": "way", "id": 612740160, "amenity": null, "shop": null, "name": null }, "geometry": { "type": "Point", "coordinates": [ 70.785272639315622, 22.294315773628504 ] } },
{ "type": "Feature", "properties": { "element": "way", "id": 612740161, "amenity": null, "shop": null, "name": null }, "geometry": { "type": "Point", "coordinates": [ 70.785715900059486, 22.294157800026071 ] } },
{ "type": "Feature", "properties": { "element": "way", "id": 612740162, "amenity": null, "shop": null, "name": null }, "geometry": { "type": "Point", "coordinates": [ 70.785598766595243, 22.294881600024517 ] } },
{ "type": "Feature", "properties": { "element": "way", "id": 612740163, "amenity": null, "shop": null, "name": null }, "geometry": { "type": "Point", "coordinates": [ 70.785546195852149, 22.294712192148292 ] } },
{ "type": "Feature", "properties": { "element": "way", "id": 623561713, "amenity": null, "shop": null, "name": null }, "geometry": { "type": "Point", "coordinates": [ 70.802038816539095, 22.280221535096452 ] } },
{ "type": "Feature", "properties": { "element": "way", "id": 628371398, "amenity": null, "shop": null, "name": "Bhagatsinh Garden" }, "geometry": { "type": "Point", "coordinates": [ 70.757967987095782, 22.286642699438843 ] } },
{ "type": "Feature", "properties": { "element": "way", "id": 643146110, "amenity": null, "shop": null, "name": "Ashtron Park" }, "geometry": { "type": "Point", "coordinates": [ 70.787748921539091, 22.292228565320038 ] } },
{ "type": "Feature", "properties": { "element": "way", "id": 643146311, "amenity": null, "shop": null, "name": null }, "geometry": { "type": "Point", "coordinates": [ 70.792787454683818, 22.288996903786909 ] } },
{ "type": "Feature", "properties": { "element": "way", "id": 643148241, "amenity": null, "shop": null, "name": null }, "geometry": { "type": "Point", "coordinates": [ 70.758446933552364, 22.295715066703114 ] } },
{ "type": "Feature", "properties": { "element": "way", "id": 643148449, "amenity": null, "shop": null, "name": null }, "geometry": { "type": "Point", "coordinates": [ 70.762147819299145, 22.28934309503958 ] } },
{ "type": "Feature", "properties": { "element": "way", "id": 800981517, "amenity": null, "shop": null, "name": null }, "geometry": { "type": "Point", "coordinates": [ 70.776560299274635, 22.277732311529867 ] } },
{ "type": "Feature", "properties": { "element": "way", "id": 800981518, "amenity": null, "shop": null, "name": null }, "geometry": { "type": "Point", "coordinates": [ 70.776887565506215, 22.277162039983832 ] } },
{ "type": "Feature", "properties": { "element": "way", "id": 800993149, "amenity": null, "shop": null, "name": "મહાત્મા ગાંધી મ્યુઝિયમ, રાજકોટ" }, "geometry": { "type": "Point", "coordinates": [ 70.802055321104604, 22.298318967655923 ] } },
{ "type": "Feature", "properties": { "element": "way", "id": 801000791, "amenity": "cinema", "shop": null, "name": "Galaxy Cinema" }, "geometry": { "type": "Point", "coordinates": [ 70.792109356915688, 22.299366997154006 ] } },
{ "type": "Feature", "properties": { "element": "way", "id": 801003053, "amenity": null, "shop": null, "name": "Jilla Panchayat" }, "geometry": { "type": "Point", "coordinates": [ 70.792012552349917, 22.297818567566182 ] } },
{ "type": "Feature", "properties": { "element": "way", "id": 801004903, "amenity": null, "shop": null, "name": "Police commissioner Office" }, "geometry": { "type": "Point", "coordinates": [ 70.792101626033315, 22.298788949653755 ] } },
{ "type": "Feature", "properties": { "element": "way", "id": 801008359, "amenity": null, "shop": null, "name": "Race Course Ground" }, "geometry": { "type": "Point", "coordinates": [ 70.790205445821073, 22.305958612816447 ] } },
{ "type": "Feature", "properties": { "element": "way", "id": 801012450, "amenity": "prep_school", "shop": null, "name": "New Era School" }, "geometry": { "type": "Point", "coordinates": [ 70.778714561525874, 22.29936154505771 ] } },
{ "type": "Feature", "properties": { "element": "way", "id": 802168130, "amenity": null, "shop": null, "name": "Cycle Track on Kalawad Road" }, "geometry": { "type": "Point", "coordinates": [ 70.776169180031644, 22.289083511278772 ] } },
{ "type": "Feature", "properties": { "element": "way", "id": 802168131, "amenity": null, "shop": null, "name": null }, "geometry": { "type": "Point", "coordinates": [ 70.773162844566571, 22.287212054224948 ] } },
{ "type": "Feature", "properties": { "element": "way", "id": 802168132, "amenity": null, "shop": null, "name": null }, "geometry": { "type": "Point", "coordinates": [ 70.775229842575627, 22.288271008952371 ] } },
{ "type": "Feature", "properties": { "element": "way", "id": 808282638, "amenity": "prep_school", "shop": null, "name": "Anil Gyan Mandir" }, "geometry": { "type": "Point", "coordinates": [ 70.771386920023986, 22.300260818121245 ] } },
{ "type": "Feature", "properties": { "element": "way", "id": 860231642, "amenity": "college", "shop": null, "name": "Government Engineering College, Rajkot" }, "geometry": { "type": "Point", "coordinates": [ 70.743502227602377, 22.24637323184437 ] } },
{ "type": "Feature", "properties": { "element": "way", "id": 860248053, "amenity": "hostel", "shop": null, "name": "GEC Hostel" }, "geometry": { "type": "Point", "coordinates": [ 70.744676088427681, 22.248434546727268 ] } },
{ "type": "Feature", "properties": { "element": "way", "id": 866729575, "amenity": "restaurant", "shop": null, "name": "OUT OF THE BOX AMAZEMENT PARK (OTB)" }, "geometry": { "type": "Point", "coordinates": [ 70.720328475373762, 22.255012229932362 ] } },
{ "type": "Feature", "properties": { "element": "way", "id": 891069908, "amenity": "parking", "shop": null, "name": null }, "geometry": { "type": "Point", "coordinates": [ 70.777813598268779, 22.306193974783316 ] } },
{ "type": "Feature", "properties": { "element": "way", "id": 897522185, "amenity": null, "shop": null, "name": "Kherdi" }, "geometry": { "type": "Point", "coordinates": [ 70.915507800015419, 22.288139850138435 ] } },
{ "type": "Feature", "properties": { "element": "way", "id": 900707409, "amenity": null, "shop": null, "name": "Gauridad" }, "geometry": { "type": "Point", "coordinates": [ 70.79876149082871, 22.387412927453752 ] } },
{ "type": "Feature", "properties": { "element": "way", "id": 934033318, "amenity": null, "shop": null, "name": "sradha park" }, "geometry": { "type": "Point", "coordinates": [ 70.795743753903935, 22.266951484413173 ] } },
{ "type": "Feature", "properties": { "element": "way", "id": 934033319, "amenity": null, "shop": null, "name": null }, "geometry": { "type": "Point", "coordinates": [ 70.79503604017323, 22.266098882668089 ] } },
{ "type": "Feature", "properties": { "element": "way", "id": 937055496, "amenity": null, "shop": null, "name": "park2" }, "geometry": { "type": "Point", "coordinates": [ 70.792710734745086, 22.269177303006412 ] } },
{ "type": "Feature", "properties": { "element": "way", "id": 984366177, "amenity": "marketplace", "shop": null, "name": null }, "geometry": { "type": "Point", "coordinates": [ 70.823109544233176, 22.247547877274066 ] } },
{ "type": "Feature", "properties": { "element": "way", "id": 984379127, "amenity": null, "shop": null, "name": null }, "geometry": { "type": "Point", "coordinates": [ 70.822488650329603, 22.201258450232409 ] } },
{ "type": "Feature", "properties": { "element": "way", "id": 1009993620, "amenity": null, "shop": null, "name": "Bajrangwadi RMC garden" }, "geometry": { "type": "Point", "coordinates": [ 70.776931393372422, 22.316573693766564 ] } },
{ "type": "Feature", "properties": { "element": "way", "id": 1009993622, "amenity": null, "shop": null, "name": "Madhavrao Sindhiya Cricket Ground" }, "geometry": { "type": "Point", "coordinates": [ 70.788980879353588, 22.301982646815304 ] } },
{ "type": "Feature", "properties": { "element": "way", "id": 1009993623, "amenity": null, "shop": null, "name": "Veer Savarkar Indoor Stadium" }, "geometry": { "type": "Point", "coordinates": [ 70.787773949901435, 22.302378800035854 ] } },
{ "type": "Feature", "properties": { "element": "way", "id": 1009993625, "amenity": null, "shop": null, "name": null }, "geometry": { "type": "Point", "coordinates": [ 70.787366349986968, 22.301395050051077 ] } },
{ "type": "Feature", "properties": { "element": "way", "id": 1009993626, "amenity": null, "shop": null, "name": null }, "geometry": { "type": "Point", "coordinates": [ 70.788893167042659, 22.304710701106057 ] } },
{ "type": "Feature", "properties": { "element": "way", "id": 1009993627, "amenity": null, "shop": null, "name": null }, "geometry": { "type": "Point", "coordinates": [ 70.789414850047976, 22.304055600113525 ] } },
{ "type": "Feature", "properties": { "element": "way", "id": 1009993628, "amenity": null, "shop": null, "name": null }, "geometry": { "type": "Point", "coordinates": [ 70.79798255106374, 22.294506588037343 ] } },
{ "type": "Feature", "properties": { "element": "way", "id": 1009993629, "amenity": null, "shop": null, "name": null }, "geometry": { "type": "Point", "coordinates": [ 70.797146999981408, 22.294922299995854 ] } },
{ "type": "Feature", "properties": { "element": "way", "id": 1009993630, "amenity": null, "shop": null, "name": null }, "geometry": { "type": "Point", "coordinates": [ 70.79678470791319, 22.29495417348166 ] } },
{ "type": "Feature", "properties": { "element": "way", "id": 1009993631, "amenity": null, "shop": null, "name": null }, "geometry": { "type": "Point", "coordinates": [ 70.810688524097912, 22.278353739445258 ] } },
{ "type": "Feature", "properties": { "element": "way", "id": 1009993632, "amenity": null, "shop": null, "name": "Sardar Vallabhbhai Patel Swimming Pool" }, "geometry": { "type": "Point", "coordinates": [ 70.810975707588526, 22.278248669763194 ] } },
{ "type": "Feature", "properties": { "element": "way", "id": 1009993633, "amenity": null, "shop": null, "name": null }, "geometry": { "type": "Point", "coordinates": [ 70.810763831572871, 22.278050437906138 ] } },
{ "type": "Feature", "properties": { "element": "way", "id": 1061694126, "amenity": null, "shop": null, "name": "Tulsheshvar mahadev ground" }, "geometry": { "type": "Point", "coordinates": [ 70.768004006468445, 22.295184721681284 ] } },
{ "type": "Feature", "properties": { "element": "way", "id": 1073261944, "amenity": "cafe", "shop": null, "name": "Dira's Cafe" }, "geometry": { "type": "Point", "coordinates": [ 70.716886989252998, 22.253537604917959 ] } },
{ "type": "Feature", "properties": { "element": "way", "id": 1082451770, "amenity": null, "shop": null, "name": null }, "geometry": { "type": "Point", "coordinates": [ 70.793758582986499, 22.319351151199225 ] } },
{ "type": "Feature", "properties": { "element": "way", "id": 1093205930, "amenity": "university", "shop": null, "name": "Marwadi University" }, "geometry": { "type": "Point", "coordinates": [ 70.796083928446564, 22.367819108368494 ] } },
{ "type": "Feature", "properties": { "element": "way", "id": 1153426883, "amenity": "hospital", "shop": null, "name": null }, "geometry": { "type": "Point", "coordinates": [ 70.796063801444632, 22.265207879375485 ] } },
{ "type": "Feature", "properties": { "element": "way", "id": 1156826542, "amenity": null, "shop": null, "name": "Shastrimedan GIS" }, "geometry": { "type": "Point", "coordinates": [ 70.799529450135907, 22.293059800071223 ] } },
{ "type": "Feature", "properties": { "element": "way", "id": 1156826544, "amenity": null, "shop": null, "name": "Rolex" }, "geometry": { "type": "Point", "coordinates": [ 70.806227508706115, 22.236300036977781 ] } },
{ "type": "Feature", "properties": { "element": "way", "id": 1156826545, "amenity": null, "shop": null, "name": "Mavdi Road" }, "geometry": { "type": "Point", "coordinates": [ 70.765171586842612, 22.249382064152474 ] } },
{ "type": "Feature", "properties": { "element": "way", "id": 1156826546, "amenity": null, "shop": null, "name": "Motamava" }, "geometry": { "type": "Point", "coordinates": [ 70.752025807065763, 22.267646514168636 ] } },
{ "type": "Feature", "properties": { "element": "way", "id": 1156826547, "amenity": null, "shop": null, "name": "Laxminagar" }, "geometry": { "type": "Point", "coordinates": [ 70.786899297473823, 22.281138307648636 ] } },
{ "type": "Feature", "properties": { "element": "way", "id": 1156826548, "amenity": null, "shop": null, "name": "University Road" }, "geometry": { "type": "Point", "coordinates": [ 70.756784124785156, 22.288112707173951 ] } },
{ "type": "Feature", "properties": { "element": "way", "id": 1156826571, "amenity": null, "shop": null, "name": "Polytechnic" }, "geometry": { "type": "Point", "coordinates": [ 70.830052045737048, 22.283627082573897 ] } },
{ "type": "Feature", "properties": { "element": "way", "id": 1156826572, "amenity": null, "shop": null, "name": null }, "geometry": { "type": "Point", "coordinates": [ 70.83223818683696, 22.292522861238943 ] } },
{ "type": "Feature", "properties": { "element": "way", "id": 1156826575, "amenity": null, "shop": null, "name": "Popatpara" }, "geometry": { "type": "Point", "coordinates": [ 70.80249534253764, 22.322726622485455 ] } },
{ "type": "Feature", "properties": { "element": "way", "id": 1156826577, "amenity": null, "shop": null, "name": "Dudhsagar" }, "geometry": { "type": "Point", "coordinates": [ 70.823894543635063, 22.295914371194989 ] } },
{ "type": "Feature", "properties": { "element": "way", "id": 1156826580, "amenity": null, "shop": null, "name": "Nilkanth" }, "geometry": { "type": "Point", "coordinates": [ 70.802165764002041, 22.256876833547935 ] } },
{ "type": "Feature", "properties": { "element": "way", "id": 1156826586, "amenity": null, "shop": null, "name": "Kothariya" }, "geometry": { "type": "Point", "coordinates": [ 70.815161040124707, 22.249613475957421 ] } },
{ "type": "Feature", "properties": { "element": "way", "id": 1156826587, "amenity": null, "shop": null, "name": "Punitnagar" }, "geometry": { "type": "Point", "coordinates": [ 70.79398250224844, 22.250234433466893 ] } },
{ "type": "Feature", "properties": { "element": "way", "id": 1156826590, "amenity": null, "shop": null, "name": "Vavdi" }, "geometry": { "type": "Point", "coordinates": [ 70.801021773782836, 22.22133425201892 ] } },
{ "type": "Feature", "properties": { "element": "way", "id": 1156826591, "amenity": null, "shop": null, "name": "Solvant" }, "geometry": { "type": "Point", "coordinates": [ 70.804781233627097, 22.225902787805577 ] } },
{ "type": "Feature", "properties": { "element": "way", "id": 1192158114, "amenity": null, "shop": null, "name": "Watson Museum" }, "geometry": { "type": "Point", "coordinates": [ 70.8018926523837, 22.300240488257923 ] } },
{ "type": "Feature", "properties": { "element": "way", "id": 1279947050, "amenity": null, "shop": null, "name": null }, "geometry": { "type": "Point", "coordinates": [ 70.711681507307475, 22.364400658406488 ] } },
{ "type": "Feature", "properties": { "element": "way", "id": 1289606117, "amenity": null, "shop": null, "name": null }, "geometry": { "type": "Point", "coordinates": [ 70.748947024175536, 22.287635236760963 ] } },
{ "type": "Feature", "properties": { "element": "way", "id": 1289606118, "amenity": null, "shop": null, "name": null }, "geometry": { "type": "Point", "coordinates": [ 70.747822500019211, 22.286842899958479 ] } },
{ "type": "Feature", "properties": { "element": "way", "id": 1289606119, "amenity": null, "shop": null, "name": null }, "geometry": { "type": "Point", "coordinates": [ 70.747432250008643, 22.287267950058709 ] } },
{ "type": "Feature", "properties": { "element": "way", "id": 1289606120, "amenity": null, "shop": null, "name": null }, "geometry": { "type": "Point", "coordinates": [ 70.74746980001207, 22.286811250045329 ] } },
{ "type": "Feature", "properties": { "element": "way", "id": 1289606862, "amenity": null, "shop": null, "name": null }, "geometry": { "type": "Point", "coordinates": [ 70.785225710214277, 22.319757868463558 ] } },
{ "type": "Feature", "properties": { "element": "way", "id": 1309324076, "amenity": "parking", "shop": null, "name": null }, "geometry": { "type": "Point", "coordinates": [ 70.747095193338225, 22.367582264028961 ] } },
{ "type": "Feature", "properties": { "element": "way", "id": 1309620433, "amenity": null, "shop": null, "name": "Atal Sarovar" }, "geometry": { "type": "Point", "coordinates": [ 70.73130178075607, 22.319735492496147 ] } },
{ "type": "Feature", "properties": { "element": "way", "id": 1309620434, "amenity": "fountain", "shop": null, "name": null }, "geometry": { "type": "Point", "coordinates": [ 70.732844954554579, 22.31984899973299 ] } },
{ "type": "Feature", "properties": { "element": "way", "id": 1309620436, "amenity": "bus_station", "shop": null, "name": "Atal Sarovar Smart City" }, "geometry": { "type": "Point", "coordinates": [ 70.734449795811344, 22.319393902867692 ] } },
{ "type": "Feature", "properties": { "element": "way", "id": 1309907795, "amenity": "university", "shop": null, "name": "All India Institute of Medical Sciences, Rajkot" }, "geometry": { "type": "Point", "coordinates": [ 70.745356098933954, 22.372674592614057 ] } },
{ "type": "Feature", "properties": { "element": "way", "id": 1334682946, "amenity": "parking", "shop": null, "name": null }, "geometry": { "type": "Point", "coordinates": [ 70.743782050300936, 22.370201146001769 ] } },
{ "type": "Feature", "properties": { "element": "way", "id": 1334682948, "amenity": null, "shop": null, "name": null }, "geometry": { "type": "Point", "coordinates": [ 70.750790811521242, 22.365773175070409 ] } },
{ "type": "Feature", "properties": { "element": "way", "id": 1334682949, "amenity": null, "shop": null, "name": null }, "geometry": { "type": "Point", "coordinates": [ 70.749086283728829, 22.366174990191844 ] } },
{ "type": "Feature", "properties": { "element": "way", "id": 1374331199, "amenity": null, "shop": null, "name": null }, "geometry": { "type": "Point", "coordinates": [ 70.748186445478993, 22.287676775817761 ] } },
{ "type": "Feature", "properties": { "element": "way", "id": 1460035769, "amenity": "restaurant", "shop": null, "name": "Food Stall" }, "geometry": { "type": "Point", "coordinates": [ 70.796339298196045, 22.367484189333787 ] } },
{ "type": "Feature", "properties": { "element": "way", "id": 1529150750, "amenity": "parking", "shop": null, "name": null }, "geometry": { "type": "Point", "coordinates": [ 70.743787217946732, 22.371246127410675 ] } },
{ "type": "Feature", "properties": { "element": "way", "id": 1540165846, "amenity": "parking", "shop": null, "name": null }, "geometry": { "type": "Point", "coordinates": [ 70.733426062002479, 22.317824404592521 ] } },
{ "type": "Feature", "properties": { "element": "way", "id": 1540165847, "amenity": "parking", "shop": null, "name": null }, "geometry": { "type": "Point", "coordinates": [ 70.729071663347767, 22.317866448087933 ] } },
{ "type": "Feature", "properties": { "element": "way", "id": 1540165848, "amenity": null, "shop": null, "name": null }, "geometry": { "type": "Point", "coordinates": [ 70.73335549565131, 22.320785298927206 ] } },
{ "type": "Feature", "properties": { "element": "way", "id": 1540165849, "amenity": null, "shop": null, "name": null }, "geometry": { "type": "Point", "coordinates": [ 70.733454735812899, 22.318711933478557 ] } },
{ "type": "Feature", "properties": { "element": "way", "id": 1540165850, "amenity": null, "shop": null, "name": null }, "geometry": { "type": "Point", "coordinates": [ 70.732107266792625, 22.31849907131916 ] } },
{ "type": "Feature", "properties": { "element": "way", "id": 1540165851, "amenity": null, "shop": null, "name": null }, "geometry": { "type": "Point", "coordinates": [ 70.730411109783503, 22.318529544361912 ] } },
{ "type": "Feature", "properties": { "element": "way", "id": 1540165852, "amenity": "fountain", "shop": null, "name": null }, "geometry": { "type": "Point", "coordinates": [ 70.731262909444396, 22.318721830959365 ] } },
{ "type": "Feature", "properties": { "element": "way", "id": 1540165853, "amenity": null, "shop": null, "name": null }, "geometry": { "type": "Point", "coordinates": [ 70.730144313124796, 22.321967184161064 ] } },
{ "type": "Feature", "properties": { "element": "way", "id": 1540165855, "amenity": null, "shop": "yes", "name": null }, "geometry": { "type": "Point", "coordinates": [ 70.731959300013955, 22.321978850092901 ] } },
{ "type": "Feature", "properties": { "element": "way", "id": 1540165856, "amenity": null, "shop": "yes", "name": null }, "geometry": { "type": "Point", "coordinates": [ 70.732455600088485, 22.321865550068456 ] } },
{ "type": "Feature", "properties": { "element": "way", "id": 1540165857, "amenity": null, "shop": "yes", "name": null }, "geometry": { "type": "Point", "coordinates": [ 70.732846705579263, 22.321561872563386 ] } },
{ "type": "Feature", "properties": { "element": "way", "id": 1540169218, "amenity": "food_court", "shop": null, "name": null }, "geometry": { "type": "Point", "coordinates": [ 70.734106550798984, 22.320182835731035 ] } },
{ "type": "Feature", "properties": { "element": "way", "id": 1540169222, "amenity": null, "shop": null, "name": "Senior Citizen Park" }, "geometry": { "type": "Point", "coordinates": [ 70.730732340487151, 22.321980285876506 ] } },
{ "type": "Feature", "properties": { "element": "way", "id": 1540883410, "amenity": "fountain", "shop": null, "name": null }, "geometry": { "type": "Point", "coordinates": [ 70.731248485593824, 22.317788435177111 ] } },
{ "type": "Feature", "properties": { "element": "way", "id": 1540883411, "amenity": "fountain", "shop": null, "name": null }, "geometry": { "type": "Point", "coordinates": [ 70.731250902769375, 22.317917384887537 ] } },
{ "type": "Feature", "properties": { "element": "way", "id": 1540883412, "amenity": "fountain", "shop": null, "name": null }, "geometry": { "type": "Point", "coordinates": [ 70.731247566622244, 22.317668949979499 ] } },
{ "type": "Feature", "properties": { "element": "way", "id": 1540883413, "amenity": "theatre", "shop": null, "name": null }, "geometry": { "type": "Point", "coordinates": [ 70.732009678703449, 22.321060976622249 ] } }
]
}
