{
"type": "FeatureCollection",
"name": "waterways",
"crs": { "type": "name", "properties": { "name": "urn:ogc:def:crs:OGC:1.3:CRS84" } },
"features": [
{ "type": "Feature", "properties": { "element": "relation", "id": 1786281, "waterway": null }, "geometry": { "type": "Polygon", "coordinates": [ [ [ 70.8205962, 22.2423911 ], [ 70.8205533, 22.2423514 ], [ 70.8205533, 22.2421925 ], [ 70.8205104, 22.242113 ], [ 70.8206606, 22.2420534 ], [ 70.8207464, 22.2420932 ], [ 70.8207464, 22.2419343 ], [ 70.8208537, 22.2419939 ], [ 70.8207464, 22.2422123 ], [ 70.820682, 22.2422322 ], [ 70.820682, 22.2422719 ], [ 70.8208752, 22.2422918 ], [ 70.8209395, 22.2423514 ], [ 70.8205962, 22.2426294 ], [ 70.8204675, 22.2427883 ], [ 70.8202958, 22.2430664 ], [ 70.8202958, 22.243265 ], [ 70.820446, 22.2434437 ], [ 70.8206177, 22.2434437 ], [ 70.8207679, 22.2433444 ], [ 70.8208537, 22.2431458 ], [ 70.820961, 22.2430862 ], [ 70.8209395, 22.2433841 ], [ 70.8208108, 22.2435033 ], [ 70.8208752, 22.2436423 ], [ 70.8209395, 22.2436622 ], [ 70.8209395, 22.2438608 ], [ 70.8211112, 22.2439005 ], [ 70.8211756, 22.2439998 ], [ 70.8213472, 22.2438012 ], [ 70.8214331, 22.2438409 ], [ 70.8214974, 22.2439402 ], [ 70.8214545, 22.2440594 ], [ 70.8215189, 22.2441984 ], [ 70.8216691, 22.2440197 ], [ 70.8216691, 22.2439005 ], [ 70.821712, 22.2438608 ], [ 70.821712, 22.2436225 ], [ 70.8216262, 22.243543 ], [ 70.8216262, 22.2433841 ], [ 70.8216691, 22.2433444 ], [ 70.8216047, 22.2432451 ], [ 70.8214116, 22.2434239 ], [ 70.8214974, 22.2434636 ], [ 70.8215404, 22.243543 ], [ 70.8214974, 22.2435827 ], [ 70.8214974, 22.2436622 ], [ 70.8213902, 22.243682 ], [ 70.8213258, 22.2435827 ], [ 70.8213687, 22.2433841 ], [ 70.8214545, 22.2432252 ], [ 70.8215189, 22.2431657 ], [ 70.8215618, 22.2432054 ], [ 70.8216476, 22.2432054 ], [ 70.8216691, 22.2431458 ], [ 70.8216047, 22.2430862 ], [ 70.8214116, 22.2430664 ], [ 70.8214116, 22.2428677 ], [ 70.8213258, 22.2427089 ], [ 70.821476, 22.2426493 ], [ 70.8216476, 22.2427287 ], [ 70.821712, 22.2426691 ], [ 70.8214974, 22.2425102 ], [ 70.8214974, 22.2423514 ], [ 70.8214545, 22.2423116 ], [ 70.8214974, 22.2420733 ], [ 70.8214545, 22.2420336 ], [ 70.8214545, 22.2419541 ], [ 70.8215404, 22.241835 ], [ 70.8215404, 22.2416761 ], [ 70.8214116, 22.2415966 ], [ 70.8213687, 22.2413186 ], [ 70.8214974, 22.2410802 ], [ 70.8213687, 22.2410405 ], [ 70.8214116, 22.2408419 ], [ 70.8212185, 22.2407823 ], [ 70.8211541, 22.2407227 ], [ 70.8211541, 22.2405639 ], [ 70.8210254, 22.2404844 ], [ 70.8209825, 22.240405 ], [ 70.8209825, 22.2402858 ], [ 70.8208752, 22.2401865 ], [ 70.8206177, 22.2403057 ], [ 70.8205748, 22.2402659 ], [ 70.8203602, 22.2402659 ], [ 70.8202529, 22.2403652 ], [ 70.8202529, 22.2406036 ], [ 70.82021, 22.2406433 ], [ 70.8202529, 22.240683 ], [ 70.8202529, 22.2407625 ], [ 70.82021, 22.2409611 ], [ 70.8200812, 22.2410802 ], [ 70.8201671, 22.2411994 ], [ 70.8201027, 22.241259 ], [ 70.8199739, 22.2413384 ], [ 70.8198881, 22.2413384 ], [ 70.8198452, 22.2413782 ], [ 70.8195877, 22.241259 ], [ 70.8195019, 22.241259 ], [ 70.8194375, 22.2413186 ], [ 70.8194375, 22.2414378 ], [ 70.8195019, 22.2414973 ], [ 70.8197594, 22.2416165 ], [ 70.8199739, 22.2416562 ], [ 70.8201456, 22.2418151 ], [ 70.8202314, 22.2418151 ], [ 70.8202958, 22.2418747 ], [ 70.8202314, 22.2419343 ], [ 70.8198452, 22.2416959 ], [ 70.8197594, 22.2416959 ], [ 70.8197165, 22.2416165 ], [ 70.8195877, 22.2416165 ], [ 70.8195448, 22.2415768 ], [ 70.8193302, 22.2415768 ], [ 70.8191371, 22.2417158 ], [ 70.8190942, 22.2417953 ], [ 70.8191371, 22.2419144 ], [ 70.8191371, 22.2420336 ], [ 70.8192658, 22.2422719 ], [ 70.8193731, 22.2423712 ], [ 70.8195019, 22.2423315 ], [ 70.8200598, 22.2423315 ], [ 70.8203173, 22.2423712 ], [ 70.820446, 22.2425301 ], [ 70.8205748, 22.2425698 ], [ 70.8205962, 22.2423911 ] ], [ [ 70.8206606, 22.2410604 ], [ 70.820725, 22.24112 ], [ 70.820725, 22.2411994 ], [ 70.8206606, 22.241259 ], [ 70.8205748, 22.2412193 ], [ 70.8204889, 22.2412193 ], [ 70.8204246, 22.2411597 ], [ 70.820446, 22.2411001 ], [ 70.8205748, 22.2410604 ], [ 70.8206606, 22.2410604 ] ] ] } },
{ "type": "Feature", "properties": { "element": "relation", "id": 1786283, "waterway": null }, "geometry": { "type": "Polygon", "coordinates": [ [ [ 70.8417106, 22.3019218 ], [ 70.8416247, 22.3020409 ], [ 70.8416247, 22.3021203 ], [ 70.841496, 22.3022394 ], [ 70.841496, 22.3023188 ], [ 70.8413243, 22.3024776 ], [ 70.8411956, 22.3027159 ], [ 70.8411312, 22.3026563 ], [ 70.8410883, 22.3026563 ], [ 70.8410239, 22.3027159 ], [ 70.840981, 22.3027953 ], [ 70.840981, 22.3028747 ], [ 70.8410668, 22.3029144 ], [ 70.8405089, 22.3033909 ], [ 70.8405089, 22.3034306 ], [ 70.8401012, 22.3038078 ], [ 70.8398223, 22.3039864 ], [ 70.8398223, 22.3040261 ], [ 70.8396721, 22.3041651 ], [ 70.839479, 22.3042644 ], [ 70.8393502, 22.3045423 ], [ 70.8393073, 22.3048202 ], [ 70.8392215, 22.304979 ], [ 70.8392215, 22.3050981 ], [ 70.8390498, 22.305257 ], [ 70.8390927, 22.3053364 ], [ 70.8390498, 22.3053761 ], [ 70.8390498, 22.3054555 ], [ 70.8387923, 22.3056937 ], [ 70.8387923, 22.3057731 ], [ 70.8391786, 22.3061702 ], [ 70.8391786, 22.3062099 ], [ 70.8395648, 22.3065275 ], [ 70.8396292, 22.3066268 ], [ 70.8398223, 22.3066466 ], [ 70.8400798, 22.3069245 ], [ 70.8400798, 22.3069642 ], [ 70.8414316, 22.3082149 ], [ 70.841496, 22.3082347 ], [ 70.841496, 22.3083142 ], [ 70.8416033, 22.3083737 ], [ 70.8418179, 22.3086119 ], [ 70.8418608, 22.3086119 ], [ 70.842011, 22.3087509 ], [ 70.8420753, 22.3088501 ], [ 70.8424401, 22.3091082 ], [ 70.8425045, 22.3092075 ], [ 70.8427191, 22.3093266 ], [ 70.8428907, 22.3093663 ], [ 70.8429766, 22.3094457 ], [ 70.8433199, 22.3095648 ], [ 70.8434916, 22.3096045 ], [ 70.8435774, 22.3096839 ], [ 70.8437061, 22.3096442 ], [ 70.8438349, 22.3096442 ], [ 70.8438778, 22.3096839 ], [ 70.8440495, 22.3096839 ], [ 70.8446074, 22.309803 ], [ 70.8446503, 22.3098427 ], [ 70.8448219, 22.3098427 ], [ 70.8448648, 22.3098824 ], [ 70.8450365, 22.3098824 ], [ 70.8450794, 22.3099221 ], [ 70.8452511, 22.3099221 ], [ 70.8454657, 22.3100015 ], [ 70.8456373, 22.3100015 ], [ 70.8456802, 22.3100412 ], [ 70.8458519, 22.3100412 ], [ 70.8459806, 22.3102 ], [ 70.8465815, 22.3102398 ], [ 70.8466244, 22.3102795 ], [ 70.8469248, 22.3102795 ], [ 70.8470106, 22.3102398 ], [ 70.8470535, 22.3102795 ], [ 70.8479548, 22.3102795 ], [ 70.8480835, 22.3102 ], [ 70.8483839, 22.3101603 ], [ 70.8487701, 22.3100015 ], [ 70.8490276, 22.3099618 ], [ 70.8492851, 22.3098427 ], [ 70.8494139, 22.3098427 ], [ 70.8497143, 22.3097633 ], [ 70.849843, 22.3096839 ], [ 70.8499289, 22.3096839 ], [ 70.8499074, 22.3094655 ], [ 70.8499074, 22.3093464 ], [ 70.8499503, 22.3092273 ], [ 70.8502078, 22.3090288 ], [ 70.8502507, 22.3088303 ], [ 70.8501434, 22.3088104 ], [ 70.8500791, 22.3087509 ], [ 70.8500791, 22.3086318 ], [ 70.8501649, 22.3085127 ], [ 70.8501005, 22.3084928 ], [ 70.8499718, 22.308334 ], [ 70.8499074, 22.3083142 ], [ 70.8499074, 22.308195 ], [ 70.8501005, 22.307937 ], [ 70.8502078, 22.3079965 ], [ 70.8502293, 22.3080958 ], [ 70.850358, 22.3080164 ], [ 70.8504438, 22.3080561 ], [ 70.8505082, 22.3079965 ], [ 70.8505082, 22.3078774 ], [ 70.8505511, 22.3078377 ], [ 70.8504224, 22.3075598 ], [ 70.8504653, 22.3074407 ], [ 70.8504224, 22.3073613 ], [ 70.8504653, 22.3072819 ], [ 70.8502936, 22.3072422 ], [ 70.8502936, 22.307123 ], [ 70.8504224, 22.3070039 ], [ 70.8502507, 22.3068848 ], [ 70.8502507, 22.306726 ], [ 70.8501863, 22.3066665 ], [ 70.8501005, 22.3067062 ], [ 70.8500361, 22.3066466 ], [ 70.8501434, 22.3065076 ], [ 70.8504009, 22.3065076 ], [ 70.8505297, 22.3065473 ], [ 70.850637, 22.3066466 ], [ 70.850637, 22.3068848 ], [ 70.8506799, 22.3069642 ], [ 70.8509374, 22.3069642 ], [ 70.8509159, 22.3070635 ], [ 70.8508086, 22.3070833 ], [ 70.8508086, 22.3072025 ], [ 70.8509159, 22.3073811 ], [ 70.8509588, 22.307262 ], [ 70.8511305, 22.307262 ], [ 70.8512807, 22.307401 ], [ 70.8511949, 22.3075598 ], [ 70.8512378, 22.3076392 ], [ 70.8512378, 22.3077186 ], [ 70.8511949, 22.3077583 ], [ 70.8511519, 22.3079965 ], [ 70.8512163, 22.3081355 ], [ 70.8513021, 22.3080561 ], [ 70.8513665, 22.3080759 ], [ 70.8513236, 22.3081553 ], [ 70.8513451, 22.3082546 ], [ 70.8514953, 22.3079171 ], [ 70.8516884, 22.3078576 ], [ 70.8517742, 22.3076987 ], [ 70.851903, 22.307659 ], [ 70.8521175, 22.307659 ], [ 70.8522034, 22.3075796 ], [ 70.8523321, 22.3075796 ], [ 70.852375, 22.3075399 ], [ 70.8527184, 22.3075796 ], [ 70.8528256, 22.3076789 ], [ 70.8528471, 22.3080164 ], [ 70.8529758, 22.3078576 ], [ 70.8530617, 22.3078179 ], [ 70.8532333, 22.307937 ], [ 70.8532548, 22.307798 ], [ 70.8533835, 22.3077186 ], [ 70.853405, 22.307659 ], [ 70.8534479, 22.3077385 ], [ 70.8536196, 22.3075399 ], [ 70.8537483, 22.3075399 ], [ 70.8537912, 22.3075002 ], [ 70.8539629, 22.3075796 ], [ 70.8540273, 22.3075995 ], [ 70.8540702, 22.3076789 ], [ 70.8537912, 22.3077385 ], [ 70.8537483, 22.3076987 ], [ 70.8536625, 22.3076987 ], [ 70.8535981, 22.3077583 ], [ 70.8536196, 22.3078973 ], [ 70.8537912, 22.3077782 ], [ 70.8538771, 22.3078179 ], [ 70.8539629, 22.3078179 ], [ 70.8540058, 22.3077782 ], [ 70.8540916, 22.3077782 ], [ 70.854156, 22.3075598 ], [ 70.8542848, 22.3074804 ], [ 70.8543062, 22.3073414 ], [ 70.8544135, 22.3073613 ], [ 70.854435, 22.3074208 ], [ 70.8545208, 22.3074208 ], [ 70.8545852, 22.3073613 ], [ 70.8544564, 22.307123 ], [ 70.8544564, 22.3069245 ], [ 70.8544993, 22.3068848 ], [ 70.8544993, 22.3068054 ], [ 70.8543706, 22.306726 ], [ 70.8543706, 22.3066863 ], [ 70.8545637, 22.3066665 ], [ 70.854671, 22.3065672 ], [ 70.8546281, 22.3065275 ], [ 70.8546495, 22.3065076 ], [ 70.8547354, 22.3065076 ], [ 70.8547997, 22.3064481 ], [ 70.8547139, 22.3063687 ], [ 70.8547139, 22.3062893 ], [ 70.8547783, 22.3062297 ], [ 70.8548641, 22.30619 ], [ 70.8551216, 22.30619 ], [ 70.8553791, 22.3062297 ], [ 70.8555722, 22.3063687 ], [ 70.8555937, 22.3065473 ], [ 70.8556581, 22.3065672 ], [ 70.8555722, 22.3066069 ], [ 70.8555722, 22.3067657 ], [ 70.8556581, 22.3068054 ], [ 70.8556151, 22.3068451 ], [ 70.855701, 22.3070436 ], [ 70.8556151, 22.3072025 ], [ 70.8556151, 22.307401 ], [ 70.8556795, 22.3074605 ], [ 70.8558083, 22.3073414 ], [ 70.8558726, 22.307401 ], [ 70.8559155, 22.3077583 ], [ 70.8560014, 22.3078774 ], [ 70.8559155, 22.3079171 ], [ 70.8559155, 22.3079965 ], [ 70.8560443, 22.3080362 ], [ 70.8561301, 22.3082744 ], [ 70.8564091, 22.3085325 ], [ 70.8566666, 22.3084531 ], [ 70.8567953, 22.3084928 ], [ 70.8568382, 22.3084531 ], [ 70.8569241, 22.3084531 ], [ 70.8568811, 22.3083737 ], [ 70.8569884, 22.3083539 ], [ 70.8568597, 22.3083142 ], [ 70.8569455, 22.3082744 ], [ 70.8569455, 22.308195 ], [ 70.8570099, 22.3081355 ], [ 70.8571172, 22.308195 ], [ 70.8571386, 22.308334 ], [ 70.8572674, 22.3082943 ], [ 70.857439, 22.3083737 ], [ 70.857482, 22.308334 ], [ 70.8576536, 22.308334 ], [ 70.8577609, 22.3082347 ], [ 70.857718, 22.3080362 ], [ 70.8577824, 22.3078973 ], [ 70.8578897, 22.3080759 ], [ 70.8579326, 22.3081156 ], [ 70.8579326, 22.3082347 ], [ 70.8578897, 22.3082744 ], [ 70.8579969, 22.3083737 ], [ 70.8582544, 22.3083737 ], [ 70.8583617, 22.3082744 ], [ 70.8584261, 22.3078576 ], [ 70.8585119, 22.3078576 ], [ 70.8585763, 22.307798 ], [ 70.8585763, 22.3076392 ], [ 70.8583832, 22.3075399 ], [ 70.8582973, 22.3075796 ], [ 70.8581901, 22.3075598 ], [ 70.8582759, 22.3073613 ], [ 70.8581042, 22.3072025 ], [ 70.8580613, 22.307123 ], [ 70.8580613, 22.3070436 ], [ 70.8579755, 22.3069245 ], [ 70.8579969, 22.3067856 ], [ 70.8581042, 22.306726 ], [ 70.8581042, 22.3066466 ], [ 70.8581686, 22.306587 ], [ 70.8582973, 22.306587 ], [ 70.8583188, 22.3065275 ], [ 70.8582115, 22.3064282 ], [ 70.8580828, 22.3064282 ], [ 70.8580184, 22.3064878 ], [ 70.8579969, 22.3066268 ], [ 70.8579111, 22.306587 ], [ 70.8578253, 22.306587 ], [ 70.8577824, 22.3066268 ], [ 70.8576536, 22.3066268 ], [ 70.8575678, 22.3065473 ], [ 70.8574605, 22.3065275 ], [ 70.8574605, 22.3064481 ], [ 70.8576107, 22.3062297 ], [ 70.8576965, 22.3062297 ], [ 70.8577824, 22.3061503 ], [ 70.8578682, 22.3061503 ], [ 70.8579111, 22.3061106 ], [ 70.8581686, 22.3062297 ], [ 70.8582973, 22.3063885 ], [ 70.8583617, 22.3063687 ], [ 70.8583617, 22.304582 ], [ 70.8584046, 22.3045423 ], [ 70.8584046, 22.3044629 ], [ 70.8583617, 22.3044232 ], [ 70.8583617, 22.3035844 ], [ 70.8583617, 22.3029144 ], [ 70.8587265, 22.3028548 ], [ 70.8587694, 22.3028945 ], [ 70.8589196, 22.3027953 ], [ 70.8589625, 22.3027159 ], [ 70.8588982, 22.3025769 ], [ 70.8586407, 22.3024975 ], [ 70.8585978, 22.3023784 ], [ 70.8584046, 22.3022791 ], [ 70.8585978, 22.302299 ], [ 70.8588552, 22.302299 ], [ 70.8588767, 22.3022394 ], [ 70.8585978, 22.302021 ], [ 70.858469, 22.3020607 ], [ 70.8584046, 22.3020012 ], [ 70.8584046, 22.3018424 ], [ 70.8583617, 22.3018027 ], [ 70.8583617, 22.3011277 ], [ 70.8584046, 22.3009291 ], [ 70.8584476, 22.3008894 ], [ 70.8584046, 22.3008497 ], [ 70.8584476, 22.3006909 ], [ 70.8584046, 22.3006512 ], [ 70.8584046, 22.3005718 ], [ 70.8584905, 22.3004924 ], [ 70.8583617, 22.3002938 ], [ 70.8583617, 22.2998174 ], [ 70.858233, 22.299738 ], [ 70.858233, 22.2996983 ], [ 70.8583188, 22.2995791 ], [ 70.8583188, 22.2993806 ], [ 70.8584046, 22.2992615 ], [ 70.8583617, 22.2991821 ], [ 70.8584046, 22.2991027 ], [ 70.8584046, 22.2989439 ], [ 70.8583617, 22.2989041 ], [ 70.8583617, 22.2986659 ], [ 70.8584476, 22.2985865 ], [ 70.8584476, 22.2984674 ], [ 70.8584046, 22.2983086 ], [ 70.8583617, 22.2982688 ], [ 70.8583617, 22.2971968 ], [ 70.8582973, 22.2970578 ], [ 70.8581471, 22.297038 ], [ 70.8581471, 22.2968394 ], [ 70.858233, 22.2966409 ], [ 70.8583617, 22.2965615 ], [ 70.8583617, 22.2964821 ], [ 70.8584476, 22.2963629 ], [ 70.8584046, 22.2961644 ], [ 70.8583188, 22.2960453 ], [ 70.8584261, 22.295946 ], [ 70.858469, 22.2959857 ], [ 70.8584905, 22.2959659 ], [ 70.8584905, 22.2958865 ], [ 70.8583832, 22.2958269 ], [ 70.8582544, 22.295946 ], [ 70.858233, 22.2959262 ], [ 70.8583617, 22.2955688 ], [ 70.8584513, 22.2951132 ], [ 70.8584046, 22.2950129 ], [ 70.8582759, 22.2954497 ], [ 70.858233, 22.2954894 ], [ 70.858233, 22.2956085 ], [ 70.857954, 22.2959857 ], [ 70.8576965, 22.2961446 ], [ 70.8576107, 22.2961446 ], [ 70.8576107, 22.2960254 ], [ 70.8576751, 22.2960056 ], [ 70.8576751, 22.2959262 ], [ 70.8576107, 22.2958666 ], [ 70.857482, 22.2957872 ], [ 70.8574605, 22.2959262 ], [ 70.8573532, 22.295946 ], [ 70.8572245, 22.2959063 ], [ 70.8571386, 22.2958269 ], [ 70.8572459, 22.2960056 ], [ 70.857203, 22.2961247 ], [ 70.8572459, 22.2961644 ], [ 70.8571172, 22.2963232 ], [ 70.8570099, 22.2963431 ], [ 70.8568382, 22.296224 ], [ 70.8567739, 22.2962438 ], [ 70.8569455, 22.2964424 ], [ 70.8569455, 22.2964821 ], [ 70.8568168, 22.2966012 ], [ 70.8568168, 22.2966806 ], [ 70.8568811, 22.2967402 ], [ 70.8569241, 22.2967004 ], [ 70.8569884, 22.29676 ], [ 70.8570743, 22.2969188 ], [ 70.8570313, 22.2970777 ], [ 70.8569455, 22.2971968 ], [ 70.8570528, 22.2972166 ], [ 70.8571815, 22.2970975 ], [ 70.8573103, 22.2972166 ], [ 70.857439, 22.2971769 ], [ 70.8575463, 22.2971968 ], [ 70.8574176, 22.2973556 ], [ 70.8574176, 22.2976335 ], [ 70.8573747, 22.2976733 ], [ 70.8573747, 22.2977527 ], [ 70.8572674, 22.2978519 ], [ 70.8571172, 22.2977924 ], [ 70.8572888, 22.2976335 ], [ 70.8572245, 22.2975343 ], [ 70.8570528, 22.297574 ], [ 70.856967, 22.297574 ], [ 70.8569455, 22.297435 ], [ 70.8568811, 22.2974152 ], [ 70.8567309, 22.2975938 ], [ 70.8567309, 22.297713 ], [ 70.8567739, 22.2977527 ], [ 70.8567095, 22.2978122 ], [ 70.8566236, 22.2976534 ], [ 70.8565378, 22.2976534 ], [ 70.8563876, 22.2975541 ], [ 70.8564305, 22.2973953 ], [ 70.8565593, 22.2972762 ], [ 70.8564949, 22.2972166 ], [ 70.8563662, 22.2973358 ], [ 70.8562374, 22.2973755 ], [ 70.8561516, 22.2972166 ], [ 70.8560658, 22.2972563 ], [ 70.8559155, 22.2971571 ], [ 70.8559585, 22.297038 ], [ 70.8559155, 22.2969982 ], [ 70.855937, 22.2969784 ], [ 70.8561087, 22.2970578 ], [ 70.856216, 22.2969982 ], [ 70.856216, 22.2968394 ], [ 70.8561301, 22.2967997 ], [ 70.8561301, 22.29676 ], [ 70.856216, 22.2967203 ], [ 70.8563018, 22.2966012 ], [ 70.8561516, 22.2965019 ], [ 70.8560872, 22.2966806 ], [ 70.8559799, 22.2967799 ], [ 70.8558512, 22.2967004 ], [ 70.8556366, 22.2967402 ], [ 70.8556151, 22.2968394 ], [ 70.8554006, 22.2969982 ], [ 70.8555293, 22.2971174 ], [ 70.8555508, 22.2973358 ], [ 70.8557653, 22.2974549 ], [ 70.855937, 22.2973755 ], [ 70.8560014, 22.2975144 ], [ 70.8558512, 22.2977328 ], [ 70.8557224, 22.2976534 ], [ 70.8555937, 22.2976534 ], [ 70.8555293, 22.297713 ], [ 70.8555722, 22.2977924 ], [ 70.8555722, 22.2980306 ], [ 70.855422, 22.2980108 ], [ 70.8553147, 22.2981894 ], [ 70.8550572, 22.298388 ], [ 70.8551431, 22.2984674 ], [ 70.8551002, 22.2985865 ], [ 70.8549929, 22.2986461 ], [ 70.8549714, 22.2985468 ], [ 70.8548641, 22.2984872 ], [ 70.8548856, 22.2985865 ], [ 70.8548212, 22.2986461 ], [ 70.8545637, 22.2986858 ], [ 70.8547139, 22.2985071 ], [ 70.8547783, 22.2983284 ], [ 70.8548856, 22.2983086 ], [ 70.8548856, 22.2982291 ], [ 70.8547997, 22.2981497 ], [ 70.8548427, 22.2980703 ], [ 70.8547354, 22.2980108 ], [ 70.8545637, 22.2981696 ], [ 70.8544564, 22.2981894 ], [ 70.8546066, 22.2982093 ], [ 70.8546281, 22.2983086 ], [ 70.8544779, 22.2983284 ], [ 70.8544135, 22.298388 ], [ 70.8543706, 22.2986659 ], [ 70.8544564, 22.298785 ], [ 70.8544135, 22.2988644 ], [ 70.8547354, 22.2990034 ], [ 70.8547139, 22.2988644 ], [ 70.8548212, 22.2987652 ], [ 70.8548856, 22.2989836 ], [ 70.8550143, 22.2991424 ], [ 70.8549714, 22.2992615 ], [ 70.8550143, 22.2993012 ], [ 70.8550143, 22.2993806 ], [ 70.8549714, 22.2995394 ], [ 70.8545852, 22.2998571 ], [ 70.8545423, 22.3000556 ], [ 70.8544135, 22.3001747 ], [ 70.8543706, 22.3004527 ], [ 70.8542418, 22.3005718 ], [ 70.8542848, 22.3006115 ], [ 70.8541989, 22.3007703 ], [ 70.8539414, 22.3009688 ], [ 70.85392, 22.3010681 ], [ 70.8538556, 22.30081 ], [ 70.8536839, 22.3006909 ], [ 70.8537698, 22.3005718 ], [ 70.8537698, 22.3004924 ], [ 70.8537054, 22.3004328 ], [ 70.8535337, 22.3005916 ], [ 70.8534479, 22.3005122 ], [ 70.8533621, 22.3005122 ], [ 70.8533835, 22.3005718 ], [ 70.8533621, 22.3005916 ], [ 70.8532763, 22.3005916 ], [ 70.8532119, 22.3005321 ], [ 70.8533835, 22.3004527 ], [ 70.8534265, 22.3003336 ], [ 70.8532119, 22.3002144 ], [ 70.8533835, 22.3000953 ], [ 70.8534479, 22.3000358 ], [ 70.8535337, 22.2999961 ], [ 70.8537054, 22.2999961 ], [ 70.8537912, 22.2999564 ], [ 70.8537269, 22.3002541 ], [ 70.8538771, 22.3001946 ], [ 70.8540487, 22.3003137 ], [ 70.8540702, 22.3001747 ], [ 70.854156, 22.3000556 ], [ 70.854156, 22.2999365 ], [ 70.8541989, 22.2998968 ], [ 70.8540273, 22.2997777 ], [ 70.8540702, 22.299738 ], [ 70.8540487, 22.2996784 ], [ 70.8537912, 22.2998372 ], [ 70.8537483, 22.2997975 ], [ 70.8536625, 22.2997975 ], [ 70.8536196, 22.2998769 ], [ 70.8534479, 22.2998769 ], [ 70.853405, 22.2999166 ], [ 70.8533621, 22.2998769 ], [ 70.8532333, 22.2998769 ], [ 70.8531904, 22.2999166 ], [ 70.8532119, 22.299738 ], [ 70.8529329, 22.2995593 ], [ 70.8527184, 22.2996387 ], [ 70.852654, 22.2996983 ], [ 70.8527398, 22.2998174 ], [ 70.852654, 22.2998968 ], [ 70.852654, 22.3000556 ], [ 70.8525467, 22.3001152 ], [ 70.8524823, 22.2999365 ], [ 70.8524179, 22.2998769 ], [ 70.8522463, 22.2997975 ], [ 70.8521175, 22.2998769 ], [ 70.8519244, 22.2997777 ], [ 70.8519888, 22.2997578 ], [ 70.8520961, 22.2996586 ], [ 70.8520317, 22.299599 ], [ 70.8518171, 22.299599 ], [ 70.8517957, 22.2996983 ], [ 70.8518386, 22.299738 ], [ 70.8516669, 22.2998571 ], [ 70.8515382, 22.3000556 ], [ 70.8515382, 22.3001747 ], [ 70.8514309, 22.3002343 ], [ 70.8512378, 22.2999762 ], [ 70.8513665, 22.2996983 ], [ 70.8513451, 22.2995593 ], [ 70.8511734, 22.2996387 ], [ 70.8510017, 22.2996387 ], [ 70.8509159, 22.299599 ], [ 70.8507442, 22.2998372 ], [ 70.8506584, 22.2998372 ], [ 70.8504009, 22.2997181 ], [ 70.8502293, 22.2995196 ], [ 70.850122, 22.29946 ], [ 70.8501649, 22.2993012 ], [ 70.8499932, 22.2991424 ], [ 70.8499074, 22.2989836 ], [ 70.8499074, 22.2986659 ], [ 70.8499074, 22.2983483 ], [ 70.8499503, 22.2982688 ], [ 70.8499074, 22.2981894 ], [ 70.8500147, 22.2980505 ], [ 70.8500791, 22.2980306 ], [ 70.8475041, 22.29811 ], [ 70.8473539, 22.2981299 ], [ 70.8471608, 22.2982688 ], [ 70.8471608, 22.298388 ], [ 70.8472037, 22.2984277 ], [ 70.8470964, 22.2985269 ], [ 70.8467531, 22.2985666 ], [ 70.8467102, 22.2985269 ], [ 70.8464098, 22.2988843 ], [ 70.8462596, 22.2989041 ], [ 70.8466029, 22.2991027 ], [ 70.8465385, 22.2992019 ], [ 70.8462811, 22.2990034 ], [ 70.8461094, 22.2990034 ], [ 70.8459592, 22.2991424 ], [ 70.8459592, 22.2992615 ], [ 70.8458519, 22.2992814 ], [ 70.8455515, 22.2995593 ], [ 70.8454227, 22.2994799 ], [ 70.8453369, 22.2995196 ], [ 70.8452296, 22.2993409 ], [ 70.8451653, 22.2993211 ], [ 70.8448863, 22.2995791 ], [ 70.8447576, 22.2998174 ], [ 70.8448434, 22.2999365 ], [ 70.8444786, 22.3002343 ], [ 70.8440065, 22.300274 ], [ 70.843749, 22.3003931 ], [ 70.8435774, 22.3005519 ], [ 70.8434057, 22.3005519 ], [ 70.8433199, 22.3006313 ], [ 70.8431911, 22.3005519 ], [ 70.8430195, 22.3005916 ], [ 70.8430624, 22.3007108 ], [ 70.8431697, 22.3007306 ], [ 70.8431697, 22.30081 ], [ 70.8431053, 22.3008696 ], [ 70.8428907, 22.3008696 ], [ 70.8428478, 22.3009093 ], [ 70.8427191, 22.3008299 ], [ 70.8426332, 22.3008299 ], [ 70.8425689, 22.3007703 ], [ 70.8425474, 22.3006711 ], [ 70.8424187, 22.3007505 ], [ 70.842247, 22.3007505 ], [ 70.8419895, 22.3007108 ], [ 70.8419466, 22.3006711 ], [ 70.8418393, 22.3008497 ], [ 70.8418822, 22.3009291 ], [ 70.8418179, 22.3009887 ], [ 70.8416462, 22.300949 ], [ 70.8415818, 22.3010085 ], [ 70.8416247, 22.3011277 ], [ 70.8415818, 22.3011674 ], [ 70.8415818, 22.3012468 ], [ 70.8417535, 22.3014453 ], [ 70.8417535, 22.3015247 ], [ 70.8417106, 22.3018821 ], [ 70.8417106, 22.3019218 ] ], [ [ 70.848856, 22.2980902 ], [ 70.8488774, 22.2981894 ], [ 70.8487916, 22.2982291 ], [ 70.8485985, 22.298249 ], [ 70.8485985, 22.2981696 ], [ 70.8487701, 22.2981696 ], [ 70.848856, 22.2980902 ] ], [ [ 70.848341, 22.2983284 ], [ 70.8482552, 22.2983284 ], [ 70.8481264, 22.2984078 ], [ 70.8479977, 22.2984475 ], [ 70.8479333, 22.2984277 ], [ 70.8479548, 22.2983681 ], [ 70.8481693, 22.2983284 ], [ 70.8482552, 22.298249 ], [ 70.848341, 22.298249 ], [ 70.848341, 22.2983284 ] ], [ [ 70.8475471, 22.2985865 ], [ 70.8475256, 22.2986461 ], [ 70.8474827, 22.2986461 ], [ 70.8473754, 22.2986262 ], [ 70.8473325, 22.2985865 ], [ 70.8474398, 22.2985269 ], [ 70.8475471, 22.2985865 ] ], [ [ 70.846796, 22.2987255 ], [ 70.8469248, 22.2987255 ], [ 70.8470964, 22.2986461 ], [ 70.8472037, 22.2986659 ], [ 70.8471394, 22.2987255 ], [ 70.8467102, 22.2988446 ], [ 70.8467102, 22.2987652 ], [ 70.846796, 22.2987255 ] ], [ [ 70.8529544, 22.300135 ], [ 70.8529544, 22.3000556 ], [ 70.8529973, 22.3000159 ], [ 70.8531046, 22.2999961 ], [ 70.853169, 22.3000159 ], [ 70.8530831, 22.3000953 ], [ 70.853169, 22.3002541 ], [ 70.8531475, 22.3003137 ], [ 70.8529544, 22.300135 ] ], [ [ 70.8530402, 22.3009291 ], [ 70.8532763, 22.3007108 ], [ 70.8533835, 22.3007306 ], [ 70.8533835, 22.30081 ], [ 70.8532548, 22.30081 ], [ 70.8533406, 22.3008894 ], [ 70.8533192, 22.3009887 ], [ 70.8531904, 22.3009887 ], [ 70.8530402, 22.3009291 ] ], [ [ 70.8543062, 22.3071429 ], [ 70.8541989, 22.3070833 ], [ 70.8542204, 22.3070238 ], [ 70.8542848, 22.3069642 ], [ 70.8543277, 22.3069642 ], [ 70.8542848, 22.3070039 ], [ 70.8543277, 22.3070436 ], [ 70.8543062, 22.3071429 ] ], [ [ 70.843277, 22.3089296 ], [ 70.8433843, 22.3090288 ], [ 70.843277, 22.3091281 ], [ 70.8431482, 22.3091678 ], [ 70.8430624, 22.3092075 ], [ 70.842998, 22.3091479 ], [ 70.8429551, 22.3090288 ], [ 70.8430624, 22.3089296 ], [ 70.843277, 22.3089296 ] ], [ [ 70.8556795, 22.2968196 ], [ 70.8557653, 22.2968196 ], [ 70.8558083, 22.2968593 ], [ 70.8558297, 22.2969585 ], [ 70.8557653, 22.2970181 ], [ 70.8556795, 22.2970578 ], [ 70.8556151, 22.297038 ], [ 70.8556581, 22.2969585 ], [ 70.8556795, 22.2968196 ] ], [ [ 70.8575892, 22.3069245 ], [ 70.8575249, 22.3070238 ], [ 70.857482, 22.3070238 ], [ 70.8573747, 22.3070833 ], [ 70.8573103, 22.3071032 ], [ 70.8572888, 22.3070436 ], [ 70.8574176, 22.3069642 ], [ 70.857482, 22.3068253 ], [ 70.8575892, 22.3068848 ], [ 70.8575892, 22.3069245 ] ], [ [ 70.8567953, 22.3071429 ], [ 70.8567095, 22.3071429 ], [ 70.8566236, 22.3072223 ], [ 70.8565378, 22.307262 ], [ 70.8564734, 22.3072025 ], [ 70.8564949, 22.3071032 ], [ 70.8566666, 22.3070238 ], [ 70.8567953, 22.3070238 ], [ 70.8568597, 22.3070833 ], [ 70.8567953, 22.3071429 ] ], [ [ 70.8573961, 22.3073811 ], [ 70.8573318, 22.3073216 ], [ 70.8574176, 22.3072025 ], [ 70.8575249, 22.3070635 ], [ 70.8575678, 22.3070635 ], [ 70.8576107, 22.3071429 ], [ 70.8576751, 22.3070833 ], [ 70.8576322, 22.3070436 ], [ 70.8576536, 22.3070238 ], [ 70.8577394, 22.3070238 ], [ 70.8578038, 22.3070833 ], [ 70.8578038, 22.3071628 ], [ 70.8575678, 22.3074208 ], [ 70.8573961, 22.3073811 ] ], [ [ 70.8561087, 22.3075002 ], [ 70.8560872, 22.3074407 ], [ 70.8564091, 22.3073811 ], [ 70.8565164, 22.307401 ], [ 70.8565593, 22.3074804 ], [ 70.8564091, 22.3075796 ], [ 70.8562803, 22.3075002 ], [ 70.8562374, 22.3075399 ], [ 70.8561945, 22.3075002 ], [ 70.8561087, 22.3075002 ] ], [ [ 70.857954, 22.307659 ], [ 70.8578897, 22.3075995 ], [ 70.8579111, 22.3075399 ], [ 70.8579755, 22.3074804 ], [ 70.8580828, 22.3073811 ], [ 70.8581471, 22.3074407 ], [ 70.8581257, 22.3075399 ], [ 70.857954, 22.307659 ] ], [ [ 70.8561087, 22.3076987 ], [ 70.8560658, 22.3076193 ], [ 70.8560228, 22.3076193 ], [ 70.8560014, 22.3075201 ], [ 70.8560228, 22.3075002 ], [ 70.8560658, 22.3075796 ], [ 70.8563018, 22.3075995 ], [ 70.8561945, 22.3076987 ], [ 70.8561087, 22.3076987 ] ] ] } },
{ "type": "Feature", "properties": { "element": "relation", "id": 1786284, "waterway": null }, "geometry": { "type": "Polygon", "coordinates": [ [ [ 70.7431126, 22.3646616 ], [ 70.7432199, 22.3646815 ], [ 70.7431769, 22.3649593 ], [ 70.7432199, 22.364999 ], [ 70.7432199, 22.3653165 ], [ 70.7430911, 22.3655149 ], [ 70.7430911, 22.3655943 ], [ 70.7429194, 22.3658324 ], [ 70.7427263, 22.366011 ], [ 70.7425547, 22.3660507 ], [ 70.7425117, 22.366011 ], [ 70.7424474, 22.3660705 ], [ 70.7425547, 22.3660904 ], [ 70.742619, 22.3661499 ], [ 70.7425117, 22.3661698 ], [ 70.7424474, 22.3662293 ], [ 70.7422757, 22.3665468 ], [ 70.7421041, 22.3667055 ], [ 70.7419753, 22.3669833 ], [ 70.7417607, 22.3671421 ], [ 70.7417178, 22.3674993 ], [ 70.7416105, 22.3675985 ], [ 70.7414389, 22.3675588 ], [ 70.7413316, 22.367658 ], [ 70.7414174, 22.3677771 ], [ 70.7413316, 22.3679358 ], [ 70.7411599, 22.3679755 ], [ 70.7411385, 22.3681938 ], [ 70.7410312, 22.3681739 ], [ 70.7410741, 22.3684517 ], [ 70.7409668, 22.3684716 ], [ 70.7408381, 22.3686303 ], [ 70.7406878, 22.3686899 ], [ 70.7406878, 22.3688486 ], [ 70.7404947, 22.3690669 ], [ 70.7403445, 22.3690867 ], [ 70.7403445, 22.3692058 ], [ 70.7401729, 22.3693645 ], [ 70.7401729, 22.3696026 ], [ 70.7400227, 22.3696622 ], [ 70.7399583, 22.3696026 ], [ 70.7397866, 22.3693248 ], [ 70.7397437, 22.3691264 ], [ 70.739615, 22.368928 ], [ 70.739572, 22.3687692 ], [ 70.7393575, 22.3686502 ], [ 70.7390356, 22.3681938 ], [ 70.7390571, 22.3684914 ], [ 70.7392716, 22.3687692 ], [ 70.7393575, 22.3693248 ], [ 70.7391214, 22.3693447 ], [ 70.7390571, 22.3694042 ], [ 70.7390571, 22.3696423 ], [ 70.7390141, 22.369682 ], [ 70.7392073, 22.3697018 ], [ 70.7392502, 22.3697415 ], [ 70.739336, 22.3697415 ], [ 70.7394433, 22.3698407 ], [ 70.7394433, 22.3700392 ], [ 70.7394004, 22.3700789 ], [ 70.7394004, 22.3702773 ], [ 70.7393575, 22.370317 ], [ 70.7393575, 22.3703963 ], [ 70.7392287, 22.3706345 ], [ 70.7391214, 22.3707337 ], [ 70.7390141, 22.3706345 ], [ 70.7390141, 22.3705551 ], [ 70.7389498, 22.3704956 ], [ 70.7387996, 22.3706345 ], [ 70.7387137, 22.3707932 ], [ 70.7388854, 22.3709519 ], [ 70.7388639, 22.3709718 ], [ 70.7387781, 22.3708924 ], [ 70.7385635, 22.3709321 ], [ 70.7385206, 22.3708924 ], [ 70.7383919, 22.3710115 ], [ 70.7382846, 22.3709519 ], [ 70.7382631, 22.3708924 ], [ 70.7379627, 22.3709321 ], [ 70.7379198, 22.3708924 ], [ 70.737834, 22.3708924 ], [ 70.7377481, 22.3709718 ], [ 70.7375765, 22.3709321 ], [ 70.737555, 22.3709916 ], [ 70.737834, 22.3710908 ], [ 70.7379198, 22.3712099 ], [ 70.7380056, 22.3712099 ], [ 70.7381129, 22.3713091 ], [ 70.73807, 22.3713885 ], [ 70.7381344, 22.371448 ], [ 70.7382202, 22.3714083 ], [ 70.7382846, 22.3714679 ], [ 70.7382417, 22.3715472 ], [ 70.738349, 22.3716464 ], [ 70.7385206, 22.3715274 ], [ 70.7386923, 22.3715671 ], [ 70.7388425, 22.371706 ], [ 70.7388425, 22.3719044 ], [ 70.7387996, 22.3719441 ], [ 70.738821, 22.3720433 ], [ 70.7392073, 22.372083 ], [ 70.7392502, 22.3721227 ], [ 70.7394648, 22.3721227 ], [ 70.7396793, 22.3721623 ], [ 70.7397223, 22.372202 ], [ 70.7398939, 22.372202 ], [ 70.7399368, 22.3722417 ], [ 70.7402372, 22.3722417 ], [ 70.7404089, 22.3723211 ], [ 70.7406664, 22.3722417 ], [ 70.7407522, 22.3722417 ], [ 70.7408166, 22.3721822 ], [ 70.7408381, 22.372083 ], [ 70.7410526, 22.372202 ], [ 70.7411385, 22.3721227 ], [ 70.7412243, 22.3721227 ], [ 70.7413101, 22.3722417 ], [ 70.741396, 22.3722814 ], [ 70.7415032, 22.3722219 ], [ 70.7414603, 22.3719441 ], [ 70.7416105, 22.3719639 ], [ 70.7416749, 22.3719044 ], [ 70.7415676, 22.3716861 ], [ 70.741396, 22.3717258 ], [ 70.7413316, 22.3716663 ], [ 70.7414174, 22.3715075 ], [ 70.7412672, 22.3714877 ], [ 70.7412028, 22.3714282 ], [ 70.7412887, 22.3713488 ], [ 70.7412887, 22.3712297 ], [ 70.7413745, 22.371071 ], [ 70.7413316, 22.3708726 ], [ 70.7415462, 22.3708329 ], [ 70.7415462, 22.3706345 ], [ 70.7418466, 22.3703963 ], [ 70.7419109, 22.3702971 ], [ 70.7419968, 22.3704162 ], [ 70.7421041, 22.3703963 ], [ 70.742147, 22.3702773 ], [ 70.7420611, 22.3701582 ], [ 70.7421684, 22.3699796 ], [ 70.7423401, 22.3701781 ], [ 70.7424474, 22.3701185 ], [ 70.7422543, 22.3698606 ], [ 70.7421255, 22.3697812 ], [ 70.7419753, 22.3698407 ], [ 70.741868, 22.3700193 ], [ 70.7418036, 22.3699201 ], [ 70.7419538, 22.3697018 ], [ 70.7421255, 22.3696225 ], [ 70.7422757, 22.3694836 ], [ 70.7422757, 22.3693645 ], [ 70.7424903, 22.3692058 ], [ 70.7425761, 22.369047 ], [ 70.7425761, 22.3688883 ], [ 70.7427692, 22.3687097 ], [ 70.7428765, 22.3686899 ], [ 70.7427478, 22.3685708 ], [ 70.7427478, 22.3684914 ], [ 70.7428336, 22.368412 ], [ 70.7428336, 22.3682533 ], [ 70.7429624, 22.3680549 ], [ 70.7429409, 22.368035 ], [ 70.742619, 22.368293 ], [ 70.742619, 22.3684517 ], [ 70.7425547, 22.3685113 ], [ 70.7424474, 22.3684517 ], [ 70.7424903, 22.3683724 ], [ 70.7424474, 22.368293 ], [ 70.742662, 22.3680549 ], [ 70.742662, 22.3679755 ], [ 70.7427478, 22.3678564 ], [ 70.7427907, 22.3676977 ], [ 70.7429194, 22.3675786 ], [ 70.7430482, 22.3673405 ], [ 70.7430482, 22.3672611 ], [ 70.743134, 22.3671818 ], [ 70.743134, 22.3670627 ], [ 70.7433271, 22.3668444 ], [ 70.7434773, 22.3667452 ], [ 70.7434344, 22.3665071 ], [ 70.7435203, 22.3664277 ], [ 70.7435203, 22.3663483 ], [ 70.743649, 22.3662293 ], [ 70.7436061, 22.3660705 ], [ 70.7436705, 22.366011 ], [ 70.7437992, 22.366011 ], [ 70.7438636, 22.3659515 ], [ 70.7437134, 22.3659316 ], [ 70.7436919, 22.3658324 ], [ 70.7439709, 22.3655348 ], [ 70.7441211, 22.3654355 ], [ 70.7437992, 22.3654951 ], [ 70.7437778, 22.3652371 ], [ 70.7437348, 22.3651974 ], [ 70.7438207, 22.3650387 ], [ 70.7437778, 22.364999 ], [ 70.7437992, 22.3648204 ], [ 70.743885, 22.3649395 ], [ 70.7439709, 22.3648998 ], [ 70.7440352, 22.3649196 ], [ 70.7439923, 22.3649593 ], [ 70.7440352, 22.3650784 ], [ 70.7439923, 22.3651577 ], [ 70.7440138, 22.3652966 ], [ 70.7440782, 22.3652768 ], [ 70.7440782, 22.3651577 ], [ 70.7441211, 22.3651181 ], [ 70.7441211, 22.3648006 ], [ 70.7439923, 22.3647609 ], [ 70.7439923, 22.3644831 ], [ 70.7437778, 22.364364 ], [ 70.7437778, 22.3641259 ], [ 70.7439065, 22.3640068 ], [ 70.7439065, 22.3639274 ], [ 70.7439494, 22.3638877 ], [ 70.7438636, 22.3637687 ], [ 70.7439065, 22.363729 ], [ 70.7437563, 22.3636298 ], [ 70.7436919, 22.3636496 ], [ 70.7436919, 22.3638877 ], [ 70.7435632, 22.3640862 ], [ 70.7436919, 22.3642846 ], [ 70.743649, 22.3644037 ], [ 70.7436705, 22.3647013 ], [ 70.7435203, 22.3644434 ], [ 70.7433915, 22.364364 ], [ 70.7434773, 22.3642449 ], [ 70.7433057, 22.3641259 ], [ 70.7432842, 22.3640663 ], [ 70.743134, 22.3640068 ], [ 70.7431769, 22.3639274 ], [ 70.7431769, 22.3638481 ], [ 70.743134, 22.3638084 ], [ 70.743134, 22.363729 ], [ 70.7430696, 22.3636695 ], [ 70.7429838, 22.3637092 ], [ 70.742898, 22.3637092 ], [ 70.7428122, 22.3636695 ], [ 70.7425976, 22.3634313 ], [ 70.7424474, 22.3633321 ], [ 70.7424474, 22.3632527 ], [ 70.7423615, 22.363094 ], [ 70.7421684, 22.3630741 ], [ 70.7420611, 22.3629352 ], [ 70.7420611, 22.3627368 ], [ 70.7421041, 22.3626177 ], [ 70.7421899, 22.3625384 ], [ 70.7422328, 22.3623796 ], [ 70.7430267, 22.3616851 ], [ 70.7431984, 22.361566 ], [ 70.7432842, 22.361566 ], [ 70.7435632, 22.3612683 ], [ 70.7435417, 22.3612088 ], [ 70.7432842, 22.3612485 ], [ 70.7432628, 22.3613477 ], [ 70.7431126, 22.3614866 ], [ 70.7429838, 22.3615263 ], [ 70.7428122, 22.3616851 ], [ 70.7424688, 22.3618835 ], [ 70.7422972, 22.3618835 ], [ 70.7419753, 22.3622209 ], [ 70.7418895, 22.3626574 ], [ 70.7418036, 22.3627765 ], [ 70.7418466, 22.363094 ], [ 70.7419324, 22.3631734 ], [ 70.7419753, 22.3633718 ], [ 70.7422543, 22.3636695 ], [ 70.7423401, 22.3636695 ], [ 70.7425117, 22.3638679 ], [ 70.742619, 22.3639274 ], [ 70.742619, 22.3640068 ], [ 70.7428336, 22.3642052 ], [ 70.7428336, 22.3642449 ], [ 70.742898, 22.3644235 ], [ 70.7431126, 22.3646616 ] ], [ [ 70.7414818, 22.3702574 ], [ 70.7415462, 22.3702773 ], [ 70.7415891, 22.3703963 ], [ 70.7415247, 22.3704162 ], [ 70.7414818, 22.3703765 ], [ 70.7414603, 22.3702773 ], [ 70.7414818, 22.3702574 ] ] ] } },
{ "type": "Feature", "properties": { "element": "relation", "id": 1786286, "waterway": null }, "geometry": { "type": "Polygon", "coordinates": [ [ [ 70.8376336, 22.2916378 ], [ 70.8375049, 22.2917172 ], [ 70.8375478, 22.2917569 ], [ 70.8374619, 22.291876 ], [ 70.8376122, 22.2918164 ], [ 70.8376765, 22.2919157 ], [ 70.8375263, 22.2920547 ], [ 70.8373117, 22.2920547 ], [ 70.8372259, 22.2922135 ], [ 70.8370328, 22.2923128 ], [ 70.8370328, 22.2925113 ], [ 70.8371615, 22.2927099 ], [ 70.8370543, 22.2928488 ], [ 70.8369255, 22.2928488 ], [ 70.8368397, 22.2927694 ], [ 70.8367109, 22.2927694 ], [ 70.836668, 22.2927297 ], [ 70.8365607, 22.2927893 ], [ 70.8367324, 22.2928687 ], [ 70.8366251, 22.2929283 ], [ 70.8366036, 22.2929878 ], [ 70.8367324, 22.2930672 ], [ 70.8367753, 22.2932658 ], [ 70.836668, 22.2932856 ], [ 70.8366251, 22.2933253 ], [ 70.8365822, 22.2932062 ], [ 70.8365393, 22.2934048 ], [ 70.8364105, 22.2933253 ], [ 70.8363032, 22.2933452 ], [ 70.836432, 22.293504 ], [ 70.836432, 22.2936629 ], [ 70.8364964, 22.2937224 ], [ 70.8365393, 22.2936827 ], [ 70.8366466, 22.2937423 ], [ 70.8364534, 22.2938415 ], [ 70.8362603, 22.2939805 ], [ 70.8362174, 22.2941393 ], [ 70.8362174, 22.2943776 ], [ 70.836153, 22.2944371 ], [ 70.8359814, 22.2944769 ], [ 70.8358097, 22.2943974 ], [ 70.8357668, 22.2944371 ], [ 70.835681, 22.2944371 ], [ 70.8358312, 22.2942585 ], [ 70.8358312, 22.2942188 ], [ 70.835681, 22.2941989 ], [ 70.835638, 22.2941592 ], [ 70.8355522, 22.2941592 ], [ 70.8355093, 22.2942783 ], [ 70.8354235, 22.2942783 ], [ 70.8353591, 22.2943379 ], [ 70.8353591, 22.294457 ], [ 70.8355308, 22.2945761 ], [ 70.8353591, 22.294735 ], [ 70.8353162, 22.2949732 ], [ 70.8351016, 22.2951717 ], [ 70.8351016, 22.2952909 ], [ 70.8349514, 22.2954298 ], [ 70.8347797, 22.2953901 ], [ 70.8347583, 22.2955291 ], [ 70.8348441, 22.2957276 ], [ 70.8349299, 22.2957673 ], [ 70.8350587, 22.2959659 ], [ 70.8358526, 22.2967799 ], [ 70.8360243, 22.2967799 ], [ 70.8362389, 22.2965416 ], [ 70.8363247, 22.2965019 ], [ 70.8364749, 22.2966806 ], [ 70.8364749, 22.2968394 ], [ 70.8365393, 22.296899 ], [ 70.8367109, 22.296899 ], [ 70.8367753, 22.2969585 ], [ 70.8367324, 22.2973953 ], [ 70.8368182, 22.2976335 ], [ 70.836947, 22.297713 ], [ 70.836947, 22.2977924 ], [ 70.8370328, 22.2979115 ], [ 70.8369899, 22.2980703 ], [ 70.8371186, 22.2981894 ], [ 70.8369255, 22.2982093 ], [ 70.8368182, 22.2983483 ], [ 70.8368182, 22.2985468 ], [ 70.8367324, 22.2986659 ], [ 70.8367324, 22.2989439 ], [ 70.8368611, 22.2991027 ], [ 70.8374834, 22.2994799 ], [ 70.8379555, 22.2998769 ], [ 70.8382559, 22.299599 ], [ 70.8384705, 22.2995196 ], [ 70.8385563, 22.2995593 ], [ 70.8385718, 22.2993718 ], [ 70.8385777, 22.2993012 ], [ 70.838449, 22.2992218 ], [ 70.8383846, 22.2991225 ], [ 70.8382773, 22.2991027 ], [ 70.8382773, 22.2988644 ], [ 70.8383203, 22.2988247 ], [ 70.8383203, 22.2986262 ], [ 70.8383632, 22.2985468 ], [ 70.8382344, 22.2985071 ], [ 70.8381915, 22.2986262 ], [ 70.8381915, 22.298785 ], [ 70.8381271, 22.2988049 ], [ 70.8381057, 22.2986659 ], [ 70.8380628, 22.2986262 ], [ 70.8381057, 22.2985865 ], [ 70.8380842, 22.2984872 ], [ 70.8377838, 22.2984475 ], [ 70.837698, 22.2985666 ], [ 70.8376765, 22.2984277 ], [ 70.8375692, 22.2983284 ], [ 70.8374834, 22.2983681 ], [ 70.8373332, 22.2982688 ], [ 70.8373332, 22.2982291 ], [ 70.8374834, 22.298249 ], [ 70.8376551, 22.298249 ], [ 70.8377838, 22.2983681 ], [ 70.8380842, 22.2983284 ], [ 70.8381271, 22.2983681 ], [ 70.838213, 22.2983681 ], [ 70.8382773, 22.2983086 ], [ 70.8382773, 22.297713 ], [ 70.8383203, 22.2976733 ], [ 70.8383203, 22.2974747 ], [ 70.838449, 22.2972365 ], [ 70.838449, 22.2971174 ], [ 70.8385777, 22.2969585 ], [ 70.8385777, 22.2967997 ], [ 70.8386636, 22.2967203 ], [ 70.8387494, 22.2964821 ], [ 70.8387494, 22.2963629 ], [ 70.8388782, 22.2962041 ], [ 70.8388782, 22.2959659 ], [ 70.8388352, 22.295807 ], [ 70.8387923, 22.2957673 ], [ 70.8387923, 22.2956085 ], [ 70.8387494, 22.2955688 ], [ 70.8387574, 22.2952759 ], [ 70.8387494, 22.2952114 ], [ 70.8386958, 22.2951742 ], [ 70.8387038, 22.2951469 ], [ 70.8387005, 22.2951279 ], [ 70.8387094, 22.2951073 ], [ 70.8387146, 22.2950898 ], [ 70.8387038, 22.2950675 ], [ 70.8386931, 22.2950427 ], [ 70.8387065, 22.2950129 ], [ 70.8387065, 22.294735 ], [ 70.8387923, 22.2945761 ], [ 70.8390618, 22.2944512 ], [ 70.8392366, 22.2943432 ], [ 70.8394172, 22.2942243 ], [ 70.8396166, 22.2941419 ], [ 70.8397579, 22.2941195 ], [ 70.8400583, 22.2941195 ], [ 70.8404018, 22.2943094 ], [ 70.8405089, 22.2945364 ], [ 70.8403373, 22.2946555 ], [ 70.8403373, 22.2947747 ], [ 70.8404231, 22.2948144 ], [ 70.8403802, 22.2948541 ], [ 70.8404231, 22.2948938 ], [ 70.8403802, 22.2949335 ], [ 70.8403802, 22.2950129 ], [ 70.8404875, 22.2950328 ], [ 70.8405519, 22.2950923 ], [ 70.8405948, 22.2952909 ], [ 70.8407021, 22.2953901 ], [ 70.8407664, 22.2953703 ], [ 70.8406377, 22.2952511 ], [ 70.8406591, 22.2951916 ], [ 70.8407021, 22.2951916 ], [ 70.8408093, 22.2952511 ], [ 70.8409166, 22.2953901 ], [ 70.8410454, 22.2953107 ], [ 70.8411312, 22.2953504 ], [ 70.8411741, 22.2952313 ], [ 70.8407879, 22.2950725 ], [ 70.8405089, 22.2948541 ], [ 70.8406162, 22.2948342 ], [ 70.8407021, 22.2948739 ], [ 70.8408737, 22.2948739 ], [ 70.8408093, 22.2947747 ], [ 70.8408093, 22.2946952 ], [ 70.8408737, 22.2946754 ], [ 70.8410239, 22.294735 ], [ 70.8411312, 22.2949136 ], [ 70.8412814, 22.2948144 ], [ 70.8412385, 22.2946952 ], [ 70.8411312, 22.2945166 ], [ 70.8410239, 22.2945364 ], [ 70.8410025, 22.2946754 ], [ 70.8408737, 22.2946357 ], [ 70.8407664, 22.2945364 ], [ 70.8407664, 22.294457 ], [ 70.8407879, 22.2943577 ], [ 70.8409595, 22.2943974 ], [ 70.8410025, 22.2944371 ], [ 70.8410239, 22.2942585 ], [ 70.8410668, 22.2941791 ], [ 70.8411741, 22.2941592 ], [ 70.8412385, 22.2940996 ], [ 70.841217, 22.2940004 ], [ 70.8410239, 22.2940202 ], [ 70.8410883, 22.293921 ], [ 70.8413243, 22.2939408 ], [ 70.8413458, 22.2938812 ], [ 70.8414316, 22.2938812 ], [ 70.8415174, 22.2939607 ], [ 70.8416462, 22.2939607 ], [ 70.841732, 22.2938415 ], [ 70.8416033, 22.2938812 ], [ 70.8415389, 22.293782 ], [ 70.8416033, 22.2936827 ], [ 70.8416891, 22.2936827 ], [ 70.842011, 22.293504 ], [ 70.8419251, 22.2934246 ], [ 70.8419466, 22.2934048 ], [ 70.8420324, 22.2934842 ], [ 70.8422041, 22.2934445 ], [ 70.8422899, 22.2934842 ], [ 70.8423758, 22.2934445 ], [ 70.8424616, 22.2934842 ], [ 70.8425903, 22.293365 ], [ 70.8427191, 22.2933253 ], [ 70.8426332, 22.2932856 ], [ 70.8424616, 22.2932856 ], [ 70.8423543, 22.2933452 ], [ 70.8423328, 22.2934048 ], [ 70.8421612, 22.293365 ], [ 70.8421397, 22.2933055 ], [ 70.8423328, 22.2932459 ], [ 70.8423972, 22.2931864 ], [ 70.8423972, 22.2930672 ], [ 70.8425474, 22.2929283 ], [ 70.8425903, 22.292968 ], [ 70.8426976, 22.2929481 ], [ 70.842762, 22.2928091 ], [ 70.8428693, 22.2927496 ], [ 70.8428693, 22.2925907 ], [ 70.8429337, 22.2925312 ], [ 70.8431053, 22.2924121 ], [ 70.8432341, 22.2925312 ], [ 70.8433199, 22.2925312 ], [ 70.8434272, 22.2923525 ], [ 70.8433414, 22.2922334 ], [ 70.8433628, 22.2922135 ], [ 70.8434486, 22.2922929 ], [ 70.8434916, 22.2922929 ], [ 70.8435774, 22.2922135 ], [ 70.8437061, 22.2922135 ], [ 70.8441353, 22.2918164 ], [ 70.8443928, 22.2918959 ], [ 70.8444786, 22.2918959 ], [ 70.8445215, 22.2918164 ], [ 70.844543, 22.2918363 ], [ 70.8445001, 22.2919157 ], [ 70.8446288, 22.2920745 ], [ 70.8445644, 22.2921738 ], [ 70.8444571, 22.2922334 ], [ 70.8444571, 22.2923128 ], [ 70.8446503, 22.2923724 ], [ 70.8446932, 22.2923326 ], [ 70.8448219, 22.2923326 ], [ 70.8448863, 22.2923922 ], [ 70.8449078, 22.2924915 ], [ 70.8450365, 22.2923326 ], [ 70.8450794, 22.2923724 ], [ 70.8452296, 22.2923525 ], [ 70.845058, 22.2922731 ], [ 70.8450365, 22.2921341 ], [ 70.8451867, 22.2921937 ], [ 70.8452082, 22.2922532 ], [ 70.8452296, 22.292154 ], [ 70.8453155, 22.2921143 ], [ 70.8453798, 22.2919753 ], [ 70.8455086, 22.2919753 ], [ 70.8455729, 22.2919157 ], [ 70.8453369, 22.2916576 ], [ 70.8451653, 22.2916973 ], [ 70.8450365, 22.2915385 ], [ 70.8449292, 22.2914789 ], [ 70.8448863, 22.2913995 ], [ 70.8449721, 22.291201 ], [ 70.8448648, 22.2911017 ], [ 70.8446503, 22.2911017 ], [ 70.8446074, 22.2911414 ], [ 70.8445001, 22.2910421 ], [ 70.8445644, 22.290784 ], [ 70.8446288, 22.2907642 ], [ 70.8446717, 22.2905656 ], [ 70.8447361, 22.2905855 ], [ 70.8448005, 22.2904862 ], [ 70.8447146, 22.2904465 ], [ 70.8448005, 22.2904068 ], [ 70.8448005, 22.2903274 ], [ 70.8450794, 22.2900693 ], [ 70.845294, 22.2898707 ], [ 70.8456802, 22.289831 ], [ 70.8461738, 22.2894538 ], [ 70.8461738, 22.2892553 ], [ 70.8460879, 22.2891361 ], [ 70.8461308, 22.2890964 ], [ 70.8461308, 22.2889376 ], [ 70.8460021, 22.2886993 ], [ 70.8461094, 22.2887986 ], [ 70.8462381, 22.2886795 ], [ 70.8463669, 22.2887589 ], [ 70.8464742, 22.2886993 ], [ 70.8464742, 22.2885405 ], [ 70.8464313, 22.2885008 ], [ 70.8464313, 22.2881831 ], [ 70.8465171, 22.288064 ], [ 70.8465171, 22.2879846 ], [ 70.8462811, 22.2878456 ], [ 70.8461952, 22.2880441 ], [ 70.8460879, 22.2880243 ], [ 70.8461308, 22.2881037 ], [ 70.8461308, 22.2881831 ], [ 70.8460665, 22.2882427 ], [ 70.846045, 22.2881037 ], [ 70.8459592, 22.2879846 ], [ 70.8460236, 22.2880044 ], [ 70.8460879, 22.2879846 ], [ 70.846045, 22.2876669 ], [ 70.8461738, 22.2875081 ], [ 70.8462167, 22.2873889 ], [ 70.8460236, 22.2874088 ], [ 70.8459377, 22.2874088 ], [ 70.8458734, 22.2873492 ], [ 70.8458734, 22.2872698 ], [ 70.8456802, 22.2871308 ], [ 70.8456159, 22.2871904 ], [ 70.8457017, 22.2873095 ], [ 70.8456373, 22.2873294 ], [ 70.8454871, 22.2871507 ], [ 70.8455515, 22.2870514 ], [ 70.8456802, 22.2870911 ], [ 70.8457232, 22.2870514 ], [ 70.8459163, 22.2870315 ], [ 70.8458734, 22.2869124 ], [ 70.8458734, 22.2867536 ], [ 70.8456588, 22.286555 ], [ 70.8456588, 22.2863962 ], [ 70.8457232, 22.2863366 ], [ 70.8457661, 22.2863763 ], [ 70.8458304, 22.2863168 ], [ 70.8457875, 22.2862374 ], [ 70.8457875, 22.2859594 ], [ 70.8456159, 22.28588 ], [ 70.8455729, 22.2856417 ], [ 70.8454227, 22.2855027 ], [ 70.8453155, 22.2855623 ], [ 70.845294, 22.2856219 ], [ 70.8451867, 22.285602 ], [ 70.8452725, 22.2854432 ], [ 70.8452725, 22.2852843 ], [ 70.8453155, 22.2852446 ], [ 70.8449507, 22.2848674 ], [ 70.8446932, 22.2846688 ], [ 70.8445215, 22.2845894 ], [ 70.8444357, 22.2845894 ], [ 70.8443069, 22.2844703 ], [ 70.843792, 22.2844306 ], [ 70.843749, 22.2843908 ], [ 70.8435345, 22.2843908 ], [ 70.8433628, 22.2844703 ], [ 70.8431911, 22.2844703 ], [ 70.8430195, 22.2845497 ], [ 70.8429337, 22.2845497 ], [ 70.8424616, 22.2847879 ], [ 70.8421612, 22.2847482 ], [ 70.8421183, 22.2847085 ], [ 70.84126, 22.2846688 ], [ 70.8410025, 22.2847085 ], [ 70.8408308, 22.2847482 ], [ 70.8407879, 22.2847879 ], [ 70.8406162, 22.2847879 ], [ 70.8405304, 22.2848674 ], [ 70.8403158, 22.2847879 ], [ 70.8401871, 22.2847879 ], [ 70.8402514, 22.2849666 ], [ 70.8404016, 22.2851056 ], [ 70.840466, 22.2851255 ], [ 70.840466, 22.2852446 ], [ 70.8406162, 22.2854233 ], [ 70.840745, 22.2852645 ], [ 70.8408093, 22.285324 ], [ 70.8407664, 22.2855226 ], [ 70.8409381, 22.2856417 ], [ 70.8409381, 22.2857608 ], [ 70.8407664, 22.2861579 ], [ 70.8405948, 22.2864359 ], [ 70.8405089, 22.2865153 ], [ 70.840466, 22.2866742 ], [ 70.8403373, 22.2867933 ], [ 70.8403802, 22.2868727 ], [ 70.8402085, 22.2869918 ], [ 70.8401656, 22.2871904 ], [ 70.8400798, 22.2873095 ], [ 70.8401227, 22.2874286 ], [ 70.8400798, 22.2874683 ], [ 70.8400798, 22.2875478 ], [ 70.8402514, 22.2877066 ], [ 70.8401227, 22.2878654 ], [ 70.8402085, 22.2879846 ], [ 70.8401227, 22.2883817 ], [ 70.8401656, 22.2884214 ], [ 70.8401656, 22.2885008 ], [ 70.8400798, 22.2886199 ], [ 70.8400798, 22.288739 ], [ 70.8401656, 22.2887787 ], [ 70.8401227, 22.2890567 ], [ 70.8400798, 22.2890964 ], [ 70.8401227, 22.2891361 ], [ 70.839951, 22.2893347 ], [ 70.839994, 22.2893744 ], [ 70.8398652, 22.2894935 ], [ 70.8398223, 22.2896126 ], [ 70.8397365, 22.2896523 ], [ 70.8397365, 22.2897715 ], [ 70.8398223, 22.2898112 ], [ 70.8397365, 22.2898906 ], [ 70.8397794, 22.2900891 ], [ 70.8396506, 22.2902877 ], [ 70.8394146, 22.2903075 ], [ 70.8393288, 22.2903869 ], [ 70.8392215, 22.2903671 ], [ 70.8392215, 22.2906451 ], [ 70.8391786, 22.2906848 ], [ 70.8393931, 22.2908436 ], [ 70.8393931, 22.290923 ], [ 70.8392644, 22.2912407 ], [ 70.8391571, 22.2913002 ], [ 70.8391142, 22.2912605 ], [ 70.8390498, 22.2912804 ], [ 70.8391356, 22.2914392 ], [ 70.8390069, 22.2914789 ], [ 70.8390927, 22.2918363 ], [ 70.8390069, 22.2919951 ], [ 70.8390069, 22.2921143 ], [ 70.8388352, 22.2923128 ], [ 70.8388352, 22.2923922 ], [ 70.8387494, 22.292551 ], [ 70.8385563, 22.2927694 ], [ 70.8384275, 22.2927694 ], [ 70.8382773, 22.2926305 ], [ 70.8384061, 22.2923525 ], [ 70.8384061, 22.2922731 ], [ 70.8384919, 22.2921937 ], [ 70.8384061, 22.2919951 ], [ 70.8384919, 22.2919157 ], [ 70.8384919, 22.2916378 ], [ 70.8385348, 22.2915981 ], [ 70.8384061, 22.2915583 ], [ 70.8382322, 22.2914242 ], [ 70.8380108, 22.2914437 ], [ 70.8376336, 22.2915583 ], [ 70.8376336, 22.2916378 ] ], [ [ 70.8447576, 22.2915186 ], [ 70.8446932, 22.2914988 ], [ 70.8446288, 22.2914392 ], [ 70.8446932, 22.2913797 ], [ 70.8448005, 22.2913995 ], [ 70.8447576, 22.2914392 ], [ 70.8447576, 22.2915186 ] ], [ [ 70.8448219, 22.2916576 ], [ 70.8448863, 22.2916378 ], [ 70.8449292, 22.2916775 ], [ 70.8449078, 22.2916973 ], [ 70.844779, 22.2916973 ], [ 70.844779, 22.2916576 ], [ 70.8448219, 22.2916576 ] ], [ [ 70.8449292, 22.2919554 ], [ 70.8450365, 22.2918959 ], [ 70.8450794, 22.2919753 ], [ 70.8451653, 22.2919356 ], [ 70.8452296, 22.2919951 ], [ 70.8452082, 22.2920944 ], [ 70.8450794, 22.292015 ], [ 70.8449936, 22.2920547 ], [ 70.8449078, 22.2920547 ], [ 70.8448648, 22.292015 ], [ 70.8447361, 22.292015 ], [ 70.8446717, 22.2919554 ], [ 70.8446932, 22.2918164 ], [ 70.8448648, 22.2919753 ], [ 70.8449292, 22.2919554 ] ], [ [ 70.8383203, 22.2993409 ], [ 70.8383203, 22.2994997 ], [ 70.8382988, 22.2995196 ], [ 70.8382344, 22.29946 ], [ 70.8382344, 22.2993409 ], [ 70.8382988, 22.2992814 ], [ 70.8383203, 22.2993409 ] ] ] } },
{ "type": "Feature", "properties": { "element": "relation", "id": 1786289, "waterway": null }, "geometry": { "type": "Polygon", "coordinates": [ [ [ 70.8425474, 22.2738276 ], [ 70.8425903, 22.2738673 ], [ 70.8427405, 22.2736886 ], [ 70.8426118, 22.27349 ], [ 70.8426332, 22.2733907 ], [ 70.8427405, 22.2734503 ], [ 70.8428049, 22.2735496 ], [ 70.8429551, 22.2735297 ], [ 70.8429122, 22.2734106 ], [ 70.8429122, 22.2733311 ], [ 70.8428049, 22.273351 ], [ 70.8427405, 22.2732914 ], [ 70.8428264, 22.2731326 ], [ 70.8426332, 22.2730333 ], [ 70.8425689, 22.272934 ], [ 70.8426547, 22.2726957 ], [ 70.8426118, 22.272656 ], [ 70.8426118, 22.2723383 ], [ 70.8427191, 22.2722787 ], [ 70.8428478, 22.2723582 ], [ 70.8429766, 22.2723582 ], [ 70.8430195, 22.2721596 ], [ 70.843277, 22.2721993 ], [ 70.8432984, 22.2721397 ], [ 70.8435559, 22.2719015 ], [ 70.8436847, 22.2715837 ], [ 70.8439851, 22.271266 ], [ 70.8439851, 22.2711866 ], [ 70.8440709, 22.2710675 ], [ 70.8442855, 22.2710278 ], [ 70.8441997, 22.2709086 ], [ 70.8445001, 22.2706306 ], [ 70.8445001, 22.2705512 ], [ 70.8446717, 22.2703129 ], [ 70.8448648, 22.2701342 ], [ 70.845058, 22.2700349 ], [ 70.845058, 22.269876 ], [ 70.8451223, 22.2698165 ], [ 70.8452511, 22.2697768 ], [ 70.8456588, 22.2693995 ], [ 70.8457875, 22.2691215 ], [ 70.8457875, 22.269042 ], [ 70.8458304, 22.2690023 ], [ 70.8458304, 22.2688038 ], [ 70.8459163, 22.268764 ], [ 70.8458734, 22.2686846 ], [ 70.8460665, 22.268625 ], [ 70.8461308, 22.2685655 ], [ 70.8460879, 22.2684463 ], [ 70.8461523, 22.2683868 ], [ 70.8464313, 22.2685655 ], [ 70.8464742, 22.2687243 ], [ 70.8464742, 22.2689229 ], [ 70.84656, 22.269042 ], [ 70.8469892, 22.2693598 ], [ 70.8469462, 22.2695583 ], [ 70.8470321, 22.2696775 ], [ 70.847075, 22.2699158 ], [ 70.8471179, 22.2699555 ], [ 70.847075, 22.270154 ], [ 70.8472252, 22.2701739 ], [ 70.8473325, 22.2702732 ], [ 70.8473754, 22.2706306 ], [ 70.84759, 22.2707895 ], [ 70.8475471, 22.2709483 ], [ 70.8476114, 22.2710476 ], [ 70.8478689, 22.2708093 ], [ 70.8479548, 22.2707696 ], [ 70.8480191, 22.2709483 ], [ 70.8481264, 22.2709682 ], [ 70.8482552, 22.270849 ], [ 70.8484268, 22.2708888 ], [ 70.8486414, 22.2707696 ], [ 70.848856, 22.2707299 ], [ 70.8490276, 22.2706108 ], [ 70.8487487, 22.2709483 ], [ 70.8487487, 22.2710278 ], [ 70.8488345, 22.2711469 ], [ 70.8487916, 22.2711866 ], [ 70.8487916, 22.271266 ], [ 70.8489203, 22.2714249 ], [ 70.8489203, 22.2715043 ], [ 70.8491349, 22.2716632 ], [ 70.8491564, 22.2717227 ], [ 70.8494568, 22.2718022 ], [ 70.8495855, 22.2717625 ], [ 70.8496284, 22.2718022 ], [ 70.8497143, 22.2718022 ], [ 70.8497572, 22.2717625 ], [ 70.8498001, 22.271961 ], [ 70.8500147, 22.2719213 ], [ 70.8501863, 22.271961 ], [ 70.8502722, 22.2720405 ], [ 70.8504868, 22.2718816 ], [ 70.8505511, 22.2719809 ], [ 70.8506155, 22.2720405 ], [ 70.8506584, 22.2720007 ], [ 70.850873, 22.2720007 ], [ 70.8509803, 22.2719015 ], [ 70.8509374, 22.2717823 ], [ 70.8510017, 22.2717227 ], [ 70.8511305, 22.2717625 ], [ 70.8511949, 22.271822 ], [ 70.8511949, 22.2720206 ], [ 70.8510661, 22.2720206 ], [ 70.8510876, 22.2721199 ], [ 70.8515167, 22.2720405 ], [ 70.8516026, 22.2721199 ], [ 70.8516884, 22.2721199 ], [ 70.8518815, 22.2719809 ], [ 70.8518386, 22.2719412 ], [ 70.85186, 22.2718816 ], [ 70.8519459, 22.2718816 ], [ 70.8519673, 22.2720603 ], [ 70.8521175, 22.2721596 ], [ 70.852375, 22.2721596 ], [ 70.8525252, 22.2722589 ], [ 70.8525467, 22.2723184 ], [ 70.8526325, 22.2723582 ], [ 70.8527184, 22.2723582 ], [ 70.8528042, 22.2724376 ], [ 70.8530617, 22.2724376 ], [ 70.8531475, 22.2723979 ], [ 70.8532119, 22.2724574 ], [ 70.8532333, 22.2726362 ], [ 70.8534479, 22.2726362 ], [ 70.8536196, 22.272517 ], [ 70.8537483, 22.272517 ], [ 70.8539414, 22.272656 ], [ 70.8540058, 22.272795 ], [ 70.8542633, 22.272795 ], [ 70.8543491, 22.2726362 ], [ 70.8544993, 22.2725766 ], [ 70.8544993, 22.2724574 ], [ 70.8546066, 22.2723979 ], [ 70.8546925, 22.2724376 ], [ 70.8547354, 22.2723184 ], [ 70.8550358, 22.2723184 ], [ 70.8551645, 22.2721993 ], [ 70.8552718, 22.2722986 ], [ 70.8552933, 22.2723979 ], [ 70.8555937, 22.2723979 ], [ 70.8556581, 22.2722589 ], [ 70.8556581, 22.2721 ], [ 70.8557653, 22.271961 ], [ 70.8558512, 22.271961 ], [ 70.8559585, 22.2719809 ], [ 70.8559155, 22.2721397 ], [ 70.8558726, 22.2721795 ], [ 70.8559155, 22.2722192 ], [ 70.8558726, 22.2722589 ], [ 70.855937, 22.2723184 ], [ 70.8559585, 22.2721397 ], [ 70.8560228, 22.2720802 ], [ 70.8561516, 22.2720007 ], [ 70.8561945, 22.2720405 ], [ 70.8562589, 22.2720206 ], [ 70.8563447, 22.2717029 ], [ 70.8563447, 22.271544 ], [ 70.8564305, 22.2715043 ], [ 70.8563876, 22.2714646 ], [ 70.856452, 22.2714845 ], [ 70.8565378, 22.2714845 ], [ 70.8565593, 22.2713455 ], [ 70.8566451, 22.271266 ], [ 70.8565593, 22.2711866 ], [ 70.8565593, 22.2709086 ], [ 70.856688, 22.2708292 ], [ 70.856688, 22.2706306 ], [ 70.8567309, 22.2705909 ], [ 70.8567309, 22.2705115 ], [ 70.8567953, 22.2704519 ], [ 70.8570099, 22.2704519 ], [ 70.8571815, 22.2706108 ], [ 70.8573747, 22.2705909 ], [ 70.8572888, 22.2705115 ], [ 70.8573318, 22.2704718 ], [ 70.8573103, 22.2704122 ], [ 70.8571172, 22.2703923 ], [ 70.8570743, 22.270154 ], [ 70.8571172, 22.2700746 ], [ 70.8570313, 22.2700349 ], [ 70.8570528, 22.2699356 ], [ 70.8571601, 22.2700349 ], [ 70.8571815, 22.2701739 ], [ 70.8575249, 22.2701739 ], [ 70.8576107, 22.2702533 ], [ 70.8577394, 22.2702136 ], [ 70.8577609, 22.2703129 ], [ 70.8578682, 22.2704122 ], [ 70.8580184, 22.2703129 ], [ 70.8579755, 22.270154 ], [ 70.8581257, 22.2700548 ], [ 70.8582759, 22.2701143 ], [ 70.8582973, 22.270293 ], [ 70.8583617, 22.2702335 ], [ 70.8583617, 22.2697172 ], [ 70.8584046, 22.2695583 ], [ 70.8583617, 22.2695186 ], [ 70.8583617, 22.2688832 ], [ 70.8584046, 22.2688038 ], [ 70.8583617, 22.2679697 ], [ 70.8583188, 22.26793 ], [ 70.8583617, 22.2678506 ], [ 70.8583617, 22.2672549 ], [ 70.8585334, 22.2670563 ], [ 70.8585334, 22.2668974 ], [ 70.8584905, 22.266818 ], [ 70.8585548, 22.2667584 ], [ 70.8586407, 22.2667584 ], [ 70.858705, 22.2666592 ], [ 70.8585548, 22.2666393 ], [ 70.8584905, 22.2665797 ], [ 70.8585334, 22.26654 ], [ 70.8583617, 22.2663017 ], [ 70.8583617, 22.2660634 ], [ 70.8584046, 22.2660237 ], [ 70.8584046, 22.2659443 ], [ 70.8583617, 22.2658648 ], [ 70.8584905, 22.2659046 ], [ 70.8584905, 22.265984 ], [ 70.8585548, 22.2660436 ], [ 70.858748, 22.2658648 ], [ 70.858748, 22.2658251 ], [ 70.8586407, 22.265845 ], [ 70.8585548, 22.265845 ], [ 70.8584905, 22.2657854 ], [ 70.8584905, 22.2655868 ], [ 70.8583617, 22.2655868 ], [ 70.8584046, 22.2655074 ], [ 70.8584046, 22.2653883 ], [ 70.8583617, 22.2653485 ], [ 70.8583617, 22.2651897 ], [ 70.858469, 22.2650904 ], [ 70.8585334, 22.26515 ], [ 70.8585334, 22.2652691 ], [ 70.8585334, 22.2653485 ], [ 70.8585763, 22.2653883 ], [ 70.8585334, 22.265428 ], [ 70.8586407, 22.2654875 ], [ 70.8587265, 22.2654478 ], [ 70.8588123, 22.265567 ], [ 70.8590484, 22.2654677 ], [ 70.8590484, 22.2653485 ], [ 70.8588123, 22.2652493 ], [ 70.858748, 22.2651897 ], [ 70.8585763, 22.2649117 ], [ 70.8585763, 22.2648322 ], [ 70.8583617, 22.2646734 ], [ 70.8583617, 22.2642365 ], [ 70.8584046, 22.2641968 ], [ 70.8584046, 22.2640776 ], [ 70.8583617, 22.2640379 ], [ 70.8583617, 22.2635216 ], [ 70.8584476, 22.2634025 ], [ 70.8583617, 22.263323 ], [ 70.8583617, 22.2632039 ], [ 70.8586192, 22.2630053 ], [ 70.858705, 22.2628464 ], [ 70.858705, 22.262767 ], [ 70.8590484, 22.262489 ], [ 70.8590698, 22.2623897 ], [ 70.8591557, 22.2624294 ], [ 70.85922, 22.2624096 ], [ 70.8588338, 22.2619727 ], [ 70.8588338, 22.2618933 ], [ 70.8587265, 22.2619131 ], [ 70.8586621, 22.2618535 ], [ 70.8586621, 22.2616947 ], [ 70.8588123, 22.2616748 ], [ 70.8588982, 22.2615954 ], [ 70.8589196, 22.2616152 ], [ 70.8589196, 22.2616947 ], [ 70.8588338, 22.2617344 ], [ 70.8588123, 22.2618337 ], [ 70.858984, 22.2617542 ], [ 70.8592415, 22.2617542 ], [ 70.8593059, 22.2616947 ], [ 70.8592629, 22.2612578 ], [ 70.8593917, 22.2612181 ], [ 70.8593917, 22.2611386 ], [ 70.8593488, 22.2610592 ], [ 70.8591557, 22.2608805 ], [ 70.8590484, 22.2608209 ], [ 70.8590055, 22.2607415 ], [ 70.8590055, 22.2605429 ], [ 70.8590913, 22.260384 ], [ 70.8593488, 22.2601854 ], [ 70.8593059, 22.2600663 ], [ 70.8594775, 22.2599868 ], [ 70.8592844, 22.2599273 ], [ 70.8592415, 22.2598478 ], [ 70.8590913, 22.259828 ], [ 70.8590484, 22.2594308 ], [ 70.8592629, 22.2591925 ], [ 70.8592629, 22.2591131 ], [ 70.8593702, 22.2590932 ], [ 70.8595634, 22.2588748 ], [ 70.8596492, 22.2587556 ], [ 70.8596492, 22.2586365 ], [ 70.859735, 22.2585967 ], [ 70.8597994, 22.2584974 ], [ 70.8601427, 22.2584577 ], [ 70.8601856, 22.2584974 ], [ 70.8603573, 22.2584974 ], [ 70.8605289, 22.2585372 ], [ 70.8604646, 22.2586365 ], [ 70.8605719, 22.2586563 ], [ 70.8607864, 22.2585372 ], [ 70.8609152, 22.2585372 ], [ 70.8610225, 22.2583584 ], [ 70.8609366, 22.2581598 ], [ 70.8608723, 22.2581003 ], [ 70.860765, 22.2581598 ], [ 70.860765, 22.2582393 ], [ 70.8606577, 22.2582989 ], [ 70.8605719, 22.2581797 ], [ 70.860486, 22.2581797 ], [ 70.8603573, 22.2580606 ], [ 70.8601213, 22.2580407 ], [ 70.86025, 22.2578818 ], [ 70.86025, 22.2577627 ], [ 70.8601642, 22.2576832 ], [ 70.8601642, 22.2574846 ], [ 70.8602285, 22.2573854 ], [ 70.8603573, 22.2573456 ], [ 70.8605075, 22.2572066 ], [ 70.8605075, 22.2570478 ], [ 70.8603573, 22.2571073 ], [ 70.8603358, 22.2569286 ], [ 70.8602285, 22.2568293 ], [ 70.8601427, 22.2568293 ], [ 70.8600998, 22.2567896 ], [ 70.8599496, 22.2568492 ], [ 70.8599281, 22.2569485 ], [ 70.8595848, 22.2569485 ], [ 70.8595419, 22.2569882 ], [ 70.8594131, 22.2569087 ], [ 70.8593702, 22.2569485 ], [ 70.8592415, 22.2569485 ], [ 70.8591342, 22.2572066 ], [ 70.8592629, 22.2572861 ], [ 70.8591986, 22.2573456 ], [ 70.8590269, 22.2573059 ], [ 70.858984, 22.2572662 ], [ 70.8588552, 22.2572662 ], [ 70.8588767, 22.2574052 ], [ 70.8588338, 22.2574449 ], [ 70.8589411, 22.2574648 ], [ 70.8589625, 22.2575244 ], [ 70.8588552, 22.2576237 ], [ 70.8587909, 22.2576435 ], [ 70.8588338, 22.2576832 ], [ 70.8588123, 22.2577031 ], [ 70.8585548, 22.2577031 ], [ 70.8584261, 22.2579017 ], [ 70.8583617, 22.2578818 ], [ 70.8584046, 22.2576435 ], [ 70.8583617, 22.2576038 ], [ 70.8583617, 22.2571669 ], [ 70.8581042, 22.2569286 ], [ 70.8581471, 22.2564123 ], [ 70.8580613, 22.2562931 ], [ 70.8581471, 22.2562137 ], [ 70.8581471, 22.2558959 ], [ 70.8581042, 22.2556576 ], [ 70.8580399, 22.255598 ], [ 70.8576107, 22.2556775 ], [ 70.857482, 22.2557569 ], [ 70.8573532, 22.2557569 ], [ 70.8572245, 22.2558364 ], [ 70.8570957, 22.2558364 ], [ 70.8570528, 22.2557966 ], [ 70.8569241, 22.2559555 ], [ 70.8567953, 22.2559555 ], [ 70.8568382, 22.2558364 ], [ 70.8568811, 22.2558364 ], [ 70.8571172, 22.2556179 ], [ 70.8570528, 22.255598 ], [ 70.8568811, 22.2557569 ], [ 70.8567095, 22.2558364 ], [ 70.8565807, 22.2558364 ], [ 70.8565593, 22.2560151 ], [ 70.8564734, 22.256174 ], [ 70.8563662, 22.2562733 ], [ 70.8562803, 22.256313 ], [ 70.8561516, 22.256313 ], [ 70.8561087, 22.2563527 ], [ 70.8555508, 22.256313 ], [ 70.8554864, 22.2562534 ], [ 70.8554864, 22.2561342 ], [ 70.8556366, 22.2559555 ], [ 70.8558083, 22.2559952 ], [ 70.8559155, 22.2558165 ], [ 70.8559799, 22.2557966 ], [ 70.8561087, 22.2556378 ], [ 70.8562589, 22.2555385 ], [ 70.856173, 22.2554193 ], [ 70.8562589, 22.2553399 ], [ 70.8562589, 22.2552604 ], [ 70.8563876, 22.2551413 ], [ 70.8563876, 22.2550618 ], [ 70.8568168, 22.2547044 ], [ 70.8568168, 22.2546249 ], [ 70.8569455, 22.2544263 ], [ 70.8573961, 22.2541682 ], [ 70.8578897, 22.2537511 ], [ 70.857954, 22.2536518 ], [ 70.8580399, 22.2536518 ], [ 70.8582115, 22.2534135 ], [ 70.8582973, 22.2534135 ], [ 70.8583617, 22.2533539 ], [ 70.8583617, 22.2532745 ], [ 70.8584905, 22.2531553 ], [ 70.8585119, 22.253056 ], [ 70.8588123, 22.2529369 ], [ 70.8588982, 22.2529369 ], [ 70.8590913, 22.2527979 ], [ 70.8591127, 22.2527383 ], [ 70.8594131, 22.2526589 ], [ 70.8600569, 22.2521028 ], [ 70.8602715, 22.2520233 ], [ 70.8604002, 22.2520233 ], [ 70.8605075, 22.2521226 ], [ 70.8605075, 22.2522418 ], [ 70.8605933, 22.2522418 ], [ 70.8605504, 22.2520432 ], [ 70.8605933, 22.2519638 ], [ 70.860486, 22.2518645 ], [ 70.8602715, 22.2519042 ], [ 70.86025, 22.2518049 ], [ 70.8605075, 22.2515269 ], [ 70.8605504, 22.2511694 ], [ 70.860765, 22.2508516 ], [ 70.860765, 22.2507722 ], [ 70.8608508, 22.2506927 ], [ 70.8608937, 22.2504941 ], [ 70.8610654, 22.2502955 ], [ 70.8611083, 22.2499778 ], [ 70.8611941, 22.2498983 ], [ 70.861237, 22.2496203 ], [ 70.8613229, 22.2495806 ], [ 70.8613229, 22.2494614 ], [ 70.8614516, 22.2493025 ], [ 70.8614945, 22.2490642 ], [ 70.8610868, 22.2488458 ], [ 70.8608937, 22.2490642 ], [ 70.8607221, 22.249382 ], [ 70.8607221, 22.24966 ], [ 70.8609366, 22.2498586 ], [ 70.8607864, 22.2498785 ], [ 70.8607435, 22.2500374 ], [ 70.8606148, 22.2500374 ], [ 70.8605719, 22.2501565 ], [ 70.8603787, 22.2502558 ], [ 70.86025, 22.2507722 ], [ 70.8600783, 22.2509311 ], [ 70.860014, 22.2510701 ], [ 70.8598852, 22.2511495 ], [ 70.8597994, 22.2511495 ], [ 70.859735, 22.2512091 ], [ 70.8596706, 22.2514276 ], [ 70.8591127, 22.2519042 ], [ 70.8590269, 22.2519042 ], [ 70.8586836, 22.2522219 ], [ 70.8585978, 22.2522219 ], [ 70.8584261, 22.2523808 ], [ 70.8583617, 22.2521226 ], [ 70.8582973, 22.2520631 ], [ 70.8581901, 22.2520432 ], [ 70.858233, 22.2520035 ], [ 70.8582115, 22.2519439 ], [ 70.8578897, 22.2522418 ], [ 70.8579326, 22.252361 ], [ 70.8578253, 22.2524603 ], [ 70.857439, 22.2526191 ], [ 70.8572245, 22.2526589 ], [ 70.8571386, 22.2527383 ], [ 70.8570099, 22.2527383 ], [ 70.8569026, 22.2529567 ], [ 70.8566451, 22.2531553 ], [ 70.8566022, 22.2533539 ], [ 70.8564949, 22.2534135 ], [ 70.856452, 22.2533738 ], [ 70.8564305, 22.2534731 ], [ 70.8561087, 22.253771 ], [ 70.8559799, 22.2538107 ], [ 70.8554649, 22.2542873 ], [ 70.8553791, 22.2542873 ], [ 70.8552718, 22.2543866 ], [ 70.8552718, 22.2545058 ], [ 70.8550787, 22.2547242 ], [ 70.8547783, 22.2547242 ], [ 70.8546925, 22.2548037 ], [ 70.8545208, 22.2548434 ], [ 70.8544135, 22.2547044 ], [ 70.8544993, 22.2544661 ], [ 70.8544993, 22.2542675 ], [ 70.8548856, 22.2539497 ], [ 70.8548856, 22.25391 ], [ 70.8551002, 22.2537114 ], [ 70.8552718, 22.2533539 ], [ 70.8552718, 22.2531951 ], [ 70.8554006, 22.2530362 ], [ 70.8554006, 22.2528376 ], [ 70.8555937, 22.2526986 ], [ 70.8558297, 22.252639 ], [ 70.8558297, 22.2523212 ], [ 70.8556581, 22.2521624 ], [ 70.8556151, 22.2520035 ], [ 70.8556581, 22.2518843 ], [ 70.8558726, 22.2517255 ], [ 70.8558726, 22.2516857 ], [ 70.8555937, 22.2518248 ], [ 70.8555079, 22.2518248 ], [ 70.8553576, 22.2519241 ], [ 70.8553576, 22.2522021 ], [ 70.8552718, 22.2523212 ], [ 70.8552718, 22.252639 ], [ 70.8552074, 22.2526589 ], [ 70.8551431, 22.2522021 ], [ 70.8552718, 22.2521226 ], [ 70.8552718, 22.2520829 ], [ 70.8550572, 22.2519241 ], [ 70.8550572, 22.2518843 ], [ 70.8552718, 22.2516857 ], [ 70.8552074, 22.2516262 ], [ 70.8549929, 22.2515864 ], [ 70.8549285, 22.2517652 ], [ 70.8548641, 22.2518248 ], [ 70.8548212, 22.251785 ], [ 70.8547997, 22.2518049 ], [ 70.8547997, 22.2520035 ], [ 70.8545852, 22.2522815 ], [ 70.8545852, 22.252361 ], [ 70.8544779, 22.2524603 ], [ 70.8541346, 22.2525 ], [ 70.8540702, 22.2525993 ], [ 70.8542204, 22.252778 ], [ 70.8543491, 22.2528575 ], [ 70.8544779, 22.2528972 ], [ 70.8548641, 22.2528972 ], [ 70.8549285, 22.2529567 ], [ 70.8549285, 22.2533539 ], [ 70.8549714, 22.2533937 ], [ 70.8549714, 22.2534731 ], [ 70.8547783, 22.2536121 ], [ 70.8546495, 22.2535327 ], [ 70.8545208, 22.2535327 ], [ 70.8544564, 22.2534731 ], [ 70.8544564, 22.2532745 ], [ 70.8543706, 22.2531553 ], [ 70.8543706, 22.2529567 ], [ 70.8543062, 22.2528972 ], [ 70.854156, 22.2533142 ], [ 70.8539414, 22.2534334 ], [ 70.8539414, 22.2535128 ], [ 70.8538342, 22.2536518 ], [ 70.8536196, 22.2536518 ], [ 70.8535767, 22.2536121 ], [ 70.8534694, 22.253632 ], [ 70.8534265, 22.2541483 ], [ 70.8534694, 22.254188 ], [ 70.8534694, 22.2542675 ], [ 70.8534265, 22.2543072 ], [ 70.8534265, 22.2544263 ], [ 70.8534694, 22.2544661 ], [ 70.8533835, 22.2545455 ], [ 70.8533835, 22.2546647 ], [ 70.8533406, 22.2547044 ], [ 70.8533406, 22.2549824 ], [ 70.8532119, 22.2551016 ], [ 70.853169, 22.2553399 ], [ 70.8529973, 22.2556576 ], [ 70.8529115, 22.2557371 ], [ 70.8527827, 22.2560151 ], [ 70.8526969, 22.2560945 ], [ 70.852654, 22.2562137 ], [ 70.852654, 22.2562931 ], [ 70.8525681, 22.2563725 ], [ 70.8525681, 22.2565314 ], [ 70.8522892, 22.2567499 ], [ 70.85186, 22.2567499 ], [ 70.8516884, 22.256869 ], [ 70.8515382, 22.25673 ], [ 70.8515382, 22.2566109 ], [ 70.8514309, 22.2565513 ], [ 70.8513665, 22.2566506 ], [ 70.8513665, 22.2568492 ], [ 70.8512807, 22.2569286 ], [ 70.8512378, 22.2570478 ], [ 70.8510661, 22.2572066 ], [ 70.8510661, 22.2572861 ], [ 70.8509803, 22.2574052 ], [ 70.8506799, 22.2576435 ], [ 70.8505297, 22.257862 ], [ 70.8502936, 22.2576832 ], [ 70.8502078, 22.2573655 ], [ 70.850122, 22.2572861 ], [ 70.8500791, 22.2570478 ], [ 70.849843, 22.2567499 ], [ 70.8494568, 22.2568293 ], [ 70.8494139, 22.256869 ], [ 70.8489418, 22.256869 ], [ 70.848856, 22.2567896 ], [ 70.8487272, 22.2567896 ], [ 70.8485985, 22.2566704 ], [ 70.8482981, 22.2567101 ], [ 70.8482552, 22.2566704 ], [ 70.8481693, 22.2566704 ], [ 70.8480406, 22.2567499 ], [ 70.8478475, 22.2566506 ], [ 70.8477187, 22.256452 ], [ 70.8477187, 22.2562931 ], [ 70.84759, 22.2561342 ], [ 70.84759, 22.2558959 ], [ 70.8476973, 22.2557966 ], [ 70.8477831, 22.2558364 ], [ 70.8478475, 22.2558165 ], [ 70.8477616, 22.2556179 ], [ 70.8477616, 22.2554987 ], [ 70.8476329, 22.2554193 ], [ 70.8476329, 22.2553399 ], [ 70.8479333, 22.2550618 ], [ 70.8478904, 22.2547838 ], [ 70.8479762, 22.2547044 ], [ 70.8479762, 22.2545455 ], [ 70.8478045, 22.2543866 ], [ 70.8478475, 22.2542675 ], [ 70.8478475, 22.2541086 ], [ 70.8477187, 22.2539497 ], [ 70.8477616, 22.2537511 ], [ 70.8474827, 22.2539696 ], [ 70.8473539, 22.2540093 ], [ 70.8471394, 22.2540093 ], [ 70.8470321, 22.25391 ], [ 70.8470321, 22.253632 ], [ 70.8469462, 22.2535923 ], [ 70.8469033, 22.2535128 ], [ 70.8469033, 22.2533937 ], [ 70.8469892, 22.2533142 ], [ 70.8469892, 22.2532348 ], [ 70.8472037, 22.2530362 ], [ 70.8472037, 22.2529567 ], [ 70.8471394, 22.2528972 ], [ 70.846839, 22.2528972 ], [ 70.8467531, 22.2528575 ], [ 70.8466887, 22.2526787 ], [ 70.8465385, 22.2525 ], [ 70.8464098, 22.2526589 ], [ 70.8462811, 22.2526191 ], [ 70.8461308, 22.2527582 ], [ 70.8461738, 22.2527979 ], [ 70.8461523, 22.2528575 ], [ 70.8460236, 22.2528575 ], [ 70.8459592, 22.2527979 ], [ 70.8459163, 22.2524404 ], [ 70.8459163, 22.2522418 ], [ 70.8459592, 22.2522021 ], [ 70.8459592, 22.2521226 ], [ 70.8458304, 22.2519638 ], [ 70.8458304, 22.2516857 ], [ 70.8459592, 22.2514871 ], [ 70.845809, 22.2514276 ], [ 70.8457875, 22.251368 ], [ 70.8459377, 22.2513481 ], [ 70.8460021, 22.2512885 ], [ 70.8457661, 22.251229 ], [ 70.8456802, 22.2513084 ], [ 70.8455944, 22.2513084 ], [ 70.84553, 22.251368 ], [ 70.8456588, 22.2515666 ], [ 70.8456373, 22.2516262 ], [ 70.84553, 22.2515666 ], [ 70.8455729, 22.2515269 ], [ 70.8455515, 22.2514673 ], [ 70.8453798, 22.2514673 ], [ 70.8452511, 22.2515467 ], [ 70.8452082, 22.251507 ], [ 70.8451223, 22.251507 ], [ 70.8451438, 22.2513283 ], [ 70.845058, 22.2512488 ], [ 70.8451867, 22.2511297 ], [ 70.8451867, 22.2508913 ], [ 70.8452296, 22.2508516 ], [ 70.8452296, 22.2507722 ], [ 70.8451653, 22.2507126 ], [ 70.845058, 22.2510105 ], [ 70.845058, 22.2510899 ], [ 70.8449721, 22.2512091 ], [ 70.8449721, 22.2514871 ], [ 70.8449078, 22.2515467 ], [ 70.8446503, 22.2515467 ], [ 70.8446074, 22.251507 ], [ 70.844543, 22.2515666 ], [ 70.844543, 22.2516857 ], [ 70.8444786, 22.2517453 ], [ 70.8444142, 22.2516857 ], [ 70.8443928, 22.251507 ], [ 70.8443069, 22.2515864 ], [ 70.8441782, 22.2515467 ], [ 70.8440924, 22.2517056 ], [ 70.8440065, 22.2516659 ], [ 70.8438993, 22.2517652 ], [ 70.8438993, 22.2519241 ], [ 70.8437061, 22.2521425 ], [ 70.8435559, 22.2521226 ], [ 70.8436847, 22.2522418 ], [ 70.8436418, 22.252361 ], [ 70.8437705, 22.2524801 ], [ 70.8437705, 22.252639 ], [ 70.8434701, 22.2528773 ], [ 70.8435559, 22.2529567 ], [ 70.8435988, 22.2530759 ], [ 70.8433628, 22.2530958 ], [ 70.8432341, 22.2529369 ], [ 70.8431697, 22.2529965 ], [ 70.8434272, 22.2531951 ], [ 70.8434272, 22.2532745 ], [ 70.8434916, 22.2533341 ], [ 70.8435345, 22.2533341 ], [ 70.8436847, 22.2534731 ], [ 70.8436847, 22.2535525 ], [ 70.8438993, 22.2537114 ], [ 70.8438993, 22.2543072 ], [ 70.8438134, 22.2544263 ], [ 70.8436203, 22.2544859 ], [ 70.8433628, 22.2543668 ], [ 70.8432984, 22.2544263 ], [ 70.8435988, 22.2546647 ], [ 70.843513, 22.2548633 ], [ 70.8435559, 22.254903 ], [ 70.8435559, 22.2549824 ], [ 70.8434701, 22.2550618 ], [ 70.843513, 22.2552207 ], [ 70.8432555, 22.255459 ], [ 70.8432555, 22.2556179 ], [ 70.8432126, 22.2556576 ], [ 70.8432126, 22.2558562 ], [ 70.8433414, 22.2559754 ], [ 70.8432126, 22.2562137 ], [ 70.8432555, 22.2567697 ], [ 70.8433843, 22.2569683 ], [ 70.8433843, 22.2571272 ], [ 70.8431482, 22.2570676 ], [ 70.8430624, 22.2570676 ], [ 70.842998, 22.2572463 ], [ 70.8429551, 22.2572861 ], [ 70.8429551, 22.2574052 ], [ 70.8427405, 22.2575641 ], [ 70.8427405, 22.2576832 ], [ 70.8426547, 22.2577627 ], [ 70.8427405, 22.2579215 ], [ 70.8427405, 22.2580804 ], [ 70.8426547, 22.2581996 ], [ 70.8426547, 22.2583584 ], [ 70.842483, 22.2584776 ], [ 70.842526, 22.2585967 ], [ 70.842483, 22.2586762 ], [ 70.842526, 22.2587159 ], [ 70.842526, 22.258835 ], [ 70.8423972, 22.2589145 ], [ 70.8423972, 22.2589939 ], [ 70.8423114, 22.2591131 ], [ 70.842526, 22.2592322 ], [ 70.8425689, 22.2593911 ], [ 70.8423543, 22.2596294 ], [ 70.8423972, 22.2597485 ], [ 70.8423543, 22.2597883 ], [ 70.8423543, 22.2599074 ], [ 70.8421612, 22.2601259 ], [ 70.8420539, 22.2601854 ], [ 70.8421826, 22.260384 ], [ 70.8421826, 22.2605429 ], [ 70.841732, 22.2606422 ], [ 70.8416677, 22.2607018 ], [ 70.8416247, 22.2608606 ], [ 70.8413243, 22.2611784 ], [ 70.8414102, 22.2613372 ], [ 70.84126, 22.2614762 ], [ 70.8411527, 22.2611386 ], [ 70.8408952, 22.2609401 ], [ 70.8408952, 22.2607415 ], [ 70.8410668, 22.2606223 ], [ 70.8410668, 22.2605826 ], [ 70.8409595, 22.260523 ], [ 70.8407879, 22.260523 ], [ 70.8406806, 22.2604634 ], [ 70.8405089, 22.260106 ], [ 70.8405089, 22.2600266 ], [ 70.8402944, 22.2597883 ], [ 70.8402944, 22.2596691 ], [ 70.8401656, 22.2594308 ], [ 70.8399081, 22.2592322 ], [ 70.8398223, 22.2591131 ], [ 70.8398223, 22.2589542 ], [ 70.839479, 22.2586762 ], [ 70.8394361, 22.258557 ], [ 70.8392859, 22.2584577 ], [ 70.8388567, 22.258696 ], [ 70.838728, 22.258696 ], [ 70.838685, 22.2587358 ], [ 70.8385563, 22.2587358 ], [ 70.8383846, 22.2586166 ], [ 70.8381915, 22.2583584 ], [ 70.8383203, 22.2581996 ], [ 70.8382773, 22.258001 ], [ 70.8381915, 22.2579215 ], [ 70.8381915, 22.2578421 ], [ 70.8381271, 22.2577428 ], [ 70.8381057, 22.2578421 ], [ 70.8381057, 22.258001 ], [ 70.8381486, 22.2580804 ], [ 70.8380198, 22.2581996 ], [ 70.8378482, 22.2584776 ], [ 70.8378482, 22.2586762 ], [ 70.8377194, 22.2587556 ], [ 70.8377194, 22.2589939 ], [ 70.8375692, 22.2591726 ], [ 70.8374405, 22.2592521 ], [ 70.8373547, 22.2592521 ], [ 70.837183, 22.2594109 ], [ 70.8369684, 22.2594109 ], [ 70.8368611, 22.2593117 ], [ 70.8368182, 22.2592322 ], [ 70.8368182, 22.2591131 ], [ 70.8367538, 22.2590535 ], [ 70.8366251, 22.2592124 ], [ 70.8363676, 22.2592521 ], [ 70.8361101, 22.2594904 ], [ 70.8359814, 22.2594904 ], [ 70.8355951, 22.2591329 ], [ 70.8355308, 22.2591925 ], [ 70.835917, 22.25955 ], [ 70.835917, 22.2596294 ], [ 70.8361316, 22.2597883 ], [ 70.8360887, 22.2599471 ], [ 70.8362174, 22.2601457 ], [ 70.8362174, 22.2605429 ], [ 70.835917, 22.2607812 ], [ 70.835917, 22.2608606 ], [ 70.8361745, 22.2611386 ], [ 70.8361745, 22.2613769 ], [ 70.8362603, 22.2614961 ], [ 70.8362603, 22.2617741 ], [ 70.836153, 22.2618337 ], [ 70.8360243, 22.2617542 ], [ 70.8357239, 22.2619925 ], [ 70.8355093, 22.2619925 ], [ 70.8354235, 22.2619528 ], [ 70.8353162, 22.2620521 ], [ 70.8353162, 22.2625287 ], [ 70.8351874, 22.2626876 ], [ 70.8352304, 22.2628464 ], [ 70.8353591, 22.2629656 ], [ 70.8353591, 22.263045 ], [ 70.8354235, 22.2631046 ], [ 70.8354664, 22.2630649 ], [ 70.8355522, 22.2630649 ], [ 70.8356166, 22.2631245 ], [ 70.8354878, 22.2632833 ], [ 70.8355737, 22.2634025 ], [ 70.8356166, 22.2635613 ], [ 70.8356166, 22.2637599 ], [ 70.8357453, 22.2639585 ], [ 70.8357453, 22.2640776 ], [ 70.8355522, 22.2642166 ], [ 70.8353806, 22.2642166 ], [ 70.835166, 22.2643358 ], [ 70.8349943, 22.2643755 ], [ 70.8346725, 22.2647131 ], [ 70.8345437, 22.2649911 ], [ 70.8343291, 22.2651897 ], [ 70.8343291, 22.2653088 ], [ 70.834415, 22.2655868 ], [ 70.8345008, 22.2658251 ], [ 70.8345866, 22.2659443 ], [ 70.8345866, 22.2659968 ], [ 70.8345866, 22.2660634 ], [ 70.8346725, 22.2661826 ], [ 70.8349729, 22.267096 ], [ 70.8351445, 22.2674137 ], [ 70.835402, 22.2681683 ], [ 70.835402, 22.2682477 ], [ 70.8354878, 22.2683669 ], [ 70.8355737, 22.2686846 ], [ 70.8356166, 22.2687243 ], [ 70.8356166, 22.2688435 ], [ 70.8357024, 22.2689626 ], [ 70.8357024, 22.2690818 ], [ 70.8358741, 22.26932 ], [ 70.8358741, 22.2695186 ], [ 70.8360028, 22.2697966 ], [ 70.8360028, 22.269876 ], [ 70.8361745, 22.2702335 ], [ 70.8363461, 22.2705115 ], [ 70.8366036, 22.2707498 ], [ 70.8366466, 22.2708292 ], [ 70.8366466, 22.2709086 ], [ 70.8367324, 22.2710278 ], [ 70.8370543, 22.2711667 ], [ 70.8372688, 22.271405 ], [ 70.8373117, 22.271405 ], [ 70.8375049, 22.2715837 ], [ 70.8375478, 22.2717029 ], [ 70.8377838, 22.2718816 ], [ 70.8378696, 22.2718419 ], [ 70.8379769, 22.2718617 ], [ 70.8380198, 22.2720603 ], [ 70.8381486, 22.2721397 ], [ 70.8381057, 22.2724177 ], [ 70.8380198, 22.2725369 ], [ 70.8380628, 22.272934 ], [ 70.8380198, 22.2729737 ], [ 70.8381057, 22.2730929 ], [ 70.8381057, 22.273212 ], [ 70.8382773, 22.2733311 ], [ 70.8383632, 22.2734503 ], [ 70.8383632, 22.2736488 ], [ 70.8385134, 22.2737084 ], [ 70.8384919, 22.2735297 ], [ 70.838449, 22.2733709 ], [ 70.8384919, 22.273212 ], [ 70.8386207, 22.2730531 ], [ 70.8385777, 22.2729737 ], [ 70.8386207, 22.2728943 ], [ 70.8385777, 22.2727354 ], [ 70.8386207, 22.2726957 ], [ 70.8386207, 22.2726163 ], [ 70.8385777, 22.2725766 ], [ 70.8385777, 22.2722192 ], [ 70.8386207, 22.2719809 ], [ 70.8387065, 22.271822 ], [ 70.8387065, 22.271544 ], [ 70.8387494, 22.2715043 ], [ 70.8387494, 22.2714249 ], [ 70.8388352, 22.271266 ], [ 70.838964, 22.2711469 ], [ 70.8390069, 22.2710278 ], [ 70.8392429, 22.2708093 ], [ 70.8393288, 22.270849 ], [ 70.8393931, 22.2707895 ], [ 70.839479, 22.2706703 ], [ 70.8395648, 22.2704718 ], [ 70.8398008, 22.2702533 ], [ 70.8398867, 22.2703328 ], [ 70.8399725, 22.2703328 ], [ 70.8402514, 22.2699555 ], [ 70.8403587, 22.2698562 ], [ 70.8404446, 22.2698562 ], [ 70.8405304, 22.2697768 ], [ 70.8407021, 22.2698959 ], [ 70.8407879, 22.2698959 ], [ 70.8408737, 22.270015 ], [ 70.8410025, 22.2699356 ], [ 70.8411312, 22.2699356 ], [ 70.84126, 22.2698562 ], [ 70.8413672, 22.269876 ], [ 70.8413672, 22.2699952 ], [ 70.8411956, 22.2702732 ], [ 70.841217, 22.2703725 ], [ 70.8414316, 22.270293 ], [ 70.8415604, 22.2703328 ], [ 70.8416462, 22.270293 ], [ 70.8417106, 22.2702335 ], [ 70.8417106, 22.2699555 ], [ 70.8418179, 22.2698959 ], [ 70.8420539, 22.2701938 ], [ 70.8420539, 22.2703129 ], [ 70.8421397, 22.2703923 ], [ 70.8421397, 22.2706306 ], [ 70.8421826, 22.2706703 ], [ 70.8421397, 22.27071 ], [ 70.8422685, 22.2708292 ], [ 70.8422685, 22.2709086 ], [ 70.8420753, 22.2709682 ], [ 70.8417749, 22.2706505 ], [ 70.8416462, 22.2706505 ], [ 70.8414531, 22.2707895 ], [ 70.8414102, 22.2712263 ], [ 70.8416891, 22.2712859 ], [ 70.8418608, 22.2713653 ], [ 70.8420753, 22.2713653 ], [ 70.8422041, 22.2712065 ], [ 70.8422685, 22.2712263 ], [ 70.8422256, 22.2718617 ], [ 70.8421397, 22.2719412 ], [ 70.8421397, 22.2722192 ], [ 70.8421826, 22.2722589 ], [ 70.8421826, 22.272378 ], [ 70.842011, 22.2724972 ], [ 70.842011, 22.2725369 ], [ 70.8420968, 22.2729737 ], [ 70.8420539, 22.2730531 ], [ 70.8421826, 22.2731723 ], [ 70.8421397, 22.2732517 ], [ 70.8422685, 22.2732914 ], [ 70.8421826, 22.2733709 ], [ 70.8422256, 22.2736091 ], [ 70.8422685, 22.2736488 ], [ 70.8422685, 22.2738077 ], [ 70.8423114, 22.2738474 ], [ 70.8422256, 22.2739666 ], [ 70.8422256, 22.2740857 ], [ 70.8423328, 22.2741055 ], [ 70.8424187, 22.2739467 ], [ 70.8425045, 22.2738276 ], [ 70.8425474, 22.2738276 ] ], [ [ 70.8478475, 22.2569286 ], [ 70.8479977, 22.2568293 ], [ 70.848105, 22.2568492 ], [ 70.8481479, 22.2569286 ], [ 70.848062, 22.257008 ], [ 70.848062, 22.2571272 ], [ 70.8479548, 22.2571868 ], [ 70.8478475, 22.2570875 ], [ 70.8478475, 22.2569286 ] ], [ [ 70.8476543, 22.2572265 ], [ 70.8475471, 22.2571669 ], [ 70.8475256, 22.2571073 ], [ 70.8474612, 22.2570478 ], [ 70.8474827, 22.2569485 ], [ 70.8476329, 22.2570478 ], [ 70.8476758, 22.2571272 ], [ 70.8476543, 22.2572265 ] ], [ [ 70.8498216, 22.2577627 ], [ 70.8498859, 22.2577031 ], [ 70.8499718, 22.2577031 ], [ 70.8500576, 22.2577825 ], [ 70.8500791, 22.2578818 ], [ 70.8499718, 22.2580208 ], [ 70.8498859, 22.2580208 ], [ 70.8497787, 22.2579215 ], [ 70.8498216, 22.2578421 ], [ 70.8498216, 22.2577627 ] ], [ [ 70.8404231, 22.2624096 ], [ 70.8403158, 22.2625089 ], [ 70.8402514, 22.2626081 ], [ 70.8401442, 22.2627074 ], [ 70.8399725, 22.2627074 ], [ 70.8399081, 22.2626479 ], [ 70.8399081, 22.2624493 ], [ 70.839994, 22.2623301 ], [ 70.839994, 22.2621315 ], [ 70.8401442, 22.2619925 ], [ 70.8403158, 22.2619925 ], [ 70.8404231, 22.2621713 ], [ 70.8404231, 22.2624096 ] ], [ [ 70.8411312, 22.2679896 ], [ 70.8411527, 22.2680889 ], [ 70.8410454, 22.2682279 ], [ 70.840981, 22.2683669 ], [ 70.8408093, 22.2686052 ], [ 70.8407021, 22.2686648 ], [ 70.8405948, 22.2686052 ], [ 70.8405948, 22.2685258 ], [ 70.840981, 22.268208 ], [ 70.840981, 22.2681286 ], [ 70.8411312, 22.2679896 ] ], [ [ 70.8495855, 22.2714447 ], [ 70.8495641, 22.2713852 ], [ 70.8496284, 22.2712462 ], [ 70.8498001, 22.2712462 ], [ 70.8498216, 22.271266 ], [ 70.8498216, 22.2713057 ], [ 70.8496284, 22.2713653 ], [ 70.8495855, 22.2714447 ] ], [ [ 70.8499932, 22.2585967 ], [ 70.8502078, 22.258279 ], [ 70.8503151, 22.2582194 ], [ 70.8503795, 22.258279 ], [ 70.8504224, 22.2584379 ], [ 70.8504224, 22.2587159 ], [ 70.8505082, 22.258835 ], [ 70.8505082, 22.2589542 ], [ 70.8504653, 22.2590733 ], [ 70.8502507, 22.2592719 ], [ 70.8502507, 22.2594705 ], [ 70.8501863, 22.2595301 ], [ 70.8500361, 22.2594308 ], [ 70.850122, 22.2593514 ], [ 70.850122, 22.2592719 ], [ 70.8500147, 22.2591726 ], [ 70.8497143, 22.2591329 ], [ 70.8495855, 22.2592521 ], [ 70.8494997, 22.2592521 ], [ 70.8494782, 22.2590733 ], [ 70.849607, 22.2588748 ], [ 70.8497143, 22.2588549 ], [ 70.8497787, 22.2587953 ], [ 70.8498859, 22.2586166 ], [ 70.8499932, 22.2585967 ] ], [ [ 70.8510232, 22.2593117 ], [ 70.8510661, 22.2593117 ], [ 70.8510661, 22.2593911 ], [ 70.8511734, 22.2594109 ], [ 70.8512378, 22.2595102 ], [ 70.8510447, 22.2596492 ], [ 70.8510232, 22.2596294 ], [ 70.8509803, 22.2595102 ], [ 70.8510661, 22.2594308 ], [ 70.8510232, 22.2593911 ], [ 70.8510232, 22.2593117 ] ], [ [ 70.8587265, 22.2613174 ], [ 70.8586407, 22.2613571 ], [ 70.8585978, 22.2614365 ], [ 70.858469, 22.2613968 ], [ 70.8584261, 22.2613968 ], [ 70.8583617, 22.2613372 ], [ 70.8583617, 22.2611784 ], [ 70.8584261, 22.2611188 ], [ 70.8585119, 22.2611188 ], [ 70.8587265, 22.2612379 ], [ 70.8588123, 22.2612379 ], [ 70.8588767, 22.2612975 ], [ 70.8588123, 22.2613571 ], [ 70.8587265, 22.2613174 ] ], [ [ 70.8585119, 22.262628 ], [ 70.8584476, 22.2626479 ], [ 70.8583832, 22.262628 ], [ 70.8583617, 22.2626081 ], [ 70.8583832, 22.2624691 ], [ 70.8585548, 22.2625486 ], [ 70.8586836, 22.2624691 ], [ 70.8587909, 22.2625287 ], [ 70.8585978, 22.2626677 ], [ 70.8585119, 22.262628 ] ], [ [ 70.8575463, 22.269598 ], [ 70.857482, 22.2696973 ], [ 70.857439, 22.2696973 ], [ 70.8574605, 22.2698363 ], [ 70.857439, 22.2698562 ], [ 70.8573532, 22.2698562 ], [ 70.8573103, 22.2698165 ], [ 70.8571601, 22.2697966 ], [ 70.857203, 22.2697172 ], [ 70.857203, 22.269598 ], [ 70.8573103, 22.269459 ], [ 70.8575463, 22.269598 ] ], [ [ 70.8559585, 22.271822 ], [ 70.8558941, 22.2719213 ], [ 70.8558726, 22.2719015 ], [ 70.8557653, 22.2718419 ], [ 70.8557439, 22.2717823 ], [ 70.8558083, 22.2717227 ], [ 70.8559585, 22.271822 ] ] ] } },
{ "type": "Feature", "properties": { "element": "relation", "id": 1915481, "waterway": null }, "geometry": { "type": "Polygon", "coordinates": [ [ [ 70.8345437, 22.3488057 ], [ 70.8345437, 22.3486866 ], [ 70.834372, 22.3484881 ], [ 70.834372, 22.3483691 ], [ 70.8345437, 22.34825 ], [ 70.8345437, 22.3482103 ], [ 70.8344364, 22.3481111 ], [ 70.8343077, 22.3482698 ], [ 70.8342004, 22.34825 ], [ 70.8341789, 22.3481904 ], [ 70.8341146, 22.3482103 ], [ 70.8341146, 22.3486072 ], [ 70.8339858, 22.3488454 ], [ 70.8340716, 22.3489644 ], [ 70.8339429, 22.3490438 ], [ 70.8339429, 22.3491629 ], [ 70.8338571, 22.3492423 ], [ 70.8338571, 22.3493217 ], [ 70.8337069, 22.3495797 ], [ 70.8335996, 22.3495201 ], [ 70.8337283, 22.3494407 ], [ 70.8336854, 22.3493614 ], [ 70.8336854, 22.349282 ], [ 70.8338141, 22.3491232 ], [ 70.8338141, 22.3490438 ], [ 70.8337498, 22.349024 ], [ 70.8336425, 22.3491232 ], [ 70.8335996, 22.3493217 ], [ 70.8335137, 22.349401 ], [ 70.8335137, 22.3495201 ], [ 70.8335567, 22.3495598 ], [ 70.8334923, 22.34954 ], [ 70.8332992, 22.3497583 ], [ 70.8332562, 22.3498377 ], [ 70.8332562, 22.3499964 ], [ 70.8331275, 22.3501155 ], [ 70.8329129, 22.3505124 ], [ 70.8329558, 22.3507903 ], [ 70.8331919, 22.3506513 ], [ 70.8334923, 22.3507704 ], [ 70.833621, 22.3507704 ], [ 70.8337069, 22.3511276 ], [ 70.8338785, 22.3511276 ], [ 70.834136, 22.3509292 ], [ 70.8346081, 22.3509292 ], [ 70.834651, 22.3509689 ], [ 70.8348227, 22.3509689 ], [ 70.8348656, 22.3509292 ], [ 70.8350801, 22.3509292 ], [ 70.8351231, 22.3509689 ], [ 70.8353376, 22.3509689 ], [ 70.8355093, 22.3510086 ], [ 70.8355522, 22.3510482 ], [ 70.835681, 22.3510482 ], [ 70.8358312, 22.3512269 ], [ 70.8358312, 22.3513062 ], [ 70.8359599, 22.3514253 ], [ 70.8359599, 22.3516635 ], [ 70.8358741, 22.3518222 ], [ 70.8360457, 22.351981 ], [ 70.8360672, 22.3521993 ], [ 70.8361745, 22.3520207 ], [ 70.8360457, 22.3518619 ], [ 70.8361101, 22.3518024 ], [ 70.8362603, 22.3518619 ], [ 70.8363032, 22.351981 ], [ 70.8362603, 22.3520207 ], [ 70.8363247, 22.3520802 ], [ 70.8364534, 22.3520802 ], [ 70.8365607, 22.3519016 ], [ 70.8364534, 22.3518024 ], [ 70.8363247, 22.3518024 ], [ 70.8362174, 22.3517031 ], [ 70.8363247, 22.3515245 ], [ 70.836432, 22.3515047 ], [ 70.8363891, 22.3513856 ], [ 70.8364964, 22.3513658 ], [ 70.8366466, 22.3516635 ], [ 70.8366036, 22.3517428 ], [ 70.8366895, 22.3518619 ], [ 70.8367968, 22.3519214 ], [ 70.8368397, 22.3518818 ], [ 70.8369255, 22.3518818 ], [ 70.8370328, 22.3519413 ], [ 70.8370757, 22.3520207 ], [ 70.836947, 22.3521397 ], [ 70.8369899, 22.3522191 ], [ 70.8370028, 22.3522665 ], [ 70.8370757, 22.3523779 ], [ 70.8371186, 22.3521794 ], [ 70.8372903, 22.3520604 ], [ 70.8372474, 22.3520207 ], [ 70.8373117, 22.3519611 ], [ 70.8375478, 22.3520604 ], [ 70.8375478, 22.3522191 ], [ 70.8376122, 22.3522787 ], [ 70.8378267, 22.3522787 ], [ 70.8378482, 22.3524176 ], [ 70.837934, 22.3525367 ], [ 70.8382344, 22.3526954 ], [ 70.8382344, 22.3528145 ], [ 70.838449, 22.3530129 ], [ 70.8384705, 22.3532709 ], [ 70.838685, 22.3535885 ], [ 70.8389211, 22.353648 ], [ 70.8388782, 22.3537274 ], [ 70.8388782, 22.3538068 ], [ 70.8390069, 22.3538861 ], [ 70.8392859, 22.3539854 ], [ 70.8394575, 22.3541441 ], [ 70.8395004, 22.3541441 ], [ 70.8398008, 22.3539457 ], [ 70.8398438, 22.354025 ], [ 70.8400154, 22.354025 ], [ 70.8400154, 22.3539457 ], [ 70.8400154, 22.3538663 ], [ 70.8398438, 22.3538663 ], [ 70.8398223, 22.3536877 ], [ 70.8400154, 22.3537075 ], [ 70.8398438, 22.3534694 ], [ 70.8396721, 22.3533503 ], [ 70.8395433, 22.3533503 ], [ 70.8393288, 22.3531915 ], [ 70.8392, 22.3532709 ], [ 70.8391356, 22.3530129 ], [ 70.8392215, 22.3528939 ], [ 70.8391142, 22.3528343 ], [ 70.8390713, 22.352874 ], [ 70.8390069, 22.3528542 ], [ 70.8390498, 22.3527351 ], [ 70.8390069, 22.3526954 ], [ 70.8390069, 22.352616 ], [ 70.8388567, 22.3524771 ], [ 70.8385992, 22.352358 ], [ 70.8384275, 22.3521596 ], [ 70.8382773, 22.3520604 ], [ 70.8382773, 22.351981 ], [ 70.8380413, 22.3518421 ], [ 70.837698, 22.3514848 ], [ 70.8376122, 22.3514452 ], [ 70.8375263, 22.3514452 ], [ 70.837419, 22.3513459 ], [ 70.8373761, 22.3510681 ], [ 70.8376122, 22.3509292 ], [ 70.8377838, 22.3509292 ], [ 70.8378267, 22.3509689 ], [ 70.8379126, 22.3508498 ], [ 70.8381701, 22.3508498 ], [ 70.8382988, 22.3509689 ], [ 70.8385134, 22.3509689 ], [ 70.838685, 22.3510879 ], [ 70.8390284, 22.3511276 ], [ 70.8390927, 22.3510284 ], [ 70.8390498, 22.3509887 ], [ 70.8390498, 22.3509093 ], [ 70.838728, 22.3507307 ], [ 70.8385992, 22.3506116 ], [ 70.8383417, 22.3504926 ], [ 70.8382559, 22.3504926 ], [ 70.8381915, 22.3503933 ], [ 70.8382559, 22.3503338 ], [ 70.8385563, 22.3501353 ], [ 70.8386421, 22.350175 ], [ 70.838728, 22.350175 ], [ 70.8389854, 22.3499766 ], [ 70.8392, 22.3499766 ], [ 70.8396292, 22.3497781 ], [ 70.8398438, 22.3498575 ], [ 70.8399296, 22.3498575 ], [ 70.8400154, 22.3497384 ], [ 70.8401871, 22.349659 ], [ 70.840745, 22.3495797 ], [ 70.8408737, 22.3495003 ], [ 70.841217, 22.3495003 ], [ 70.841217, 22.3494209 ], [ 70.8411312, 22.3494209 ], [ 70.8410668, 22.3493614 ], [ 70.8412602, 22.3492561 ], [ 70.8411312, 22.3492224 ], [ 70.8409166, 22.3494209 ], [ 70.8407879, 22.3493812 ], [ 70.8407021, 22.3494209 ], [ 70.8405948, 22.349401 ], [ 70.8406806, 22.349282 ], [ 70.8406806, 22.3492026 ], [ 70.8406162, 22.3491827 ], [ 70.8405519, 22.3493217 ], [ 70.8404446, 22.3493812 ], [ 70.8399296, 22.3493812 ], [ 70.8398438, 22.3494209 ], [ 70.8398652, 22.3492423 ], [ 70.8398223, 22.3492026 ], [ 70.8398223, 22.3490041 ], [ 70.8397579, 22.3489446 ], [ 70.8395863, 22.3489446 ], [ 70.8395433, 22.3488652 ], [ 70.8395004, 22.3488652 ], [ 70.8394575, 22.3489843 ], [ 70.8397365, 22.3490438 ], [ 70.8395863, 22.3491034 ], [ 70.839479, 22.3492026 ], [ 70.8395648, 22.349282 ], [ 70.8395433, 22.3493415 ], [ 70.8392429, 22.3494606 ], [ 70.8390713, 22.3494606 ], [ 70.8389425, 22.3493812 ], [ 70.8388352, 22.3495201 ], [ 70.8388138, 22.3496987 ], [ 70.8385134, 22.3498575 ], [ 70.8382988, 22.3498972 ], [ 70.838213, 22.3499766 ], [ 70.8380413, 22.3500163 ], [ 70.8383632, 22.3494804 ], [ 70.8385134, 22.3493415 ], [ 70.8385992, 22.3493018 ], [ 70.838685, 22.3493018 ], [ 70.8387923, 22.3492026 ], [ 70.8387923, 22.3490835 ], [ 70.8388782, 22.3489644 ], [ 70.8389211, 22.3488057 ], [ 70.8391786, 22.3486072 ], [ 70.8389854, 22.3485874 ], [ 70.8390069, 22.3484088 ], [ 70.8389425, 22.3483889 ], [ 70.8388782, 22.3486072 ], [ 70.8387494, 22.3487263 ], [ 70.8387923, 22.3488454 ], [ 70.8386421, 22.3489843 ], [ 70.8383846, 22.3489446 ], [ 70.8383203, 22.3488851 ], [ 70.8383846, 22.3487461 ], [ 70.8384705, 22.3488652 ], [ 70.8386207, 22.3488454 ], [ 70.8385348, 22.3487263 ], [ 70.8385348, 22.3486072 ], [ 70.8387494, 22.3484484 ], [ 70.8387065, 22.3483691 ], [ 70.8387923, 22.34825 ], [ 70.8387494, 22.3480912 ], [ 70.8387923, 22.3480515 ], [ 70.838728, 22.347992 ], [ 70.8386421, 22.347992 ], [ 70.8385348, 22.3478531 ], [ 70.8385992, 22.3478729 ], [ 70.8386636, 22.3477737 ], [ 70.8387065, 22.3475355 ], [ 70.8383846, 22.3475157 ], [ 70.8383417, 22.347476 ], [ 70.8382344, 22.3476149 ], [ 70.8380628, 22.3477737 ], [ 70.8380198, 22.3478531 ], [ 70.8380198, 22.3479325 ], [ 70.8379555, 22.347992 ], [ 70.8378267, 22.3479126 ], [ 70.8377409, 22.347992 ], [ 70.8376551, 22.3479523 ], [ 70.837419, 22.3481706 ], [ 70.837419, 22.3483294 ], [ 70.8373332, 22.3484484 ], [ 70.8373761, 22.3486072 ], [ 70.8373761, 22.348766 ], [ 70.8376122, 22.3487858 ], [ 70.8376765, 22.3488454 ], [ 70.8376765, 22.3490438 ], [ 70.8378267, 22.3491827 ], [ 70.8379984, 22.3492621 ], [ 70.8380413, 22.3492224 ], [ 70.8382773, 22.3492423 ], [ 70.8380628, 22.349401 ], [ 70.8380198, 22.3495201 ], [ 70.837934, 22.3495995 ], [ 70.8378053, 22.3498377 ], [ 70.8378053, 22.3499567 ], [ 70.8377409, 22.3500163 ], [ 70.8376551, 22.3500163 ], [ 70.8375692, 22.3500957 ], [ 70.8375907, 22.3499567 ], [ 70.8375478, 22.349917 ], [ 70.8375478, 22.3497583 ], [ 70.8374834, 22.3496987 ], [ 70.8373976, 22.3496987 ], [ 70.8372903, 22.3495995 ], [ 70.8375049, 22.3493217 ], [ 70.8374834, 22.3492621 ], [ 70.8370543, 22.349659 ], [ 70.8369684, 22.349659 ], [ 70.8371186, 22.3494804 ], [ 70.8371615, 22.349401 ], [ 70.8369899, 22.3492423 ], [ 70.8369684, 22.3490637 ], [ 70.8368182, 22.3490438 ], [ 70.8368611, 22.349282 ], [ 70.8367109, 22.3493415 ], [ 70.836432, 22.3491629 ], [ 70.8367538, 22.3489049 ], [ 70.836947, 22.3488851 ], [ 70.836947, 22.3488454 ], [ 70.8367968, 22.3487064 ], [ 70.836668, 22.3488255 ], [ 70.8365393, 22.3487461 ], [ 70.8363676, 22.3487461 ], [ 70.8363676, 22.3488255 ], [ 70.836432, 22.3488454 ], [ 70.8364105, 22.3489049 ], [ 70.8363247, 22.3488255 ], [ 70.8360243, 22.3487858 ], [ 70.8360887, 22.3486469 ], [ 70.8360243, 22.3485874 ], [ 70.8359385, 22.3486271 ], [ 70.8358955, 22.3485874 ], [ 70.8357239, 22.3485874 ], [ 70.8357882, 22.348766 ], [ 70.8355093, 22.3490637 ], [ 70.8348656, 22.3491431 ], [ 70.8346939, 22.3490637 ], [ 70.8345652, 22.3488255 ], [ 70.8345437, 22.3488057 ] ], [ [ 70.837934, 22.3484881 ], [ 70.8378911, 22.3484088 ], [ 70.8379769, 22.3481309 ], [ 70.8380413, 22.3480714 ], [ 70.8380628, 22.3480912 ], [ 70.8382344, 22.3482897 ], [ 70.8382344, 22.3483691 ], [ 70.8381915, 22.3484881 ], [ 70.8380628, 22.3485675 ], [ 70.8381057, 22.3486866 ], [ 70.8380413, 22.3487461 ], [ 70.8379769, 22.3486866 ], [ 70.837934, 22.3484881 ] ], [ [ 70.8377624, 22.3489247 ], [ 70.8377624, 22.3488454 ], [ 70.8378053, 22.348766 ], [ 70.837934, 22.348766 ], [ 70.837934, 22.3488851 ], [ 70.8378267, 22.3489843 ], [ 70.8377624, 22.3489247 ] ], [ [ 70.8362174, 22.3493614 ], [ 70.8362603, 22.349282 ], [ 70.8363247, 22.3492224 ], [ 70.8363891, 22.349282 ], [ 70.8363247, 22.3493415 ], [ 70.8362389, 22.3493812 ], [ 70.8362174, 22.3493614 ] ], [ [ 70.8395004, 22.3494606 ], [ 70.8398438, 22.3494606 ], [ 70.8398223, 22.3495201 ], [ 70.839715, 22.3495797 ], [ 70.8395863, 22.3495797 ], [ 70.8395433, 22.34954 ], [ 70.8394575, 22.3495797 ], [ 70.8393502, 22.3495598 ], [ 70.8395004, 22.3494606 ] ], [ [ 70.8373117, 22.3500163 ], [ 70.8368826, 22.3499766 ], [ 70.8368826, 22.3498575 ], [ 70.8369255, 22.3498178 ], [ 70.8370543, 22.3498178 ], [ 70.8372688, 22.3498972 ], [ 70.8373332, 22.3499567 ], [ 70.8373117, 22.3500163 ] ], [ [ 70.8364105, 22.3506513 ], [ 70.8364749, 22.3507506 ], [ 70.8365822, 22.3508101 ], [ 70.8366466, 22.3508696 ], [ 70.8366466, 22.3509887 ], [ 70.8365822, 22.3510086 ], [ 70.8365607, 22.350949 ], [ 70.8364105, 22.3508101 ], [ 70.8363461, 22.3507903 ], [ 70.8364105, 22.3506513 ] ], [ [ 70.8395433, 22.3539457 ], [ 70.8395219, 22.3538464 ], [ 70.8394575, 22.3537472 ], [ 70.8393931, 22.353648 ], [ 70.8394146, 22.3535885 ], [ 70.8394575, 22.3535885 ], [ 70.8397365, 22.3538464 ], [ 70.8395433, 22.3539457 ] ] ] } },
{ "type": "Feature", "properties": { "element": "relation", "id": 1915485, "waterway": null }, "geometry": { "type": "Polygon", "coordinates": [ [ [ 70.8565593, 22.3193909 ], [ 70.8567953, 22.3193314 ], [ 70.8568597, 22.3192718 ], [ 70.8568597, 22.3191527 ], [ 70.8569455, 22.3190733 ], [ 70.8567524, 22.3190535 ], [ 70.8567095, 22.3190138 ], [ 70.8565378, 22.3190535 ], [ 70.856452, 22.3191329 ], [ 70.8562803, 22.3191329 ], [ 70.8563018, 22.3190336 ], [ 70.8562803, 22.3189741 ], [ 70.8561087, 22.3189741 ], [ 70.8560443, 22.3191924 ], [ 70.8560872, 22.3192718 ], [ 70.8559155, 22.3193115 ], [ 70.8559155, 22.31951 ], [ 70.8558297, 22.3196291 ], [ 70.8556366, 22.3198078 ], [ 70.8554649, 22.3198475 ], [ 70.855422, 22.3199666 ], [ 70.8553576, 22.3198276 ], [ 70.8552504, 22.3197681 ], [ 70.8551216, 22.3198872 ], [ 70.85495, 22.3198475 ], [ 70.8546066, 22.3201254 ], [ 70.854435, 22.3200857 ], [ 70.8540487, 22.3200857 ], [ 70.8536625, 22.3202445 ], [ 70.8532333, 22.3202445 ], [ 70.8531904, 22.3202842 ], [ 70.8528042, 22.3202842 ], [ 70.8526754, 22.3202048 ], [ 70.8525038, 22.3202048 ], [ 70.8523321, 22.3202842 ], [ 70.8515167, 22.3202445 ], [ 70.8512592, 22.3200063 ], [ 70.8511305, 22.3200063 ], [ 70.8510876, 22.3199666 ], [ 70.8510017, 22.3199666 ], [ 70.8508086, 22.3201452 ], [ 70.8507657, 22.3205819 ], [ 70.8507228, 22.3206216 ], [ 70.8507228, 22.3212568 ], [ 70.8508086, 22.3213759 ], [ 70.8507228, 22.3214156 ], [ 70.8507228, 22.3215347 ], [ 70.8508301, 22.3217134 ], [ 70.8510876, 22.3217531 ], [ 70.8512592, 22.321634 ], [ 70.8514309, 22.321634 ], [ 70.8516026, 22.3218325 ], [ 70.8516884, 22.3218325 ], [ 70.8517313, 22.3218722 ], [ 70.8520317, 22.3218325 ], [ 70.8520746, 22.3217928 ], [ 70.8523321, 22.3217928 ], [ 70.8524179, 22.3218722 ], [ 70.8525467, 22.3218325 ], [ 70.8527613, 22.3218325 ], [ 70.8528042, 22.3218722 ], [ 70.8529329, 22.3218722 ], [ 70.853126, 22.3220905 ], [ 70.853126, 22.3222096 ], [ 70.8532977, 22.3223684 ], [ 70.8532977, 22.3224478 ], [ 70.8535981, 22.3226463 ], [ 70.8537054, 22.322825 ], [ 70.8538985, 22.3228051 ], [ 70.8538985, 22.322686 ], [ 70.8539844, 22.3226066 ], [ 70.8539414, 22.3223287 ], [ 70.8538556, 22.322289 ], [ 70.85392, 22.3219913 ], [ 70.8543062, 22.322031 ], [ 70.8543491, 22.3219913 ], [ 70.8545637, 22.3219516 ], [ 70.8546495, 22.322031 ], [ 70.8547783, 22.322031 ], [ 70.854907, 22.3219516 ], [ 70.85495, 22.3219913 ], [ 70.8549285, 22.3218523 ], [ 70.8551216, 22.3217531 ], [ 70.8554649, 22.3219913 ], [ 70.8555937, 22.3219913 ], [ 70.8556366, 22.322031 ], [ 70.855937, 22.322031 ], [ 70.8560658, 22.3219913 ], [ 70.8561301, 22.3218523 ], [ 70.8561945, 22.3218325 ], [ 70.8563447, 22.3219317 ], [ 70.8563876, 22.3220111 ], [ 70.8563876, 22.3221302 ], [ 70.8564305, 22.3221699 ], [ 70.8564305, 22.322289 ], [ 70.8565164, 22.3224478 ], [ 70.8565164, 22.3225272 ], [ 70.856688, 22.3226463 ], [ 70.8566022, 22.3228845 ], [ 70.8566666, 22.3229441 ], [ 70.8568168, 22.3228051 ], [ 70.8568168, 22.3226066 ], [ 70.8568597, 22.3225669 ], [ 70.8568168, 22.3224081 ], [ 70.8570743, 22.3221302 ], [ 70.8571601, 22.3219714 ], [ 70.8573747, 22.3217729 ], [ 70.8573961, 22.3215943 ], [ 70.8575678, 22.3217531 ], [ 70.8582734, 22.321769 ], [ 70.8586683, 22.3213063 ], [ 70.8582555, 22.3202425 ], [ 70.8577394, 22.3195299 ], [ 70.8576107, 22.3192917 ], [ 70.8575249, 22.3193314 ], [ 70.857439, 22.3192123 ], [ 70.8573961, 22.3192123 ], [ 70.8573103, 22.3192917 ], [ 70.8572459, 22.3192321 ], [ 70.8572245, 22.3190932 ], [ 70.8571601, 22.3191924 ], [ 70.8572459, 22.3193115 ], [ 70.8572245, 22.3194108 ], [ 70.8571815, 22.3193314 ], [ 70.8571386, 22.3194505 ], [ 70.8567953, 22.3194505 ], [ 70.8567309, 22.3195497 ], [ 70.8566236, 22.3194902 ], [ 70.8565593, 22.3193909 ] ], [ [ 70.8563662, 22.3194108 ], [ 70.8562803, 22.3193314 ], [ 70.8562589, 22.3193115 ], [ 70.8562803, 22.3192917 ], [ 70.8563662, 22.3192917 ], [ 70.8564305, 22.3193512 ], [ 70.8564091, 22.3194108 ], [ 70.8563662, 22.3194108 ] ], [ [ 70.857439, 22.3195696 ], [ 70.8573747, 22.31951 ], [ 70.857439, 22.3194505 ], [ 70.8575249, 22.3194505 ], [ 70.8576322, 22.3195894 ], [ 70.8575249, 22.319649 ], [ 70.857482, 22.3195696 ], [ 70.857439, 22.3195696 ] ], [ [ 70.8567309, 22.3197085 ], [ 70.856688, 22.3198276 ], [ 70.8566451, 22.3199864 ], [ 70.8565807, 22.320046 ], [ 70.8564949, 22.320046 ], [ 70.8564949, 22.319649 ], [ 70.8566236, 22.3196887 ], [ 70.8566666, 22.3196093 ], [ 70.8567095, 22.3196093 ], [ 70.8567309, 22.3197085 ] ], [ [ 70.8575034, 22.319907 ], [ 70.8575034, 22.3200261 ], [ 70.8573532, 22.3201254 ], [ 70.8572888, 22.319907 ], [ 70.8571601, 22.3198673 ], [ 70.8571601, 22.3197482 ], [ 70.8573103, 22.3197681 ], [ 70.8573532, 22.3196887 ], [ 70.8574605, 22.3197879 ], [ 70.8574605, 22.3198673 ], [ 70.8575034, 22.319907 ] ] ] } },
{ "type": "Feature", "properties": { "element": "relation", "id": 1917301, "waterway": null }, "geometry": { "type": "Polygon", "coordinates": [ [ [ 70.6990518, 22.2326673 ], [ 70.6994247, 22.2327582 ], [ 70.6993604, 22.2328177 ], [ 70.6993604, 22.2328972 ], [ 70.6995535, 22.2329171 ], [ 70.6996393, 22.2329965 ], [ 70.6996822, 22.2329171 ], [ 70.6997681, 22.2329171 ], [ 70.6997466, 22.2330958 ], [ 70.699811, 22.2331554 ], [ 70.6998539, 22.233076 ], [ 70.6999826, 22.233076 ], [ 70.7001543, 22.2332746 ], [ 70.7002401, 22.2332349 ], [ 70.7003045, 22.2332547 ], [ 70.7001114, 22.2334732 ], [ 70.700047, 22.2334931 ], [ 70.700047, 22.233652 ], [ 70.700326, 22.2336321 ], [ 70.7003689, 22.2335924 ], [ 70.7005835, 22.2338704 ], [ 70.7007551, 22.2338704 ], [ 70.7008195, 22.23393 ], [ 70.7007337, 22.2340492 ], [ 70.7007766, 22.2341287 ], [ 70.7007551, 22.2344266 ], [ 70.7009268, 22.2343471 ], [ 70.7009482, 22.2346451 ], [ 70.7012057, 22.2348437 ], [ 70.7011414, 22.234943 ], [ 70.7010341, 22.2350026 ], [ 70.7011414, 22.2351019 ], [ 70.7013345, 22.2351615 ], [ 70.7012486, 22.2352012 ], [ 70.7013559, 22.2353402 ], [ 70.7012486, 22.2353998 ], [ 70.7011199, 22.2355587 ], [ 70.7011843, 22.2357375 ], [ 70.7011414, 22.2361744 ], [ 70.700798, 22.2363731 ], [ 70.7005835, 22.2363731 ], [ 70.7004976, 22.236532 ], [ 70.7003474, 22.2364724 ], [ 70.7004333, 22.2366313 ], [ 70.7004547, 22.23681 ], [ 70.7006693, 22.2367703 ], [ 70.7007337, 22.2368299 ], [ 70.7007337, 22.2369093 ], [ 70.700562, 22.2370682 ], [ 70.7008195, 22.2372668 ], [ 70.7007337, 22.237386 ], [ 70.7006907, 22.2377038 ], [ 70.7010126, 22.2378031 ], [ 70.7011199, 22.2379024 ], [ 70.701077, 22.2380613 ], [ 70.7011199, 22.2381408 ], [ 70.7010341, 22.2382599 ], [ 70.7011414, 22.2383195 ], [ 70.7013559, 22.2382798 ], [ 70.7014203, 22.2383791 ], [ 70.7014203, 22.238538 ], [ 70.7015622, 22.2386093 ], [ 70.7018709, 22.2387167 ], [ 70.7019997, 22.2387962 ], [ 70.7021284, 22.2387962 ], [ 70.7022142, 22.2388756 ], [ 70.7024717, 22.2387167 ], [ 70.7026863, 22.238677 ], [ 70.7026649, 22.2387366 ], [ 70.7027721, 22.2388359 ], [ 70.702858, 22.2388359 ], [ 70.7030511, 22.2386572 ], [ 70.7030082, 22.2385777 ], [ 70.7030725, 22.2385181 ], [ 70.7032228, 22.2386572 ], [ 70.7032228, 22.2387366 ], [ 70.7033515, 22.2388955 ], [ 70.7033515, 22.2393722 ], [ 70.7035875, 22.2395509 ], [ 70.7036304, 22.2395509 ], [ 70.7037377, 22.2394119 ], [ 70.7036948, 22.2391736 ], [ 70.7037377, 22.2391338 ], [ 70.7037592, 22.2389154 ], [ 70.7038236, 22.2389749 ], [ 70.7037807, 22.2390147 ], [ 70.7038879, 22.239114 ], [ 70.7040811, 22.2392133 ], [ 70.7040811, 22.2393722 ], [ 70.704124, 22.2394119 ], [ 70.7039523, 22.2395311 ], [ 70.7039094, 22.2397297 ], [ 70.7039952, 22.2398886 ], [ 70.7040811, 22.2399283 ], [ 70.704124, 22.2400475 ], [ 70.7040811, 22.2402461 ], [ 70.7041669, 22.2404844 ], [ 70.704124, 22.2406036 ], [ 70.7042098, 22.2407625 ], [ 70.7041669, 22.2409611 ], [ 70.7042098, 22.24112 ], [ 70.7042956, 22.2411994 ], [ 70.7042956, 22.2413583 ], [ 70.7043815, 22.2414775 ], [ 70.7043815, 22.2415966 ], [ 70.7044673, 22.2417158 ], [ 70.7042098, 22.2418747 ], [ 70.7042956, 22.2419939 ], [ 70.7042527, 22.242113 ], [ 70.7042956, 22.2421528 ], [ 70.7042527, 22.2421925 ], [ 70.7039309, 22.2422123 ], [ 70.7037377, 22.2421925 ], [ 70.7036734, 22.2420932 ], [ 70.703373, 22.2421726 ], [ 70.7032871, 22.2420932 ], [ 70.7031584, 22.2421726 ], [ 70.7031155, 22.2420932 ], [ 70.7029438, 22.2420534 ], [ 70.7027936, 22.2422322 ], [ 70.7027507, 22.2424308 ], [ 70.7026219, 22.24255 ], [ 70.7026219, 22.2426294 ], [ 70.7024503, 22.242828 ], [ 70.7023644, 22.2431061 ], [ 70.7024503, 22.2432252 ], [ 70.7023644, 22.243265 ], [ 70.7023644, 22.2433444 ], [ 70.7028151, 22.2436026 ], [ 70.7030296, 22.2436026 ], [ 70.7032013, 22.2437615 ], [ 70.7032871, 22.2437615 ], [ 70.7032657, 22.2438211 ], [ 70.703373, 22.2438807 ], [ 70.7034373, 22.2437416 ], [ 70.70333, 22.2435629 ], [ 70.7032442, 22.2436423 ], [ 70.7031798, 22.2436225 ], [ 70.7032442, 22.2435232 ], [ 70.7035017, 22.2434834 ], [ 70.7037163, 22.2437218 ], [ 70.703845, 22.243682 ], [ 70.7039094, 22.2437416 ], [ 70.7040381, 22.2439402 ], [ 70.704124, 22.2442183 ], [ 70.7040381, 22.2443772 ], [ 70.7038021, 22.2444368 ], [ 70.7036734, 22.2443573 ], [ 70.7035875, 22.2443573 ], [ 70.7034837, 22.2445353 ], [ 70.7037298, 22.2448244 ], [ 70.7065701, 22.2461249 ], [ 70.7067204, 22.2461448 ], [ 70.7068062, 22.2462242 ], [ 70.7070637, 22.2460653 ], [ 70.7071066, 22.246105 ], [ 70.7070779, 22.2463015 ], [ 70.7075572, 22.2464824 ], [ 70.7075787, 22.246542 ], [ 70.7077718, 22.246403 ], [ 70.7078147, 22.2462441 ], [ 70.7079864, 22.2461646 ], [ 70.7076859, 22.2457674 ], [ 70.7078576, 22.245688 ], [ 70.7078791, 22.2456284 ], [ 70.7079649, 22.2456681 ], [ 70.7082224, 22.2455092 ], [ 70.7083082, 22.2455092 ], [ 70.7083726, 22.2454496 ], [ 70.7083726, 22.2452113 ], [ 70.7085872, 22.2450524 ], [ 70.7085872, 22.2449333 ], [ 70.7086945, 22.2448737 ], [ 70.7087588, 22.2451319 ], [ 70.708952, 22.2452312 ], [ 70.709188, 22.2454894 ], [ 70.7092309, 22.2457277 ], [ 70.709188, 22.2461249 ], [ 70.7093167, 22.2462441 ], [ 70.7092738, 22.2464824 ], [ 70.7091451, 22.246681 ], [ 70.709188, 22.2467604 ], [ 70.709188, 22.246959 ], [ 70.7095313, 22.2471179 ], [ 70.7095742, 22.247396 ], [ 70.7095313, 22.2475151 ], [ 70.7095957, 22.2475747 ], [ 70.7096601, 22.2475549 ], [ 70.7097459, 22.2477535 ], [ 70.7097459, 22.2478726 ], [ 70.7095774, 22.2480315 ], [ 70.7097345, 22.2482181 ], [ 70.7132269, 22.2499771 ], [ 70.7166338, 22.2501565 ], [ 70.7169771, 22.2501565 ], [ 70.71702, 22.2500771 ], [ 70.7168269, 22.2499381 ], [ 70.716784, 22.2497792 ], [ 70.7168698, 22.2496997 ], [ 70.716784, 22.2496203 ], [ 70.716784, 22.2494614 ], [ 70.7168484, 22.2494018 ], [ 70.7169771, 22.2494018 ], [ 70.7170415, 22.24966 ], [ 70.7169127, 22.2497395 ], [ 70.7169127, 22.2498189 ], [ 70.7171917, 22.2498785 ], [ 70.7172561, 22.2499778 ], [ 70.7172132, 22.2500175 ], [ 70.7172775, 22.2500771 ], [ 70.7173634, 22.2500771 ], [ 70.7174277, 22.2500175 ], [ 70.717535, 22.2497196 ], [ 70.7176208, 22.2497593 ], [ 70.7176852, 22.2497395 ], [ 70.7176423, 22.2496203 ], [ 70.7177281, 22.2495806 ], [ 70.7177281, 22.2495409 ], [ 70.7176423, 22.2495011 ], [ 70.7177711, 22.2494614 ], [ 70.7177496, 22.2493621 ], [ 70.7176638, 22.2494018 ], [ 70.7176208, 22.2493621 ], [ 70.7174921, 22.2493621 ], [ 70.7174921, 22.2492827 ], [ 70.7176638, 22.249243 ], [ 70.7177925, 22.2493224 ], [ 70.717814, 22.2491834 ], [ 70.7179213, 22.2491635 ], [ 70.71805, 22.2490444 ], [ 70.7181573, 22.2491039 ], [ 70.7181787, 22.2492032 ], [ 70.7182431, 22.2491834 ], [ 70.7180285, 22.2488259 ], [ 70.7180285, 22.248667 ], [ 70.7182002, 22.2484684 ], [ 70.71805, 22.2484486 ], [ 70.7178569, 22.2483095 ], [ 70.7179427, 22.2481507 ], [ 70.7177281, 22.2479918 ], [ 70.7177281, 22.2479521 ], [ 70.7177711, 22.2478329 ], [ 70.7180285, 22.2476343 ], [ 70.7178354, 22.2476144 ], [ 70.717814, 22.2475549 ], [ 70.7179856, 22.2475151 ], [ 70.7179856, 22.2471974 ], [ 70.7181573, 22.246959 ], [ 70.7181573, 22.2468796 ], [ 70.7182646, 22.24682 ], [ 70.7183504, 22.2468597 ], [ 70.7186079, 22.2470981 ], [ 70.7185435, 22.2468399 ], [ 70.7186723, 22.2467604 ], [ 70.7183075, 22.2465817 ], [ 70.7182217, 22.2467406 ], [ 70.7181358, 22.2467406 ], [ 70.7180285, 22.2466413 ], [ 70.7180715, 22.2466016 ], [ 70.7180715, 22.2464824 ], [ 70.7183075, 22.2462639 ], [ 70.7184362, 22.2463434 ], [ 70.7185221, 22.2463434 ], [ 70.718801, 22.2462043 ], [ 70.718565, 22.2459859 ], [ 70.7183504, 22.2460256 ], [ 70.718329, 22.2458866 ], [ 70.7181573, 22.2457674 ], [ 70.7181573, 22.2456483 ], [ 70.7182431, 22.2455688 ], [ 70.7182431, 22.2454894 ], [ 70.7180929, 22.2454298 ], [ 70.7179856, 22.2453305 ], [ 70.7180715, 22.2451716 ], [ 70.7179856, 22.2451319 ], [ 70.7179856, 22.2450922 ], [ 70.7182002, 22.244973 ], [ 70.71805, 22.2447545 ], [ 70.7180071, 22.2448737 ], [ 70.7179427, 22.2448538 ], [ 70.7179856, 22.2446552 ], [ 70.7180715, 22.2445758 ], [ 70.7180715, 22.2444566 ], [ 70.7181573, 22.2444566 ], [ 70.7181144, 22.2442977 ], [ 70.718329, 22.2439005 ], [ 70.718286, 22.2437416 ], [ 70.7185435, 22.2436225 ], [ 70.7185006, 22.2434636 ], [ 70.7187366, 22.2432054 ], [ 70.7188439, 22.2431458 ], [ 70.7186294, 22.2429869 ], [ 70.7186294, 22.2429075 ], [ 70.7187796, 22.2427287 ], [ 70.7189512, 22.2427287 ], [ 70.7189941, 22.2426096 ], [ 70.7191873, 22.2426691 ], [ 70.7192516, 22.2427684 ], [ 70.7193375, 22.2427684 ], [ 70.7193589, 22.2426691 ], [ 70.719552, 22.2425301 ], [ 70.7196808, 22.2425301 ], [ 70.7197237, 22.2424507 ], [ 70.7198524, 22.2424507 ], [ 70.7197022, 22.2422322 ], [ 70.7197022, 22.2421528 ], [ 70.7197666, 22.2420932 ], [ 70.720067, 22.2420534 ], [ 70.7201958, 22.2421329 ], [ 70.7204103, 22.2420932 ], [ 70.7204533, 22.2421329 ], [ 70.720582, 22.2421329 ], [ 70.7207108, 22.2422918 ], [ 70.7208824, 22.2424109 ], [ 70.7211399, 22.2423712 ], [ 70.7210755, 22.2424705 ], [ 70.7212687, 22.2425301 ], [ 70.721333, 22.2424705 ], [ 70.7212472, 22.2423514 ], [ 70.7212472, 22.2422719 ], [ 70.7214189, 22.2422719 ], [ 70.7214618, 22.2418747 ], [ 70.7213759, 22.2417555 ], [ 70.7214189, 22.2417158 ], [ 70.7211828, 22.2416165 ], [ 70.7209468, 22.241398 ], [ 70.7209468, 22.2413186 ], [ 70.7207537, 22.2411398 ], [ 70.7206249, 22.2411398 ], [ 70.7205606, 22.2410802 ], [ 70.7205606, 22.2408816 ], [ 70.7204747, 22.2408816 ], [ 70.7204747, 22.2410802 ], [ 70.7204103, 22.2411398 ], [ 70.720346, 22.24112 ], [ 70.720346, 22.2405241 ], [ 70.7204747, 22.2404447 ], [ 70.7204747, 22.2402064 ], [ 70.7203031, 22.2401269 ], [ 70.720346, 22.2400077 ], [ 70.7202387, 22.2399482 ], [ 70.7201529, 22.2400673 ], [ 70.7200241, 22.2400673 ], [ 70.7199812, 22.240107 ], [ 70.7198095, 22.2399084 ], [ 70.7196808, 22.2399084 ], [ 70.7195735, 22.2398091 ], [ 70.7197022, 22.23969 ], [ 70.7196808, 22.2396304 ], [ 70.7195091, 22.2397098 ], [ 70.7194448, 22.23969 ], [ 70.7196593, 22.2394913 ], [ 70.7196593, 22.2392927 ], [ 70.7197452, 22.2391338 ], [ 70.7199383, 22.239114 ], [ 70.7200456, 22.2389352 ], [ 70.7201529, 22.2389154 ], [ 70.7201743, 22.2388558 ], [ 70.7199383, 22.2387962 ], [ 70.7198095, 22.238677 ], [ 70.7197237, 22.238677 ], [ 70.719552, 22.2385181 ], [ 70.7192945, 22.2385181 ], [ 70.7192516, 22.238399 ], [ 70.71908, 22.2384784 ], [ 70.7189727, 22.2383791 ], [ 70.7188869, 22.2382599 ], [ 70.7189298, 22.2379024 ], [ 70.7188439, 22.237823 ], [ 70.7189512, 22.2377237 ], [ 70.7189941, 22.2378031 ], [ 70.7190585, 22.2377435 ], [ 70.7189727, 22.2376641 ], [ 70.7189727, 22.2373066 ], [ 70.7194448, 22.2369491 ], [ 70.7194018, 22.2368299 ], [ 70.719552, 22.2366909 ], [ 70.7198524, 22.236532 ], [ 70.7201099, 22.2365717 ], [ 70.7204103, 22.2362936 ], [ 70.7206678, 22.2363731 ], [ 70.7207322, 22.2363135 ], [ 70.7207537, 22.2360553 ], [ 70.7210112, 22.2360155 ], [ 70.7211399, 22.236095 ], [ 70.7212257, 22.236095 ], [ 70.7214403, 22.2359361 ], [ 70.7215691, 22.2359361 ], [ 70.7215047, 22.2360354 ], [ 70.7215261, 22.236095 ], [ 70.7216978, 22.2361744 ], [ 70.7218266, 22.2361744 ], [ 70.7219982, 22.2359758 ], [ 70.7223845, 22.2359361 ], [ 70.722599, 22.2360553 ], [ 70.7227707, 22.2360553 ], [ 70.7228994, 22.2361347 ], [ 70.7229853, 22.236095 ], [ 70.723114, 22.2361347 ], [ 70.7231569, 22.236095 ], [ 70.7232428, 22.2361744 ], [ 70.7233715, 22.2360155 ], [ 70.7234144, 22.2360553 ], [ 70.7234573, 22.2358964 ], [ 70.7235432, 22.2359361 ], [ 70.7236075, 22.2358765 ], [ 70.7235646, 22.2357573 ], [ 70.7234359, 22.2356779 ], [ 70.7234359, 22.235519 ], [ 70.7234788, 22.2353204 ], [ 70.7235646, 22.2352012 ], [ 70.7235646, 22.2350423 ], [ 70.7236505, 22.2349231 ], [ 70.7236505, 22.2347642 ], [ 70.7237577, 22.2346252 ], [ 70.7244015, 22.2346252 ], [ 70.7247877, 22.234506 ], [ 70.7249808, 22.2346451 ], [ 70.7250452, 22.2347444 ], [ 70.7251525, 22.2347245 ], [ 70.724895, 22.2344067 ], [ 70.7249379, 22.2342876 ], [ 70.724895, 22.2342478 ], [ 70.724895, 22.2341287 ], [ 70.7249379, 22.2340492 ], [ 70.724895, 22.23393 ], [ 70.7250452, 22.2338307 ], [ 70.725131, 22.2338307 ], [ 70.7252169, 22.2337115 ], [ 70.7256031, 22.233791 ], [ 70.7256889, 22.2339102 ], [ 70.7257318, 22.2339102 ], [ 70.7258177, 22.2335526 ], [ 70.7260752, 22.2336321 ], [ 70.7262039, 22.2335526 ], [ 70.7264185, 22.2337513 ], [ 70.726676, 22.2337115 ], [ 70.7269549, 22.2339698 ], [ 70.7269979, 22.2340889 ], [ 70.7269549, 22.2342081 ], [ 70.7269979, 22.2342876 ], [ 70.7269549, 22.234367 ], [ 70.7271051, 22.2345458 ], [ 70.7272339, 22.234506 ], [ 70.7273197, 22.2346252 ], [ 70.7273626, 22.2346252 ], [ 70.7274914, 22.2344266 ], [ 70.7277918, 22.2344266 ], [ 70.7277489, 22.2341882 ], [ 70.727663, 22.2341882 ], [ 70.7275987, 22.2341287 ], [ 70.7275987, 22.2338903 ], [ 70.7277703, 22.2337711 ], [ 70.7277274, 22.2336917 ], [ 70.7277703, 22.2336122 ], [ 70.7279634, 22.2336321 ], [ 70.7281351, 22.2335526 ], [ 70.7281137, 22.2334136 ], [ 70.7282639, 22.2333938 ], [ 70.7284141, 22.2332547 ], [ 70.7284784, 22.2331157 ], [ 70.7286716, 22.2330958 ], [ 70.7286072, 22.2329171 ], [ 70.7287359, 22.2329568 ], [ 70.7291436, 22.2326986 ], [ 70.728929, 22.2324999 ], [ 70.728929, 22.2321424 ], [ 70.7288861, 22.232063 ], [ 70.7290363, 22.2321623 ], [ 70.729208, 22.2321623 ], [ 70.7293367, 22.2320431 ], [ 70.7295942, 22.2320431 ], [ 70.7296801, 22.2320034 ], [ 70.7297444, 22.2321027 ], [ 70.7296586, 22.2322219 ], [ 70.7298088, 22.2322417 ], [ 70.7298223, 22.2320702 ], [ 70.7297002, 22.2318447 ], [ 70.7292389, 22.2313481 ], [ 70.7291278, 22.2314436 ], [ 70.7286501, 22.2314075 ], [ 70.7285213, 22.2312883 ], [ 70.7283711, 22.2314671 ], [ 70.7283711, 22.2315863 ], [ 70.7281137, 22.2317849 ], [ 70.7281137, 22.2318643 ], [ 70.7280493, 22.2319239 ], [ 70.7279634, 22.2319239 ], [ 70.7278562, 22.2320232 ], [ 70.7278991, 22.2321821 ], [ 70.7278562, 22.2322219 ], [ 70.7278562, 22.232341 ], [ 70.7276201, 22.2325198 ], [ 70.7273626, 22.2325595 ], [ 70.7272768, 22.2324801 ], [ 70.7268691, 22.2324602 ], [ 70.7269335, 22.2324006 ], [ 70.7270837, 22.2323808 ], [ 70.7269549, 22.2322219 ], [ 70.7270837, 22.2321027 ], [ 70.7270193, 22.2316856 ], [ 70.7268906, 22.2319239 ], [ 70.7264185, 22.2318842 ], [ 70.7263756, 22.2317253 ], [ 70.7262039, 22.2318048 ], [ 70.7260323, 22.231765 ], [ 70.7259035, 22.2318048 ], [ 70.7258177, 22.2316856 ], [ 70.7254958, 22.2315863 ], [ 70.72541, 22.2312287 ], [ 70.7254529, 22.2311493 ], [ 70.7256889, 22.2309705 ], [ 70.7257748, 22.2309705 ], [ 70.7258391, 22.2309109 ], [ 70.7258821, 22.2305931 ], [ 70.7258391, 22.2305534 ], [ 70.7259679, 22.2305534 ], [ 70.7259464, 22.2306527 ], [ 70.7260537, 22.2306329 ], [ 70.7260108, 22.2305137 ], [ 70.7260966, 22.2304342 ], [ 70.7260966, 22.2301164 ], [ 70.7260537, 22.230037 ], [ 70.7260966, 22.2299178 ], [ 70.7259679, 22.2299178 ], [ 70.7259035, 22.2300171 ], [ 70.7256889, 22.2300171 ], [ 70.7254958, 22.2297986 ], [ 70.72541, 22.2296 ], [ 70.7255816, 22.2294411 ], [ 70.7257533, 22.229163 ], [ 70.7257533, 22.2290438 ], [ 70.7258821, 22.2288452 ], [ 70.7260108, 22.2287658 ], [ 70.7260966, 22.2286069 ], [ 70.7261395, 22.2281699 ], [ 70.7262683, 22.228011 ], [ 70.7262683, 22.2277726 ], [ 70.7265258, 22.227574 ], [ 70.7265472, 22.2275144 ], [ 70.7266545, 22.2274945 ], [ 70.7265902, 22.2273952 ], [ 70.7262039, 22.2274747 ], [ 70.7259679, 22.2276534 ], [ 70.7259035, 22.2277925 ], [ 70.7258391, 22.2278123 ], [ 70.7257962, 22.2283288 ], [ 70.7258821, 22.2284082 ], [ 70.7258391, 22.228448 ], [ 70.7258391, 22.2286466 ], [ 70.7254958, 22.2290041 ], [ 70.72541, 22.2292425 ], [ 70.7251096, 22.2295205 ], [ 70.7251525, 22.2296397 ], [ 70.7249594, 22.2296993 ], [ 70.7248306, 22.2298582 ], [ 70.7247877, 22.2298582 ], [ 70.7245946, 22.2297192 ], [ 70.7246804, 22.2296 ], [ 70.7246161, 22.2295404 ], [ 70.7244444, 22.2295404 ], [ 70.7243371, 22.2294411 ], [ 70.72438, 22.2293219 ], [ 70.7243371, 22.2292425 ], [ 70.7242727, 22.2291829 ], [ 70.724144, 22.2292226 ], [ 70.7239509, 22.2294808 ], [ 70.7239938, 22.2296397 ], [ 70.7238221, 22.2297192 ], [ 70.7238221, 22.2298384 ], [ 70.7237577, 22.2299377 ], [ 70.7236719, 22.2299377 ], [ 70.723629, 22.2298185 ], [ 70.7234573, 22.2298582 ], [ 70.723393, 22.2299178 ], [ 70.7235003, 22.2299377 ], [ 70.7236075, 22.2300767 ], [ 70.7234359, 22.2301562 ], [ 70.7234359, 22.2302356 ], [ 70.7235217, 22.2303151 ], [ 70.7235646, 22.230474 ], [ 70.7234573, 22.2304938 ], [ 70.7233715, 22.2305733 ], [ 70.72335, 22.2302356 ], [ 70.7232642, 22.2301562 ], [ 70.7232428, 22.2299774 ], [ 70.7227707, 22.2299774 ], [ 70.7225561, 22.2298582 ], [ 70.7225347, 22.2299973 ], [ 70.7224703, 22.2300171 ], [ 70.7224059, 22.2298781 ], [ 70.7222128, 22.229739 ], [ 70.7219982, 22.2296993 ], [ 70.7218695, 22.229739 ], [ 70.7217836, 22.2296596 ], [ 70.7216978, 22.229739 ], [ 70.7217622, 22.2297589 ], [ 70.7217407, 22.2298185 ], [ 70.7215261, 22.2298185 ], [ 70.7213974, 22.229739 ], [ 70.7212687, 22.2299377 ], [ 70.7210112, 22.2298979 ], [ 70.7209682, 22.2298582 ], [ 70.720582, 22.2298979 ], [ 70.7204318, 22.2297986 ], [ 70.7203674, 22.2296993 ], [ 70.7202387, 22.2296993 ], [ 70.720067, 22.2295801 ], [ 70.7198524, 22.2295801 ], [ 70.7197666, 22.2296993 ], [ 70.7197237, 22.2296993 ], [ 70.7197237, 22.2295404 ], [ 70.7196379, 22.2295404 ], [ 70.7194662, 22.2293815 ], [ 70.7192087, 22.2293815 ], [ 70.7191658, 22.2293418 ], [ 70.7191014, 22.2294014 ], [ 70.7191014, 22.2297589 ], [ 70.7189727, 22.2299178 ], [ 70.7189727, 22.2299973 ], [ 70.7189083, 22.2300171 ], [ 70.718801, 22.2296795 ], [ 70.718801, 22.2294411 ], [ 70.7189512, 22.2295801 ], [ 70.7189727, 22.2295603 ], [ 70.7189512, 22.2292623 ], [ 70.7184362, 22.2296199 ], [ 70.7180929, 22.2296596 ], [ 70.7179213, 22.2297788 ], [ 70.7177925, 22.2297788 ], [ 70.7177281, 22.2298384 ], [ 70.7177496, 22.2298979 ], [ 70.7175565, 22.2297589 ], [ 70.7175994, 22.2296795 ], [ 70.717535, 22.2296596 ], [ 70.7171917, 22.2298979 ], [ 70.717063, 22.2296993 ], [ 70.7169771, 22.229739 ], [ 70.7168698, 22.2297192 ], [ 70.7168484, 22.2295801 ], [ 70.7166338, 22.2296199 ], [ 70.7165694, 22.2295603 ], [ 70.7165909, 22.2295007 ], [ 70.7163763, 22.2295007 ], [ 70.7161617, 22.2293418 ], [ 70.716033, 22.2293021 ], [ 70.7159901, 22.2291432 ], [ 70.7157326, 22.2292226 ], [ 70.7157111, 22.2290836 ], [ 70.7155609, 22.2289445 ], [ 70.7154536, 22.2291233 ], [ 70.7155609, 22.2291432 ], [ 70.7155824, 22.2292027 ], [ 70.7154107, 22.2292822 ], [ 70.7154107, 22.2294014 ], [ 70.7153463, 22.229461 ], [ 70.7152605, 22.2294212 ], [ 70.7151318, 22.229461 ], [ 70.7150459, 22.2293815 ], [ 70.7149172, 22.2293815 ], [ 70.7145524, 22.2291233 ], [ 70.7145524, 22.2290438 ], [ 70.7144451, 22.2289048 ], [ 70.7142305, 22.2288651 ], [ 70.7141662, 22.2288055 ], [ 70.714252, 22.2286863 ], [ 70.7141662, 22.228448 ], [ 70.7143378, 22.228289 ], [ 70.7141018, 22.2283089 ], [ 70.7139301, 22.2284281 ], [ 70.7136941, 22.2282493 ], [ 70.7137585, 22.2281103 ], [ 70.7139945, 22.2280904 ], [ 70.7138658, 22.228011 ], [ 70.7138872, 22.2279911 ], [ 70.714016, 22.2279911 ], [ 70.7140589, 22.2280308 ], [ 70.7141232, 22.2279712 ], [ 70.714016, 22.2277925 ], [ 70.7139301, 22.2279116 ], [ 70.7137799, 22.2277726 ], [ 70.7138228, 22.2274151 ], [ 70.7136512, 22.2272959 ], [ 70.7136083, 22.2272164 ], [ 70.7136083, 22.2269384 ], [ 70.7136512, 22.2268986 ], [ 70.7135653, 22.2268192 ], [ 70.7134795, 22.2265808 ], [ 70.7135653, 22.2264616 ], [ 70.7135653, 22.2263425 ], [ 70.7136941, 22.226263 ], [ 70.713501, 22.2261637 ], [ 70.7134151, 22.2262829 ], [ 70.7132435, 22.2262034 ], [ 70.7130289, 22.2262034 ], [ 70.7128572, 22.2259253 ], [ 70.712707, 22.2260644 ], [ 70.712707, 22.2261438 ], [ 70.7125998, 22.2262034 ], [ 70.7124496, 22.2259452 ], [ 70.7125568, 22.2258459 ], [ 70.7126641, 22.225826 ], [ 70.7126427, 22.2257664 ], [ 70.7122564, 22.2258061 ], [ 70.7120419, 22.2259651 ], [ 70.7118702, 22.2259651 ], [ 70.7117844, 22.2260445 ], [ 70.7116985, 22.2260445 ], [ 70.71172, 22.2262233 ], [ 70.7118058, 22.2263027 ], [ 70.7118058, 22.2263822 ], [ 70.7116556, 22.2262829 ], [ 70.711484, 22.226402 ], [ 70.7113981, 22.226402 ], [ 70.7113338, 22.2265014 ], [ 70.7113767, 22.2266205 ], [ 70.7113123, 22.2266801 ], [ 70.7112265, 22.2266404 ], [ 70.7111621, 22.2267794 ], [ 70.7110119, 22.2269185 ], [ 70.7106686, 22.2270377 ], [ 70.710454, 22.2269185 ], [ 70.7103896, 22.2269781 ], [ 70.710454, 22.2271569 ], [ 70.7107544, 22.2271569 ], [ 70.7107973, 22.2271171 ], [ 70.7109046, 22.2272562 ], [ 70.7108831, 22.2273555 ], [ 70.7104969, 22.2273555 ], [ 70.7103252, 22.227276 ], [ 70.7102609, 22.2272164 ], [ 70.7102609, 22.227137 ], [ 70.7101965, 22.2271171 ], [ 70.7099605, 22.2274151 ], [ 70.7100034, 22.2274945 ], [ 70.7099175, 22.227574 ], [ 70.7099175, 22.2276932 ], [ 70.7098317, 22.2277726 ], [ 70.7097888, 22.2278918 ], [ 70.7095313, 22.2280904 ], [ 70.7094884, 22.2281699 ], [ 70.7094884, 22.228289 ], [ 70.7096171, 22.2283685 ], [ 70.7096171, 22.2284082 ], [ 70.709424, 22.2284678 ], [ 70.7093596, 22.2281301 ], [ 70.7091451, 22.228011 ], [ 70.7090807, 22.2279116 ], [ 70.7088232, 22.2278719 ], [ 70.7087588, 22.2278123 ], [ 70.7088017, 22.2276137 ], [ 70.7087588, 22.2275343 ], [ 70.7084584, 22.2272959 ], [ 70.7084584, 22.2270973 ], [ 70.7083297, 22.2266603 ], [ 70.7082868, 22.2262233 ], [ 70.7085872, 22.2259452 ], [ 70.7085443, 22.2257466 ], [ 70.7085872, 22.2256274 ], [ 70.7088876, 22.2252301 ], [ 70.7088876, 22.2250712 ], [ 70.7091022, 22.2248328 ], [ 70.7091022, 22.2246342 ], [ 70.7092309, 22.2244753 ], [ 70.7093167, 22.2242369 ], [ 70.7094884, 22.224078 ], [ 70.7094026, 22.2239191 ], [ 70.7094026, 22.223641 ], [ 70.7098317, 22.2233232 ], [ 70.7098317, 22.223204 ], [ 70.7100892, 22.2229657 ], [ 70.7100892, 22.2228862 ], [ 70.710175, 22.2228067 ], [ 70.710218, 22.2224492 ], [ 70.7102609, 22.2224095 ], [ 70.7102609, 22.2220519 ], [ 70.710218, 22.2219725 ], [ 70.7102609, 22.221893 ], [ 70.710175, 22.2218136 ], [ 70.710218, 22.2216944 ], [ 70.7101107, 22.2215156 ], [ 70.7100034, 22.2215752 ], [ 70.7100892, 22.2216944 ], [ 70.7100463, 22.2218136 ], [ 70.7100463, 22.2220916 ], [ 70.7098961, 22.2222704 ], [ 70.7098532, 22.2222704 ], [ 70.7098317, 22.2220916 ], [ 70.7097459, 22.2219725 ], [ 70.7097888, 22.2217341 ], [ 70.7097459, 22.2216546 ], [ 70.7098317, 22.2214957 ], [ 70.7099605, 22.2213765 ], [ 70.7099605, 22.2212574 ], [ 70.710175, 22.2209395 ], [ 70.7105184, 22.2206217 ], [ 70.7106471, 22.2203833 ], [ 70.7107759, 22.2203039 ], [ 70.7108548, 22.2200056 ], [ 70.7110613, 22.2197813 ], [ 70.7111835, 22.2198073 ], [ 70.7113123, 22.2198867 ], [ 70.7113552, 22.219847 ], [ 70.7116342, 22.2198271 ], [ 70.7115912, 22.2192709 ], [ 70.7115483, 22.2190326 ], [ 70.7115054, 22.2189928 ], [ 70.7114625, 22.2182777 ], [ 70.7111835, 22.2181387 ], [ 70.7110548, 22.2181784 ], [ 70.7110119, 22.2180989 ], [ 70.7109475, 22.2181188 ], [ 70.7109475, 22.2182777 ], [ 70.7109904, 22.2183175 ], [ 70.7109475, 22.2183969 ], [ 70.7110333, 22.2184764 ], [ 70.7109046, 22.218675 ], [ 70.7109475, 22.2190326 ], [ 70.7110333, 22.2191518 ], [ 70.7109904, 22.2192312 ], [ 70.7110333, 22.2192709 ], [ 70.710969, 22.2193305 ], [ 70.7108617, 22.2192709 ], [ 70.7108617, 22.219112 ], [ 70.7107759, 22.2190326 ], [ 70.7108188, 22.2189928 ], [ 70.7107329, 22.2189134 ], [ 70.7107329, 22.2188339 ], [ 70.7106042, 22.2187147 ], [ 70.7106042, 22.2186353 ], [ 70.7103896, 22.2184366 ], [ 70.7103896, 22.2183175 ], [ 70.7102394, 22.2181784 ], [ 70.710218, 22.2181983 ], [ 70.7102609, 22.2185558 ], [ 70.7103896, 22.2186353 ], [ 70.7103896, 22.2188339 ], [ 70.7104325, 22.2188737 ], [ 70.7104325, 22.2190723 ], [ 70.7103252, 22.2190922 ], [ 70.7103038, 22.2191518 ], [ 70.710454, 22.2191319 ], [ 70.7106256, 22.2192114 ], [ 70.71069, 22.2193107 ], [ 70.7106256, 22.21941 ], [ 70.7104969, 22.21941 ], [ 70.7104325, 22.2193107 ], [ 70.7104754, 22.2192709 ], [ 70.7104111, 22.2192511 ], [ 70.7103467, 22.2193901 ], [ 70.7104325, 22.2195888 ], [ 70.7105184, 22.2196285 ], [ 70.7105184, 22.219708 ], [ 70.7105827, 22.2197676 ], [ 70.7106686, 22.2196086 ], [ 70.7107329, 22.2196285 ], [ 70.7107329, 22.2197874 ], [ 70.7104969, 22.2200059 ], [ 70.710454, 22.2199662 ], [ 70.7103896, 22.2200258 ], [ 70.7103896, 22.220145 ], [ 70.7102823, 22.2202443 ], [ 70.7100892, 22.2202642 ], [ 70.7101107, 22.2205224 ], [ 70.7101536, 22.2204827 ], [ 70.7102609, 22.2205025 ], [ 70.7100892, 22.220582 ], [ 70.7100892, 22.2207409 ], [ 70.7098746, 22.2209395 ], [ 70.7099175, 22.2210984 ], [ 70.7097888, 22.2212176 ], [ 70.7097888, 22.2214163 ], [ 70.7096601, 22.2216546 ], [ 70.709703, 22.2218136 ], [ 70.7096601, 22.2218533 ], [ 70.7096601, 22.2219725 ], [ 70.7094455, 22.2220916 ], [ 70.7095742, 22.2222506 ], [ 70.7095742, 22.22233 ], [ 70.7094026, 22.2224492 ], [ 70.7094026, 22.2225684 ], [ 70.7092738, 22.2227273 ], [ 70.7093167, 22.2228067 ], [ 70.7091451, 22.2230451 ], [ 70.7091022, 22.2232835 ], [ 70.7090163, 22.2233629 ], [ 70.7090163, 22.2235616 ], [ 70.7088661, 22.2236609 ], [ 70.7086945, 22.2236609 ], [ 70.7086301, 22.2237205 ], [ 70.7085443, 22.2241972 ], [ 70.7084799, 22.2242568 ], [ 70.7083082, 22.2241773 ], [ 70.7082009, 22.2241972 ], [ 70.7082868, 22.2243561 ], [ 70.7084155, 22.2244356 ], [ 70.7083941, 22.2245349 ], [ 70.7083297, 22.2245547 ], [ 70.7083726, 22.2246739 ], [ 70.7082009, 22.224952 ], [ 70.7080722, 22.2249917 ], [ 70.708158, 22.2250712 ], [ 70.7080722, 22.2253096 ], [ 70.7079005, 22.2254287 ], [ 70.7078791, 22.2255281 ], [ 70.7078147, 22.2255082 ], [ 70.7079434, 22.2257466 ], [ 70.7078362, 22.2258459 ], [ 70.7077932, 22.2258061 ], [ 70.7077289, 22.2258657 ], [ 70.7078147, 22.2259452 ], [ 70.7077289, 22.2260644 ], [ 70.7077718, 22.2261041 ], [ 70.7075572, 22.2261041 ], [ 70.7075572, 22.226263 ], [ 70.7073426, 22.2265808 ], [ 70.7073426, 22.2277726 ], [ 70.7074285, 22.2278918 ], [ 70.7074285, 22.2280904 ], [ 70.7075143, 22.2281301 ], [ 70.7075143, 22.2282096 ], [ 70.7076859, 22.2283685 ], [ 70.7076645, 22.2285075 ], [ 70.7074499, 22.2282692 ], [ 70.7074499, 22.2284281 ], [ 70.7062483, 22.2283486 ], [ 70.7060552, 22.2282493 ], [ 70.7060981, 22.2281301 ], [ 70.7059693, 22.2280904 ], [ 70.7059693, 22.2279712 ], [ 70.7056689, 22.2277329 ], [ 70.7054114, 22.2273356 ], [ 70.7054543, 22.2270178 ], [ 70.7054114, 22.2269384 ], [ 70.7054973, 22.2268192 ], [ 70.7054973, 22.2266603 ], [ 70.705626, 22.2263425 ], [ 70.705626, 22.2257863 ], [ 70.7057118, 22.2255877 ], [ 70.7056475, 22.2255281 ], [ 70.7055187, 22.2255678 ], [ 70.70539, 22.2254486 ], [ 70.7052183, 22.2256075 ], [ 70.7051325, 22.2256075 ], [ 70.7045317, 22.2259253 ], [ 70.70436, 22.2259651 ], [ 70.7046819, 22.2256671 ], [ 70.7046819, 22.2255877 ], [ 70.7046175, 22.2255281 ], [ 70.70436, 22.2257267 ], [ 70.7041454, 22.2257267 ], [ 70.7038021, 22.2255678 ], [ 70.7037377, 22.2254287 ], [ 70.7034159, 22.2252102 ], [ 70.7032871, 22.2252102 ], [ 70.7032013, 22.2252897 ], [ 70.7029438, 22.2251308 ], [ 70.7028365, 22.2251507 ], [ 70.7028794, 22.2250315 ], [ 70.7026219, 22.2246739 ], [ 70.7027936, 22.2242767 ], [ 70.7027721, 22.2237801 ], [ 70.7022572, 22.2238198 ], [ 70.7022142, 22.2238595 ], [ 70.7020426, 22.2238198 ], [ 70.7018495, 22.224078 ], [ 70.7018495, 22.2242767 ], [ 70.7017851, 22.2243363 ], [ 70.7015725, 22.2243634 ], [ 70.7008749, 22.2239987 ], [ 70.7010341, 22.2249917 ], [ 70.7009697, 22.2250513 ], [ 70.7009268, 22.2250116 ], [ 70.700798, 22.2250116 ], [ 70.7006478, 22.2247931 ], [ 70.7004976, 22.2246541 ], [ 70.7004333, 22.2246739 ], [ 70.7003903, 22.2243561 ], [ 70.7003045, 22.2242767 ], [ 70.7004333, 22.2241972 ], [ 70.7003474, 22.2239986 ], [ 70.7003474, 22.2237205 ], [ 70.7001972, 22.2235417 ], [ 70.7001328, 22.2235218 ], [ 70.7002616, 22.2234821 ], [ 70.7002616, 22.2234027 ], [ 70.7001328, 22.2233232 ], [ 70.7001328, 22.223204 ], [ 70.7001758, 22.2231643 ], [ 70.700047, 22.2229657 ], [ 70.700047, 22.2228067 ], [ 70.6997895, 22.2226876 ], [ 70.6998754, 22.2225287 ], [ 70.6997466, 22.22233 ], [ 70.6997895, 22.2222506 ], [ 70.6997895, 22.2220519 ], [ 70.6996608, 22.221893 ], [ 70.6997252, 22.221754 ], [ 70.6997895, 22.2217341 ], [ 70.6997895, 22.2214957 ], [ 70.6997037, 22.2213765 ], [ 70.6997466, 22.2212574 ], [ 70.6997466, 22.2207806 ], [ 70.6998324, 22.220582 ], [ 70.6998324, 22.2203833 ], [ 70.6997895, 22.2203436 ], [ 70.6998754, 22.2203039 ], [ 70.6998754, 22.2201052 ], [ 70.6999183, 22.2200655 ], [ 70.6998754, 22.2199861 ], [ 70.6999612, 22.2198669 ], [ 70.6999183, 22.219708 ], [ 70.6999612, 22.2196682 ], [ 70.6997037, 22.2193504 ], [ 70.6997466, 22.2191518 ], [ 70.6995749, 22.2188339 ], [ 70.6994891, 22.2187545 ], [ 70.6994033, 22.2185161 ], [ 70.6992745, 22.2184366 ], [ 70.6992745, 22.2182777 ], [ 70.6992102, 22.2182181 ], [ 70.6991243, 22.2183373 ], [ 70.69906, 22.2183572 ], [ 70.6991887, 22.2188737 ], [ 70.699296, 22.2188538 ], [ 70.6993604, 22.2189134 ], [ 70.6993604, 22.2191518 ], [ 70.699532, 22.2192312 ], [ 70.6994462, 22.2193901 ], [ 70.6995964, 22.2196484 ], [ 70.6997466, 22.2196682 ], [ 70.6996179, 22.2198669 ], [ 70.6997037, 22.2199463 ], [ 70.6996608, 22.2201052 ], [ 70.6997466, 22.2202642 ], [ 70.6995749, 22.2204628 ], [ 70.6995749, 22.2205423 ], [ 70.6994891, 22.220582 ], [ 70.699532, 22.2207012 ], [ 70.6993604, 22.2207806 ], [ 70.6995749, 22.2209395 ], [ 70.699532, 22.2212176 ], [ 70.6994462, 22.2212971 ], [ 70.6994891, 22.2213765 ], [ 70.6993604, 22.2214957 ], [ 70.6993604, 22.2218136 ], [ 70.6992745, 22.2218533 ], [ 70.6992745, 22.221893 ], [ 70.6994033, 22.2221711 ], [ 70.6994891, 22.2222506 ], [ 70.699532, 22.2224492 ], [ 70.6996179, 22.2225684 ], [ 70.6996179, 22.222767 ], [ 70.6996608, 22.2228465 ], [ 70.699811, 22.2230252 ], [ 70.6999397, 22.2230252 ], [ 70.700047, 22.2231246 ], [ 70.6999183, 22.2232835 ], [ 70.700047, 22.2233629 ], [ 70.700047, 22.2234027 ], [ 70.6998968, 22.2234622 ], [ 70.6998539, 22.2234225 ], [ 70.6998324, 22.2235218 ], [ 70.6998754, 22.2237999 ], [ 70.6999612, 22.2237999 ], [ 70.6999612, 22.2236808 ], [ 70.7000256, 22.2236212 ], [ 70.700047, 22.2239191 ], [ 70.7001328, 22.224078 ], [ 70.7002187, 22.224078 ], [ 70.7001972, 22.2240184 ], [ 70.7002616, 22.2240383 ], [ 70.7001758, 22.2241575 ], [ 70.7002187, 22.2241972 ], [ 70.7001758, 22.2242369 ], [ 70.7001758, 22.2243561 ], [ 70.7003045, 22.2245547 ], [ 70.7003045, 22.2246342 ], [ 70.7001328, 22.2247137 ], [ 70.7002187, 22.2248328 ], [ 70.7001328, 22.224952 ], [ 70.7002831, 22.2249322 ], [ 70.7004118, 22.2249719 ], [ 70.7005191, 22.2250315 ], [ 70.7005405, 22.2251705 ], [ 70.700798, 22.2252897 ], [ 70.7009268, 22.22525 ], [ 70.7010126, 22.2253294 ], [ 70.7011199, 22.2252698 ], [ 70.701077, 22.2252301 ], [ 70.7011414, 22.2251705 ], [ 70.7012272, 22.2251705 ], [ 70.7012057, 22.225389 ], [ 70.7013774, 22.2257863 ], [ 70.7012916, 22.2258657 ], [ 70.7012916, 22.2259452 ], [ 70.7015491, 22.226263 ], [ 70.7015491, 22.2265014 ], [ 70.701592, 22.2265411 ], [ 70.7013345, 22.2269384 ], [ 70.7014203, 22.2270178 ], [ 70.7013774, 22.227137 ], [ 70.7014203, 22.2272164 ], [ 70.7013345, 22.2272562 ], [ 70.7013345, 22.2273356 ], [ 70.7014203, 22.2273753 ], [ 70.7014203, 22.2274548 ], [ 70.7010984, 22.2275144 ], [ 70.7007122, 22.2278322 ], [ 70.7000212, 22.2278995 ], [ 70.6998324, 22.2283685 ], [ 70.6997252, 22.2289843 ], [ 70.6994891, 22.229163 ], [ 70.6994891, 22.2293219 ], [ 70.6994033, 22.2294014 ], [ 70.6994033, 22.2296 ], [ 70.6992745, 22.2297589 ], [ 70.6992745, 22.2298384 ], [ 70.6993818, 22.2300171 ], [ 70.6994247, 22.2299774 ], [ 70.699532, 22.2300767 ], [ 70.6995535, 22.2302952 ], [ 70.6996179, 22.2300767 ], [ 70.6997466, 22.230474 ], [ 70.6996822, 22.2305336 ], [ 70.6995535, 22.2304938 ], [ 70.6994891, 22.2305931 ], [ 70.6995535, 22.2306527 ], [ 70.6995106, 22.2307719 ], [ 70.6994247, 22.2307719 ], [ 70.6993604, 22.2308315 ], [ 70.6993604, 22.2310301 ], [ 70.6992316, 22.2311493 ], [ 70.6992531, 22.2312089 ], [ 70.6994677, 22.2310897 ], [ 70.6993818, 22.2312883 ], [ 70.6990814, 22.2316061 ], [ 70.699017, 22.231626 ], [ 70.69906, 22.2318643 ], [ 70.6992745, 22.2318643 ], [ 70.6989645, 22.2321044 ], [ 70.6989043, 22.2324651 ], [ 70.6990518, 22.2326673 ] ], [ [ 70.7100034, 22.2226478 ], [ 70.7098103, 22.2228663 ], [ 70.7097459, 22.2228067 ], [ 70.7099819, 22.2224691 ], [ 70.7100463, 22.2225287 ], [ 70.7100034, 22.2226478 ] ], [ [ 70.704124, 22.2259055 ], [ 70.703845, 22.2259253 ], [ 70.7036948, 22.2258657 ], [ 70.7037163, 22.2257664 ], [ 70.703845, 22.2257267 ], [ 70.7041025, 22.2258459 ], [ 70.704124, 22.2259055 ] ], [ [ 70.7001543, 22.2280706 ], [ 70.7001114, 22.2281103 ], [ 70.7000899, 22.228011 ], [ 70.7003689, 22.2279911 ], [ 70.7003689, 22.2280706 ], [ 70.7001543, 22.2280706 ] ], [ [ 70.7038879, 22.2331157 ], [ 70.7038021, 22.2331157 ], [ 70.7037377, 22.2330561 ], [ 70.7038021, 22.2329568 ], [ 70.7039094, 22.2330164 ], [ 70.7038879, 22.2331157 ] ], [ [ 70.7018709, 22.2361744 ], [ 70.7018065, 22.2361149 ], [ 70.7018065, 22.235956 ], [ 70.7018709, 22.2358964 ], [ 70.7020211, 22.2359957 ], [ 70.7018709, 22.2361744 ] ], [ [ 70.7053471, 22.2367703 ], [ 70.7055402, 22.2369491 ], [ 70.7055187, 22.2370086 ], [ 70.7054114, 22.2370682 ], [ 70.7053471, 22.2371675 ], [ 70.7052827, 22.2371477 ], [ 70.7051969, 22.2368299 ], [ 70.705111, 22.2367504 ], [ 70.7051754, 22.2366909 ], [ 70.7053471, 22.2367703 ] ], [ [ 70.7063985, 22.2387366 ], [ 70.7063985, 22.2386174 ], [ 70.7062912, 22.2385976 ], [ 70.7063556, 22.2384585 ], [ 70.7062912, 22.2382798 ], [ 70.7060337, 22.2383592 ], [ 70.7059479, 22.2382798 ], [ 70.7057762, 22.2382798 ], [ 70.7057977, 22.2381805 ], [ 70.705626, 22.2380216 ], [ 70.705626, 22.2379421 ], [ 70.7055402, 22.2379024 ], [ 70.705626, 22.2376641 ], [ 70.7054543, 22.2375846 ], [ 70.7054543, 22.2373066 ], [ 70.7055187, 22.237247 ], [ 70.7057548, 22.2376641 ], [ 70.7059908, 22.2379223 ], [ 70.7060766, 22.237962 ], [ 70.7061839, 22.2379024 ], [ 70.706141, 22.2375846 ], [ 70.7061839, 22.2374655 ], [ 70.7062483, 22.2374059 ], [ 70.7063985, 22.2374257 ], [ 70.7064843, 22.2375449 ], [ 70.7064843, 22.2376244 ], [ 70.7063127, 22.2377833 ], [ 70.7064414, 22.2379421 ], [ 70.7063556, 22.2380613 ], [ 70.706377, 22.2382401 ], [ 70.7065058, 22.2382003 ], [ 70.7065487, 22.2381209 ], [ 70.7065916, 22.2381606 ], [ 70.7067204, 22.2381209 ], [ 70.7070208, 22.2378031 ], [ 70.707407, 22.2382003 ], [ 70.7074928, 22.2382401 ], [ 70.7075787, 22.2381606 ], [ 70.7076645, 22.2381606 ], [ 70.7079005, 22.2384188 ], [ 70.7079864, 22.2385777 ], [ 70.7079864, 22.2387366 ], [ 70.7080722, 22.2388161 ], [ 70.7080722, 22.2389352 ], [ 70.7079864, 22.2390147 ], [ 70.7079864, 22.2391338 ], [ 70.7082438, 22.2392927 ], [ 70.7082868, 22.2395708 ], [ 70.708158, 22.2396502 ], [ 70.7081151, 22.2397694 ], [ 70.7079005, 22.2400077 ], [ 70.7077289, 22.2401269 ], [ 70.7077074, 22.2402659 ], [ 70.7076001, 22.2403255 ], [ 70.707643, 22.2404447 ], [ 70.7075357, 22.2405043 ], [ 70.7072783, 22.2404248 ], [ 70.7072139, 22.2402461 ], [ 70.7071495, 22.2401865 ], [ 70.7070637, 22.2401865 ], [ 70.7069564, 22.2400872 ], [ 70.7069993, 22.2399283 ], [ 70.707171, 22.2398091 ], [ 70.7069564, 22.2396502 ], [ 70.7069135, 22.2394119 ], [ 70.7069564, 22.2393325 ], [ 70.7067633, 22.239392 ], [ 70.7065272, 22.2391338 ], [ 70.7063985, 22.2388955 ], [ 70.7064414, 22.2387763 ], [ 70.7063985, 22.2387366 ] ], [ [ 70.7050037, 22.2392729 ], [ 70.7051969, 22.2394913 ], [ 70.7052398, 22.2396105 ], [ 70.7051754, 22.2397495 ], [ 70.7050896, 22.2396701 ], [ 70.704875, 22.2396701 ], [ 70.7047892, 22.2396304 ], [ 70.7048106, 22.2398091 ], [ 70.7047033, 22.239829 ], [ 70.704639, 22.2397694 ], [ 70.704639, 22.2396105 ], [ 70.7047248, 22.2395311 ], [ 70.704639, 22.2394516 ], [ 70.704639, 22.2391736 ], [ 70.7050037, 22.2392729 ] ], [ [ 70.7051969, 22.2415966 ], [ 70.7051969, 22.2415172 ], [ 70.7052612, 22.2414576 ], [ 70.7053471, 22.2414973 ], [ 70.7053256, 22.2416364 ], [ 70.7051754, 22.2416562 ], [ 70.7050467, 22.2417754 ], [ 70.7049608, 22.2417754 ], [ 70.7048965, 22.2416761 ], [ 70.7049179, 22.2415768 ], [ 70.7047462, 22.2416165 ], [ 70.704639, 22.2415172 ], [ 70.7047462, 22.2414973 ], [ 70.7048321, 22.2413782 ], [ 70.7049823, 22.2414378 ], [ 70.7049394, 22.2415172 ], [ 70.7049608, 22.2415768 ], [ 70.7050896, 22.2414973 ], [ 70.7050896, 22.2416165 ], [ 70.7051969, 22.2415966 ] ], [ [ 70.7053256, 22.2421925 ], [ 70.7053256, 22.2423116 ], [ 70.7052183, 22.2423712 ], [ 70.7051969, 22.2422322 ], [ 70.7050681, 22.2423116 ], [ 70.7048965, 22.2420336 ], [ 70.7048965, 22.2419541 ], [ 70.7050037, 22.2418548 ], [ 70.7050467, 22.2418946 ], [ 70.7051754, 22.2418151 ], [ 70.7052398, 22.2418747 ], [ 70.7051969, 22.2420336 ], [ 70.7053256, 22.2421925 ] ], [ [ 70.7096386, 22.2470186 ], [ 70.7095098, 22.2470186 ], [ 70.7094455, 22.2469193 ], [ 70.7096815, 22.2467406 ], [ 70.709703, 22.2469193 ], [ 70.7096386, 22.2470186 ] ], [ [ 70.7154965, 22.2294808 ], [ 70.7155609, 22.2293815 ], [ 70.7156897, 22.2294212 ], [ 70.7157755, 22.2293021 ], [ 70.7158399, 22.2294014 ], [ 70.7157326, 22.2294212 ], [ 70.7155609, 22.2295801 ], [ 70.7154965, 22.2294808 ] ], [ [ 70.7184362, 22.2298185 ], [ 70.7186294, 22.2299178 ], [ 70.718565, 22.2300171 ], [ 70.718286, 22.2299973 ], [ 70.718329, 22.2298781 ], [ 70.7184362, 22.2298185 ] ], [ [ 70.7206893, 22.2300767 ], [ 70.7207966, 22.2300171 ], [ 70.7209682, 22.2300568 ], [ 70.7209897, 22.2301164 ], [ 70.7206893, 22.2301164 ], [ 70.7206893, 22.2300767 ] ], [ [ 70.7237792, 22.2302356 ], [ 70.7236934, 22.2303151 ], [ 70.7237363, 22.2303548 ], [ 70.7236075, 22.2303151 ], [ 70.7236934, 22.2301959 ], [ 70.7237792, 22.2302356 ] ], [ [ 70.7199597, 22.2326588 ], [ 70.720067, 22.2327979 ], [ 70.7202172, 22.232778 ], [ 70.720346, 22.2326191 ], [ 70.720346, 22.2324999 ], [ 70.7204103, 22.2324404 ], [ 70.720582, 22.2324801 ], [ 70.7206464, 22.2325397 ], [ 70.7206035, 22.2326986 ], [ 70.7206464, 22.2328972 ], [ 70.7206035, 22.2329766 ], [ 70.7206464, 22.233215 ], [ 70.7206893, 22.2332547 ], [ 70.7206249, 22.233354 ], [ 70.7204962, 22.2334335 ], [ 70.7203674, 22.2334335 ], [ 70.7202816, 22.2335129 ], [ 70.720067, 22.2335129 ], [ 70.7199812, 22.2333938 ], [ 70.7198954, 22.2334335 ], [ 70.719831, 22.2334136 ], [ 70.7197666, 22.2332746 ], [ 70.7196593, 22.233215 ], [ 70.7196593, 22.2328972 ], [ 70.7198524, 22.232639 ], [ 70.7199597, 22.2326588 ] ], [ [ 70.7189727, 22.2414775 ], [ 70.7188869, 22.2414378 ], [ 70.7188869, 22.241398 ], [ 70.7189727, 22.241398 ], [ 70.71908, 22.2414576 ], [ 70.7191443, 22.2415569 ], [ 70.7190371, 22.2416562 ], [ 70.7189727, 22.2416364 ], [ 70.7189727, 22.2414775 ] ], [ [ 70.7189941, 22.2422918 ], [ 70.7191229, 22.2422918 ], [ 70.7191873, 22.2423514 ], [ 70.7191873, 22.2424705 ], [ 70.7189941, 22.2424904 ], [ 70.7189083, 22.2424507 ], [ 70.7188225, 22.2424904 ], [ 70.7187581, 22.2424308 ], [ 70.7187581, 22.2423514 ], [ 70.7189083, 22.2422123 ], [ 70.7189941, 22.2422918 ] ], [ [ 70.7175994, 22.2451319 ], [ 70.7176638, 22.2450723 ], [ 70.7177711, 22.2451319 ], [ 70.7176852, 22.245251 ], [ 70.7175994, 22.2452113 ], [ 70.7175994, 22.2451319 ] ], [ [ 70.7123208, 22.2460057 ], [ 70.7123208, 22.2460455 ], [ 70.7120848, 22.2462242 ], [ 70.7116985, 22.2462242 ], [ 70.711441, 22.2460653 ], [ 70.7113767, 22.245966 ], [ 70.7117629, 22.2456483 ], [ 70.7118058, 22.2454894 ], [ 70.7119989, 22.2453503 ], [ 70.712235, 22.2454496 ], [ 70.712235, 22.2456483 ], [ 70.7121491, 22.2458071 ], [ 70.7121921, 22.2459263 ], [ 70.7123208, 22.2460057 ] ], [ [ 70.7178569, 22.2464427 ], [ 70.7177925, 22.246542 ], [ 70.7175994, 22.2464427 ], [ 70.7176638, 22.2463434 ], [ 70.7177925, 22.2463037 ], [ 70.7178569, 22.2464427 ] ] ] } },
{ "type": "Feature", "properties": { "element": "relation", "id": 8008961, "waterway": null }, "geometry": { "type": "Polygon", "coordinates": [ [ [ 70.7583904, 22.3551959 ], [ 70.7581758, 22.3549975 ], [ 70.7578325, 22.3543624 ], [ 70.7579184, 22.3541243 ], [ 70.7578325, 22.3540449 ], [ 70.7578325, 22.3538861 ], [ 70.7583475, 22.3534892 ], [ 70.7583475, 22.3531717 ], [ 70.7584763, 22.3530526 ], [ 70.758605, 22.3530923 ], [ 70.758605, 22.3534098 ], [ 70.7585192, 22.3535686 ], [ 70.7586479, 22.3536083 ], [ 70.7588625, 22.3530923 ], [ 70.75912, 22.3529336 ], [ 70.7586908, 22.352616 ], [ 70.7586908, 22.3524573 ], [ 70.7592487, 22.3521001 ], [ 70.7594204, 22.3521001 ], [ 70.7596779, 22.3522588 ], [ 70.7598066, 22.3520604 ], [ 70.7598925, 22.3515047 ], [ 70.7601929, 22.351465 ], [ 70.7607079, 22.3510681 ], [ 70.7609653, 22.3510681 ], [ 70.7610512, 22.3511475 ], [ 70.761137, 22.3510681 ], [ 70.7613087, 22.3510681 ], [ 70.7614803, 22.3513062 ], [ 70.761652, 22.3513856 ], [ 70.7619953, 22.3512269 ], [ 70.762167, 22.3512269 ], [ 70.7622957, 22.3511078 ], [ 70.7622099, 22.3508696 ], [ 70.7619095, 22.3506712 ], [ 70.761652, 22.3506712 ], [ 70.7615662, 22.3507506 ], [ 70.7608795, 22.3503536 ], [ 70.760622, 22.3503536 ], [ 70.7605791, 22.3500758 ], [ 70.7603645, 22.3500361 ], [ 70.7592058, 22.3499964 ], [ 70.7593775, 22.3501552 ], [ 70.7594204, 22.3503536 ], [ 70.7595062, 22.3501155 ], [ 70.7596779, 22.3501155 ], [ 70.7597208, 22.3502346 ], [ 70.7594204, 22.3505124 ], [ 70.7591629, 22.3505124 ], [ 70.7585621, 22.3511475 ], [ 70.7583475, 22.3510284 ], [ 70.7583475, 22.3507903 ], [ 70.7582188, 22.3506712 ], [ 70.7579613, 22.3507506 ], [ 70.7577467, 22.3510284 ], [ 70.7577467, 22.3513459 ], [ 70.757575, 22.3515047 ], [ 70.757575, 22.3518222 ], [ 70.7574034, 22.351981 ], [ 70.7574034, 22.3521397 ], [ 70.7571888, 22.3523382 ], [ 70.7568455, 22.3521001 ], [ 70.7565022, 22.3524176 ], [ 70.7561588, 22.3524176 ], [ 70.7559013, 22.3525763 ], [ 70.7554722, 22.3525763 ], [ 70.7553434, 22.3524573 ], [ 70.7554293, 22.3523779 ], [ 70.7554293, 22.351981 ], [ 70.7553434, 22.3519016 ], [ 70.7553434, 22.3517428 ], [ 70.7552147, 22.3516238 ], [ 70.755043, 22.3516238 ], [ 70.7546139, 22.3511475 ], [ 70.7543993, 22.3510284 ], [ 70.7544851, 22.3507109 ], [ 70.7540989, 22.3505918 ], [ 70.7538843, 22.3503933 ], [ 70.7538843, 22.3501552 ], [ 70.7537556, 22.3500361 ], [ 70.753541, 22.3500758 ], [ 70.7537127, 22.3502346 ], [ 70.7535839, 22.3503536 ], [ 70.7533264, 22.3503536 ], [ 70.7529831, 22.3501155 ], [ 70.7526398, 22.3501949 ], [ 70.7523394, 22.3505521 ], [ 70.7522535, 22.3510284 ], [ 70.7519102, 22.3511078 ], [ 70.752039, 22.3513062 ], [ 70.7522964, 22.3513062 ], [ 70.752511, 22.3515047 ], [ 70.7529402, 22.3520604 ], [ 70.753026, 22.3522191 ], [ 70.753026, 22.3529336 ], [ 70.7532406, 22.3533702 ], [ 70.7534552, 22.3532511 ], [ 70.7535839, 22.3530526 ], [ 70.7537556, 22.3530526 ], [ 70.7538414, 22.353132 ], [ 70.7540989, 22.3528939 ], [ 70.7542276, 22.3530129 ], [ 70.7542276, 22.3535686 ], [ 70.7540989, 22.3536877 ], [ 70.7531548, 22.3537671 ], [ 70.7528543, 22.354283 ], [ 70.7528543, 22.3546799 ], [ 70.7529402, 22.3547593 ], [ 70.7529402, 22.3557119 ], [ 70.7532406, 22.3560691 ], [ 70.7534552, 22.3561882 ], [ 70.753541, 22.3565057 ], [ 70.7539701, 22.3569026 ], [ 70.7540989, 22.3571804 ], [ 70.7542706, 22.3572598 ], [ 70.7546139, 22.3570216 ], [ 70.7548714, 22.3570216 ], [ 70.7548714, 22.3573392 ], [ 70.7553864, 22.3574185 ], [ 70.7556438, 22.3571804 ], [ 70.7557726, 22.3572995 ], [ 70.7557726, 22.357617 ], [ 70.7558584, 22.3577757 ], [ 70.7562447, 22.3581329 ], [ 70.7563305, 22.3581329 ], [ 70.7563734, 22.3579345 ], [ 70.7562017, 22.3577757 ], [ 70.7562017, 22.3571407 ], [ 70.7561159, 22.3570613 ], [ 70.7562017, 22.3566644 ], [ 70.7559443, 22.3563469 ], [ 70.7559443, 22.3561882 ], [ 70.756073, 22.3561485 ], [ 70.7563305, 22.356466 ], [ 70.7564592, 22.3564263 ], [ 70.7565022, 22.3562278 ], [ 70.7567596, 22.3562278 ], [ 70.7568455, 22.3563866 ], [ 70.7572746, 22.3563866 ], [ 70.7574034, 22.3565057 ], [ 70.7573175, 22.3565851 ], [ 70.7573175, 22.3568232 ], [ 70.7574463, 22.3569423 ], [ 70.7577038, 22.3569423 ], [ 70.7578754, 22.357101 ], [ 70.7581329, 22.357101 ], [ 70.7583046, 22.3572598 ], [ 70.7583904, 22.3571804 ], [ 70.7586479, 22.3571804 ], [ 70.7586479, 22.357101 ], [ 70.7584333, 22.3570613 ], [ 70.7586479, 22.3570216 ], [ 70.7587337, 22.357101 ], [ 70.7588625, 22.3569026 ], [ 70.7586479, 22.3567835 ], [ 70.7582188, 22.3567835 ], [ 70.75809, 22.3566644 ], [ 70.75809, 22.3565057 ], [ 70.7583046, 22.3563072 ], [ 70.7584763, 22.3563072 ], [ 70.758605, 22.3561882 ], [ 70.7586908, 22.3553944 ], [ 70.7585621, 22.3551959 ], [ 70.7583904, 22.3551959 ] ], [ [ 70.7554293, 22.3552356 ], [ 70.7552147, 22.3553547 ], [ 70.7550859, 22.3552356 ], [ 70.7553005, 22.3551165 ], [ 70.7554293, 22.3552356 ] ], [ [ 70.7552147, 22.356466 ], [ 70.7553434, 22.3565851 ], [ 70.7553005, 22.3568629 ], [ 70.7551718, 22.3568232 ], [ 70.7551718, 22.3566644 ], [ 70.7550859, 22.3565851 ], [ 70.7552147, 22.356466 ] ] ] } },
{ "type": "Feature", "properties": { "element": "relation", "id": 8020032, "waterway": null }, "geometry": { "type": "Polygon", "coordinates": [ [ [ 70.7664044, 22.3737976 ], [ 70.7659968, 22.3740308 ], [ 70.765176, 22.3813003 ], [ 70.7654764, 22.381593 ], [ 70.7658733, 22.3817666 ], [ 70.7661845, 22.3818112 ], [ 70.7663937, 22.3818807 ], [ 70.7664634, 22.3821039 ], [ 70.7664098, 22.3823717 ], [ 70.7665761, 22.3831307 ], [ 70.767016, 22.383344 ], [ 70.767885, 22.383463 ], [ 70.7697035, 22.3837308 ], [ 70.7692261, 22.3849213 ], [ 70.7694514, 22.3850007 ], [ 70.7699396, 22.385452 ], [ 70.7707228, 22.3854024 ], [ 70.7707228, 22.3850056 ], [ 70.7707871, 22.3846286 ], [ 70.7709266, 22.3842517 ], [ 70.771447, 22.384341 ], [ 70.7718386, 22.384455 ], [ 70.7721014, 22.3841971 ], [ 70.7733674, 22.3831654 ], [ 70.7742257, 22.3829868 ], [ 70.7747193, 22.3836812 ], [ 70.775127, 22.3837209 ], [ 70.7757278, 22.3825503 ], [ 70.777144, 22.3818162 ], [ 70.7779379, 22.3816971 ], [ 70.7779379, 22.3813598 ], [ 70.7768221, 22.3807448 ], [ 70.7763715, 22.3791971 ], [ 70.7762428, 22.3783836 ], [ 70.7761569, 22.3776495 ], [ 70.7765217, 22.3771534 ], [ 70.7769294, 22.3770741 ], [ 70.7777019, 22.377709 ], [ 70.7781739, 22.3786416 ], [ 70.778646, 22.3790384 ], [ 70.7791825, 22.3787209 ], [ 70.77944, 22.3783241 ], [ 70.7804485, 22.3786614 ], [ 70.7811566, 22.3787606 ], [ 70.7818861, 22.37884 ], [ 70.7825942, 22.3792368 ], [ 70.7829161, 22.3786416 ], [ 70.7827659, 22.3782646 ], [ 70.7824655, 22.3776098 ], [ 70.7823153, 22.3772725 ], [ 70.7826586, 22.3768161 ], [ 70.7835813, 22.3762804 ], [ 70.7840533, 22.3759828 ], [ 70.7848687, 22.3762209 ], [ 70.7854266, 22.3765185 ], [ 70.7859416, 22.3769947 ], [ 70.7864781, 22.3772526 ], [ 70.7868643, 22.3768161 ], [ 70.7871218, 22.3760026 ], [ 70.7877226, 22.3763597 ], [ 70.7881088, 22.3757843 ], [ 70.7890315, 22.3761613 ], [ 70.7891817, 22.375824 ], [ 70.7891388, 22.3751891 ], [ 70.7891603, 22.374574 ], [ 70.789804, 22.3743755 ], [ 70.7901259, 22.3739985 ], [ 70.7902761, 22.3735025 ], [ 70.7911129, 22.3732048 ], [ 70.7914777, 22.3724508 ], [ 70.7917352, 22.372054 ], [ 70.7930012, 22.3718952 ], [ 70.7944603, 22.3723516 ], [ 70.7948895, 22.3719151 ], [ 70.7945032, 22.3713992 ], [ 70.793838, 22.3713396 ], [ 70.7928725, 22.3712404 ], [ 70.7921429, 22.3712603 ], [ 70.7914992, 22.3711214 ], [ 70.7915421, 22.370784 ], [ 70.7912417, 22.3702483 ], [ 70.7905121, 22.3702086 ], [ 70.7899757, 22.3705856 ], [ 70.7893534, 22.3710618 ], [ 70.7886882, 22.3709428 ], [ 70.7884951, 22.3703872 ], [ 70.7886453, 22.3699308 ], [ 70.7890101, 22.3693355 ], [ 70.7887311, 22.3686807 ], [ 70.7878084, 22.3683632 ], [ 70.7869501, 22.3682243 ], [ 70.786006, 22.3683235 ], [ 70.7853837, 22.368641 ], [ 70.7845898, 22.369018 ], [ 70.7838602, 22.3691172 ], [ 70.7834525, 22.3687402 ], [ 70.7834525, 22.3682243 ], [ 70.7836457, 22.3675298 ], [ 70.7844412, 22.3664234 ], [ 70.7853891, 22.3657017 ], [ 70.7858612, 22.3652949 ], [ 70.7865478, 22.3647095 ], [ 70.7871433, 22.3641242 ], [ 70.787449, 22.3637223 ], [ 70.7879586, 22.3633999 ], [ 70.7892246, 22.3629385 ], [ 70.7900239, 22.3623878 ], [ 70.7905282, 22.361857 ], [ 70.7916601, 22.3611128 ], [ 70.7922502, 22.3605473 ], [ 70.7929636, 22.3600065 ], [ 70.7941116, 22.3595501 ], [ 70.7945998, 22.3592971 ], [ 70.7952757, 22.3586968 ], [ 70.7959409, 22.3582106 ], [ 70.7968636, 22.3577244 ], [ 70.7976039, 22.356494 ], [ 70.7982798, 22.3560872 ], [ 70.7984193, 22.35573 ], [ 70.7994492, 22.3556109 ], [ 70.800726, 22.3540829 ], [ 70.8007581, 22.3534379 ], [ 70.8001895, 22.3530807 ], [ 70.799578, 22.3526044 ], [ 70.7989664, 22.352009 ], [ 70.7988806, 22.3515327 ], [ 70.7990737, 22.3511755 ], [ 70.799299, 22.3508481 ], [ 70.8008654, 22.349191 ], [ 70.8000055, 22.3489148 ], [ 70.7997067, 22.349062 ], [ 70.7993849, 22.3489826 ], [ 70.7993634, 22.3486452 ], [ 70.7992104, 22.3485555 ], [ 70.7982798, 22.3480101 ], [ 70.7973249, 22.3490917 ], [ 70.7967563, 22.3503321 ], [ 70.7963271, 22.3512748 ], [ 70.7959516, 22.3520785 ], [ 70.795147, 22.3535074 ], [ 70.7944067, 22.3542516 ], [ 70.7939132, 22.3546782 ], [ 70.7931836, 22.3540729 ], [ 70.7920892, 22.3537753 ], [ 70.7913597, 22.3544302 ], [ 70.7908232, 22.3555018 ], [ 70.7908232, 22.3562757 ], [ 70.7905443, 22.3570298 ], [ 70.7899435, 22.3575061 ], [ 70.7890852, 22.357387 ], [ 70.7886989, 22.3573474 ], [ 70.7883985, 22.3581015 ], [ 70.7877763, 22.358796 ], [ 70.7874758, 22.3593517 ], [ 70.7871111, 22.3601851 ], [ 70.7865746, 22.3606018 ], [ 70.7859524, 22.3605423 ], [ 70.7854374, 22.3603637 ], [ 70.7850297, 22.3604034 ], [ 70.7842572, 22.3606415 ], [ 70.7835276, 22.3613162 ], [ 70.7826908, 22.3615941 ], [ 70.78209, 22.3617131 ], [ 70.7814892, 22.3620306 ], [ 70.7804163, 22.3623878 ], [ 70.7796223, 22.3624473 ], [ 70.778764, 22.3627252 ], [ 70.7779916, 22.3630824 ], [ 70.7774766, 22.3637967 ], [ 70.7768543, 22.3643722 ], [ 70.7766183, 22.3647889 ], [ 70.7764681, 22.3654041 ], [ 70.7759102, 22.3663962 ], [ 70.7752235, 22.3667733 ], [ 70.77473, 22.3671304 ], [ 70.7739146, 22.3672495 ], [ 70.7734425, 22.3673686 ], [ 70.7723053, 22.3678646 ], [ 70.7713182, 22.3687179 ], [ 70.7708462, 22.3696108 ], [ 70.7701595, 22.3697299 ], [ 70.7694299, 22.3697696 ], [ 70.7686789, 22.3704442 ], [ 70.7679494, 22.3710197 ], [ 70.7675417, 22.3716943 ], [ 70.7670481, 22.3720713 ], [ 70.7662971, 22.3725674 ], [ 70.7663186, 22.3728254 ], [ 70.7667263, 22.373242 ], [ 70.7667209, 22.3735992 ], [ 70.7664044, 22.3737976 ] ], [ [ 70.7944389, 22.3573163 ], [ 70.7943691, 22.3572519 ], [ 70.7942887, 22.3571725 ], [ 70.794286, 22.3570832 ], [ 70.7944603, 22.3569393 ], [ 70.7946937, 22.3566962 ], [ 70.7948466, 22.3566317 ], [ 70.7950477, 22.356535 ], [ 70.7951952, 22.3564357 ], [ 70.7953669, 22.3561554 ], [ 70.7955091, 22.3560413 ], [ 70.79567, 22.3559867 ], [ 70.7956593, 22.3561058 ], [ 70.7956137, 22.3562621 ], [ 70.7955171, 22.3564829 ], [ 70.7953428, 22.3566441 ], [ 70.7952113, 22.3567805 ], [ 70.7950906, 22.3569071 ], [ 70.7949565, 22.3570236 ], [ 70.7948117, 22.3570906 ], [ 70.7946588, 22.357108 ], [ 70.7945676, 22.3571774 ], [ 70.7944389, 22.3573163 ] ], [ [ 70.7918264, 22.3589002 ], [ 70.7917245, 22.3588605 ], [ 70.7916547, 22.3588258 ], [ 70.7917191, 22.3587067 ], [ 70.7918425, 22.358538 ], [ 70.7920839, 22.35829 ], [ 70.7923146, 22.3580866 ], [ 70.7924755, 22.3579526 ], [ 70.7927759, 22.3577988 ], [ 70.7931085, 22.3576401 ], [ 70.7934304, 22.3573523 ], [ 70.7937361, 22.3572332 ], [ 70.7939561, 22.357134 ], [ 70.7940741, 22.357263 ], [ 70.7941599, 22.3575905 ], [ 70.7939614, 22.3578584 ], [ 70.7936288, 22.3580717 ], [ 70.7933177, 22.3581808 ], [ 70.7929207, 22.3583148 ], [ 70.7926632, 22.3583148 ], [ 70.7925023, 22.3583098 ], [ 70.7923414, 22.3583892 ], [ 70.7922073, 22.3585231 ], [ 70.7920517, 22.3587315 ], [ 70.7918264, 22.3589002 ] ] ] } },
{ "type": "Feature", "properties": { "element": "way", "id": 44505946, "waterway": "river" }, "geometry": { "type": "LineString", "coordinates": [ [ 70.7538632, 22.2752859 ], [ 70.7537087, 22.2758419 ], [ 70.7534683, 22.2763105 ], [ 70.7529362, 22.2771445 ], [ 70.7522667, 22.277494 ], [ 70.7509792, 22.2780102 ], [ 70.7500866, 22.2780817 ], [ 70.7488678, 22.2782564 ], [ 70.7476147, 22.2783279 ], [ 70.7464474, 22.2786456 ], [ 70.7458122, 22.2790427 ], [ 70.7448938, 22.2799958 ], [ 70.7437437, 22.2807265 ], [ 70.7432802, 22.2811554 ], [ 70.7429884, 22.2820449 ], [ 70.7428425, 22.2829106 ], [ 70.7426537, 22.2834745 ], [ 70.7422674, 22.2839828 ], [ 70.741864, 22.2844275 ], [ 70.7411688, 22.2848723 ], [ 70.7382935, 22.2859206 ], [ 70.7374352, 22.2865242 ], [ 70.7371004, 22.2875725 ], [ 70.735401, 22.287914 ], [ 70.7347935, 22.2880448 ], [ 70.7341495, 22.2883637 ], [ 70.7335255, 22.2886996 ], [ 70.7327582, 22.2890572 ], [ 70.7315901, 22.2895659 ], [ 70.7306975, 22.2904792 ], [ 70.7299336, 22.2911384 ], [ 70.7288864, 22.2922978 ], [ 70.7281912, 22.293775 ], [ 70.7277964, 22.2943468 ], [ 70.7268093, 22.2949741 ], [ 70.725273, 22.2954109 ], [ 70.7248695, 22.2956491 ] ] } },
{ "type": "Feature", "properties": { "element": "way", "id": 44508061, "waterway": null }, "geometry": { "type": "Polygon", "coordinates": [ [ [ 70.8377712, 22.3069334 ], [ 70.837385, 22.3071716 ], [ 70.8368958, 22.3076798 ], [ 70.836767, 22.3079816 ], [ 70.8363808, 22.308458 ], [ 70.8361748, 22.3086724 ], [ 70.8359087, 22.308998 ], [ 70.8356941, 22.3091647 ], [ 70.8356941, 22.3092362 ], [ 70.8354538, 22.3093077 ], [ 70.8353251, 22.3093791 ], [ 70.8354109, 22.3094903 ], [ 70.8353508, 22.3095697 ], [ 70.8353766, 22.3096809 ], [ 70.835644, 22.3097888 ], [ 70.8361834, 22.3100064 ], [ 70.8363379, 22.3095697 ], [ 70.8365868, 22.3091727 ], [ 70.8367498, 22.3088868 ], [ 70.8368614, 22.3087439 ], [ 70.8368614, 22.3085692 ], [ 70.8371447, 22.3081245 ], [ 70.8374193, 22.3077354 ], [ 70.837797, 22.307394 ], [ 70.8381489, 22.3071954 ], [ 70.838209, 22.3069731 ], [ 70.8380201, 22.306854 ], [ 70.8377712, 22.3069334 ] ] ] } },
{ "type": "Feature", "properties": { "element": "way", "id": 44508068, "waterway": null }, "geometry": { "type": "Polygon", "coordinates": [ [ [ 70.8389042, 22.3062028 ], [ 70.8387325, 22.306044 ], [ 70.8385609, 22.3061234 ], [ 70.8384064, 22.3062823 ], [ 70.8381832, 22.3063855 ], [ 70.8382176, 22.3065284 ], [ 70.8381489, 22.3066555 ], [ 70.8381746, 22.3067666 ], [ 70.8383291, 22.3067587 ], [ 70.8384064, 22.3066555 ], [ 70.8385609, 22.3066475 ], [ 70.8385866, 22.3064728 ], [ 70.8387755, 22.3063299 ], [ 70.8388441, 22.3062981 ], [ 70.8389042, 22.3062028 ] ] ] } },
{ "type": "Feature", "properties": { "element": "way", "id": 72663721, "waterway": null }, "geometry": { "type": "Polygon", "coordinates": [ [ [ 70.7296895, 22.2915188 ], [ 70.7299577, 22.291231 ], [ 70.7301616, 22.2913203 ], [ 70.7302689, 22.2910423 ], [ 70.7312666, 22.2901787 ], [ 70.7314598, 22.2901588 ], [ 70.7314598, 22.2900596 ], [ 70.7312988, 22.29 ], [ 70.7314168, 22.289593 ], [ 70.7312452, 22.2895434 ], [ 70.7311915, 22.2897518 ], [ 70.7307195, 22.2902581 ], [ 70.7298719, 22.2909729 ], [ 70.7294106, 22.2915188 ], [ 70.7287561, 22.2922237 ], [ 70.7284128, 22.2928788 ], [ 70.7279085, 22.293941 ], [ 70.7274794, 22.2943679 ], [ 70.7268893, 22.2947649 ], [ 70.7263528, 22.2949436 ], [ 70.7254945, 22.2951918 ], [ 70.7250546, 22.2952712 ], [ 70.7248508, 22.2954797 ], [ 70.7250546, 22.2957675 ], [ 70.7252799, 22.2955591 ], [ 70.7269644, 22.295033 ], [ 70.7279192, 22.2944771 ], [ 70.7282089, 22.2941396 ], [ 70.7286917, 22.292998 ], [ 70.7291423, 22.2921939 ], [ 70.7296895, 22.2915188 ] ] ] } },
{ "type": "Feature", "properties": { "element": "way", "id": 72663734, "waterway": null }, "geometry": { "type": "Polygon", "coordinates": [ [ [ 70.7361804, 22.2876125 ], [ 70.7351344, 22.2876969 ], [ 70.7341849, 22.2881833 ], [ 70.7332853, 22.2887259 ], [ 70.7326808, 22.2889867 ], [ 70.7324965, 22.2890732 ], [ 70.7324504, 22.2891413 ], [ 70.7324929, 22.2892238 ], [ 70.7325779, 22.2892538 ], [ 70.7329282, 22.289152 ], [ 70.7334205, 22.2889293 ], [ 70.7346248, 22.2882577 ], [ 70.7357727, 22.2880493 ], [ 70.7360571, 22.2879351 ], [ 70.7361804, 22.2876125 ] ] ] } },
{ "type": "Feature", "properties": { "element": "way", "id": 72663825, "waterway": null }, "geometry": { "type": "Polygon", "coordinates": [ [ [ 70.7387446, 22.2856221 ], [ 70.7379722, 22.2859298 ], [ 70.7374679, 22.2862872 ], [ 70.7370817, 22.2867736 ], [ 70.7369958, 22.2869821 ], [ 70.7374786, 22.2870615 ], [ 70.7376074, 22.2866843 ], [ 70.7378649, 22.2864063 ], [ 70.7382726, 22.286039 ], [ 70.7392596, 22.2857213 ], [ 70.7394527, 22.2855724 ], [ 70.7398926, 22.2854434 ], [ 70.7400643, 22.2854732 ], [ 70.7406436, 22.2852746 ], [ 70.7416414, 22.2847484 ], [ 70.7418453, 22.2845598 ], [ 70.7419993, 22.2843903 ], [ 70.7423859, 22.2839257 ], [ 70.7422597, 22.2838593 ], [ 70.7419683, 22.2842227 ], [ 70.7418667, 22.2843315 ], [ 70.7411157, 22.2848279 ], [ 70.7390987, 22.2854434 ], [ 70.7387446, 22.2856221 ] ] ] } },
{ "type": "Feature", "properties": { "element": "way", "id": 72664469, "waterway": null }, "geometry": { "type": "Polygon", "coordinates": [ [ [ 70.7371139, 22.2270677 ], [ 70.7378541, 22.2268889 ], [ 70.7379829, 22.2267399 ], [ 70.7382726, 22.2267399 ], [ 70.7389378, 22.2264618 ], [ 70.7390236, 22.2262731 ], [ 70.7395708, 22.2263427 ], [ 70.7396888, 22.2261639 ], [ 70.739206, 22.2260348 ], [ 70.7389163, 22.2260348 ], [ 70.7386374, 22.2262136 ], [ 70.7375645, 22.2264519 ], [ 70.7374143, 22.2263029 ], [ 70.7365345, 22.2267797 ], [ 70.7349466, 22.227306 ], [ 70.733981, 22.2278821 ], [ 70.7317709, 22.229491 ], [ 70.7310413, 22.2300868 ], [ 70.7302581, 22.2304642 ], [ 70.7300436, 22.2308416 ], [ 70.7295643, 22.2311135 ], [ 70.7292389, 22.2313481 ], [ 70.7297002, 22.2318447 ], [ 70.7301616, 22.2313978 ], [ 70.7307409, 22.23108 ], [ 70.7310306, 22.2310601 ], [ 70.7313417, 22.230931 ], [ 70.7311701, 22.2308416 ], [ 70.7312988, 22.2305834 ], [ 70.7319211, 22.2302259 ], [ 70.7321035, 22.230494 ], [ 70.7318782, 22.2308615 ], [ 70.732243, 22.2314375 ], [ 70.7326614, 22.2315567 ], [ 70.7330369, 22.231517 ], [ 70.7330369, 22.2312786 ], [ 70.7327687, 22.2311197 ], [ 70.7326507, 22.2309012 ], [ 70.7329189, 22.2307522 ], [ 70.7331549, 22.2308416 ], [ 70.7335733, 22.2306728 ], [ 70.7335519, 22.230494 ], [ 70.7340776, 22.2304841 ], [ 70.7346891, 22.2303153 ], [ 70.7349037, 22.2299875 ], [ 70.7354187, 22.2298982 ], [ 70.7353865, 22.2296598 ], [ 70.7346677, 22.2298882 ], [ 70.7343136, 22.2299975 ], [ 70.733981, 22.2302656 ], [ 70.7337557, 22.2301862 ], [ 70.7333695, 22.2301862 ], [ 70.7329082, 22.2304642 ], [ 70.732715, 22.2303848 ], [ 70.7328652, 22.2301862 ], [ 70.7328116, 22.230067 ], [ 70.7325863, 22.2301166 ], [ 70.7325434, 22.2303153 ], [ 70.7323181, 22.230355 ], [ 70.7322322, 22.2302557 ], [ 70.7321679, 22.2299379 ], [ 70.7326399, 22.2293718 ], [ 70.734142, 22.2285375 ], [ 70.7355904, 22.2275444 ], [ 70.7358264, 22.2275345 ], [ 70.7362126, 22.2272663 ], [ 70.7364272, 22.2272564 ], [ 70.7366632, 22.2270975 ], [ 70.7371139, 22.2270677 ] ] ] } },
{ "type": "Feature", "properties": { "element": "way", "id": 72696255, "waterway": "stream" }, "geometry": { "type": "LineString", "coordinates": [ [ 70.8769441, 22.3581925 ], [ 70.8765418, 22.3585001 ], [ 70.8765257, 22.3589168 ], [ 70.8760804, 22.3592443 ], [ 70.8757156, 22.359155 ], [ 70.8749807, 22.359016 ], [ 70.8745462, 22.3591847 ], [ 70.8740688, 22.3596213 ], [ 70.8737844, 22.3602464 ], [ 70.8735806, 22.3607475 ], [ 70.8732426, 22.3608864 ], [ 70.872556, 22.3609757 ], [ 70.8719123, 22.3609013 ], [ 70.8713383, 22.3610054 ], [ 70.870775, 22.3613874 ], [ 70.8705819, 22.3616305 ], [ 70.870362, 22.3616355 ], [ 70.8701916, 22.3615115 ], [ 70.8697946, 22.361184 ], [ 70.8690972, 22.3608665 ], [ 70.8683248, 22.3602811 ], [ 70.8676059, 22.3598049 ], [ 70.8669944, 22.3595072 ], [ 70.8667369, 22.3591698 ], [ 70.8664472, 22.3583165 ], [ 70.8660073, 22.3575724 ], [ 70.8652992, 22.3568976 ], [ 70.8645589, 22.3564511 ], [ 70.8639367, 22.3564511 ], [ 70.8633359, 22.3567488 ], [ 70.8624132, 22.3579296 ], [ 70.8620484, 22.3580982 ], [ 70.8612437, 22.358644 ], [ 70.8606322, 22.358634 ], [ 70.860364, 22.3589119 ], [ 70.8602567, 22.3589912 ], [ 70.8595593, 22.3591252 ], [ 70.8589961, 22.3589614 ], [ 70.8582933, 22.3586489 ], [ 70.8564372, 22.3588324 ], [ 70.8551927, 22.3586638 ], [ 70.854329, 22.3583214 ], [ 70.8539446, 22.3581364 ], [ 70.8518453, 22.3591698 ], [ 70.8507831, 22.3589466 ], [ 70.8501823, 22.3587878 ], [ 70.8490987, 22.3590855 ], [ 70.8485194, 22.3590309 ], [ 70.8478971, 22.358758 ], [ 70.8477201, 22.3583463 ], [ 70.8476932, 22.3574979 ], [ 70.8475108, 22.3567984 ], [ 70.8471139, 22.3567934 ], [ 70.8469369, 22.3570712 ], [ 70.8465989, 22.3573441 ], [ 70.8463146, 22.3573292 ], [ 70.8462878, 22.3569621 ], [ 70.8461536, 22.3565652 ], [ 70.8449842, 22.3556474 ], [ 70.8436592, 22.3549429 ], [ 70.8411808, 22.3545857 ], [ 70.8404244, 22.3541193 ], [ 70.8400154, 22.3539457 ], [ 70.8390769, 22.3535222 ], [ 70.8374302, 22.3515885 ], [ 70.836896, 22.3506543 ] ] } },
{ "type": "Feature", "properties": { "element": "way", "id": 72702741, "waterway": "stream" }, "geometry": { "type": "LineString", "coordinates": [ [ 70.8860257, 22.3473284 ], [ 70.8852879, 22.3470855 ], [ 70.8828078, 22.3468156 ], [ 70.8820784, 22.3454316 ], [ 70.8813406, 22.3456861 ], [ 70.8809871, 22.3464443 ], [ 70.8801627, 22.3467715 ], [ 70.8791596, 22.3469997 ], [ 70.8784113, 22.3472205 ], [ 70.8775074, 22.3470146 ], [ 70.8757693, 22.3470741 ], [ 70.8747179, 22.3466574 ], [ 70.8736879, 22.3466971 ], [ 70.8727008, 22.3472329 ], [ 70.8713705, 22.3486023 ], [ 70.8702989, 22.3493465 ], [ 70.8698483, 22.3497236 ], [ 70.8694406, 22.3499816 ], [ 70.868947, 22.3501403 ], [ 70.8686144, 22.3503785 ], [ 70.868357, 22.3503785 ], [ 70.8680136, 22.3504777 ], [ 70.8679063, 22.3502892 ], [ 70.8675523, 22.3501602 ], [ 70.8671661, 22.3502098 ], [ 70.8667798, 22.3500907 ], [ 70.8664057, 22.3500113 ], [ 70.8662018, 22.3501354 ], [ 70.8658424, 22.3501751 ], [ 70.8654616, 22.3500312 ], [ 70.8651236, 22.3501949 ], [ 70.8646515, 22.3508895 ], [ 70.8638093, 22.3514402 ], [ 70.8633265, 22.3519612 ], [ 70.8629456, 22.3525664 ], [ 70.8626452, 22.352626 ], [ 70.8620873, 22.3525664 ], [ 70.8611754, 22.3527252 ], [ 70.8605048, 22.3527649 ], [ 70.8596519, 22.3527847 ], [ 70.8591315, 22.3527748 ], [ 70.8587453, 22.3524722 ], [ 70.8581472, 22.3522588 ], [ 70.8578575, 22.3519215 ], [ 70.8574283, 22.3514651 ], [ 70.8569803, 22.3511639 ], [ 70.8568738, 22.3511321 ], [ 70.8567347, 22.3511078 ], [ 70.8562964, 22.3510483 ], [ 70.8558203, 22.3509956 ], [ 70.8557093, 22.3509342 ], [ 70.8556362, 22.3508487 ], [ 70.8553201, 22.3502941 ], [ 70.8552128, 22.3499865 ], [ 70.8549446, 22.3494953 ], [ 70.8549822, 22.3489645 ], [ 70.8548641, 22.3484584 ], [ 70.8541829, 22.3480516 ], [ 70.8538742, 22.3478811 ], [ 70.8535284, 22.3478134 ], [ 70.8528418, 22.3479474 ], [ 70.8525274, 22.3481149 ], [ 70.8522839, 22.3483741 ], [ 70.8521068, 22.3489595 ], [ 70.8519896, 22.3492474 ], [ 70.8518477, 22.3494554 ], [ 70.8514469, 22.3497053 ], [ 70.8512861, 22.3497136 ], [ 70.8511249, 22.3496174 ], [ 70.8510124, 22.3494954 ], [ 70.8507604, 22.349282 ], [ 70.8505861, 22.349215 ], [ 70.8503366, 22.3491679 ], [ 70.8501328, 22.34921 ], [ 70.8498216, 22.3493118 ], [ 70.849371, 22.3493663 ], [ 70.8490438, 22.3492473 ], [ 70.8486414, 22.3489049 ], [ 70.8480595, 22.3486628 ], [ 70.847826, 22.3486122 ], [ 70.8475796, 22.3485915 ], [ 70.8474614, 22.3485404 ], [ 70.8473758, 22.3484517 ], [ 70.8472467, 22.3481954 ], [ 70.8471823, 22.3477886 ], [ 70.8471323, 22.3476977 ], [ 70.8470375, 22.3475455 ], [ 70.846869, 22.3474299 ], [ 70.8461201, 22.3471883 ], [ 70.84582, 22.347107 ], [ 70.845632, 22.3469997 ], [ 70.8450848, 22.3466226 ], [ 70.8446765, 22.3466127 ], [ 70.8445651, 22.3466341 ], [ 70.8444583, 22.3466858 ], [ 70.8441758, 22.3469334 ], [ 70.8441248, 22.3469662 ], [ 70.8440535, 22.3469877 ], [ 70.843851, 22.3470146 ], [ 70.8428451, 22.3472344 ], [ 70.8426721, 22.3473031 ], [ 70.8420493, 22.347619 ], [ 70.8418232, 22.3477737 ], [ 70.8416887, 22.3479309 ], [ 70.841455, 22.3484533 ], [ 70.8414746, 22.3490146 ], [ 70.8414156, 22.3491332 ], [ 70.8412602, 22.3492561 ], [ 70.8407438, 22.3495194 ], [ 70.836896, 22.3506543 ] ] } },
{ "type": "Feature", "properties": { "element": "way", "id": 72716986, "waterway": "stream" }, "geometry": { "type": "LineString", "coordinates": [ [ 70.8425451, 22.1498446 ], [ 70.8424597, 22.1502548 ], [ 70.8422783, 22.1504575 ], [ 70.8421556, 22.1506601 ], [ 70.8424171, 22.1509516 ], [ 70.8427479, 22.1511197 ], [ 70.8427852, 22.1513569 ], [ 70.8426625, 22.1516485 ], [ 70.8421236, 22.1518659 ], [ 70.8421663, 22.1519845 ], [ 70.8425344, 22.1522959 ], [ 70.8425985, 22.1525281 ], [ 70.8418541, 22.1527802 ], [ 70.8413793, 22.1528741 ], [ 70.8411632, 22.1531137 ], [ 70.8411898, 22.1540552 ], [ 70.8409817, 22.1541145 ], [ 70.8407897, 22.1544703 ], [ 70.8406242, 22.1545197 ], [ 70.8405069, 22.1544703 ], [ 70.8402241, 22.1540304 ], [ 70.8399573, 22.1538822 ], [ 70.8396104, 22.153813 ], [ 70.8394824, 22.1538179 ], [ 70.8393277, 22.1539415 ], [ 70.839269, 22.1542726 ], [ 70.8391996, 22.154579 ], [ 70.8391089, 22.155261 ], [ 70.8391089, 22.1558836 ], [ 70.8388634, 22.1561999 ], [ 70.8386927, 22.1568374 ], [ 70.8386927, 22.1570548 ], [ 70.838634, 22.1577763 ], [ 70.8384846, 22.15831 ], [ 70.8381591, 22.1585966 ], [ 70.8377429, 22.1587152 ], [ 70.8370813, 22.1587943 ], [ 70.8368465, 22.1589228 ], [ 70.8368412, 22.1591847 ], [ 70.8368252, 22.1595158 ], [ 70.8368679, 22.160005 ], [ 70.8367291, 22.1603015 ], [ 70.836457, 22.1605585 ], [ 70.8358381, 22.1608896 ], [ 70.8354592, 22.1615814 ], [ 70.8349363, 22.1621645 ], [ 70.8342427, 22.1633554 ], [ 70.8338692, 22.1643042 ], [ 70.8338318, 22.1650701 ], [ 70.8340986, 22.1655593 ], [ 70.8347016, 22.1663054 ], [ 70.8350644, 22.1665822 ], [ 70.8350644, 22.1669676 ], [ 70.8348616, 22.1674766 ], [ 70.8344614, 22.1680448 ], [ 70.8344668, 22.1687317 ], [ 70.8346802, 22.1696359 ], [ 70.8348323, 22.1703153 ], [ 70.8345478, 22.1710239 ], [ 70.8343118, 22.1711516 ], [ 70.8333462, 22.1712902 ], [ 70.8323951, 22.171098 ], [ 70.8315695, 22.1712813 ], [ 70.831053, 22.1716211 ], [ 70.8309226, 22.1721218 ], [ 70.8311061, 22.1727343 ], [ 70.831164, 22.1734363 ], [ 70.8308791, 22.1741024 ], [ 70.8302177, 22.1747284 ], [ 70.8300364, 22.1750041 ], [ 70.8295225, 22.1757835 ], [ 70.8293197, 22.1765167 ], [ 70.829368, 22.1773885 ], [ 70.8301743, 22.1786091 ], [ 70.8302756, 22.1791858 ], [ 70.8300874, 22.179767 ], [ 70.8288514, 22.1807505 ], [ 70.8283879, 22.1813943 ], [ 70.8282769, 22.1821052 ], [ 70.8286052, 22.1830082 ], [ 70.8285813, 22.1832018 ], [ 70.8285472, 22.1834776 ], [ 70.8279486, 22.1841706 ], [ 70.8267223, 22.1847428 ], [ 70.8263795, 22.1851273 ], [ 70.8263312, 22.18578 ], [ 70.826814, 22.1867903 ], [ 70.8268623, 22.187832 ], [ 70.8265533, 22.1886322 ], [ 70.8258387, 22.1898884 ], [ 70.8256215, 22.1908182 ], [ 70.8249842, 22.1935451 ], [ 70.8247959, 22.1949085 ], [ 70.824989, 22.1969157 ], [ 70.8243278, 22.1980568 ], [ 70.8237144, 22.2007689 ], [ 70.8230337, 22.2022664 ], [ 70.8228695, 22.2029011 ], [ 70.8229902, 22.2048009 ], [ 70.8229468, 22.2056636 ], [ 70.8225605, 22.2064011 ], [ 70.8203976, 22.2078717 ], [ 70.8202865, 22.2080773 ], [ 70.8203686, 22.2083455 ], [ 70.8215177, 22.2093735 ], [ 70.8215853, 22.2097803 ], [ 70.8212956, 22.2102764 ], [ 70.8206197, 22.2105223 ], [ 70.8204169, 22.2107145 ], [ 70.8202914, 22.2114386 ], [ 70.8204186, 22.2123003 ], [ 70.8204748, 22.2126811 ], [ 70.8211073, 22.2138254 ], [ 70.8213439, 22.2146076 ], [ 70.821257, 22.2156088 ], [ 70.820948, 22.2159708 ], [ 70.8202045, 22.2165116 ], [ 70.819992, 22.2170167 ], [ 70.8202624, 22.2181206 ], [ 70.820668, 22.2188715 ], [ 70.8209721, 22.2205297 ], [ 70.8215466, 22.2218929 ], [ 70.8220632, 22.223694 ], [ 70.822295, 22.224789 ], [ 70.8222033, 22.2257007 ], [ 70.8214791, 22.2267778 ], [ 70.8211797, 22.2276895 ], [ 70.821339, 22.2300225 ], [ 70.8210638, 22.2313811 ], [ 70.8210156, 22.2321453 ], [ 70.8212232, 22.2326458 ], [ 70.8224447, 22.2338569 ], [ 70.8226764, 22.2344826 ], [ 70.8226861, 22.2349384 ], [ 70.8224109, 22.2354211 ], [ 70.8216867, 22.2358769 ], [ 70.8209721, 22.2358635 ], [ 70.8207597, 22.2361182 ], [ 70.8206342, 22.2374812 ], [ 70.8203783, 22.2380935 ], [ 70.8202624, 22.2384555 ], [ 70.8202769, 22.239166 ], [ 70.8208369, 22.2404128 ], [ 70.8210642, 22.2415818 ], [ 70.8211715, 22.2435182 ], [ 70.8215256, 22.2437268 ], [ 70.821547, 22.2439452 ], [ 70.8213325, 22.24469 ], [ 70.8212359, 22.2455937 ], [ 70.8214398, 22.2461398 ], [ 70.8218796, 22.2468151 ], [ 70.8222981, 22.2477982 ], [ 70.8223195, 22.2482947 ], [ 70.8220728, 22.2493076 ], [ 70.8221586, 22.2505885 ] ] } },
{ "type": "Feature", "properties": { "element": "way", "id": 132973430, "waterway": null }, "geometry": { "type": "Polygon", "coordinates": [ [ [ 70.8199525, 22.2427883 ], [ 70.8198452, 22.242689 ], [ 70.8197594, 22.2427684 ], [ 70.8197165, 22.2427684 ], [ 70.8196735, 22.242689 ], [ 70.819459, 22.2425698 ], [ 70.8192873, 22.2425301 ], [ 70.8192015, 22.2426096 ], [ 70.8191156, 22.2424904 ], [ 70.818944, 22.2424904 ], [ 70.8189011, 22.2424507 ], [ 70.8187509, 22.2425102 ], [ 70.8187509, 22.2426294 ], [ 70.8186221, 22.2427883 ], [ 70.8187509, 22.2429472 ], [ 70.8187509, 22.2430266 ], [ 70.8188796, 22.2431061 ], [ 70.8189225, 22.2431855 ], [ 70.8188796, 22.2432252 ], [ 70.818944, 22.2433245 ], [ 70.8190727, 22.2432054 ], [ 70.8191371, 22.2431855 ], [ 70.8190942, 22.2431458 ], [ 70.8191156, 22.2430465 ], [ 70.81918, 22.243265 ], [ 70.8193302, 22.243404 ], [ 70.819459, 22.2433643 ], [ 70.8196306, 22.2431657 ], [ 70.8196735, 22.2431657 ], [ 70.8194804, 22.2435827 ], [ 70.8195448, 22.2436423 ], [ 70.8196306, 22.2436423 ], [ 70.8197594, 22.2437218 ], [ 70.8198667, 22.243543 ], [ 70.8199525, 22.2434239 ], [ 70.8199525, 22.2433444 ], [ 70.8200812, 22.2432252 ], [ 70.8200812, 22.2430664 ], [ 70.82021, 22.2429869 ], [ 70.8201885, 22.2429273 ], [ 70.8201027, 22.2429273 ], [ 70.8200598, 22.2428876 ], [ 70.8199525, 22.2427883 ] ] ] } },
{ "type": "Feature", "properties": { "element": "way", "id": 132973436, "waterway": null }, "geometry": { "type": "Polygon", "coordinates": [ [ [ 70.8175492, 22.238538 ], [ 70.8175492, 22.2390544 ], [ 70.8176994, 22.2391537 ], [ 70.817757, 22.2390291 ], [ 70.8177483, 22.2389792 ], [ 70.8179091, 22.238603 ], [ 70.8179784, 22.2383394 ], [ 70.8177423, 22.2382798 ], [ 70.8176994, 22.2383592 ], [ 70.8175921, 22.2384188 ], [ 70.8175492, 22.238538 ] ] ] } },
{ "type": "Feature", "properties": { "element": "way", "id": 132973445, "waterway": null }, "geometry": { "type": "Polygon", "coordinates": [ [ [ 70.8302307, 22.2683073 ], [ 70.8303595, 22.2683073 ], [ 70.8305311, 22.2681882 ], [ 70.8307242, 22.2680095 ], [ 70.830853, 22.2677712 ], [ 70.8309603, 22.2676719 ], [ 70.831089, 22.2676322 ], [ 70.8312392, 22.2674932 ], [ 70.8312821, 22.267374 ], [ 70.8312821, 22.2671357 ], [ 70.8313251, 22.2670563 ], [ 70.8312178, 22.266957 ], [ 70.8309603, 22.2669967 ], [ 70.8308315, 22.2669173 ], [ 70.8307457, 22.2669173 ], [ 70.830617, 22.266957 ], [ 70.8304024, 22.2671556 ], [ 70.8302307, 22.2671556 ], [ 70.8301234, 22.2672549 ], [ 70.8302951, 22.2676123 ], [ 70.8302522, 22.2676917 ], [ 70.830102, 22.2678307 ], [ 70.8299518, 22.2678903 ], [ 70.8299518, 22.2680889 ], [ 70.8300376, 22.2681683 ], [ 70.8299518, 22.2682477 ], [ 70.8299518, 22.2683272 ], [ 70.830102, 22.2684265 ], [ 70.8302307, 22.2683073 ] ] ] } },
{ "type": "Feature", "properties": { "element": "way", "id": 132973458, "waterway": null }, "geometry": { "type": "Polygon", "coordinates": [ [ [ 70.8320546, 22.2643557 ], [ 70.8319044, 22.2642564 ], [ 70.8316898, 22.2642564 ], [ 70.8315396, 22.2644748 ], [ 70.8315396, 22.2645939 ], [ 70.8314967, 22.2646337 ], [ 70.8315396, 22.2649117 ], [ 70.8316684, 22.2651103 ], [ 70.8314967, 22.2653088 ], [ 70.8314538, 22.265428 ], [ 70.831604, 22.2654478 ], [ 70.8316898, 22.2655273 ], [ 70.8318615, 22.2654478 ], [ 70.8319688, 22.2653485 ], [ 70.8319688, 22.2650308 ], [ 70.8320117, 22.2649911 ], [ 70.8320117, 22.2649117 ], [ 70.8322692, 22.2647131 ], [ 70.8322477, 22.2646138 ], [ 70.8320761, 22.2646138 ], [ 70.8320117, 22.2645542 ], [ 70.8320546, 22.2644748 ], [ 70.8320546, 22.2643557 ] ] ] } },
{ "type": "Feature", "properties": { "element": "way", "id": 132973463, "waterway": null }, "geometry": { "type": "Polygon", "coordinates": [ [ [ 70.8201241, 22.2385777 ], [ 70.8201241, 22.2386969 ], [ 70.8203173, 22.2388359 ], [ 70.8203387, 22.2388161 ], [ 70.8202958, 22.2386969 ], [ 70.8202958, 22.2385777 ], [ 70.8203387, 22.238538 ], [ 70.8203387, 22.2383791 ], [ 70.8204246, 22.2381805 ], [ 70.8205533, 22.238101 ], [ 70.8206391, 22.2379819 ], [ 70.8206391, 22.2377833 ], [ 70.8207679, 22.2375846 ], [ 70.8207679, 22.2373463 ], [ 70.8208108, 22.2373066 ], [ 70.8208108, 22.2368696 ], [ 70.8208537, 22.2368299 ], [ 70.8208537, 22.2364326 ], [ 70.8207464, 22.2363731 ], [ 70.820682, 22.2364326 ], [ 70.8206391, 22.2365915 ], [ 70.8206391, 22.2367902 ], [ 70.8205962, 22.2368299 ], [ 70.8205962, 22.2372668 ], [ 70.8205533, 22.2374655 ], [ 70.8205104, 22.2375052 ], [ 70.8205104, 22.2377038 ], [ 70.8202958, 22.2380216 ], [ 70.8202529, 22.2381805 ], [ 70.8201671, 22.2382599 ], [ 70.8201671, 22.2384188 ], [ 70.8201241, 22.2385777 ] ] ] } },
{ "type": "Feature", "properties": { "element": "way", "id": 132973465, "waterway": null }, "geometry": { "type": "Polygon", "coordinates": [ [ [ 70.8223987, 22.2506927 ], [ 70.8223987, 22.2506133 ], [ 70.8222914, 22.2504743 ], [ 70.8222055, 22.2504743 ], [ 70.8220553, 22.250653 ], [ 70.8221841, 22.2508913 ], [ 70.8221841, 22.2510502 ], [ 70.8220983, 22.2511297 ], [ 70.8220553, 22.2514077 ], [ 70.8220124, 22.2514474 ], [ 70.8220124, 22.2516063 ], [ 70.8221412, 22.2517255 ], [ 70.8221412, 22.2519638 ], [ 70.8220983, 22.2520035 ], [ 70.8221412, 22.2520432 ], [ 70.8221412, 22.2521226 ], [ 70.8223128, 22.252361 ], [ 70.8223128, 22.2524404 ], [ 70.822227, 22.2525993 ], [ 70.8223557, 22.252639 ], [ 70.8223987, 22.2527582 ], [ 70.8223987, 22.2528376 ], [ 70.8223557, 22.252917 ], [ 70.822463, 22.2530163 ], [ 70.8225918, 22.253056 ], [ 70.8226776, 22.253056 ], [ 70.822742, 22.252917 ], [ 70.8225703, 22.2525993 ], [ 70.8225703, 22.2524801 ], [ 70.8225274, 22.2524404 ], [ 70.8225703, 22.2522021 ], [ 70.822506, 22.2521425 ], [ 70.8223772, 22.2522219 ], [ 70.8223557, 22.2522021 ], [ 70.822463, 22.2519439 ], [ 70.8226562, 22.2519241 ], [ 70.8226562, 22.2517255 ], [ 70.822742, 22.2516063 ], [ 70.822742, 22.2513283 ], [ 70.8225703, 22.2512091 ], [ 70.8226562, 22.2510502 ], [ 70.8226562, 22.2509708 ], [ 70.8224845, 22.2508516 ], [ 70.8223987, 22.2506927 ] ] ] } },
{ "type": "Feature", "properties": { "element": "way", "id": 132973468, "waterway": null }, "geometry": { "type": "Polygon", "coordinates": [ [ [ 70.8181286, 22.2411796 ], [ 70.8182359, 22.2410802 ], [ 70.81815, 22.2409214 ], [ 70.81815, 22.2408022 ], [ 70.8182144, 22.2407823 ], [ 70.8183646, 22.2406433 ], [ 70.8184505, 22.240405 ], [ 70.8184505, 22.2402858 ], [ 70.8182359, 22.2400872 ], [ 70.8182359, 22.239968 ], [ 70.81815, 22.2398886 ], [ 70.8181715, 22.239829 ], [ 70.8183646, 22.2397297 ], [ 70.8183002, 22.2396304 ], [ 70.8182144, 22.2396304 ], [ 70.81815, 22.2395708 ], [ 70.818193, 22.2395311 ], [ 70.818193, 22.2394119 ], [ 70.8181286, 22.2393523 ], [ 70.8179998, 22.2393523 ], [ 70.8176565, 22.2394318 ], [ 70.8175921, 22.2394913 ], [ 70.8176351, 22.23969 ], [ 70.8175921, 22.2397297 ], [ 70.8175921, 22.239968 ], [ 70.817678, 22.2400872 ], [ 70.817678, 22.2403255 ], [ 70.8177209, 22.2403652 ], [ 70.817678, 22.2405639 ], [ 70.8178496, 22.2407227 ], [ 70.8178496, 22.2408419 ], [ 70.8179784, 22.2409214 ], [ 70.8179355, 22.2411994 ], [ 70.8179998, 22.241259 ], [ 70.8181286, 22.2411796 ] ] ] } },
{ "type": "Feature", "properties": { "element": "way", "id": 132973490, "waterway": null }, "geometry": { "type": "Polygon", "coordinates": [ [ [ 70.815897, 22.2561938 ], [ 70.8158541, 22.2561938 ], [ 70.8156395, 22.2560349 ], [ 70.8155537, 22.2560349 ], [ 70.8154893, 22.2560945 ], [ 70.8152747, 22.2564123 ], [ 70.8152318, 22.2566109 ], [ 70.815146, 22.25673 ], [ 70.8153391, 22.2569485 ], [ 70.815382, 22.2569485 ], [ 70.8155107, 22.2567896 ], [ 70.8157253, 22.2567896 ], [ 70.8158112, 22.2568293 ], [ 70.8159184, 22.25673 ], [ 70.8159184, 22.2566109 ], [ 70.8160257, 22.2565116 ], [ 70.8161545, 22.2565116 ], [ 70.8163047, 22.2563725 ], [ 70.8162403, 22.2562335 ], [ 70.8160686, 22.2561541 ], [ 70.815897, 22.2561938 ] ] ] } },
{ "type": "Feature", "properties": { "element": "way", "id": 132973524, "waterway": null }, "geometry": { "type": "Polygon", "coordinates": [ [ [ 70.8220768, 22.2494813 ], [ 70.8220768, 22.2494018 ], [ 70.8219695, 22.2494614 ], [ 70.8219266, 22.24966 ], [ 70.821991, 22.2497593 ], [ 70.8220553, 22.2496203 ], [ 70.8220768, 22.2494813 ] ] ] } },
{ "type": "Feature", "properties": { "element": "way", "id": 139591662, "waterway": null }, "geometry": { "type": "Polygon", "coordinates": [ [ [ 70.6878161, 22.3447967 ], [ 70.6878591, 22.3448364 ], [ 70.6878591, 22.345154 ], [ 70.6877303, 22.3452731 ], [ 70.6876874, 22.3454318 ], [ 70.6875157, 22.3455509 ], [ 70.6875157, 22.3455906 ], [ 70.687151, 22.3459677 ], [ 70.6870651, 22.3459677 ], [ 70.6870008, 22.3460272 ], [ 70.6869578, 22.3461066 ], [ 70.6870008, 22.3461463 ], [ 70.6869364, 22.3462058 ], [ 70.6868935, 22.3461661 ], [ 70.6867862, 22.346186 ], [ 70.6868291, 22.3463448 ], [ 70.6867433, 22.3464638 ], [ 70.6867433, 22.3465829 ], [ 70.6865287, 22.3468608 ], [ 70.6864858, 22.3470592 ], [ 70.6863141, 22.347218 ], [ 70.6861424, 22.3474561 ], [ 70.6860137, 22.3477737 ], [ 70.6859708, 22.3480118 ], [ 70.685885, 22.3481309 ], [ 70.685885, 22.3483691 ], [ 70.6857562, 22.3485278 ], [ 70.6857562, 22.3486866 ], [ 70.6856275, 22.3489247 ], [ 70.6855845, 22.3493217 ], [ 70.68537, 22.3495598 ], [ 70.6853271, 22.3496789 ], [ 70.6853271, 22.3497583 ], [ 70.6852412, 22.3498377 ], [ 70.6852412, 22.349917 ], [ 70.6850052, 22.3500163 ], [ 70.6849194, 22.3500957 ], [ 70.6848335, 22.3500957 ], [ 70.6847906, 22.350175 ], [ 70.6847048, 22.3502147 ], [ 70.6846619, 22.350175 ], [ 70.6844473, 22.350175 ], [ 70.68434, 22.3499964 ], [ 70.68434, 22.3498377 ], [ 70.6841254, 22.3496789 ], [ 70.6841683, 22.3492423 ], [ 70.6840825, 22.3491232 ], [ 70.6840825, 22.3488454 ], [ 70.6842113, 22.348766 ], [ 70.6842113, 22.3486866 ], [ 70.6842542, 22.3486469 ], [ 70.6842542, 22.3485675 ], [ 70.6842113, 22.3485278 ], [ 70.6843829, 22.3483691 ], [ 70.6845117, 22.3480118 ], [ 70.6844473, 22.3479126 ], [ 70.68434, 22.3481309 ], [ 70.6842542, 22.3482103 ], [ 70.6842542, 22.3483294 ], [ 70.6840825, 22.3485278 ], [ 70.6839538, 22.3487263 ], [ 70.6839538, 22.3488057 ], [ 70.6838894, 22.3488652 ], [ 70.6835032, 22.3487461 ], [ 70.6834388, 22.348766 ], [ 70.6837392, 22.3490835 ], [ 70.6837392, 22.3492423 ], [ 70.6837821, 22.349282 ], [ 70.6836748, 22.3494606 ], [ 70.6836319, 22.3494606 ], [ 70.6834817, 22.3495995 ], [ 70.6834817, 22.3497583 ], [ 70.6836104, 22.3498773 ], [ 70.6835675, 22.3499964 ], [ 70.6836534, 22.3501155 ], [ 70.6836534, 22.3501949 ], [ 70.6837177, 22.3502147 ], [ 70.6839323, 22.3504132 ], [ 70.6841898, 22.3504529 ], [ 70.6842542, 22.3505124 ], [ 70.6840396, 22.3507109 ], [ 70.6840396, 22.3507903 ], [ 70.6839967, 22.3508299 ], [ 70.6840825, 22.3510284 ], [ 70.6840825, 22.3511475 ], [ 70.6841898, 22.3512467 ], [ 70.6843185, 22.3512467 ], [ 70.6844902, 22.3514452 ], [ 70.6846189, 22.3514055 ], [ 70.6846833, 22.351465 ], [ 70.6845546, 22.3516238 ], [ 70.6845975, 22.3518619 ], [ 70.6844687, 22.351981 ], [ 70.6843829, 22.3521397 ], [ 70.6843829, 22.3522588 ], [ 70.6842971, 22.3523779 ], [ 70.6842971, 22.352497 ], [ 70.6841254, 22.3526557 ], [ 70.6840825, 22.3529336 ], [ 70.6839538, 22.3530923 ], [ 70.6839538, 22.3532908 ], [ 70.6836748, 22.3536281 ], [ 70.6835032, 22.3533503 ], [ 70.6834602, 22.35339 ], [ 70.6833959, 22.3533305 ], [ 70.6834817, 22.353132 ], [ 70.6834817, 22.3530526 ], [ 70.6832671, 22.3528542 ], [ 70.6832671, 22.3527351 ], [ 70.6832027, 22.3526756 ], [ 70.6831169, 22.3526359 ], [ 70.6830311, 22.3526359 ], [ 70.6827736, 22.3527946 ], [ 70.6819367, 22.3536083 ], [ 70.6818509, 22.3538068 ], [ 70.6818509, 22.3540052 ], [ 70.6817651, 22.354164 ], [ 70.6816149, 22.3542235 ], [ 70.681529, 22.3541838 ], [ 70.6814647, 22.3542037 ], [ 70.6815505, 22.354283 ], [ 70.6815076, 22.3544418 ], [ 70.6812072, 22.3546799 ], [ 70.6809926, 22.3549181 ], [ 70.6809926, 22.3549975 ], [ 70.6809282, 22.355057 ], [ 70.680778, 22.3550768 ], [ 70.6805634, 22.355315 ], [ 70.6804776, 22.3554737 ], [ 70.6803918, 22.3555134 ], [ 70.6803918, 22.3556325 ], [ 70.6802416, 22.3556523 ], [ 70.6801343, 22.3557516 ], [ 70.6800914, 22.3558706 ], [ 70.6799412, 22.3560096 ], [ 70.6796622, 22.3560294 ], [ 70.6797695, 22.3560889 ], [ 70.6798768, 22.3561882 ], [ 70.6798768, 22.3562278 ], [ 70.6798124, 22.3562874 ], [ 70.6794262, 22.3562874 ], [ 70.6793404, 22.3563271 ], [ 70.6792331, 22.356466 ], [ 70.679276, 22.3565057 ], [ 70.6792545, 22.3565255 ], [ 70.6790829, 22.3563668 ], [ 70.678997, 22.3563271 ], [ 70.6788254, 22.3564064 ], [ 70.678525, 22.3562477 ], [ 70.6784391, 22.3562477 ], [ 70.6782889, 22.3561088 ], [ 70.6784177, 22.3559103 ], [ 70.6784177, 22.3558309 ], [ 70.6781816, 22.3558111 ], [ 70.6781602, 22.3557516 ], [ 70.678246, 22.3555531 ], [ 70.6783319, 22.3554737 ], [ 70.6783319, 22.3553547 ], [ 70.6783748, 22.355315 ], [ 70.6781387, 22.3550967 ], [ 70.6780314, 22.3550768 ], [ 70.6780314, 22.3549975 ], [ 70.6781173, 22.354799 ], [ 70.6782889, 22.3545609 ], [ 70.6784606, 22.3544418 ], [ 70.6784606, 22.3543624 ], [ 70.6781816, 22.3542632 ], [ 70.6781387, 22.3545013 ], [ 70.6779671, 22.3546204 ], [ 70.6778383, 22.3546204 ], [ 70.6776667, 22.354422 ], [ 70.6775808, 22.3544616 ], [ 70.6774092, 22.3544616 ], [ 70.6773663, 22.354541 ], [ 70.6772804, 22.354541 ], [ 70.6772161, 22.354799 ], [ 70.6770658, 22.3549379 ], [ 70.6769371, 22.3548982 ], [ 70.6766582, 22.3551959 ], [ 70.676744, 22.355315 ], [ 70.6764436, 22.3555928 ], [ 70.6764221, 22.3556523 ], [ 70.6762075, 22.355692 ], [ 70.6761217, 22.3556127 ], [ 70.675993, 22.3556127 ], [ 70.6758428, 22.3557119 ], [ 70.675714, 22.3559897 ], [ 70.6756926, 22.3561286 ], [ 70.6754351, 22.3560492 ], [ 70.6752634, 22.3559302 ], [ 70.6751776, 22.3560096 ], [ 70.6750488, 22.3560492 ], [ 70.6750274, 22.3561485 ], [ 70.6749415, 22.3562675 ], [ 70.6744909, 22.3567637 ], [ 70.6742764, 22.3567637 ], [ 70.6741476, 22.3566446 ], [ 70.673933, 22.3567637 ], [ 70.6738687, 22.3567041 ], [ 70.6737828, 22.3565454 ], [ 70.673933, 22.3564858 ], [ 70.6740832, 22.3563469 ], [ 70.6740403, 22.3562278 ], [ 70.673933, 22.3561683 ], [ 70.6737399, 22.3563469 ], [ 70.6735253, 22.3567041 ], [ 70.6733966, 22.3568232 ], [ 70.6734824, 22.3569026 ], [ 70.673461, 22.3569621 ], [ 70.6732464, 22.3569224 ], [ 70.6730533, 22.3567835 ], [ 70.6729889, 22.3566843 ], [ 70.6727743, 22.3565652 ], [ 70.6726456, 22.3566446 ], [ 70.672431, 22.3566049 ], [ 70.6724095, 22.3567041 ], [ 70.6720448, 22.3571605 ], [ 70.6720018, 22.3570018 ], [ 70.6717873, 22.3569224 ], [ 70.6717014, 22.3569224 ], [ 70.6715727, 22.3568033 ], [ 70.6716371, 22.3569423 ], [ 70.67168, 22.3571407 ], [ 70.6715727, 22.3572399 ], [ 70.6714439, 22.3572002 ], [ 70.6713796, 22.3572598 ], [ 70.6714654, 22.3574185 ], [ 70.671401, 22.3574384 ], [ 70.6709933, 22.3571407 ], [ 70.6709504, 22.3570216 ], [ 70.6710362, 22.3569819 ], [ 70.6710148, 22.3569224 ], [ 70.670886, 22.3569621 ], [ 70.6707144, 22.3569621 ], [ 70.6706715, 22.3570415 ], [ 70.6705856, 22.3570812 ], [ 70.6704998, 22.3570415 ], [ 70.6704998, 22.3568827 ], [ 70.6705427, 22.3569224 ], [ 70.67065, 22.3569026 ], [ 70.6704998, 22.3567637 ], [ 70.670414, 22.3568033 ], [ 70.6702423, 22.356724 ], [ 70.6700921, 22.3565851 ], [ 70.6700492, 22.356466 ], [ 70.670135, 22.3563469 ], [ 70.6700063, 22.3562278 ], [ 70.6700063, 22.3561088 ], [ 70.6699419, 22.3560492 ], [ 70.6698561, 22.3560889 ], [ 70.6697917, 22.3560691 ], [ 70.669899, 22.3558905 ], [ 70.6700492, 22.3557913 ], [ 70.6700492, 22.3556722 ], [ 70.6702638, 22.3554737 ], [ 70.6703067, 22.355315 ], [ 70.6701136, 22.3551761 ], [ 70.6700277, 22.3551761 ], [ 70.6698561, 22.3554539 ], [ 70.6697273, 22.3553348 ], [ 70.6695986, 22.3554142 ], [ 70.6694698, 22.3553348 ], [ 70.6692553, 22.3553348 ], [ 70.6690836, 22.3551761 ], [ 70.6689548, 22.3551364 ], [ 70.6688476, 22.3550371 ], [ 70.6686759, 22.3547593 ], [ 70.6686759, 22.3546402 ], [ 70.6685901, 22.3545212 ], [ 70.6685901, 22.3542433 ], [ 70.6687403, 22.3541838 ], [ 70.6688476, 22.3540846 ], [ 70.6688046, 22.3539258 ], [ 70.6688476, 22.3538861 ], [ 70.6688476, 22.3538068 ], [ 70.6689978, 22.3536678 ], [ 70.6691265, 22.3536678 ], [ 70.6691694, 22.3537075 ], [ 70.6692123, 22.3536678 ], [ 70.6693625, 22.353648 ], [ 70.6693196, 22.3535289 ], [ 70.6693625, 22.3534892 ], [ 70.6693625, 22.3534098 ], [ 70.6695771, 22.353132 ], [ 70.6693411, 22.3529931 ], [ 70.6690836, 22.3527153 ], [ 70.6689548, 22.3527153 ], [ 70.6688905, 22.3526557 ], [ 70.6689334, 22.3525367 ], [ 70.6688905, 22.352497 ], [ 70.6688905, 22.3524176 ], [ 70.6689334, 22.3522191 ], [ 70.6690836, 22.3520802 ], [ 70.6692123, 22.3520802 ], [ 70.6694484, 22.3517825 ], [ 70.6695342, 22.3515841 ], [ 70.6695342, 22.3514253 ], [ 70.66962, 22.3512665 ], [ 70.6697917, 22.3511078 ], [ 70.6697917, 22.3509887 ], [ 70.6698775, 22.3508696 ], [ 70.6698346, 22.350433 ], [ 70.6699204, 22.3502743 ], [ 70.6695771, 22.3500361 ], [ 70.6695771, 22.3499567 ], [ 70.6693411, 22.349659 ], [ 70.6690407, 22.3496987 ], [ 70.6689119, 22.3497781 ], [ 70.6687188, 22.3495995 ], [ 70.6687188, 22.3494804 ], [ 70.668633, 22.3493217 ], [ 70.668633, 22.3491232 ], [ 70.6687188, 22.3489644 ], [ 70.6687188, 22.3488057 ], [ 70.6689978, 22.348508 ], [ 70.6690621, 22.3484881 ], [ 70.6690836, 22.3484286 ], [ 70.669148, 22.3484088 ], [ 70.6691909, 22.3483294 ], [ 70.6691265, 22.3483095 ], [ 70.6687188, 22.3486866 ], [ 70.6686759, 22.3488057 ], [ 70.6685901, 22.3488851 ], [ 70.6685472, 22.3492026 ], [ 70.6685042, 22.3492423 ], [ 70.6685042, 22.349401 ], [ 70.668633, 22.3496392 ], [ 70.668633, 22.3497186 ], [ 70.6687832, 22.3497384 ], [ 70.6689119, 22.3499369 ], [ 70.6692123, 22.3499369 ], [ 70.6694913, 22.3501155 ], [ 70.66962, 22.350314 ], [ 70.669663, 22.3505521 ], [ 70.6697488, 22.3506712 ], [ 70.6697488, 22.3507506 ], [ 70.669663, 22.3510284 ], [ 70.6694913, 22.3511475 ], [ 70.6694913, 22.3512269 ], [ 70.6693196, 22.3514253 ], [ 70.6692553, 22.351723 ], [ 70.6690192, 22.3516238 ], [ 70.6689978, 22.3515245 ], [ 70.668869, 22.3515245 ], [ 70.6687403, 22.3516436 ], [ 70.6686544, 22.3516436 ], [ 70.6685472, 22.3517031 ], [ 70.6685901, 22.3517825 ], [ 70.6683326, 22.351981 ], [ 70.6681824, 22.3521993 ], [ 70.6680536, 22.3521199 ], [ 70.6679463, 22.3522191 ], [ 70.6680751, 22.3523779 ], [ 70.6679463, 22.3525763 ], [ 70.6679463, 22.3527351 ], [ 70.6680536, 22.3526756 ], [ 70.6680965, 22.3526756 ], [ 70.668118, 22.3527351 ], [ 70.6682682, 22.352874 ], [ 70.6684613, 22.3528939 ], [ 70.6685042, 22.3529733 ], [ 70.6684613, 22.3530129 ], [ 70.6684613, 22.3532114 ], [ 70.6684184, 22.3532908 ], [ 70.6682253, 22.3533503 ], [ 70.6680965, 22.3532709 ], [ 70.6679034, 22.3534098 ], [ 70.6677747, 22.3536083 ], [ 70.6677318, 22.3536877 ], [ 70.6677318, 22.3538861 ], [ 70.6675601, 22.3540846 ], [ 70.667603, 22.3541243 ], [ 70.6675816, 22.3542235 ], [ 70.6675172, 22.3540846 ], [ 70.6674314, 22.3539655 ], [ 70.6672812, 22.3539854 ], [ 70.6672597, 22.3537671 ], [ 70.6670666, 22.3536678 ], [ 70.666852, 22.3536678 ], [ 70.6668305, 22.3537671 ], [ 70.6666803, 22.353906 ], [ 70.6665087, 22.3539854 ], [ 70.666337, 22.3539854 ], [ 70.6664014, 22.3538464 ], [ 70.6664014, 22.353648 ], [ 70.6664443, 22.3535686 ], [ 70.6662297, 22.3534098 ], [ 70.6661439, 22.3532511 ], [ 70.6661439, 22.3530923 ], [ 70.6658864, 22.3528939 ], [ 70.6658435, 22.3527351 ], [ 70.6657362, 22.3526359 ], [ 70.665586, 22.3526557 ], [ 70.6658435, 22.3530526 ], [ 70.6659293, 22.3532511 ], [ 70.6659293, 22.3533702 ], [ 70.6659722, 22.3534098 ], [ 70.6659722, 22.3535686 ], [ 70.6660151, 22.3536083 ], [ 70.6659722, 22.3538464 ], [ 70.6660151, 22.3539258 ], [ 70.6658006, 22.3539258 ], [ 70.665822, 22.3541441 ], [ 70.6659079, 22.3540647 ], [ 70.6659722, 22.3540846 ], [ 70.6659722, 22.3542433 ], [ 70.6658435, 22.3542433 ], [ 70.665822, 22.3541838 ], [ 70.6657147, 22.3543227 ], [ 70.6658435, 22.3544815 ], [ 70.6657577, 22.3545609 ], [ 70.6657577, 22.3546402 ], [ 70.665822, 22.3546998 ], [ 70.6662941, 22.3546998 ], [ 70.6664658, 22.3547395 ], [ 70.6665087, 22.3547792 ], [ 70.6666374, 22.3547792 ], [ 70.6667447, 22.3549181 ], [ 70.6667447, 22.3550371 ], [ 70.6668735, 22.3551959 ], [ 70.6669593, 22.3553944 ], [ 70.6669593, 22.3555134 ], [ 70.6670451, 22.3556325 ], [ 70.6669378, 22.3558111 ], [ 70.6667018, 22.3558309 ], [ 70.6667018, 22.3559897 ], [ 70.666616, 22.3560691 ], [ 70.666573, 22.3565454 ], [ 70.6666803, 22.3565255 ], [ 70.6667876, 22.3566247 ], [ 70.6667876, 22.3570216 ], [ 70.6667018, 22.3571407 ], [ 70.6667018, 22.3572598 ], [ 70.6663799, 22.3573193 ], [ 70.6662297, 22.3571804 ], [ 70.6662297, 22.357101 ], [ 70.6661654, 22.3570812 ], [ 70.6659079, 22.356843 ], [ 70.6656075, 22.356724 ], [ 70.6653714, 22.3565454 ], [ 70.6654143, 22.3565057 ], [ 70.6653929, 22.3564858 ], [ 70.665307, 22.3564858 ], [ 70.6652641, 22.3564461 ], [ 70.6651139, 22.3566644 ], [ 70.6651139, 22.3567438 ], [ 70.665071, 22.3567835 ], [ 70.665071, 22.3569026 ], [ 70.6648993, 22.3571804 ], [ 70.6647921, 22.3572796 ], [ 70.6646633, 22.3572399 ], [ 70.6645775, 22.3572796 ], [ 70.6645346, 22.3571605 ], [ 70.6644702, 22.3573392 ], [ 70.6645131, 22.3574185 ], [ 70.6643844, 22.3575773 ], [ 70.6643844, 22.3576567 ], [ 70.66432, 22.3577162 ], [ 70.6642127, 22.357736 ], [ 70.6643414, 22.3578948 ], [ 70.6642556, 22.3580536 ], [ 70.6642556, 22.3581726 ], [ 70.6643414, 22.3580536 ], [ 70.6644487, 22.357994 ], [ 70.6645131, 22.3580536 ], [ 70.6646419, 22.3583314 ], [ 70.6644487, 22.3583512 ], [ 70.66432, 22.3582718 ], [ 70.6641912, 22.3582718 ], [ 70.6641269, 22.3582123 ], [ 70.6641698, 22.3581726 ], [ 70.6641054, 22.3581131 ], [ 70.6640196, 22.3581528 ], [ 70.6639338, 22.3581131 ], [ 70.6635475, 22.3581131 ], [ 70.6634188, 22.3581131 ], [ 70.6633973, 22.358252 ], [ 70.66329, 22.3583512 ], [ 70.6630754, 22.3580734 ], [ 70.6627321, 22.3580734 ], [ 70.6625605, 22.3579543 ], [ 70.6624746, 22.3579543 ], [ 70.6623459, 22.3578353 ], [ 70.6620884, 22.3578353 ], [ 70.6619811, 22.3578948 ], [ 70.6619811, 22.3580536 ], [ 70.6619811, 22.3581329 ], [ 70.6620669, 22.3582123 ], [ 70.6620669, 22.3583314 ], [ 70.6621957, 22.3584504 ], [ 70.6621957, 22.3586489 ], [ 70.6620455, 22.3588275 ], [ 70.6618738, 22.3588275 ], [ 70.6618309, 22.3588672 ], [ 70.661788, 22.3588275 ], [ 70.6617451, 22.3589466 ], [ 70.6616592, 22.3589069 ], [ 70.6616378, 22.3589664 ], [ 70.6619167, 22.3591053 ], [ 70.6620026, 22.3589863 ], [ 70.6620884, 22.3589863 ], [ 70.6621957, 22.3590855 ], [ 70.6621957, 22.3592839 ], [ 70.6620884, 22.3593831 ], [ 70.6617405, 22.3595775 ], [ 70.6615809, 22.3598782 ], [ 70.6616238, 22.3601503 ], [ 70.6649203, 22.364659 ], [ 70.6651474, 22.3648576 ], [ 70.6655092, 22.3650163 ], [ 70.6656665, 22.3650338 ], [ 70.6657601, 22.3651493 ], [ 70.6725101, 22.3695222 ], [ 70.6725035, 22.3697055 ], [ 70.6737796, 22.3705245 ], [ 70.6739111, 22.3704638 ], [ 70.6746338, 22.3709176 ], [ 70.6748976, 22.3709946 ], [ 70.6751895, 22.3709466 ], [ 70.6769948, 22.3700498 ], [ 70.6769156, 22.3697614 ], [ 70.6768298, 22.3696423 ], [ 70.6768513, 22.3695431 ], [ 70.6770015, 22.3697217 ], [ 70.6771764, 22.3699796 ], [ 70.6802845, 22.3684319 ], [ 70.6804132, 22.3683922 ], [ 70.6806278, 22.3684716 ], [ 70.6807566, 22.3683922 ], [ 70.6808853, 22.3683922 ], [ 70.6809282, 22.3683525 ], [ 70.681057, 22.3685113 ], [ 70.6811857, 22.3685113 ], [ 70.6813145, 22.3685906 ], [ 70.6814432, 22.3685906 ], [ 70.6816363, 22.3687295 ], [ 70.6816363, 22.3690073 ], [ 70.6815505, 22.369047 ], [ 70.681572, 22.3691066 ], [ 70.6817436, 22.3691066 ], [ 70.6817222, 22.369047 ], [ 70.6818295, 22.3689478 ], [ 70.6818938, 22.369047 ], [ 70.6817651, 22.3691264 ], [ 70.6819582, 22.369305 ], [ 70.6821084, 22.3692455 ], [ 70.6821299, 22.3693844 ], [ 70.6823015, 22.3692653 ], [ 70.6824303, 22.369424 ], [ 70.682559, 22.3693844 ], [ 70.6826019, 22.3695034 ], [ 70.6826878, 22.3695034 ], [ 70.682795, 22.3696026 ], [ 70.6827521, 22.3697614 ], [ 70.6828809, 22.3698407 ], [ 70.6829238, 22.3699201 ], [ 70.6828809, 22.3699598 ], [ 70.6828809, 22.3700392 ], [ 70.6832027, 22.3704162 ], [ 70.683074, 22.3701781 ], [ 70.6830096, 22.3700789 ], [ 70.6830525, 22.3699201 ], [ 70.6831384, 22.3698804 ], [ 70.6831384, 22.3698407 ], [ 70.6829667, 22.3697217 ], [ 70.6829667, 22.3696423 ], [ 70.6828809, 22.3695629 ], [ 70.6829667, 22.3694836 ], [ 70.682838, 22.3693645 ], [ 70.682795, 22.3692058 ], [ 70.6826234, 22.3690867 ], [ 70.6826234, 22.3686899 ], [ 70.6827092, 22.3683327 ], [ 70.6827521, 22.368293 ], [ 70.6827092, 22.3681342 ], [ 70.6822157, 22.3678763 ], [ 70.6821299, 22.3678763 ], [ 70.6819582, 22.3677969 ], [ 70.6818938, 22.3675786 ], [ 70.6818509, 22.3675389 ], [ 70.6818938, 22.3674993 ], [ 70.6818295, 22.3674397 ], [ 70.6817436, 22.3674397 ], [ 70.6815505, 22.3672611 ], [ 70.6816363, 22.3669833 ], [ 70.6816792, 22.3669436 ], [ 70.6816792, 22.3667849 ], [ 70.6817865, 22.3666857 ], [ 70.6819153, 22.3666857 ], [ 70.682044, 22.3668047 ], [ 70.6821513, 22.3667849 ], [ 70.6821084, 22.3667452 ], [ 70.6821299, 22.3667254 ], [ 70.6823015, 22.3668047 ], [ 70.6824303, 22.3667651 ], [ 70.6829667, 22.3667849 ], [ 70.6828594, 22.3666857 ], [ 70.682559, 22.3666857 ], [ 70.6824517, 22.3665865 ], [ 70.682559, 22.3663285 ], [ 70.6826878, 22.3664476 ], [ 70.6827521, 22.3664277 ], [ 70.682795, 22.3662293 ], [ 70.6827521, 22.3661896 ], [ 70.6829667, 22.3660705 ], [ 70.6829667, 22.3659118 ], [ 70.6830096, 22.3658721 ], [ 70.6830525, 22.3655943 ], [ 70.6828594, 22.3654157 ], [ 70.6827307, 22.3654554 ], [ 70.6826234, 22.3653562 ], [ 70.6825805, 22.3652768 ], [ 70.6825805, 22.3651974 ], [ 70.6823659, 22.3649196 ], [ 70.6824732, 22.3648601 ], [ 70.6826448, 22.3650585 ], [ 70.6827092, 22.3649593 ], [ 70.6825805, 22.3648006 ], [ 70.6826234, 22.3647212 ], [ 70.6825376, 22.3646021 ], [ 70.682323, 22.3644434 ], [ 70.6822801, 22.3642449 ], [ 70.682323, 22.3642052 ], [ 70.682323, 22.3640465 ], [ 70.682559, 22.3638282 ], [ 70.6826234, 22.3637687 ], [ 70.6825805, 22.3636893 ], [ 70.6826019, 22.3636298 ], [ 70.6827521, 22.3636099 ], [ 70.6826663, 22.3635306 ], [ 70.682795, 22.3634115 ], [ 70.6829238, 22.3631734 ], [ 70.6829238, 22.363094 ], [ 70.6830311, 22.3629948 ], [ 70.6832027, 22.3629948 ], [ 70.6832886, 22.3630741 ], [ 70.6834173, 22.3630741 ], [ 70.6834602, 22.3631138 ], [ 70.6835461, 22.3629948 ], [ 70.6836748, 22.3629948 ], [ 70.6837821, 22.363094 ], [ 70.6837821, 22.3632131 ], [ 70.6840181, 22.3634313 ], [ 70.684104, 22.3634313 ], [ 70.6841683, 22.3633718 ], [ 70.6839967, 22.3632131 ], [ 70.6838679, 22.3630543 ], [ 70.6838679, 22.3629352 ], [ 70.6835246, 22.3626574 ], [ 70.6834817, 22.3625384 ], [ 70.6834817, 22.3624193 ], [ 70.6833959, 22.3623002 ], [ 70.6833959, 22.3618637 ], [ 70.6835461, 22.3616057 ], [ 70.6838465, 22.3614073 ], [ 70.6839323, 22.3614073 ], [ 70.6840611, 22.3612882 ], [ 70.6841469, 22.3612882 ], [ 70.6842756, 22.3612088 ], [ 70.6845331, 22.3611691 ], [ 70.6847048, 22.3613676 ], [ 70.6848121, 22.3613477 ], [ 70.684855, 22.3610699 ], [ 70.6848121, 22.3609508 ], [ 70.6849408, 22.3607524 ], [ 70.6849408, 22.360554 ], [ 70.6847906, 22.3604547 ], [ 70.6846189, 22.3604547 ], [ 70.6842971, 22.3601968 ], [ 70.6842113, 22.3599983 ], [ 70.6842542, 22.3599189 ], [ 70.6841898, 22.3598197 ], [ 70.6840611, 22.3599388 ], [ 70.6840396, 22.3599189 ], [ 70.6840611, 22.35978 ], [ 70.6842113, 22.3596808 ], [ 70.6841683, 22.3595617 ], [ 70.6842542, 22.3594824 ], [ 70.6842113, 22.3594427 ], [ 70.6843615, 22.3593435 ], [ 70.6844473, 22.3593435 ], [ 70.6845546, 22.3592442 ], [ 70.6845546, 22.3590855 ], [ 70.6847477, 22.3589069 ], [ 70.6849194, 22.3589466 ], [ 70.685091, 22.3589466 ], [ 70.6852198, 22.3590259 ], [ 70.6853485, 22.3590259 ], [ 70.6854773, 22.3588672 ], [ 70.6865931, 22.3588672 ], [ 70.6869364, 22.3588275 ], [ 70.6869793, 22.3587878 ], [ 70.6871939, 22.3587878 ], [ 70.6872797, 22.3588275 ], [ 70.6873226, 22.3587878 ], [ 70.6874084, 22.3587878 ], [ 70.6875372, 22.3588672 ], [ 70.6875801, 22.3588275 ], [ 70.687623, 22.3588672 ], [ 70.6877303, 22.3588077 ], [ 70.687623, 22.3586687 ], [ 70.6875801, 22.3587084 ], [ 70.6874943, 22.3587084 ], [ 70.6872368, 22.35851 ], [ 70.687108, 22.3586291 ], [ 70.6866789, 22.3586291 ], [ 70.686636, 22.3586687 ], [ 70.6864214, 22.3586687 ], [ 70.6863141, 22.3584901 ], [ 70.6862283, 22.3584504 ], [ 70.6861639, 22.3583512 ], [ 70.6856918, 22.3583512 ], [ 70.6855631, 22.3582322 ], [ 70.6854343, 22.3581925 ], [ 70.6850266, 22.3578154 ], [ 70.6850266, 22.3576567 ], [ 70.6851554, 22.3574582 ], [ 70.6851125, 22.3572201 ], [ 70.6851554, 22.3571804 ], [ 70.6851554, 22.3570216 ], [ 70.6855416, 22.3567438 ], [ 70.6855845, 22.3566247 ], [ 70.6854987, 22.3565454 ], [ 70.6855845, 22.3563866 ], [ 70.6857347, 22.3562874 ], [ 70.685885, 22.3563866 ], [ 70.685842, 22.3564263 ], [ 70.6859493, 22.3565255 ], [ 70.6859922, 22.3565255 ], [ 70.686121, 22.3563668 ], [ 70.6862068, 22.3563271 ], [ 70.6862497, 22.3564064 ], [ 70.6862712, 22.3563866 ], [ 70.6859922, 22.3560096 ], [ 70.685885, 22.35595 ], [ 70.685885, 22.3558309 ], [ 70.685842, 22.3557913 ], [ 70.685842, 22.3556722 ], [ 70.6860137, 22.3555134 ], [ 70.6860137, 22.3553547 ], [ 70.6860566, 22.355315 ], [ 70.6860566, 22.3551165 ], [ 70.6860137, 22.3550768 ], [ 70.6860137, 22.3549975 ], [ 70.6862068, 22.3548585 ], [ 70.686357, 22.3547196 ], [ 70.6862712, 22.3546006 ], [ 70.6864214, 22.3543823 ], [ 70.6865501, 22.3543426 ], [ 70.686636, 22.3543823 ], [ 70.6867647, 22.3542235 ], [ 70.6869149, 22.3542037 ], [ 70.6868076, 22.3541044 ], [ 70.6867433, 22.3540449 ], [ 70.6867433, 22.3538464 ], [ 70.6868291, 22.3530526 ], [ 70.6869149, 22.3529336 ], [ 70.6869149, 22.3528145 ], [ 70.6873655, 22.3525565 ], [ 70.6874943, 22.3525565 ], [ 70.6875801, 22.3524771 ], [ 70.6876874, 22.3524573 ], [ 70.6874299, 22.3522191 ], [ 70.6874299, 22.3520604 ], [ 70.6875157, 22.3519016 ], [ 70.6873012, 22.3517428 ], [ 70.6874728, 22.351465 ], [ 70.6875157, 22.3512269 ], [ 70.6876445, 22.3509887 ], [ 70.6876445, 22.3509093 ], [ 70.6877732, 22.3507506 ], [ 70.6878161, 22.350433 ], [ 70.6881166, 22.3501552 ], [ 70.6880736, 22.3501155 ], [ 70.6880951, 22.3500957 ], [ 70.6881809, 22.350056 ], [ 70.6883097, 22.350056 ], [ 70.688374, 22.3499964 ], [ 70.688417, 22.349917 ], [ 70.688417, 22.3498377 ], [ 70.6886315, 22.3496789 ], [ 70.6884813, 22.349659 ], [ 70.688374, 22.3496392 ], [ 70.6884599, 22.3495201 ], [ 70.6884599, 22.3494407 ], [ 70.6883526, 22.3493415 ], [ 70.6882238, 22.3495003 ], [ 70.6881166, 22.3494407 ], [ 70.6881166, 22.3492423 ], [ 70.6882024, 22.3490438 ], [ 70.6885242, 22.349024 ], [ 70.688653, 22.3489843 ], [ 70.6887388, 22.3489049 ], [ 70.6888676, 22.3489049 ], [ 70.6889105, 22.3489446 ], [ 70.6890178, 22.348766 ], [ 70.689168, 22.3486271 ], [ 70.6893826, 22.348508 ], [ 70.6895113, 22.3484683 ], [ 70.6895971, 22.3483889 ], [ 70.6898117, 22.3484683 ], [ 70.6901979, 22.348508 ], [ 70.6902409, 22.3485477 ], [ 70.6903911, 22.3485278 ], [ 70.6897259, 22.3483492 ], [ 70.68964, 22.3482301 ], [ 70.689404, 22.3480912 ], [ 70.6894469, 22.3479721 ], [ 70.6892753, 22.3476546 ], [ 70.6891894, 22.3475752 ], [ 70.6892538, 22.3473569 ], [ 70.6895113, 22.3472378 ], [ 70.689683, 22.3471981 ], [ 70.6897259, 22.3471188 ], [ 70.6898761, 22.3470592 ], [ 70.6898975, 22.3469997 ], [ 70.6899405, 22.3470394 ], [ 70.6900048, 22.3470195 ], [ 70.6900907, 22.3468608 ], [ 70.6900907, 22.3467417 ], [ 70.6900263, 22.3466821 ], [ 70.6899405, 22.3467218 ], [ 70.689919, 22.3466226 ], [ 70.6899834, 22.3466028 ], [ 70.6901765, 22.3464241 ], [ 70.690155, 22.3463646 ], [ 70.6898975, 22.3465234 ], [ 70.6898546, 22.3465234 ], [ 70.6897473, 22.3466226 ], [ 70.6897473, 22.346702 ], [ 70.6895542, 22.3468409 ], [ 70.6893826, 22.3469203 ], [ 70.6892967, 22.3469203 ], [ 70.689168, 22.3470394 ], [ 70.6889963, 22.3471188 ], [ 70.6888461, 22.3470592 ], [ 70.6890178, 22.3466623 ], [ 70.6890607, 22.3463845 ], [ 70.6892323, 22.3462654 ], [ 70.6892323, 22.3460669 ], [ 70.6893182, 22.3459875 ], [ 70.6893182, 22.3457494 ], [ 70.6893611, 22.3457097 ], [ 70.6893611, 22.3455112 ], [ 70.6894469, 22.3453921 ], [ 70.6894469, 22.3452731 ], [ 70.6893182, 22.3451937 ], [ 70.6894898, 22.3450349 ], [ 70.6895328, 22.3448364 ], [ 70.6894898, 22.344638 ], [ 70.6895757, 22.3445586 ], [ 70.6895757, 22.3444792 ], [ 70.6895328, 22.3444395 ], [ 70.6897473, 22.3440823 ], [ 70.6898332, 22.3440029 ], [ 70.6898332, 22.3438441 ], [ 70.689919, 22.343606 ], [ 70.6900048, 22.3435266 ], [ 70.6900477, 22.3432884 ], [ 70.6901336, 22.343209 ], [ 70.6901336, 22.3430899 ], [ 70.6903052, 22.3428518 ], [ 70.6903052, 22.3427724 ], [ 70.6903911, 22.342693 ], [ 70.690434, 22.3425342 ], [ 70.6905198, 22.3424548 ], [ 70.6905198, 22.3423358 ], [ 70.6905627, 22.3422167 ], [ 70.6906486, 22.3421373 ], [ 70.6906486, 22.3420579 ], [ 70.6908202, 22.3418594 ], [ 70.690906, 22.3415816 ], [ 70.690906, 22.3414228 ], [ 70.6909919, 22.3413037 ], [ 70.6910348, 22.3411053 ], [ 70.6912494, 22.3409465 ], [ 70.6913352, 22.3407877 ], [ 70.6915927, 22.3405495 ], [ 70.6916142, 22.34049 ], [ 70.6918073, 22.3403908 ], [ 70.6918502, 22.3401923 ], [ 70.6918073, 22.3401526 ], [ 70.6919789, 22.3399541 ], [ 70.6920648, 22.3396763 ], [ 70.6920648, 22.3394778 ], [ 70.6921077, 22.3393587 ], [ 70.6921935, 22.3392793 ], [ 70.6921077, 22.3391205 ], [ 70.6922364, 22.3390015 ], [ 70.6920862, 22.3388228 ], [ 70.6920218, 22.3389221 ], [ 70.6919575, 22.3389419 ], [ 70.6919789, 22.3388427 ], [ 70.6919146, 22.3387831 ], [ 70.6916142, 22.3387831 ], [ 70.6913567, 22.338664 ], [ 70.6910133, 22.338664 ], [ 70.6909275, 22.3389022 ], [ 70.6908202, 22.3389221 ], [ 70.6907773, 22.3391205 ], [ 70.6906915, 22.3391999 ], [ 70.6906915, 22.3392793 ], [ 70.6906056, 22.339319 ], [ 70.6905413, 22.3394182 ], [ 70.6902194, 22.3395969 ], [ 70.6902194, 22.3396763 ], [ 70.6900692, 22.3398152 ], [ 70.6899834, 22.3398152 ], [ 70.6897473, 22.3399144 ], [ 70.6897473, 22.3407877 ], [ 70.6895757, 22.3413434 ], [ 70.6894469, 22.3415419 ], [ 70.6894469, 22.34178 ], [ 70.6892323, 22.3418991 ], [ 70.6893182, 22.3420579 ], [ 70.6893182, 22.3421373 ], [ 70.689404, 22.3422167 ], [ 70.689404, 22.3422961 ], [ 70.6892109, 22.3422762 ], [ 70.689168, 22.3422762 ], [ 70.6891465, 22.3423755 ], [ 70.6890821, 22.342435 ], [ 70.6890392, 22.3423953 ], [ 70.6890178, 22.3424151 ], [ 70.6889319, 22.3425739 ], [ 70.6888461, 22.3432487 ], [ 70.6887174, 22.3433678 ], [ 70.6886744, 22.3434472 ], [ 70.6886744, 22.3435266 ], [ 70.6885886, 22.343606 ], [ 70.6885886, 22.343725 ], [ 70.6885028, 22.3438838 ], [ 70.6882024, 22.3442013 ], [ 70.6882024, 22.3442807 ], [ 70.687902, 22.3444792 ], [ 70.687902, 22.3446777 ], [ 70.6878161, 22.3447967 ] ] ] } },
{ "type": "Feature", "properties": { "element": "way", "id": 167237580, "waterway": "river" }, "geometry": { "type": "LineString", "coordinates": [ [ 70.8214149, 22.275942 ], [ 70.8212137, 22.276879 ], [ 70.8211589, 22.2778388 ], [ 70.8206252, 22.279084 ], [ 70.8200027, 22.2802596 ], [ 70.8196682, 22.280853 ], [ 70.8189709, 22.2819008 ], [ 70.8186238, 22.2824416 ], [ 70.8185587, 22.2825313 ], [ 70.8185076, 22.2826469 ], [ 70.8182205, 22.2834631 ], [ 70.8178198, 22.2843784 ], [ 70.8177282, 22.2847459 ], [ 70.8177143, 22.2849132 ], [ 70.8177004, 22.2850806 ], [ 70.8177175, 22.285767 ], [ 70.8177006, 22.2872695 ], [ 70.8176996, 22.2873583 ], [ 70.8176914, 22.2874643 ], [ 70.8176634, 22.2876262 ], [ 70.8173082, 22.288568 ], [ 70.8170865, 22.2898619 ], [ 70.8168562, 22.2906746 ], [ 70.8166516, 22.2912584 ], [ 70.8166004, 22.2917081 ], [ 70.8162764, 22.2927653 ], [ 70.8159524, 22.2933255 ], [ 70.8160108, 22.2938362 ], [ 70.8159927, 22.2941124 ], [ 70.8159716, 22.2942881 ], [ 70.8159536, 22.294442 ], [ 70.8158862, 22.2945392 ], [ 70.8157159, 22.2945627 ], [ 70.8154923, 22.294846 ], [ 70.8135387, 22.2961101 ], [ 70.8128875, 22.2965898 ], [ 70.8124413, 22.297025 ], [ 70.8106325, 22.2998701 ], [ 70.8100778, 22.3012424 ], [ 70.809306, 22.3034291 ], [ 70.8090407, 22.3044109 ], [ 70.8085583, 22.30527 ], [ 70.8080158, 22.3069158 ], [ 70.8076492, 22.3074393 ], [ 70.807436, 22.3082913 ], [ 70.8069414, 22.3095062 ], [ 70.8066856, 22.3101452 ], [ 70.8063701, 22.3107526 ], [ 70.806319, 22.3115494 ], [ 70.806191, 22.3121489 ], [ 70.8061228, 22.3126538 ], [ 70.8059011, 22.3134821 ], [ 70.8058329, 22.3145864 ], [ 70.8056538, 22.3154936 ], [ 70.8055259, 22.3164244 ], [ 70.8053213, 22.3172054 ], [ 70.8050143, 22.3179784 ], [ 70.8043151, 22.3189645 ], [ 70.8038461, 22.319911 ], [ 70.8036159, 22.3211574 ], [ 70.8034624, 22.3226719 ], [ 70.8034965, 22.3240996 ], [ 70.8033857, 22.3255431 ], [ 70.8031981, 22.3277122 ], [ 70.8028144, 22.3289032 ], [ 70.8025244, 22.3303151 ], [ 70.8025415, 22.331096 ], [ 70.8026438, 22.3320031 ], [ 70.8028144, 22.3330757 ], [ 70.8031725, 22.3338724 ], [ 70.8038205, 22.3345586 ], [ 70.8043663, 22.3351738 ], [ 70.8049291, 22.3359862 ], [ 70.8054236, 22.3368538 ], [ 70.8054918, 22.3373585 ], [ 70.805074, 22.3388571 ], [ 70.8040422, 22.3402215 ], [ 70.8024903, 22.3430135 ], [ 70.8006997, 22.3451429 ], [ 70.7997446, 22.3468149 ], [ 70.798602, 22.3494963 ], [ 70.7979808, 22.3508816 ], [ 70.7975788, 22.351778 ], [ 70.7973423, 22.3522266 ], [ 70.7953276, 22.3550902 ], [ 70.7925649, 22.3561943 ], [ 70.78912, 22.359948 ], [ 70.7857433, 22.3629446 ], [ 70.7766023, 22.3712717 ], [ 70.7705028, 22.3773395 ], [ 70.7690558, 22.3784546 ], [ 70.7669093, 22.3788338 ], [ 70.7635679, 22.379371 ], [ 70.7614103, 22.3795474 ], [ 70.7600597, 22.3796143 ], [ 70.7582991, 22.3795251 ], [ 70.7555014, 22.3790791 ], [ 70.7535479, 22.3791683 ], [ 70.7508949, 22.3794805 ], [ 70.7493513, 22.3802388 ], [ 70.7446001, 22.3821121 ], [ 70.7393959, 22.3843287 ], [ 70.737861, 22.3857321 ], [ 70.7350812, 22.388397 ], [ 70.7338704, 22.3892328 ], [ 70.7317727, 22.3906992 ], [ 70.7228952, 22.3951425 ], [ 70.7169785, 22.4004179 ], [ 70.7108498, 22.4053099 ], [ 70.710498, 22.4055894 ], [ 70.7060698, 22.4092679 ], [ 70.7031706, 22.4129887 ], [ 70.7014652, 22.4158896 ], [ 70.7013792, 22.4160905 ], [ 70.6993505, 22.4208713 ], [ 70.6962126, 22.4256638 ], [ 70.6945966, 22.4287079 ], [ 70.6926654, 22.4323477 ], [ 70.6914716, 22.4376441 ], [ 70.6898003, 22.4410174 ], [ 70.6891203, 22.4419525 ], [ 70.6870034, 22.4448634 ], [ 70.6832174, 22.4480473 ], [ 70.6822283, 22.4502539 ], [ 70.6820919, 22.4521138 ], [ 70.6822965, 22.4547932 ], [ 70.6818872, 22.4580399 ], [ 70.6815095, 22.4585272 ], [ 70.68025, 22.4601518 ], [ 70.6782377, 22.4612235 ], [ 70.6763958, 22.4620115 ], [ 70.6757941, 22.4623581 ], [ 70.6727122, 22.4640918 ], [ 70.6687215, 22.4662982 ], [ 70.6563744, 22.4746191 ], [ 70.6538163, 22.4772035 ], [ 70.6494164, 22.4806073 ], [ 70.6474381, 22.481143 ], [ 70.6444707, 22.481143 ], [ 70.6405483, 22.4799139 ], [ 70.6367964, 22.4794412 ], [ 70.6334037, 22.4794417 ], [ 70.6310759, 22.479552 ], [ 70.6305643, 22.4794575 ], [ 70.6268719, 22.4788039 ], [ 70.6249786, 22.4785476 ], [ 70.6228803, 22.478113 ], [ 70.6204444, 22.4779682 ], [ 70.6156932, 22.4776785 ], [ 70.6127267, 22.4781688 ], [ 70.6094707, 22.478815 ], [ 70.6059254, 22.4812887 ], [ 70.5953376, 22.4841189 ], [ 70.5931187, 22.4852108 ], [ 70.5904898, 22.4870604 ], [ 70.5883675, 22.489066 ], [ 70.5873283, 22.4904258 ] ] } },
{ "type": "Feature", "properties": { "element": "way", "id": 174656906, "waterway": "river" }, "geometry": { "type": "LineString", "coordinates": [ [ 70.7820248, 22.1573807 ], [ 70.7818609, 22.1584409 ], [ 70.7822118, 22.1590597 ], [ 70.7824731, 22.1595552 ], [ 70.7829209, 22.1602695 ], [ 70.7831822, 22.1608226 ], [ 70.7833812, 22.1613065 ], [ 70.7834061, 22.161871 ], [ 70.783319, 22.1622167 ], [ 70.7825104, 22.1630347 ], [ 70.7820625, 22.1633919 ], [ 70.7815027, 22.1638988 ], [ 70.7812414, 22.1642214 ], [ 70.7808185, 22.1646707 ], [ 70.7807687, 22.1651316 ], [ 70.780918, 22.1655118 ], [ 70.7813658, 22.166157 ], [ 70.7817142, 22.1670326 ], [ 70.7817421, 22.1675908 ], [ 70.7814078, 22.16821 ], [ 70.7811967, 22.1692202 ], [ 70.7812671, 22.1701 ], [ 70.7822171, 22.1710124 ], [ 70.7825981, 22.1716811 ], [ 70.7821503, 22.1728562 ], [ 70.7812996, 22.1742318 ], [ 70.7806822, 22.1765979 ], [ 70.780343, 22.1793485 ], [ 70.7803782, 22.1821507 ], [ 70.7805564, 22.1829874 ], [ 70.7810185, 22.18479 ], [ 70.7808317, 22.1854373 ], [ 70.7796069, 22.1862816 ], [ 70.7792257, 22.1874185 ], [ 70.778997, 22.1886864 ], [ 70.7789024, 22.1902122 ], [ 70.7788628, 22.1907682 ], [ 70.778591, 22.1911676 ], [ 70.7778997, 22.1918155 ], [ 70.7776089, 22.191781 ], [ 70.7773208, 22.1914253 ], [ 70.7769495, 22.1919553 ], [ 70.7767911, 22.1926884 ], [ 70.7768353, 22.193618 ], [ 70.7771978, 22.1942987 ], [ 70.7774773, 22.1952134 ], [ 70.7775125, 22.1957672 ], [ 70.7771956, 22.196453 ], [ 70.776618, 22.1968298 ], [ 70.7761326, 22.196833 ], [ 70.7756922, 22.1969908 ], [ 70.775356, 22.1972125 ], [ 70.7752244, 22.1973739 ], [ 70.7752323, 22.1977104 ], [ 70.7752138, 22.1986299 ], [ 70.7750966, 22.1992354 ], [ 70.774487, 22.2007674 ], [ 70.7741014, 22.2013433 ], [ 70.7730812, 22.202737 ], [ 70.7726209, 22.2035087 ], [ 70.7721482, 22.2037851 ], [ 70.7715013, 22.204027 ], [ 70.7706055, 22.2044186 ], [ 70.7696725, 22.2054898 ], [ 70.7691251, 22.2071138 ], [ 70.7683856, 22.2084883 ], [ 70.7663798, 22.2116714 ], [ 70.7651855, 22.2131456 ], [ 70.7641405, 22.2143895 ], [ 70.7625198, 22.2147732 ], [ 70.7604619, 22.215779 ], [ 70.7597582, 22.21674 ], [ 70.7581396, 22.2191831 ], [ 70.7566441, 22.2213981 ], [ 70.755131, 22.2231083 ], [ 70.7537411, 22.2248835 ], [ 70.7527383, 22.226105 ], [ 70.7518234, 22.2271311 ], [ 70.7505919, 22.2279942 ], [ 70.7497298, 22.2280919 ], [ 70.7494835, 22.2280919 ], [ 70.7469852, 22.2275056 ], [ 70.7457184, 22.2270985 ], [ 70.7442054, 22.2267728 ], [ 70.7424284, 22.2265773 ], [ 70.7410561, 22.226447 ], [ 70.738456, 22.2263954 ], [ 70.7365899, 22.2269597 ], [ 70.7350099, 22.2276161 ], [ 70.7338032, 22.2283301 ], [ 70.7316012, 22.2299654 ], [ 70.7301457, 22.231163 ], [ 70.7285035, 22.2321879 ], [ 70.7276078, 22.2328098 ], [ 70.7268365, 22.2328674 ], [ 70.7256297, 22.2328789 ], [ 70.7193149, 22.2359302 ], [ 70.7117848, 22.241923 ], [ 70.7062129, 22.2442214 ], [ 70.7039126, 22.2467788 ], [ 70.7029535, 22.2484127 ], [ 70.7022568, 22.2499326 ], [ 70.7016845, 22.2513373 ], [ 70.701585, 22.2529953 ], [ 70.7017592, 22.254331 ], [ 70.7019333, 22.2561271 ], [ 70.7021127, 22.2580364 ], [ 70.7018141, 22.2598441 ], [ 70.7014533, 22.2616977 ], [ 70.7004705, 22.2638852 ], [ 70.6994006, 22.2659806 ], [ 70.698791, 22.2673967 ], [ 70.6978206, 22.2692848 ], [ 70.6969249, 22.2711499 ], [ 70.696701, 22.2734178 ], [ 70.6967756, 22.2752137 ], [ 70.6961038, 22.2775622 ], [ 70.6967177, 22.280624 ], [ 70.69729, 22.2823968 ], [ 70.6971407, 22.2847222 ], [ 70.6976662, 22.2862101 ], [ 70.6977739, 22.2866747 ], [ 70.6977943, 22.2869136 ], [ 70.6977963, 22.287143 ], [ 70.697776, 22.2873687 ], [ 70.6978268, 22.2875888 ], [ 70.6987082, 22.2902936 ], [ 70.6994546, 22.292803 ], [ 70.6990565, 22.2946447 ], [ 70.6985589, 22.2956346 ], [ 70.6980364, 22.2971079 ], [ 70.6968421, 22.2989151 ], [ 70.6954861, 22.301712 ], [ 70.6950631, 22.3029896 ], [ 70.6948765, 22.3038644 ], [ 70.6946277, 22.3050844 ], [ 70.694864, 22.3063505 ], [ 70.6956602, 22.3084792 ], [ 70.6961881, 22.3098708 ], [ 70.6966405, 22.3106364 ], [ 70.6967598, 22.310937 ], [ 70.6968252, 22.3113433 ], [ 70.6968302, 22.3127925 ], [ 70.6965839, 22.3146236 ], [ 70.6965704, 22.3151965 ], [ 70.696606, 22.3157693 ], [ 70.6968478, 22.3173335 ], [ 70.6970941, 22.3196365 ], [ 70.6974636, 22.3225824 ], [ 70.6977979, 22.3245924 ], [ 70.6978537, 22.3257987 ], [ 70.6978281, 22.3260639 ], [ 70.6977806, 22.3263103 ], [ 70.6976766, 22.326578 ], [ 70.6972965, 22.3273835 ], [ 70.6966418, 22.3288751 ], [ 70.6964871, 22.329133 ], [ 70.6962787, 22.3293775 ], [ 70.6958972, 22.32979 ], [ 70.6946134, 22.3310127 ], [ 70.6938282, 22.3316656 ], [ 70.6935226, 22.331981 ], [ 70.6932826, 22.3323155 ], [ 70.6923086, 22.3345442 ], [ 70.6916929, 22.3367004 ], [ 70.6915521, 22.3381325 ], [ 70.6912178, 22.3391414 ], [ 70.6900215, 22.3411593 ], [ 70.6893089, 22.3432829 ], [ 70.6878662, 22.3477253 ], [ 70.6857389, 22.3521883 ], [ 70.6835245, 22.3563994 ], [ 70.6731666, 22.3673372 ], [ 70.6723366, 22.3704582 ], [ 70.6710171, 22.3734355 ], [ 70.6702958, 22.3746232 ], [ 70.6688883, 22.3759735 ], [ 70.6675687, 22.3766893 ], [ 70.6664076, 22.3772262 ], [ 70.6628888, 22.3791134 ], [ 70.6592645, 22.3808378 ], [ 70.6554643, 22.3822207 ], [ 70.6536169, 22.3831479 ], [ 70.652966, 22.3837661 ], [ 70.652227, 22.3850513 ], [ 70.6518048, 22.3856695 ], [ 70.6512946, 22.3862389 ], [ 70.6505908, 22.3871499 ], [ 70.6499223, 22.3881096 ], [ 70.64855, 22.389102 ], [ 70.6476527, 22.3893134 ], [ 70.6462452, 22.3893297 ], [ 70.6450664, 22.3895737 ], [ 70.6430255, 22.3899316 ], [ 70.6405096, 22.3911191 ], [ 70.6386975, 22.3922741 ], [ 70.6376067, 22.3932989 ], [ 70.6348973, 22.3963083 ], [ 70.631572, 22.3995453 ], [ 70.6300942, 22.4010906 ], [ 70.6282824, 22.4027231 ], [ 70.6256077, 22.405449 ], [ 70.6233311, 22.4070477 ], [ 70.6206439, 22.4087958 ], [ 70.6179318, 22.4102105 ], [ 70.6146351, 22.4119931 ], [ 70.6103057, 22.4137183 ], [ 70.6063869, 22.4150869 ], [ 70.6050558, 22.4158229 ], [ 70.6036749, 22.4161564 ], [ 70.6022442, 22.4169615 ], [ 70.6009131, 22.4185255 ], [ 70.5980205, 22.4298009 ], [ 70.5972989, 22.4327218 ], [ 70.5963783, 22.4363325 ], [ 70.5924376, 22.4429462 ] ] } },
{ "type": "Feature", "properties": { "element": "way", "id": 227972082, "waterway": "stream" }, "geometry": { "type": "LineString", "coordinates": [ [ 70.8612973, 22.3962777 ], [ 70.8614264, 22.3964706 ], [ 70.8616945, 22.3966297 ], [ 70.8619295, 22.3967674 ], [ 70.862138, 22.3970888 ], [ 70.8623035, 22.3973091 ], [ 70.8624326, 22.3974774 ], [ 70.8625452, 22.3976702 ], [ 70.8625981, 22.3981538 ], [ 70.8626081, 22.3989097 ], [ 70.8627089, 22.3997569 ], [ 70.8624093, 22.4007524 ], [ 70.8619224, 22.4014535 ], [ 70.8616322, 22.4020075 ], [ 70.8614543, 22.4024576 ], [ 70.8612858, 22.4030202 ], [ 70.8612296, 22.403678 ], [ 70.8610698, 22.4041011 ], [ 70.8607057, 22.4042112 ], [ 70.8602555, 22.4042847 ], [ 70.8595604, 22.4045662 ], [ 70.8591102, 22.4048722 ], [ 70.858905, 22.4050252 ], [ 70.8587262, 22.4052089 ], [ 70.8586931, 22.4054476 ], [ 70.8587196, 22.4055516 ], [ 70.8590043, 22.4058638 ], [ 70.8594677, 22.4064023 ], [ 70.8595538, 22.4068553 ], [ 70.8594809, 22.4079447 ], [ 70.859289, 22.4088995 ], [ 70.8592625, 22.409487 ], [ 70.8593684, 22.4101664 ], [ 70.8598053, 22.411268 ], [ 70.860282, 22.4118188 ], [ 70.8625264, 22.4133716 ] ] } },
{ "type": "Feature", "properties": { "element": "way", "id": 374048095, "waterway": null }, "geometry": { "type": "Polygon", "coordinates": [ [ [ 70.8146277, 22.256629 ], [ 70.8145524, 22.2565593 ], [ 70.8145452, 22.2564883 ], [ 70.8145481, 22.2564441 ], [ 70.8145683, 22.2563678 ], [ 70.8146277, 22.2563155 ], [ 70.8147362, 22.2562687 ], [ 70.8148028, 22.2562338 ], [ 70.8149056, 22.2562124 ], [ 70.8150185, 22.256191 ], [ 70.8150894, 22.2561709 ], [ 70.8151502, 22.2561642 ], [ 70.815169, 22.2561749 ], [ 70.8151777, 22.2562459 ], [ 70.815182, 22.2563249 ], [ 70.8151487, 22.2563477 ], [ 70.8150706, 22.2563879 ], [ 70.815017, 22.2563879 ], [ 70.8149808, 22.2564535 ], [ 70.8149693, 22.2564977 ], [ 70.8149953, 22.2565165 ], [ 70.8149722, 22.2565781 ], [ 70.8149461, 22.2565928 ], [ 70.8148795, 22.2566156 ], [ 70.8148303, 22.2566451 ], [ 70.8147927, 22.2566853 ], [ 70.814716, 22.2566169 ], [ 70.8146277, 22.256629 ] ] ] } },
{ "type": "Feature", "properties": { "element": "way", "id": 454561893, "waterway": "river" }, "geometry": { "type": "LineString", "coordinates": [ [ 70.9284532, 22.3046663 ], [ 70.9277665, 22.3050385 ], [ 70.927155, 22.305237 ], [ 70.9266668, 22.3051328 ], [ 70.9263503, 22.3046762 ], [ 70.9258944, 22.3041154 ], [ 70.9251702, 22.3041204 ], [ 70.9239632, 22.3043288 ], [ 70.9233677, 22.3042593 ], [ 70.9228098, 22.3042593 ], [ 70.9217691, 22.3044231 ], [ 70.9207821, 22.304706 ], [ 70.92031, 22.304701 ], [ 70.9194785, 22.3044777 ], [ 70.9189099, 22.3044529 ], [ 70.9181374, 22.3046613 ], [ 70.91766, 22.3047258 ], [ 70.9170216, 22.30484 ], [ 70.9162491, 22.304706 ], [ 70.9153479, 22.3044975 ], [ 70.9148597, 22.3041501 ], [ 70.9147686, 22.3036886 ], [ 70.9146291, 22.3035843 ], [ 70.9142214, 22.3035744 ], [ 70.913803, 22.303763 ], [ 70.9132611, 22.3041749 ], [ 70.9128856, 22.3043437 ], [ 70.9121936, 22.3041948 ], [ 70.9113192, 22.3036886 ], [ 70.9105387, 22.3034503 ], [ 70.9099272, 22.3034652 ], [ 70.9092942, 22.3037878 ], [ 70.9084788, 22.3045323 ], [ 70.9079692, 22.3047953 ], [ 70.9075346, 22.3048003 ], [ 70.9069714, 22.3046216 ], [ 70.9064725, 22.3046663 ], [ 70.9060648, 22.3049293 ], [ 70.9056517, 22.305108 ], [ 70.9054908, 22.3053661 ], [ 70.905185, 22.3054207 ], [ 70.9048417, 22.3057978 ], [ 70.9046539, 22.3069294 ], [ 70.9045306, 22.3072073 ], [ 70.9041443, 22.307515 ], [ 70.9037152, 22.3079071 ], [ 70.9031412, 22.3080014 ], [ 70.9026584, 22.3078922 ], [ 70.9023204, 22.3078376 ], [ 70.9017411, 22.3080957 ], [ 70.9011027, 22.3079964 ], [ 70.9003463, 22.307922 ], [ 70.8997992, 22.3077036 ], [ 70.8998796, 22.3073562 ], [ 70.9004322, 22.3070287 ], [ 70.9005019, 22.306721 ], [ 70.9001747, 22.3063785 ], [ 70.8993378, 22.3062296 ], [ 70.8984634, 22.306175 ], [ 70.897707, 22.3062892 ], [ 70.897294, 22.3062247 ], [ 70.8967843, 22.30551 ], [ 70.8962104, 22.3044777 ], [ 70.8957812, 22.3040459 ], [ 70.8950248, 22.3040806 ], [ 70.8939627, 22.3037977 ], [ 70.8936247, 22.3035496 ], [ 70.8931848, 22.303222 ], [ 70.8929166, 22.3027257 ], [ 70.8926269, 22.3026016 ], [ 70.8923212, 22.3026562 ], [ 70.8920047, 22.3031228 ], [ 70.8915219, 22.3035 ], [ 70.8909908, 22.3038027 ], [ 70.8906448, 22.303907 ] ] } },
{ "type": "Feature", "properties": { "element": "way", "id": 454561897, "waterway": null }, "geometry": { "type": "Polygon", "coordinates": [ [ [ 70.8414128, 22.301949 ], [ 70.8412224, 22.3018746 ], [ 70.8412197, 22.3016835 ], [ 70.8410319, 22.3015098 ], [ 70.8408549, 22.3013584 ], [ 70.8408978, 22.3012319 ], [ 70.8410668, 22.3011897 ], [ 70.8411285, 22.3012319 ], [ 70.8411848, 22.3013088 ], [ 70.8412599, 22.3012765 ], [ 70.8414101, 22.3013336 ], [ 70.8415684, 22.3014428 ], [ 70.8416193, 22.3015693 ], [ 70.8415925, 22.3018597 ], [ 70.8414128, 22.301949 ] ] ] } },
{ "type": "Feature", "properties": { "element": "way", "id": 454561898, "waterway": "river" }, "geometry": { "type": "LineString", "coordinates": [ [ 70.846848, 22.3050591 ], [ 70.8418179, 22.3009887 ], [ 70.8409917, 22.3004427 ], [ 70.8399456, 22.3001102 ], [ 70.8393556, 22.2998322 ], [ 70.8385718, 22.2993718 ], [ 70.8370784, 22.298653 ], [ 70.8372637, 22.297655 ], [ 70.8372607, 22.2958236 ] ] } },
{ "type": "Feature", "properties": { "element": "way", "id": 454561899, "waterway": "river" }, "geometry": { "type": "LineString", "coordinates": [ [ 70.9355664, 22.2692952 ], [ 70.9354055, 22.2694391 ], [ 70.934633, 22.2693647 ], [ 70.933882, 22.2697569 ], [ 70.9332275, 22.2698313 ], [ 70.9326267, 22.2697767 ], [ 70.9324497, 22.2694044 ], [ 70.9318811, 22.2688484 ], [ 70.9311032, 22.2687094 ], [ 70.9303093, 22.2690718 ], [ 70.9296119, 22.26932 ], [ 70.9287697, 22.2695285 ], [ 70.92848, 22.2700597 ], [ 70.9283781, 22.2707795 ], [ 70.9283137, 22.2712213 ], [ 70.9271389, 22.2717773 ], [ 70.9263772, 22.2718319 ], [ 70.9259426, 22.2720851 ], [ 70.9254008, 22.2726014 ], [ 70.9243172, 22.272924 ], [ 70.9236842, 22.2726014 ], [ 70.9231049, 22.2727006 ], [ 70.9226221, 22.2731871 ], [ 70.9224665, 22.2734105 ], [ 70.9221071, 22.2733609 ], [ 70.9215975, 22.2731573 ], [ 70.9214204, 22.2733559 ], [ 70.9209966, 22.2736984 ], [ 70.9202295, 22.2737928 ], [ 70.9199077, 22.2744182 ], [ 70.9196824, 22.275426 ], [ 70.9192049, 22.2757734 ], [ 70.9180516, 22.2762252 ], [ 70.9175044, 22.2767514 ], [ 70.9178531, 22.2776002 ], [ 70.9179872, 22.2780172 ], [ 70.9178209, 22.2786228 ], [ 70.9175205, 22.2792929 ], [ 70.9175151, 22.2804297 ], [ 70.9181052, 22.2819734 ], [ 70.9180301, 22.28245 ], [ 70.9174722, 22.2826435 ], [ 70.9169304, 22.282986 ], [ 70.916394, 22.2836413 ], [ 70.9148115, 22.2851254 ], [ 70.9139424, 22.2856417 ], [ 70.9135562, 22.2860288 ], [ 70.9133684, 22.2867535 ], [ 70.9132021, 22.2874187 ], [ 70.9122526, 22.2880093 ], [ 70.9117698, 22.2881632 ], [ 70.9111529, 22.2879945 ], [ 70.9104341, 22.2881483 ], [ 70.9092378, 22.2887688 ], [ 70.9082561, 22.289012 ], [ 70.9068775, 22.2888532 ], [ 70.90559, 22.2891262 ], [ 70.9041309, 22.2900295 ], [ 70.9034174, 22.2903919 ], [ 70.9030634, 22.2916725 ], [ 70.9036535, 22.2924269 ], [ 70.9037554, 22.2930076 ], [ 70.9034067, 22.2942286 ], [ 70.9023982, 22.2951816 ], [ 70.9005528, 22.2958616 ], [ 70.8993405, 22.2958417 ], [ 70.8980691, 22.2963877 ], [ 70.8973396, 22.296621 ], [ 70.8962559, 22.2971918 ], [ 70.8953601, 22.2981944 ], [ 70.8944267, 22.2993905 ], [ 70.8934664, 22.3006015 ], [ 70.8921468, 22.3010879 ], [ 70.8914548, 22.3011475 ], [ 70.8907038, 22.3009192 ], [ 70.8903014, 22.3009092 ], [ 70.8899152, 22.3010978 ], [ 70.8895987, 22.301475 ], [ 70.8895987, 22.3019217 ], [ 70.8897543, 22.3024478 ], [ 70.8902049, 22.3032568 ], [ 70.8905965, 22.3035546 ], [ 70.8906448, 22.303907 ], [ 70.8904838, 22.3040906 ], [ 70.8895611, 22.3043388 ], [ 70.8877211, 22.3044579 ], [ 70.8860475, 22.3042693 ], [ 70.884819, 22.3043884 ], [ 70.8822012, 22.3056738 ], [ 70.8808654, 22.3060957 ], [ 70.880506, 22.3061999 ], [ 70.877518, 22.306726 ], [ 70.8748573, 22.3069245 ], [ 70.8738112, 22.3068451 ], [ 70.8719122, 22.3059914 ], [ 70.8709949, 22.3059021 ], [ 70.8704477, 22.3059021 ], [ 70.8686185, 22.3055398 ], [ 70.8646917, 22.3051825 ], [ 70.8627337, 22.3043536 ], [ 70.8608615, 22.3036787 ], [ 70.8587801, 22.3035248 ], [ 70.8583617, 22.3035844 ], [ 70.846848, 22.3050591 ] ] } },
{ "type": "Feature", "properties": { "element": "way", "id": 456080173, "waterway": "river" }, "geometry": { "type": "LineString", "coordinates": [ [ 70.846848, 22.3050591 ], [ 70.8395975, 22.305614 ], [ 70.8371066, 22.3077172 ], [ 70.835644, 22.3097888 ], [ 70.8354047, 22.310143 ], [ 70.8351579, 22.3105996 ], [ 70.8348253, 22.3110859 ], [ 70.8342889, 22.3117807 ], [ 70.8342138, 22.3125351 ], [ 70.833731, 22.3127336 ], [ 70.8332589, 22.3135078 ], [ 70.8330336, 22.3142125 ], [ 70.8324972, 22.3148676 ], [ 70.8320573, 22.3152249 ], [ 70.8316818, 22.3163563 ], [ 70.8317998, 22.3168725 ], [ 70.8324328, 22.3171801 ], [ 70.8329907, 22.3174084 ], [ 70.8334521, 22.3181627 ], [ 70.8336452, 22.3191354 ], [ 70.8337535, 22.3200776 ], [ 70.8337417, 22.3212494 ], [ 70.8332589, 22.3222618 ], [ 70.8323577, 22.322758 ], [ 70.8310166, 22.3232145 ], [ 70.8307698, 22.3233634 ], [ 70.8300859, 22.323676 ], [ 70.8295146, 22.3238621 ], [ 70.8290076, 22.3238745 ], [ 70.8279052, 22.3243062 ], [ 70.8273555, 22.3246627 ], [ 70.8272401, 22.3252888 ], [ 70.8273286, 22.3256287 ], [ 70.8276826, 22.3261622 ], [ 70.8280286, 22.3271422 ], [ 70.8283076, 22.3279238 ], [ 70.8285651, 22.3284001 ], [ 70.8290291, 22.3290204 ], [ 70.8290988, 22.3295489 ], [ 70.8293992, 22.3302163 ], [ 70.8293778, 22.3310301 ], [ 70.8292222, 22.3312707 ], [ 70.8291793, 22.3316429 ], [ 70.8290479, 22.3322731 ], [ 70.8289325, 22.3324914 ], [ 70.8286053, 22.3328214 ], [ 70.8281547, 22.3341661 ], [ 70.8280099, 22.3351039 ], [ 70.827294, 22.336246 ], [ 70.8270604, 22.336523 ], [ 70.8261926, 22.3371692 ], [ 70.8259714, 22.3373814 ], [ 70.8255412, 22.3380672 ], [ 70.8252625, 22.3382723 ], [ 70.8248111, 22.3385116 ], [ 70.8239383, 22.3388948 ], [ 70.8210039, 22.3413236 ], [ 70.819459, 22.341919 ], [ 70.8184934, 22.3426335 ], [ 70.8169913, 22.3423556 ], [ 70.8152533, 22.342177 ], [ 70.8130431, 22.3422564 ], [ 70.8104038, 22.3430899 ], [ 70.8084045, 22.3437211 ], [ 70.8053398, 22.344896 ], [ 70.8034945, 22.3458288 ], [ 70.8024712, 22.3462876 ], [ 70.802201, 22.34644 ], [ 70.8020035, 22.346602 ], [ 70.8013703, 22.3474037 ], [ 70.8012403, 22.3476606 ], [ 70.8009482, 22.3483237 ], [ 70.8008489, 22.3484673 ], [ 70.8006944, 22.3486474 ], [ 70.7998252, 22.3494209 ], [ 70.7979808, 22.3508816 ] ] } },
{ "type": "Feature", "properties": { "element": "way", "id": 456080175, "waterway": "river" }, "geometry": { "type": "LineString", "coordinates": [ [ 70.9258604, 22.3176706 ], [ 70.9255988, 22.3175866 ], [ 70.9253878, 22.3175249 ], [ 70.9251563, 22.3175049 ], [ 70.9250019, 22.3174647 ], [ 70.924885, 22.3174071 ], [ 70.9247715, 22.3172805 ], [ 70.9246908, 22.3172402 ], [ 70.9245089, 22.3172615 ], [ 70.9242026, 22.3174443 ], [ 70.9235502, 22.317984 ], [ 70.9228587, 22.3180183 ], [ 70.9223512, 22.3176466 ], [ 70.9218228, 22.3176789 ], [ 70.9209162, 22.3177583 ], [ 70.920125, 22.3179419 ], [ 70.9197092, 22.3177136 ], [ 70.9194812, 22.3176094 ], [ 70.9191621, 22.3176491 ], [ 70.9189448, 22.3177334 ], [ 70.9187678, 22.317731 ], [ 70.918454, 22.3177682 ], [ 70.9178275, 22.3172603 ], [ 70.9175281, 22.3170274 ], [ 70.9174325, 22.3169617 ], [ 70.9172479, 22.3169009 ], [ 70.9170612, 22.3168999 ], [ 70.9167745, 22.3169339 ], [ 70.9164797, 22.3169697 ], [ 70.9158361, 22.3171404 ], [ 70.9155438, 22.3169816 ], [ 70.9145165, 22.3168799 ], [ 70.9135938, 22.3166441 ], [ 70.9131003, 22.3164903 ], [ 70.9128803, 22.3161702 ], [ 70.9123385, 22.3161479 ], [ 70.911676, 22.3163613 ], [ 70.911043, 22.3163836 ], [ 70.9106755, 22.316329 ], [ 70.910292, 22.3164183 ], [ 70.9099111, 22.3170213 ], [ 70.9096831, 22.3172818 ], [ 70.9094015, 22.3173166 ], [ 70.9091011, 22.3173265 ], [ 70.9085807, 22.3173389 ], [ 70.9083688, 22.3174406 ], [ 70.908047, 22.3176069 ], [ 70.9077654, 22.3175697 ], [ 70.9074784, 22.3174134 ], [ 70.9070385, 22.3174233 ], [ 70.9064698, 22.3176516 ], [ 70.9062714, 22.3178798 ], [ 70.9061828, 22.3181974 ], [ 70.9061319, 22.3185721 ], [ 70.9061748, 22.3189269 ], [ 70.90592, 22.3190535 ], [ 70.9055472, 22.3189542 ], [ 70.9053031, 22.3186466 ], [ 70.9050241, 22.3184332 ], [ 70.904941, 22.3181776 ], [ 70.9049034, 22.3179022 ], [ 70.904882, 22.3177632 ], [ 70.9047184, 22.3176863 ], [ 70.9044045, 22.3177037 ], [ 70.9040827, 22.3179394 ], [ 70.9039781, 22.3182024 ], [ 70.9039781, 22.318659 ], [ 70.9042141, 22.3191875 ], [ 70.904088, 22.3195249 ], [ 70.9038225, 22.3199368 ], [ 70.9033504, 22.3201775 ], [ 70.9027979, 22.3200683 ], [ 70.9023902, 22.3201452 ], [ 70.9020522, 22.3206043 ], [ 70.9016392, 22.3207829 ], [ 70.9014219, 22.3206316 ], [ 70.9010652, 22.3205199 ], [ 70.9007216, 22.320688 ], [ 70.9004161, 22.3208375 ], [ 70.8999762, 22.3208623 ], [ 70.8996678, 22.3206092 ], [ 70.8994103, 22.3204231 ], [ 70.8986995, 22.3204008 ], [ 70.8983588, 22.3203934 ], [ 70.8977929, 22.3204207 ], [ 70.8976266, 22.3205919 ], [ 70.8974147, 22.3207953 ], [ 70.8971116, 22.3208226 ], [ 70.8968166, 22.320644 ], [ 70.8966261, 22.3205943 ], [ 70.8963526, 22.3205919 ], [ 70.8959261, 22.3205472 ], [ 70.8955372, 22.3205125 ], [ 70.8951885, 22.3204281 ], [ 70.8945233, 22.320371 ], [ 70.8942041, 22.320371 ], [ 70.8939332, 22.320376 ], [ 70.8937401, 22.3204033 ], [ 70.8936221, 22.3204579 ], [ 70.8935523, 22.3205323 ], [ 70.8935443, 22.3206092 ], [ 70.8934557, 22.3207383 ] ] } },
{ "type": "Feature", "properties": { "element": "way", "id": 456080178, "waterway": "river" }, "geometry": { "type": "LineString", "coordinates": [ [ 70.9070277, 22.335734 ], [ 70.9071994, 22.3352527 ], [ 70.9070385, 22.3348558 ], [ 70.9071565, 22.3340916 ], [ 70.9070546, 22.3338138 ], [ 70.9069258, 22.3337145 ], [ 70.9066737, 22.3334863 ], [ 70.906663, 22.3332084 ], [ 70.9064967, 22.333 ], [ 70.9063867, 22.3326179 ], [ 70.9064269, 22.3322458 ], [ 70.9063769, 22.3314076 ], [ 70.9060299, 22.3310896 ], [ 70.905472, 22.3301865 ], [ 70.9052355, 22.3300734 ], [ 70.9047532, 22.3299086 ], [ 70.9043938, 22.3292139 ], [ 70.9037822, 22.328683 ], [ 70.9033799, 22.3280924 ], [ 70.9029293, 22.3274325 ], [ 70.9021622, 22.3267278 ], [ 70.9009498, 22.3261423 ], [ 70.900746, 22.3257701 ], [ 70.9005207, 22.3251548 ], [ 70.8997643, 22.3246536 ], [ 70.899319, 22.3246536 ], [ 70.8989596, 22.3244849 ], [ 70.8981979, 22.3243211 ], [ 70.8976024, 22.3243757 ], [ 70.8967119, 22.3244303 ], [ 70.8964276, 22.3242119 ], [ 70.896374, 22.3237207 ], [ 70.896154, 22.3231996 ], [ 70.8955747, 22.3228274 ], [ 70.8952689, 22.3226141 ], [ 70.8949309, 22.3225595 ], [ 70.8944482, 22.3227232 ], [ 70.8941907, 22.3227332 ], [ 70.8940083, 22.3225495 ], [ 70.8938956, 22.3221327 ], [ 70.8939278, 22.3217903 ], [ 70.8937508, 22.3213338 ], [ 70.8937561, 22.3210013 ], [ 70.8936918, 22.3208127 ], [ 70.8934557, 22.3207383 ], [ 70.8930427, 22.3207978 ], [ 70.8926403, 22.3207159 ], [ 70.891943, 22.320505 ], [ 70.8911598, 22.3204653 ], [ 70.8901673, 22.3204653 ], [ 70.8899152, 22.3201279 ], [ 70.889647, 22.3197209 ], [ 70.8889228, 22.3183513 ], [ 70.8883166, 22.3176764 ], [ 70.8874369, 22.3170312 ], [ 70.8870023, 22.316396 ], [ 70.8867127, 22.3156367 ], [ 70.8865088, 22.3150511 ], [ 70.8862889, 22.3149172 ], [ 70.8859777, 22.3148775 ], [ 70.8856505, 22.3149569 ], [ 70.8851731, 22.3149618 ], [ 70.884701, 22.3148526 ], [ 70.8844328, 22.3146889 ], [ 70.8841431, 22.3143961 ], [ 70.8839822, 22.3140586 ], [ 70.8839071, 22.313473 ], [ 70.8838266, 22.3131306 ], [ 70.8836281, 22.3128824 ], [ 70.8819598, 22.3123117 ], [ 70.8809727, 22.3119941 ], [ 70.8803183, 22.3114234 ], [ 70.8797228, 22.3111604 ], [ 70.8789986, 22.3107137 ], [ 70.877974, 22.3102273 ], [ 70.8774129, 22.3097122 ] ] } },
{ "type": "Feature", "properties": { "element": "way", "id": 456682322, "waterway": "stream" }, "geometry": { "type": "LineString", "coordinates": [ [ 70.8585978, 22.3409614 ], [ 70.8584476, 22.3410209 ], [ 70.8577287, 22.3411946 ], [ 70.8570314, 22.341269 ], [ 70.856393, 22.3413335 ], [ 70.8561033, 22.3412541 ], [ 70.855996, 22.3409366 ], [ 70.8558244, 22.340624 ], [ 70.8555669, 22.3404851 ], [ 70.8553255, 22.3405148 ], [ 70.8550197, 22.3407976 ], [ 70.8546871, 22.3413484 ], [ 70.854317, 22.3415866 ], [ 70.8535713, 22.341914 ], [ 70.8532548, 22.3419637 ], [ 70.8530456, 22.3421373 ], [ 70.8530188, 22.3426285 ], [ 70.852992, 22.3428369 ], [ 70.8526111, 22.343085 ], [ 70.8521819, 22.3431445 ], [ 70.8515811, 22.3432984 ], [ 70.8511305, 22.3435316 ], [ 70.8510393, 22.3437896 ], [ 70.8510283, 22.3440165 ], [ 70.851034, 22.3440823 ], [ 70.8510689, 22.3441595 ], [ 70.8511177, 22.3442195 ], [ 70.8512217, 22.3443105 ], [ 70.8513344, 22.3444544 ], [ 70.8514582, 22.3445842 ], [ 70.8514899, 22.3446529 ], [ 70.8514972, 22.3447336 ], [ 70.8514876, 22.3448093 ], [ 70.8514455, 22.3448643 ], [ 70.8513814, 22.344898 ], [ 70.8512807, 22.3449109 ], [ 70.8509106, 22.3449208 ], [ 70.850473, 22.3449706 ], [ 70.8503527, 22.3450101 ], [ 70.8502163, 22.3450796 ], [ 70.8500032, 22.3452549 ], [ 70.8498967, 22.3453078 ], [ 70.8497891, 22.3453424 ], [ 70.8494247, 22.3453996 ], [ 70.8493376, 22.3454144 ], [ 70.8492399, 22.345464 ], [ 70.8491457, 22.3455361 ], [ 70.848561, 22.3458139 ], [ 70.8482258, 22.3459202 ], [ 70.8481782, 22.3459582 ], [ 70.848151, 22.3460338 ], [ 70.8481497, 22.346156 ], [ 70.8481857, 22.3462257 ], [ 70.8483563, 22.346374 ], [ 70.8484161, 22.3464142 ], [ 70.8485065, 22.3464478 ], [ 70.8486365, 22.3464712 ], [ 70.8486886, 22.34649 ], [ 70.848733, 22.3465244 ], [ 70.8488775, 22.346643 ], [ 70.8489096, 22.3466772 ], [ 70.8489115, 22.3467195 ], [ 70.8488813, 22.346818 ], [ 70.8488615, 22.3468369 ], [ 70.8488277, 22.3468445 ], [ 70.84862, 22.3467913 ], [ 70.8484374, 22.3468752 ], [ 70.848282, 22.3470394 ], [ 70.8481667, 22.3471114 ], [ 70.8480513, 22.3471436 ], [ 70.8477295, 22.3471238 ], [ 70.8475876, 22.3471315 ], [ 70.8474881, 22.3471783 ], [ 70.8474612, 22.3473569 ], [ 70.8473754, 22.3475108 ], [ 70.8473271, 22.347605 ], [ 70.8471323, 22.3476977 ] ] } },
{ "type": "Feature", "properties": { "element": "way", "id": 456682323, "waterway": "stream" }, "geometry": { "type": "LineString", "coordinates": [ [ 70.8487916, 22.3388675 ], [ 70.8486253, 22.3392793 ], [ 70.8483786, 22.3397854 ], [ 70.8482337, 22.3402816 ], [ 70.8478207, 22.3411202 ], [ 70.8477885, 22.3413434 ], [ 70.8477885, 22.3417305 ], [ 70.8479387, 22.3422911 ], [ 70.8478904, 22.3425541 ], [ 70.848105, 22.3430354 ], [ 70.8480782, 22.343338 ], [ 70.8478475, 22.343601 ], [ 70.8477563, 22.3437747 ], [ 70.8477831, 22.3439731 ], [ 70.8475954, 22.3443304 ], [ 70.8471394, 22.3448265 ], [ 70.8469571, 22.344938 ], [ 70.8468068, 22.34503 ], [ 70.8464098, 22.3450399 ], [ 70.8461255, 22.3449159 ], [ 70.8458144, 22.3451937 ], [ 70.8457554, 22.3456105 ], [ 70.845809, 22.3458238 ], [ 70.8457105, 22.3462196 ], [ 70.8456875, 22.3462705 ], [ 70.8456481, 22.3463101 ], [ 70.8455893, 22.3463418 ], [ 70.8453906, 22.3463845 ], [ 70.8452484, 22.3464065 ], [ 70.8451733, 22.3464414 ], [ 70.8451277, 22.3465184 ], [ 70.8450848, 22.3466226 ] ] } },
{ "type": "Feature", "properties": { "element": "way", "id": 456682333, "waterway": "river" }, "geometry": { "type": "LineString", "coordinates": [ [ 70.836896, 22.3506543 ], [ 70.8351953, 22.3483734 ], [ 70.8350178, 22.3482074 ], [ 70.8342129, 22.3478521 ], [ 70.8340686, 22.3478622 ], [ 70.8339616, 22.34795 ], [ 70.8335195, 22.3485918 ], [ 70.8334538, 22.3486313 ], [ 70.8333788, 22.3486404 ], [ 70.8332561, 22.348646 ], [ 70.8330953, 22.3486568 ], [ 70.8330069, 22.3487299 ], [ 70.8326876, 22.3492721 ], [ 70.8324317, 22.3497533 ], [ 70.8323011, 22.3498434 ], [ 70.8321519, 22.3498729 ], [ 70.8314538, 22.3498178 ], [ 70.8311105, 22.349798 ], [ 70.8304545, 22.3496054 ], [ 70.8302844, 22.3495896 ], [ 70.8300852, 22.3495808 ], [ 70.8294209, 22.3496844 ], [ 70.8292748, 22.3496833 ], [ 70.8291288, 22.3496367 ], [ 70.8284175, 22.3491728 ], [ 70.8271623, 22.3480118 ], [ 70.8258212, 22.347218 ], [ 70.8249042, 22.346953 ], [ 70.8247826, 22.3469307 ], [ 70.8246424, 22.3469344 ], [ 70.8239865, 22.3470592 ], [ 70.8235729, 22.3471311 ], [ 70.8232248, 22.3471684 ], [ 70.8224523, 22.34696 ], [ 70.8219992, 22.3466543 ], [ 70.8219127, 22.3465328 ], [ 70.821873, 22.3463768 ], [ 70.821873, 22.3460572 ], [ 70.8219744, 22.3457624 ], [ 70.8221304, 22.3454616 ], [ 70.8221405, 22.3453518 ] ] } },
{ "type": "Feature", "properties": { "element": "way", "id": 583765240, "waterway": null }, "geometry": { "type": "Polygon", "coordinates": [ [ [ 70.7651011, 22.2800306 ], [ 70.7651034, 22.2800811 ], [ 70.7650885, 22.2801298 ], [ 70.7650579, 22.2801718 ], [ 70.7650146, 22.2802028 ], [ 70.7649631, 22.2802198 ], [ 70.7649084, 22.280221 ], [ 70.7648518, 22.2802043 ], [ 70.7648046, 22.280171 ], [ 70.7647724, 22.2801248 ], [ 70.764759, 22.2800712 ], [ 70.7647659, 22.2800166 ], [ 70.7647924, 22.2799675 ], [ 70.7648353, 22.2799295 ], [ 70.7648896, 22.2799072 ], [ 70.7649489, 22.2799032 ], [ 70.7650018, 22.2799161 ], [ 70.7650476, 22.2799437 ], [ 70.7650819, 22.2799832 ], [ 70.7651011, 22.2800306 ] ] ] } },
{ "type": "Feature", "properties": { "element": "way", "id": 605632869, "waterway": null }, "geometry": { "type": "Polygon", "coordinates": [ [ [ 70.7982798, 22.3480101 ], [ 70.7982344, 22.3473683 ], [ 70.7990274, 22.3461088 ], [ 70.7994015, 22.3454999 ], [ 70.8002395, 22.3445587 ], [ 70.8016611, 22.3429394 ], [ 70.802963, 22.3403235 ], [ 70.8042798, 22.3385795 ], [ 70.8050879, 22.3373754 ], [ 70.8046988, 22.3366279 ], [ 70.8044893, 22.3356867 ], [ 70.8030378, 22.3341642 ], [ 70.8024093, 22.3326278 ], [ 70.80211, 22.3302332 ], [ 70.8031725, 22.3257483 ], [ 70.8035316, 22.3196853 ], [ 70.8045342, 22.318121 ], [ 70.805013, 22.3172489 ], [ 70.8054919, 22.3155324 ], [ 70.8060306, 22.3120023 ], [ 70.8063149, 22.3104795 ], [ 70.807527, 22.3069354 ], [ 70.8089186, 22.3040558 ], [ 70.8103402, 22.3000963 ], [ 70.8115086, 22.2980869 ], [ 70.8131983, 22.2959982 ], [ 70.8140363, 22.2955136 ], [ 70.815009, 22.2949874 ], [ 70.8158021, 22.2944059 ], [ 70.815847, 22.2936583 ], [ 70.815847, 22.2930491 ], [ 70.8159667, 22.2924953 ], [ 70.816236, 22.2920245 ], [ 70.8167448, 22.290543 ], [ 70.8172386, 22.2882585 ], [ 70.8176277, 22.2848108 ], [ 70.8182412, 22.2826784 ], [ 70.8188248, 22.2817507 ], [ 70.8211592, 22.2772228 ], [ 70.8219074, 22.2753119 ], [ 70.8235235, 22.2731794 ], [ 70.8264714, 22.2724178 ], [ 70.8279079, 22.2713792 ], [ 70.8290601, 22.2699806 ], [ 70.8296437, 22.2694821 ], [ 70.8320679, 22.2673633 ], [ 70.8339534, 22.2655631 ], [ 70.834415, 22.2655868 ], [ 70.8344621, 22.2663524 ], [ 70.833265, 22.2672664 ], [ 70.8308708, 22.2694544 ], [ 70.8296886, 22.2701744 ], [ 70.8286262, 22.2713515 ], [ 70.8266509, 22.2729855 ], [ 70.824152, 22.2736779 ], [ 70.8227603, 22.2748549 ], [ 70.8218325, 22.2771259 ], [ 70.8218048, 22.27718 ], [ 70.8194383, 22.2818061 ], [ 70.8184956, 22.2836892 ], [ 70.8181813, 22.2855308 ], [ 70.817493, 22.2896846 ], [ 70.8171189, 22.291083 ], [ 70.8162659, 22.2942536 ], [ 70.8152484, 22.2958182 ], [ 70.8134078, 22.2971058 ], [ 70.8115589, 22.2992839 ], [ 70.8109986, 22.299944 ], [ 70.8098464, 22.3027683 ], [ 70.8073624, 22.3092059 ], [ 70.8064047, 22.3122792 ], [ 70.8059707, 22.3152694 ], [ 70.8047736, 22.3189516 ], [ 70.8042199, 22.319976 ], [ 70.8038309, 22.3241011 ], [ 70.8036214, 22.3268419 ], [ 70.8030079, 22.3304962 ], [ 70.8030785, 22.3323109 ], [ 70.8039207, 22.3340535 ], [ 70.8049083, 22.3352992 ], [ 70.8053722, 22.3362404 ], [ 70.8057912, 22.3378321 ], [ 70.8051477, 22.3393546 ], [ 70.8042648, 22.341057 ], [ 70.8037411, 22.3421505 ], [ 70.8008231, 22.3462057 ], [ 70.7993634, 22.3486452 ], [ 70.7992104, 22.3485555 ], [ 70.7982798, 22.3480101 ] ] ] } },
{ "type": "Feature", "properties": { "element": "way", "id": 697192824, "waterway": "river" }, "geometry": { "type": "LineString", "coordinates": [ [ 70.8391321, 22.2209023 ], [ 70.8394428, 22.2229673 ], [ 70.8392253, 22.2237093 ], [ 70.8377713, 22.2261424 ], [ 70.8371251, 22.2275401 ], [ 70.8366094, 22.228029 ], [ 70.836423, 22.228886 ], [ 70.8370816, 22.2313075 ], [ 70.838343, 22.2327454 ], [ 70.8384548, 22.2332745 ], [ 70.838343, 22.2338554 ], [ 70.8377775, 22.2344248 ], [ 70.8375787, 22.2357247 ], [ 70.8367647, 22.236133 ], [ 70.8364665, 22.2365471 ], [ 70.8366156, 22.238215 ], [ 70.8365291, 22.2385549 ], [ 70.8362801, 22.2386982 ], [ 70.8336393, 22.2385486 ], [ 70.8331546, 22.2389282 ], [ 70.8327575, 22.2394709 ], [ 70.8325022, 22.2398197 ], [ 70.8314646, 22.2402798 ], [ 70.8304082, 22.2412057 ], [ 70.8300914, 22.2419937 ], [ 70.8300727, 22.2428276 ], [ 70.8312574, 22.2438251 ], [ 70.8317069, 22.2445702 ], [ 70.831595, 22.2452143 ], [ 70.8312471, 22.246307 ], [ 70.8315143, 22.2481934 ], [ 70.8313865, 22.2512102 ], [ 70.8315143, 22.2543698 ], [ 70.8311555, 22.2554229 ], [ 70.8306704, 22.2558819 ], [ 70.8298768, 22.2561775 ], [ 70.829734, 22.2560819 ], [ 70.829115, 22.2563016 ], [ 70.8285894, 22.2562967 ], [ 70.828392, 22.2565831 ], [ 70.8276597, 22.2569403 ], [ 70.8269409, 22.2570571 ], [ 70.8266865, 22.2572142 ], [ 70.8259576, 22.2577528 ], [ 70.8253753, 22.2583837 ], [ 70.8249771, 22.2589584 ], [ 70.8247539, 22.2590335 ], [ 70.8239399, 22.2587575 ], [ 70.8230079, 22.2587748 ], [ 70.8225178, 22.2587208 ], [ 70.8216983, 22.2585856 ], [ 70.8213269, 22.2588423 ] ] } },
{ "type": "Feature", "properties": { "element": "way", "id": 697192829, "waterway": "river" }, "geometry": { "type": "LineString", "coordinates": [ [ 70.8221586, 22.2505885 ], [ 70.822295, 22.251142 ], [ 70.8222805, 22.2521027 ], [ 70.8225557, 22.2528221 ], [ 70.8229081, 22.2530455 ], [ 70.8238337, 22.2532463 ], [ 70.8233941, 22.2544804 ], [ 70.8230312, 22.2554991 ], [ 70.8220014, 22.2566751 ], [ 70.821326, 22.2584946 ], [ 70.8213269, 22.2588423 ], [ 70.8213287, 22.2595606 ] ] } },
{ "type": "Feature", "properties": { "element": "way", "id": 703844761, "waterway": "river" }, "geometry": { "type": "LineString", "coordinates": [ [ 70.8357708, 22.4018237 ], [ 70.8339991, 22.4022255 ], [ 70.8337633, 22.4023623 ] ] } },
{ "type": "Feature", "properties": { "element": "way", "id": 703844764, "waterway": "river" }, "geometry": { "type": "LineString", "coordinates": [ [ 70.8337633, 22.4023623 ], [ 70.8334929, 22.4024338 ] ] } },
{ "type": "Feature", "properties": { "element": "way", "id": 703844765, "waterway": "river" }, "geometry": { "type": "LineString", "coordinates": [ [ 70.8334929, 22.4024338 ], [ 70.8326035, 22.4025714 ], [ 70.8317443, 22.4017303 ], [ 70.8307503, 22.4019172 ], [ 70.830127, 22.4025714 ], [ 70.8260163, 22.4058734 ], [ 70.8246348, 22.4062005 ], [ 70.8228706, 22.4060896 ], [ 70.822086, 22.4062164 ], [ 70.8218991, 22.4062362 ], [ 70.8215366, 22.4061721 ], [ 70.8197154, 22.4056553 ], [ 70.816447, 22.4038953 ], [ 70.8153351, 22.4038641 ], [ 70.8132629, 22.4055463 ], [ 70.8119488, 22.4059045 ], [ 70.8089332, 22.4075399 ], [ 70.8062851, 22.4068647 ], [ 70.8055974, 22.4063874 ], [ 70.8054795, 22.4031321 ], [ 70.8050583, 22.4026492 ], [ 70.8030029, 22.4032255 ], [ 70.8020763, 22.4023533 ], [ 70.8006443, 22.4024156 ], [ 70.7991281, 22.4020262 ], [ 70.7972393, 22.4004594 ], [ 70.795922, 22.4005805 ], [ 70.794311, 22.3994444 ], [ 70.7935853, 22.3993939 ], [ 70.7915131, 22.4004375 ], [ 70.7904181, 22.4016524 ], [ 70.7866106, 22.4017614 ], [ 70.7843362, 22.401154 ], [ 70.7837802, 22.4015278 ], [ 70.7834265, 22.4032567 ], [ 70.7822303, 22.4036617 ], [ 70.7802592, 22.4030075 ], [ 70.777631, 22.4036461 ], [ 70.7756093, 22.4035371 ], [ 70.7732002, 22.4036772 ], [ 70.7706394, 22.4042068 ], [ 70.7683313, 22.4060603 ], [ 70.7649113, 22.4059201 ], [ 70.7609017, 22.4077113 ], [ 70.7585599, 22.407649 ], [ 70.7567067, 22.4082408 ], [ 70.7545166, 22.4079449 ], [ 70.7487043, 22.4099541 ], [ 70.7421507, 22.4105303 ], [ 70.7378378, 22.4110599 ], [ 70.7313685, 22.4130535 ], [ 70.7267523, 22.4154831 ], [ 70.7258931, 22.4163085 ], [ 70.7235345, 22.4175389 ], [ 70.7221699, 22.4185356 ], [ 70.719508, 22.4189872 ], [ 70.7172505, 22.4202176 ], [ 70.7150772, 22.4227249 ], [ 70.7128028, 22.4234413 ], [ 70.707934, 22.4249831 ], [ 70.7052721, 22.4250454 ], [ 70.703301, 22.4244847 ], [ 70.7026103, 22.4247806 ], [ 70.6995778, 22.4255904 ], [ 70.6992071, 22.4261043 ], [ 70.6992577, 22.4266805 ], [ 70.6999315, 22.427101 ], [ 70.6999652, 22.4281288 ], [ 70.7000326, 22.4312278 ], [ 70.699325, 22.4320999 ], [ 70.6949226, 22.4360462 ], [ 70.6943046, 22.4366002 ], [ 70.6921818, 22.4378771 ], [ 70.6914716, 22.4376441 ] ] } },
{ "type": "Feature", "properties": { "element": "way", "id": 703856918, "waterway": null }, "geometry": { "type": "Polygon", "coordinates": [ [ [ 70.8821076, 22.3471472 ], [ 70.8821701, 22.3460677 ], [ 70.8834331, 22.3457246 ], [ 70.8829662, 22.3462605 ], [ 70.8830704, 22.3466036 ], [ 70.8858214, 22.3469544 ], [ 70.8864258, 22.347151 ], [ 70.8862883, 22.3475057 ], [ 70.8842667, 22.3474556 ], [ 70.8837582, 22.3470662 ], [ 70.8835623, 22.3475712 ], [ 70.8827745, 22.347471 ], [ 70.8821076, 22.3471472 ] ] ] } },
{ "type": "Feature", "properties": { "element": "way", "id": 703921744, "waterway": "stream" }, "geometry": { "type": "LineString", "coordinates": [ [ 70.8579505, 22.3207589 ], [ 70.8524495, 22.3211448 ], [ 70.8499727, 22.3208875 ], [ 70.8482086, 22.3204454 ], [ 70.8480706, 22.3202907 ] ] } },
{ "type": "Feature", "properties": { "element": "way", "id": 703921745, "waterway": "river" }, "geometry": { "type": "LineString", "coordinates": [ [ 70.846848, 22.3050591 ], [ 70.8485597, 22.310782 ], [ 70.847498, 22.3131072 ], [ 70.8444575, 22.3177666 ], [ 70.8421679, 22.3186995 ], [ 70.8413663, 22.3192107 ], [ 70.8399796, 22.3211649 ], [ 70.8385387, 22.3221871 ], [ 70.8378237, 22.32352 ], [ 70.8369029, 22.3246825 ], [ 70.8358845, 22.3260153 ], [ 70.8345737, 22.3265765 ], [ 70.8342379, 22.3270776 ], [ 70.834227, 22.3280597 ], [ 70.833967, 22.3289916 ], [ 70.8320712, 22.3307654 ], [ 70.8318328, 22.3319879 ], [ 70.830977, 22.3325992 ], [ 70.8301211, 22.332519 ], [ 70.8290479, 22.3322731 ] ] } },
{ "type": "Feature", "properties": { "element": "way", "id": 892529309, "waterway": "stream" }, "geometry": { "type": "LineString", "coordinates": [ [ 70.8480706, 22.3202907 ], [ 70.8478557, 22.32005 ] ] } },
{ "type": "Feature", "properties": { "element": "way", "id": 892529310, "waterway": "stream" }, "geometry": { "type": "LineString", "coordinates": [ [ 70.8478557, 22.32005 ], [ 70.8474265, 22.3195691 ], [ 70.8465748, 22.3190626 ], [ 70.8456884, 22.3180738 ], [ 70.8451322, 22.3180336 ], [ 70.8444575, 22.3177666 ] ] } },
{ "type": "Feature", "properties": { "element": "way", "id": 892904325, "waterway": "river" }, "geometry": { "type": "LineString", "coordinates": [ [ 70.877201, 22.3095537 ], [ 70.876928, 22.3094333 ], [ 70.8763754, 22.309468 ], [ 70.8757853, 22.3094482 ], [ 70.8751845, 22.3089817 ], [ 70.8746803, 22.308128 ], [ 70.8742404, 22.3075821 ], [ 70.8737039, 22.3073538 ], [ 70.8723521, 22.3071355 ], [ 70.8714509, 22.3067682 ], [ 70.8709466, 22.3063314 ], [ 70.8704477, 22.3059021 ] ] } },
{ "type": "Feature", "properties": { "element": "way", "id": 892904326, "waterway": "river" }, "geometry": { "type": "LineString", "coordinates": [ [ 70.8774129, 22.3097122 ], [ 70.8772669, 22.3095953 ], [ 70.877201, 22.3095537 ] ] } },
{ "type": "Feature", "properties": { "element": "way", "id": 897014936, "waterway": "river" }, "geometry": { "type": "LineString", "coordinates": [ [ 70.8221507, 22.3452419 ], [ 70.8221734, 22.3449952 ], [ 70.8216584, 22.3445487 ], [ 70.820843, 22.3440525 ], [ 70.8195233, 22.3434472 ], [ 70.8190942, 22.3431793 ], [ 70.8184934, 22.3426335 ] ] } },
{ "type": "Feature", "properties": { "element": "way", "id": 897014937, "waterway": "river" }, "geometry": { "type": "LineString", "coordinates": [ [ 70.8221405, 22.3453518 ], [ 70.8221507, 22.3452419 ] ] } },
{ "type": "Feature", "properties": { "element": "way", "id": 918764649, "waterway": null }, "geometry": { "type": "Polygon", "coordinates": [ [ [ 70.8000055, 22.3489148 ], [ 70.8007386, 22.3478055 ], [ 70.8008305, 22.3473771 ], [ 70.8008268, 22.3470983 ], [ 70.8011045, 22.346845 ], [ 70.8014621, 22.3465891 ], [ 70.8019006, 22.3464182 ], [ 70.8033566, 22.3457082 ], [ 70.8038848, 22.345265 ], [ 70.804034, 22.345093 ], [ 70.8042181, 22.344977 ], [ 70.8045091, 22.3448914 ], [ 70.8049734, 22.3447745 ], [ 70.8074154, 22.3435463 ], [ 70.807617, 22.3441506 ], [ 70.8058827, 22.3452325 ], [ 70.8050341, 22.3457449 ], [ 70.8034311, 22.346866 ], [ 70.8020777, 22.3475262 ], [ 70.8008654, 22.349191 ], [ 70.8000055, 22.3489148 ] ] ] } },
{ "type": "Feature", "properties": { "element": "way", "id": 984366175, "waterway": "river" }, "geometry": { "type": "LineString", "coordinates": [ [ 70.8213287, 22.2595606 ], [ 70.8207337, 22.2610405 ], [ 70.8196961, 22.2624608 ], [ 70.8193481, 22.2639387 ], [ 70.8196898, 22.265566 ], [ 70.820044, 22.2674118 ], [ 70.8203609, 22.2695681 ], [ 70.8208704, 22.2718336 ], [ 70.8210788, 22.2734116 ], [ 70.8216935, 22.2736998 ], [ 70.8214604, 22.275583 ], [ 70.8214772, 22.2757616 ], [ 70.8214149, 22.275942 ] ] } },
{ "type": "Feature", "properties": { "element": "way", "id": 984366176, "waterway": "river" }, "geometry": { "type": "LineString", "coordinates": [ [ 70.9002193, 22.2226232 ], [ 70.8998421, 22.2226454 ], [ 70.8992597, 22.2228282 ], [ 70.8972196, 22.2236795 ], [ 70.8940175, 22.2254502 ], [ 70.8899927, 22.2278498 ], [ 70.8860703, 22.2312597 ], [ 70.8852071, 22.2326409 ], [ 70.8839215, 22.233596 ], [ 70.8827618, 22.2342275 ], [ 70.8803402, 22.2346379 ], [ 70.8792108, 22.2350174 ], [ 70.8773054, 22.2352407 ], [ 70.8747972, 22.2359551 ], [ 70.8719512, 22.2364909 ], [ 70.8703836, 22.2375178 ], [ 70.8675376, 22.2397502 ], [ 70.8644023, 22.2431434 ], [ 70.8623281, 22.2466704 ], [ 70.8616046, 22.2481214 ], [ 70.8599862, 22.2513454 ], [ 70.8576498, 22.2532552 ], [ 70.855194, 22.255749 ], [ 70.8505383, 22.2626463 ], [ 70.8351861, 22.2658448 ], [ 70.8345866, 22.2659968 ], [ 70.8332785, 22.2663285 ], [ 70.8327721, 22.2670539 ], [ 70.8324706, 22.2677012 ], [ 70.8320968, 22.268181 ], [ 70.8313491, 22.2688729 ], [ 70.8299623, 22.2697322 ], [ 70.8290097, 22.270279 ], [ 70.8282741, 22.2714173 ], [ 70.8270682, 22.2722431 ], [ 70.8267099, 22.2725662 ], [ 70.8262276, 22.2727978 ], [ 70.8253201, 22.2731242 ], [ 70.8249764, 22.2732358 ], [ 70.8243614, 22.2732441 ], [ 70.8239363, 22.2732972 ], [ 70.8235625, 22.2734255 ], [ 70.8232219, 22.2736849 ], [ 70.822634, 22.2742373 ], [ 70.8221851, 22.2752386 ], [ 70.8218559, 22.2758753 ], [ 70.8214149, 22.275942 ] ] } },
{ "type": "Feature", "properties": { "element": "way", "id": 984366182, "waterway": "stream" }, "geometry": { "type": "LineString", "coordinates": [ [ 70.8003958, 22.2031021 ], [ 70.8003419, 22.2031018 ], [ 70.8000458, 22.2030548 ], [ 70.7995176, 22.2028424 ], [ 70.7984291, 22.2025756 ], [ 70.7973192, 22.2023286 ], [ 70.7967643, 22.2023039 ], [ 70.7962094, 22.202383 ], [ 70.7957398, 22.2023682 ], [ 70.7953823, 22.2021162 ], [ 70.7948034, 22.2019458 ], [ 70.793923, 22.2013826 ], [ 70.7929892, 22.2009281 ], [ 70.7926424, 22.2007898 ], [ 70.7919835, 22.2010565 ], [ 70.7918634, 22.2015382 ], [ 70.7918047, 22.2018914 ], [ 70.7916686, 22.201926 ], [ 70.7915299, 22.2018 ], [ 70.7915993, 22.2015209 ], [ 70.7914499, 22.2011726 ], [ 70.7913669, 22.2011315 ], [ 70.7912204, 22.201059 ], [ 70.7911297, 22.2009306 ], [ 70.7908843, 22.2008762 ], [ 70.7902547, 22.2008713 ], [ 70.7895664, 22.2008416 ], [ 70.7890488, 22.2009157 ], [ 70.7884885, 22.2012023 ], [ 70.7881417, 22.2009602 ], [ 70.7877309, 22.20056 ], [ 70.7875494, 22.1998437 ], [ 70.7874054, 22.199824 ] ] } },
{ "type": "Feature", "properties": { "element": "way", "id": 984379126, "waterway": "stream" }, "geometry": { "type": "LineString", "coordinates": [ [ 70.8354699, 22.2012764 ], [ 70.8351071, 22.2013282 ], [ 70.834891, 22.2013307 ], [ 70.8343627, 22.2011529 ], [ 70.8341786, 22.2011751 ], [ 70.8338985, 22.2011356 ], [ 70.833549, 22.2012714 ], [ 70.8332396, 22.2016247 ], [ 70.8325112, 22.2016765 ], [ 70.8322845, 22.2016444 ], [ 70.832087, 22.2013875 ], [ 70.832007, 22.2009157 ], [ 70.8316255, 22.2006119 ], [ 70.8313494, 22.2004785 ], [ 70.8303956, 22.2001698 ], [ 70.8300808, 22.2005106 ], [ 70.8299207, 22.2014345 ], [ 70.8294672, 22.2019137 ], [ 70.8289123, 22.2023583 ], [ 70.8284427, 22.2029116 ], [ 70.8282079, 22.2034846 ], [ 70.8278985, 22.2038946 ], [ 70.8274716, 22.2042355 ], [ 70.8268793, 22.2044825 ], [ 70.8266846, 22.2046925 ], [ 70.8263991, 22.2054878 ], [ 70.8261056, 22.2057867 ], [ 70.8258335, 22.2059102 ], [ 70.8256308, 22.2061572 ], [ 70.825396, 22.2069772 ], [ 70.8251772, 22.2074811 ], [ 70.8251665, 22.2078195 ], [ 70.8250918, 22.2081949 ], [ 70.8249104, 22.2084271 ], [ 70.8244916, 22.2086864 ], [ 70.8239126, 22.2086519 ], [ 70.8236299, 22.2085654 ], [ 70.8234244, 22.2082666 ], [ 70.823227, 22.2081702 ], [ 70.8229122, 22.2082666 ], [ 70.8227201, 22.2084469 ], [ 70.8227308, 22.2087951 ], [ 70.8226414, 22.2089409 ], [ 70.8224933, 22.2090187 ], [ 70.8223226, 22.2089495 ], [ 70.8221332, 22.2089544 ], [ 70.8219117, 22.2090668 ], [ 70.8215177, 22.2093735 ] ] } },
{ "type": "Feature", "properties": { "element": "way", "id": 984379129, "waterway": "stream" }, "geometry": { "type": "LineString", "coordinates": [ [ 70.8193186, 22.1977787 ], [ 70.8196147, 22.1986136 ], [ 70.8196868, 22.1989853 ], [ 70.8194626, 22.1991718 ], [ 70.8193025, 22.1994287 ], [ 70.8192012, 22.1996708 ], [ 70.8192278, 22.2003081 ], [ 70.8193079, 22.2012912 ], [ 70.8192705, 22.2026003 ], [ 70.8192225, 22.2038551 ], [ 70.8192812, 22.2046554 ], [ 70.8188623, 22.2066635 ], [ 70.8185662, 22.2075033 ], [ 70.8183661, 22.2079405 ], [ 70.8184168, 22.208106 ], [ 70.8186623, 22.2081826 ], [ 70.8186302, 22.2082987 ], [ 70.8188784, 22.2086173 ], [ 70.8190998, 22.2087655 ], [ 70.8192492, 22.2093286 ], [ 70.8194199, 22.2099461 ], [ 70.8192492, 22.2108007 ], [ 70.8194199, 22.2115615 ], [ 70.8197187, 22.212253 ], [ 70.8198788, 22.2124259 ], [ 70.8204186, 22.2123003 ] ] } },
{ "type": "Feature", "properties": { "element": "way", "id": 984379130, "waterway": "stream" }, "geometry": { "type": "LineString", "coordinates": [ [ 70.8091673, 22.2149415 ], [ 70.8091766, 22.2150217 ], [ 70.809246, 22.2150995 ], [ 70.8094074, 22.2152193 ], [ 70.8096208, 22.2153033 ], [ 70.8104052, 22.2158244 ], [ 70.8107467, 22.2162221 ], [ 70.8109041, 22.2161258 ], [ 70.8109628, 22.215906 ], [ 70.8116991, 22.2157232 ], [ 70.81227, 22.2161381 ], [ 70.8126569, 22.2160615 ], [ 70.8127769, 22.2161702 ], [ 70.8133292, 22.2163752 ], [ 70.8138441, 22.2164468 ], [ 70.8140815, 22.2163876 ], [ 70.8145217, 22.2164864 ], [ 70.8150273, 22.2167778 ], [ 70.8154341, 22.2168519 ], [ 70.8162798, 22.2169062 ], [ 70.8169441, 22.2167531 ], [ 70.8176645, 22.217089 ], [ 70.8181394, 22.217173 ], [ 70.8188117, 22.2174842 ], [ 70.8200282, 22.2189216 ], [ 70.820668, 22.2188715 ] ] } },
{ "type": "Feature", "properties": { "element": "way", "id": 991836269, "waterway": "stream" }, "geometry": { "type": "LineString", "coordinates": [ [ 70.8032472, 22.2028276 ], [ 70.8027163, 22.2029906 ], [ 70.8024443, 22.2030412 ], [ 70.8017501, 22.203138 ], [ 70.8015898, 22.2031387 ], [ 70.8008753, 22.2029651 ], [ 70.8007134, 22.2030017 ], [ 70.8005767, 22.2031141 ] ] } },
{ "type": "Feature", "properties": { "element": "way", "id": 991836270, "waterway": "stream" }, "geometry": { "type": "LineString", "coordinates": [ [ 70.8005767, 22.2031141 ], [ 70.8003958, 22.2031021 ] ] } },
{ "type": "Feature", "properties": { "element": "way", "id": 1093205927, "waterway": null }, "geometry": { "type": "Polygon", "coordinates": [ [ [ 70.7957272, 22.3667864 ], [ 70.7956951, 22.3667641 ], [ 70.795679, 22.366721 ], [ 70.7956902, 22.3666406 ], [ 70.7957305, 22.3665722 ], [ 70.7957541, 22.3665544 ], [ 70.7957846, 22.3665647 ], [ 70.7958678, 22.3665861 ], [ 70.7959768, 22.366639 ], [ 70.7960748, 22.3666613 ], [ 70.7961893, 22.3666689 ], [ 70.7962651, 22.366686 ], [ 70.796339, 22.3667151 ], [ 70.7964222, 22.3667347 ], [ 70.7964517, 22.3667493 ], [ 70.7964758, 22.3668014 ], [ 70.7964813, 22.36688 ], [ 70.7964554, 22.3669116 ], [ 70.7964444, 22.3669458 ], [ 70.7964074, 22.3669842 ], [ 70.796376, 22.3669714 ], [ 70.7963362, 22.3669253 ], [ 70.7963039, 22.3669116 ], [ 70.7962189, 22.3669227 ], [ 70.7961515, 22.3669099 ], [ 70.796072, 22.3668996 ], [ 70.7960249, 22.3668979 ], [ 70.795974, 22.366874 ], [ 70.795951, 22.3668433 ], [ 70.7959288, 22.3668313 ], [ 70.7958715, 22.3668133 ], [ 70.7958059, 22.3668039 ], [ 70.7957643, 22.3668022 ], [ 70.7957272, 22.3667864 ] ] ] } },
{ "type": "Feature", "properties": { "element": "way", "id": 1218249245, "waterway": "river" }, "geometry": { "type": "LineString", "coordinates": [ [ 70.8048466, 22.1555113 ], [ 70.8042726, 22.1562913 ], [ 70.8041599, 22.1566689 ], [ 70.8041706, 22.157126 ], [ 70.8044013, 22.1575284 ], [ 70.8044281, 22.1580153 ], [ 70.8041814, 22.1582488 ], [ 70.8041706, 22.1589791 ], [ 70.8040043, 22.1600622 ], [ 70.8037468, 22.161657 ], [ 70.803237, 22.1629146 ], [ 70.8031618, 22.1642162 ], [ 70.8028722, 22.1651402 ], [ 70.8025503, 22.1655675 ], [ 70.8022928, 22.1659848 ], [ 70.8022714, 22.1668592 ], [ 70.8022177, 22.1679123 ], [ 70.8018958, 22.1687966 ], [ 70.8014345, 22.1694027 ], [ 70.801456, 22.1698995 ], [ 70.8016705, 22.1704459 ], [ 70.8015847, 22.1709825 ], [ 70.8011448, 22.17136 ], [ 70.8006513, 22.1717078 ], [ 70.7998252, 22.1723238 ], [ 70.7996857, 22.1727411 ], [ 70.7997072, 22.1734763 ], [ 70.8000398, 22.1744102 ], [ 70.7997179, 22.175821 ], [ 70.798645, 22.1773808 ], [ 70.798409, 22.178116 ], [ 70.7982695, 22.1790996 ], [ 70.7980369, 22.179528 ], [ 70.7980102, 22.1804223 ], [ 70.7981089, 22.1807237 ], [ 70.797602, 22.1812524 ], [ 70.7973299, 22.1818255 ], [ 70.7969724, 22.1820528 ], [ 70.796012, 22.1823098 ], [ 70.7957185, 22.1824777 ], [ 70.7952916, 22.1829768 ], [ 70.7946739, 22.1833938 ], [ 70.7946555, 22.1834215 ], [ 70.7945862, 22.1835261 ], [ 70.7943739, 22.1838463 ], [ 70.7940057, 22.1842416 ], [ 70.7933387, 22.1844541 ], [ 70.7927678, 22.1847258 ], [ 70.792373, 22.1850173 ], [ 70.7922929, 22.1854126 ], [ 70.7919088, 22.1862228 ], [ 70.7918341, 22.1871319 ], [ 70.7914606, 22.1877643 ], [ 70.7913752, 22.1890884 ], [ 70.7906549, 22.1899481 ], [ 70.7904414, 22.1908423 ], [ 70.7905588, 22.1917168 ], [ 70.7903774, 22.1922701 ], [ 70.79026, 22.1928976 ], [ 70.7899879, 22.1933719 ], [ 70.7894756, 22.1939548 ], [ 70.7893621, 22.1942851 ], [ 70.7893259, 22.1943906 ], [ 70.7892889, 22.1944983 ], [ 70.7892515, 22.1954024 ], [ 70.788862, 22.1962916 ], [ 70.7885259, 22.1972995 ], [ 70.7882004, 22.1985741 ], [ 70.7877735, 22.1990434 ], [ 70.7874054, 22.199824 ], [ 70.786637, 22.2000512 ], [ 70.7853778, 22.2002834 ], [ 70.7845454, 22.2005353 ], [ 70.7835423, 22.2009553 ], [ 70.7827366, 22.2014888 ], [ 70.7824324, 22.201553 ], [ 70.7820219, 22.2013861 ], [ 70.7807452, 22.2014059 ], [ 70.7799513, 22.2014655 ], [ 70.7791573, 22.2016145 ], [ 70.7782132, 22.2016245 ], [ 70.7777948, 22.2018629 ], [ 70.7769579, 22.2024986 ], [ 70.7760781, 22.2031443 ], [ 70.7751877, 22.2037005 ], [ 70.7741899, 22.2041177 ], [ 70.7737285, 22.2044654 ], [ 70.7736534, 22.2047932 ], [ 70.7735783, 22.2057766 ], [ 70.7733208, 22.2064123 ], [ 70.7727093, 22.2065811 ], [ 70.7719797, 22.2067599 ], [ 70.7713896, 22.2066507 ], [ 70.770939, 22.2067897 ], [ 70.7706601, 22.2072069 ], [ 70.7691795, 22.2079817 ], [ 70.7683856, 22.2084883 ] ] } },
{ "type": "Feature", "properties": { "element": "way", "id": 1309620435, "waterway": null }, "geometry": { "type": "Polygon", "coordinates": [ [ [ 70.7316579, 22.3210313 ], [ 70.7315281, 22.3211514 ], [ 70.7313818, 22.3213198 ], [ 70.7312654, 22.3214196 ], [ 70.7311248, 22.321511 ], [ 70.7309963, 22.3215806 ], [ 70.7307548, 22.3216585 ], [ 70.7305342, 22.3216961 ], [ 70.7303325, 22.3216961 ], [ 70.73022, 22.32168 ], [ 70.7301075, 22.3216584 ], [ 70.7299676, 22.3216176 ], [ 70.7298276, 22.3215624 ], [ 70.7296331, 22.3214436 ], [ 70.7294439, 22.3212735 ], [ 70.7293172, 22.3211085 ], [ 70.7292173, 22.3209038 ], [ 70.7291602, 22.3207288 ], [ 70.7291381, 22.320622 ], [ 70.7291263, 22.3204961 ], [ 70.729121, 22.3202666 ], [ 70.7291227, 22.320095 ], [ 70.7291584, 22.3198952 ], [ 70.7292173, 22.3197203 ], [ 70.7292833, 22.3195915 ], [ 70.729435, 22.3194116 ], [ 70.7296152, 22.3192449 ], [ 70.7298186, 22.3191211 ], [ 70.7299809, 22.3190558 ], [ 70.730147, 22.3190072 ], [ 70.7303754, 22.3189791 ], [ 70.7305984, 22.3189774 ], [ 70.7307662, 22.3189741 ], [ 70.7308723, 22.3189726 ], [ 70.7308754, 22.3191539 ], [ 70.7316665, 22.3191442 ], [ 70.7316686, 22.3189659 ], [ 70.7321437, 22.3189576 ], [ 70.7323846, 22.3189576 ], [ 70.7325255, 22.318956 ], [ 70.7326298, 22.318967 ], [ 70.7327238, 22.3189875 ], [ 70.7328378, 22.3190227 ], [ 70.7329238, 22.3190624 ], [ 70.7330198, 22.3191128 ], [ 70.7331027, 22.3191741 ], [ 70.7331822, 22.3192416 ], [ 70.7332334, 22.3193008 ], [ 70.7332746, 22.3193539 ], [ 70.7333303, 22.3194413 ], [ 70.7333035, 22.3195057 ], [ 70.7332661, 22.319613 ], [ 70.7332458, 22.3197608 ], [ 70.7332435, 22.319897 ], [ 70.7332669, 22.3200401 ], [ 70.7333101, 22.3201822 ], [ 70.73334, 22.3202413 ], [ 70.7333032, 22.3203057 ], [ 70.7332564, 22.3203726 ], [ 70.7331637, 22.3204782 ], [ 70.7330751, 22.3205522 ], [ 70.7329792, 22.3206205 ], [ 70.7328821, 22.3206729 ], [ 70.732711, 22.3207238 ], [ 70.7325577, 22.3207486 ], [ 70.7323029, 22.3207684 ], [ 70.7321873, 22.3207916 ], [ 70.7321062, 22.3207178 ], [ 70.732043, 22.3206855 ], [ 70.7319859, 22.32067 ], [ 70.731923, 22.3206652 ], [ 70.7318564, 22.3206727 ], [ 70.7317852, 22.3207023 ], [ 70.7317261, 22.3207387 ], [ 70.7316868, 22.3207896 ], [ 70.7316585, 22.3208427 ], [ 70.7316419, 22.3208994 ], [ 70.7316387, 22.320955 ], [ 70.7316471, 22.3209932 ], [ 70.7316579, 22.3210313 ] ] ] } },
{ "type": "Feature", "properties": { "element": "way", "id": 1491175726, "waterway": null }, "geometry": { "type": "Polygon", "coordinates": [ [ [ 70.8429483, 22.299495 ], [ 70.8429847, 22.2995454 ], [ 70.8430786, 22.2996071 ], [ 70.8430998, 22.2997193 ], [ 70.8432059, 22.2998426 ], [ 70.8432513, 22.2999239 ], [ 70.8434695, 22.2998623 ], [ 70.8436604, 22.2996043 ], [ 70.8437695, 22.2996968 ], [ 70.8438877, 22.2995062 ], [ 70.8438695, 22.2990576 ], [ 70.8435998, 22.2988698 ], [ 70.8429483, 22.299495 ] ] ] } },
{ "type": "Feature", "properties": { "element": "way", "id": 1536313315, "waterway": null }, "geometry": { "type": "Polygon", "coordinates": [ [ [ 70.8639923, 22.3649844 ], [ 70.8640581, 22.3649844 ], [ 70.864097, 22.3650038 ], [ 70.8641478, 22.365037 ], [ 70.8642346, 22.3650453 ], [ 70.8642974, 22.365073 ], [ 70.8643542, 22.3651227 ], [ 70.8644021, 22.3651504 ], [ 70.8644828, 22.3651587 ], [ 70.8645367, 22.3651919 ], [ 70.8646593, 22.3652445 ], [ 70.8648208, 22.3652832 ], [ 70.8649076, 22.365333 ], [ 70.8649435, 22.3653579 ], [ 70.8649644, 22.3654021 ], [ 70.8649614, 22.3654464 ], [ 70.8649494, 22.3655238 ], [ 70.8649494, 22.3655875 ], [ 70.8649435, 22.3656372 ], [ 70.8649494, 22.3657064 ], [ 70.8649883, 22.3657424 ], [ 70.8650422, 22.3657838 ], [ 70.8651289, 22.3658032 ], [ 70.8651319, 22.3658585 ], [ 70.8651468, 22.3658973 ], [ 70.8651947, 22.3658917 ], [ 70.8652276, 22.3658917 ], [ 70.8652575, 22.3659056 ], [ 70.8652575, 22.3659498 ], [ 70.8652515, 22.366019 ], [ 70.8652575, 22.3660494 ], [ 70.8653203, 22.3660688 ], [ 70.8654669, 22.3660743 ], [ 70.8655865, 22.3660743 ], [ 70.8656374, 22.366066 ], [ 70.8656823, 22.3660992 ], [ 70.8656404, 22.366108 ], [ 70.865612, 22.3661315 ], [ 70.8655821, 22.366146 ], [ 70.8654811, 22.3661654 ], [ 70.8653921, 22.3661765 ], [ 70.8652441, 22.366173 ], [ 70.8651775, 22.3662076 ], [ 70.8651611, 22.3662145 ], [ 70.8651394, 22.3662345 ], [ 70.8651349, 22.3663023 ], [ 70.8651199, 22.3663563 ], [ 70.8651199, 22.3664054 ], [ 70.8651611, 22.3664427 ], [ 70.8651925, 22.3664973 ], [ 70.8652291, 22.3665533 ], [ 70.8652837, 22.3666066 ], [ 70.8653712, 22.3666585 ], [ 70.8654624, 22.3666979 ], [ 70.8654841, 22.3667553 ], [ 70.8654676, 22.3668051 ], [ 70.8654938, 22.3668784 ], [ 70.8654931, 22.3669192 ], [ 70.8654841, 22.3669427 ], [ 70.8654684, 22.3669987 ], [ 70.8654549, 22.3670277 ], [ 70.8654534, 22.3670858 ], [ 70.86544, 22.3671114 ], [ 70.8654288, 22.3671294 ], [ 70.8653353, 22.3670955 ], [ 70.8653106, 22.3671066 ], [ 70.8652785, 22.3671135 ], [ 70.8652508, 22.3671107 ], [ 70.8652269, 22.3670907 ], [ 70.8652104, 22.3670678 ], [ 70.8651872, 22.3670422 ], [ 70.8651895, 22.3669966 ], [ 70.8652336, 22.3669482 ], [ 70.8652339, 22.3668849 ], [ 70.8652528, 22.3668261 ], [ 70.8652305, 22.3668007 ], [ 70.8651875, 22.3667768 ], [ 70.865136, 22.3667657 ], [ 70.8651068, 22.3667514 ], [ 70.8650724, 22.3667244 ], [ 70.865069, 22.3666815 ], [ 70.8650381, 22.3666545 ], [ 70.8650003, 22.3666132 ], [ 70.8649642, 22.3665846 ], [ 70.8649401, 22.3665671 ], [ 70.8648972, 22.3665417 ], [ 70.8648663, 22.3665195 ], [ 70.8648388, 22.3664877 ], [ 70.8648061, 22.366467 ], [ 70.8647718, 22.3664257 ], [ 70.864746, 22.3663765 ], [ 70.8647202, 22.3663383 ], [ 70.8647134, 22.3663113 ], [ 70.8647151, 22.3662621 ], [ 70.8647598, 22.3662176 ], [ 70.8647993, 22.3661795 ], [ 70.8648233, 22.3661445 ], [ 70.8648336, 22.3661302 ], [ 70.8648474, 22.3661032 ], [ 70.8648199, 22.3660857 ], [ 70.8647872, 22.3660905 ], [ 70.8647615, 22.3661 ], [ 70.8647288, 22.3660873 ], [ 70.8646962, 22.3661112 ], [ 70.8646464, 22.3661509 ], [ 70.8646069, 22.3661874 ], [ 70.8645691, 22.3662033 ], [ 70.8645261, 22.3662065 ], [ 70.8644643, 22.3662065 ], [ 70.864356, 22.366224 ], [ 70.8643183, 22.3662589 ], [ 70.8642839, 22.3662859 ], [ 70.864253, 22.3662764 ], [ 70.8642633, 22.366243 ], [ 70.864289, 22.3662001 ], [ 70.8643114, 22.3661747 ], [ 70.8643664, 22.3661541 ], [ 70.8644213, 22.3661413 ], [ 70.8644711, 22.3661223 ], [ 70.8645193, 22.3661191 ], [ 70.8645742, 22.3660842 ], [ 70.8646447, 22.3660158 ], [ 70.8646567, 22.3659825 ], [ 70.8646687, 22.3659396 ], [ 70.864691, 22.3658935 ], [ 70.864691, 22.3658538 ], [ 70.864691, 22.365795 ], [ 70.8646687, 22.3657473 ], [ 70.8646326, 22.3656949 ], [ 70.8645931, 22.3656314 ], [ 70.8645485, 22.3655932 ], [ 70.8644883, 22.3655583 ], [ 70.8644746, 22.365536 ], [ 70.8644034, 22.3654987 ], [ 70.8643492, 22.3654748 ], [ 70.8643014, 22.3654755 ], [ 70.8642471, 22.3654779 ], [ 70.8641895, 22.3654662 ], [ 70.864169, 22.3655081 ], [ 70.8641431, 22.3655445 ], [ 70.8640982, 22.3655619 ], [ 70.8640464, 22.365571 ], [ 70.8639883, 22.3655871 ], [ 70.8639279, 22.3655993 ], [ 70.8638597, 22.3656254 ], [ 70.8637913, 22.3656374 ], [ 70.8637462, 22.3656321 ], [ 70.8637372, 22.365606 ], [ 70.8638197, 22.3655621 ], [ 70.8638545, 22.3655346 ], [ 70.8638496, 22.3655109 ], [ 70.8638448, 22.3654842 ], [ 70.8638768, 22.365446 ], [ 70.8639082, 22.3654086 ], [ 70.8639135, 22.3653822 ], [ 70.8639038, 22.365348 ], [ 70.8638779, 22.3653695 ], [ 70.8638456, 22.3653785 ], [ 70.8638212, 22.3653678 ], [ 70.8638115, 22.3653458 ], [ 70.8638212, 22.3653086 ], [ 70.8638761, 22.3652543 ], [ 70.8638847, 22.3652155 ], [ 70.8639022, 22.3651582 ], [ 70.8639071, 22.365093 ], [ 70.8639274, 22.365047 ], [ 70.8639923, 22.3649844 ] ] ] } }
]
}
