{
"type": "FeatureCollection",
"name": "pois",
"crs": { "type": "name", "properties": { "name": "urn:ogc:def:crs:OGC:1.3:CRS84" } },
"features": [
{ "type": "Feature", "properties": { "element": "node", "id": 428700266, "amenity": "public_building", "shop": null, "name": "Atlanta" }, "geometry": { "type": "Point", "coordinates": [ 72.5535161, 23.0265179 ] } },
{ "type": "Feature", "properties": { "element": "node", "id": 429228993, "amenity": "school", "shop": null, "name": "St. Xavier's High School, Loyola Hall" }, "geometry": { "type": "Point", "coordinates": [ 72.5490839, 23.047875 ] } },
{ "type": "Feature", "properties": { "element": "node", "id": 429229001, "amenity": "school", "shop": null, "name": "Mt. Carmel School" }, "geometry": { "type": "Point", "coordinates": [ 72.568061, 23.0351192 ] } },
{ "type": "Feature", "properties": { "element": "node", "id": 429410556, "amenity": "fire_station", "shop": null, "name": "Bodakdev Fire Station" }, "geometry": { "type": "Point", "coordinates": [ 72.5163171, 23.0398116 ] } },
{ "type": "Feature", "properties": { "element": "node", "id": 429417563, "amenity": null, "shop": null, "name": "Rajpath Club" }, "geometry": { "type": "Point", "coordinates": [ 72.5093477, 23.034638 ] } },
{ "type": "Feature", "properties": { "element": "node", "id": 429438524, "amenity": "school", "shop": null, "name": "Navrang School" }, "geometry": { "type": "Point", "coordinates": [ 72.556364, 23.0483604 ] } },
{ "type": "Feature", "properties": { "element": "node", "id": 429790285, "amenity": "school", "shop": null, "name": "DPS - Delhi Public School, Bopal" }, "geometry": { "type": "Point", "coordinates": [ 72.4575053, 23.0419569 ] } },
{ "type": "Feature", "properties": { "element": "node", "id": 429790293, "amenity": "school", "shop": null, "name": "A. G. Teachers High School" }, "geometry": { "type": "Point", "coordinates": [ 72.5484846, 23.0403655 ] } },
{ "type": "Feature", "properties": { "element": "node", "id": 429790296, "amenity": "place_of_worship", "shop": null, "name": "Manav Mandir" }, "geometry": { "type": "Point", "coordinates": [ 72.5396662, 23.0461532 ] } },
{ "type": "Feature", "properties": { "element": "node", "id": 429790297, "amenity": "place_of_worship", "shop": null, "name": "Karnvanath Mahadev, Shiv Temple" }, "geometry": { "type": "Point", "coordinates": [ 72.5498248, 23.0470512 ] } },
{ "type": "Feature", "properties": { "element": "node", "id": 429790299, "amenity": "place_of_worship", "shop": null, "name": "Paramdham Temple" }, "geometry": { "type": "Point", "coordinates": [ 72.5206423, 23.0279683 ] } },
{ "type": "Feature", "properties": { "element": "node", "id": 429790300, "amenity": "place_of_worship", "shop": null, "name": "Gayatri Mandir" }, "geometry": { "type": "Point", "coordinates": [ 72.5914612, 23.0616617 ] } },
{ "type": "Feature", "properties": { "element": "node", "id": 429790303, "amenity": "cinema", "shop": null, "name": "Wide Angle" }, "geometry": { "type": "Point", "coordinates": [ 72.507295700000014, 23.0245953 ] } },
{ "type": "Feature", "properties": { "element": "node", "id": 429795953, "amenity": "college", "shop": null, "name": "St. Xavier's College" }, "geometry": { "type": "Point", "coordinates": [ 72.5517045, 23.0329052 ] } },
{ "type": "Feature", "properties": { "element": "node", "id": 429795955, "amenity": "college", "shop": null, "name": "SLIMS - Som Lalit Institute of Management Studies" }, "geometry": { "type": "Point", "coordinates": [ 72.5537987, 23.0337029 ] } },
{ "type": "Feature", "properties": { "element": "node", "id": 429795958, "amenity": "school", "shop": null, "name": "Mount Carmel School, Khanpur" }, "geometry": { "type": "Point", "coordinates": [ 72.5766297, 23.0329288 ] } },
{ "type": "Feature", "properties": { "element": "node", "id": 436106958, "amenity": null, "shop": null, "name": "Sports Club of Gujarat" }, "geometry": { "type": "Point", "coordinates": [ 72.5646398, 23.0408384 ] } },
{ "type": "Feature", "properties": { "element": "node", "id": 436106963, "amenity": "public_building", "shop": null, "name": "Amola Chambers" }, "geometry": { "type": "Point", "coordinates": [ 72.5596359, 23.0322763 ] } },
{ "type": "Feature", "properties": { "element": "node", "id": 436106966, "amenity": "public_building", "shop": null, "name": "BSNL Navrangpura" }, "geometry": { "type": "Point", "coordinates": [ 72.5592443, 23.031785 ] } },
{ "type": "Feature", "properties": { "element": "node", "id": 436106978, "amenity": "public_building", "shop": null, "name": "Shilp" }, "geometry": { "type": "Point", "coordinates": [ 72.5604427, 23.0328924 ] } },
{ "type": "Feature", "properties": { "element": "node", "id": 436106981, "amenity": "public_building", "shop": null, "name": "City Centre" }, "geometry": { "type": "Point", "coordinates": [ 72.5567409, 23.0406632 ] } },
{ "type": "Feature", "properties": { "element": "node", "id": 436106984, "amenity": "public_building", "shop": null, "name": "Navdeep" }, "geometry": { "type": "Point", "coordinates": [ 72.5687511, 23.0405777 ] } },
{ "type": "Feature", "properties": { "element": "node", "id": 436106992, "amenity": "fire_station", "shop": null, "name": "Memnagar Fire Station" }, "geometry": { "type": "Point", "coordinates": [ 72.5510013, 23.0455062 ] } },
{ "type": "Feature", "properties": { "element": "node", "id": 440015515, "amenity": "place_of_worship", "shop": null, "name": "Jalaram Mandir" }, "geometry": { "type": "Point", "coordinates": [ 72.5617653, 23.0180339 ] } },
{ "type": "Feature", "properties": { "element": "node", "id": 440015517, "amenity": null, "shop": null, "name": "Sakar 2" }, "geometry": { "type": "Point", "coordinates": [ 72.5725025, 23.0229657 ] } },
{ "type": "Feature", "properties": { "element": "node", "id": 440015518, "amenity": null, "shop": null, "name": "Sakar 4" }, "geometry": { "type": "Point", "coordinates": [ 72.5717901, 23.0235187 ] } },
{ "type": "Feature", "properties": { "element": "node", "id": 440019102, "amenity": null, "shop": null, "name": "Sanskar Kendra" }, "geometry": { "type": "Point", "coordinates": [ 72.5694038, 23.0130948 ] } },
{ "type": "Feature", "properties": { "element": "node", "id": 440296289, "amenity": null, "shop": "convenience", "name": "Suvidha Shopping Centre" }, "geometry": { "type": "Point", "coordinates": [ 72.5591462, 23.0144556 ] } },
{ "type": "Feature", "properties": { "element": "node", "id": 440305869, "amenity": "hospital", "shop": null, "name": "Jivraj Mehta Hospital" }, "geometry": { "type": "Point", "coordinates": [ 72.5432503, 23.0085819 ] } },
{ "type": "Feature", "properties": { "element": "node", "id": 440310522, "amenity": "place_of_worship", "shop": null, "name": "Bhimnath Mahadev, Shiv Temple" }, "geometry": { "type": "Point", "coordinates": [ 72.5499794, 23.0119553 ] } },
{ "type": "Feature", "properties": { "element": "node", "id": 440310550, "amenity": "hospital", "shop": null, "name": "Paldi Bus Stand" }, "geometry": { "type": "Point", "coordinates": [ 72.5645993, 23.0140283 ] } },
{ "type": "Feature", "properties": { "element": "node", "id": 440320409, "amenity": "cinema", "shop": null, "name": "Adlabs, BIG Cinema" }, "geometry": { "type": "Point", "coordinates": [ 72.531028, 23.0465768 ] } },
{ "type": "Feature", "properties": { "element": "node", "id": 440320413, "amenity": "hospital", "shop": null, "name": "Sterling Hospital Div. Of Addlife Medical Institute Pvt. Ltd." }, "geometry": { "type": "Point", "coordinates": [ 72.5312683, 23.0487566 ] } },
{ "type": "Feature", "properties": { "element": "node", "id": 440339381, "amenity": "restaurant", "shop": null, "name": "Vishala" }, "geometry": { "type": "Point", "coordinates": [ 72.5357058, 22.9936417 ] } },
{ "type": "Feature", "properties": { "element": "node", "id": 440339389, "amenity": "restaurant", "shop": null, "name": "Rajvadu Restaurant" }, "geometry": { "type": "Point", "coordinates": [ 72.5397742, 23.0042051 ] } },
{ "type": "Feature", "properties": { "element": "node", "id": 440360562, "amenity": null, "shop": "supermarket", "name": "10 (Ten) Acres Mall" }, "geometry": { "type": "Point", "coordinates": [ 72.5965751, 23.01524 ] } },
{ "type": "Feature", "properties": { "element": "node", "id": 440360564, "amenity": null, "shop": null, "name": "Kankaria Zoo" }, "geometry": { "type": "Point", "coordinates": [ 72.6038792, 23.0081615 ] } },
{ "type": "Feature", "properties": { "element": "node", "id": 440367264, "amenity": null, "shop": "clothes", "name": null }, "geometry": { "type": "Point", "coordinates": [ 72.60021, 23.0182439 ] } },
{ "type": "Feature", "properties": { "element": "node", "id": 440367265, "amenity": null, "shop": null, "name": "Raipur Gate" }, "geometry": { "type": "Point", "coordinates": [ 72.5947812, 23.0174361 ] } },
{ "type": "Feature", "properties": { "element": "node", "id": 440375393, "amenity": "place_of_worship", "shop": null, "name": "Jagannath Mandir, Temple" }, "geometry": { "type": "Point", "coordinates": [ 72.5810755, 23.0114213 ] } },
{ "type": "Feature", "properties": { "element": "node", "id": 440418330, "amenity": null, "shop": null, "name": "Narol Circle" }, "geometry": { "type": "Point", "coordinates": [ 72.5883525, 22.9728189 ] } },
{ "type": "Feature", "properties": { "element": "node", "id": 611572685, "amenity": "post_box", "shop": null, "name": "Chandkheda" }, "geometry": { "type": "Point", "coordinates": [ 72.5848584, 23.107121 ] } },
{ "type": "Feature", "properties": { "element": "node", "id": 611572690, "amenity": "cinema", "shop": null, "name": null }, "geometry": { "type": "Point", "coordinates": [ 72.5938017, 23.0923921 ] } },
{ "type": "Feature", "properties": { "element": "node", "id": 611572691, "amenity": "hospital", "shop": null, "name": null }, "geometry": { "type": "Point", "coordinates": [ 72.5917525, 23.0924908 ] } },
{ "type": "Feature", "properties": { "element": "node", "id": 611572693, "amenity": "place_of_worship", "shop": null, "name": "Sant Asharamji Ashram" }, "geometry": { "type": "Point", "coordinates": [ 72.6024491, 23.0931619 ] } },
{ "type": "Feature", "properties": { "element": "node", "id": 611573353, "amenity": "restaurant", "shop": null, "name": null }, "geometry": { "type": "Point", "coordinates": [ 72.5821405, 23.0648296 ] } },
{ "type": "Feature", "properties": { "element": "node", "id": 625175622, "amenity": "parking", "shop": null, "name": "Staff Parking" }, "geometry": { "type": "Point", "coordinates": [ 72.568775100000011, 23.0113878 ] } },
{ "type": "Feature", "properties": { "element": "node", "id": 625175627, "amenity": "theatre", "shop": null, "name": "Amphitheatre" }, "geometry": { "type": "Point", "coordinates": [ 72.5707945, 23.0111829 ] } },
{ "type": "Feature", "properties": { "element": "node", "id": 627280313, "amenity": "bench", "shop": null, "name": null }, "geometry": { "type": "Point", "coordinates": [ 72.569162, 23.011309 ] } },
{ "type": "Feature", "properties": { "element": "node", "id": 627507832, "amenity": "place_of_worship", "shop": null, "name": null }, "geometry": { "type": "Point", "coordinates": [ 72.5705432, 23.0110649 ] } },
{ "type": "Feature", "properties": { "element": "node", "id": 627510870, "amenity": "fountain", "shop": null, "name": null }, "geometry": { "type": "Point", "coordinates": [ 72.5694487, 23.011213 ] } },
{ "type": "Feature", "properties": { "element": "node", "id": 627510872, "amenity": "toilets", "shop": null, "name": null }, "geometry": { "type": "Point", "coordinates": [ 72.5694693, 23.0112987 ] } },
{ "type": "Feature", "properties": { "element": "node", "id": 631780433, "amenity": null, "shop": null, "name": "Vechaar: Utensils Museum" }, "geometry": { "type": "Point", "coordinates": [ 72.5357319, 22.9944376 ] } },
{ "type": "Feature", "properties": { "element": "node", "id": 631801188, "amenity": "atm", "shop": null, "name": null }, "geometry": { "type": "Point", "coordinates": [ 72.5687622, 23.0116557 ] } },
{ "type": "Feature", "properties": { "element": "node", "id": 631801191, "amenity": null, "shop": null, "name": "Spice" }, "geometry": { "type": "Point", "coordinates": [ 72.5679747, 23.0125449 ] } },
{ "type": "Feature", "properties": { "element": "node", "id": 631807605, "amenity": null, "shop": null, "name": "Dev Regency" }, "geometry": { "type": "Point", "coordinates": [ 72.5656966, 23.0156138 ] } },
{ "type": "Feature", "properties": { "element": "node", "id": 631807606, "amenity": "place_of_worship", "shop": null, "name": "Temple" }, "geometry": { "type": "Point", "coordinates": [ 72.566693500000014, 23.0151595 ] } },
{ "type": "Feature", "properties": { "element": "node", "id": 631807628, "amenity": "place_of_worship", "shop": null, "name": null }, "geometry": { "type": "Point", "coordinates": [ 72.5682822, 23.0141905 ] } },
{ "type": "Feature", "properties": { "element": "node", "id": 631819339, "amenity": "post_box", "shop": null, "name": null }, "geometry": { "type": "Point", "coordinates": [ 72.5804476, 23.0606452 ] } },
{ "type": "Feature", "properties": { "element": "node", "id": 631819347, "amenity": null, "shop": null, "name": "Comfort Inn" }, "geometry": { "type": "Point", "coordinates": [ 72.6169531, 23.0810988 ] } },
{ "type": "Feature", "properties": { "element": "node", "id": 631823295, "amenity": "place_of_worship", "shop": null, "name": null }, "geometry": { "type": "Point", "coordinates": [ 72.590076, 23.0238654 ] } },
{ "type": "Feature", "properties": { "element": "node", "id": 631823296, "amenity": null, "shop": "convenience", "name": "Arihant Agency" }, "geometry": { "type": "Point", "coordinates": [ 72.5912229, 23.0235904 ] } },
{ "type": "Feature", "properties": { "element": "node", "id": 631823300, "amenity": null, "shop": "books", "name": "Vidyarthi" }, "geometry": { "type": "Point", "coordinates": [ 72.5902915, 23.0248237 ] } },
{ "type": "Feature", "properties": { "element": "node", "id": 632066507, "amenity": "restaurant", "shop": null, "name": "Mangaldas Ni Haveli" }, "geometry": { "type": "Point", "coordinates": [ 72.5920852, 23.0227338 ] } },
{ "type": "Feature", "properties": { "element": "node", "id": 632533513, "amenity": null, "shop": null, "name": "Bird Feeder" }, "geometry": { "type": "Point", "coordinates": [ 72.5907685, 23.023616 ] } },
{ "type": "Feature", "properties": { "element": "node", "id": 632533525, "amenity": null, "shop": null, "name": "Bird Feeder" }, "geometry": { "type": "Point", "coordinates": [ 72.5915706, 23.0234082 ] } },
{ "type": "Feature", "properties": { "element": "node", "id": 695652801, "amenity": null, "shop": null, "name": "Sabermati Ashram Guesthouse" }, "geometry": { "type": "Point", "coordinates": [ 72.579973, 23.0613841 ] } },
{ "type": "Feature", "properties": { "element": "node", "id": 695652807, "amenity": null, "shop": null, "name": "ashram-managers guesthouse" }, "geometry": { "type": "Point", "coordinates": [ 72.5793767, 23.0616847 ] } },
{ "type": "Feature", "properties": { "element": "node", "id": 695661921, "amenity": null, "shop": null, "name": "Prathana Bhoomi - Prayers ground" }, "geometry": { "type": "Point", "coordinates": [ 72.5811103, 23.0600285 ] } },
{ "type": "Feature", "properties": { "element": "node", "id": 695661922, "amenity": null, "shop": null, "name": "Mahatma Gandhi statue" }, "geometry": { "type": "Point", "coordinates": [ 72.580985, 23.060271 ] } },
{ "type": "Feature", "properties": { "element": "node", "id": 695661925, "amenity": null, "shop": null, "name": null }, "geometry": { "type": "Point", "coordinates": [ 72.5804035, 23.0605674 ] } },
{ "type": "Feature", "properties": { "element": "node", "id": 695661928, "amenity": null, "shop": null, "name": "Imam Manzil - Khadi Weaving and Gramodhyog" }, "geometry": { "type": "Point", "coordinates": [ 72.5803317, 23.0615878 ] } },
{ "type": "Feature", "properties": { "element": "node", "id": 695661929, "amenity": null, "shop": null, "name": "Handmade Paper Shop" }, "geometry": { "type": "Point", "coordinates": [ 72.5798948, 23.0635723 ] } },
{ "type": "Feature", "properties": { "element": "node", "id": 695666625, "amenity": null, "shop": null, "name": "Kochrab Satyagraha Ashram" }, "geometry": { "type": "Point", "coordinates": [ 72.5667508, 23.0158902 ] } },
{ "type": "Feature", "properties": { "element": "node", "id": 695666626, "amenity": "fast_food", "shop": null, "name": "McDonald's" }, "geometry": { "type": "Point", "coordinates": [ 72.5701852, 23.0317635 ] } },
{ "type": "Feature", "properties": { "element": "node", "id": 695666627, "amenity": "cafe", "shop": null, "name": "Cyber Cafe" }, "geometry": { "type": "Point", "coordinates": [ 72.5699576, 23.0422876 ] } },
{ "type": "Feature", "properties": { "element": "node", "id": 695666628, "amenity": null, "shop": null, "name": "Hotel Alkan" }, "geometry": { "type": "Point", "coordinates": [ 72.5834609, 23.0292295 ] } },
{ "type": "Feature", "properties": { "element": "node", "id": 761305685, "amenity": "hospital", "shop": null, "name": "Medilink Hospital, Ahmedabad" }, "geometry": { "type": "Point", "coordinates": [ 72.5304396, 23.0173915 ] } },
{ "type": "Feature", "properties": { "element": "node", "id": 761308175, "amenity": "cinema", "shop": null, "name": "City Gold Shyamal" }, "geometry": { "type": "Point", "coordinates": [ 72.5301088, 23.0156527 ] } },
{ "type": "Feature", "properties": { "element": "node", "id": 761310675, "amenity": "pharmacy", "shop": null, "name": "Medilink Medical Store" }, "geometry": { "type": "Point", "coordinates": [ 72.5303877, 23.0172124 ] } },
{ "type": "Feature", "properties": { "element": "node", "id": 831349759, "amenity": "place_of_worship", "shop": null, "name": "Manikarnikeshwar Mahadev Temple" }, "geometry": { "type": "Point", "coordinates": [ 72.6073978, 22.9978398 ] } },
{ "type": "Feature", "properties": { "element": "node", "id": 942556021, "amenity": "bench", "shop": null, "name": "Chai Gate" }, "geometry": { "type": "Point", "coordinates": [ 72.5691915, 23.0120139 ] } },
{ "type": "Feature", "properties": { "element": "node", "id": 948092275, "amenity": "toilets", "shop": null, "name": null }, "geometry": { "type": "Point", "coordinates": [ 72.5709613, 23.0112778 ] } },
{ "type": "Feature", "properties": { "element": "node", "id": 1234844162, "amenity": "fuel", "shop": null, "name": null }, "geometry": { "type": "Point", "coordinates": [ 72.5531143, 23.156471 ] } },
{ "type": "Feature", "properties": { "element": "node", "id": 1234844704, "amenity": "fuel", "shop": null, "name": "Hindustan Petroleum" }, "geometry": { "type": "Point", "coordinates": [ 72.5737935, 23.1768017 ] } },
{ "type": "Feature", "properties": { "element": "node", "id": 1234846882, "amenity": "fuel", "shop": null, "name": null }, "geometry": { "type": "Point", "coordinates": [ 72.6308627, 23.1053991 ] } },
{ "type": "Feature", "properties": { "element": "node", "id": 1236657820, "amenity": "bank", "shop": null, "name": "029" }, "geometry": { "type": "Point", "coordinates": [ 72.4466514, 22.927361 ] } },
{ "type": "Feature", "properties": { "element": "node", "id": 1313805176, "amenity": "restaurant", "shop": null, "name": "Cafe Souq" }, "geometry": { "type": "Point", "coordinates": [ 72.5485619, 23.0410467 ] } },
{ "type": "Feature", "properties": { "element": "node", "id": 1313805177, "amenity": "cafe", "shop": null, "name": "Chocolate Room" }, "geometry": { "type": "Point", "coordinates": [ 72.5485324, 23.0407234 ] } },
{ "type": "Feature", "properties": { "element": "node", "id": 1313805178, "amenity": "cafe", "shop": null, "name": "Barrista, Vijay 4 Roads" }, "geometry": { "type": "Point", "coordinates": [ 72.5494685, 23.0427079 ] } },
{ "type": "Feature", "properties": { "element": "node", "id": 1313805179, "amenity": "cafe", "shop": null, "name": "Cafe Coffee Day" }, "geometry": { "type": "Point", "coordinates": [ 72.5493907, 23.0312796 ] } },
{ "type": "Feature", "properties": { "element": "node", "id": 1313805181, "amenity": "restaurant", "shop": null, "name": "Upper Crust Cafe" }, "geometry": { "type": "Point", "coordinates": [ 72.5485673, 23.0412121 ] } },
{ "type": "Feature", "properties": { "element": "node", "id": 1349429248, "amenity": "hospital", "shop": null, "name": "Health Center" }, "geometry": { "type": "Point", "coordinates": [ 72.5679365, 23.1039413 ] } },
{ "type": "Feature", "properties": { "element": "node", "id": 1349429275, "amenity": "bus_station", "shop": null, "name": "D-cabin" }, "geometry": { "type": "Point", "coordinates": [ 72.5702646, 23.1023628 ] } },
{ "type": "Feature", "properties": { "element": "node", "id": 1349429278, "amenity": "bus_station", "shop": null, "name": "Vallabhpark" }, "geometry": { "type": "Point", "coordinates": [ 72.576519, 23.101524 ] } },
{ "type": "Feature", "properties": { "element": "node", "id": 1369674748, "amenity": null, "shop": "convenience", "name": "Bharat Kirana Stores" }, "geometry": { "type": "Point", "coordinates": [ 72.5889014, 23.0380231 ] } },
{ "type": "Feature", "properties": { "element": "node", "id": 1429887846, "amenity": "cafe", "shop": null, "name": "Chai Gate!!!" }, "geometry": { "type": "Point", "coordinates": [ 72.5691606, 23.0120603 ] } },
{ "type": "Feature", "properties": { "element": "node", "id": 1429887850, "amenity": "school", "shop": null, "name": "Exhibition & Spatial Design" }, "geometry": { "type": "Point", "coordinates": [ 72.5699733, 23.0113752 ] } },
{ "type": "Feature", "properties": { "element": "node", "id": 1429922824, "amenity": "marketplace", "shop": null, "name": "Ahmedabad Historic Gujari Bazaar (Sunday Market)" }, "geometry": { "type": "Point", "coordinates": [ 72.5768457, 23.0244067 ] } },
{ "type": "Feature", "properties": { "element": "node", "id": 1504891729, "amenity": null, "shop": null, "name": "Kankaria Municipal Swimming Pool" }, "geometry": { "type": "Point", "coordinates": [ 72.6003888, 23.0028577 ] } },
{ "type": "Feature", "properties": { "element": "node", "id": 1561520723, "amenity": "fast_food", "shop": null, "name": "Amul" }, "geometry": { "type": "Point", "coordinates": [ 72.568823, 23.0116852 ] } },
{ "type": "Feature", "properties": { "element": "node", "id": 1561520728, "amenity": "arts_centre", "shop": "lifestyle", "name": "Design Gallery" }, "geometry": { "type": "Point", "coordinates": [ 72.5690409, 23.011756 ] } },
{ "type": "Feature", "properties": { "element": "node", "id": 1561520747, "amenity": null, "shop": null, "name": "Logo Wall" }, "geometry": { "type": "Point", "coordinates": [ 72.5692167, 23.0108913 ] } },
{ "type": "Feature", "properties": { "element": "node", "id": 1746677973, "amenity": "fuel", "shop": null, "name": "HP Fuel Station" }, "geometry": { "type": "Point", "coordinates": [ 72.5139509, 23.0331106 ] } },
{ "type": "Feature", "properties": { "element": "node", "id": 1746678859, "amenity": "bank", "shop": null, "name": "Indian Bank" }, "geometry": { "type": "Point", "coordinates": [ 72.511317, 23.0323231 ] } },
{ "type": "Feature", "properties": { "element": "node", "id": 1746708885, "amenity": "atm", "shop": null, "name": "State Bank of India" }, "geometry": { "type": "Point", "coordinates": [ 72.5077538, 23.0263264 ] } },
{ "type": "Feature", "properties": { "element": "node", "id": 1746708886, "amenity": null, "shop": null, "name": "The Grand Bhagwati" }, "geometry": { "type": "Point", "coordinates": [ 72.5144059, 23.042462 ] } },
{ "type": "Feature", "properties": { "element": "node", "id": 1746708887, "amenity": "school", "shop": null, "name": "Kendriya Vidyalaya SAC" }, "geometry": { "type": "Point", "coordinates": [ 72.5337334, 23.0370691 ] } },
{ "type": "Feature", "properties": { "element": "node", "id": 1779118412, "amenity": "restaurant", "shop": null, "name": "Dinner Bell" }, "geometry": { "type": "Point", "coordinates": [ 72.5524611, 23.0457522 ] } },
{ "type": "Feature", "properties": { "element": "node", "id": 1779119065, "amenity": "pharmacy", "shop": null, "name": "Apollo Pharmacy" }, "geometry": { "type": "Point", "coordinates": [ 72.5522734, 23.0456657 ] } },
{ "type": "Feature", "properties": { "element": "node", "id": 1779126826, "amenity": "bank", "shop": null, "name": "State Bank of India, St. Xavier's School Road Branch" }, "geometry": { "type": "Point", "coordinates": [ 72.5523558, 23.045819099999989 ] } },
{ "type": "Feature", "properties": { "element": "node", "id": 1779228522, "amenity": "school", "shop": null, "name": "Sahajanand College" }, "geometry": { "type": "Point", "coordinates": [ 72.5430971, 23.0258294 ] } },
{ "type": "Feature", "properties": { "element": "node", "id": 1781756906, "amenity": "school", "shop": null, "name": "Prabhudas Thakkar College" }, "geometry": { "type": "Point", "coordinates": [ 72.5669236, 23.0033486 ] } },
{ "type": "Feature", "properties": { "element": "node", "id": 1781762768, "amenity": "hospital", "shop": null, "name": "Ahmedabad Institute Of Medical Services (Aims)" }, "geometry": { "type": "Point", "coordinates": [ 72.5639517, 23.0033217 ] } },
{ "type": "Feature", "properties": { "element": "node", "id": 1781763048, "amenity": "bank", "shop": null, "name": "Indian Bank" }, "geometry": { "type": "Point", "coordinates": [ 72.5645714, 23.0047261 ] } },
{ "type": "Feature", "properties": { "element": "node", "id": 1781763832, "amenity": "fuel", "shop": null, "name": "Ansh Petrol Pump" }, "geometry": { "type": "Point", "coordinates": [ 72.5644882, 23.0045263 ] } },
{ "type": "Feature", "properties": { "element": "node", "id": 1781764967, "amenity": "hospital", "shop": null, "name": "Shushtrut Hospital" }, "geometry": { "type": "Point", "coordinates": [ 72.56227, 23.0090048 ] } },
{ "type": "Feature", "properties": { "element": "node", "id": 1789829562, "amenity": "place_of_worship", "shop": null, "name": null }, "geometry": { "type": "Point", "coordinates": [ 72.5651766, 23.0034536 ] } },
{ "type": "Feature", "properties": { "element": "node", "id": 1830548403, "amenity": "bank", "shop": null, "name": "Central Bank of India" }, "geometry": { "type": "Point", "coordinates": [ 72.5527534, 23.0471515 ] } },
{ "type": "Feature", "properties": { "element": "node", "id": 1830570013, "amenity": "bank", "shop": null, "name": "Kalupur Commercial Co-operative Bank" }, "geometry": { "type": "Point", "coordinates": [ 72.5517832, 23.0453324 ] } },
{ "type": "Feature", "properties": { "element": "node", "id": 1830690539, "amenity": null, "shop": null, "name": "Law Office of Kamalesh J Vora, Advocate" }, "geometry": { "type": "Point", "coordinates": [ 72.5484961, 23.0467356 ] } },
{ "type": "Feature", "properties": { "element": "node", "id": 1952553001, "amenity": "fuel", "shop": null, "name": "Akhbarnagar petrol pump" }, "geometry": { "type": "Point", "coordinates": [ 72.5619985, 23.0684998 ] } },
{ "type": "Feature", "properties": { "element": "node", "id": 1964926897, "amenity": "restaurant", "shop": null, "name": "Havmor Restaurant" }, "geometry": { "type": "Point", "coordinates": [ 72.565775, 23.0376713 ] } },
{ "type": "Feature", "properties": { "element": "node", "id": 1973440767, "amenity": "fast_food", "shop": null, "name": "Natural Ice Cream" }, "geometry": { "type": "Point", "coordinates": [ 72.5655478, 23.0328812 ] } },
{ "type": "Feature", "properties": { "element": "node", "id": 1973440773, "amenity": null, "shop": "books", "name": "Crossword Book Store" }, "geometry": { "type": "Point", "coordinates": [ 72.5653869, 23.0327479 ] } },
{ "type": "Feature", "properties": { "element": "node", "id": 1973442552, "amenity": "restaurant", "shop": null, "name": "Agashiye Restaurant" }, "geometry": { "type": "Point", "coordinates": [ 72.5816167, 23.0270378 ] } },
{ "type": "Feature", "properties": { "element": "node", "id": 2034297656, "amenity": null, "shop": null, "name": "Kaka Bhajipav" }, "geometry": { "type": "Point", "coordinates": [ 72.6379538, 23.0037105 ] } },
{ "type": "Feature", "properties": { "element": "node", "id": 2034596325, "amenity": "bank", "shop": null, "name": "Bank of Baroda" }, "geometry": { "type": "Point", "coordinates": [ 72.5910422, 23.0058514 ] } },
{ "type": "Feature", "properties": { "element": "node", "id": 2050519210, "amenity": null, "shop": null, "name": "The Ummed Ahmedabad" }, "geometry": { "type": "Point", "coordinates": [ 72.6165176, 23.0823961 ] } },
{ "type": "Feature", "properties": { "element": "node", "id": 2168409680, "amenity": null, "shop": null, "name": "Bhakti Infrastructure " }, "geometry": { "type": "Point", "coordinates": [ 72.6809831, 23.0522355 ] } },
{ "type": "Feature", "properties": { "element": "node", "id": 2211694435, "amenity": "restaurant", "shop": null, "name": "Food Temple" }, "geometry": { "type": "Point", "coordinates": [ 72.5647629, 23.0847638 ] } },
{ "type": "Feature", "properties": { "element": "node", "id": 2211695012, "amenity": null, "shop": "supermarket", "name": "Shree Aaiji Super Market" }, "geometry": { "type": "Point", "coordinates": [ 72.5646439, 23.0856343 ] } },
{ "type": "Feature", "properties": { "element": "node", "id": 2211706795, "amenity": "pharmacy", "shop": null, "name": "Kesharbhavani Medical Store" }, "geometry": { "type": "Point", "coordinates": [ 72.5643816, 23.0855329 ] } },
{ "type": "Feature", "properties": { "element": "node", "id": 2211707797, "amenity": null, "shop": "jewelry", "name": "Samruddhi Jwellers" }, "geometry": { "type": "Point", "coordinates": [ 72.5646659, 23.0849901 ] } },
{ "type": "Feature", "properties": { "element": "node", "id": 2211711828, "amenity": "atm", "shop": null, "name": null }, "geometry": { "type": "Point", "coordinates": [ 72.5657014, 23.0899418 ] } },
{ "type": "Feature", "properties": { "element": "node", "id": 2376626693, "amenity": "restaurant", "shop": null, "name": "Black Salt" }, "geometry": { "type": "Point", "coordinates": [ 72.4998803, 23.0523024 ] } },
{ "type": "Feature", "properties": { "element": "node", "id": 2377178365, "amenity": null, "shop": null, "name": "Al-Aman Hotel" }, "geometry": { "type": "Point", "coordinates": [ 72.589927, 23.0171175 ] } },
{ "type": "Feature", "properties": { "element": "node", "id": 2377178367, "amenity": null, "shop": "hairdresser", "name": null }, "geometry": { "type": "Point", "coordinates": [ 72.5783185, 23.0229763 ] } },
{ "type": "Feature", "properties": { "element": "node", "id": 2377178369, "amenity": null, "shop": null, "name": "Cadillac Guest House" }, "geometry": { "type": "Point", "coordinates": [ 72.5814073, 23.0259742 ] } },
{ "type": "Feature", "properties": { "element": "node", "id": 2377178375, "amenity": null, "shop": null, "name": "Good Night" }, "geometry": { "type": "Point", "coordinates": [ 72.5816588, 23.0268808 ] } },
{ "type": "Feature", "properties": { "element": "node", "id": 2377178378, "amenity": "restaurant", "shop": null, "name": "Green House Restaurant" }, "geometry": { "type": "Point", "coordinates": [ 72.5816108, 23.0272633 ] } },
{ "type": "Feature", "properties": { "element": "node", "id": 2377178382, "amenity": null, "shop": null, "name": "Hotel Embassy" }, "geometry": { "type": "Point", "coordinates": [ 72.578475900000015, 23.023332 ] } },
{ "type": "Feature", "properties": { "element": "node", "id": 2377178386, "amenity": "place_of_worship", "shop": null, "name": null }, "geometry": { "type": "Point", "coordinates": [ 72.5824724, 23.0246727 ] } },
{ "type": "Feature", "properties": { "element": "node", "id": 2377178387, "amenity": null, "shop": null, "name": "New Esquire" }, "geometry": { "type": "Point", "coordinates": [ 72.5816543, 23.0268288 ] } },
{ "type": "Feature", "properties": { "element": "node", "id": 2377178390, "amenity": null, "shop": null, "name": "Paris Hotel" }, "geometry": { "type": "Point", "coordinates": [ 72.5981085, 23.0280485 ] } },
{ "type": "Feature", "properties": { "element": "node", "id": 2377178392, "amenity": null, "shop": null, "name": "Rajdhani Guest House" }, "geometry": { "type": "Point", "coordinates": [ 72.5815886, 23.0252513 ] } },
{ "type": "Feature", "properties": { "element": "node", "id": 2377178394, "amenity": null, "shop": null, "name": "Sahil Guest House" }, "geometry": { "type": "Point", "coordinates": [ 72.5815592, 23.0257592 ] } },
{ "type": "Feature", "properties": { "element": "node", "id": 2377178396, "amenity": null, "shop": null, "name": "Soheb Guest House" }, "geometry": { "type": "Point", "coordinates": [ 72.5815908, 23.0253553 ] } },
{ "type": "Feature", "properties": { "element": "node", "id": 2377178399, "amenity": null, "shop": null, "name": "Venus Guest House" }, "geometry": { "type": "Point", "coordinates": [ 72.5815558, 23.0258639 ] } },
{ "type": "Feature", "properties": { "element": "node", "id": 2377178504, "amenity": "place_of_worship", "shop": null, "name": null }, "geometry": { "type": "Point", "coordinates": [ 72.5896206, 23.0173101 ] } },
{ "type": "Feature", "properties": { "element": "node", "id": 2377178505, "amenity": null, "shop": null, "name": null }, "geometry": { "type": "Point", "coordinates": [ 72.5783265, 23.0230528 ] } },
{ "type": "Feature", "properties": { "element": "node", "id": 2377178512, "amenity": "fuel", "shop": null, "name": null }, "geometry": { "type": "Point", "coordinates": [ 72.5841287, 23.0263196 ] } },
{ "type": "Feature", "properties": { "element": "node", "id": 2477167113, "amenity": "place_of_worship", "shop": null, "name": "Gopnath Mahadev Mandir" }, "geometry": { "type": "Point", "coordinates": [ 72.5648948, 23.0688147 ] } },
{ "type": "Feature", "properties": { "element": "node", "id": 2477174077, "amenity": "restaurant", "shop": null, "name": "Vrundavan Restaurant;AKHBAR NAGAR CIRCLE" }, "geometry": { "type": "Point", "coordinates": [ 72.5645716, 23.0674245 ] } },
{ "type": "Feature", "properties": { "element": "node", "id": 2524135729, "amenity": "place_of_worship", "shop": null, "name": "Punit Ashram" }, "geometry": { "type": "Point", "coordinates": [ 72.605685, 23.0024214 ] } },
{ "type": "Feature", "properties": { "element": "node", "id": 2524142390, "amenity": "college", "shop": null, "name": "AMC MET Medical College" }, "geometry": { "type": "Point", "coordinates": [ 72.6046567, 22.9986434 ] } },
{ "type": "Feature", "properties": { "element": "node", "id": 2528008220, "amenity": "place_of_worship", "shop": null, "name": "Rehoboth Christian Assembly" }, "geometry": { "type": "Point", "coordinates": [ 72.5368761, 23.0010208 ] } },
{ "type": "Feature", "properties": { "element": "node", "id": 2529047702, "amenity": "school", "shop": null, "name": "Jivkorbhai Lallubhai High School" }, "geometry": { "type": "Point", "coordinates": [ 72.6026493, 22.9987803 ] } },
{ "type": "Feature", "properties": { "element": "node", "id": 2529047713, "amenity": null, "shop": "bicycle", "name": "Govind Cycles" }, "geometry": { "type": "Point", "coordinates": [ 72.6016251, 22.9990897 ] } },
{ "type": "Feature", "properties": { "element": "node", "id": 2529047723, "amenity": "college", "shop": null, "name": "KK Shah Jarodwala Science College" }, "geometry": { "type": "Point", "coordinates": [ 72.6030289, 22.998722 ] } },
{ "type": "Feature", "properties": { "element": "node", "id": 2529047726, "amenity": "post_office", "shop": null, "name": "Rambaug Post Office" }, "geometry": { "type": "Point", "coordinates": [ 72.5960246, 22.9983828 ] } },
{ "type": "Feature", "properties": { "element": "node", "id": 2531100667, "amenity": "drinking_water", "shop": null, "name": null }, "geometry": { "type": "Point", "coordinates": [ 72.612715, 23.1246666 ] } },
{ "type": "Feature", "properties": { "element": "node", "id": 2531100773, "amenity": "drinking_water", "shop": null, "name": null }, "geometry": { "type": "Point", "coordinates": [ 72.6131131, 23.1265065 ] } },
{ "type": "Feature", "properties": { "element": "node", "id": 2531100902, "amenity": "drinking_water", "shop": null, "name": null }, "geometry": { "type": "Point", "coordinates": [ 72.6141411, 23.1265389 ] } },
{ "type": "Feature", "properties": { "element": "node", "id": 2531101032, "amenity": "drinking_water", "shop": null, "name": null }, "geometry": { "type": "Point", "coordinates": [ 72.6130627, 23.1233101 ] } },
{ "type": "Feature", "properties": { "element": "node", "id": 2531101150, "amenity": "drinking_water", "shop": null, "name": null }, "geometry": { "type": "Point", "coordinates": [ 72.6135147, 23.1247876 ] } },
{ "type": "Feature", "properties": { "element": "node", "id": 2531101257, "amenity": "place_of_worship", "shop": null, "name": "Guruma Samadhi Mandir" }, "geometry": { "type": "Point", "coordinates": [ 72.6123146, 23.125173 ] } },
{ "type": "Feature", "properties": { "element": "node", "id": 2531101371, "amenity": "library", "shop": null, "name": "Gyan Bhandar" }, "geometry": { "type": "Point", "coordinates": [ 72.6132379, 23.1252035 ] } },
{ "type": "Feature", "properties": { "element": "node", "id": 2531189406, "amenity": null, "shop": null, "name": null }, "geometry": { "type": "Point", "coordinates": [ 72.6133053, 23.125209 ] } },
{ "type": "Feature", "properties": { "element": "node", "id": 2598103763, "amenity": "place_of_worship", "shop": null, "name": "Shree Swaminarayan Temple Gadi Sansthan" }, "geometry": { "type": "Point", "coordinates": [ 72.6107331, 22.9955398 ] } },
{ "type": "Feature", "properties": { "element": "node", "id": 2599148924, "amenity": "place_of_worship", "shop": null, "name": "Ambaji Mata Temple" }, "geometry": { "type": "Point", "coordinates": [ 72.6083788, 22.9912494 ] } },
{ "type": "Feature", "properties": { "element": "node", "id": 2599150148, "amenity": null, "shop": null, "name": "Uttamnagar Garden (Public Park)" }, "geometry": { "type": "Point", "coordinates": [ 72.606752, 22.9921976 ] } },
{ "type": "Feature", "properties": { "element": "node", "id": 2599227097, "amenity": "place_of_worship", "shop": null, "name": "Baba Ramdev Pir Temple" }, "geometry": { "type": "Point", "coordinates": [ 72.605944, 22.992009 ] } },
{ "type": "Feature", "properties": { "element": "node", "id": 2599227752, "amenity": "library", "shop": null, "name": "Maneklal Jethalal Public Library" }, "geometry": { "type": "Point", "coordinates": [ 72.6073361, 22.9915868 ] } },
{ "type": "Feature", "properties": { "element": "node", "id": 2599227796, "amenity": "place_of_worship", "shop": null, "name": "Ram Krishna Temple" }, "geometry": { "type": "Point", "coordinates": [ 72.6062149, 22.9916559 ] } },
{ "type": "Feature", "properties": { "element": "node", "id": 2599227999, "amenity": "place_of_worship", "shop": null, "name": "Shiv Mandir (Temple of Lord Shiva)" }, "geometry": { "type": "Point", "coordinates": [ 72.606377900000012, 22.9915288 ] } },
{ "type": "Feature", "properties": { "element": "node", "id": 2625837278, "amenity": null, "shop": "dairy", "name": "Mother Dairy" }, "geometry": { "type": "Point", "coordinates": [ 72.5154344, 23.0355267 ] } },
{ "type": "Feature", "properties": { "element": "node", "id": 2631872456, "amenity": "school", "shop": null, "name": "Navchetan School" }, "geometry": { "type": "Point", "coordinates": [ 72.5630784, 23.0152445 ] } },
{ "type": "Feature", "properties": { "element": "node", "id": 2699807313, "amenity": "cinema", "shop": null, "name": "Rajhans Cinemas" }, "geometry": { "type": "Point", "coordinates": [ 72.5316963, 23.0664215 ] } },
{ "type": "Feature", "properties": { "element": "node", "id": 2699808827, "amenity": "school", "shop": null, "name": "Karmachari Shiksan Tirth" }, "geometry": { "type": "Point", "coordinates": [ 72.5415796, 23.064931 ] } },
{ "type": "Feature", "properties": { "element": "node", "id": 2699812684, "amenity": "place_of_worship", "shop": null, "name": "Panchdev Mahadev Mandir" }, "geometry": { "type": "Point", "coordinates": [ 72.5424404, 23.0654461 ] } },
{ "type": "Feature", "properties": { "element": "node", "id": 2699818334, "amenity": "school", "shop": null, "name": "M B Patel Gyanjyot High School" }, "geometry": { "type": "Point", "coordinates": [ 72.5460531, 23.0702999 ] } },
{ "type": "Feature", "properties": { "element": "node", "id": 2699821694, "amenity": "school", "shop": null, "name": "Gyanda Girls High School" }, "geometry": { "type": "Point", "coordinates": [ 72.5479789, 23.072279 ] } },
{ "type": "Feature", "properties": { "element": "node", "id": 2699822722, "amenity": "school", "shop": null, "name": "Nutan Vidya Vihar" }, "geometry": { "type": "Point", "coordinates": [ 72.5428774, 23.0681554 ] } },
{ "type": "Feature", "properties": { "element": "node", "id": 2908966984, "amenity": "restaurant", "shop": null, "name": "Real Paprika" }, "geometry": { "type": "Point", "coordinates": [ 72.543503, 23.0212619 ] } },
{ "type": "Feature", "properties": { "element": "node", "id": 2973085029, "amenity": null, "shop": null, "name": "SPEC INDIA" }, "geometry": { "type": "Point", "coordinates": [ 72.561692400000013, 23.0366895 ] } },
{ "type": "Feature", "properties": { "element": "node", "id": 3011917841, "amenity": "place_of_worship", "shop": null, "name": "Khodiyar Temple, New Ranip" }, "geometry": { "type": "Point", "coordinates": [ 72.5664534, 23.0925942 ] } },
{ "type": "Feature", "properties": { "element": "node", "id": 3136114442, "amenity": "cinema", "shop": null, "name": "R World" }, "geometry": { "type": "Point", "coordinates": [ 72.565489, 23.1801006 ] } },
{ "type": "Feature", "properties": { "element": "node", "id": 3136114443, "amenity": "place_of_worship", "shop": null, "name": "Dadabhagwan Trimandir - Adalaj" }, "geometry": { "type": "Point", "coordinates": [ 72.5721279, 23.1784824 ] } },
{ "type": "Feature", "properties": { "element": "node", "id": 3161307827, "amenity": "townhall", "shop": null, "name": "Tagore Hall" }, "geometry": { "type": "Point", "coordinates": [ 72.5710792, 23.012914 ] } },
{ "type": "Feature", "properties": { "element": "node", "id": 3161575026, "amenity": "bus_station", "shop": null, "name": "Navrangpura" }, "geometry": { "type": "Point", "coordinates": [ 72.5641854, 23.0355882 ] } },
{ "type": "Feature", "properties": { "element": "node", "id": 3161610237, "amenity": "studio", "shop": null, "name": "All India Radio ( Ahmedabad Center )" }, "geometry": { "type": "Point", "coordinates": [ 72.5687134, 23.039799 ] } },
{ "type": "Feature", "properties": { "element": "node", "id": 3195844534, "amenity": null, "shop": null, "name": "Dada Harir Vav" }, "geometry": { "type": "Point", "coordinates": [ 72.6054713, 23.0406958 ] } },
{ "type": "Feature", "properties": { "element": "node", "id": 3195844535, "amenity": null, "shop": null, "name": "Dai Halima tomb" }, "geometry": { "type": "Point", "coordinates": [ 72.604988700000021, 23.0409874 ] } },
{ "type": "Feature", "properties": { "element": "node", "id": 3204931795, "amenity": "bank", "shop": null, "name": "Ahmedabad District Cooperative Bank" }, "geometry": { "type": "Point", "coordinates": [ 72.5713107, 23.0406536 ] } },
{ "type": "Feature", "properties": { "element": "node", "id": 3204972673, "amenity": "place_of_worship", "shop": null, "name": "Khamasa Parsi Agiyari" }, "geometry": { "type": "Point", "coordinates": [ 72.5847376, 23.0212928 ] } },
{ "type": "Feature", "properties": { "element": "node", "id": 3204975264, "amenity": "fast_food", "shop": null, "name": "Gol Limbda Bhajiya and Nashta House" }, "geometry": { "type": "Point", "coordinates": [ 72.5860331, 23.0200882 ] } },
{ "type": "Feature", "properties": { "element": "node", "id": 3235847044, "amenity": null, "shop": null, "name": "Ahmedabad Jilla Panchayat Office" }, "geometry": { "type": "Point", "coordinates": [ 72.5803047, 23.0245625 ] } },
{ "type": "Feature", "properties": { "element": "node", "id": 3235855839, "amenity": "bank", "shop": null, "name": "The State Bank of India, Ahmedabad Office" }, "geometry": { "type": "Point", "coordinates": [ 72.579428, 23.0245389 ] } },
{ "type": "Feature", "properties": { "element": "node", "id": 3236022280, "amenity": "police", "shop": null, "name": "Ellisbridge Police Station" }, "geometry": { "type": "Point", "coordinates": [ 72.5716416, 23.022886 ] } },
{ "type": "Feature", "properties": { "element": "node", "id": 3236256589, "amenity": "library", "shop": null, "name": "British Library, Ahmedabad" }, "geometry": { "type": "Point", "coordinates": [ 72.55992, 23.0241291 ] } },
{ "type": "Feature", "properties": { "element": "node", "id": 3239343341, "amenity": "parking", "shop": null, "name": "CEPT University Parking Space" }, "geometry": { "type": "Point", "coordinates": [ 72.5505639, 23.0385409 ] } },
{ "type": "Feature", "properties": { "element": "node", "id": 3239361168, "amenity": "arts_centre", "shop": null, "name": "Ahmedabad ni Gufa" }, "geometry": { "type": "Point", "coordinates": [ 72.5496859, 23.0362323 ] } },
{ "type": "Feature", "properties": { "element": "node", "id": 3239361169, "amenity": "cafe", "shop": null, "name": "Zen Cafe" }, "geometry": { "type": "Point", "coordinates": [ 72.5494261, 23.0362229 ] } },
{ "type": "Feature", "properties": { "element": "node", "id": 3241011933, "amenity": "restaurant", "shop": null, "name": "Barbeque Nation" }, "geometry": { "type": "Point", "coordinates": [ 72.526862, 23.0480405 ] } },
{ "type": "Feature", "properties": { "element": "node", "id": 3242226330, "amenity": "cafe", "shop": null, "name": "Cafe Coffee Day" }, "geometry": { "type": "Point", "coordinates": [ 72.5600005, 23.0329764 ] } },
{ "type": "Feature", "properties": { "element": "node", "id": 3242226331, "amenity": "bank", "shop": null, "name": "Citibank" }, "geometry": { "type": "Point", "coordinates": [ 72.5608865, 23.0337365 ] } },
{ "type": "Feature", "properties": { "element": "node", "id": 3242226332, "amenity": null, "shop": "convenience", "name": "Induben Khakhrawala" }, "geometry": { "type": "Point", "coordinates": [ 72.5613239, 23.0325848 ] } },
{ "type": "Feature", "properties": { "element": "node", "id": 3242226333, "amenity": "bank", "shop": null, "name": "The State Bank of India, Ahmedabad Office" }, "geometry": { "type": "Point", "coordinates": [ 72.5598654, 23.0328329 ] } },
{ "type": "Feature", "properties": { "element": "node", "id": 3242228160, "amenity": "studio", "shop": null, "name": "MAAC Studio" }, "geometry": { "type": "Point", "coordinates": [ 72.5608424, 23.0336976 ] } },
{ "type": "Feature", "properties": { "element": "node", "id": 3242235762, "amenity": "place_of_worship", "shop": null, "name": "Jain Temple" }, "geometry": { "type": "Point", "coordinates": [ 72.5599824, 23.0333137 ] } },
{ "type": "Feature", "properties": { "element": "node", "id": 3242235763, "amenity": "bank", "shop": null, "name": "Kotak Mahindra Bank" }, "geometry": { "type": "Point", "coordinates": [ 72.5599842, 23.0331142 ] } },
{ "type": "Feature", "properties": { "element": "node", "id": 3242235764, "amenity": null, "shop": "clothes", "name": "Romano" }, "geometry": { "type": "Point", "coordinates": [ 72.5603885, 23.0328013 ] } },
{ "type": "Feature", "properties": { "element": "node", "id": 3242312721, "amenity": null, "shop": "clothes", "name": "Chanel" }, "geometry": { "type": "Point", "coordinates": [ 72.5601894, 23.0340092 ] } },
{ "type": "Feature", "properties": { "element": "node", "id": 3243806444, "amenity": "community_centre", "shop": null, "name": "Vikram A. Sarabhai Community Science Centre" }, "geometry": { "type": "Point", "coordinates": [ 72.5492165, 23.0366663 ] } },
{ "type": "Feature", "properties": { "element": "node", "id": 3247356199, "amenity": "place_of_worship", "shop": null, "name": "Sai Baba Temple" }, "geometry": { "type": "Point", "coordinates": [ 72.6203895, 23.0804158 ] } },
{ "type": "Feature", "properties": { "element": "node", "id": 3247356200, "amenity": "police", "shop": null, "name": "Sardarnagar Police Station" }, "geometry": { "type": "Point", "coordinates": [ 72.620522, 23.0804289 ] } },
{ "type": "Feature", "properties": { "element": "node", "id": 3247495572, "amenity": null, "shop": null, "name": "Celebrus Capital" }, "geometry": { "type": "Point", "coordinates": [ 72.5188134, 23.0510118 ] } },
{ "type": "Feature", "properties": { "element": "node", "id": 3247497062, "amenity": null, "shop": null, "name": "Commodity Online India Limited" }, "geometry": { "type": "Point", "coordinates": [ 72.5190509, 23.0516211 ] } },
{ "type": "Feature", "properties": { "element": "node", "id": 3247497622, "amenity": "cinema", "shop": null, "name": "PVR, acropolis mall" }, "geometry": { "type": "Point", "coordinates": [ 72.5160613, 23.0490934 ] } },
{ "type": "Feature", "properties": { "element": "node", "id": 3247518115, "amenity": "police", "shop": null, "name": "kalupur Police Station" }, "geometry": { "type": "Point", "coordinates": [ 72.5938493, 23.0280667 ] } },
{ "type": "Feature", "properties": { "element": "node", "id": 3289914606, "amenity": "place_of_worship", "shop": null, "name": "Dariyakhan Ghummaj" }, "geometry": { "type": "Point", "coordinates": [ 72.5867794, 23.0526575 ] } },
{ "type": "Feature", "properties": { "element": "node", "id": 3291896461, "amenity": null, "shop": "kiosk", "name": "Sheikh Mohimmad atik" }, "geometry": { "type": "Point", "coordinates": [ 72.5837441, 23.0243077 ] } },
{ "type": "Feature", "properties": { "element": "node", "id": 3292203261, "amenity": null, "shop": "kiosk-cholle kulchr", "name": null }, "geometry": { "type": "Point", "coordinates": [ 72.5398312, 23.0307495 ] } },
{ "type": "Feature", "properties": { "element": "node", "id": 3292209861, "amenity": null, "shop": "prakash-dalwasa", "name": null }, "geometry": { "type": "Point", "coordinates": [ 72.5443605, 23.0265455 ] } },
{ "type": "Feature", "properties": { "element": "node", "id": 3292209962, "amenity": null, "shop": "kiosk-nagar cholafadi", "name": "talsingh" }, "geometry": { "type": "Point", "coordinates": [ 72.5443504, 23.0263991 ] } },
{ "type": "Feature", "properties": { "element": "node", "id": 3292214861, "amenity": null, "shop": "kiosk", "name": "master wada paav" }, "geometry": { "type": "Point", "coordinates": [ 72.5440367, 23.0260866 ] } },
{ "type": "Feature", "properties": { "element": "node", "id": 3292224461, "amenity": null, "shop": "kiosk-indorni sabu dana khichdi", "name": "sureshbhai prajapati" }, "geometry": { "type": "Point", "coordinates": [ 72.5431753, 23.0230239 ] } },
{ "type": "Feature", "properties": { "element": "node", "id": 3292377162, "amenity": null, "shop": "tea", "name": "login" }, "geometry": { "type": "Point", "coordinates": [ 72.5497189, 23.0425653 ] } },
{ "type": "Feature", "properties": { "element": "node", "id": 3292377261, "amenity": null, "shop": "tea", "name": "login" }, "geometry": { "type": "Point", "coordinates": [ 72.5503049, 23.0425341 ] } },
{ "type": "Feature", "properties": { "element": "node", "id": 3292377262, "amenity": null, "shop": "tea", "name": "have a nice day" }, "geometry": { "type": "Point", "coordinates": [ 72.5506152, 23.0422756 ] } },
{ "type": "Feature", "properties": { "element": "node", "id": 3292377461, "amenity": null, "shop": "deli", "name": "R.K.OMLET" }, "geometry": { "type": "Point", "coordinates": [ 72.5517948, 23.0454711 ] } },
{ "type": "Feature", "properties": { "element": "node", "id": 3292377561, "amenity": null, "shop": "ice_cream", "name": "Janta" }, "geometry": { "type": "Point", "coordinates": [ 72.5337283, 23.0479379 ] } },
{ "type": "Feature", "properties": { "element": "node", "id": 3293760461, "amenity": null, "shop": "kiosk", "name": "new rashtriya bhajiya house" }, "geometry": { "type": "Point", "coordinates": [ 72.5692215, 23.0364058 ] } },
{ "type": "Feature", "properties": { "element": "node", "id": 3293760462, "amenity": null, "shop": "beverages", "name": "krishna cold drinks" }, "geometry": { "type": "Point", "coordinates": [ 72.5795927, 23.0401345 ] } },
{ "type": "Feature", "properties": { "element": "node", "id": 3293760463, "amenity": null, "shop": "bakery", "name": "janta bakery" }, "geometry": { "type": "Point", "coordinates": [ 72.5797316, 23.036703 ] } },
{ "type": "Feature", "properties": { "element": "node", "id": 3293760464, "amenity": null, "shop": "bakery", "name": "rehmati bakery" }, "geometry": { "type": "Point", "coordinates": [ 72.5690405, 23.037044 ] } },
{ "type": "Feature", "properties": { "element": "node", "id": 3293760466, "amenity": null, "shop": "coffee", "name": "happiness" }, "geometry": { "type": "Point", "coordinates": [ 72.5496027, 23.0427571 ] } },
{ "type": "Feature", "properties": { "element": "node", "id": 3293760661, "amenity": null, "shop": "bakery", "name": "bhogilal mulchand" }, "geometry": { "type": "Point", "coordinates": [ 72.5694452, 23.0368824 ] } },
{ "type": "Feature", "properties": { "element": "node", "id": 3293760662, "amenity": "hospital", "shop": null, "name": "saviour annexe hospital" }, "geometry": { "type": "Point", "coordinates": [ 72.5699511, 23.0368587 ] } },
{ "type": "Feature", "properties": { "element": "node", "id": 3293760663, "amenity": null, "shop": "tea", "name": "super tea stall" }, "geometry": { "type": "Point", "coordinates": [ 72.569816, 23.0376364 ] } },
{ "type": "Feature", "properties": { "element": "node", "id": 3293760665, "amenity": null, "shop": "kiosk", "name": "shri shankar bhuvan nashta house" }, "geometry": { "type": "Point", "coordinates": [ 72.5779042, 23.0398738 ] } },
{ "type": "Feature", "properties": { "element": "node", "id": 3293760666, "amenity": null, "shop": "beverages", "name": "barley water shop" }, "geometry": { "type": "Point", "coordinates": [ 72.549159, 23.0422114 ] } },
{ "type": "Feature", "properties": { "element": "node", "id": 3293760667, "amenity": null, "shop": "deli", "name": "navrang restuarant" }, "geometry": { "type": "Point", "coordinates": [ 72.5492686, 23.0426527 ] } },
{ "type": "Feature", "properties": { "element": "node", "id": 3293760668, "amenity": null, "shop": "deli", "name": "jalaram parontha house" }, "geometry": { "type": "Point", "coordinates": [ 72.549319, 23.0426291 ] } },
{ "type": "Feature", "properties": { "element": "node", "id": 3293760671, "amenity": null, "shop": "deli", "name": "punjabi flavours" }, "geometry": { "type": "Point", "coordinates": [ 72.5493001, 23.0426338 ] } },
{ "type": "Feature", "properties": { "element": "node", "id": 3293760961, "amenity": null, "shop": "bakery", "name": "bherunath jain chavana house" }, "geometry": { "type": "Point", "coordinates": [ 72.5798143, 23.039816 ] } },
{ "type": "Feature", "properties": { "element": "node", "id": 3293761161, "amenity": null, "shop": "bakery", "name": "manhar doodh ghar" }, "geometry": { "type": "Point", "coordinates": [ 72.579821, 23.0385763 ] } },
{ "type": "Feature", "properties": { "element": "node", "id": 3293761162, "amenity": null, "shop": "greengrocer", "name": "dhanlakshmi fruit stall" }, "geometry": { "type": "Point", "coordinates": [ 72.5796656, 23.0345651 ] } },
{ "type": "Feature", "properties": { "element": "node", "id": 3293761164, "amenity": null, "shop": "bakery", "name": "rehmati bakery" }, "geometry": { "type": "Point", "coordinates": [ 72.5691251, 23.0371194 ] } },
{ "type": "Feature", "properties": { "element": "node", "id": 3293762562, "amenity": null, "shop": "dairy", "name": "Amul" }, "geometry": { "type": "Point", "coordinates": [ 72.5472223, 23.0440918 ] } },
{ "type": "Feature", "properties": { "element": "node", "id": 3293763762, "amenity": "fast_food", "shop": null, "name": "Shreeji krupa vadapav" }, "geometry": { "type": "Point", "coordinates": [ 72.549193, 23.0423379 ] } },
{ "type": "Feature", "properties": { "element": "node", "id": 3293763763, "amenity": null, "shop": "deli", "name": "facebook restuarant" }, "geometry": { "type": "Point", "coordinates": [ 72.5492595, 23.0426661 ] } },
{ "type": "Feature", "properties": { "element": "node", "id": 3293763764, "amenity": null, "shop": "deli", "name": "R K vadapav" }, "geometry": { "type": "Point", "coordinates": [ 72.5492615, 23.0424164 ] } },
{ "type": "Feature", "properties": { "element": "node", "id": 3293792061, "amenity": null, "shop": "bakery", "name": "rasranjan" }, "geometry": { "type": "Point", "coordinates": [ 72.5487336, 23.042291 ] } },
{ "type": "Feature", "properties": { "element": "node", "id": 3293792062, "amenity": "fast_food", "shop": null, "name": "McDonald's" }, "geometry": { "type": "Point", "coordinates": [ 72.5486525, 23.0423816 ] } },
{ "type": "Feature", "properties": { "element": "node", "id": 3293806562, "amenity": null, "shop": "kiosk", "name": "Mukhwaas" }, "geometry": { "type": "Point", "coordinates": [ 72.58712220000001, 23.0241153 ] } },
{ "type": "Feature", "properties": { "element": "node", "id": 3294081761, "amenity": "fast_food", "shop": null, "name": "Asharfilal Kulfi" }, "geometry": { "type": "Point", "coordinates": [ 72.5492422, 23.0426757 ] } },
{ "type": "Feature", "properties": { "element": "node", "id": 3302112161, "amenity": null, "shop": null, "name": "Yoga Rhythms" }, "geometry": { "type": "Point", "coordinates": [ 72.5553629, 23.0114918 ] } },
{ "type": "Feature", "properties": { "element": "node", "id": 3302227672, "amenity": "fuel", "shop": null, "name": "Hindustan Petroleum Station" }, "geometry": { "type": "Point", "coordinates": [ 72.5638517, 23.0120486 ] } },
{ "type": "Feature", "properties": { "element": "node", "id": 3306683241, "amenity": "taxi", "shop": null, "name": "Bhadra Taxi Stand" }, "geometry": { "type": "Point", "coordinates": [ 72.5801019, 23.0271947 ] } },
{ "type": "Feature", "properties": { "element": "node", "id": 3306683242, "amenity": null, "shop": null, "name": "Bismillah Boarding Guesthouse" }, "geometry": { "type": "Point", "coordinates": [ 72.5828443, 23.0248912 ] } },
{ "type": "Feature", "properties": { "element": "node", "id": 3306683244, "amenity": "bank", "shop": null, "name": "Central Bank of India" }, "geometry": { "type": "Point", "coordinates": [ 72.5809242, 23.0274353 ] } },
{ "type": "Feature", "properties": { "element": "node", "id": 3306683245, "amenity": null, "shop": null, "name": "Comfort" }, "geometry": { "type": "Point", "coordinates": [ 72.5821262, 23.0264847 ] } },
{ "type": "Feature", "properties": { "element": "node", "id": 3306683246, "amenity": "cafe", "shop": null, "name": "Ghandi Cold Drink House" }, "geometry": { "type": "Point", "coordinates": [ 72.5828928, 23.0246187 ] } },
{ "type": "Feature", "properties": { "element": "node", "id": 3306683247, "amenity": "taxi", "shop": null, "name": "Gita Mandir" }, "geometry": { "type": "Point", "coordinates": [ 72.5911761, 23.0147506 ] } },
{ "type": "Feature", "properties": { "element": "node", "id": 3306683248, "amenity": "bank", "shop": null, "name": "HDFC Bank Paldi Branch" }, "geometry": { "type": "Point", "coordinates": [ 72.559847, 23.0137058 ] } },
{ "type": "Feature", "properties": { "element": "node", "id": 3306683249, "amenity": "bank", "shop": null, "name": "HDFC Bank Relief Road Branch" }, "geometry": { "type": "Point", "coordinates": [ 72.5819103, 23.026296 ] } },
{ "type": "Feature", "properties": { "element": "node", "id": 3306683250, "amenity": "police", "shop": null, "name": "Karanj Police Station" }, "geometry": { "type": "Point", "coordinates": [ 72.5820394, 23.0245097 ] } },
{ "type": "Feature", "properties": { "element": "node", "id": 3306683251, "amenity": "fast_food", "shop": null, "name": "Lucky Tea Shop" }, "geometry": { "type": "Point", "coordinates": [ 72.5811204, 23.027562 ] } },
{ "type": "Feature", "properties": { "element": "node", "id": 3306683252, "amenity": null, "shop": null, "name": "Mehul" }, "geometry": { "type": "Point", "coordinates": [ 72.581946, 23.0267135 ] } },
{ "type": "Feature", "properties": { "element": "node", "id": 3306683253, "amenity": null, "shop": null, "name": "Metropole" }, "geometry": { "type": "Point", "coordinates": [ 72.5819313, 23.0266885 ] } },
{ "type": "Feature", "properties": { "element": "node", "id": 3306683254, "amenity": "restaurant", "shop": null, "name": "Naeeka" }, "geometry": { "type": "Point", "coordinates": [ 72.5908571, 23.0552316 ] } },
{ "type": "Feature", "properties": { "element": "node", "id": 3306683255, "amenity": "restaurant", "shop": null, "name": "Nishat" }, "geometry": { "type": "Point", "coordinates": [ 72.5829376, 23.0248713 ] } },
{ "type": "Feature", "properties": { "element": "node", "id": 3306683256, "amenity": "restaurant", "shop": null, "name": "Nishat" }, "geometry": { "type": "Point", "coordinates": [ 72.5830856, 23.0248607 ] } },
{ "type": "Feature", "properties": { "element": "node", "id": 3306683257, "amenity": "restaurant", "shop": null, "name": "Paramount" }, "geometry": { "type": "Point", "coordinates": [ 72.5823659, 23.0245678 ] } },
{ "type": "Feature", "properties": { "element": "node", "id": 3306683260, "amenity": "fuel", "shop": null, "name": null }, "geometry": { "type": "Point", "coordinates": [ 72.5529832, 23.0049181 ] } },
{ "type": "Feature", "properties": { "element": "node", "id": 3306683475, "amenity": null, "shop": "travel_agency", "name": null }, "geometry": { "type": "Point", "coordinates": [ 72.5927666, 23.0153173 ] } },
{ "type": "Feature", "properties": { "element": "node", "id": 3306683611, "amenity": "atm", "shop": null, "name": null }, "geometry": { "type": "Point", "coordinates": [ 72.5880366, 23.0388835 ] } },
{ "type": "Feature", "properties": { "element": "node", "id": 3306683612, "amenity": "fuel", "shop": null, "name": "Indian Oil" }, "geometry": { "type": "Point", "coordinates": [ 72.5955759, 23.0396523 ] } },
{ "type": "Feature", "properties": { "element": "node", "id": 3306683649, "amenity": "cafe", "shop": null, "name": "Relief Cyber Cafe" }, "geometry": { "type": "Point", "coordinates": [ 72.5830356, 23.0263181 ] } },
{ "type": "Feature", "properties": { "element": "node", "id": 3306683650, "amenity": null, "shop": null, "name": "Sahara" }, "geometry": { "type": "Point", "coordinates": [ 72.5829711, 23.0253454 ] } },
{ "type": "Feature", "properties": { "element": "node", "id": 3306683652, "amenity": null, "shop": null, "name": "Volga" }, "geometry": { "type": "Point", "coordinates": [ 72.582027, 23.0268157 ] } },
{ "type": "Feature", "properties": { "element": "node", "id": 3306683653, "amenity": null, "shop": null, "name": "ZK" }, "geometry": { "type": "Point", "coordinates": [ 72.5824954, 23.0263496 ] } },
{ "type": "Feature", "properties": { "element": "node", "id": 3306683655, "amenity": "marketplace", "shop": null, "name": "fish market" }, "geometry": { "type": "Point", "coordinates": [ 72.5841473, 23.0247302 ] } },
{ "type": "Feature", "properties": { "element": "node", "id": 3306683656, "amenity": "marketplace", "shop": null, "name": "meat market" }, "geometry": { "type": "Point", "coordinates": [ 72.5834189, 23.0247665 ] } },
{ "type": "Feature", "properties": { "element": "node", "id": 3333487128, "amenity": "bus_station", "shop": null, "name": "Maninagar Bus stop" }, "geometry": { "type": "Point", "coordinates": [ 72.6259649, 22.99746 ] } },
{ "type": "Feature", "properties": { "element": "node", "id": 3333942359, "amenity": "bus_station", "shop": null, "name": "Maninagar Railway Station" }, "geometry": { "type": "Point", "coordinates": [ 72.6109437, 22.9986995 ] } },
{ "type": "Feature", "properties": { "element": "node", "id": 3335472845, "amenity": null, "shop": null, "name": "Calico Textile Museum" }, "geometry": { "type": "Point", "coordinates": [ 72.5924764, 23.05418 ] } },
{ "type": "Feature", "properties": { "element": "node", "id": 3335600154, "amenity": "bus_station", "shop": null, "name": "Krishna Nagar Bus Statiom" }, "geometry": { "type": "Point", "coordinates": [ 72.6558075, 23.0770964 ] } },
{ "type": "Feature", "properties": { "element": "node", "id": 3336777167, "amenity": "bus_station", "shop": null, "name": "Ahmedabad" }, "geometry": { "type": "Point", "coordinates": [ 72.5984903, 23.0218734 ] } },
{ "type": "Feature", "properties": { "element": "node", "id": 3355794772, "amenity": "bus_station", "shop": null, "name": "Lal Darwaja AMTS Bus Stop" }, "geometry": { "type": "Point", "coordinates": [ 72.5785562, 23.0241902 ] } },
{ "type": "Feature", "properties": { "element": "node", "id": 3370726902, "amenity": null, "shop": "supermarket", "name": "Bopal Vegetable Market" }, "geometry": { "type": "Point", "coordinates": [ 72.4718735, 23.0307489 ] } },
{ "type": "Feature", "properties": { "element": "node", "id": 3379763223, "amenity": "community_centre", "shop": null, "name": "Loving Community" }, "geometry": { "type": "Point", "coordinates": [ 72.6442136, 22.9994873 ] } },
{ "type": "Feature", "properties": { "element": "node", "id": 3379766639, "amenity": "community_centre", "shop": null, "name": "Jamalpur" }, "geometry": { "type": "Point", "coordinates": [ 72.5740652, 23.0057337 ] } },
{ "type": "Feature", "properties": { "element": "node", "id": 3387147612, "amenity": null, "shop": null, "name": "TM Systems Pvt. Ltd." }, "geometry": { "type": "Point", "coordinates": [ 72.5624122, 23.0310817 ] } },
{ "type": "Feature", "properties": { "element": "node", "id": 3393656497, "amenity": "fuel", "shop": null, "name": "Adani CNG Gas Station" }, "geometry": { "type": "Point", "coordinates": [ 72.5864365, 23.011445 ] } },
{ "type": "Feature", "properties": { "element": "node", "id": 3415661204, "amenity": null, "shop": null, "name": "FOLO" }, "geometry": { "type": "Point", "coordinates": [ 72.5374493, 23.0470793 ] } },
{ "type": "Feature", "properties": { "element": "node", "id": 3415668798, "amenity": "motorcycle_parking", "shop": null, "name": null }, "geometry": { "type": "Point", "coordinates": [ 72.5324945, 23.04628 ] } },
{ "type": "Feature", "properties": { "element": "node", "id": 3426621651, "amenity": "fast_food", "shop": null, "name": "Jasuben Pizza" }, "geometry": { "type": "Point", "coordinates": [ 72.554084500000016, 23.0206812 ] } },
{ "type": "Feature", "properties": { "element": "node", "id": 3500440335, "amenity": "place_of_worship", "shop": null, "name": "Dharmeshawar Mahadev Temple" }, "geometry": { "type": "Point", "coordinates": [ 72.5916738, 23.0784656 ] } },
{ "type": "Feature", "properties": { "element": "node", "id": 3500454448, "amenity": "place_of_worship", "shop": null, "name": "Jain Derasar" }, "geometry": { "type": "Point", "coordinates": [ 72.5922625, 23.0803221 ] } },
{ "type": "Feature", "properties": { "element": "node", "id": 3500454470, "amenity": null, "shop": "supermarket", "name": null }, "geometry": { "type": "Point", "coordinates": [ 72.5914619, 23.0843928 ] } },
{ "type": "Feature", "properties": { "element": "node", "id": 3500454471, "amenity": "hospital", "shop": null, "name": "Geeta Maternity Hospital" }, "geometry": { "type": "Point", "coordinates": [ 72.5901213, 23.0836049 ] } },
{ "type": "Feature", "properties": { "element": "node", "id": 3500454472, "amenity": "place_of_worship", "shop": null, "name": "Ramji Mandir" }, "geometry": { "type": "Point", "coordinates": [ 72.5895182, 23.0836988 ] } },
{ "type": "Feature", "properties": { "element": "node", "id": 3500459170, "amenity": "place_of_worship", "shop": null, "name": "Vaishno Devi Mataji Mandir" }, "geometry": { "type": "Point", "coordinates": [ 72.5895455, 23.0790305 ] } },
{ "type": "Feature", "properties": { "element": "node", "id": 3500459652, "amenity": "hospital", "shop": null, "name": "Sabarmati Development Society Sanchalit Sheth Shri Pukhraj Raichand General Hospital" }, "geometry": { "type": "Point", "coordinates": [ 72.5906964, 23.0829627 ] } },
{ "type": "Feature", "properties": { "element": "node", "id": 3500459657, "amenity": "bank", "shop": null, "name": "HDFC Bank" }, "geometry": { "type": "Point", "coordinates": [ 72.5909029, 23.0835179 ] } },
{ "type": "Feature", "properties": { "element": "node", "id": 3500459658, "amenity": "fast_food", "shop": null, "name": "MAHARAJ Food Corner" }, "geometry": { "type": "Point", "coordinates": [ 72.5892158, 23.0839448 ] } },
{ "type": "Feature", "properties": { "element": "node", "id": 3500459659, "amenity": "bank", "shop": null, "name": "Gol Bank" }, "geometry": { "type": "Point", "coordinates": [ 72.5888148, 23.0834501 ] } },
{ "type": "Feature", "properties": { "element": "node", "id": 3500459666, "amenity": "bank", "shop": null, "name": "Bank of Baroda" }, "geometry": { "type": "Point", "coordinates": [ 72.5900739, 23.0825491 ] } },
{ "type": "Feature", "properties": { "element": "node", "id": 3727529631, "amenity": "hospital", "shop": null, "name": "GCS Medical College Hospital and Research Centre" }, "geometry": { "type": "Point", "coordinates": [ 72.6107232, 23.0389267 ] } },
{ "type": "Feature", "properties": { "element": "node", "id": 3774861429, "amenity": null, "shop": "shoes", "name": "Adidas" }, "geometry": { "type": "Point", "coordinates": [ 72.5291592, 23.0141932 ] } },
{ "type": "Feature", "properties": { "element": "node", "id": 3774861430, "amenity": null, "shop": "fashion", "name": "sakuntal hat" }, "geometry": { "type": "Point", "coordinates": [ 72.5283921, 23.0140155 ] } },
{ "type": "Feature", "properties": { "element": "node", "id": 3774861432, "amenity": "bank", "shop": null, "name": "saswat bank" }, "geometry": { "type": "Point", "coordinates": [ 72.5285852, 23.0140747 ] } },
{ "type": "Feature", "properties": { "element": "node", "id": 3775187616, "amenity": "marketplace", "shop": null, "name": "CHANDLODIA MARKET" }, "geometry": { "type": "Point", "coordinates": [ 72.5415308, 23.0891843 ] } },
{ "type": "Feature", "properties": { "element": "node", "id": 3775189519, "amenity": "college", "shop": null, "name": "RC TECHNICAL INSTITUTE" }, "geometry": { "type": "Point", "coordinates": [ 72.5307242, 23.0830479 ] } },
{ "type": "Feature", "properties": { "element": "node", "id": 3775189520, "amenity": "police", "shop": null, "name": "SOLA POLICE STATION" }, "geometry": { "type": "Point", "coordinates": [ 72.5290719, 23.0869563 ] } },
{ "type": "Feature", "properties": { "element": "node", "id": 3776238973, "amenity": "restaurant", "shop": null, "name": "waah" }, "geometry": { "type": "Point", "coordinates": [ 72.5609251, 23.0342579 ] } },
{ "type": "Feature", "properties": { "element": "node", "id": 3776238974, "amenity": "restaurant", "shop": null, "name": "havmor" }, "geometry": { "type": "Point", "coordinates": [ 72.5608446, 23.0342641 ] } },
{ "type": "Feature", "properties": { "element": "node", "id": 3776238976, "amenity": "restaurant", "shop": null, "name": null }, "geometry": { "type": "Point", "coordinates": [ 72.5611879, 23.0344715 ] } },
{ "type": "Feature", "properties": { "element": "node", "id": 3776238977, "amenity": "restaurant", "shop": null, "name": "choice" }, "geometry": { "type": "Point", "coordinates": [ 72.5612536, 23.0344517 ] } },
{ "type": "Feature", "properties": { "element": "node", "id": 3776238978, "amenity": "cafe", "shop": null, "name": "chocolate room" }, "geometry": { "type": "Point", "coordinates": [ 72.5617312, 23.0358422 ] } },
{ "type": "Feature", "properties": { "element": "node", "id": 3776238979, "amenity": "restaurant", "shop": null, "name": "purohit" }, "geometry": { "type": "Point", "coordinates": [ 72.5610096, 23.0342345 ] } },
{ "type": "Feature", "properties": { "element": "node", "id": 3808256133, "amenity": null, "shop": null, "name": "manegbaug" }, "geometry": { "type": "Point", "coordinates": [ 72.550513, 23.0114634 ] } },
{ "type": "Feature", "properties": { "element": "node", "id": 3808256134, "amenity": "bank", "shop": null, "name": "HDFC Bank" }, "geometry": { "type": "Point", "coordinates": [ 72.5465809, 23.0098902 ] } },
{ "type": "Feature", "properties": { "element": "node", "id": 3846213302, "amenity": null, "shop": null, "name": "HCP Design, Planning and Management Pvt. Ltd" }, "geometry": { "type": "Point", "coordinates": [ 72.5728674, 23.0483975 ] } },
{ "type": "Feature", "properties": { "element": "node", "id": 3846251081, "amenity": null, "shop": "furniture", "name": "TDW Furniture Private Limited" }, "geometry": { "type": "Point", "coordinates": [ 72.5217681, 23.0270936 ] } },
{ "type": "Feature", "properties": { "element": "node", "id": 3940429403, "amenity": "library", "shop": null, "name": "RA.B.GI.U Muncipal Library" }, "geometry": { "type": "Point", "coordinates": [ 72.5963088, 23.028543 ] } },
{ "type": "Feature", "properties": { "element": "node", "id": 3940472961, "amenity": "library", "shop": null, "name": "B.N.Library" }, "geometry": { "type": "Point", "coordinates": [ 72.594867, 23.021184 ] } },
{ "type": "Feature", "properties": { "element": "node", "id": 3940472962, "amenity": "library", "shop": null, "name": "Chandrakant Baxi Muncipal Library" }, "geometry": { "type": "Point", "coordinates": [ 72.566632, 23.06356 ] } },
{ "type": "Feature", "properties": { "element": "node", "id": 3940472963, "amenity": "library", "shop": null, "name": "Dr.Shyama Prashad Mukharji Muncipal Library" }, "geometry": { "type": "Point", "coordinates": [ 72.531661400000019, 23.0111095 ] } },
{ "type": "Feature", "properties": { "element": "node", "id": 3940472964, "amenity": "library", "shop": null, "name": "Gorvardhan AM Tripathi Muncipal Library" }, "geometry": { "type": "Point", "coordinates": [ 72.602814, 22.998323 ] } },
{ "type": "Feature", "properties": { "element": "node", "id": 3940472965, "amenity": "library", "shop": null, "name": "Jayotindra Dave Muncipal Library" }, "geometry": { "type": "Point", "coordinates": [ 72.580155, 23.043314 ] } },
{ "type": "Feature", "properties": { "element": "node", "id": 3940472966, "amenity": "library", "shop": null, "name": "Kavi Ramanlal Vasantlal Desai Muncipal Library" }, "geometry": { "type": "Point", "coordinates": [ 72.644105, 23.0256941 ] } },
{ "type": "Feature", "properties": { "element": "node", "id": 3940472967, "amenity": "library", "shop": null, "name": "Patel.K.K.Muni Library" }, "geometry": { "type": "Point", "coordinates": [ 72.656816, 23.074475 ] } },
{ "type": "Feature", "properties": { "element": "node", "id": 3940472968, "amenity": "library", "shop": null, "name": "Swa.Lalbhai Kundivala Muncipal Library" }, "geometry": { "type": "Point", "coordinates": [ 72.586658, 23.018496 ] } },
{ "type": "Feature", "properties": { "element": "node", "id": 3940472969, "amenity": "library", "shop": null, "name": "V.N.Shah Library" }, "geometry": { "type": "Point", "coordinates": [ 72.623712, 23.021774 ] } },
{ "type": "Feature", "properties": { "element": "node", "id": 4127286289, "amenity": "bank", "shop": null, "name": "canera bank" }, "geometry": { "type": "Point", "coordinates": [ 72.5568708, 23.0526603 ] } },
{ "type": "Feature", "properties": { "element": "node", "id": 4199023903, "amenity": "cafe", "shop": null, "name": "Cafe Coffee Day" }, "geometry": { "type": "Point", "coordinates": [ 72.5073318, 23.0245018 ] } },
{ "type": "Feature", "properties": { "element": "node", "id": 4199023904, "amenity": "restaurant", "shop": null, "name": "Honest" }, "geometry": { "type": "Point", "coordinates": [ 72.5126614, 23.0385865 ] } },
{ "type": "Feature", "properties": { "element": "node", "id": 4199023905, "amenity": "fast_food", "shop": null, "name": "Subway" }, "geometry": { "type": "Point", "coordinates": [ 72.512884, 23.0385075 ] } },
{ "type": "Feature", "properties": { "element": "node", "id": 4199023906, "amenity": "fast_food", "shop": null, "name": "McDonald's" }, "geometry": { "type": "Point", "coordinates": [ 72.507327, 23.0244178 ] } },
{ "type": "Feature", "properties": { "element": "node", "id": 4199023907, "amenity": "restaurant", "shop": null, "name": "Havmor" }, "geometry": { "type": "Point", "coordinates": [ 72.5122645, 23.0381817 ] } },
{ "type": "Feature", "properties": { "element": "node", "id": 4199023908, "amenity": null, "shop": "supermarket", "name": "Star Bazaar" }, "geometry": { "type": "Point", "coordinates": [ 72.5242142, 23.0269648 ] } },
{ "type": "Feature", "properties": { "element": "node", "id": 4254423389, "amenity": "fuel", "shop": null, "name": "Shell" }, "geometry": { "type": "Point", "coordinates": [ 72.5124778, 23.0121167 ] } },
{ "type": "Feature", "properties": { "element": "node", "id": 4254427889, "amenity": "bank", "shop": null, "name": "Yes Bank" }, "geometry": { "type": "Point", "coordinates": [ 72.5130175, 23.0119649 ] } },
{ "type": "Feature", "properties": { "element": "node", "id": 4265752889, "amenity": "community_centre", "shop": null, "name": "Shangrila Bunglows" }, "geometry": { "type": "Point", "coordinates": [ 72.5089574, 23.0568853 ] } },
{ "type": "Feature", "properties": { "element": "node", "id": 4296010891, "amenity": null, "shop": "travel_agency", "name": "Jeet Tours & Travel" }, "geometry": { "type": "Point", "coordinates": [ 72.6001635, 23.0264342 ] } },
{ "type": "Feature", "properties": { "element": "node", "id": 4319362053, "amenity": "cafe", "shop": null, "name": "Nescafe" }, "geometry": { "type": "Point", "coordinates": [ 72.5443257, 23.0371357 ] } },
{ "type": "Feature", "properties": { "element": "node", "id": 4325329000, "amenity": null, "shop": null, "name": "hotel honey bonney" }, "geometry": { "type": "Point", "coordinates": [ 72.5578806, 23.0333487 ] } },
{ "type": "Feature", "properties": { "element": "node", "id": 4326493998, "amenity": "toilets", "shop": null, "name": null }, "geometry": { "type": "Point", "coordinates": [ 72.576047, 23.0682694 ] } },
{ "type": "Feature", "properties": { "element": "node", "id": 4326497890, "amenity": null, "shop": null, "name": "Adi jati kanya chhatralay- Hostel" }, "geometry": { "type": "Point", "coordinates": [ 72.5767927, 23.0683684 ] } },
{ "type": "Feature", "properties": { "element": "node", "id": 4326497891, "amenity": "dentist", "shop": null, "name": "My dentist" }, "geometry": { "type": "Point", "coordinates": [ 72.5611665, 23.0084916 ] } },
{ "type": "Feature", "properties": { "element": "node", "id": 4326498895, "amenity": "place_of_worship", "shop": null, "name": "Swaminarayan " }, "geometry": { "type": "Point", "coordinates": [ 72.5522649, 23.0055252 ] } },
{ "type": "Feature", "properties": { "element": "node", "id": 4326500999, "amenity": null, "shop": null, "name": "K.ka.shastri infirmation center" }, "geometry": { "type": "Point", "coordinates": [ 72.5483071, 23.0093768 ] } },
{ "type": "Feature", "properties": { "element": "node", "id": 4326501193, "amenity": "fast_food", "shop": null, "name": "TGB" }, "geometry": { "type": "Point", "coordinates": [ 72.5552881, 23.005805 ] } },
{ "type": "Feature", "properties": { "element": "node", "id": 4326504193, "amenity": "fuel", "shop": null, "name": "CNG Adani" }, "geometry": { "type": "Point", "coordinates": [ 72.5644029, 23.0135186 ] } },
{ "type": "Feature", "properties": { "element": "node", "id": 4326515689, "amenity": null, "shop": null, "name": "LIC bimanagar" }, "geometry": { "type": "Point", "coordinates": [ 72.5354261, 23.023492 ] } },
{ "type": "Feature", "properties": { "element": "node", "id": 4330126136, "amenity": "hospital", "shop": null, "name": "Amba Health Centre & Hospital" }, "geometry": { "type": "Point", "coordinates": [ 72.5753408, 23.1764265 ] } },
{ "type": "Feature", "properties": { "element": "node", "id": 4341542319, "amenity": "bank", "shop": null, "name": "State Bank of India" }, "geometry": { "type": "Point", "coordinates": [ 72.6409003, 23.0462917 ] } },
{ "type": "Feature", "properties": { "element": "node", "id": 4341555092, "amenity": "pharmacy", "shop": null, "name": "shilpa medical store" }, "geometry": { "type": "Point", "coordinates": [ 72.6371657, 23.047818 ] } },
{ "type": "Feature", "properties": { "element": "node", "id": 4358515491, "amenity": "police", "shop": null, "name": "Vatva police" }, "geometry": { "type": "Point", "coordinates": [ 72.6275, 22.9718545 ] } },
{ "type": "Feature", "properties": { "element": "node", "id": 4358515492, "amenity": "bank", "shop": null, "name": "Dena Bank" }, "geometry": { "type": "Point", "coordinates": [ 72.6273272, 22.9713508 ] } },
{ "type": "Feature", "properties": { "element": "node", "id": 4358525891, "amenity": null, "shop": "clothes", "name": "Manki children store" }, "geometry": { "type": "Point", "coordinates": [ 72.6442794, 23.0510386 ] } },
{ "type": "Feature", "properties": { "element": "node", "id": 4358560989, "amenity": null, "shop": null, "name": "Gujrat ind.dev.corporation" }, "geometry": { "type": "Point", "coordinates": [ 72.6278851, 22.9714302 ] } },
{ "type": "Feature", "properties": { "element": "node", "id": 4358561689, "amenity": null, "shop": null, "name": "GIDC office" }, "geometry": { "type": "Point", "coordinates": [ 72.6278738, 22.9714727 ] } },
{ "type": "Feature", "properties": { "element": "node", "id": 4358562490, "amenity": "bank", "shop": null, "name": "Kotak Mahindra Bank" }, "geometry": { "type": "Point", "coordinates": [ 72.5692563, 23.0384792 ] } },
{ "type": "Feature", "properties": { "element": "node", "id": 4358562689, "amenity": "fast_food", "shop": null, "name": "Domino's" }, "geometry": { "type": "Point", "coordinates": [ 72.64396, 23.051025 ] } },
{ "type": "Feature", "properties": { "element": "node", "id": 4358562690, "amenity": "fast_food", "shop": null, "name": "TGB" }, "geometry": { "type": "Point", "coordinates": [ 72.64456, 23.0510167 ] } },
{ "type": "Feature", "properties": { "element": "node", "id": 4358562889, "amenity": "fast_food", "shop": null, "name": "Spoons n straws" }, "geometry": { "type": "Point", "coordinates": [ 72.643756, 23.0512085 ] } },
{ "type": "Feature", "properties": { "element": "node", "id": 4358631802, "amenity": "fuel", "shop": null, "name": null }, "geometry": { "type": "Point", "coordinates": [ 72.6431616, 23.0579511 ] } },
{ "type": "Feature", "properties": { "element": "node", "id": 4358646485, "amenity": "fuel", "shop": null, "name": "Cng Petrol pump" }, "geometry": { "type": "Point", "coordinates": [ 72.6319464, 23.0523451 ] } },
{ "type": "Feature", "properties": { "element": "node", "id": 4368248194, "amenity": null, "shop": "supermarket", "name": "Big Bazaar" }, "geometry": { "type": "Point", "coordinates": [ 72.5975122, 23.0147236 ] } },
{ "type": "Feature", "properties": { "element": "node", "id": 4368272090, "amenity": "restaurant", "shop": null, "name": "McDonald's" }, "geometry": { "type": "Point", "coordinates": [ 72.597377, 23.0142097 ] } },
{ "type": "Feature", "properties": { "element": "node", "id": 4368863089, "amenity": null, "shop": null, "name": "Garden Paradise" }, "geometry": { "type": "Point", "coordinates": [ 72.4615643, 23.0451788 ] } },
{ "type": "Feature", "properties": { "element": "node", "id": 4369496892, "amenity": null, "shop": "furniture", "name": null }, "geometry": { "type": "Point", "coordinates": [ 72.5194989, 23.0411515 ] } },
{ "type": "Feature", "properties": { "element": "node", "id": 4369535190, "amenity": null, "shop": "furniture", "name": null }, "geometry": { "type": "Point", "coordinates": [ 72.521679, 23.043024 ] } },
{ "type": "Feature", "properties": { "element": "node", "id": 4369863491, "amenity": "restaurant", "shop": null, "name": "Subway" }, "geometry": { "type": "Point", "coordinates": [ 72.5294517, 23.0464898 ] } },
{ "type": "Feature", "properties": { "element": "node", "id": 4378619789, "amenity": null, "shop": "clothes", "name": null }, "geometry": { "type": "Point", "coordinates": [ 72.559739800000017, 23.0323274 ] } },
{ "type": "Feature", "properties": { "element": "node", "id": 4380552160, "amenity": "fast_food", "shop": null, "name": "Bhojnalaya - Unodri Bhavan" }, "geometry": { "type": "Point", "coordinates": [ 72.5730115, 23.1799492 ] } },
{ "type": "Feature", "properties": { "element": "node", "id": 4380552812, "amenity": null, "shop": null, "name": "Stop N Stay" }, "geometry": { "type": "Point", "coordinates": [ 72.5741461, 23.1800454 ] } },
{ "type": "Feature", "properties": { "element": "node", "id": 4380554999, "amenity": "social_facility", "shop": null, "name": "Nirant" }, "geometry": { "type": "Point", "coordinates": [ 72.5747496, 23.1801909 ] } },
{ "type": "Feature", "properties": { "element": "node", "id": 4401523191, "amenity": null, "shop": "optician", "name": null }, "geometry": { "type": "Point", "coordinates": [ 72.5547791, 23.0523774 ] } },
{ "type": "Feature", "properties": { "element": "node", "id": 4401532390, "amenity": "bar", "shop": null, "name": null }, "geometry": { "type": "Point", "coordinates": [ 72.5980125, 23.0020986 ] } },
{ "type": "Feature", "properties": { "element": "node", "id": 4403928290, "amenity": null, "shop": "books", "name": "my tution" }, "geometry": { "type": "Point", "coordinates": [ 72.5363549, 23.0570698 ] } },
{ "type": "Feature", "properties": { "element": "node", "id": 4403955289, "amenity": "place_of_worship", "shop": null, "name": "ambe mataa mandir" }, "geometry": { "type": "Point", "coordinates": [ 72.5365252, 23.0594376 ] } },
{ "type": "Feature", "properties": { "element": "node", "id": 4404465899, "amenity": null, "shop": "electronics", "name": "Jagdamba Sales Corporation" }, "geometry": { "type": "Point", "coordinates": [ 72.6301401, 23.0857612 ] } },
{ "type": "Feature", "properties": { "element": "node", "id": 4409061889, "amenity": "dentist", "shop": null, "name": "32 PEARLS Multispeciality Dental Clinic" }, "geometry": { "type": "Point", "coordinates": [ 72.549469, 23.057131 ] } },
{ "type": "Feature", "properties": { "element": "node", "id": 4412725295, "amenity": "fuel", "shop": null, "name": "Petrol CNG pump" }, "geometry": { "type": "Point", "coordinates": [ 72.6508243, 23.0219685 ] } },
{ "type": "Feature", "properties": { "element": "node", "id": 4415934891, "amenity": "hospital", "shop": null, "name": "vizcare hospital" }, "geometry": { "type": "Point", "coordinates": [ 72.536321700000016, 23.0997272 ] } },
{ "type": "Feature", "properties": { "element": "node", "id": 4419478098, "amenity": null, "shop": null, "name": "ghanshyam o/blok" }, "geometry": { "type": "Point", "coordinates": [ 72.554406400000019, 23.0772851 ] } },
{ "type": "Feature", "properties": { "element": "node", "id": 4422047292, "amenity": "fast_food", "shop": null, "name": "Kaka fast food" }, "geometry": { "type": "Point", "coordinates": [ 72.6748785, 23.1103852 ] } },
{ "type": "Feature", "properties": { "element": "node", "id": 4422048291, "amenity": "bank", "shop": null, "name": "HDFC bank" }, "geometry": { "type": "Point", "coordinates": [ 72.6326626, 22.9623509 ] } },
{ "type": "Feature", "properties": { "element": "node", "id": 4422082966, "amenity": "fast_food", "shop": null, "name": "Kaka ni bhajipav" }, "geometry": { "type": "Point", "coordinates": [ 72.6718897, 23.1113356 ] } },
{ "type": "Feature", "properties": { "element": "node", "id": 4422101589, "amenity": "fast_food", "shop": null, "name": "Kaka fastfood" }, "geometry": { "type": "Point", "coordinates": [ 72.6748011, 23.1104061 ] } },
{ "type": "Feature", "properties": { "element": "node", "id": 4423349191, "amenity": "pharmacy", "shop": null, "name": "Aryan's Villa💞" }, "geometry": { "type": "Point", "coordinates": [ 72.584299, 23.0882437 ] } },
{ "type": "Feature", "properties": { "element": "node", "id": 4423366689, "amenity": null, "shop": "wine", "name": "Jain Nagar" }, "geometry": { "type": "Point", "coordinates": [ 72.5844263, 23.0886047 ] } },
{ "type": "Feature", "properties": { "element": "node", "id": 4435502189, "amenity": "police", "shop": null, "name": "Odhav police station (new building)" }, "geometry": { "type": "Point", "coordinates": [ 72.6724978, 23.0259396 ] } },
{ "type": "Feature", "properties": { "element": "node", "id": 4443243189, "amenity": "blood_bank", "shop": null, "name": "Supratech Voluntary Blood Bank" }, "geometry": { "type": "Point", "coordinates": [ 72.5271143, 23.0479402 ] } },
{ "type": "Feature", "properties": { "element": "node", "id": 4444998990, "amenity": "community_centre", "shop": null, "name": "Ramanand gurukul swastik hall" }, "geometry": { "type": "Point", "coordinates": [ 72.5267206, 23.0479045 ] } },
{ "type": "Feature", "properties": { "element": "node", "id": 4444998991, "amenity": null, "shop": "supermarket", "name": "Reliance Smart" }, "geometry": { "type": "Point", "coordinates": [ 72.5265833, 23.0475825 ] } },
{ "type": "Feature", "properties": { "element": "node", "id": 4445025089, "amenity": "atm", "shop": null, "name": null }, "geometry": { "type": "Point", "coordinates": [ 72.5269346, 23.0478082 ] } },
{ "type": "Feature", "properties": { "element": "node", "id": 4445025289, "amenity": "restaurant", "shop": null, "name": "Atithi Dining Hall" }, "geometry": { "type": "Point", "coordinates": [ 72.5138086, 23.0381074 ] } },
{ "type": "Feature", "properties": { "element": "node", "id": 4445025489, "amenity": "atm", "shop": null, "name": "Bank of Baroda" }, "geometry": { "type": "Point", "coordinates": [ 72.526783, 23.0478572 ] } },
{ "type": "Feature", "properties": { "element": "node", "id": 4447208789, "amenity": null, "shop": "bakery", "name": "Amul Dairy" }, "geometry": { "type": "Point", "coordinates": [ 72.6288132, 23.0971579 ] } },
{ "type": "Feature", "properties": { "element": "node", "id": 4449189194, "amenity": "hospital", "shop": null, "name": "Sunflower Womens Endo Infertility and Hospital Pvt. Ltd." }, "geometry": { "type": "Point", "coordinates": [ 72.5412888, 23.0457576 ] } },
{ "type": "Feature", "properties": { "element": "node", "id": 4449189293, "amenity": "hospital", "shop": null, "name": "little flower" }, "geometry": { "type": "Point", "coordinates": [ 72.533033, 23.0460963 ] } },
{ "type": "Feature", "properties": { "element": "node", "id": 4449201990, "amenity": "hospital", "shop": null, "name": "May Flower Womens Hospital Pvt. Ltd." }, "geometry": { "type": "Point", "coordinates": [ 72.5419051, 23.0455774 ] } },
{ "type": "Feature", "properties": { "element": "node", "id": 4451773894, "amenity": "clinic", "shop": null, "name": "sunflower infertility clinic" }, "geometry": { "type": "Point", "coordinates": [ 72.541361, 23.0455615 ] } },
{ "type": "Feature", "properties": { "element": "node", "id": 4456641892, "amenity": "atm", "shop": null, "name": null }, "geometry": { "type": "Point", "coordinates": [ 72.5935884, 23.0142393 ] } },
{ "type": "Feature", "properties": { "element": "node", "id": 4457351094, "amenity": null, "shop": null, "name": "Divine child circle" }, "geometry": { "type": "Point", "coordinates": [ 72.5825561, 23.1221233 ] } },
{ "type": "Feature", "properties": { "element": "node", "id": 4460013790, "amenity": null, "shop": null, "name": "Jamalpur Darwaja" }, "geometry": { "type": "Point", "coordinates": [ 72.581461, 23.0124252 ] } },
{ "type": "Feature", "properties": { "element": "node", "id": 4460015489, "amenity": "bus_stop", "shop": null, "name": "Meghaninagar Char Rasta" }, "geometry": { "type": "Point", "coordinates": [ 72.61801, 23.0544365 ] } },
{ "type": "Feature", "properties": { "element": "node", "id": 4460015490, "amenity": "school", "shop": null, "name": "F D High School for Girls, Jamalpur" }, "geometry": { "type": "Point", "coordinates": [ 72.5831726, 23.0119864 ] } },
{ "type": "Feature", "properties": { "element": "node", "id": 4478346291, "amenity": null, "shop": "supermarket", "name": "DMart" }, "geometry": { "type": "Point", "coordinates": [ 72.6711806, 23.0552881 ] } },
{ "type": "Feature", "properties": { "element": "node", "id": 4478346292, "amenity": "restaurant", "shop": null, "name": "Sabri Kathiyavadi,panjabi" }, "geometry": { "type": "Point", "coordinates": [ 72.6708433, 23.0591783 ] } },
{ "type": "Feature", "properties": { "element": "node", "id": 4480996895, "amenity": null, "shop": "department_store", "name": "D Mart" }, "geometry": { "type": "Point", "coordinates": [ 72.5761383, 23.0680121 ] } },
{ "type": "Feature", "properties": { "element": "node", "id": 4480996896, "amenity": null, "shop": "department_store", "name": "Relince Digital" }, "geometry": { "type": "Point", "coordinates": [ 72.575808800000019, 23.0680414 ] } },
{ "type": "Feature", "properties": { "element": "node", "id": 4481079389, "amenity": null, "shop": "supermarket", "name": "Arved transcube Plaza" }, "geometry": { "type": "Point", "coordinates": [ 72.5760578, 23.0679571 ] } },
{ "type": "Feature", "properties": { "element": "node", "id": 4481510493, "amenity": "toilets", "shop": null, "name": null }, "geometry": { "type": "Point", "coordinates": [ 72.5162482, 23.046489 ] } },
{ "type": "Feature", "properties": { "element": "node", "id": 4481510796, "amenity": "police", "shop": null, "name": "Hanspura/Dehgam naka police station" }, "geometry": { "type": "Point", "coordinates": [ 72.686768, 23.08872 ] } },
{ "type": "Feature", "properties": { "element": "node", "id": 4481532989, "amenity": "restaurant", "shop": null, "name": "AFC Garden Restaurant" }, "geometry": { "type": "Point", "coordinates": [ 72.6050699, 23.111054 ] } },
{ "type": "Feature", "properties": { "element": "node", "id": 4482322590, "amenity": "toilets", "shop": null, "name": null }, "geometry": { "type": "Point", "coordinates": [ 72.51561, 23.0469788 ] } },
{ "type": "Feature", "properties": { "element": "node", "id": 4482323991, "amenity": null, "shop": "gas", "name": "cng" }, "geometry": { "type": "Point", "coordinates": [ 72.580366, 23.039025 ] } },
{ "type": "Feature", "properties": { "element": "node", "id": 4483242065, "amenity": "fuel", "shop": null, "name": "Petrol pump Nava Naroda" }, "geometry": { "type": "Point", "coordinates": [ 72.6678593, 23.0797088 ] } },
{ "type": "Feature", "properties": { "element": "node", "id": 4483322360, "amenity": "parking_space", "shop": null, "name": "Under ground Parking" }, "geometry": { "type": "Point", "coordinates": [ 72.5761887, 23.0681437 ] } },
{ "type": "Feature", "properties": { "element": "node", "id": 4483404102, "amenity": "restaurant", "shop": null, "name": "Kabir Restaurant" }, "geometry": { "type": "Point", "coordinates": [ 72.6690656, 23.0795581 ] } },
{ "type": "Feature", "properties": { "element": "node", "id": 4483474713, "amenity": "fuel", "shop": null, "name": "CNG Bharat petroleum" }, "geometry": { "type": "Point", "coordinates": [ 72.5781297, 23.0400891 ] } },
{ "type": "Feature", "properties": { "element": "node", "id": 4483496958, "amenity": null, "shop": "clothes", "name": "Half Ticket" }, "geometry": { "type": "Point", "coordinates": [ 72.5617091, 23.0379538 ] } },
{ "type": "Feature", "properties": { "element": "node", "id": 4483503357, "amenity": null, "shop": "shoes", "name": "Liberty Showroom" }, "geometry": { "type": "Point", "coordinates": [ 72.5610186, 23.0368527 ] } },
{ "type": "Feature", "properties": { "element": "node", "id": 4485352190, "amenity": null, "shop": "car", "name": "Maruti Suzuki NEXA" }, "geometry": { "type": "Point", "coordinates": [ 72.503458, 23.0122697 ] } },
{ "type": "Feature", "properties": { "element": "node", "id": 4485384993, "amenity": null, "shop": null, "name": "Sola" }, "geometry": { "type": "Point", "coordinates": [ 72.5435085, 23.057541 ] } },
{ "type": "Feature", "properties": { "element": "node", "id": 4486247796, "amenity": null, "shop": "clothes", "name": "Half ticket" }, "geometry": { "type": "Point", "coordinates": [ 72.5601493, 23.0337539 ] } },
{ "type": "Feature", "properties": { "element": "node", "id": 4486254292, "amenity": null, "shop": null, "name": "Bhavsar Hostel" }, "geometry": { "type": "Point", "coordinates": [ 72.568993, 23.06745 ] } },
{ "type": "Feature", "properties": { "element": "node", "id": 4486254293, "amenity": null, "shop": null, "name": "Samarpan Paltry Plots" }, "geometry": { "type": "Point", "coordinates": [ 72.5138775, 23.0279896 ] } },
{ "type": "Feature", "properties": { "element": "node", "id": 4486356038, "amenity": "place_of_worship", "shop": null, "name": "Koteshwar Mahadev Temple / Mandir" }, "geometry": { "type": "Point", "coordinates": [ 72.6119846, 23.0945918 ] } },
{ "type": "Feature", "properties": { "element": "node", "id": 4486373609, "amenity": "college", "shop": null, "name": "SN Collage" }, "geometry": { "type": "Point", "coordinates": [ 72.5148851, 23.0283544 ] } },
{ "type": "Feature", "properties": { "element": "node", "id": 4486373635, "amenity": "school", "shop": null, "name": "SN School" }, "geometry": { "type": "Point", "coordinates": [ 72.514922, 23.0281673 ] } },
{ "type": "Feature", "properties": { "element": "node", "id": 4486515168, "amenity": "place_of_worship", "shop": null, "name": "Gurukul" }, "geometry": { "type": "Point", "coordinates": [ 72.5268056, 23.0457058 ] } },
{ "type": "Feature", "properties": { "element": "node", "id": 4486542598, "amenity": null, "shop": null, "name": "Zoolta Minara" }, "geometry": { "type": "Point", "coordinates": [ 72.6010094, 23.0279863 ] } },
{ "type": "Feature", "properties": { "element": "node", "id": 4486700549, "amenity": "university", "shop": null, "name": "Gujrat Vidhyapeeth" }, "geometry": { "type": "Point", "coordinates": [ 72.5692947, 23.0441852 ] } },
{ "type": "Feature", "properties": { "element": "node", "id": 4486861230, "amenity": "place_of_worship", "shop": null, "name": "Shah E Alam Roza" }, "geometry": { "type": "Point", "coordinates": [ 72.5895788, 22.9940973 ] } },
{ "type": "Feature", "properties": { "element": "node", "id": 4487897592, "amenity": null, "shop": null, "name": "Bhadaj" }, "geometry": { "type": "Point", "coordinates": [ 72.4657337, 23.096244 ] } },
{ "type": "Feature", "properties": { "element": "node", "id": 4487915190, "amenity": "place_of_worship", "shop": null, "name": "Jama Masjid" }, "geometry": { "type": "Point", "coordinates": [ 72.5054614, 22.9933887 ] } },
{ "type": "Feature", "properties": { "element": "node", "id": 4487915191, "amenity": null, "shop": null, "name": "science city road" }, "geometry": { "type": "Point", "coordinates": [ 72.4983109, 23.0809988 ] } },
{ "type": "Feature", "properties": { "element": "node", "id": 4488013675, "amenity": "post_office", "shop": null, "name": "Asarwa civil post office" }, "geometry": { "type": "Point", "coordinates": [ 72.6072412, 23.0500117 ] } },
{ "type": "Feature", "properties": { "element": "node", "id": 4488014610, "amenity": "hospital", "shop": null, "name": "Kidny hospital , asarwa" }, "geometry": { "type": "Point", "coordinates": [ 72.6074852, 23.0494133 ] } },
{ "type": "Feature", "properties": { "element": "node", "id": 4488016247, "amenity": "hospital", "shop": null, "name": "Gujarat Institute Of Nursing Education And Research , Asarwa ,Ahemedabad" }, "geometry": { "type": "Point", "coordinates": [ 72.6071588, 23.0496453 ] } },
{ "type": "Feature", "properties": { "element": "node", "id": 4488020552, "amenity": "hospital", "shop": null, "name": "Government Dental College and Hospital" }, "geometry": { "type": "Point", "coordinates": [ 72.604565, 23.0499136 ] } },
{ "type": "Feature", "properties": { "element": "node", "id": 4488020553, "amenity": "college", "shop": null, "name": "Government Dental College ,Ahemedabad" }, "geometry": { "type": "Point", "coordinates": [ 72.6043173, 23.0497247 ] } },
{ "type": "Feature", "properties": { "element": "node", "id": 4488021754, "amenity": "college", "shop": null, "name": "BJ Medical College ,Haripura -Asarwa" }, "geometry": { "type": "Point", "coordinates": [ 72.6027712, 23.0524472 ] } },
{ "type": "Feature", "properties": { "element": "node", "id": 4488026579, "amenity": "toilets", "shop": null, "name": null }, "geometry": { "type": "Point", "coordinates": [ 72.6619111, 22.9700995 ] } },
{ "type": "Feature", "properties": { "element": "node", "id": 4488096936, "amenity": "place_of_worship", "shop": null, "name": "Sai baba" }, "geometry": { "type": "Point", "coordinates": [ 72.6500054, 23.0887798 ] } },
{ "type": "Feature", "properties": { "element": "node", "id": 4488098031, "amenity": "place_of_worship", "shop": null, "name": "Sant nirankari Ashram" }, "geometry": { "type": "Point", "coordinates": [ 72.6479573, 23.0868773 ] } },
{ "type": "Feature", "properties": { "element": "node", "id": 4488099093, "amenity": null, "shop": null, "name": "Picnic Party Plot" }, "geometry": { "type": "Point", "coordinates": [ 72.6489696, 23.0855359 ] } },
{ "type": "Feature", "properties": { "element": "node", "id": 4488103325, "amenity": "cinema", "shop": null, "name": "Maya CINEMA -CLOSED" }, "geometry": { "type": "Point", "coordinates": [ 72.6415185, 23.0810593 ] } },
{ "type": "Feature", "properties": { "element": "node", "id": 4488137621, "amenity": null, "shop": "supermarket", "name": "Mahlaxmi papad" }, "geometry": { "type": "Point", "coordinates": [ 72.6416185, 23.0739761 ] } },
{ "type": "Feature", "properties": { "element": "node", "id": 4488137627, "amenity": null, "shop": "supermarket", "name": "Kubernagar Main market - sindhi market" }, "geometry": { "type": "Point", "coordinates": [ 72.6414355, 23.0731757 ] } },
{ "type": "Feature", "properties": { "element": "node", "id": 4488285392, "amenity": "place_of_worship", "shop": null, "name": "Changodar" }, "geometry": { "type": "Point", "coordinates": [ 72.4567127, 22.9402206 ] } },
{ "type": "Feature", "properties": { "element": "node", "id": 4488303682, "amenity": "place_of_worship", "shop": null, "name": "Lambha Mandir" }, "geometry": { "type": "Point", "coordinates": [ 72.5798073, 22.9413497 ] } },
{ "type": "Feature", "properties": { "element": "node", "id": 4488549715, "amenity": "place_of_worship", "shop": null, "name": "Bhadra Kali Temple" }, "geometry": { "type": "Point", "coordinates": [ 72.5814992, 23.0239807 ] } },
{ "type": "Feature", "properties": { "element": "node", "id": 4488578189, "amenity": null, "shop": "car", "name": "Tata Mootrs" }, "geometry": { "type": "Point", "coordinates": [ 72.5366121, 22.9923265 ] } },
{ "type": "Feature", "properties": { "element": "node", "id": 4492330390, "amenity": "hospital", "shop": null, "name": "Vani Hospital & IVF center" }, "geometry": { "type": "Point", "coordinates": [ 72.6157541, 22.99465 ] } },
{ "type": "Feature", "properties": { "element": "node", "id": 4503634038, "amenity": null, "shop": null, "name": "Two-wheeler , Three-wheeler  and cattle  are forbidden on the expressway NE-1" }, "geometry": { "type": "Point", "coordinates": [ 72.6291774, 22.9882569 ] } },
{ "type": "Feature", "properties": { "element": "node", "id": 4510519793, "amenity": "restaurant", "shop": null, "name": "arbi" }, "geometry": { "type": "Point", "coordinates": [ 72.600163, 23.030136 ] } },
{ "type": "Feature", "properties": { "element": "node", "id": 4514853390, "amenity": "hospital", "shop": null, "name": "Vani IVF Center" }, "geometry": { "type": "Point", "coordinates": [ 72.615422, 22.994662 ] } },
{ "type": "Feature", "properties": { "element": "node", "id": 4518445195, "amenity": "pharmacy", "shop": null, "name": "West Cost pharma" }, "geometry": { "type": "Point", "coordinates": [ 72.536757, 23.087526 ] } },
{ "type": "Feature", "properties": { "element": "node", "id": 4533964898, "amenity": "community_centre", "shop": null, "name": "Raghunath Party Plot" }, "geometry": { "type": "Point", "coordinates": [ 72.5065027, 23.0407768 ] } },
{ "type": "Feature", "properties": { "element": "node", "id": 4534001092, "amenity": "school", "shop": null, "name": "GCS Medical college" }, "geometry": { "type": "Point", "coordinates": [ 72.611136, 23.038409 ] } },
{ "type": "Feature", "properties": { "element": "node", "id": 4534049990, "amenity": "restaurant", "shop": null, "name": "Cooking Culture" }, "geometry": { "type": "Point", "coordinates": [ 72.5065, 23.035392 ] } },
{ "type": "Feature", "properties": { "element": "node", "id": 4541103918, "amenity": null, "shop": null, "name": null }, "geometry": { "type": "Point", "coordinates": [ 72.4929864, 23.1010765 ] } },
{ "type": "Feature", "properties": { "element": "node", "id": 4547563289, "amenity": "hospital", "shop": null, "name": null }, "geometry": { "type": "Point", "coordinates": [ 72.657885, 23.044384 ] } },
{ "type": "Feature", "properties": { "element": "node", "id": 4550378192, "amenity": null, "shop": null, "name": "Prl thaltz hostel" }, "geometry": { "type": "Point", "coordinates": [ 72.4929192, 23.0435976 ] } },
{ "type": "Feature", "properties": { "element": "node", "id": 4554856096, "amenity": "post_office", "shop": null, "name": "Saijpur post office" }, "geometry": { "type": "Point", "coordinates": [ 72.6375916, 23.0592677 ] } },
{ "type": "Feature", "properties": { "element": "node", "id": 4558050590, "amenity": null, "shop": null, "name": "Physical Research Laboratory" }, "geometry": { "type": "Point", "coordinates": [ 72.494603500000011, 23.0443457 ] } },
{ "type": "Feature", "properties": { "element": "node", "id": 4572530872, "amenity": "place_of_worship", "shop": null, "name": null }, "geometry": { "type": "Point", "coordinates": [ 72.5386698, 23.0072825 ] } },
{ "type": "Feature", "properties": { "element": "node", "id": 4572721089, "amenity": "school", "shop": null, "name": null }, "geometry": { "type": "Point", "coordinates": [ 72.4669988, 23.0357335 ] } },
{ "type": "Feature", "properties": { "element": "node", "id": 4572892513, "amenity": "hospital", "shop": null, "name": "Aalisha Clinic" }, "geometry": { "type": "Point", "coordinates": [ 72.5638235, 23.0858856 ] } },
{ "type": "Feature", "properties": { "element": "node", "id": 4572893586, "amenity": "hospital", "shop": null, "name": "BalMukund Hospital" }, "geometry": { "type": "Point", "coordinates": [ 72.559284100000013, 23.0932069 ] } },
{ "type": "Feature", "properties": { "element": "node", "id": 4575485689, "amenity": "car_wash", "shop": null, "name": "South Bopal" }, "geometry": { "type": "Point", "coordinates": [ 72.4747707, 23.021803 ] } },
{ "type": "Feature", "properties": { "element": "node", "id": 4578929190, "amenity": null, "shop": "clothes", "name": "readymadepocket" }, "geometry": { "type": "Point", "coordinates": [ 72.5880275, 23.0277198 ] } },
{ "type": "Feature", "properties": { "element": "node", "id": 4585303031, "amenity": "fountain", "shop": null, "name": "Park" }, "geometry": { "type": "Point", "coordinates": [ 72.4703764, 23.0979166 ] } },
{ "type": "Feature", "properties": { "element": "node", "id": 4585303036, "amenity": "place_of_worship", "shop": null, "name": "Chandlodiya Temple" }, "geometry": { "type": "Point", "coordinates": [ 72.5530656, 23.0838579 ] } },
{ "type": "Feature", "properties": { "element": "node", "id": 4585303199, "amenity": null, "shop": null, "name": "Temple" }, "geometry": { "type": "Point", "coordinates": [ 72.4703276, 23.0969675 ] } },
{ "type": "Feature", "properties": { "element": "node", "id": 4585303203, "amenity": "hospital", "shop": null, "name": "S G Hospital Chandlodiya" }, "geometry": { "type": "Point", "coordinates": [ 72.5512244, 23.0848906 ] } },
{ "type": "Feature", "properties": { "element": "node", "id": 4585303324, "amenity": "place_of_worship", "shop": null, "name": "Radha Madhav temple bhadaj" }, "geometry": { "type": "Point", "coordinates": [ 72.469948, 23.0983628 ] } },
{ "type": "Feature", "properties": { "element": "node", "id": 4585364197, "amenity": "restaurant", "shop": null, "name": "HANDI HOTEL" }, "geometry": { "type": "Point", "coordinates": [ 72.5827993, 23.0659846 ] } },
{ "type": "Feature", "properties": { "element": "node", "id": 4593849590, "amenity": null, "shop": "books", "name": "HARSHAL PUBLICATION" }, "geometry": { "type": "Point", "coordinates": [ 72.5718995, 23.0228851 ] } },
{ "type": "Feature", "properties": { "element": "node", "id": 4595604995, "amenity": "restaurant", "shop": null, "name": "Little Italy" }, "geometry": { "type": "Point", "coordinates": [ 72.5082222, 23.0324134 ] } },
{ "type": "Feature", "properties": { "element": "node", "id": 4596614390, "amenity": null, "shop": "beverages", "name": null }, "geometry": { "type": "Point", "coordinates": [ 72.607567, 22.9947074 ] } },
{ "type": "Feature", "properties": { "element": "node", "id": 4625635508, "amenity": "fountain", "shop": null, "name": "Jethabhai Parmar Garden Fountain" }, "geometry": { "type": "Point", "coordinates": [ 72.600946, 23.0491143 ] } },
{ "type": "Feature", "properties": { "element": "node", "id": 4629857148, "amenity": "school", "shop": null, "name": "Satva Vikas School" }, "geometry": { "type": "Point", "coordinates": [ 72.4959141, 23.0415757 ] } },
{ "type": "Feature", "properties": { "element": "node", "id": 4633783690, "amenity": "restaurant", "shop": null, "name": "Tandoorworkz" }, "geometry": { "type": "Point", "coordinates": [ 72.5580704, 23.019995699999988 ] } },
{ "type": "Feature", "properties": { "element": "node", "id": 4633783889, "amenity": "atm", "shop": null, "name": "State Bank Of India" }, "geometry": { "type": "Point", "coordinates": [ 72.5429261, 23.0353395 ] } },
{ "type": "Feature", "properties": { "element": "node", "id": 4636987361, "amenity": null, "shop": null, "name": null }, "geometry": { "type": "Point", "coordinates": [ 72.6280301, 22.9831433 ] } },
{ "type": "Feature", "properties": { "element": "node", "id": 4636987374, "amenity": "restaurant", "shop": null, "name": "Annapurna" }, "geometry": { "type": "Point", "coordinates": [ 72.6317943, 22.9818481 ] } },
{ "type": "Feature", "properties": { "element": "node", "id": 4637012137, "amenity": "restaurant", "shop": null, "name": "Gayatri" }, "geometry": { "type": "Point", "coordinates": [ 72.6319432, 22.9811933 ] } },
{ "type": "Feature", "properties": { "element": "node", "id": 4637012138, "amenity": "restaurant", "shop": null, "name": "Royal Pride" }, "geometry": { "type": "Point", "coordinates": [ 72.6329291, 22.9815706 ] } },
{ "type": "Feature", "properties": { "element": "node", "id": 4637012145, "amenity": "place_of_worship", "shop": null, "name": "Mahadev Temple" }, "geometry": { "type": "Point", "coordinates": [ 72.6321146, 22.9853608 ] } },
{ "type": "Feature", "properties": { "element": "node", "id": 4637012146, "amenity": "place_of_worship", "shop": null, "name": "Chamunda Mata Temple" }, "geometry": { "type": "Point", "coordinates": [ 72.6310124, 22.9861602 ] } },
{ "type": "Feature", "properties": { "element": "node", "id": 4637012147, "amenity": "place_of_worship", "shop": null, "name": "Saibaba Temple" }, "geometry": { "type": "Point", "coordinates": [ 72.6300604, 22.9866323 ] } },
{ "type": "Feature", "properties": { "element": "node", "id": 4637029925, "amenity": null, "shop": null, "name": "Butterfly Park" }, "geometry": { "type": "Point", "coordinates": [ 72.5985306, 23.0042377 ] } },
{ "type": "Feature", "properties": { "element": "node", "id": 4637095783, "amenity": "place_of_worship", "shop": null, "name": "Mahadev Temple" }, "geometry": { "type": "Point", "coordinates": [ 72.6248105, 22.9831015 ] } },
{ "type": "Feature", "properties": { "element": "node", "id": 4637095971, "amenity": "place_of_worship", "shop": null, "name": "Temple" }, "geometry": { "type": "Point", "coordinates": [ 72.6295687, 22.9849403 ] } },
{ "type": "Feature", "properties": { "element": "node", "id": 4646885289, "amenity": "police", "shop": null, "name": "Gujarat university police station" }, "geometry": { "type": "Point", "coordinates": [ 72.5405988, 23.0347446 ] } },
{ "type": "Feature", "properties": { "element": "node", "id": 4650625621, "amenity": "hospital", "shop": null, "name": "Planet Women Fertility and Counseling" }, "geometry": { "type": "Point", "coordinates": [ 72.5434079, 23.0249306 ] } },
{ "type": "Feature", "properties": { "element": "node", "id": 4671479591, "amenity": null, "shop": null, "name": "Ashapura Industrial Estate" }, "geometry": { "type": "Point", "coordinates": [ 72.6513756, 22.968738 ] } },
{ "type": "Feature", "properties": { "element": "node", "id": 4671479592, "amenity": null, "shop": null, "name": "Evergreen Hotel" }, "geometry": { "type": "Point", "coordinates": [ 72.5865341, 22.9742764 ] } },
{ "type": "Feature", "properties": { "element": "node", "id": 4671537490, "amenity": null, "shop": null, "name": "Shree hari fiber product p ltd" }, "geometry": { "type": "Point", "coordinates": [ 72.6821044, 23.0288903 ] } },
{ "type": "Feature", "properties": { "element": "node", "id": 4672030298, "amenity": "restaurant", "shop": null, "name": null }, "geometry": { "type": "Point", "coordinates": [ 72.5807241, 23.0687153 ] } },
{ "type": "Feature", "properties": { "element": "node", "id": 4674318998, "amenity": null, "shop": null, "name": "Mottotech industries" }, "geometry": { "type": "Point", "coordinates": [ 72.6513022, 22.9686617 ] } },
{ "type": "Feature", "properties": { "element": "node", "id": 4674327794, "amenity": null, "shop": null, "name": "Swastic Center" }, "geometry": { "type": "Point", "coordinates": [ 72.5885636, 22.9718583 ] } },
{ "type": "Feature", "properties": { "element": "node", "id": 4674327795, "amenity": null, "shop": null, "name": "Anupam estate" }, "geometry": { "type": "Point", "coordinates": [ 72.6351968, 23.0155534 ] } },
{ "type": "Feature", "properties": { "element": "node", "id": 4676023589, "amenity": null, "shop": "electronics", "name": "Payload Electronics Lab, Physical Research Laboratory" }, "geometry": { "type": "Point", "coordinates": [ 72.4954264, 23.0442577 ] } },
{ "type": "Feature", "properties": { "element": "node", "id": 4676349566, "amenity": null, "shop": null, "name": "Fox Mandal" }, "geometry": { "type": "Point", "coordinates": [ 72.5037251, 23.0121532 ] } },
{ "type": "Feature", "properties": { "element": "node", "id": 4676354977, "amenity": "courthouse", "shop": null, "name": "National Company Law Tribunal (NCLT) Ahmedabad Bench" }, "geometry": { "type": "Point", "coordinates": [ 72.5167339, 23.0550088 ] } },
{ "type": "Feature", "properties": { "element": "node", "id": 4685354589, "amenity": "fast_food", "shop": null, "name": "nilam snacks" }, "geometry": { "type": "Point", "coordinates": [ 72.5398877, 23.0550362 ] } },
{ "type": "Feature", "properties": { "element": "node", "id": 4692191289, "amenity": null, "shop": "books", "name": "Art book center specialist in books on indian culture" }, "geometry": { "type": "Point", "coordinates": [ 72.5686718, 23.0216194 ] } },
{ "type": "Feature", "properties": { "element": "node", "id": 4695589389, "amenity": null, "shop": "furniture", "name": "c point furniture" }, "geometry": { "type": "Point", "coordinates": [ 72.6634833, 23.0507889 ] } },
{ "type": "Feature", "properties": { "element": "node", "id": 4703607889, "amenity": null, "shop": "mobile_phone", "name": null }, "geometry": { "type": "Point", "coordinates": [ 72.5710114, 23.0216703 ] } },
{ "type": "Feature", "properties": { "element": "node", "id": 4704651212, "amenity": "fast_food", "shop": null, "name": "Tan-man bhaji pav" }, "geometry": { "type": "Point", "coordinates": [ 72.6638136, 23.0071778 ] } },
{ "type": "Feature", "properties": { "element": "node", "id": 4704669693, "amenity": "school", "shop": null, "name": "VIVEKANAND VIDYALAYA" }, "geometry": { "type": "Point", "coordinates": [ 72.6362813, 23.0094986 ] } },
{ "type": "Feature", "properties": { "element": "node", "id": 4706269890, "amenity": null, "shop": null, "name": "Western Railway DRM OFFICE" }, "geometry": { "type": "Point", "coordinates": [ 72.6090385, 23.0394877 ] } },
{ "type": "Feature", "properties": { "element": "node", "id": 4709907894, "amenity": "place_of_worship", "shop": null, "name": "Shree Swaminarayan Vishranti Bhuvan (Under Bhuj)" }, "geometry": { "type": "Point", "coordinates": [ 72.6299612, 23.1096913 ] } },
{ "type": "Feature", "properties": { "element": "node", "id": 4715930893, "amenity": "bank", "shop": null, "name": null }, "geometry": { "type": "Point", "coordinates": [ 72.5539414, 23.072579 ] } },
{ "type": "Feature", "properties": { "element": "node", "id": 4718568167, "amenity": "ice_cream", "shop": null, "name": "Havmor Ice Creams" }, "geometry": { "type": "Point", "coordinates": [ 72.4756688, 23.0174138 ] } },
{ "type": "Feature", "properties": { "element": "node", "id": 4718583250, "amenity": "restaurant", "shop": null, "name": "Upper Crest" }, "geometry": { "type": "Point", "coordinates": [ 72.4703195, 23.0168753 ] } },
{ "type": "Feature", "properties": { "element": "node", "id": 4718596493, "amenity": null, "shop": "shoes", "name": "Bata" }, "geometry": { "type": "Point", "coordinates": [ 72.4755677, 23.0174711 ] } },
{ "type": "Feature", "properties": { "element": "node", "id": 4718600962, "amenity": "atm", "shop": null, "name": "ICICI Bank" }, "geometry": { "type": "Point", "coordinates": [ 72.4754529, 23.0176502 ] } },
{ "type": "Feature", "properties": { "element": "node", "id": 4718603128, "amenity": "atm", "shop": null, "name": "HDFC Bank" }, "geometry": { "type": "Point", "coordinates": [ 72.4758126, 23.0172484 ] } },
{ "type": "Feature", "properties": { "element": "node", "id": 4718608363, "amenity": "atm", "shop": null, "name": "Axis Bank" }, "geometry": { "type": "Point", "coordinates": [ 72.4760216, 23.017059 ] } },
{ "type": "Feature", "properties": { "element": "node", "id": 4738144322, "amenity": null, "shop": null, "name": "Lalbhai Dalpatbhai Museum" }, "geometry": { "type": "Point", "coordinates": [ 72.5498983, 23.0331715 ] } },
{ "type": "Feature", "properties": { "element": "node", "id": 4738181422, "amenity": null, "shop": null, "name": "NC Mehta Gallery" }, "geometry": { "type": "Point", "coordinates": [ 72.5498679, 23.0332721 ] } },
{ "type": "Feature", "properties": { "element": "node", "id": 4746799624, "amenity": "hospital", "shop": null, "name": "Excel Eye Care" }, "geometry": { "type": "Point", "coordinates": [ 72.5287891, 23.0300762 ] } },
{ "type": "Feature", "properties": { "element": "node", "id": 4762313976, "amenity": "atm", "shop": null, "name": null }, "geometry": { "type": "Point", "coordinates": [ 72.5251753, 23.0257545 ] } },
{ "type": "Feature", "properties": { "element": "node", "id": 4762313978, "amenity": null, "shop": "travel_agency", "name": "Mahasagar travels ltd" }, "geometry": { "type": "Point", "coordinates": [ 72.5252741, 23.0256216 ] } },
{ "type": "Feature", "properties": { "element": "node", "id": 4762427250, "amenity": null, "shop": "travel_agency", "name": "Neeta travels" }, "geometry": { "type": "Point", "coordinates": [ 72.5253435, 23.0257415 ] } },
{ "type": "Feature", "properties": { "element": "node", "id": 4762427252, "amenity": null, "shop": "travel_agency", "name": "Ramani travels" }, "geometry": { "type": "Point", "coordinates": [ 72.5253774, 23.026132 ] } },
{ "type": "Feature", "properties": { "element": "node", "id": 4772153721, "amenity": null, "shop": "travel_agency", "name": "Gujarat travels" }, "geometry": { "type": "Point", "coordinates": [ 72.525623900000014, 23.0261084 ] } },
{ "type": "Feature", "properties": { "element": "node", "id": 4794228821, "amenity": "hospital", "shop": null, "name": "Shivam X-ray & Sonography clinic" }, "geometry": { "type": "Point", "coordinates": [ 72.5700771, 23.0576222 ] } },
{ "type": "Feature", "properties": { "element": "node", "id": 4794246524, "amenity": "place_of_worship", "shop": null, "name": "Sarveshwar Mahadev Temple" }, "geometry": { "type": "Point", "coordinates": [ 72.5784767, 23.0748674 ] } },
{ "type": "Feature", "properties": { "element": "node", "id": 4794246526, "amenity": null, "shop": "supermarket", "name": "D Mart" }, "geometry": { "type": "Point", "coordinates": [ 72.575944600000014, 23.0681594 ] } },
{ "type": "Feature", "properties": { "element": "node", "id": 4794246528, "amenity": "bank", "shop": null, "name": "State Bank of India" }, "geometry": { "type": "Point", "coordinates": [ 72.5744422, 23.0804261 ] } },
{ "type": "Feature", "properties": { "element": "node", "id": 4794246529, "amenity": null, "shop": "greengrocer", "name": "Ranip Vegetable market" }, "geometry": { "type": "Point", "coordinates": [ 72.574545, 23.0796845 ] } },
{ "type": "Feature", "properties": { "element": "node", "id": 4794246530, "amenity": "police", "shop": null, "name": "Maganpura Police Chowki" }, "geometry": { "type": "Point", "coordinates": [ 72.5785719, 23.0805194 ] } },
{ "type": "Feature", "properties": { "element": "node", "id": 4794252821, "amenity": "place_of_worship", "shop": null, "name": "Khodiyar Temple" }, "geometry": { "type": "Point", "coordinates": [ 72.5776658, 23.0765706 ] } },
{ "type": "Feature", "properties": { "element": "node", "id": 4794252822, "amenity": "atm", "shop": null, "name": null }, "geometry": { "type": "Point", "coordinates": [ 72.5768807, 23.0708588 ] } },
{ "type": "Feature", "properties": { "element": "node", "id": 4794252823, "amenity": "atm", "shop": null, "name": null }, "geometry": { "type": "Point", "coordinates": [ 72.576858, 23.0707904 ] } },
{ "type": "Feature", "properties": { "element": "node", "id": 4794252824, "amenity": "theatre", "shop": null, "name": "PVR Cinemas" }, "geometry": { "type": "Point", "coordinates": [ 72.5760108, 23.068497 ] } },
{ "type": "Feature", "properties": { "element": "node", "id": 4794252825, "amenity": "atm", "shop": null, "name": null }, "geometry": { "type": "Point", "coordinates": [ 72.5709062, 23.0794785 ] } },
{ "type": "Feature", "properties": { "element": "node", "id": 4794252826, "amenity": "atm", "shop": null, "name": null }, "geometry": { "type": "Point", "coordinates": [ 72.5687465, 23.0798606 ] } },
{ "type": "Feature", "properties": { "element": "node", "id": 4794252827, "amenity": "atm", "shop": null, "name": null }, "geometry": { "type": "Point", "coordinates": [ 72.5675918, 23.0721014 ] } },
{ "type": "Feature", "properties": { "element": "node", "id": 4794252828, "amenity": "atm", "shop": null, "name": null }, "geometry": { "type": "Point", "coordinates": [ 72.5782479, 23.0786893 ] } },
{ "type": "Feature", "properties": { "element": "node", "id": 4794253021, "amenity": "atm", "shop": null, "name": null }, "geometry": { "type": "Point", "coordinates": [ 72.5670756, 23.07632 ] } },
{ "type": "Feature", "properties": { "element": "node", "id": 4794253022, "amenity": "atm", "shop": null, "name": null }, "geometry": { "type": "Point", "coordinates": [ 72.5725289, 23.0677939 ] } },
{ "type": "Feature", "properties": { "element": "node", "id": 4797415996, "amenity": null, "shop": "yes", "name": "havmor" }, "geometry": { "type": "Point", "coordinates": [ 72.5486106, 23.0422888 ] } },
{ "type": "Feature", "properties": { "element": "node", "id": 4797415998, "amenity": "fast_food", "shop": null, "name": "Subway" }, "geometry": { "type": "Point", "coordinates": [ 72.549183, 23.0422816 ] } },
{ "type": "Feature", "properties": { "element": "node", "id": 4797416004, "amenity": "cafe", "shop": null, "name": "Fullfills Ahmedabad" }, "geometry": { "type": "Point", "coordinates": [ 72.5486687, 23.042429 ] } },
{ "type": "Feature", "properties": { "element": "node", "id": 4797416005, "amenity": "cafe", "shop": null, "name": "quinches" }, "geometry": { "type": "Point", "coordinates": [ 72.5490709, 23.0416337 ] } },
{ "type": "Feature", "properties": { "element": "node", "id": 4797416006, "amenity": "cafe", "shop": null, "name": "uno pizza" }, "geometry": { "type": "Point", "coordinates": [ 72.5492178, 23.042389 ] } },
{ "type": "Feature", "properties": { "element": "node", "id": 4797416007, "amenity": null, "shop": "yes", "name": "tea stall" }, "geometry": { "type": "Point", "coordinates": [ 72.5486687, 23.042429 ] } },
{ "type": "Feature", "properties": { "element": "node", "id": 4849138125, "amenity": null, "shop": null, "name": null }, "geometry": { "type": "Point", "coordinates": [ 72.5503603, 23.037011 ] } },
{ "type": "Feature", "properties": { "element": "node", "id": 4891804983, "amenity": "fuel", "shop": null, "name": "Bharat Petroleum" }, "geometry": { "type": "Point", "coordinates": [ 72.5234735, 23.076537 ] } },
{ "type": "Feature", "properties": { "element": "node", "id": 4907922528, "amenity": null, "shop": null, "name": "Mini kankriya" }, "geometry": { "type": "Point", "coordinates": [ 72.6577557, 23.0759227 ] } },
{ "type": "Feature", "properties": { "element": "node", "id": 4977760822, "amenity": "community_centre", "shop": null, "name": "Vasavda Community Centre" }, "geometry": { "type": "Point", "coordinates": [ 72.6193457, 22.9998912 ] } },
{ "type": "Feature", "properties": { "element": "node", "id": 4977778522, "amenity": "hospital", "shop": null, "name": "ESIS HOSPITAL" }, "geometry": { "type": "Point", "coordinates": [ 72.6166652, 22.9991685 ] } },
{ "type": "Feature", "properties": { "element": "node", "id": 4977793222, "amenity": "hospital", "shop": null, "name": "Rukshmani Hospital" }, "geometry": { "type": "Point", "coordinates": [ 72.6193052, 22.9992751 ] } },
{ "type": "Feature", "properties": { "element": "node", "id": 5029238552, "amenity": null, "shop": "bakery", "name": "TGB" }, "geometry": { "type": "Point", "coordinates": [ 72.5549838, 23.0399675 ] } },
{ "type": "Feature", "properties": { "element": "node", "id": 5029238558, "amenity": "cafe", "shop": null, "name": "The Cafe Baraco" }, "geometry": { "type": "Point", "coordinates": [ 72.5505062, 23.0444534 ] } },
{ "type": "Feature", "properties": { "element": "node", "id": 5063537925, "amenity": null, "shop": null, "name": "TatvaSoft" }, "geometry": { "type": "Point", "coordinates": [ 72.5004217, 23.0351369 ] } },
{ "type": "Feature", "properties": { "element": "node", "id": 5065508094, "amenity": null, "shop": null, "name": "Talavadi Circle" }, "geometry": { "type": "Point", "coordinates": [ 72.6163635, 23.0815908 ] } },
{ "type": "Feature", "properties": { "element": "node", "id": 5065508095, "amenity": "place_of_worship", "shop": null, "name": "Om shanti" }, "geometry": { "type": "Point", "coordinates": [ 72.6192277, 23.0873143 ] } },
{ "type": "Feature", "properties": { "element": "node", "id": 5112859247, "amenity": "grave_yard", "shop": null, "name": "Dutch and Armenian Tombs" }, "geometry": { "type": "Point", "coordinates": [ 72.5975871, 23.0057035 ] } },
{ "type": "Feature", "properties": { "element": "node", "id": 5119000602, "amenity": null, "shop": null, "name": "EVENT GROUND" }, "geometry": { "type": "Point", "coordinates": [ 72.5733412, 23.0160978 ] } },
{ "type": "Feature", "properties": { "element": "node", "id": 5136979522, "amenity": null, "shop": "clothes", "name": "readymadepocket" }, "geometry": { "type": "Point", "coordinates": [ 72.5880236, 23.0277361 ] } },
{ "type": "Feature", "properties": { "element": "node", "id": 5140818187, "amenity": "fast_food", "shop": null, "name": "Iscon Ghantiya" }, "geometry": { "type": "Point", "coordinates": [ 72.5276503, 23.0398379 ] } },
{ "type": "Feature", "properties": { "element": "node", "id": 5141463316, "amenity": "place_of_worship", "shop": null, "name": "Kalpyan Pushti Haveli" }, "geometry": { "type": "Point", "coordinates": [ 72.5306552, 23.0384308 ] } },
{ "type": "Feature", "properties": { "element": "node", "id": 5141463317, "amenity": null, "shop": "supermarket", "name": "Vijay Sales" }, "geometry": { "type": "Point", "coordinates": [ 72.5299101, 23.045838 ] } },
{ "type": "Feature", "properties": { "element": "node", "id": 5141463318, "amenity": null, "shop": "hairdresser", "name": "Shades of Black Spalon" }, "geometry": { "type": "Point", "coordinates": [ 72.5297042, 23.0440516 ] } },
{ "type": "Feature", "properties": { "element": "node", "id": 5164984215, "amenity": null, "shop": null, "name": "H1 Boys hostel" }, "geometry": { "type": "Point", "coordinates": [ 72.5448028, 23.1266251 ] } },
{ "type": "Feature", "properties": { "element": "node", "id": 5164984218, "amenity": "food_court", "shop": null, "name": "Management Mess" }, "geometry": { "type": "Point", "coordinates": [ 72.5456021, 23.1270148 ] } },
{ "type": "Feature", "properties": { "element": "node", "id": 5164984219, "amenity": null, "shop": null, "name": "Nirma University Gym" }, "geometry": { "type": "Point", "coordinates": [ 72.5458113, 23.1267632 ] } },
{ "type": "Feature", "properties": { "element": "node", "id": 5164984325, "amenity": "food_court", "shop": null, "name": "F1 Pharma Canteen" }, "geometry": { "type": "Point", "coordinates": [ 72.5473147, 23.1283124 ] } },
{ "type": "Feature", "properties": { "element": "node", "id": 5164999971, "amenity": "music_school", "shop": null, "name": "NIM Auditorium" }, "geometry": { "type": "Point", "coordinates": [ 72.546351200000018, 23.1287897 ] } },
{ "type": "Feature", "properties": { "element": "node", "id": 5164999972, "amenity": "parking", "shop": null, "name": "New Parking" }, "geometry": { "type": "Point", "coordinates": [ 72.5442698, 23.1289599 ] } },
{ "type": "Feature", "properties": { "element": "node", "id": 5165010877, "amenity": "bank", "shop": null, "name": "Kalupur Cooperative Commercial BANK" }, "geometry": { "type": "Point", "coordinates": [ 72.5439614, 23.1282051 ] } },
{ "type": "Feature", "properties": { "element": "node", "id": 5177688241, "amenity": "restaurant", "shop": null, "name": "Hotel Purohit Por" }, "geometry": { "type": "Point", "coordinates": [ 72.665834, 22.9945198 ] } },
{ "type": "Feature", "properties": { "element": "node", "id": 5182229064, "amenity": "school", "shop": null, "name": "Manipur Government School" }, "geometry": { "type": "Point", "coordinates": [ 72.429408, 23.0332883 ] } },
{ "type": "Feature", "properties": { "element": "node", "id": 5182229421, "amenity": null, "shop": null, "name": "ANU Fellows University Hostel" }, "geometry": { "type": "Point", "coordinates": [ 72.4122274, 23.0232777 ] } },
{ "type": "Feature", "properties": { "element": "node", "id": 5182231825, "amenity": "university", "shop": null, "name": "Anant National University" }, "geometry": { "type": "Point", "coordinates": [ 72.4271753, 23.0308404 ] } },
{ "type": "Feature", "properties": { "element": "node", "id": 5182234248, "amenity": null, "shop": null, "name": "Manipur Panchayat Office" }, "geometry": { "type": "Point", "coordinates": [ 72.4263905, 23.0343988 ] } },
{ "type": "Feature", "properties": { "element": "node", "id": 5197431945, "amenity": "community_centre", "shop": null, "name": "Leelapur Bharot Community Ground" }, "geometry": { "type": "Point", "coordinates": [ 72.5132418, 23.1468201 ] } },
{ "type": "Feature", "properties": { "element": "node", "id": 5197433539, "amenity": "school", "shop": null, "name": "Amrita Vidyalayam" }, "geometry": { "type": "Point", "coordinates": [ 72.5371239, 23.0675829 ] } },
{ "type": "Feature", "properties": { "element": "node", "id": 5197445786, "amenity": "university", "shop": null, "name": "Anant National University Gate" }, "geometry": { "type": "Point", "coordinates": [ 72.4271652, 23.0308439 ] } },
{ "type": "Feature", "properties": { "element": "node", "id": 5197458102, "amenity": null, "shop": null, "name": "Sanskardham School Hostel" }, "geometry": { "type": "Point", "coordinates": [ 72.4279103, 23.0290226 ] } },
{ "type": "Feature", "properties": { "element": "node", "id": 5197464137, "amenity": null, "shop": "deli", "name": "TKB cake shop" }, "geometry": { "type": "Point", "coordinates": [ 72.4740109, 23.030335499999989 ] } },
{ "type": "Feature", "properties": { "element": "node", "id": 5197464827, "amenity": "school", "shop": null, "name": "Sanskardham Primary School" }, "geometry": { "type": "Point", "coordinates": [ 72.4274117, 23.0306687 ] } },
{ "type": "Feature", "properties": { "element": "node", "id": 5197464934, "amenity": "college", "shop": null, "name": "Anant National University College Building" }, "geometry": { "type": "Point", "coordinates": [ 72.4259889, 23.027625 ] } },
{ "type": "Feature", "properties": { "element": "node", "id": 5197465021, "amenity": "parking", "shop": null, "name": "Sanskardham open parking" }, "geometry": { "type": "Point", "coordinates": [ 72.427885, 23.0307786 ] } },
{ "type": "Feature", "properties": { "element": "node", "id": 5197470721, "amenity": "restaurant", "shop": null, "name": "Havmor restaurant" }, "geometry": { "type": "Point", "coordinates": [ 72.4775187, 23.0287895 ] } },
{ "type": "Feature", "properties": { "element": "node", "id": 5199997866, "amenity": null, "shop": "mall", "name": "SoBo Centre" }, "geometry": { "type": "Point", "coordinates": [ 72.4751813, 23.0174425 ] } },
{ "type": "Feature", "properties": { "element": "node", "id": 5200003639, "amenity": null, "shop": "yes", "name": "D Mart" }, "geometry": { "type": "Point", "coordinates": [ 72.4784116, 23.0283451 ] } },
{ "type": "Feature", "properties": { "element": "node", "id": 5207673821, "amenity": "parking_entrance", "shop": null, "name": null }, "geometry": { "type": "Point", "coordinates": [ 72.5415659, 23.128095 ] } },
{ "type": "Feature", "properties": { "element": "node", "id": 5214871421, "amenity": null, "shop": null, "name": "Ramada" }, "geometry": { "type": "Point", "coordinates": [ 72.5048495, 23.0106115 ] } },
{ "type": "Feature", "properties": { "element": "node", "id": 5214871422, "amenity": "bar", "shop": null, "name": "Sphere Louge" }, "geometry": { "type": "Point", "coordinates": [ 72.5048519, 23.0108416 ] } },
{ "type": "Feature", "properties": { "element": "node", "id": 5216116021, "amenity": null, "shop": null, "name": "होटल मीरेकल" }, "geometry": { "type": "Point", "coordinates": [ 72.5951405, 23.0149614 ] } },
{ "type": "Feature", "properties": { "element": "node", "id": 5273373481, "amenity": "fountain", "shop": null, "name": null }, "geometry": { "type": "Point", "coordinates": [ 72.5000324, 23.1484789 ] } },
{ "type": "Feature", "properties": { "element": "node", "id": 5274771822, "amenity": null, "shop": null, "name": "Villa Shodhan" }, "geometry": { "type": "Point", "coordinates": [ 72.567362200000019, 23.0249328 ] } },
{ "type": "Feature", "properties": { "element": "node", "id": 5276640722, "amenity": "cafe", "shop": null, "name": "Seva Cafe" }, "geometry": { "type": "Point", "coordinates": [ 72.5603703, 23.0346667 ] } },
{ "type": "Feature", "properties": { "element": "node", "id": 5286955825, "amenity": "fuel", "shop": null, "name": "CNG gas station" }, "geometry": { "type": "Point", "coordinates": [ 72.6862592, 23.0846729 ] } },
{ "type": "Feature", "properties": { "element": "node", "id": 5287024422, "amenity": null, "shop": null, "name": "Arvind aircon ltd" }, "geometry": { "type": "Point", "coordinates": [ 72.6506601, 22.9642542 ] } },
{ "type": "Feature", "properties": { "element": "node", "id": 5287487830, "amenity": "toilets", "shop": null, "name": null }, "geometry": { "type": "Point", "coordinates": [ 72.6008606, 23.002931 ] } },
{ "type": "Feature", "properties": { "element": "node", "id": 5290998221, "amenity": null, "shop": null, "name": "Lilamani flats" }, "geometry": { "type": "Point", "coordinates": [ 72.622923900000018, 23.0876752 ] } },
{ "type": "Feature", "properties": { "element": "node", "id": 5291854424, "amenity": "fuel", "shop": null, "name": "CNG stattion" }, "geometry": { "type": "Point", "coordinates": [ 72.49878, 22.9359318 ] } },
{ "type": "Feature", "properties": { "element": "node", "id": 5297488242, "amenity": "bench", "shop": null, "name": null }, "geometry": { "type": "Point", "coordinates": [ 72.599595, 23.0103272 ] } },
{ "type": "Feature", "properties": { "element": "node", "id": 5297488243, "amenity": "bench", "shop": null, "name": null }, "geometry": { "type": "Point", "coordinates": [ 72.5995736, 23.0103076 ] } },
{ "type": "Feature", "properties": { "element": "node", "id": 5297488244, "amenity": "bench", "shop": null, "name": null }, "geometry": { "type": "Point", "coordinates": [ 72.5995477, 23.0102879 ] } },
{ "type": "Feature", "properties": { "element": "node", "id": 5297488245, "amenity": "bench", "shop": null, "name": null }, "geometry": { "type": "Point", "coordinates": [ 72.5995245, 23.0102741 ] } },
{ "type": "Feature", "properties": { "element": "node", "id": 5297488246, "amenity": "bench", "shop": null, "name": null }, "geometry": { "type": "Point", "coordinates": [ 72.5995031, 23.0102545 ] } },
{ "type": "Feature", "properties": { "element": "node", "id": 5297488247, "amenity": "bench", "shop": null, "name": null }, "geometry": { "type": "Point", "coordinates": [ 72.5994773, 23.0102348 ] } },
{ "type": "Feature", "properties": { "element": "node", "id": 5297488248, "amenity": "bench", "shop": null, "name": null }, "geometry": { "type": "Point", "coordinates": [ 72.5994528, 23.0102219 ] } },
{ "type": "Feature", "properties": { "element": "node", "id": 5297488249, "amenity": "bench", "shop": null, "name": null }, "geometry": { "type": "Point", "coordinates": [ 72.5994314, 23.0102023 ] } },
{ "type": "Feature", "properties": { "element": "node", "id": 5297488250, "amenity": "bench", "shop": null, "name": null }, "geometry": { "type": "Point", "coordinates": [ 72.5994055, 23.0101827 ] } },
{ "type": "Feature", "properties": { "element": "node", "id": 5297488251, "amenity": "bench", "shop": null, "name": null }, "geometry": { "type": "Point", "coordinates": [ 72.5993824, 23.0101682 ] } },
{ "type": "Feature", "properties": { "element": "node", "id": 5297488252, "amenity": "bench", "shop": null, "name": null }, "geometry": { "type": "Point", "coordinates": [ 72.5993586, 23.0101483 ] } },
{ "type": "Feature", "properties": { "element": "node", "id": 5297488253, "amenity": "bench", "shop": null, "name": null }, "geometry": { "type": "Point", "coordinates": [ 72.5993405, 23.0101672 ] } },
{ "type": "Feature", "properties": { "element": "node", "id": 5297488254, "amenity": "bench", "shop": null, "name": null }, "geometry": { "type": "Point", "coordinates": [ 72.5993252, 23.0101879 ] } },
{ "type": "Feature", "properties": { "element": "node", "id": 5297488255, "amenity": "bench", "shop": null, "name": null }, "geometry": { "type": "Point", "coordinates": [ 72.5993071, 23.0102068 ] } },
{ "type": "Feature", "properties": { "element": "node", "id": 5297488256, "amenity": "bench", "shop": null, "name": null }, "geometry": { "type": "Point", "coordinates": [ 72.599292, 23.0102228 ] } },
{ "type": "Feature", "properties": { "element": "node", "id": 5297488257, "amenity": "bench", "shop": null, "name": null }, "geometry": { "type": "Point", "coordinates": [ 72.599273900000014, 23.0102417 ] } },
{ "type": "Feature", "properties": { "element": "node", "id": 5297488258, "amenity": "bench", "shop": null, "name": null }, "geometry": { "type": "Point", "coordinates": [ 72.5992612, 23.0102589 ] } },
{ "type": "Feature", "properties": { "element": "node", "id": 5297488259, "amenity": "bench", "shop": null, "name": null }, "geometry": { "type": "Point", "coordinates": [ 72.599243, 23.0102778 ] } },
{ "type": "Feature", "properties": { "element": "node", "id": 5297488260, "amenity": "bench", "shop": null, "name": null }, "geometry": { "type": "Point", "coordinates": [ 72.5992307, 23.0102962 ] } },
{ "type": "Feature", "properties": { "element": "node", "id": 5297488261, "amenity": "bench", "shop": null, "name": null }, "geometry": { "type": "Point", "coordinates": [ 72.5992125, 23.0103151 ] } },
{ "type": "Feature", "properties": { "element": "node", "id": 5297488262, "amenity": "bench", "shop": null, "name": null }, "geometry": { "type": "Point", "coordinates": [ 72.5995005, 23.0104981 ] } },
{ "type": "Feature", "properties": { "element": "node", "id": 5297488263, "amenity": "bench", "shop": null, "name": null }, "geometry": { "type": "Point", "coordinates": [ 72.5994827, 23.0105173 ] } },
{ "type": "Feature", "properties": { "element": "node", "id": 5297488264, "amenity": "bench", "shop": null, "name": null }, "geometry": { "type": "Point", "coordinates": [ 72.5995125, 23.0104795 ] } },
{ "type": "Feature", "properties": { "element": "node", "id": 5297488265, "amenity": "bench", "shop": null, "name": null }, "geometry": { "type": "Point", "coordinates": [ 72.5995303, 23.0104603 ] } },
{ "type": "Feature", "properties": { "element": "node", "id": 5297488266, "amenity": "bench", "shop": null, "name": null }, "geometry": { "type": "Point", "coordinates": [ 72.5995427, 23.0104429 ] } },
{ "type": "Feature", "properties": { "element": "node", "id": 5297488267, "amenity": "bench", "shop": null, "name": null }, "geometry": { "type": "Point", "coordinates": [ 72.5995605, 23.0104237 ] } },
{ "type": "Feature", "properties": { "element": "node", "id": 5297488268, "amenity": "bench", "shop": null, "name": null }, "geometry": { "type": "Point", "coordinates": [ 72.5995752, 23.0104075 ] } },
{ "type": "Feature", "properties": { "element": "node", "id": 5297488269, "amenity": "bench", "shop": null, "name": null }, "geometry": { "type": "Point", "coordinates": [ 72.599593, 23.0103883 ] } },
{ "type": "Feature", "properties": { "element": "node", "id": 5297488270, "amenity": "bench", "shop": null, "name": null }, "geometry": { "type": "Point", "coordinates": [ 72.5996079, 23.0103674 ] } },
{ "type": "Feature", "properties": { "element": "node", "id": 5297488271, "amenity": "bench", "shop": null, "name": null }, "geometry": { "type": "Point", "coordinates": [ 72.5996257, 23.0103483 ] } },
{ "type": "Feature", "properties": { "element": "node", "id": 5297519196, "amenity": "parking", "shop": null, "name": null }, "geometry": { "type": "Point", "coordinates": [ 72.56393, 23.0408636 ] } },
{ "type": "Feature", "properties": { "element": "node", "id": 5320333035, "amenity": null, "shop": null, "name": "Giant Fish Statues" }, "geometry": { "type": "Point", "coordinates": [ 72.5056289, 23.0311883 ] } },
{ "type": "Feature", "properties": { "element": "node", "id": 5320333036, "amenity": null, "shop": null, "name": "Giant Mushrooms Installation" }, "geometry": { "type": "Point", "coordinates": [ 72.5056844, 23.0313754 ] } },
{ "type": "Feature", "properties": { "element": "node", "id": 5320333037, "amenity": "ice_cream", "shop": null, "name": "Amul Parlor" }, "geometry": { "type": "Point", "coordinates": [ 72.5052786, 23.0321809 ] } },
{ "type": "Feature", "properties": { "element": "node", "id": 5320333039, "amenity": null, "shop": null, "name": "Mini Treehouse" }, "geometry": { "type": "Point", "coordinates": [ 72.5067751, 23.0317497 ] } },
{ "type": "Feature", "properties": { "element": "node", "id": 5320333054, "amenity": "bench", "shop": null, "name": null }, "geometry": { "type": "Point", "coordinates": [ 72.5058567, 23.0313327 ] } },
{ "type": "Feature", "properties": { "element": "node", "id": 5320333055, "amenity": "bench", "shop": null, "name": null }, "geometry": { "type": "Point", "coordinates": [ 72.5057116, 23.031507 ] } },
{ "type": "Feature", "properties": { "element": "node", "id": 5320333056, "amenity": "bench", "shop": null, "name": null }, "geometry": { "type": "Point", "coordinates": [ 72.505731, 23.0316438 ] } },
{ "type": "Feature", "properties": { "element": "node", "id": 5320333057, "amenity": "bench", "shop": null, "name": null }, "geometry": { "type": "Point", "coordinates": [ 72.5057662, 23.0317622 ] } },
{ "type": "Feature", "properties": { "element": "node", "id": 5320333058, "amenity": "bench", "shop": null, "name": null }, "geometry": { "type": "Point", "coordinates": [ 72.5055364, 23.031976 ] } },
{ "type": "Feature", "properties": { "element": "node", "id": 5320333059, "amenity": "bench", "shop": null, "name": null }, "geometry": { "type": "Point", "coordinates": [ 72.5056035, 23.0324926 ] } },
{ "type": "Feature", "properties": { "element": "node", "id": 5320333060, "amenity": "bench", "shop": null, "name": null }, "geometry": { "type": "Point", "coordinates": [ 72.5063936, 23.032581 ] } },
{ "type": "Feature", "properties": { "element": "node", "id": 5320333061, "amenity": "bench", "shop": null, "name": null }, "geometry": { "type": "Point", "coordinates": [ 72.5067014, 23.0323067 ] } },
{ "type": "Feature", "properties": { "element": "node", "id": 5320333062, "amenity": "bench", "shop": null, "name": null }, "geometry": { "type": "Point", "coordinates": [ 72.5066866, 23.0321079 ] } },
{ "type": "Feature", "properties": { "element": "node", "id": 5320333063, "amenity": "bench", "shop": null, "name": null }, "geometry": { "type": "Point", "coordinates": [ 72.5067455, 23.0320256 ] } },
{ "type": "Feature", "properties": { "element": "node", "id": 5320333064, "amenity": "bench", "shop": null, "name": null }, "geometry": { "type": "Point", "coordinates": [ 72.5068089, 23.0318992 ] } },
{ "type": "Feature", "properties": { "element": "node", "id": 5320333065, "amenity": "bench", "shop": null, "name": null }, "geometry": { "type": "Point", "coordinates": [ 72.5067645, 23.0318131 ] } },
{ "type": "Feature", "properties": { "element": "node", "id": 5320333066, "amenity": "bench", "shop": null, "name": null }, "geometry": { "type": "Point", "coordinates": [ 72.5064584, 23.0316231 ] } },
{ "type": "Feature", "properties": { "element": "node", "id": 5320333067, "amenity": "bench", "shop": null, "name": null }, "geometry": { "type": "Point", "coordinates": [ 72.5063733, 23.0318136 ] } },
{ "type": "Feature", "properties": { "element": "node", "id": 5320333068, "amenity": "bench", "shop": null, "name": null }, "geometry": { "type": "Point", "coordinates": [ 72.506175, 23.0318682 ] } },
{ "type": "Feature", "properties": { "element": "node", "id": 5320333069, "amenity": "bench", "shop": null, "name": null }, "geometry": { "type": "Point", "coordinates": [ 72.5059863, 23.0318206 ] } },
{ "type": "Feature", "properties": { "element": "node", "id": 5320333070, "amenity": "waste_basket", "shop": null, "name": null }, "geometry": { "type": "Point", "coordinates": [ 72.5055774, 23.0324615 ] } },
{ "type": "Feature", "properties": { "element": "node", "id": 5320333071, "amenity": "waste_basket", "shop": null, "name": null }, "geometry": { "type": "Point", "coordinates": [ 72.5057292, 23.0317985 ] } },
{ "type": "Feature", "properties": { "element": "node", "id": 5320333072, "amenity": "waste_basket", "shop": null, "name": null }, "geometry": { "type": "Point", "coordinates": [ 72.5072751, 23.0322473 ] } },
{ "type": "Feature", "properties": { "element": "node", "id": 5320333073, "amenity": null, "shop": null, "name": "Flower Power" }, "geometry": { "type": "Point", "coordinates": [ 72.5056687, 23.0328525 ] } },
{ "type": "Feature", "properties": { "element": "node", "id": 5327115283, "amenity": "bench", "shop": null, "name": null }, "geometry": { "type": "Point", "coordinates": [ 72.5312743, 23.0243223 ] } },
{ "type": "Feature", "properties": { "element": "node", "id": 5327115284, "amenity": "bench", "shop": null, "name": null }, "geometry": { "type": "Point", "coordinates": [ 72.5312824, 23.0243225 ] } },
{ "type": "Feature", "properties": { "element": "node", "id": 5327115285, "amenity": "bench", "shop": null, "name": null }, "geometry": { "type": "Point", "coordinates": [ 72.5312899, 23.0243222 ] } },
{ "type": "Feature", "properties": { "element": "node", "id": 5327115286, "amenity": "bench", "shop": null, "name": null }, "geometry": { "type": "Point", "coordinates": [ 72.5312973, 23.0243223 ] } },
{ "type": "Feature", "properties": { "element": "node", "id": 5327115287, "amenity": "bench", "shop": null, "name": null }, "geometry": { "type": "Point", "coordinates": [ 72.5313052, 23.0243222 ] } },
{ "type": "Feature", "properties": { "element": "node", "id": 5327115288, "amenity": "bench", "shop": null, "name": null }, "geometry": { "type": "Point", "coordinates": [ 72.531313, 23.0243227 ] } },
{ "type": "Feature", "properties": { "element": "node", "id": 5327115289, "amenity": "bench", "shop": null, "name": null }, "geometry": { "type": "Point", "coordinates": [ 72.531253100000015, 23.0243223 ] } },
{ "type": "Feature", "properties": { "element": "node", "id": 5327115290, "amenity": "bench", "shop": null, "name": null }, "geometry": { "type": "Point", "coordinates": [ 72.5312612, 23.0243222 ] } },
{ "type": "Feature", "properties": { "element": "node", "id": 5327115291, "amenity": "bench", "shop": null, "name": null }, "geometry": { "type": "Point", "coordinates": [ 72.5312686, 23.0243222 ] } },
{ "type": "Feature", "properties": { "element": "node", "id": 5327115292, "amenity": "bench", "shop": null, "name": null }, "geometry": { "type": "Point", "coordinates": [ 72.5312616, 23.0242854 ] } },
{ "type": "Feature", "properties": { "element": "node", "id": 5327115293, "amenity": "bench", "shop": null, "name": null }, "geometry": { "type": "Point", "coordinates": [ 72.5300717, 23.0246306 ] } },
{ "type": "Feature", "properties": { "element": "node", "id": 5327115294, "amenity": "bench", "shop": null, "name": null }, "geometry": { "type": "Point", "coordinates": [ 72.5312771, 23.0242853 ] } },
{ "type": "Feature", "properties": { "element": "node", "id": 5327115295, "amenity": "bench", "shop": null, "name": null }, "geometry": { "type": "Point", "coordinates": [ 72.5312828, 23.0242854 ] } },
{ "type": "Feature", "properties": { "element": "node", "id": 5327115296, "amenity": "bench", "shop": null, "name": null }, "geometry": { "type": "Point", "coordinates": [ 72.5312909, 23.0242856 ] } },
{ "type": "Feature", "properties": { "element": "node", "id": 5327115297, "amenity": "bench", "shop": null, "name": null }, "geometry": { "type": "Point", "coordinates": [ 72.5312984, 23.0242853 ] } },
{ "type": "Feature", "properties": { "element": "node", "id": 5327115298, "amenity": "bench", "shop": null, "name": null }, "geometry": { "type": "Point", "coordinates": [ 72.5313058, 23.0242854 ] } },
{ "type": "Feature", "properties": { "element": "node", "id": 5327115299, "amenity": "bench", "shop": null, "name": null }, "geometry": { "type": "Point", "coordinates": [ 72.5313137, 23.0242853 ] } },
{ "type": "Feature", "properties": { "element": "node", "id": 5327115300, "amenity": "bench", "shop": null, "name": null }, "geometry": { "type": "Point", "coordinates": [ 72.5313215, 23.0242858 ] } },
{ "type": "Feature", "properties": { "element": "node", "id": 5327118486, "amenity": "vending_machine", "shop": null, "name": null }, "geometry": { "type": "Point", "coordinates": [ 72.531153, 23.0243007 ] } },
{ "type": "Feature", "properties": { "element": "node", "id": 5327118487, "amenity": "vending_machine", "shop": null, "name": null }, "geometry": { "type": "Point", "coordinates": [ 72.5314306, 23.0243133 ] } },
{ "type": "Feature", "properties": { "element": "node", "id": 5327189372, "amenity": "fountain", "shop": null, "name": null }, "geometry": { "type": "Point", "coordinates": [ 72.6143985, 23.1190123 ] } },
{ "type": "Feature", "properties": { "element": "node", "id": 5328686613, "amenity": null, "shop": null, "name": null }, "geometry": { "type": "Point", "coordinates": [ 72.6205629, 23.0752004 ] } },
{ "type": "Feature", "properties": { "element": "node", "id": 5328881122, "amenity": null, "shop": null, "name": "Jalaram Parotha House" }, "geometry": { "type": "Point", "coordinates": [ 72.567758, 23.0178297 ] } },
{ "type": "Feature", "properties": { "element": "node", "id": 5329590125, "amenity": "cafe", "shop": null, "name": "Unlocked" }, "geometry": { "type": "Point", "coordinates": [ 72.5577346, 23.033026 ] } },
{ "type": "Feature", "properties": { "element": "node", "id": 5340134123, "amenity": null, "shop": null, "name": "Kailash Raj" }, "geometry": { "type": "Point", "coordinates": [ 72.64732, 23.0809556 ] } },
{ "type": "Feature", "properties": { "element": "node", "id": 5340470022, "amenity": "cafe", "shop": null, "name": "Cafe udipi richi" }, "geometry": { "type": "Point", "coordinates": [ 72.5600295, 23.0320819 ] } },
{ "type": "Feature", "properties": { "element": "node", "id": 5353985489, "amenity": null, "shop": null, "name": "Novus Logics" }, "geometry": { "type": "Point", "coordinates": [ 72.5713002, 23.0622048 ] } },
{ "type": "Feature", "properties": { "element": "node", "id": 5387295121, "amenity": "fuel", "shop": null, "name": "Cng and petrol pump" }, "geometry": { "type": "Point", "coordinates": [ 72.6734332, 23.0289447 ] } },
{ "type": "Feature", "properties": { "element": "node", "id": 5403772221, "amenity": "restaurant", "shop": null, "name": "Hotel Emerland" }, "geometry": { "type": "Point", "coordinates": [ 72.6506214, 23.0742871 ] } },
{ "type": "Feature", "properties": { "element": "node", "id": 5407346971, "amenity": null, "shop": null, "name": null }, "geometry": { "type": "Point", "coordinates": [ 72.5065847, 23.012343 ] } },
{ "type": "Feature", "properties": { "element": "node", "id": 5407346972, "amenity": "shelter", "shop": null, "name": null }, "geometry": { "type": "Point", "coordinates": [ 72.5059562, 23.0129555 ] } },
{ "type": "Feature", "properties": { "element": "node", "id": 5407346973, "amenity": "shelter", "shop": null, "name": null }, "geometry": { "type": "Point", "coordinates": [ 72.5062922, 23.0135974 ] } },
{ "type": "Feature", "properties": { "element": "node", "id": 5407346974, "amenity": "fountain", "shop": null, "name": null }, "geometry": { "type": "Point", "coordinates": [ 72.5060211, 23.0132004 ] } },
{ "type": "Feature", "properties": { "element": "node", "id": 5407346975, "amenity": null, "shop": null, "name": "Bird Feeder" }, "geometry": { "type": "Point", "coordinates": [ 72.5064956, 23.0130387 ] } },
{ "type": "Feature", "properties": { "element": "node", "id": 5407346976, "amenity": null, "shop": null, "name": "Funny art" }, "geometry": { "type": "Point", "coordinates": [ 72.5065295, 23.0128431 ] } },
{ "type": "Feature", "properties": { "element": "node", "id": 5407346977, "amenity": "ice_cream", "shop": null, "name": "Amul" }, "geometry": { "type": "Point", "coordinates": [ 72.5066003, 23.0128218 ] } },
{ "type": "Feature", "properties": { "element": "node", "id": 5407346983, "amenity": "cafe", "shop": null, "name": "In-Garden Cafe" }, "geometry": { "type": "Point", "coordinates": [ 72.5062163, 23.0122064 ] } },
{ "type": "Feature", "properties": { "element": "node", "id": 5424401211, "amenity": null, "shop": "clothes", "name": "Shopping ahemadabad" }, "geometry": { "type": "Point", "coordinates": [ 72.6002491, 23.0004179 ] } },
{ "type": "Feature", "properties": { "element": "node", "id": 5425923225, "amenity": "place_of_worship", "shop": null, "name": "Prerna Tirth Derasar" }, "geometry": { "type": "Point", "coordinates": [ 72.5198974, 23.0214082 ] } },
{ "type": "Feature", "properties": { "element": "node", "id": 5496066223, "amenity": "restaurant", "shop": null, "name": "Sanmani Restaurant" }, "geometry": { "type": "Point", "coordinates": [ 72.5995018, 23.0236978 ] } },
{ "type": "Feature", "properties": { "element": "node", "id": 5511250133, "amenity": null, "shop": null, "name": "Space Application Center" }, "geometry": { "type": "Point", "coordinates": [ 72.5188421, 23.0271651 ] } },
{ "type": "Feature", "properties": { "element": "node", "id": 5526670228, "amenity": null, "shop": null, "name": "Hirnya Complex" }, "geometry": { "type": "Point", "coordinates": [ 72.5260491, 23.0362851 ] } },
{ "type": "Feature", "properties": { "element": "node", "id": 5527058322, "amenity": null, "shop": null, "name": "Shree Sanket Vijay Variya Jain Bhawan" }, "geometry": { "type": "Point", "coordinates": [ 72.5201663, 23.0213326 ] } },
{ "type": "Feature", "properties": { "element": "node", "id": 5527659737, "amenity": "restaurant", "shop": null, "name": "Takshshila Food Court" }, "geometry": { "type": "Point", "coordinates": [ 72.559229, 23.0275402 ] } },
{ "type": "Feature", "properties": { "element": "node", "id": 5527662483, "amenity": "restaurant", "shop": null, "name": "Jai Jalaram Parontha House" }, "geometry": { "type": "Point", "coordinates": [ 72.5714777, 23.0246356 ] } },
{ "type": "Feature", "properties": { "element": "node", "id": 5527662484, "amenity": "fuel", "shop": null, "name": null }, "geometry": { "type": "Point", "coordinates": [ 72.5658082, 23.0140063 ] } },
{ "type": "Feature", "properties": { "element": "node", "id": 5527662868, "amenity": null, "shop": "convenience", "name": null }, "geometry": { "type": "Point", "coordinates": [ 72.5783117, 23.0331551 ] } },
{ "type": "Feature", "properties": { "element": "node", "id": 5527662869, "amenity": "cafe", "shop": null, "name": "Udipi Cafe" }, "geometry": { "type": "Point", "coordinates": [ 72.565418, 23.0144058 ] } },
{ "type": "Feature", "properties": { "element": "node", "id": 5540117738, "amenity": "bus_station", "shop": null, "name": "Kankaria Telephone exchange" }, "geometry": { "type": "Point", "coordinates": [ 72.5928352, 23.0024253 ] } },
{ "type": "Feature", "properties": { "element": "node", "id": 5545191843, "amenity": "bank", "shop": null, "name": "State Bank of India" }, "geometry": { "type": "Point", "coordinates": [ 72.482714, 23.0262784 ] } },
{ "type": "Feature", "properties": { "element": "node", "id": 5545191847, "amenity": null, "shop": null, "name": "Sparsh Xpress Spa" }, "geometry": { "type": "Point", "coordinates": [ 72.4823051, 23.0262109 ] } },
{ "type": "Feature", "properties": { "element": "node", "id": 5545191848, "amenity": null, "shop": null, "name": "Well pets" }, "geometry": { "type": "Point", "coordinates": [ 72.4821409, 23.0260917 ] } },
{ "type": "Feature", "properties": { "element": "node", "id": 5546134536, "amenity": "restaurant", "shop": null, "name": "Samrasi - Premium Bhojnalaya" }, "geometry": { "type": "Point", "coordinates": [ 72.5735839, 23.1800841 ] } },
{ "type": "Feature", "properties": { "element": "node", "id": 5611932992, "amenity": null, "shop": null, "name": "Complitech Solutions Pvt. Ltd." }, "geometry": { "type": "Point", "coordinates": [ 72.537631, 23.0589766 ] } },
{ "type": "Feature", "properties": { "element": "node", "id": 5611942924, "amenity": null, "shop": null, "name": "I Shree Health Club" }, "geometry": { "type": "Point", "coordinates": [ 72.536366, 23.0599435 ] } },
{ "type": "Feature", "properties": { "element": "node", "id": 5611952675, "amenity": null, "shop": "supermarket", "name": "The Haqq Factory Store" }, "geometry": { "type": "Point", "coordinates": [ 72.4820619, 22.9868059 ] } },
{ "type": "Feature", "properties": { "element": "node", "id": 5653514221, "amenity": null, "shop": null, "name": "The Mill Owner's Building of Le Corbusier" }, "geometry": { "type": "Point", "coordinates": [ 72.5709891, 23.0326231 ] } },
{ "type": "Feature", "properties": { "element": "node", "id": 5661768121, "amenity": "police", "shop": null, "name": "Ranip Police Station" }, "geometry": { "type": "Point", "coordinates": [ 72.5779962, 23.0806075 ] } },
{ "type": "Feature", "properties": { "element": "node", "id": 5671259321, "amenity": "pharmacy", "shop": null, "name": "Gita Medical Stores" }, "geometry": { "type": "Point", "coordinates": [ 72.5744221, 23.0795537 ] } },
{ "type": "Feature", "properties": { "element": "node", "id": 5672172657, "amenity": null, "shop": null, "name": "Agile Consultant" }, "geometry": { "type": "Point", "coordinates": [ 72.5452052, 23.0215407 ] } },
{ "type": "Feature", "properties": { "element": "node", "id": 5678202321, "amenity": null, "shop": "jewelry", "name": "चिराग़ जवेल्लर्स" }, "geometry": { "type": "Point", "coordinates": [ 72.6126258, 22.9950238 ] } },
{ "type": "Feature", "properties": { "element": "node", "id": 5698657522, "amenity": "fuel", "shop": null, "name": "Cng station" }, "geometry": { "type": "Point", "coordinates": [ 72.5882763, 23.1619162 ] } },
{ "type": "Feature", "properties": { "element": "node", "id": 5698802925, "amenity": null, "shop": null, "name": "Employee providens fund PF office" }, "geometry": { "type": "Point", "coordinates": [ 72.5706573, 23.0410332 ] } },
{ "type": "Feature", "properties": { "element": "node", "id": 5701379421, "amenity": null, "shop": null, "name": "Tirth" }, "geometry": { "type": "Point", "coordinates": [ 72.5941932, 23.0850287 ] } },
{ "type": "Feature", "properties": { "element": "node", "id": 5711622445, "amenity": "bus_station", "shop": null, "name": "Ghuma BRTS terminal" }, "geometry": { "type": "Point", "coordinates": [ 72.4483279, 23.0309359 ] } },
{ "type": "Feature", "properties": { "element": "node", "id": 5711631773, "amenity": "atm", "shop": null, "name": "ATM HDFC Bank" }, "geometry": { "type": "Point", "coordinates": [ 72.4580324, 23.0317286 ] } },
{ "type": "Feature", "properties": { "element": "node", "id": 5711634722, "amenity": "bus_station", "shop": null, "name": "AMTS Ghuma Bus terminal" }, "geometry": { "type": "Point", "coordinates": [ 72.4501878, 23.030556 ] } },
{ "type": "Feature", "properties": { "element": "node", "id": 5711638475, "amenity": "car_wash", "shop": null, "name": "Car Wash" }, "geometry": { "type": "Point", "coordinates": [ 72.4318806, 23.0315698 ] } },
{ "type": "Feature", "properties": { "element": "node", "id": 5717204521, "amenity": null, "shop": null, "name": "Josh chemical" }, "geometry": { "type": "Point", "coordinates": [ 72.6827003, 23.1006552 ] } },
{ "type": "Feature", "properties": { "element": "node", "id": 5753318022, "amenity": "fuel", "shop": null, "name": "Indian oil CNG n Petrol" }, "geometry": { "type": "Point", "coordinates": [ 72.4750283, 23.0292807 ] } },
{ "type": "Feature", "properties": { "element": "node", "id": 5753441521, "amenity": "restaurant", "shop": null, "name": "Jalaram Parotha house" }, "geometry": { "type": "Point", "coordinates": [ 72.4766561, 23.0284866 ] } },
{ "type": "Feature", "properties": { "element": "node", "id": 5816797553, "amenity": null, "shop": null, "name": "Suvidhinath" }, "geometry": { "type": "Point", "coordinates": [ 72.5637176, 22.9999525 ] } },
{ "type": "Feature", "properties": { "element": "node", "id": 5819416524, "amenity": null, "shop": null, "name": "Radisson Blu" }, "geometry": { "type": "Point", "coordinates": [ 72.5572097, 23.0232906 ] } },
{ "type": "Feature", "properties": { "element": "node", "id": 5863194672, "amenity": null, "shop": null, "name": "Global WebSoft Pvt Ltd" }, "geometry": { "type": "Point", "coordinates": [ 72.572722, 23.0507979 ] } },
{ "type": "Feature", "properties": { "element": "node", "id": 5911260285, "amenity": null, "shop": null, "name": "KAMAL STEEL" }, "geometry": { "type": "Point", "coordinates": [ 72.6370458, 22.9758691 ] } },
{ "type": "Feature", "properties": { "element": "node", "id": 5919785986, "amenity": null, "shop": null, "name": "Just Dial" }, "geometry": { "type": "Point", "coordinates": [ 72.553931, 23.0257057 ] } },
{ "type": "Feature", "properties": { "element": "node", "id": 5919789586, "amenity": null, "shop": null, "name": "Approch media" }, "geometry": { "type": "Point", "coordinates": [ 72.5613307, 23.0321052 ] } },
{ "type": "Feature", "properties": { "element": "node", "id": 5920607885, "amenity": null, "shop": null, "name": "Hyatt Vastrapore Lake" }, "geometry": { "type": "Point", "coordinates": [ 72.530495, 23.0391529 ] } },
{ "type": "Feature", "properties": { "element": "node", "id": 5998771288, "amenity": "college", "shop": null, "name": "SSIT (shree Swaminarayan institute of technology)" }, "geometry": { "type": "Point", "coordinates": [ 72.6301367, 23.1149923 ] } },
{ "type": "Feature", "properties": { "element": "node", "id": 6088126794, "amenity": "restaurant", "shop": null, "name": "Vrindavan" }, "geometry": { "type": "Point", "coordinates": [ 72.6334745, 23.1333506 ] } },
{ "type": "Feature", "properties": { "element": "node", "id": 6116432955, "amenity": null, "shop": null, "name": "NSIC" }, "geometry": { "type": "Point", "coordinates": [ 72.5680038, 23.0410663 ] } },
{ "type": "Feature", "properties": { "element": "node", "id": 6124511085, "amenity": null, "shop": null, "name": "Shrinath Estate" }, "geometry": { "type": "Point", "coordinates": [ 72.5840823, 22.9667708 ] } },
{ "type": "Feature", "properties": { "element": "node", "id": 6124511086, "amenity": null, "shop": "clothes", "name": "Bhoomi Textile" }, "geometry": { "type": "Point", "coordinates": [ 72.5834326, 22.9678866 ] } },
{ "type": "Feature", "properties": { "element": "node", "id": 6181737085, "amenity": null, "shop": null, "name": "Hotel King Palace" }, "geometry": { "type": "Point", "coordinates": [ 72.5813581, 23.0639876 ] } },
{ "type": "Feature", "properties": { "element": "node", "id": 6183928288, "amenity": "restaurant", "shop": null, "name": "Chicken biryani" }, "geometry": { "type": "Point", "coordinates": [ 72.5835893, 23.0169709 ] } },
{ "type": "Feature", "properties": { "element": "node", "id": 6183937086, "amenity": "restaurant", "shop": null, "name": "K.G.N. Chinese Fry Centre" }, "geometry": { "type": "Point", "coordinates": [ 72.5838568, 23.0197975 ] } },
{ "type": "Feature", "properties": { "element": "node", "id": 6263487086, "amenity": null, "shop": null, "name": "HorizonCore Infosoft Pvt Ltd" }, "geometry": { "type": "Point", "coordinates": [ 72.6022538, 22.9950084 ] } },
{ "type": "Feature", "properties": { "element": "node", "id": 6263502085, "amenity": "bank", "shop": null, "name": "Indusland Bank" }, "geometry": { "type": "Point", "coordinates": [ 72.6022845, 22.9950448 ] } },
{ "type": "Feature", "properties": { "element": "node", "id": 6263502185, "amenity": "atm", "shop": null, "name": null }, "geometry": { "type": "Point", "coordinates": [ 72.6022554, 22.9950529 ] } },
{ "type": "Feature", "properties": { "element": "node", "id": 6263502186, "amenity": "hospital", "shop": null, "name": "Aarna Hospital" }, "geometry": { "type": "Point", "coordinates": [ 72.6023157, 22.995052 ] } },
{ "type": "Feature", "properties": { "element": "node", "id": 6263502285, "amenity": null, "shop": null, "name": "ESIC - Dispensery" }, "geometry": { "type": "Point", "coordinates": [ 72.6024715, 22.9950795 ] } },
{ "type": "Feature", "properties": { "element": "node", "id": 6300837694, "amenity": "car_wash", "shop": null, "name": "Solitaire Car Studio" }, "geometry": { "type": "Point", "coordinates": [ 72.5003763, 23.0347103 ] } },
{ "type": "Feature", "properties": { "element": "node", "id": 6380491008, "amenity": null, "shop": null, "name": "Archer Art Gallery" }, "geometry": { "type": "Point", "coordinates": [ 72.5517858, 23.0416175 ] } },
{ "type": "Feature", "properties": { "element": "node", "id": 6380749909, "amenity": null, "shop": "jewelry", "name": "K R SONS" }, "geometry": { "type": "Point", "coordinates": [ 72.5235517, 23.0260246 ] } },
{ "type": "Feature", "properties": { "element": "node", "id": 6466332517, "amenity": "ice_cream", "shop": null, "name": "Creamy Treats" }, "geometry": { "type": "Point", "coordinates": [ 72.5968772, 23.1063256 ] } },
{ "type": "Feature", "properties": { "element": "node", "id": 6572872423, "amenity": "school", "shop": null, "name": "Kameshwar School" }, "geometry": { "type": "Point", "coordinates": [ 72.5271318, 23.0282166 ] } },
{ "type": "Feature", "properties": { "element": "node", "id": 6646751651, "amenity": null, "shop": null, "name": "Palladium" }, "geometry": { "type": "Point", "coordinates": [ 72.5015695, 22.9992358 ] } },
{ "type": "Feature", "properties": { "element": "node", "id": 6646757375, "amenity": null, "shop": null, "name": "Palladium" }, "geometry": { "type": "Point", "coordinates": [ 72.5015058, 22.9992904 ] } },
{ "type": "Feature", "properties": { "element": "node", "id": 6649963089, "amenity": "cafe", "shop": null, "name": "cabana lounge" }, "geometry": { "type": "Point", "coordinates": [ 72.5061396, 23.0355672 ] } },
{ "type": "Feature", "properties": { "element": "node", "id": 6657089186, "amenity": null, "shop": null, "name": "Super packers bopp tape trades" }, "geometry": { "type": "Point", "coordinates": [ 72.6220271, 23.0123457 ] } },
{ "type": "Feature", "properties": { "element": "node", "id": 6659519685, "amenity": null, "shop": null, "name": "Carmel Cluster" }, "geometry": { "type": "Point", "coordinates": [ 72.551666, 23.113657 ] } },
{ "type": "Feature", "properties": { "element": "node", "id": 6668029662, "amenity": null, "shop": "yes", "name": "AMUL store" }, "geometry": { "type": "Point", "coordinates": [ 72.5392037, 23.1262799 ] } },
{ "type": "Feature", "properties": { "element": "node", "id": 6782649985, "amenity": "bank", "shop": null, "name": "SBI" }, "geometry": { "type": "Point", "coordinates": [ 72.5298603, 23.0132724 ] } },
{ "type": "Feature", "properties": { "element": "node", "id": 6782650085, "amenity": "bank", "shop": null, "name": "Bank of Baroda" }, "geometry": { "type": "Point", "coordinates": [ 72.5298603, 23.013352 ] } },
{ "type": "Feature", "properties": { "element": "node", "id": 6782650185, "amenity": null, "shop": "beverages", "name": "Murlidhar" }, "geometry": { "type": "Point", "coordinates": [ 72.529652500000012, 23.013976 ] } },
{ "type": "Feature", "properties": { "element": "node", "id": 6782988986, "amenity": null, "shop": "beverages", "name": "cafe13" }, "geometry": { "type": "Point", "coordinates": [ 72.529945, 23.0133426 ] } },
{ "type": "Feature", "properties": { "element": "node", "id": 6787782070, "amenity": null, "shop": null, "name": "Venture Studio" }, "geometry": { "type": "Point", "coordinates": [ 72.5549277, 23.0396356 ] } },
{ "type": "Feature", "properties": { "element": "node", "id": 6831009179, "amenity": "fast_food", "shop": null, "name": "Himalaya Bakery" }, "geometry": { "type": "Point", "coordinates": [ 72.5737246, 22.9798046 ] } },
{ "type": "Feature", "properties": { "element": "node", "id": 6831010188, "amenity": null, "shop": "yes", "name": "Noor Mobile Shop" }, "geometry": { "type": "Point", "coordinates": [ 72.5719973, 22.9789749 ] } },
{ "type": "Feature", "properties": { "element": "node", "id": 6831028404, "amenity": null, "shop": "yes", "name": "Ahad mobile repair" }, "geometry": { "type": "Point", "coordinates": [ 72.5716124, 22.9787675 ] } },
{ "type": "Feature", "properties": { "element": "node", "id": 6831028405, "amenity": null, "shop": "yes", "name": "Pakiza Pan Parlour" }, "geometry": { "type": "Point", "coordinates": [ 72.570559, 22.9785959 ] } },
{ "type": "Feature", "properties": { "element": "node", "id": 6836855354, "amenity": null, "shop": "bakery", "name": "Chand bakery" }, "geometry": { "type": "Point", "coordinates": [ 72.5734667, 22.9795173 ] } },
{ "type": "Feature", "properties": { "element": "node", "id": 6846248985, "amenity": null, "shop": null, "name": "Venus tape" }, "geometry": { "type": "Point", "coordinates": [ 72.6314285, 22.9779487 ] } },
{ "type": "Feature", "properties": { "element": "node", "id": 6881054292, "amenity": "blood_bank", "shop": null, "name": "The Gujarat Cancer & Research Institute Blood Bank" }, "geometry": { "type": "Point", "coordinates": [ 72.6072747, 23.0509351 ] } },
{ "type": "Feature", "properties": { "element": "node", "id": 6881054301, "amenity": "blood_bank", "shop": null, "name": "Institute of Kidney Disease and Research Centre's Blood Bank" }, "geometry": { "type": "Point", "coordinates": [ 72.6017466, 23.0499936 ] } },
{ "type": "Feature", "properties": { "element": "node", "id": 6881054316, "amenity": "blood_bank", "shop": null, "name": "Civil Hospital Blood Bank, Ahmedabad" }, "geometry": { "type": "Point", "coordinates": [ 72.6039473, 23.0521851 ] } },
{ "type": "Feature", "properties": { "element": "node", "id": 6881054326, "amenity": "blood_bank", "shop": null, "name": "Cross World Voluntary Blood Bank" }, "geometry": { "type": "Point", "coordinates": [ 72.5622377, 23.0472552 ] } },
{ "type": "Feature", "properties": { "element": "node", "id": 6881054331, "amenity": "blood_bank", "shop": null, "name": "Gujarat Blood Bank, Naranpura" }, "geometry": { "type": "Point", "coordinates": [ 72.5601871, 23.0553948 ] } },
{ "type": "Feature", "properties": { "element": "node", "id": 6881054336, "amenity": "blood_bank", "shop": null, "name": "Sterling Hospital's Blood Bank" }, "geometry": { "type": "Point", "coordinates": [ 72.5313574, 23.0488693 ] } },
{ "type": "Feature", "properties": { "element": "node", "id": 6881054337, "amenity": "blood_bank", "shop": null, "name": "Prathama Blood Centre" }, "geometry": { "type": "Point", "coordinates": [ 72.5417885, 23.0062053 ] } },
{ "type": "Feature", "properties": { "element": "node", "id": 6881054344, "amenity": "blood_bank", "shop": null, "name": "Dr. Jivraj Mehta Smarak Health Foundation Blood Bank" }, "geometry": { "type": "Point", "coordinates": [ 72.5432986, 23.0086532 ] } },
{ "type": "Feature", "properties": { "element": "node", "id": 6881054345, "amenity": "blood_bank", "shop": null, "name": "V. S. Hospital Blood Bank" }, "geometry": { "type": "Point", "coordinates": [ 72.570869, 23.0193231 ] } },
{ "type": "Feature", "properties": { "element": "node", "id": 6881054350, "amenity": "blood_bank", "shop": null, "name": "Gujarat Blood Bank, Paldi" }, "geometry": { "type": "Point", "coordinates": [ 72.5663817, 23.0165347 ] } },
{ "type": "Feature", "properties": { "element": "node", "id": 6881054357, "amenity": "blood_bank", "shop": null, "name": "Indian Red Cross Society Blood Bank, Ahmedabad" }, "geometry": { "type": "Point", "coordinates": [ 72.5579515, 23.012315 ] } },
{ "type": "Feature", "properties": { "element": "node", "id": 6885004578, "amenity": "blood_bank", "shop": null, "name": "General Hospital Blood Bank, Sola" }, "geometry": { "type": "Point", "coordinates": [ 72.5247699, 23.0829395 ] } },
{ "type": "Feature", "properties": { "element": "node", "id": 6885004579, "amenity": "blood_bank", "shop": null, "name": "Maha Gujarat Blood Bank" }, "geometry": { "type": "Point", "coordinates": [ 72.6024306, 22.997536799999988 ] } },
{ "type": "Feature", "properties": { "element": "node", "id": 6885004580, "amenity": "blood_bank", "shop": null, "name": "L. G. Hospital Blood Bank" }, "geometry": { "type": "Point", "coordinates": [ 72.6050511, 22.9995614 ] } },
{ "type": "Feature", "properties": { "element": "node", "id": 6885004599, "amenity": "blood_bank", "shop": null, "name": "Help Voluntary Blood Bank" }, "geometry": { "type": "Point", "coordinates": [ 72.6047862, 23.0001213 ] } },
{ "type": "Feature", "properties": { "element": "node", "id": 6885004600, "amenity": "blood_bank", "shop": null, "name": "GUJARAT CANCER MEDICAL COLLEGE's Blood Bank" }, "geometry": { "type": "Point", "coordinates": [ 72.6105738, 23.0391891 ] } },
{ "type": "Feature", "properties": { "element": "node", "id": 6885004605, "amenity": "blood_bank", "shop": null, "name": "Smt. Shardaben Hospital Blood Bank" }, "geometry": { "type": "Point", "coordinates": [ 72.6107548, 23.0330048 ] } },
{ "type": "Feature", "properties": { "element": "node", "id": 6885004614, "amenity": "blood_bank", "shop": null, "name": "Adarsh Pathology Laboratory and Blood Bank" }, "geometry": { "type": "Point", "coordinates": [ 72.6301351, 23.0377242 ] } },
{ "type": "Feature", "properties": { "element": "node", "id": 6885004623, "amenity": "blood_bank", "shop": null, "name": "White Cross Blood Bank, Naroda" }, "geometry": { "type": "Point", "coordinates": [ 72.6426664, 23.065027 ] } },
{ "type": "Feature", "properties": { "element": "node", "id": 6885004628, "amenity": "blood_bank", "shop": null, "name": "Apollo Hospital International Limited Blood Bank" }, "geometry": { "type": "Point", "coordinates": [ 72.6260528, 23.1095362 ] } },
{ "type": "Feature", "properties": { "element": "node", "id": 6888381784, "amenity": "blood_bank", "shop": null, "name": "General Hospital Blood Bank, Ahmedabad" }, "geometry": { "type": "Point", "coordinates": [ 72.6237971, 23.0280519 ] } },
{ "type": "Feature", "properties": { "element": "node", "id": 6899043130, "amenity": "place_of_worship", "shop": null, "name": "Visa Hanuman" }, "geometry": { "type": "Point", "coordinates": [ 72.5937955, 23.0228973 ] } },
{ "type": "Feature", "properties": { "element": "node", "id": 6905007356, "amenity": "blood_bank", "shop": null, "name": "Military Hospital Blood Bank, Ahmedabad" }, "geometry": { "type": "Point", "coordinates": [ 72.6120248, 23.0571162 ] } },
{ "type": "Feature", "properties": { "element": "node", "id": 6914010448, "amenity": "place_of_worship", "shop": null, "name": "Moinuddin Chisti Mosque" }, "geometry": { "type": "Point", "coordinates": [ 72.5883445, 23.0601961 ] } },
{ "type": "Feature", "properties": { "element": "node", "id": 6914081611, "amenity": null, "shop": null, "name": "The Times of India" }, "geometry": { "type": "Point", "coordinates": [ 72.5697328, 23.0342305 ] } },
{ "type": "Feature", "properties": { "element": "node", "id": 6968273217, "amenity": "hospital", "shop": null, "name": "Samarpan General Hospital, Ahmedabad" }, "geometry": { "type": "Point", "coordinates": [ 72.5254109, 23.1053006 ] } },
{ "type": "Feature", "properties": { "element": "node", "id": 6968282377, "amenity": "hospital", "shop": null, "name": "Shree Bharti Vallabh Hospital" }, "geometry": { "type": "Point", "coordinates": [ 72.5928806, 23.0495869 ] } },
{ "type": "Feature", "properties": { "element": "node", "id": 6968376270, "amenity": "hospital", "shop": null, "name": "Kunal Medical Hospital, Ahmedabad" }, "geometry": { "type": "Point", "coordinates": [ 72.6250631, 22.9982535 ] } },
{ "type": "Feature", "properties": { "element": "node", "id": 6968390522, "amenity": "clinic", "shop": null, "name": "Ortho Kids Clinic" }, "geometry": { "type": "Point", "coordinates": [ 72.5297897, 23.018609 ] } },
{ "type": "Feature", "properties": { "element": "node", "id": 6968395410, "amenity": "hospital", "shop": null, "name": "Nandan Maternity Home" }, "geometry": { "type": "Point", "coordinates": [ 72.5339005, 23.052184 ] } },
{ "type": "Feature", "properties": { "element": "node", "id": 6968404884, "amenity": "hospital", "shop": null, "name": "Kalrav Children Hospital, Ahmedabad" }, "geometry": { "type": "Point", "coordinates": [ 72.5374953, 23.0501988 ] } },
{ "type": "Feature", "properties": { "element": "node", "id": 6968417889, "amenity": "hospital", "shop": null, "name": "Cornea Foundation Hospital" }, "geometry": { "type": "Point", "coordinates": [ 72.5364487, 23.0461279 ] } },
{ "type": "Feature", "properties": { "element": "node", "id": 6968418270, "amenity": "hospital", "shop": null, "name": "Prathna Surgical And Medical Hospital" }, "geometry": { "type": "Point", "coordinates": [ 72.6411603, 23.056598 ] } },
{ "type": "Feature", "properties": { "element": "node", "id": 6968419937, "amenity": "hospital", "shop": null, "name": "Arihant Fracture and Orthopedic Hospital" }, "geometry": { "type": "Point", "coordinates": [ 72.545561, 23.0133094 ] } },
{ "type": "Feature", "properties": { "element": "node", "id": 6968717525, "amenity": "hospital", "shop": null, "name": "Chandrabhan Hospital and Gynac Institute" }, "geometry": { "type": "Point", "coordinates": [ 72.5338505, 23.0499504 ] } },
{ "type": "Feature", "properties": { "element": "node", "id": 6968717606, "amenity": "hospital", "shop": null, "name": "Jeevandeep Hospital, Sardanagar" }, "geometry": { "type": "Point", "coordinates": [ 72.6335469, 23.0856728 ] } },
{ "type": "Feature", "properties": { "element": "node", "id": 6968717622, "amenity": "hospital", "shop": null, "name": "Jagmohan Hospital, Ahmedabad" }, "geometry": { "type": "Point", "coordinates": [ 72.567755, 23.0383141 ] } },
{ "type": "Feature", "properties": { "element": "node", "id": 6968717638, "amenity": "hospital", "shop": null, "name": "Vasudha Eye Hospital" }, "geometry": { "type": "Point", "coordinates": [ 72.5895064, 23.0834466 ] } },
{ "type": "Feature", "properties": { "element": "node", "id": 6968859256, "amenity": "hospital", "shop": null, "name": "Dhwani General Hospital, Nursing Home and Materity Home" }, "geometry": { "type": "Point", "coordinates": [ 72.6448899, 23.0146498 ] } },
{ "type": "Feature", "properties": { "element": "node", "id": 6968861329, "amenity": "hospital", "shop": null, "name": "Kakadiya Hospital" }, "geometry": { "type": "Point", "coordinates": [ 72.6302853, 23.0401061 ] } },
{ "type": "Feature", "properties": { "element": "node", "id": 6968861334, "amenity": "hospital", "shop": null, "name": "Samarpan Maternity And Urosurgical Hospital" }, "geometry": { "type": "Point", "coordinates": [ 72.5157067, 23.0506982 ] } },
{ "type": "Feature", "properties": { "element": "node", "id": 6968861335, "amenity": "hospital", "shop": null, "name": "Sankalp Eye Hospital, Ahmedabad" }, "geometry": { "type": "Point", "coordinates": [ 72.5372402, 23.0052925 ] } },
{ "type": "Feature", "properties": { "element": "node", "id": 6969601192, "amenity": "hospital", "shop": null, "name": "Suvan Eye Care" }, "geometry": { "type": "Point", "coordinates": [ 72.6369452, 23.0577024 ] } },
{ "type": "Feature", "properties": { "element": "node", "id": 6969601197, "amenity": "hospital", "shop": null, "name": "Matrupooja Eye Hospital" }, "geometry": { "type": "Point", "coordinates": [ 72.6024091, 22.9745791 ] } },
{ "type": "Feature", "properties": { "element": "node", "id": 6969601212, "amenity": "hospital", "shop": null, "name": "Shaishav Children Hospital And Neonatal Care Unit" }, "geometry": { "type": "Point", "coordinates": [ 72.5187524, 23.0034352 ] } },
{ "type": "Feature", "properties": { "element": "node", "id": 6969601213, "amenity": "hospital", "shop": null, "name": "Mehta Hospital, Siddhachal" }, "geometry": { "type": "Point", "coordinates": [ 72.5258862, 23.047633 ] } },
{ "type": "Feature", "properties": { "element": "node", "id": 6969601214, "amenity": "hospital", "shop": null, "name": "Lifecare Emergency Centre" }, "geometry": { "type": "Point", "coordinates": [ 72.5789867, 23.0333194 ] } },
{ "type": "Feature", "properties": { "element": "node", "id": 6969601219, "amenity": "hospital", "shop": null, "name": "Bavishi Hospital" }, "geometry": { "type": "Point", "coordinates": [ 72.5641099, 23.0133482 ] } },
{ "type": "Feature", "properties": { "element": "node", "id": 6969611589, "amenity": "hospital", "shop": null, "name": "Poojan Children Hospital And Neonatal Care Centre" }, "geometry": { "type": "Point", "coordinates": [ 72.5591491, 23.072936 ] } },
{ "type": "Feature", "properties": { "element": "node", "id": 6969611594, "amenity": "hospital", "shop": null, "name": "Shanti Multi Speciality Hospital" }, "geometry": { "type": "Point", "coordinates": [ 72.5295308, 23.0241738 ] } },
{ "type": "Feature", "properties": { "element": "node", "id": 6969753319, "amenity": "hospital", "shop": null, "name": "Cutis Cosmetic Plastic Surgery Centre" }, "geometry": { "type": "Point", "coordinates": [ 72.537851, 23.0589018 ] } },
{ "type": "Feature", "properties": { "element": "node", "id": 6969761669, "amenity": "hospital", "shop": null, "name": "Rathi Hospital" }, "geometry": { "type": "Point", "coordinates": [ 72.5261003, 23.0228001 ] } },
{ "type": "Feature", "properties": { "element": "node", "id": 6969864002, "amenity": "hospital", "shop": null, "name": "Minal Infertility Clinic and Nursing Home" }, "geometry": { "type": "Point", "coordinates": [ 72.5608003, 23.0519495 ] } },
{ "type": "Feature", "properties": { "element": "node", "id": 6969874820, "amenity": "clinic", "shop": null, "name": "Raj Nursing Home, Ahmedabad" }, "geometry": { "type": "Point", "coordinates": [ 72.6002191, 23.0524295 ] } },
{ "type": "Feature", "properties": { "element": "node", "id": 6969886484, "amenity": "hospital", "shop": null, "name": "Navkar Surgical Hospital" }, "geometry": { "type": "Point", "coordinates": [ 72.5665131, 23.0486991 ] } },
{ "type": "Feature", "properties": { "element": "node", "id": 6969893727, "amenity": "hospital", "shop": null, "name": "Navjyot Eye Hospital, Ahmedabad" }, "geometry": { "type": "Point", "coordinates": [ 72.5703567, 23.0575049 ] } },
{ "type": "Feature", "properties": { "element": "node", "id": 6969931781, "amenity": "hospital", "shop": null, "name": "Aarna Super Speciality Hospital" }, "geometry": { "type": "Point", "coordinates": [ 72.5597177, 23.014477 ] } },
{ "type": "Feature", "properties": { "element": "node", "id": 6969940932, "amenity": "hospital", "shop": null, "name": "Shalin Hospital, Ahmedabad" }, "geometry": { "type": "Point", "coordinates": [ 72.5456992, 23.0130378 ] } },
{ "type": "Feature", "properties": { "element": "node", "id": 6969947773, "amenity": "clinic", "shop": null, "name": "Talsania Clinic" }, "geometry": { "type": "Point", "coordinates": [ 72.5582948, 23.0178468 ] } },
{ "type": "Feature", "properties": { "element": "node", "id": 6969952025, "amenity": "hospital", "shop": null, "name": "Samata Hospital Pvt.Ltd" }, "geometry": { "type": "Point", "coordinates": [ 72.5469075, 23.0827039 ] } },
{ "type": "Feature", "properties": { "element": "node", "id": 6969989859, "amenity": "clinic", "shop": null, "name": "Community Health Centre, Singarva" }, "geometry": { "type": "Point", "coordinates": [ 72.6897398, 23.0252575 ] } },
{ "type": "Feature", "properties": { "element": "node", "id": 6969999192, "amenity": "hospital", "shop": null, "name": "Amijeet Maternity Hospital" }, "geometry": { "type": "Point", "coordinates": [ 72.5595813, 23.0731324 ] } },
{ "type": "Feature", "properties": { "element": "node", "id": 6970024809, "amenity": "hospital", "shop": null, "name": "Shreeji Orthopaedic And Ent Hospital" }, "geometry": { "type": "Point", "coordinates": [ 72.5333127, 23.0471787 ] } },
{ "type": "Feature", "properties": { "element": "node", "id": 6970030047, "amenity": "hospital", "shop": null, "name": "Anand Hospital and Multispeciality" }, "geometry": { "type": "Point", "coordinates": [ 72.6406024, 23.0459742 ] } },
{ "type": "Feature", "properties": { "element": "node", "id": 6970039123, "amenity": "hospital", "shop": null, "name": "Shivam Orthopaedic and Gynec Hospital" }, "geometry": { "type": "Point", "coordinates": [ 72.5325295, 23.0363111 ] } },
{ "type": "Feature", "properties": { "element": "node", "id": 6970058728, "amenity": "hospital", "shop": null, "name": "Satyam Children Hospital" }, "geometry": { "type": "Point", "coordinates": [ 72.5838657, 23.1148697 ] } },
{ "type": "Feature", "properties": { "element": "node", "id": 6970081773, "amenity": "clinic", "shop": null, "name": "Kadam Maternity Home and Sonography Clinic" }, "geometry": { "type": "Point", "coordinates": [ 72.5959302, 23.0061658 ] } },
{ "type": "Feature", "properties": { "element": "node", "id": 6970101822, "amenity": "hospital", "shop": null, "name": "Aakshardeep Eye Hospital" }, "geometry": { "type": "Point", "coordinates": [ 72.5245567, 23.0324778 ] } },
{ "type": "Feature", "properties": { "element": "node", "id": 6970133731, "amenity": "hospital", "shop": null, "name": "Maruti Orthopedic Hospital, Nava Vadaj" }, "geometry": { "type": "Point", "coordinates": [ 72.5611098, 23.0674244 ] } },
{ "type": "Feature", "properties": { "element": "node", "id": 6970150307, "amenity": "hospital", "shop": null, "name": "Chetna Maternity Home" }, "geometry": { "type": "Point", "coordinates": [ 72.5695668, 23.0467529 ] } },
{ "type": "Feature", "properties": { "element": "node", "id": 6970228163, "amenity": "hospital", "shop": null, "name": "Akshardeep Orthopaedic Hospital, Shahibaug" }, "geometry": { "type": "Point", "coordinates": [ 72.5955185, 23.0539474 ] } },
{ "type": "Feature", "properties": { "element": "node", "id": 6970233678, "amenity": "hospital", "shop": null, "name": "Tapan Hospital Pvt Ltd" }, "geometry": { "type": "Point", "coordinates": [ 72.6297381, 23.0360347 ] } },
{ "type": "Feature", "properties": { "element": "node", "id": 6970257402, "amenity": "hospital", "shop": null, "name": "Udit Hospital Multi Speciality" }, "geometry": { "type": "Point", "coordinates": [ 72.5209209, 23.0502539 ] } },
{ "type": "Feature", "properties": { "element": "node", "id": 6970275374, "amenity": "hospital", "shop": null, "name": "Saumya Children Hospital and Neonatal Care Center" }, "geometry": { "type": "Point", "coordinates": [ 72.5420675, 23.0217867 ] } },
{ "type": "Feature", "properties": { "element": "node", "id": 6970292851, "amenity": "hospital", "shop": null, "name": "Life Care Institute Of Medical Sciences Research Hospital" }, "geometry": { "type": "Point", "coordinates": [ 72.5616422, 23.0474527 ] } },
{ "type": "Feature", "properties": { "element": "node", "id": 6970328005, "amenity": "hospital", "shop": null, "name": "Vanza Hospital" }, "geometry": { "type": "Point", "coordinates": [ 72.4740118, 23.0307499 ] } },
{ "type": "Feature", "properties": { "element": "node", "id": 6970331911, "amenity": "hospital", "shop": null, "name": "Niyati Ent Hospital" }, "geometry": { "type": "Point", "coordinates": [ 72.5615162, 23.0201192 ] } },
{ "type": "Feature", "properties": { "element": "node", "id": 6970343514, "amenity": "hospital", "shop": null, "name": "Metalia Hospital and ICCU, Diamond Market" }, "geometry": { "type": "Point", "coordinates": [ 72.6297938, 23.0361821 ] } },
{ "type": "Feature", "properties": { "element": "node", "id": 6970365464, "amenity": "hospital", "shop": null, "name": "Chitrakut Surgical Hospital" }, "geometry": { "type": "Point", "coordinates": [ 72.6254641, 23.0352325 ] } },
{ "type": "Feature", "properties": { "element": "node", "id": 6970401154, "amenity": "hospital", "shop": null, "name": "Jivansudha Heart and Medical Hospital" }, "geometry": { "type": "Point", "coordinates": [ 72.6059912, 23.0487003 ] } },
{ "type": "Feature", "properties": { "element": "node", "id": 6970407444, "amenity": "hospital", "shop": null, "name": "Marengo CIMS Hospital" }, "geometry": { "type": "Point", "coordinates": [ 72.5173965, 23.0700266 ] } },
{ "type": "Feature", "properties": { "element": "node", "id": 6970408459, "amenity": "hospital", "shop": null, "name": "Sneh Orthopaedic Hospital" }, "geometry": { "type": "Point", "coordinates": [ 72.5542313, 23.0024291 ] } },
{ "type": "Feature", "properties": { "element": "node", "id": 6970425348, "amenity": "hospital", "shop": null, "name": "Dr Sanjay Gandhi Hospital" }, "geometry": { "type": "Point", "coordinates": [ 72.5411409, 23.02741 ] } },
{ "type": "Feature", "properties": { "element": "node", "id": 6970426107, "amenity": "hospital", "shop": null, "name": "Om Pediatric and Neonatal Criticare Hospital" }, "geometry": { "type": "Point", "coordinates": [ 72.5914751, 23.0997283 ] } },
{ "type": "Feature", "properties": { "element": "node", "id": 6970427669, "amenity": "hospital", "shop": null, "name": "Priyal Hospital" }, "geometry": { "type": "Point", "coordinates": [ 72.6644231, 23.0605503 ] } },
{ "type": "Feature", "properties": { "element": "node", "id": 6970443663, "amenity": "hospital", "shop": null, "name": "Anand Multi Speciality Hospital, Ahmedabad" }, "geometry": { "type": "Point", "coordinates": [ 72.5975604, 23.0551196 ] } },
{ "type": "Feature", "properties": { "element": "node", "id": 6970443687, "amenity": "hospital", "shop": null, "name": "Dr Rupesh Shah Killol Children Hospital" }, "geometry": { "type": "Point", "coordinates": [ 72.5659485, 23.0396088 ] } },
{ "type": "Feature", "properties": { "element": "node", "id": 6970445298, "amenity": "clinic", "shop": null, "name": "Kalyani Nursing Home and Sonography Clinic" }, "geometry": { "type": "Point", "coordinates": [ 72.571388, 23.1022078 ] } },
{ "type": "Feature", "properties": { "element": "node", "id": 6970446765, "amenity": "hospital", "shop": null, "name": "Jeevandeep Hospital, Shashibaug" }, "geometry": { "type": "Point", "coordinates": [ 72.5906771, 23.0494136 ] } },
{ "type": "Feature", "properties": { "element": "node", "id": 6970460848, "amenity": "hospital", "shop": null, "name": "Naresh Hospital" }, "geometry": { "type": "Point", "coordinates": [ 72.518633, 23.0034167 ] } },
{ "type": "Feature", "properties": { "element": "node", "id": 6970462158, "amenity": "hospital", "shop": null, "name": "Shraddha Surgical Hospital, Ahmedabad" }, "geometry": { "type": "Point", "coordinates": [ 72.5333825, 23.0482276 ] } },
{ "type": "Feature", "properties": { "element": "node", "id": 6970462555, "amenity": "hospital", "shop": null, "name": "Baps Yogiji Maharaj Hospital" }, "geometry": { "type": "Point", "coordinates": [ 72.5887862, 23.0462013 ] } },
{ "type": "Feature", "properties": { "element": "node", "id": 6970462648, "amenity": "hospital", "shop": null, "name": "Gynaecare Women's Hospital" }, "geometry": { "type": "Point", "coordinates": [ 72.5265187, 23.0134377 ] } },
{ "type": "Feature", "properties": { "element": "node", "id": 6970466463, "amenity": "hospital", "shop": null, "name": "Rhythm Cardio Pulmonory Care Centre and Medical Hospital" }, "geometry": { "type": "Point", "coordinates": [ 72.5608045, 23.0521189 ] } },
{ "type": "Feature", "properties": { "element": "node", "id": 6970467886, "amenity": "hospital", "shop": null, "name": "Aarti Surgical Nursing Home" }, "geometry": { "type": "Point", "coordinates": [ 72.6121724, 22.9960097 ] } },
{ "type": "Feature", "properties": { "element": "node", "id": 6970468038, "amenity": "hospital", "shop": null, "name": "Navkar Ear Nose Throat Hospital" }, "geometry": { "type": "Point", "coordinates": [ 72.561315, 23.0083964 ] } },
{ "type": "Feature", "properties": { "element": "node", "id": 6970512563, "amenity": "hospital", "shop": null, "name": "Gitanjali Children Hospital" }, "geometry": { "type": "Point", "coordinates": [ 72.6595862, 23.0738176 ] } },
{ "type": "Feature", "properties": { "element": "node", "id": 6970516275, "amenity": "hospital", "shop": null, "name": "Shilp E.N.T Clinic and Hospital" }, "geometry": { "type": "Point", "coordinates": [ 72.5930405, 23.1089581 ] } },
{ "type": "Feature", "properties": { "element": "node", "id": 6970516599, "amenity": "hospital", "shop": null, "name": "Shreeji Children Hospital" }, "geometry": { "type": "Point", "coordinates": [ 72.4747232, 23.0294544 ] } },
{ "type": "Feature", "properties": { "element": "node", "id": 6970522371, "amenity": "hospital", "shop": null, "name": "Shivam Surgical Hospital" }, "geometry": { "type": "Point", "coordinates": [ 72.6528769, 23.0730267 ] } },
{ "type": "Feature", "properties": { "element": "node", "id": 6970525741, "amenity": "hospital", "shop": null, "name": "Parimal Multispeciality Hospital" }, "geometry": { "type": "Point", "coordinates": [ 72.5577027, 23.0172667 ] } },
{ "type": "Feature", "properties": { "element": "node", "id": 6970537843, "amenity": "hospital", "shop": null, "name": "Netra Jyoti Eye and Ent Hospital" }, "geometry": { "type": "Point", "coordinates": [ 72.588505, 23.109337599999989 ] } },
{ "type": "Feature", "properties": { "element": "node", "id": 6970541617, "amenity": "hospital", "shop": null, "name": "Shrey Hospital" }, "geometry": { "type": "Point", "coordinates": [ 72.5647707, 23.0376566 ] } },
{ "type": "Feature", "properties": { "element": "node", "id": 6970544615, "amenity": "hospital", "shop": null, "name": "Apex Heart Institute" }, "geometry": { "type": "Point", "coordinates": [ 72.5139306, 23.0457442 ] } },
{ "type": "Feature", "properties": { "element": "node", "id": 6970544855, "amenity": "hospital", "shop": null, "name": "Het Eye Care" }, "geometry": { "type": "Point", "coordinates": [ 72.5625072, 23.0085551 ] } },
{ "type": "Feature", "properties": { "element": "node", "id": 6970546258, "amenity": "hospital", "shop": null, "name": "Utkarsh Hospital, Ahmedabad" }, "geometry": { "type": "Point", "coordinates": [ 72.5783663, 23.1078991 ] } },
{ "type": "Feature", "properties": { "element": "node", "id": 6970546266, "amenity": "clinic", "shop": null, "name": "Hemato-Oncology Clinic" }, "geometry": { "type": "Point", "coordinates": [ 72.559845100000018, 23.0402628 ] } },
{ "type": "Feature", "properties": { "element": "node", "id": 6970549388, "amenity": "hospital", "shop": null, "name": "Tilak Hospital (Multispeciality), Ahmedabad" }, "geometry": { "type": "Point", "coordinates": [ 72.6222763, 23.0334255 ] } },
{ "type": "Feature", "properties": { "element": "node", "id": 6970554098, "amenity": "hospital", "shop": null, "name": "Sagar Orthopaedic Hospital, Bapunagar" }, "geometry": { "type": "Point", "coordinates": [ 72.630339, 23.0362408 ] } },
{ "type": "Feature", "properties": { "element": "node", "id": 6970555031, "amenity": "hospital", "shop": null, "name": "Kalrav Nenotal And Children Hospital" }, "geometry": { "type": "Point", "coordinates": [ 72.6365779, 23.0389968 ] } },
{ "type": "Feature", "properties": { "element": "node", "id": 6970563969, "amenity": "doctors", "shop": null, "name": "Savalia Hospital, (Dr. Anjana J Savalia)" }, "geometry": { "type": "Point", "coordinates": [ 72.6377883, 23.0333438 ] } },
{ "type": "Feature", "properties": { "element": "node", "id": 6970568349, "amenity": "clinic", "shop": null, "name": "Hina Maternity Nursing Home" }, "geometry": { "type": "Point", "coordinates": [ 72.5450407, 23.056809 ] } },
{ "type": "Feature", "properties": { "element": "node", "id": 6970569366, "amenity": "hospital", "shop": null, "name": "Panchshil Hospital" }, "geometry": { "type": "Point", "coordinates": [ 72.59197540000001, 23.0843348 ] } },
{ "type": "Feature", "properties": { "element": "node", "id": 6970575492, "amenity": "clinic", "shop": null, "name": "Smruti Eye Hospital" }, "geometry": { "type": "Point", "coordinates": [ 72.6302717, 23.0395468 ] } },
{ "type": "Feature", "properties": { "element": "node", "id": 6970584034, "amenity": "hospital", "shop": null, "name": "Welcare Women's Hospital" }, "geometry": { "type": "Point", "coordinates": [ 72.5623058, 23.0453225 ] } },
{ "type": "Feature", "properties": { "element": "node", "id": 6970589180, "amenity": "clinic", "shop": null, "name": "Shivam Eye Hospital" }, "geometry": { "type": "Point", "coordinates": [ 72.6359743, 22.9994009 ] } },
{ "type": "Feature", "properties": { "element": "node", "id": 6970590541, "amenity": "hospital", "shop": null, "name": "Arpan Newborncare Centre" }, "geometry": { "type": "Point", "coordinates": [ 72.5474321, 23.0411016 ] } },
{ "type": "Feature", "properties": { "element": "node", "id": 6970597384, "amenity": "hospital", "shop": null, "name": "Sheth Hospital and Maternity Home" }, "geometry": { "type": "Point", "coordinates": [ 72.554928, 23.0023106 ] } },
{ "type": "Feature", "properties": { "element": "node", "id": 6970637983, "amenity": "hospital", "shop": null, "name": "Shubham Ent Hospital" }, "geometry": { "type": "Point", "coordinates": [ 72.645708, 23.0217991 ] } },
{ "type": "Feature", "properties": { "element": "node", "id": 6970647045, "amenity": "clinic", "shop": null, "name": "Chhaya Maternity Nursing Home" }, "geometry": { "type": "Point", "coordinates": [ 72.599806, 22.9798599 ] } },
{ "type": "Feature", "properties": { "element": "node", "id": 6970657405, "amenity": "clinic", "shop": null, "name": "Mangeet Medical Nursing Home and Heart Care" }, "geometry": { "type": "Point", "coordinates": [ 72.5542206, 23.0187491 ] } },
{ "type": "Feature", "properties": { "element": "node", "id": 6970657650, "amenity": "hospital", "shop": null, "name": "Vasundhara Medical Hospital" }, "geometry": { "type": "Point", "coordinates": [ 72.6252736, 23.0348264 ] } },
{ "type": "Feature", "properties": { "element": "node", "id": 6970675546, "amenity": "hospital", "shop": null, "name": "Shridhaj Orthopaedic Hospital" }, "geometry": { "type": "Point", "coordinates": [ 72.5330586, 23.0057708 ] } },
{ "type": "Feature", "properties": { "element": "node", "id": 6970683370, "amenity": "hospital", "shop": null, "name": "Clear Vision Eye Hospital (Unit 2)" }, "geometry": { "type": "Point", "coordinates": [ 72.5252219, 23.026235 ] } },
{ "type": "Feature", "properties": { "element": "node", "id": 6970688331, "amenity": "hospital", "shop": null, "name": "Jatan Children Hospital, Ahmedabad" }, "geometry": { "type": "Point", "coordinates": [ 72.5628076, 23.0664632 ] } },
{ "type": "Feature", "properties": { "element": "node", "id": 6970711353, "amenity": "hospital", "shop": null, "name": "Pulse Iccu and Hospital" }, "geometry": { "type": "Point", "coordinates": [ 72.566667, 23.0604581 ] } },
{ "type": "Feature", "properties": { "element": "node", "id": 6970714505, "amenity": "clinic", "shop": null, "name": "Dr. Kaushik Vaidhya Medical Nursing Home" }, "geometry": { "type": "Point", "coordinates": [ 72.5449233, 23.0567189 ] } },
{ "type": "Feature", "properties": { "element": "node", "id": 6970724547, "amenity": "hospital", "shop": null, "name": "Shree Raj Hospital, Ahmedabad" }, "geometry": { "type": "Point", "coordinates": [ 72.5326094, 23.0461853 ] } },
{ "type": "Feature", "properties": { "element": "node", "id": 6970724571, "amenity": "hospital", "shop": null, "name": "Lekhadia Hospital" }, "geometry": { "type": "Point", "coordinates": [ 72.5557615, 23.0042154 ] } },
{ "type": "Feature", "properties": { "element": "node", "id": 6970724581, "amenity": "hospital", "shop": null, "name": "Odhav Orthopaedic Hospital" }, "geometry": { "type": "Point", "coordinates": [ 72.6450308, 23.0123687 ] } },
{ "type": "Feature", "properties": { "element": "node", "id": 6970724582, "amenity": "clinic", "shop": null, "name": "Royal Maternity and Nursing Home" }, "geometry": { "type": "Point", "coordinates": [ 72.472678700000017, 23.0306956 ] } },
{ "type": "Feature", "properties": { "element": "node", "id": 6970724583, "amenity": "hospital", "shop": null, "name": "Ami-Sagar Hospital" }, "geometry": { "type": "Point", "coordinates": [ 72.5667344, 23.0686632 ] } },
{ "type": "Feature", "properties": { "element": "node", "id": 6970732298, "amenity": "hospital", "shop": null, "name": "Amijyot Eye Hospital" }, "geometry": { "type": "Point", "coordinates": [ 72.5589721, 23.0074188 ] } },
{ "type": "Feature", "properties": { "element": "node", "id": 6970732333, "amenity": "hospital", "shop": null, "name": "Khara Fracture and Orthopaedic Hospital" }, "geometry": { "type": "Point", "coordinates": [ 72.5887057, 23.0826952 ] } },
{ "type": "Feature", "properties": { "element": "node", "id": 6970732343, "amenity": "hospital", "shop": null, "name": "Dr. Dilip Modi Hospital" }, "geometry": { "type": "Point", "coordinates": [ 72.5714216, 23.0285678 ] } },
{ "type": "Feature", "properties": { "element": "node", "id": 6970767778, "amenity": "hospital", "shop": null, "name": "Ratnam Eye Hospital" }, "geometry": { "type": "Point", "coordinates": [ 72.5595085, 23.0082903 ] } },
{ "type": "Feature", "properties": { "element": "node", "id": 6970793021, "amenity": "hospital", "shop": null, "name": "Navjivan Orthopaedic and Maternity Hospital" }, "geometry": { "type": "Point", "coordinates": [ 72.6427073, 23.0536919 ] } },
{ "type": "Feature", "properties": { "element": "node", "id": 6970805021, "amenity": "hospital", "shop": null, "name": "Akshar Surgical Hospital, Maninagar" }, "geometry": { "type": "Point", "coordinates": [ 72.6075442, 22.9950715 ] } },
{ "type": "Feature", "properties": { "element": "node", "id": 6970824544, "amenity": "hospital", "shop": null, "name": "Synergy Neonatal and Pediatric Centre" }, "geometry": { "type": "Point", "coordinates": [ 72.6082537, 22.9957344 ] } },
{ "type": "Feature", "properties": { "element": "node", "id": 6970826977, "amenity": "hospital", "shop": null, "name": "Anand Surgical Hospital Ltd." }, "geometry": { "type": "Point", "coordinates": [ 72.630925, 23.0549888 ] } },
{ "type": "Feature", "properties": { "element": "node", "id": 6970854205, "amenity": "hospital", "shop": null, "name": "Navneet Memorial Hospital" }, "geometry": { "type": "Point", "coordinates": [ 72.561022, 23.0309628 ] } },
{ "type": "Feature", "properties": { "element": "node", "id": 6970872877, "amenity": "hospital", "shop": null, "name": "Chandandwar Hospital" }, "geometry": { "type": "Point", "coordinates": [ 72.5265107, 23.0475378 ] } },
{ "type": "Feature", "properties": { "element": "node", "id": 6970893337, "amenity": "hospital", "shop": null, "name": "Jhanvi Fracture and Orthopaedic Hospital" }, "geometry": { "type": "Point", "coordinates": [ 72.6053086, 22.988069 ] } },
{ "type": "Feature", "properties": { "element": "node", "id": 6970923829, "amenity": "hospital", "shop": null, "name": "Chandramani Hospital" }, "geometry": { "type": "Point", "coordinates": [ 72.5948212, 23.0488268 ] } },
{ "type": "Feature", "properties": { "element": "node", "id": 6970930475, "amenity": "hospital", "shop": null, "name": "Chaturbhai Mavawala Kidney Hospital and Laparoscopic" }, "geometry": { "type": "Point", "coordinates": [ 72.5699088, 23.0366258 ] } },
{ "type": "Feature", "properties": { "element": "node", "id": 6970969227, "amenity": "hospital", "shop": null, "name": "Abhishek Hospital and Heart Centre" }, "geometry": { "type": "Point", "coordinates": [ 72.6079452, 22.9995355 ] } },
{ "type": "Feature", "properties": { "element": "node", "id": 6970981040, "amenity": "hospital", "shop": null, "name": "Dr.Atul Shah Eye Hospital" }, "geometry": { "type": "Point", "coordinates": [ 72.535484, 23.061092 ] } },
{ "type": "Feature", "properties": { "element": "node", "id": 6970983906, "amenity": "hospital", "shop": null, "name": "Gandhi Uro Care" }, "geometry": { "type": "Point", "coordinates": [ 72.5663348, 23.0165285 ] } },
{ "type": "Feature", "properties": { "element": "node", "id": 6970994343, "amenity": "hospital", "shop": null, "name": "Dhwani Children Hospital" }, "geometry": { "type": "Point", "coordinates": [ 72.5941667, 23.0222866 ] } },
{ "type": "Feature", "properties": { "element": "node", "id": 6971005459, "amenity": "hospital", "shop": null, "name": "Umiya Surgical Hospital" }, "geometry": { "type": "Point", "coordinates": [ 72.5507015, 23.059151 ] } },
{ "type": "Feature", "properties": { "element": "node", "id": 6971013949, "amenity": "hospital", "shop": null, "name": "Sannidhya Hospital" }, "geometry": { "type": "Point", "coordinates": [ 72.5626011, 23.0183023 ] } },
{ "type": "Feature", "properties": { "element": "node", "id": 6971034528, "amenity": "hospital", "shop": null, "name": "Jankalyan Hospital, Ahmedabad" }, "geometry": { "type": "Point", "coordinates": [ 72.5905041, 23.0013354 ] } },
{ "type": "Feature", "properties": { "element": "node", "id": 6971034538, "amenity": "clinic", "shop": null, "name": "Dhruv Health Care" }, "geometry": { "type": "Point", "coordinates": [ 72.6318021, 22.9925296 ] } },
{ "type": "Feature", "properties": { "element": "node", "id": 6971034574, "amenity": "hospital", "shop": null, "name": "Livewell Pain & Spine Hospital" }, "geometry": { "type": "Point", "coordinates": [ 72.5420791, 23.0456264 ] } },
{ "type": "Feature", "properties": { "element": "node", "id": 6971932491, "amenity": "hospital", "shop": null, "name": "Tulip Women's Hospital" }, "geometry": { "type": "Point", "coordinates": [ 72.5189468, 23.020171 ] } },
{ "type": "Feature", "properties": { "element": "node", "id": 6971932492, "amenity": "clinic", "shop": null, "name": "Matulya ENT Clinic" }, "geometry": { "type": "Point", "coordinates": [ 72.5298192, 23.0200451 ] } },
{ "type": "Feature", "properties": { "element": "node", "id": 6971932493, "amenity": "hospital", "shop": null, "name": "Parimal Hospital, Ahmedabad" }, "geometry": { "type": "Point", "coordinates": [ 72.609062300000019, 22.9997731 ] } },
{ "type": "Feature", "properties": { "element": "node", "id": 6971932502, "amenity": "hospital", "shop": null, "name": "Jyoti Maternity Hospital" }, "geometry": { "type": "Point", "coordinates": [ 72.5385243, 23.0221879 ] } },
{ "type": "Feature", "properties": { "element": "node", "id": 6971932520, "amenity": "hospital", "shop": null, "name": "Centre For Sight, Ahmedabad" }, "geometry": { "type": "Point", "coordinates": [ 72.5554597, 23.0328801 ] } },
{ "type": "Feature", "properties": { "element": "node", "id": 6971932525, "amenity": "hospital", "shop": null, "name": "Jyoti Eye Hospital- Phaco Laser Centre" }, "geometry": { "type": "Point", "coordinates": [ 72.5589976, 23.0121836 ] } },
{ "type": "Feature", "properties": { "element": "node", "id": 6971932530, "amenity": "hospital", "shop": null, "name": "Dr Ajay Praful Munshi Surgical Nursing Home" }, "geometry": { "type": "Point", "coordinates": [ 72.5601871, 23.0012243 ] } },
{ "type": "Feature", "properties": { "element": "node", "id": 6971932535, "amenity": "hospital", "shop": null, "name": "Ratan Hospital" }, "geometry": { "type": "Point", "coordinates": [ 72.595249, 23.000933 ] } },
{ "type": "Feature", "properties": { "element": "node", "id": 6971932536, "amenity": "hospital", "shop": null, "name": "Pooja Hospital, Ahmedabad" }, "geometry": { "type": "Point", "coordinates": [ 72.6207709, 23.0562136 ] } },
{ "type": "Feature", "properties": { "element": "node", "id": 6971932541, "amenity": "hospital", "shop": null, "name": "Shilp Orthopaedics And Trauma Centre" }, "geometry": { "type": "Point", "coordinates": [ 72.6028711, 22.9830966 ] } },
{ "type": "Feature", "properties": { "element": "node", "id": 6971932546, "amenity": "clinic", "shop": null, "name": "Shashvat Child Care" }, "geometry": { "type": "Point", "coordinates": [ 72.6174791, 22.9910938 ] } },
{ "type": "Feature", "properties": { "element": "node", "id": 6971932551, "amenity": "hospital", "shop": null, "name": "Sardar Hosital" }, "geometry": { "type": "Point", "coordinates": [ 72.6009165, 22.9990899 ] } },
{ "type": "Feature", "properties": { "element": "node", "id": 6971932552, "amenity": "hospital", "shop": null, "name": "Clear Vision Eye Hospital (Unit 3)" }, "geometry": { "type": "Point", "coordinates": [ 72.6048513, 23.0001972 ] } },
{ "type": "Feature", "properties": { "element": "node", "id": 6971932553, "amenity": "clinic", "shop": null, "name": "Riddhi Medical Nursing Home" }, "geometry": { "type": "Point", "coordinates": [ 72.6037985, 22.993832 ] } },
{ "type": "Feature", "properties": { "element": "node", "id": 6971932554, "amenity": "hospital", "shop": null, "name": "Kothari Onco Surgical Hospital" }, "geometry": { "type": "Point", "coordinates": [ 72.6038629, 22.9961937 ] } },
{ "type": "Feature", "properties": { "element": "node", "id": 6971932555, "amenity": "hospital", "shop": null, "name": "Nilkanth Hospital" }, "geometry": { "type": "Point", "coordinates": [ 72.611707, 22.9914752 ] } },
{ "type": "Feature", "properties": { "element": "node", "id": 6971932576, "amenity": "hospital", "shop": null, "name": "Ansuya General Hospital" }, "geometry": { "type": "Point", "coordinates": [ 72.612531100000012, 22.9906258 ] } },
{ "type": "Feature", "properties": { "element": "node", "id": 6971932581, "amenity": "hospital", "shop": null, "name": "Aastha Hospital, Ahmedabad" }, "geometry": { "type": "Point", "coordinates": [ 72.6109077, 22.9979479 ] } },
{ "type": "Feature", "properties": { "element": "node", "id": 6971973786, "amenity": "hospital", "shop": null, "name": "Ahmedabad Medical Centre" }, "geometry": { "type": "Point", "coordinates": [ 72.6118974, 22.9957122 ] } },
{ "type": "Feature", "properties": { "element": "node", "id": 6971973794, "amenity": "hospital", "shop": null, "name": "Dr Sunil Shah's Eye Hospital" }, "geometry": { "type": "Point", "coordinates": [ 72.6037475, 22.9968677 ] } },
{ "type": "Feature", "properties": { "element": "node", "id": 6971973795, "amenity": "hospital", "shop": null, "name": "Kamal Hospital, Ahmedabad" }, "geometry": { "type": "Point", "coordinates": [ 72.6119833, 22.9947147 ] } },
{ "type": "Feature", "properties": { "element": "node", "id": 6971973800, "amenity": "hospital", "shop": null, "name": "Manoramya Children Hospital and Neonatal Centre" }, "geometry": { "type": "Point", "coordinates": [ 72.6039098, 22.9956326 ] } },
{ "type": "Feature", "properties": { "element": "node", "id": 6971973801, "amenity": "hospital", "shop": null, "name": "Lavingia Orthopedic Hospital" }, "geometry": { "type": "Point", "coordinates": [ 72.6059188, 22.9922814 ] } },
{ "type": "Feature", "properties": { "element": "node", "id": 6972590201, "amenity": "hospital", "shop": null, "name": "Nidhi Eye Hospital, Ahmedabad" }, "geometry": { "type": "Point", "coordinates": [ 72.5518066, 23.061941 ] } },
{ "type": "Feature", "properties": { "element": "node", "id": 6972590215, "amenity": "clinic", "shop": null, "name": "Modi Eye Care" }, "geometry": { "type": "Point", "coordinates": [ 72.549799900000011, 23.0578438 ] } },
{ "type": "Feature", "properties": { "element": "node", "id": 6972590220, "amenity": "hospital", "shop": null, "name": "Panchal Urology Centre, Ahmedabad" }, "geometry": { "type": "Point", "coordinates": [ 72.550162400000019, 23.0437233 ] } },
{ "type": "Feature", "properties": { "element": "node", "id": 6972590229, "amenity": "hospital", "shop": null, "name": "Hari Urosurgical Hospital and Andrology Centre" }, "geometry": { "type": "Point", "coordinates": [ 72.5591853, 23.0381253 ] } },
{ "type": "Feature", "properties": { "element": "node", "id": 6972590230, "amenity": "hospital", "shop": null, "name": "Usha - Deep Hospital and Nursing Home" }, "geometry": { "type": "Point", "coordinates": [ 72.5598143, 23.0522086 ] } },
{ "type": "Feature", "properties": { "element": "node", "id": 6972590235, "amenity": "hospital", "shop": null, "name": "Bhavasar Eye Hospital and Maternity Nursing Home" }, "geometry": { "type": "Point", "coordinates": [ 72.5485202, 23.0086507 ] } },
{ "type": "Feature", "properties": { "element": "node", "id": 6972590251, "amenity": "hospital", "shop": null, "name": "Devi Hospital" }, "geometry": { "type": "Point", "coordinates": [ 72.5397232, 23.0559588 ] } },
{ "type": "Feature", "properties": { "element": "node", "id": 6972590252, "amenity": "clinic", "shop": null, "name": "Shruti Maternity and Surgical Nursing Home" }, "geometry": { "type": "Point", "coordinates": [ 72.5448717, 23.0566239 ] } },
{ "type": "Feature", "properties": { "element": "node", "id": 6972590253, "amenity": "hospital", "shop": null, "name": "Kaizen Hospital" }, "geometry": { "type": "Point", "coordinates": [ 72.543684900000017, 23.0469757 ] } },
{ "type": "Feature", "properties": { "element": "node", "id": 6972590270, "amenity": "hospital", "shop": null, "name": "Milan Orthopaedic and Fracture Hospital" }, "geometry": { "type": "Point", "coordinates": [ 72.5338653, 23.0462186 ] } },
{ "type": "Feature", "properties": { "element": "node", "id": 6972590271, "amenity": "hospital", "shop": null, "name": "Aroma Womens Hospital" }, "geometry": { "type": "Point", "coordinates": [ 72.53364, 23.0544607 ] } },
{ "type": "Feature", "properties": { "element": "node", "id": 6972590272, "amenity": "hospital", "shop": null, "name": "Jain Hospital And Icu, Ahmedabad" }, "geometry": { "type": "Point", "coordinates": [ 72.533298, 23.0470491 ] } },
{ "type": "Feature", "properties": { "element": "node", "id": 6972590273, "amenity": "hospital", "shop": null, "name": "Shreekrishna Hospital and Health Care Centre" }, "geometry": { "type": "Point", "coordinates": [ 72.533251, 23.0583588 ] } },
{ "type": "Feature", "properties": { "element": "node", "id": 6972590274, "amenity": "clinic", "shop": null, "name": "Raghudeep Eye Clinic" }, "geometry": { "type": "Point", "coordinates": [ 72.5276975, 23.0469763 ] } },
{ "type": "Feature", "properties": { "element": "node", "id": 6972590275, "amenity": "hospital", "shop": null, "name": "P.N.Desai Eye Hospital" }, "geometry": { "type": "Point", "coordinates": [ 72.531753, 23.0497418 ] } },
{ "type": "Feature", "properties": { "element": "node", "id": 6972590276, "amenity": "hospital", "shop": null, "name": "Jaydeep Hospital, Ahmedabad" }, "geometry": { "type": "Point", "coordinates": [ 72.5505593, 23.0474249 ] } },
{ "type": "Feature", "properties": { "element": "node", "id": 6972590281, "amenity": "hospital", "shop": null, "name": "Sharda Eye Hospital Phaco And Laser Centre - Ahmedabad" }, "geometry": { "type": "Point", "coordinates": [ 72.5338753, 23.0500997 ] } },
{ "type": "Feature", "properties": { "element": "node", "id": 6972590282, "amenity": "hospital", "shop": null, "name": "Shantnam Eye Care Hospital" }, "geometry": { "type": "Point", "coordinates": [ 72.5419961, 23.0456349 ] } },
{ "type": "Feature", "properties": { "element": "node", "id": 6972590283, "amenity": "hospital", "shop": null, "name": "Smruti Fracture Orthopedic Hospital" }, "geometry": { "type": "Point", "coordinates": [ 72.5345345, 23.0463111 ] } },
{ "type": "Feature", "properties": { "element": "node", "id": 6972590284, "amenity": "hospital", "shop": null, "name": "Rajvee Ortho Spine and Child Neuro Hospital" }, "geometry": { "type": "Point", "coordinates": [ 72.5418225, 23.0455787 ] } },
{ "type": "Feature", "properties": { "element": "node", "id": 6972593085, "amenity": "hospital", "shop": null, "name": "Kidney And Urology Hospital" }, "geometry": { "type": "Point", "coordinates": [ 72.5334294, 23.0492285 ] } },
{ "type": "Feature", "properties": { "element": "node", "id": 6972593091, "amenity": "hospital", "shop": null, "name": "Neil Hospital, Ahmedabad" }, "geometry": { "type": "Point", "coordinates": [ 72.5305755, 23.0529941 ] } },
{ "type": "Feature", "properties": { "element": "node", "id": 6972593092, "amenity": "hospital", "shop": null, "name": "Surveen Children Hospital And Vaccination Centre" }, "geometry": { "type": "Point", "coordinates": [ 72.5209102, 23.0553553 ] } },
{ "type": "Feature", "properties": { "element": "node", "id": 6972593093, "amenity": "hospital", "shop": null, "name": "Avataran Eye Hospital and Oculoplasty Clinic" }, "geometry": { "type": "Point", "coordinates": [ 72.522199, 23.0371812 ] } },
{ "type": "Feature", "properties": { "element": "node", "id": 6972593094, "amenity": "hospital", "shop": null, "name": "Akshay Heart and Medical Hospital" }, "geometry": { "type": "Point", "coordinates": [ 72.527163800000011, 23.0311411 ] } },
{ "type": "Feature", "properties": { "element": "node", "id": 6973933639, "amenity": "clinic", "shop": null, "name": "Samdev Urology and Surgery Clinic" }, "geometry": { "type": "Point", "coordinates": [ 72.5583807, 23.0402999 ] } },
{ "type": "Feature", "properties": { "element": "node", "id": 6973933640, "amenity": "clinic", "shop": null, "name": "Nova Pulse Ivf Clinic Ahmedabad Pvt.Ltd." }, "geometry": { "type": "Point", "coordinates": [ 72.5585751, 23.0385165 ] } },
{ "type": "Feature", "properties": { "element": "node", "id": 6973933641, "amenity": "hospital", "shop": null, "name": "Aalok Hospital, Ahmedabad" }, "geometry": { "type": "Point", "coordinates": [ 72.5716656, 23.0481314 ] } },
{ "type": "Feature", "properties": { "element": "node", "id": 6973933650, "amenity": "hospital", "shop": null, "name": "Dr. Manish Ravals Hospital" }, "geometry": { "type": "Point", "coordinates": [ 72.5720197, 23.0542867 ] } },
{ "type": "Feature", "properties": { "element": "node", "id": 6973933651, "amenity": "hospital", "shop": null, "name": "Harsh Neurosurgical Hospital" }, "geometry": { "type": "Point", "coordinates": [ 72.5720304, 23.0541596 ] } },
{ "type": "Feature", "properties": { "element": "node", "id": 6973933652, "amenity": "hospital", "shop": null, "name": "Bodycare Orthopaedic and Trauma Hospital" }, "geometry": { "type": "Point", "coordinates": [ 72.5720505, 23.054227499999989 ] } },
{ "type": "Feature", "properties": { "element": "node", "id": 6973933657, "amenity": "hospital", "shop": null, "name": "Shalin Eyecare Hospital, Ahmedabad" }, "geometry": { "type": "Point", "coordinates": [ 72.5622028, 23.0472984 ] } },
{ "type": "Feature", "properties": { "element": "node", "id": 6973933658, "amenity": "hospital", "shop": null, "name": "Devasya Kidney and Multi speciality Hospital, Ahmedabad" }, "geometry": { "type": "Point", "coordinates": [ 72.5703634, 23.0575728 ] } },
{ "type": "Feature", "properties": { "element": "node", "id": 6973933659, "amenity": "hospital", "shop": null, "name": "Manshi Multispeciality Hospital" }, "geometry": { "type": "Point", "coordinates": [ 72.5621612, 23.0670629 ] } },
{ "type": "Feature", "properties": { "element": "node", "id": 6973933665, "amenity": "hospital", "shop": null, "name": "Vardan Eye Hospital, Ahmedabad" }, "geometry": { "type": "Point", "coordinates": [ 72.5590418, 23.0728484 ] } },
{ "type": "Feature", "properties": { "element": "node", "id": 6973933666, "amenity": "hospital", "shop": null, "name": "Kumud Heart Hospital and Medical Nursing Home, Ahmedabad" }, "geometry": { "type": "Point", "coordinates": [ 72.5578952, 23.0606194 ] } },
{ "type": "Feature", "properties": { "element": "node", "id": 6973933671, "amenity": "hospital", "shop": null, "name": "Matruchhaya Children Hospital" }, "geometry": { "type": "Point", "coordinates": [ 72.5594985, 23.0584236 ] } },
{ "type": "Feature", "properties": { "element": "node", "id": 6973933676, "amenity": "hospital", "shop": null, "name": "Neo Children Hospital" }, "geometry": { "type": "Point", "coordinates": [ 72.5500202, 23.0643212 ] } },
{ "type": "Feature", "properties": { "element": "node", "id": 6973933681, "amenity": "hospital", "shop": null, "name": "Aastha Orthopaedic Hospital, Ahmedabad" }, "geometry": { "type": "Point", "coordinates": [ 72.4742572, 23.0296366 ] } },
{ "type": "Feature", "properties": { "element": "node", "id": 6973933682, "amenity": "hospital", "shop": null, "name": "Aarambh Heart and Medical Hospital" }, "geometry": { "type": "Point", "coordinates": [ 72.5558715, 23.0591455 ] } },
{ "type": "Feature", "properties": { "element": "node", "id": 6973949891, "amenity": "hospital", "shop": null, "name": "Sanghvi Hospital" }, "geometry": { "type": "Point", "coordinates": [ 72.5554725, 23.0584884 ] } },
{ "type": "Feature", "properties": { "element": "node", "id": 6973949892, "amenity": "hospital", "shop": null, "name": "Riddhi Maternity Home" }, "geometry": { "type": "Point", "coordinates": [ 72.5555255, 23.0584551 ] } },
{ "type": "Feature", "properties": { "element": "node", "id": 6973949897, "amenity": "clinic", "shop": null, "name": "Pruthvi Medical Nursing Home and Heart Centre" }, "geometry": { "type": "Point", "coordinates": [ 72.5626641, 23.0477513 ] } },
{ "type": "Feature", "properties": { "element": "node", "id": 6973949902, "amenity": "hospital", "shop": null, "name": "Lady Care Womens Hospital Child Care" }, "geometry": { "type": "Point", "coordinates": [ 72.5476894, 23.0538437 ] } },
{ "type": "Feature", "properties": { "element": "node", "id": 6973949907, "amenity": "hospital", "shop": null, "name": "Ankur Superspeciality Hospital" }, "geometry": { "type": "Point", "coordinates": [ 72.5562523, 23.0585304 ] } },
{ "type": "Feature", "properties": { "element": "node", "id": 6974249735, "amenity": "clinic", "shop": null, "name": "Kirenben Maternity And Nursing Home" }, "geometry": { "type": "Point", "coordinates": [ 72.5117853, 23.02251 ] } },
{ "type": "Feature", "properties": { "element": "node", "id": 6974284441, "amenity": "clinic", "shop": null, "name": "Parth Maternity and Medical Nursing Home" }, "geometry": { "type": "Point", "coordinates": [ 72.6429051, 23.0542201 ] } },
{ "type": "Feature", "properties": { "element": "node", "id": 6974296173, "amenity": "hospital", "shop": null, "name": "Jeel Children Hospital And Neonatal and Vaccination Center" }, "geometry": { "type": "Point", "coordinates": [ 72.6008186, 23.0549308 ] } },
{ "type": "Feature", "properties": { "element": "node", "id": 6974382565, "amenity": "hospital", "shop": null, "name": "Divya Jeevan Medical Hospital" }, "geometry": { "type": "Point", "coordinates": [ 72.6389033, 23.012716799999989 ] } },
{ "type": "Feature", "properties": { "element": "node", "id": 6974438114, "amenity": "clinic", "shop": null, "name": "Kalpana Maternity and Nursing Home, Ahmedabad" }, "geometry": { "type": "Point", "coordinates": [ 72.5310852, 23.0636536 ] } },
{ "type": "Feature", "properties": { "element": "node", "id": 6974487736, "amenity": "hospital", "shop": null, "name": "Sanket Children Hospial" }, "geometry": { "type": "Point", "coordinates": [ 72.5589064, 23.0073805 ] } },
{ "type": "Feature", "properties": { "element": "node", "id": 6974503519, "amenity": "hospital", "shop": null, "name": "Sivmm Kidney Hospital" }, "geometry": { "type": "Point", "coordinates": [ 72.5912216, 23.0834799 ] } },
{ "type": "Feature", "properties": { "element": "node", "id": 6974509084, "amenity": "hospital", "shop": null, "name": "U. N.Mehta Institute Of Cardiology and Research Centre" }, "geometry": { "type": "Point", "coordinates": [ 72.6013067, 23.0527257 ] } },
{ "type": "Feature", "properties": { "element": "node", "id": 6974515481, "amenity": "hospital", "shop": null, "name": "Shreeji Neonatal and Child Care" }, "geometry": { "type": "Point", "coordinates": [ 72.5959396, 23.0544261 ] } },
{ "type": "Feature", "properties": { "element": "node", "id": 6974530664, "amenity": "hospital", "shop": null, "name": "Sharda Eye Hospital" }, "geometry": { "type": "Point", "coordinates": [ 72.5920974, 23.0870576 ] } },
{ "type": "Feature", "properties": { "element": "node", "id": 6974583170, "amenity": "hospital", "shop": null, "name": "Urva Children Hospital and Neonatal Care" }, "geometry": { "type": "Point", "coordinates": [ 72.5264731, 23.0133822 ] } },
{ "type": "Feature", "properties": { "element": "node", "id": 6974588378, "amenity": "hospital", "shop": null, "name": "Arthro Care Hospital" }, "geometry": { "type": "Point", "coordinates": [ 72.5211865, 23.0405047 ] } },
{ "type": "Feature", "properties": { "element": "node", "id": 6974599099, "amenity": "hospital", "shop": null, "name": "Kheteswar Medical Educational and Research Centre Hospital" }, "geometry": { "type": "Point", "coordinates": [ 72.5654282, 23.0471775 ] } },
{ "type": "Feature", "properties": { "element": "node", "id": 6974747456, "amenity": "hospital", "shop": null, "name": "Shail Eye Hospital" }, "geometry": { "type": "Point", "coordinates": [ 72.560999200000012, 23.0521364 ] } },
{ "type": "Feature", "properties": { "element": "node", "id": 6974764947, "amenity": "hospital", "shop": null, "name": "Shah Hospital - Vadaj" }, "geometry": { "type": "Point", "coordinates": [ 72.5697197, 23.052411 ] } },
{ "type": "Feature", "properties": { "element": "node", "id": 6974774960, "amenity": "hospital", "shop": null, "name": "Sarthak Orthopaedic Hospital, Parimal Crosssing" }, "geometry": { "type": "Point", "coordinates": [ 72.5586167, 23.0194415 ] } },
{ "type": "Feature", "properties": { "element": "node", "id": 6974791050, "amenity": "hospital", "shop": null, "name": "Dhruvi ENT Hospital" }, "geometry": { "type": "Point", "coordinates": [ 72.5922891, 23.0872193 ] } },
{ "type": "Feature", "properties": { "element": "node", "id": 6974835665, "amenity": "hospital", "shop": null, "name": "Sarvamangal Women Hospital" }, "geometry": { "type": "Point", "coordinates": [ 72.5304092, 23.0134142 ] } },
{ "type": "Feature", "properties": { "element": "node", "id": 6974862427, "amenity": "hospital", "shop": null, "name": "Stavya Spine Hospital and Research Institute" }, "geometry": { "type": "Point", "coordinates": [ 72.5660652, 23.0259277 ] } },
{ "type": "Feature", "properties": { "element": "node", "id": 6974893894, "amenity": "clinic", "shop": null, "name": "Vatsalya Maternity Nursing Home" }, "geometry": { "type": "Point", "coordinates": [ 72.5212294, 23.0344821 ] } },
{ "type": "Feature", "properties": { "element": "node", "id": 6974913360, "amenity": "hospital", "shop": null, "name": "Kothari Hospital, Ahmedabad" }, "geometry": { "type": "Point", "coordinates": [ 72.6305442, 23.0855562 ] } },
{ "type": "Feature", "properties": { "element": "node", "id": 6974916862, "amenity": "hospital", "shop": null, "name": "Gurukrupa Hospital, Ahmedabad" }, "geometry": { "type": "Point", "coordinates": [ 72.5352037, 23.0604405 ] } },
{ "type": "Feature", "properties": { "element": "node", "id": 6974947589, "amenity": "hospital", "shop": null, "name": "Laxmi Heart and Medical Hospital" }, "geometry": { "type": "Point", "coordinates": [ 72.4775523, 23.0283086 ] } },
{ "type": "Feature", "properties": { "element": "node", "id": 6974971519, "amenity": "hospital", "shop": null, "name": "Navkar Children Hospital, Ahmedabad" }, "geometry": { "type": "Point", "coordinates": [ 72.5298151, 23.0162743 ] } },
{ "type": "Feature", "properties": { "element": "node", "id": 6975015289, "amenity": "hospital", "shop": null, "name": "Dr Chirag M Desai Eye Care" }, "geometry": { "type": "Point", "coordinates": [ 72.5623262, 23.0088754 ] } },
{ "type": "Feature", "properties": { "element": "node", "id": 6975089038, "amenity": "hospital", "shop": null, "name": "Bopal Multispeciality Hospital" }, "geometry": { "type": "Point", "coordinates": [ 72.4717694, 23.0315422 ] } },
{ "type": "Feature", "properties": { "element": "node", "id": 6975130062, "amenity": "hospital", "shop": null, "name": "Mother's Maternity and Nursing Home" }, "geometry": { "type": "Point", "coordinates": [ 72.549178, 23.0526874 ] } },
{ "type": "Feature", "properties": { "element": "node", "id": 6975165923, "amenity": "hospital", "shop": null, "name": "Nanavati Maternity Hospital" }, "geometry": { "type": "Point", "coordinates": [ 72.518924, 23.0034068 ] } },
{ "type": "Feature", "properties": { "element": "node", "id": 6975283854, "amenity": "hospital", "shop": null, "name": "Vaishali Hospital" }, "geometry": { "type": "Point", "coordinates": [ 72.4773833, 23.0283536 ] } },
{ "type": "Feature", "properties": { "element": "node", "id": 6975489450, "amenity": "hospital", "shop": null, "name": "Gujarat Hospital, Ahmedabad" }, "geometry": { "type": "Point", "coordinates": [ 72.6386267, 23.0045749 ] } },
{ "type": "Feature", "properties": { "element": "node", "id": 6975498331, "amenity": "hospital", "shop": null, "name": "Aadya Eye and Ent Hospital" }, "geometry": { "type": "Point", "coordinates": [ 72.6398085, 23.0619138 ] } },
{ "type": "Feature", "properties": { "element": "node", "id": 6975510816, "amenity": "hospital", "shop": null, "name": "Karnavati Hospital Pvt. Ltd." }, "geometry": { "type": "Point", "coordinates": [ 72.5725166, 23.0217016 ] } },
{ "type": "Feature", "properties": { "element": "node", "id": 6975593887, "amenity": "hospital", "shop": null, "name": "Gayathri Hospital, Ahmedabad" }, "geometry": { "type": "Point", "coordinates": [ 72.6659513, 23.1018186 ] } },
{ "type": "Feature", "properties": { "element": "node", "id": 6975593892, "amenity": "hospital", "shop": null, "name": "Dev Hospital, Vasna" }, "geometry": { "type": "Point", "coordinates": [ 72.5447845, 23.0060128 ] } },
{ "type": "Feature", "properties": { "element": "node", "id": 6975605658, "amenity": "clinic", "shop": null, "name": "Dr Praful Munishi's Nursing Home" }, "geometry": { "type": "Point", "coordinates": [ 72.5653967, 23.0197773 ] } },
{ "type": "Feature", "properties": { "element": "node", "id": 6975608462, "amenity": "hospital", "shop": null, "name": "Rukshmani Surgical Hospital" }, "geometry": { "type": "Point", "coordinates": [ 72.6416056, 23.0518255 ] } },
{ "type": "Feature", "properties": { "element": "node", "id": 6975617784, "amenity": "clinic", "shop": null, "name": "Sparsh Orthopedic Oncology Clinic" }, "geometry": { "type": "Point", "coordinates": [ 72.5699329, 23.0231938 ] } },
{ "type": "Feature", "properties": { "element": "node", "id": 6975626580, "amenity": "clinic", "shop": null, "name": "Ratan Deep Surgical And Endoscopy Clinic" }, "geometry": { "type": "Point", "coordinates": [ 72.6082449, 22.9990078 ] } },
{ "type": "Feature", "properties": { "element": "node", "id": 6975627959, "amenity": "hospital", "shop": null, "name": "Sanket Children's Speciality Hospital" }, "geometry": { "type": "Point", "coordinates": [ 72.6442704, 23.0379081 ] } },
{ "type": "Feature", "properties": { "element": "node", "id": 6975629568, "amenity": "hospital", "shop": null, "name": "Hariom Multispeciality Hospital" }, "geometry": { "type": "Point", "coordinates": [ 72.6575299, 22.999875 ] } },
{ "type": "Feature", "properties": { "element": "node", "id": 6975631040, "amenity": "hospital", "shop": null, "name": "Neelkamal Hospital Pvt Ltd (Pooja Hospital)" }, "geometry": { "type": "Point", "coordinates": [ 72.5912485, 23.0838969 ] } },
{ "type": "Feature", "properties": { "element": "node", "id": 6975633410, "amenity": "hospital", "shop": null, "name": "Trupti Hospital, Saijpur" }, "geometry": { "type": "Point", "coordinates": [ 72.6422949, 23.0638912 ] } },
{ "type": "Feature", "properties": { "element": "node", "id": 6975641054, "amenity": "hospital", "shop": null, "name": "Deep Urosurgical Hospital" }, "geometry": { "type": "Point", "coordinates": [ 72.5623074, 23.0454856 ] } },
{ "type": "Feature", "properties": { "element": "node", "id": 6975643587, "amenity": "hospital", "shop": null, "name": "Sannidhya Eye Hospital" }, "geometry": { "type": "Point", "coordinates": [ 72.5557816, 23.0060905 ] } },
{ "type": "Feature", "properties": { "element": "node", "id": 6975657008, "amenity": "hospital", "shop": null, "name": "Karnavati Super Speciality Hospital" }, "geometry": { "type": "Point", "coordinates": [ 72.6398112, 23.0604664 ] } },
{ "type": "Feature", "properties": { "element": "node", "id": 6975659494, "amenity": "hospital", "shop": null, "name": "Shyamal Orthopaedic Hospital" }, "geometry": { "type": "Point", "coordinates": [ 72.5263832, 23.0133562 ] } },
{ "type": "Feature", "properties": { "element": "node", "id": 6975679362, "amenity": "hospital", "shop": null, "name": "Sanskar Heart Care And Medical Hospital" }, "geometry": { "type": "Point", "coordinates": [ 72.589113400000016, 23.0981234 ] } },
{ "type": "Feature", "properties": { "element": "node", "id": 6975686200, "amenity": "hospital", "shop": null, "name": "Vadaj Orthopaedic Hospital" }, "geometry": { "type": "Point", "coordinates": [ 72.5692952, 23.0576184 ] } },
{ "type": "Feature", "properties": { "element": "node", "id": 6975737976, "amenity": "hospital", "shop": null, "name": "Sahjanand Eye Care Hospital" }, "geometry": { "type": "Point", "coordinates": [ 72.5532469, 23.0403424 ] } },
{ "type": "Feature", "properties": { "element": "node", "id": 6975737981, "amenity": "hospital", "shop": null, "name": "Maniar Hospital" }, "geometry": { "type": "Point", "coordinates": [ 72.5553042, 23.0328949 ] } },
{ "type": "Feature", "properties": { "element": "node", "id": 6975823750, "amenity": "hospital", "shop": null, "name": "Manish Eye Hospital - Ahmedabad" }, "geometry": { "type": "Point", "coordinates": [ 72.5505567, 23.0021131 ] } },
{ "type": "Feature", "properties": { "element": "node", "id": 6975823755, "amenity": "hospital", "shop": null, "name": "Parvati Jadav Hospital" }, "geometry": { "type": "Point", "coordinates": [ 72.6544695, 23.0763407 ] } },
{ "type": "Feature", "properties": { "element": "node", "id": 6975839535, "amenity": "hospital", "shop": null, "name": "Matru Hospital, Ahmedabad" }, "geometry": { "type": "Point", "coordinates": [ 72.622926, 23.0302148 ] } },
{ "type": "Feature", "properties": { "element": "node", "id": 6975842889, "amenity": "hospital", "shop": null, "name": "Matoshree Hospital, Ahmedabad" }, "geometry": { "type": "Point", "coordinates": [ 72.546536, 23.0006799 ] } },
{ "type": "Feature", "properties": { "element": "node", "id": 6975854570, "amenity": "hospital", "shop": null, "name": "Aashwi E.N.T.Hospital" }, "geometry": { "type": "Point", "coordinates": [ 72.5290078, 23.0371183 ] } },
{ "type": "Feature", "properties": { "element": "node", "id": 6975854571, "amenity": "hospital", "shop": null, "name": "Pushpa Children Hospital and Neonatal Care" }, "geometry": { "type": "Point", "coordinates": [ 72.5980747, 23.1067781 ] } },
{ "type": "Feature", "properties": { "element": "node", "id": 6975865066, "amenity": "hospital", "shop": null, "name": "Aarogyam Speciality Hospital" }, "geometry": { "type": "Point", "coordinates": [ 72.5556147, 23.0469542 ] } },
{ "type": "Feature", "properties": { "element": "node", "id": 6975865077, "amenity": "hospital", "shop": null, "name": "Trisha Trauma Centre and Icu" }, "geometry": { "type": "Point", "coordinates": [ 72.5591303, 23.0713999 ] } },
{ "type": "Feature", "properties": { "element": "node", "id": 6975865082, "amenity": "hospital", "shop": null, "name": "Shreejee Hospital" }, "geometry": { "type": "Point", "coordinates": [ 72.6195304, 22.979135 ] } },
{ "type": "Feature", "properties": { "element": "node", "id": 6975868087, "amenity": "hospital", "shop": null, "name": "Sanjivani Maternity" }, "geometry": { "type": "Point", "coordinates": [ 72.5245995, 23.0130681 ] } },
{ "type": "Feature", "properties": { "element": "node", "id": 6975868149, "amenity": "hospital", "shop": null, "name": "Dr. Devendra Kanaiyalal Hospital and Nursing Home" }, "geometry": { "type": "Point", "coordinates": [ 72.5681533, 23.0162681 ] } },
{ "type": "Feature", "properties": { "element": "node", "id": 6975868154, "amenity": "hospital", "shop": null, "name": "Harsiddh Hospital" }, "geometry": { "type": "Point", "coordinates": [ 72.5740326, 23.079662 ] } },
{ "type": "Feature", "properties": { "element": "node", "id": 6975868159, "amenity": "hospital", "shop": null, "name": "Gheewala Hospital" }, "geometry": { "type": "Point", "coordinates": [ 72.5638162, 23.0152127 ] } },
{ "type": "Feature", "properties": { "element": "node", "id": 6975868164, "amenity": "hospital", "shop": null, "name": "Rushabh Uro Hospital" }, "geometry": { "type": "Point", "coordinates": [ 72.533758, 23.046184 ] } },
{ "type": "Feature", "properties": { "element": "node", "id": 6975868180, "amenity": "clinic", "shop": null, "name": "Geeta Nursing Home, Ahmedabad" }, "geometry": { "type": "Point", "coordinates": [ 72.5971751, 23.0026356 ] } },
{ "type": "Feature", "properties": { "element": "node", "id": 6975868185, "amenity": "hospital", "shop": null, "name": "Vallabh Surgical Hospital" }, "geometry": { "type": "Point", "coordinates": [ 72.5360284, 23.0594844 ] } },
{ "type": "Feature", "properties": { "element": "node", "id": 6975868232, "amenity": "hospital", "shop": null, "name": "Dr. Shurti Ent Hospital" }, "geometry": { "type": "Point", "coordinates": [ 72.6097913, 22.9980056 ] } },
{ "type": "Feature", "properties": { "element": "node", "id": 6975868242, "amenity": "hospital", "shop": null, "name": "Babycare Children Hospital and Neonatal Centre" }, "geometry": { "type": "Point", "coordinates": [ 72.6291548, 22.9933987 ] } },
{ "type": "Feature", "properties": { "element": "node", "id": 6975896997, "amenity": "hospital", "shop": null, "name": "Venkaria Ortho Hospital" }, "geometry": { "type": "Point", "coordinates": [ 72.6309961, 23.0388744 ] } },
{ "type": "Feature", "properties": { "element": "node", "id": 6975904288, "amenity": "doctors", "shop": null, "name": "Dr.Santosh C.Raibagkar" }, "geometry": { "type": "Point", "coordinates": [ 72.5604567, 23.0199612 ] } },
{ "type": "Feature", "properties": { "element": "node", "id": 6976062877, "amenity": "hospital", "shop": null, "name": "Diva Eye Institute Hospital" }, "geometry": { "type": "Point", "coordinates": [ 72.5568886, 23.0182599 ] } },
{ "type": "Feature", "properties": { "element": "node", "id": 6976078072, "amenity": "clinic", "shop": null, "name": "Stavan Eye Clinic" }, "geometry": { "type": "Point", "coordinates": [ 72.5645041, 23.011259 ] } },
{ "type": "Feature", "properties": { "element": "node", "id": 6976079944, "amenity": "clinic", "shop": null, "name": "Poojan Maternity and Infertility Clinic" }, "geometry": { "type": "Point", "coordinates": [ 72.6528548, 23.0730915 ] } },
{ "type": "Feature", "properties": { "element": "node", "id": 6976100898, "amenity": "hospital", "shop": null, "name": "Khush Eye Hospital" }, "geometry": { "type": "Point", "coordinates": [ 72.5584531, 23.0186294 ] } },
{ "type": "Feature", "properties": { "element": "node", "id": 6976102828, "amenity": "clinic", "shop": null, "name": "Uma Maternity and Nursing Home" }, "geometry": { "type": "Point", "coordinates": [ 72.6627067, 23.0662385 ] } },
{ "type": "Feature", "properties": { "element": "node", "id": 6976102868, "amenity": "hospital", "shop": null, "name": "Sangini Hospital" }, "geometry": { "type": "Point", "coordinates": [ 72.5233135, 23.0250378 ] } },
{ "type": "Feature", "properties": { "element": "node", "id": 6976102874, "amenity": "doctors", "shop": null, "name": "Dr. Umesh D. Buch" }, "geometry": { "type": "Point", "coordinates": [ 72.5479241, 23.0016724 ] } },
{ "type": "Feature", "properties": { "element": "node", "id": 6976113859, "amenity": "hospital", "shop": null, "name": "Aneri Children Hospital" }, "geometry": { "type": "Point", "coordinates": [ 72.5431028, 23.0694294 ] } },
{ "type": "Feature", "properties": { "element": "node", "id": 6976113864, "amenity": "hospital", "shop": null, "name": "Divya Jyot Eye Hospital" }, "geometry": { "type": "Point", "coordinates": [ 72.5911814, 23.0838463 ] } },
{ "type": "Feature", "properties": { "element": "node", "id": 6976113865, "amenity": "hospital", "shop": null, "name": "Eye Care Hospital Pvt. Ltd." }, "geometry": { "type": "Point", "coordinates": [ 72.5498479, 23.0241454 ] } },
{ "type": "Feature", "properties": { "element": "node", "id": 6976120285, "amenity": "hospital", "shop": null, "name": "Raj Ent Hospital" }, "geometry": { "type": "Point", "coordinates": [ 72.5640978, 23.0519939 ] } },
{ "type": "Feature", "properties": { "element": "node", "id": 6976120295, "amenity": "hospital", "shop": null, "name": "Valu Hospital" }, "geometry": { "type": "Point", "coordinates": [ 72.5616597, 23.0461976 ] } },
{ "type": "Feature", "properties": { "element": "node", "id": 6976136403, "amenity": "hospital", "shop": null, "name": "Satyamev Hospital" }, "geometry": { "type": "Point", "coordinates": [ 72.5815442, 23.1204422 ] } },
{ "type": "Feature", "properties": { "element": "node", "id": 6976136409, "amenity": "hospital", "shop": null, "name": "Polio Foundation" }, "geometry": { "type": "Point", "coordinates": [ 72.537490300000016, 23.0047117 ] } },
{ "type": "Feature", "properties": { "element": "node", "id": 6976136430, "amenity": "hospital", "shop": null, "name": "Archit Orthopaedic Hospital" }, "geometry": { "type": "Point", "coordinates": [ 72.5567982, 23.0070978 ] } },
{ "type": "Feature", "properties": { "element": "node", "id": 6976489668, "amenity": "hospital", "shop": null, "name": "Saraswati Eye Hospital, Ahmedabad" }, "geometry": { "type": "Point", "coordinates": [ 72.6422057, 23.063798 ] } },
{ "type": "Feature", "properties": { "element": "node", "id": 6976489889, "amenity": "hospital", "shop": null, "name": "Bavishi Eye Hospital, Ahmedabad" }, "geometry": { "type": "Point", "coordinates": [ 72.541327200000012, 23.0218028 ] } },
{ "type": "Feature", "properties": { "element": "node", "id": 6976489896, "amenity": "clinic", "shop": null, "name": "Pankit Nursing Home" }, "geometry": { "type": "Point", "coordinates": [ 72.5661081, 23.0397778 ] } },
{ "type": "Feature", "properties": { "element": "node", "id": 6976523987, "amenity": "hospital", "shop": null, "name": "Shreedhar Hospital, Ahmedabad" }, "geometry": { "type": "Point", "coordinates": [ 72.6591285, 23.000075 ] } },
{ "type": "Feature", "properties": { "element": "node", "id": 6976524012, "amenity": "clinic", "shop": null, "name": "Dr. Rajendra C. Patel Orthopaedic Nursing Home" }, "geometry": { "type": "Point", "coordinates": [ 72.5653041, 23.0315465 ] } },
{ "type": "Feature", "properties": { "element": "node", "id": 6976868688, "amenity": "clinic", "shop": null, "name": "Sarjan Maternity and Nursing Home" }, "geometry": { "type": "Point", "coordinates": [ 72.5483291, 23.0023131 ] } },
{ "type": "Feature", "properties": { "element": "node", "id": 6977128103, "amenity": "hospital", "shop": null, "name": "Aash Arthoscopy Centre" }, "geometry": { "type": "Point", "coordinates": [ 72.560572, 23.0176604 ] } },
{ "type": "Feature", "properties": { "element": "node", "id": 6977128122, "amenity": "hospital", "shop": null, "name": "Ashirwad Surgical Hospital, C.T.M" }, "geometry": { "type": "Point", "coordinates": [ 72.6359045, 22.9997985 ] } },
{ "type": "Feature", "properties": { "element": "node", "id": 6977128145, "amenity": "hospital", "shop": null, "name": "Sushri Jasumatiben Shantilal Surti Charitable General Hospital" }, "geometry": { "type": "Point", "coordinates": [ 72.5319609, 23.0256722 ] } },
{ "type": "Feature", "properties": { "element": "node", "id": 6977175156, "amenity": "hospital", "shop": null, "name": "Dr. Shailesh Shah Surgical Hospital and End. Clinic" }, "geometry": { "type": "Point", "coordinates": [ 72.5988331, 23.0095864 ] } },
{ "type": "Feature", "properties": { "element": "node", "id": 6977209293, "amenity": "hospital", "shop": null, "name": "Vrundavan Hospital, Ahmedabad" }, "geometry": { "type": "Point", "coordinates": [ 72.5582439, 23.0471713 ] } },
{ "type": "Feature", "properties": { "element": "node", "id": 6977547385, "amenity": "hospital", "shop": null, "name": "Arihant Heart And Medical Hospital" }, "geometry": { "type": "Point", "coordinates": [ 72.5956231, 23.0538573 ] } },
{ "type": "Feature", "properties": { "element": "node", "id": 6977560828, "amenity": "hospital", "shop": null, "name": "Shaurya Hospital, Ahmedabad" }, "geometry": { "type": "Point", "coordinates": [ 72.5626293, 23.0109689 ] } },
{ "type": "Feature", "properties": { "element": "node", "id": 6977562492, "amenity": "hospital", "shop": null, "name": "Sparsh Netralaya" }, "geometry": { "type": "Point", "coordinates": [ 72.595426, 23.0539511 ] } },
{ "type": "Feature", "properties": { "element": "node", "id": 6977562756, "amenity": "hospital", "shop": null, "name": "Parth Eye Hospital, Ahmedabad" }, "geometry": { "type": "Point", "coordinates": [ 72.5901327, 23.0048092 ] } },
{ "type": "Feature", "properties": { "element": "node", "id": 6977588678, "amenity": "hospital", "shop": null, "name": "Swastik Hospital, Ahmedabad" }, "geometry": { "type": "Point", "coordinates": [ 72.67597, 23.0395285 ] } },
{ "type": "Feature", "properties": { "element": "node", "id": 6977637653, "amenity": "hospital", "shop": null, "name": "Navkar Hospital" }, "geometry": { "type": "Point", "coordinates": [ 72.5457716, 23.0129094 ] } },
{ "type": "Feature", "properties": { "element": "node", "id": 6977866283, "amenity": "hospital", "shop": null, "name": "Pushpam Hospital, Ahmedabad" }, "geometry": { "type": "Point", "coordinates": [ 72.5697277, 23.1029936 ] } },
{ "type": "Feature", "properties": { "element": "node", "id": 6977867216, "amenity": "hospital", "shop": null, "name": "Swari Ent Hospital, Ahmedabad" }, "geometry": { "type": "Point", "coordinates": [ 72.583823, 23.0668688 ] } },
{ "type": "Feature", "properties": { "element": "node", "id": 6977883522, "amenity": "hospital", "shop": null, "name": "Krishna Shalby Hospital" }, "geometry": { "type": "Point", "coordinates": [ 72.4414712, 23.0239294 ] } },
{ "type": "Feature", "properties": { "element": "node", "id": 6977886470, "amenity": "hospital", "shop": null, "name": "Sagar Hospital, Ahmedabad" }, "geometry": { "type": "Point", "coordinates": [ 72.5335769, 23.0063905 ] } },
{ "type": "Feature", "properties": { "element": "node", "id": 6977886679, "amenity": "hospital", "shop": null, "name": "Chhabra Eye Hospital" }, "geometry": { "type": "Point", "coordinates": [ 72.5268432, 23.0259215 ] } },
{ "type": "Feature", "properties": { "element": "node", "id": 6977953364, "amenity": "clinic", "shop": null, "name": "Prabhu Nursing Home, Ahmedabad" }, "geometry": { "type": "Point", "coordinates": [ 72.6357423, 22.9993553 ] } },
{ "type": "Feature", "properties": { "element": "node", "id": 6977959988, "amenity": "hospital", "shop": null, "name": "Vatsalya Children Hospital, Ahmedabad" }, "geometry": { "type": "Point", "coordinates": [ 72.5337875, 23.0482795 ] } },
{ "type": "Feature", "properties": { "element": "node", "id": 6977976017, "amenity": "clinic", "shop": null, "name": "Om Surgical Nursing Home" }, "geometry": { "type": "Point", "coordinates": [ 72.5582573, 23.0179184 ] } },
{ "type": "Feature", "properties": { "element": "node", "id": 6977983456, "amenity": "hospital", "shop": null, "name": "Aastha Eye Hospital" }, "geometry": { "type": "Point", "coordinates": [ 72.5275755, 23.0255723 ] } },
{ "type": "Feature", "properties": { "element": "node", "id": 6977984314, "amenity": "hospital", "shop": null, "name": "Gmers Medical College Hospital" }, "geometry": { "type": "Point", "coordinates": [ 72.524609, 23.0827619 ] } },
{ "type": "Feature", "properties": { "element": "node", "id": 6978013050, "amenity": "hospital", "shop": null, "name": "Super Surgical Hospital, Ahmedabad" }, "geometry": { "type": "Point", "coordinates": [ 72.5594562, 23.0354102 ] } },
{ "type": "Feature", "properties": { "element": "node", "id": 6978023117, "amenity": "hospital", "shop": null, "name": "Krishna Hospital and ICCU" }, "geometry": { "type": "Point", "coordinates": [ 72.5631899, 23.0672085 ] } },
{ "type": "Feature", "properties": { "element": "node", "id": 6978283068, "amenity": "hospital", "shop": null, "name": "Satellite Orthopaedic Hospital And Research Centre Pvt Ltd" }, "geometry": { "type": "Point", "coordinates": [ 72.5253627, 23.0137315 ] } },
{ "type": "Feature", "properties": { "element": "node", "id": 6978371845, "amenity": "hospital", "shop": null, "name": "Chirayu Orthopaedic and Spine Hospital" }, "geometry": { "type": "Point", "coordinates": [ 72.5658171, 23.0070435 ] } },
{ "type": "Feature", "properties": { "element": "node", "id": 6978383380, "amenity": "hospital", "shop": null, "name": "Adwait Ent Hospital" }, "geometry": { "type": "Point", "coordinates": [ 72.5777945, 23.0400753 ] } },
{ "type": "Feature", "properties": { "element": "node", "id": 6978384976, "amenity": "hospital", "shop": null, "name": "Long Life Hospital, Ahmedabad" }, "geometry": { "type": "Point", "coordinates": [ 72.563785300000021, 23.013039 ] } },
{ "type": "Feature", "properties": { "element": "node", "id": 6978398222, "amenity": "hospital", "shop": null, "name": "Mamta Children Hospital, Ahmedabad" }, "geometry": { "type": "Point", "coordinates": [ 72.5313695, 23.0239912 ] } },
{ "type": "Feature", "properties": { "element": "node", "id": 6978420762, "amenity": "clinic", "shop": null, "name": "Jay Prasuti Gruh and Nursing Home" }, "geometry": { "type": "Point", "coordinates": [ 72.4778487, 23.0282894 ] } },
{ "type": "Feature", "properties": { "element": "node", "id": 6978561277, "amenity": "hospital", "shop": null, "name": "Shantilal Parikh Hospital and Check Up Clinic" }, "geometry": { "type": "Point", "coordinates": [ 72.57069, 23.0373342 ] } },
{ "type": "Feature", "properties": { "element": "node", "id": 6978571652, "amenity": "hospital", "shop": null, "name": "Dr.Anil V.Patel Eye Hospital" }, "geometry": { "type": "Point", "coordinates": [ 72.566613, 23.0671493 ] } },
{ "type": "Feature", "properties": { "element": "node", "id": 6978571769, "amenity": "hospital", "shop": null, "name": "Sharda Clinic and Hospital" }, "geometry": { "type": "Point", "coordinates": [ 72.6049981, 23.0442336 ] } },
{ "type": "Feature", "properties": { "element": "node", "id": 6978612436, "amenity": "doctors", "shop": null, "name": "Dr.Haroonbhai Jusabbhai Memon" }, "geometry": { "type": "Point", "coordinates": [ 72.5860812, 23.0273162 ] } },
{ "type": "Feature", "properties": { "element": "node", "id": 6978625512, "amenity": "hospital", "shop": null, "name": "Dr.Joshi Maternity And Gynec Hospital" }, "geometry": { "type": "Point", "coordinates": [ 72.5606538, 23.0188639 ] } },
{ "type": "Feature", "properties": { "element": "node", "id": 6978633948, "amenity": "hospital", "shop": null, "name": "Dr.Nagoris Institute Hospital" }, "geometry": { "type": "Point", "coordinates": [ 72.5260802, 23.0263782 ] } },
{ "type": "Feature", "properties": { "element": "node", "id": 6978658096, "amenity": "hospital", "shop": null, "name": "Dr.Soneji Hospital" }, "geometry": { "type": "Point", "coordinates": [ 72.5917406, 23.0017415 ] } },
{ "type": "Feature", "properties": { "element": "node", "id": 6978692867, "amenity": "hospital", "shop": null, "name": "Eye Research Centre And Retina Foundation" }, "geometry": { "type": "Point", "coordinates": [ 72.5907777, 23.0557144 ] } },
{ "type": "Feature", "properties": { "element": "node", "id": 6978708394, "amenity": "hospital", "shop": null, "name": "Dr. Manoj Tank E.N.T. Hospital" }, "geometry": { "type": "Point", "coordinates": [ 72.5719513, 23.0232494 ] } },
{ "type": "Feature", "properties": { "element": "node", "id": 6978708767, "amenity": "hospital", "shop": null, "name": "Prasad Hospital, Ahmedabad" }, "geometry": { "type": "Point", "coordinates": [ 72.6573488, 23.0496493 ] } },
{ "type": "Feature", "properties": { "element": "node", "id": 6978775436, "amenity": "hospital", "shop": null, "name": "Rangam Multispeciality Hospital" }, "geometry": { "type": "Point", "coordinates": [ 72.6450951, 23.0099185 ] } },
{ "type": "Feature", "properties": { "element": "node", "id": 6978935663, "amenity": "hospital", "shop": null, "name": "Astha Orthopedic and Spine Hospital" }, "geometry": { "type": "Point", "coordinates": [ 72.5629491, 23.0662892 ] } },
{ "type": "Feature", "properties": { "element": "node", "id": 6978948796, "amenity": "dentist", "shop": null, "name": "Aashu Dental Multispeciality Polyclinic" }, "geometry": { "type": "Point", "coordinates": [ 72.5635694, 23.0345759 ] } },
{ "type": "Feature", "properties": { "element": "node", "id": 6978978091, "amenity": "hospital", "shop": null, "name": "Amrut Arogyadham Medical Hospital" }, "geometry": { "type": "Point", "coordinates": [ 72.5849734, 23.1105464 ] } },
{ "type": "Feature", "properties": { "element": "node", "id": 6978978566, "amenity": "hospital", "shop": null, "name": "Rushabh Medi-Surge Hospital Pvt Ltd" }, "geometry": { "type": "Point", "coordinates": [ 72.5178203, 23.0125983 ] } },
{ "type": "Feature", "properties": { "element": "node", "id": 6978995190, "amenity": "hospital", "shop": null, "name": "Jay Orthopaedic Hospital" }, "geometry": { "type": "Point", "coordinates": [ 72.6002379, 23.0520957 ] } },
{ "type": "Feature", "properties": { "element": "node", "id": 6978995195, "amenity": "hospital", "shop": null, "name": "Pramukh Neurosurgical Hosptial" }, "geometry": { "type": "Point", "coordinates": [ 72.5621706, 23.0411786 ] } },
{ "type": "Feature", "properties": { "element": "node", "id": 6979071770, "amenity": "hospital", "shop": null, "name": "Trupti Heart and Medical Hospital, Ahmedabad" }, "geometry": { "type": "Point", "coordinates": [ 72.5905082, 23.0042895 ] } },
{ "type": "Feature", "properties": { "element": "node", "id": 6979129057, "amenity": "hospital", "shop": null, "name": "Aash Surgical Hospital" }, "geometry": { "type": "Point", "coordinates": [ 72.5624844, 23.0472453 ] } },
{ "type": "Feature", "properties": { "element": "node", "id": 6979134750, "amenity": "hospital", "shop": null, "name": "Kanchi Orthopaedic Hospital" }, "geometry": { "type": "Point", "coordinates": [ 72.5465682, 23.010948 ] } },
{ "type": "Feature", "properties": { "element": "node", "id": 6979173508, "amenity": "hospital", "shop": null, "name": "Kanoria Hospital And Research Centre, Gandhinagar" }, "geometry": { "type": "Point", "coordinates": [ 72.6285593, 23.0993792 ] } },
{ "type": "Feature", "properties": { "element": "node", "id": 6979198636, "amenity": "hospital", "shop": null, "name": "Shree Mahavir Mutlispeciality Hospital and Icu" }, "geometry": { "type": "Point", "coordinates": [ 72.5355001, 23.0603035 ] } },
{ "type": "Feature", "properties": { "element": "node", "id": 6979224512, "amenity": "hospital", "shop": null, "name": "Jainee Surgical Hospital" }, "geometry": { "type": "Point", "coordinates": [ 72.5666606, 23.0803277 ] } },
{ "type": "Feature", "properties": { "element": "node", "id": 6979298469, "amenity": "hospital", "shop": null, "name": "Shri Rang Hospitaland Research Centre" }, "geometry": { "type": "Point", "coordinates": [ 72.5390634, 23.0767892 ] } },
{ "type": "Feature", "properties": { "element": "node", "id": 6979320336, "amenity": "hospital", "shop": null, "name": "Brain and Spine Hospital" }, "geometry": { "type": "Point", "coordinates": [ 72.5659271, 23.0402678 ] } },
{ "type": "Feature", "properties": { "element": "node", "id": 6979326720, "amenity": "hospital", "shop": null, "name": "Bodyline Hospitals" }, "geometry": { "type": "Point", "coordinates": [ 72.5545666, 23.0099407 ] } },
{ "type": "Feature", "properties": { "element": "node", "id": 6979370261, "amenity": "hospital", "shop": null, "name": "Siddhi Hospital, Ahmedabad" }, "geometry": { "type": "Point", "coordinates": [ 72.6429212, 23.0672116 ] } },
{ "type": "Feature", "properties": { "element": "node", "id": 6979376698, "amenity": "hospital", "shop": null, "name": "Om Children Hospital" }, "geometry": { "type": "Point", "coordinates": [ 72.5306962, 23.0620742 ] } },
{ "type": "Feature", "properties": { "element": "node", "id": 6979376705, "amenity": "hospital", "shop": null, "name": "Samkit Hospital Icu and Iccu" }, "geometry": { "type": "Point", "coordinates": [ 72.532901, 23.0057153 ] } },
{ "type": "Feature", "properties": { "element": "node", "id": 6979376757, "amenity": "hospital", "shop": null, "name": "Vrundavan Children Hospital" }, "geometry": { "type": "Point", "coordinates": [ 72.5667264, 23.0169692 ] } },
{ "type": "Feature", "properties": { "element": "node", "id": 6979376762, "amenity": "hospital", "shop": null, "name": "Netra Raksha Hospital, Thakkarbapa Nagar" }, "geometry": { "type": "Point", "coordinates": [ 72.6383065, 23.0392262 ] } },
{ "type": "Feature", "properties": { "element": "node", "id": 6979376763, "amenity": "hospital", "shop": null, "name": "Shivam Heart and Medical Hospital" }, "geometry": { "type": "Point", "coordinates": [ 72.634133, 23.0567152 ] } },
{ "type": "Feature", "properties": { "element": "node", "id": 6979391757, "amenity": "clinic", "shop": null, "name": "Bhakti Maternity and Sonography Clinic" }, "geometry": { "type": "Point", "coordinates": [ 72.6355927, 23.0014002 ] } },
{ "type": "Feature", "properties": { "element": "node", "id": 6979404752, "amenity": "hospital", "shop": null, "name": "Shashwat Hospital and Research Center, Ahmedabad" }, "geometry": { "type": "Point", "coordinates": [ 72.5332966, 23.0583008 ] } },
{ "type": "Feature", "properties": { "element": "node", "id": 6979483953, "amenity": "hospital", "shop": null, "name": "Aditya Hospital, Ahmedabad" }, "geometry": { "type": "Point", "coordinates": [ 72.5520748, 23.0043253 ] } },
{ "type": "Feature", "properties": { "element": "node", "id": 6979514449, "amenity": "hospital", "shop": null, "name": "Krupanidhi Hospital" }, "geometry": { "type": "Point", "coordinates": [ 72.5638765, 23.0152967 ] } },
{ "type": "Feature", "properties": { "element": "node", "id": 6979534905, "amenity": "hospital", "shop": null, "name": "Aditya Eye Hospital, Ahmedabad" }, "geometry": { "type": "Point", "coordinates": [ 72.5348282, 23.0499602 ] } },
{ "type": "Feature", "properties": { "element": "node", "id": 6979537048, "amenity": "hospital", "shop": null, "name": "Joitiba General Hospital, Ahmedabad" }, "geometry": { "type": "Point", "coordinates": [ 72.611884, 22.978619 ] } },
{ "type": "Feature", "properties": { "element": "node", "id": 6979632808, "amenity": "hospital", "shop": null, "name": "Anoop Children Hospital" }, "geometry": { "type": "Point", "coordinates": [ 72.6321253, 22.9926876 ] } },
{ "type": "Feature", "properties": { "element": "node", "id": 6979632818, "amenity": "hospital", "shop": null, "name": "Aayush Surgical Hospital" }, "geometry": { "type": "Point", "coordinates": [ 72.533746600000015, 23.0462322 ] } },
{ "type": "Feature", "properties": { "element": "node", "id": 6979632882, "amenity": "hospital", "shop": null, "name": "J J Hospital, Ahmedabad" }, "geometry": { "type": "Point", "coordinates": [ 72.5368439, 23.0731297 ] } },
{ "type": "Feature", "properties": { "element": "node", "id": 6979632888, "amenity": "hospital", "shop": null, "name": "Dr. Rajiv Thakores Hospital" }, "geometry": { "type": "Point", "coordinates": [ 72.5539094, 23.0176617 ] } },
{ "type": "Feature", "properties": { "element": "node", "id": 6979940473, "amenity": "hospital", "shop": null, "name": "Chikhalkar Hospital and Iccu" }, "geometry": { "type": "Point", "coordinates": [ 72.5493899, 23.0561654 ] } },
{ "type": "Feature", "properties": { "element": "node", "id": 6979940478, "amenity": "hospital", "shop": null, "name": "The Holistic Medical Centre Ayulink Ayurveda Hospital" }, "geometry": { "type": "Point", "coordinates": [ 72.5595984, 23.0379772 ] } },
{ "type": "Feature", "properties": { "element": "node", "id": 6979967498, "amenity": "hospital", "shop": null, "name": "Aniket Ent Hospital" }, "geometry": { "type": "Point", "coordinates": [ 72.632124, 22.9926333 ] } },
{ "type": "Feature", "properties": { "element": "node", "id": 6980252878, "amenity": "hospital", "shop": null, "name": "Amruta Hospital and Heart Centre" }, "geometry": { "type": "Point", "coordinates": [ 72.5896941, 23.082678 ] } },
{ "type": "Feature", "properties": { "element": "node", "id": 6980252896, "amenity": "hospital", "shop": null, "name": "Hari Krishna Uro Surgical Hospital" }, "geometry": { "type": "Point", "coordinates": [ 72.6439887, 23.0381006 ] } },
{ "type": "Feature", "properties": { "element": "node", "id": 6980252908, "amenity": "hospital", "shop": null, "name": "Aditya Multi-Speciality Hospital" }, "geometry": { "type": "Point", "coordinates": [ 72.5315224, 23.0632822 ] } },
{ "type": "Feature", "properties": { "element": "node", "id": 6980792037, "amenity": "hospital", "shop": null, "name": "Vatsalya Neonatal and Children Hospital" }, "geometry": { "type": "Point", "coordinates": [ 72.6388442, 23.0208659 ] } },
{ "type": "Feature", "properties": { "element": "node", "id": 6980840228, "amenity": "hospital", "shop": null, "name": "Motherhood Womens and Child Care Hospital" }, "geometry": { "type": "Point", "coordinates": [ 72.5125068, 23.0745277 ] } },
{ "type": "Feature", "properties": { "element": "node", "id": 6980928760, "amenity": "clinic", "shop": null, "name": "Kanan Maternity and Nursing Home" }, "geometry": { "type": "Point", "coordinates": [ 72.6091146, 22.9977455 ] } },
{ "type": "Feature", "properties": { "element": "node", "id": 6980978805, "amenity": "hospital", "shop": null, "name": "Arpan Orthopedic and Trauma Hospital" }, "geometry": { "type": "Point", "coordinates": [ 72.595257, 23.0024575 ] } },
{ "type": "Feature", "properties": { "element": "node", "id": 6981004951, "amenity": "hospital", "shop": null, "name": "Jarmarwala Hospital" }, "geometry": { "type": "Point", "coordinates": [ 72.5458769, 23.0199254 ] } },
{ "type": "Feature", "properties": { "element": "node", "id": 6981152500, "amenity": "hospital", "shop": null, "name": "Pearl Eye Hospital" }, "geometry": { "type": "Point", "coordinates": [ 72.5806028, 23.0098432 ] } },
{ "type": "Feature", "properties": { "element": "node", "id": 6981256117, "amenity": "hospital", "shop": null, "name": "Shushilaben Neonatal And Child Care Centre" }, "geometry": { "type": "Point", "coordinates": [ 72.6149404, 23.0310362 ] } },
{ "type": "Feature", "properties": { "element": "node", "id": 6981277613, "amenity": "hospital", "shop": null, "name": "Shree Aman Hospital" }, "geometry": { "type": "Point", "coordinates": [ 72.5914161, 23.0844866 ] } },
{ "type": "Feature", "properties": { "element": "node", "id": 6981325478, "amenity": "social_facility", "shop": null, "name": "Abhyankar Nursing Home" }, "geometry": { "type": "Point", "coordinates": [ 72.566328, 23.0259468 ] } },
{ "type": "Feature", "properties": { "element": "node", "id": 6981405297, "amenity": "hospital", "shop": null, "name": "Rainbow Super Speciality Children's Hospital" }, "geometry": { "type": "Point", "coordinates": [ 72.5286249, 23.0460902 ] } },
{ "type": "Feature", "properties": { "element": "node", "id": 6981412703, "amenity": "hospital", "shop": null, "name": "Parth Hospital, Ahmedabad" }, "geometry": { "type": "Point", "coordinates": [ 72.5889122, 23.0837834 ] } },
{ "type": "Feature", "properties": { "element": "node", "id": 6981446717, "amenity": "hospital", "shop": null, "name": "Gayatri Heart And Medical Hospital, Bhimjipura" }, "geometry": { "type": "Point", "coordinates": [ 72.5647576, 23.0602795 ] } },
{ "type": "Feature", "properties": { "element": "node", "id": 6981455290, "amenity": "hospital", "shop": null, "name": "Sanghavi Hospital Pvt. Ltd." }, "geometry": { "type": "Point", "coordinates": [ 72.5563677, 23.0066966 ] } },
{ "type": "Feature", "properties": { "element": "node", "id": 6981476944, "amenity": "hospital", "shop": null, "name": "Pallav J M Desai Memorial Hospital (Better Health Pvt.Ltd.)" }, "geometry": { "type": "Point", "coordinates": [ 72.6141009, 22.9947616 ] } },
{ "type": "Feature", "properties": { "element": "node", "id": 6981478241, "amenity": "hospital", "shop": null, "name": "Parth Surgical Hospital, Ahmedabad" }, "geometry": { "type": "Point", "coordinates": [ 72.5544217, 23.0029958 ] } },
{ "type": "Feature", "properties": { "element": "node", "id": 6981479135, "amenity": "clinic", "shop": null, "name": "Shiv Sharddha Nursing Home and Super Speciality Clinics" }, "geometry": { "type": "Point", "coordinates": [ 72.5971869, 23.0545162 ] } },
{ "type": "Feature", "properties": { "element": "node", "id": 6981550649, "amenity": "hospital", "shop": null, "name": "Jalaram Hospital, Ahmedabad" }, "geometry": { "type": "Point", "coordinates": [ 72.5218208, 23.0277853 ] } },
{ "type": "Feature", "properties": { "element": "node", "id": 6981560332, "amenity": "hospital", "shop": null, "name": "Kruti Orthopedic Hospital" }, "geometry": { "type": "Point", "coordinates": [ 72.5709508, 23.0464247 ] } },
{ "type": "Feature", "properties": { "element": "node", "id": 6981571792, "amenity": "clinic", "shop": null, "name": "Banker`S Retina Clinic and Laser Centre" }, "geometry": { "type": "Point", "coordinates": [ 72.5542541, 23.0416302 ] } },
{ "type": "Feature", "properties": { "element": "node", "id": 6981636783, "amenity": "hospital", "shop": null, "name": "Jariwala Women's Hospital" }, "geometry": { "type": "Point", "coordinates": [ 72.5964291, 23.0547211 ] } },
{ "type": "Feature", "properties": { "element": "node", "id": 6981636786, "amenity": "hospital", "shop": null, "name": "Rukshmani Medical Hospital" }, "geometry": { "type": "Point", "coordinates": [ 72.6334758, 23.0031785 ] } },
{ "type": "Feature", "properties": { "element": "node", "id": 6981681464, "amenity": "clinic", "shop": null, "name": "CGHS Dispensary No.3" }, "geometry": { "type": "Point", "coordinates": [ 72.5694904, 23.0355015 ] } },
{ "type": "Feature", "properties": { "element": "node", "id": 6981694438, "amenity": "hospital", "shop": null, "name": "HCG Cancer Centre" }, "geometry": { "type": "Point", "coordinates": [ 72.5227287, 23.0705004 ] } },
{ "type": "Feature", "properties": { "element": "node", "id": 6981717526, "amenity": "hospital", "shop": null, "name": "Zeal Maternity And Nursing Home" }, "geometry": { "type": "Point", "coordinates": [ 72.6029496, 23.0544878 ] } },
{ "type": "Feature", "properties": { "element": "node", "id": 6981740142, "amenity": "clinic", "shop": null, "name": "Sanidhaya Maternity and Nursing Home" }, "geometry": { "type": "Point", "coordinates": [ 72.5301518, 23.0143203 ] } },
{ "type": "Feature", "properties": { "element": "node", "id": 6981777270, "amenity": "hospital", "shop": null, "name": "Vraj Hospital and Heart Care Center" }, "geometry": { "type": "Point", "coordinates": [ 72.6021999, 22.980618 ] } },
{ "type": "Feature", "properties": { "element": "node", "id": 6981793062, "amenity": "hospital", "shop": null, "name": "Sahjanand Orthopaedic Hospital" }, "geometry": { "type": "Point", "coordinates": [ 72.51789, 23.0126292 ] } },
{ "type": "Feature", "properties": { "element": "node", "id": 6981802923, "amenity": "hospital", "shop": null, "name": "Jaju Plastic Surgery Center" }, "geometry": { "type": "Point", "coordinates": [ 72.5592698, 23.0421276 ] } },
{ "type": "Feature", "properties": { "element": "node", "id": 6981810684, "amenity": "hospital", "shop": null, "name": "Raghuvir Eye Hospital" }, "geometry": { "type": "Point", "coordinates": [ 72.6074664, 22.9947925 ] } },
{ "type": "Feature", "properties": { "element": "node", "id": 6981819871, "amenity": "hospital", "shop": null, "name": "Shachi Women's Hospital" }, "geometry": { "type": "Point", "coordinates": [ 72.5838341, 23.066349 ] } },
{ "type": "Feature", "properties": { "element": "node", "id": 6981883350, "amenity": "hospital", "shop": null, "name": "Palak Hospital, Ahmedabad" }, "geometry": { "type": "Point", "coordinates": [ 72.6251891, 22.9989479 ] } },
{ "type": "Feature", "properties": { "element": "node", "id": 6981886630, "amenity": "hospital", "shop": null, "name": "Anand Children Hospital Neonatal Intensive Care" }, "geometry": { "type": "Point", "coordinates": [ 72.6059926, 23.0487768 ] } },
{ "type": "Feature", "properties": { "element": "node", "id": 6981887874, "amenity": "clinic", "shop": null, "name": "Ami Eye Clinic" }, "geometry": { "type": "Point", "coordinates": [ 72.5809816, 23.0633976 ] } },
{ "type": "Feature", "properties": { "element": "node", "id": 6981922067, "amenity": "hospital", "shop": null, "name": "Patel E.N.T Hospital" }, "geometry": { "type": "Point", "coordinates": [ 72.5712056, 23.0477933 ] } },
{ "type": "Feature", "properties": { "element": "node", "id": 6981937281, "amenity": "hospital", "shop": null, "name": "Rosemaarry Womens Hospital" }, "geometry": { "type": "Point", "coordinates": [ 72.5260091, 23.0318187 ] } },
{ "type": "Feature", "properties": { "element": "node", "id": 6981939862, "amenity": "clinic", "shop": null, "name": "Sehat Hospital Clinic" }, "geometry": { "type": "Point", "coordinates": [ 72.5258213, 22.9932036 ] } },
{ "type": "Feature", "properties": { "element": "node", "id": 6981956892, "amenity": "hospital", "shop": null, "name": "Sanjivan Heart and Medical Hospital" }, "geometry": { "type": "Point", "coordinates": [ 72.5903244, 23.0837698 ] } },
{ "type": "Feature", "properties": { "element": "node", "id": 6981966028, "amenity": "hospital", "shop": null, "name": "Sainath Orhtopaedic Hospital" }, "geometry": { "type": "Point", "coordinates": [ 72.5360379, 23.0592152 ] } },
{ "type": "Feature", "properties": { "element": "node", "id": 6981981192, "amenity": "hospital", "shop": null, "name": "Sardar Hospital" }, "geometry": { "type": "Point", "coordinates": [ 72.6445547, 23.0380179 ] } },
{ "type": "Feature", "properties": { "element": "node", "id": 6981981259, "amenity": "hospital", "shop": null, "name": "Shree Harikrupa Hospital" }, "geometry": { "type": "Point", "coordinates": [ 72.5615551, 23.0200612 ] } },
{ "type": "Feature", "properties": { "element": "node", "id": 6981982797, "amenity": "hospital", "shop": null, "name": "Amardeep Multispeciality Children Hospital" }, "geometry": { "type": "Point", "coordinates": [ 72.5642668, 23.0202065 ] } },
{ "type": "Feature", "properties": { "element": "node", "id": 6981984553, "amenity": "hospital", "shop": null, "name": "HCG Multi Specialty Hospital" }, "geometry": { "type": "Point", "coordinates": [ 72.5642949, 23.0288615 ] } },
{ "type": "Feature", "properties": { "element": "node", "id": 6981984751, "amenity": "hospital", "shop": null, "name": "Palak Eye Hospital" }, "geometry": { "type": "Point", "coordinates": [ 72.6068804, 22.9949308 ] } },
{ "type": "Feature", "properties": { "element": "node", "id": 6981988165, "amenity": "hospital", "shop": null, "name": "Rukshmani Government Hospital" }, "geometry": { "type": "Point", "coordinates": [ 72.6197255, 22.9994812 ] } },
{ "type": "Feature", "properties": { "element": "node", "id": 6981988318, "amenity": "hospital", "shop": null, "name": "Rugved Multispeciality Hospital" }, "geometry": { "type": "Point", "coordinates": [ 72.6468533, 23.0504316 ] } },
{ "type": "Feature", "properties": { "element": "node", "id": 6981998855, "amenity": "hospital", "shop": null, "name": "Ashirwad Children and Eye Hospital" }, "geometry": { "type": "Point", "coordinates": [ 72.6079211, 22.9978986 ] } },
{ "type": "Feature", "properties": { "element": "node", "id": 6982001505, "amenity": "hospital", "shop": null, "name": "Ayushman Medical Hospital and Dignosis Center" }, "geometry": { "type": "Point", "coordinates": [ 72.6391487, 23.0237122 ] } },
{ "type": "Feature", "properties": { "element": "node", "id": 6982001510, "amenity": "clinic", "shop": null, "name": "R. Tolat Eye Clinic" }, "geometry": { "type": "Point", "coordinates": [ 72.560387, 23.0137364 ] } },
{ "type": "Feature", "properties": { "element": "node", "id": 6982001606, "amenity": "hospital", "shop": null, "name": "Ravi Surgical Hospital, Ahmedabad" }, "geometry": { "type": "Point", "coordinates": [ 72.6098563, 22.9980843 ] } },
{ "type": "Feature", "properties": { "element": "node", "id": 6982006635, "amenity": "hospital", "shop": null, "name": "College of Dental Sciences and Research Hospital" }, "geometry": { "type": "Point", "coordinates": [ 72.435679, 23.0347264 ] } },
{ "type": "Feature", "properties": { "element": "node", "id": 6982007106, "amenity": "hospital", "shop": null, "name": "Shrreeji Surgical Hospital" }, "geometry": { "type": "Point", "coordinates": [ 72.625165, 22.9981609 ] } },
{ "type": "Feature", "properties": { "element": "node", "id": 6982009469, "amenity": "clinic", "shop": null, "name": "Aalap Clinic and Surgical Nursing Home" }, "geometry": { "type": "Point", "coordinates": [ 72.5710642, 23.045074 ] } },
{ "type": "Feature", "properties": { "element": "node", "id": 6982014039, "amenity": "hospital", "shop": null, "name": "Shreyas Speciality Hospital" }, "geometry": { "type": "Point", "coordinates": [ 72.5175279, 23.002323 ] } },
{ "type": "Feature", "properties": { "element": "node", "id": 6982024115, "amenity": "hospital", "shop": null, "name": "Rugveda Practur and Orthopaedic Hospital, Ahmedabad" }, "geometry": { "type": "Point", "coordinates": [ 72.5467211, 23.0021551 ] } },
{ "type": "Feature", "properties": { "element": "node", "id": 6982028883, "amenity": "hospital", "shop": null, "name": "Kalptaru Hospital" }, "geometry": { "type": "Point", "coordinates": [ 72.594506, 23.049363 ] } },
{ "type": "Feature", "properties": { "element": "node", "id": 6982031216, "amenity": "hospital", "shop": null, "name": "Sukhmani Hospital / Saviour Annexe Hospital" }, "geometry": { "type": "Point", "coordinates": [ 72.5696392, 23.0364864 ] } },
{ "type": "Feature", "properties": { "element": "node", "id": 6982046922, "amenity": "hospital", "shop": null, "name": "Setu Surgical Hospital, Ahmedabad" }, "geometry": { "type": "Point", "coordinates": [ 72.6429145, 23.0540923 ] } },
{ "type": "Feature", "properties": { "element": "node", "id": 6982051126, "amenity": "hospital", "shop": null, "name": "Auro Ent Hospital" }, "geometry": { "type": "Point", "coordinates": [ 72.5701462, 23.0578122 ] } },
{ "type": "Feature", "properties": { "element": "node", "id": 6982060211, "amenity": "hospital", "shop": null, "name": "Swastik Surgical Hospital And Dental Clinic, Ahmedabad" }, "geometry": { "type": "Point", "coordinates": [ 72.518905300000014, 23.0034741 ] } },
{ "type": "Feature", "properties": { "element": "node", "id": 6982070577, "amenity": "hospital", "shop": null, "name": "Sanjivani Eye Hospital and Phaco Centre, Ahmedabad" }, "geometry": { "type": "Point", "coordinates": [ 72.5615689, 23.0459888 ] } },
{ "type": "Feature", "properties": { "element": "node", "id": 6982092102, "amenity": "hospital", "shop": null, "name": "Sanjeevani Hospital, Ahmedabad" }, "geometry": { "type": "Point", "coordinates": [ 72.5356453, 23.0595717 ] } },
{ "type": "Feature", "properties": { "element": "node", "id": 6982092139, "amenity": "hospital", "shop": null, "name": "Hcg Medi-Surge Hospitals Private Limited" }, "geometry": { "type": "Point", "coordinates": [ 72.5643083, 23.0288813 ] } },
{ "type": "Feature", "properties": { "element": "node", "id": 6982092151, "amenity": "hospital", "shop": null, "name": "The Vitreoretina Clinic and Eye Hospital" }, "geometry": { "type": "Point", "coordinates": [ 72.5161432, 23.0389016 ] } },
{ "type": "Feature", "properties": { "element": "node", "id": 6982092152, "amenity": "clinic", "shop": null, "name": "Soni Nursing Home" }, "geometry": { "type": "Point", "coordinates": [ 72.6604924, 23.0726584 ] } },
{ "type": "Feature", "properties": { "element": "node", "id": 6982092157, "amenity": "hospital", "shop": null, "name": "Mahin Lifecare Services Pvt.Ltd" }, "geometry": { "type": "Point", "coordinates": [ 72.5256523, 22.9931604 ] } },
{ "type": "Feature", "properties": { "element": "node", "id": 6982092173, "amenity": "hospital", "shop": null, "name": "Jay Umiya Hospital" }, "geometry": { "type": "Point", "coordinates": [ 72.5590798, 23.0728893 ] } },
{ "type": "Feature", "properties": { "element": "node", "id": 6982092220, "amenity": "hospital", "shop": null, "name": "Aarna Medical Hospital" }, "geometry": { "type": "Point", "coordinates": [ 72.6388644, 23.0395124 ] } },
{ "type": "Feature", "properties": { "element": "node", "id": 6982092221, "amenity": "hospital", "shop": null, "name": "Akshar Krupa Hospital" }, "geometry": { "type": "Point", "coordinates": [ 72.5958726, 23.0544298 ] } },
{ "type": "Feature", "properties": { "element": "node", "id": 6982092222, "amenity": "hospital", "shop": null, "name": "Siddhi Heart and Medical Hospital" }, "geometry": { "type": "Point", "coordinates": [ 72.5591692, 23.0729002 ] } },
{ "type": "Feature", "properties": { "element": "node", "id": 6982092223, "amenity": "hospital", "shop": null, "name": "Ashish Orthopaedic Hospital, Ahmedabad" }, "geometry": { "type": "Point", "coordinates": [ 72.527309700000018, 23.0369328 ] } },
{ "type": "Feature", "properties": { "element": "node", "id": 6982092229, "amenity": "clinic", "shop": null, "name": "Ashray Clinic" }, "geometry": { "type": "Point", "coordinates": [ 72.5573789, 23.0072793 ] } },
{ "type": "Feature", "properties": { "element": "node", "id": 6982092239, "amenity": "hospital", "shop": null, "name": "Sanjivani Heart and Medical Hospital (Ahmedabad)" }, "geometry": { "type": "Point", "coordinates": [ 72.5701541, 23.0578196 ] } },
{ "type": "Feature", "properties": { "element": "node", "id": 6982197103, "amenity": "hospital", "shop": null, "name": "Raksha Hospital Pvt Ltd" }, "geometry": { "type": "Point", "coordinates": [ 72.5174716, 23.036039 ] } },
{ "type": "Feature", "properties": { "element": "node", "id": 6982197104, "amenity": "hospital", "shop": null, "name": "B.J. Medical College Hospital" }, "geometry": { "type": "Point", "coordinates": [ 72.6028262, 23.0526578 ] } },
{ "type": "Feature", "properties": { "element": "node", "id": 6982197122, "amenity": "hospital", "shop": null, "name": "Government Spine Institute Hospital" }, "geometry": { "type": "Point", "coordinates": [ 72.6080297, 23.0500108 ] } },
{ "type": "Feature", "properties": { "element": "node", "id": 6982197139, "amenity": "hospital", "shop": null, "name": "Parth Eye Hospital, Isanpur" }, "geometry": { "type": "Point", "coordinates": [ 72.5997604, 22.9798932 ] } },
{ "type": "Feature", "properties": { "element": "node", "id": 6982197140, "amenity": "hospital", "shop": null, "name": "Austmangal Surgical Hospital" }, "geometry": { "type": "Point", "coordinates": [ 72.595823, 23.0545187 ] } },
{ "type": "Feature", "properties": { "element": "node", "id": 6982197141, "amenity": "hospital", "shop": null, "name": "Rudraksh Hospital" }, "geometry": { "type": "Point", "coordinates": [ 72.643695, 23.0626344 ] } },
{ "type": "Feature", "properties": { "element": "node", "id": 6982527814, "amenity": "hospital", "shop": null, "name": "Babul E.N.T. Hospital" }, "geometry": { "type": "Point", "coordinates": [ 72.5449569, 23.0246015 ] } },
{ "type": "Feature", "properties": { "element": "node", "id": 6982581431, "amenity": "hospital", "shop": null, "name": "Dr Dipak C Shah E N T Hospital" }, "geometry": { "type": "Point", "coordinates": [ 72.6121093, 22.9956523 ] } },
{ "type": "Feature", "properties": { "element": "node", "id": 6982581436, "amenity": "hospital", "shop": null, "name": "Adarsh Hospital, Ahmedabad" }, "geometry": { "type": "Point", "coordinates": [ 72.5663294, 23.0476847 ] } },
{ "type": "Feature", "properties": { "element": "node", "id": 6982731905, "amenity": "hospital", "shop": null, "name": "Swapn Healthcare Hospital Pvt. Ltd" }, "geometry": { "type": "Point", "coordinates": [ 72.5971761, 22.9834237 ] } },
{ "type": "Feature", "properties": { "element": "node", "id": 6983018834, "amenity": null, "shop": "clothes", "name": "RIVERLEAF" }, "geometry": { "type": "Point", "coordinates": [ 72.6705656, 23.0520663 ] } },
{ "type": "Feature", "properties": { "element": "node", "id": 6983272102, "amenity": "hospital", "shop": null, "name": "Navjivan Maternity and Orthopaedic Hospital, Ahmedabad" }, "geometry": { "type": "Point", "coordinates": [ 72.6428729, 23.0543583 ] } },
{ "type": "Feature", "properties": { "element": "node", "id": 6983294306, "amenity": "doctors", "shop": null, "name": "Dr. Suresh K. Bhanshali" }, "geometry": { "type": "Point", "coordinates": [ 72.5652552, 23.0376687 ] } },
{ "type": "Feature", "properties": { "element": "node", "id": 6983317583, "amenity": "hospital", "shop": null, "name": "Nadkarni's 21St Century Hospitals Pvt Ltd" }, "geometry": { "type": "Point", "coordinates": [ 72.6355197, 22.9979961 ] } },
{ "type": "Feature", "properties": { "element": "node", "id": 6983365657, "amenity": "clinic", "shop": null, "name": "Cardio Vascular Clinic - Ahmedabad" }, "geometry": { "type": "Point", "coordinates": [ 72.5216398, 23.0128822 ] } },
{ "type": "Feature", "properties": { "element": "node", "id": 6983409961, "amenity": "hospital", "shop": null, "name": "J.Chirag Surgical Hospital" }, "geometry": { "type": "Point", "coordinates": [ 72.5624067, 23.0463124 ] } },
{ "type": "Feature", "properties": { "element": "node", "id": 6983432193, "amenity": "clinic", "shop": null, "name": "Urvashi Nursing Home" }, "geometry": { "type": "Point", "coordinates": [ 72.5802205, 23.0342994 ] } },
{ "type": "Feature", "properties": { "element": "node", "id": 6983440879, "amenity": "hospital", "shop": null, "name": "Shri Yogeshwar General Hospital" }, "geometry": { "type": "Point", "coordinates": [ 72.5380576, 23.0812863 ] } },
{ "type": "Feature", "properties": { "element": "node", "id": 6983477457, "amenity": "hospital", "shop": null, "name": "Navkalp Children Hospital" }, "geometry": { "type": "Point", "coordinates": [ 72.5599363, 23.0059807 ] } },
{ "type": "Feature", "properties": { "element": "node", "id": 6983477494, "amenity": "hospital", "shop": null, "name": "Memon Ent Hospital" }, "geometry": { "type": "Point", "coordinates": [ 72.5861375, 23.0272274 ] } },
{ "type": "Feature", "properties": { "element": "node", "id": 6983511155, "amenity": "clinic", "shop": null, "name": "Mahalaxmi Maternity Nursing Home and Sonography Center" }, "geometry": { "type": "Point", "coordinates": [ 72.5355068, 23.0804227 ] } },
{ "type": "Feature", "properties": { "element": "node", "id": 6983511178, "amenity": "hospital", "shop": null, "name": "Shaishav Children Hospital, Ahmedabad" }, "geometry": { "type": "Point", "coordinates": [ 72.5372905, 23.0592497 ] } },
{ "type": "Feature", "properties": { "element": "node", "id": 6983617695, "amenity": "clinic", "shop": null, "name": "Shreeji Clinic and Nursing Home" }, "geometry": { "type": "Point", "coordinates": [ 72.5911599, 23.0835144 ] } },
{ "type": "Feature", "properties": { "element": "node", "id": 6983623764, "amenity": "hospital", "shop": null, "name": "Shiv Jyoti Eye Hospital" }, "geometry": { "type": "Point", "coordinates": [ 72.6331285, 23.0388164 ] } },
{ "type": "Feature", "properties": { "element": "node", "id": 6983623776, "amenity": "hospital", "shop": null, "name": "Dr. Atul H Kansara `S (E.N.T) Hospital" }, "geometry": { "type": "Point", "coordinates": [ 72.5621974, 23.010174 ] } },
{ "type": "Feature", "properties": { "element": "node", "id": 6983629350, "amenity": "hospital", "shop": null, "name": "Aneri Surgical and Neuro Surgical Hospital" }, "geometry": { "type": "Point", "coordinates": [ 72.5481668, 23.0016415 ] } },
{ "type": "Feature", "properties": { "element": "node", "id": 6983631097, "amenity": "hospital", "shop": null, "name": "Bopal Eye Care Centre" }, "geometry": { "type": "Point", "coordinates": [ 72.4779037, 23.0288344 ] } },
{ "type": "Feature", "properties": { "element": "node", "id": 6983633644, "amenity": "clinic", "shop": null, "name": "Shree Hari Clinic" }, "geometry": { "type": "Point", "coordinates": [ 72.5136414, 23.0159755 ] } },
{ "type": "Feature", "properties": { "element": "node", "id": 6983633938, "amenity": "hospital", "shop": null, "name": "Devam Orthopaedic Hospital" }, "geometry": { "type": "Point", "coordinates": [ 72.5378671, 23.0590239 ] } },
{ "type": "Feature", "properties": { "element": "node", "id": 6983634254, "amenity": "hospital", "shop": null, "name": "Reshambhai Fertility Hospital" }, "geometry": { "type": "Point", "coordinates": [ 72.5964371, 23.0539073 ] } },
{ "type": "Feature", "properties": { "element": "node", "id": 6983651326, "amenity": "hospital", "shop": null, "name": "Dr, Nayan V Shah Surgical Hospital" }, "geometry": { "type": "Point", "coordinates": [ 72.598747900000021, 22.9809304 ] } },
{ "type": "Feature", "properties": { "element": "node", "id": 6983683410, "amenity": "hospital", "shop": null, "name": "Samved Orthopaedic Hospital, Ahmedabad" }, "geometry": { "type": "Point", "coordinates": [ 72.5581983, 23.0405319 ] } },
{ "type": "Feature", "properties": { "element": "node", "id": 6983684511, "amenity": "hospital", "shop": null, "name": "Shlok Medical and Heart Hospital" }, "geometry": { "type": "Point", "coordinates": [ 72.603419, 22.9872011 ] } },
{ "type": "Feature", "properties": { "element": "node", "id": 6983693366, "amenity": "clinic", "shop": null, "name": "Dr. Devendra Patel Nursing Home" }, "geometry": { "type": "Point", "coordinates": [ 72.5625488, 23.0377477 ] } },
{ "type": "Feature", "properties": { "element": "node", "id": 6983723687, "amenity": "hospital", "shop": null, "name": "Cheers Interventional Pain Management Hospital" }, "geometry": { "type": "Point", "coordinates": [ 72.5543117, 23.0403048 ] } },
{ "type": "Feature", "properties": { "element": "node", "id": 6983724286, "amenity": "hospital", "shop": null, "name": "Narang Eye Hospital, Munohwa By Pass Chowk" }, "geometry": { "type": "Point", "coordinates": [ 72.6016447, 23.0482079 ] } },
{ "type": "Feature", "properties": { "element": "node", "id": 6983778648, "amenity": "hospital", "shop": null, "name": "Vishwa Medical And Heart Hospital" }, "geometry": { "type": "Point", "coordinates": [ 72.595717, 23.0029007 ] } },
{ "type": "Feature", "properties": { "element": "node", "id": 6983803124, "amenity": "doctors", "shop": null, "name": "Cure Sight Laser Centre" }, "geometry": { "type": "Point", "coordinates": [ 72.557914, 23.0201772 ] } },
{ "type": "Feature", "properties": { "element": "node", "id": 6986103047, "amenity": "hospital", "shop": null, "name": "Vivek Children Hospital, Khokhara" }, "geometry": { "type": "Point", "coordinates": [ 72.6183012, 23.0017465 ] } },
{ "type": "Feature", "properties": { "element": "node", "id": 6986103052, "amenity": "hospital", "shop": null, "name": "Prabhujyot Inst. Of G.I. Endoscopy and Laproscop" }, "geometry": { "type": "Point", "coordinates": [ 72.54654410000002, 23.0100246 ] } },
{ "type": "Feature", "properties": { "element": "node", "id": 6986103057, "amenity": "doctors", "shop": null, "name": "Dr Yashvant Chhatbar" }, "geometry": { "type": "Point", "coordinates": [ 72.571964, 23.1111304 ] } },
{ "type": "Feature", "properties": { "element": "node", "id": 6986256250, "amenity": "hospital", "shop": null, "name": "Vatsalya Gynec Hospital" }, "geometry": { "type": "Point", "coordinates": [ 72.5325832, 23.0066954 ] } },
{ "type": "Feature", "properties": { "element": "node", "id": 6986256251, "amenity": "hospital", "shop": null, "name": "Vikas Medical and Heart Hospital" }, "geometry": { "type": "Point", "coordinates": [ 72.6527891, 23.0730767 ] } },
{ "type": "Feature", "properties": { "element": "node", "id": 6986279311, "amenity": "doctors", "shop": null, "name": "Dr. Suresh Balani" }, "geometry": { "type": "Point", "coordinates": [ 72.6425953, 23.0652293 ] } },
{ "type": "Feature", "properties": { "element": "node", "id": 6986279344, "amenity": "hospital", "shop": null, "name": "Government hospital Adalaj" }, "geometry": { "type": "Point", "coordinates": [ 72.5857745, 23.167703 ] } },
{ "type": "Feature", "properties": { "element": "node", "id": 6986279383, "amenity": "hospital", "shop": null, "name": "Tirtham Surgical and Laparoscopic Centre" }, "geometry": { "type": "Point", "coordinates": [ 72.5304455, 23.0638572 ] } },
{ "type": "Feature", "properties": { "element": "node", "id": 6986285730, "amenity": "hospital", "shop": null, "name": "Peshant House Hospital" }, "geometry": { "type": "Point", "coordinates": [ 72.5670958, 23.0127576 ] } },
{ "type": "Feature", "properties": { "element": "node", "id": 6986434686, "amenity": "hospital", "shop": null, "name": "Jagdish Orthopadic Hospital" }, "geometry": { "type": "Point", "coordinates": [ 72.5436446, 23.0209844 ] } },
{ "type": "Feature", "properties": { "element": "node", "id": 6986477087, "amenity": "hospital", "shop": null, "name": "Vedanta Institute Of Medical Sciences Hospital" }, "geometry": { "type": "Point", "coordinates": [ 72.5598545, 23.0402147 ] } },
{ "type": "Feature", "properties": { "element": "node", "id": 6986504028, "amenity": "clinic", "shop": null, "name": "Harshil Medical Nursing Home, Isanpur" }, "geometry": { "type": "Point", "coordinates": [ 72.5988619, 22.9813563 ] } },
{ "type": "Feature", "properties": { "element": "node", "id": 6986551300, "amenity": "clinic", "shop": null, "name": "CGHS Dispensary No.2" }, "geometry": { "type": "Point", "coordinates": [ 72.5906262, 22.9998947 ] } },
{ "type": "Feature", "properties": { "element": "node", "id": 6986591574, "amenity": "hospital", "shop": null, "name": "Lions Karnavati Shantaben Vishnubhai Patel Eye Hospital" }, "geometry": { "type": "Point", "coordinates": [ 72.5045286, 23.1224896 ] } },
{ "type": "Feature", "properties": { "element": "node", "id": 6986602457, "amenity": "hospital", "shop": null, "name": "Shree Sai Children Hospital" }, "geometry": { "type": "Point", "coordinates": [ 72.5838912, 23.1146062 ] } },
{ "type": "Feature", "properties": { "element": "node", "id": 6986602477, "amenity": "hospital", "shop": null, "name": "Devasya Superspeciality Kidney Institute and Research Centre" }, "geometry": { "type": "Point", "coordinates": [ 72.4773597, 23.0269892 ] } },
{ "type": "Feature", "properties": { "element": "node", "id": 6986602483, "amenity": "hospital", "shop": null, "name": "Ashirwad Hospital, Ahmedabad" }, "geometry": { "type": "Point", "coordinates": [ 72.611577, 22.9873418 ] } },
{ "type": "Feature", "properties": { "element": "node", "id": 6986605689, "amenity": "clinic", "shop": null, "name": "Dr Pratap Desai Eye Clinic" }, "geometry": { "type": "Point", "coordinates": [ 72.5617717, 23.045286 ] } },
{ "type": "Feature", "properties": { "element": "node", "id": 6986605704, "amenity": "hospital", "shop": null, "name": "Shivam Medical Hospital, Sardar Nagar" }, "geometry": { "type": "Point", "coordinates": [ 72.6213037, 23.0809819 ] } },
{ "type": "Feature", "properties": { "element": "node", "id": 6986605747, "amenity": "hospital", "shop": null, "name": "Yogiji Medical Hospital" }, "geometry": { "type": "Point", "coordinates": [ 72.6247528, 22.9985353 ] } },
{ "type": "Feature", "properties": { "element": "node", "id": 6986605752, "amenity": "hospital", "shop": null, "name": "Aagman Maternity and Gynec Hospital" }, "geometry": { "type": "Point", "coordinates": [ 72.6502608, 23.0436594 ] } },
{ "type": "Feature", "properties": { "element": "node", "id": 6986605757, "amenity": "hospital", "shop": null, "name": "Netram Care Eye Hospital" }, "geometry": { "type": "Point", "coordinates": [ 72.5305813, 23.062087 ] } },
{ "type": "Feature", "properties": { "element": "node", "id": 6986605758, "amenity": "clinic", "shop": null, "name": "Mahadev Eye Care" }, "geometry": { "type": "Point", "coordinates": [ 72.6426128, 23.065196 ] } },
{ "type": "Feature", "properties": { "element": "node", "id": 6986605760, "amenity": "hospital", "shop": null, "name": "Jaliyan Orthopaedic Hospital" }, "geometry": { "type": "Point", "coordinates": [ 72.5697332, 23.0226864 ] } },
{ "type": "Feature", "properties": { "element": "node", "id": 6986619078, "amenity": "hospital", "shop": null, "name": "Tejal Eye Hospital" }, "geometry": { "type": "Point", "coordinates": [ 72.5753262, 23.0790988 ] } },
{ "type": "Feature", "properties": { "element": "node", "id": 6986625078, "amenity": "hospital", "shop": null, "name": "Ano Care Hospital" }, "geometry": { "type": "Point", "coordinates": [ 72.6440035, 23.0377884 ] } },
{ "type": "Feature", "properties": { "element": "node", "id": 6986625079, "amenity": "hospital", "shop": null, "name": "Dr.Saurabh Shah Orthopaedic Hospital" }, "geometry": { "type": "Point", "coordinates": [ 72.5629216, 23.0663546 ] } },
{ "type": "Feature", "properties": { "element": "node", "id": 6986629663, "amenity": "clinic", "shop": null, "name": "Ashadeep Polyclinic and Nursing Home" }, "geometry": { "type": "Point", "coordinates": [ 72.6619636, 22.9291372 ] } },
{ "type": "Feature", "properties": { "element": "node", "id": 6986736364, "amenity": "hospital", "shop": null, "name": "Adinath Hospital, Ahmedabad" }, "geometry": { "type": "Point", "coordinates": [ 72.5964358, 23.054805 ] } },
{ "type": "Feature", "properties": { "element": "node", "id": 6986945344, "amenity": "clinic", "shop": null, "name": "Geeta Maternity and Polyclinic Nursing Home" }, "geometry": { "type": "Point", "coordinates": [ 72.5982222, 22.9817137 ] } },
{ "type": "Feature", "properties": { "element": "node", "id": 6986966093, "amenity": "hospital", "shop": null, "name": "Shreyas Orthopedic Hospital, Vasna" }, "geometry": { "type": "Point", "coordinates": [ 72.5482339, 23.0022835 ] } },
{ "type": "Feature", "properties": { "element": "node", "id": 6987068296, "amenity": "hospital", "shop": null, "name": "Chintan Orthopaedic Hospital" }, "geometry": { "type": "Point", "coordinates": [ 72.5362967, 23.0072423 ] } },
{ "type": "Feature", "properties": { "element": "node", "id": 6987246245, "amenity": "hospital", "shop": null, "name": "Akshar Eye Hospital" }, "geometry": { "type": "Point", "coordinates": [ 72.6426671, 23.0650523 ] } },
{ "type": "Feature", "properties": { "element": "node", "id": 6987434973, "amenity": "clinic", "shop": null, "name": "Jigisha Nursing Home" }, "geometry": { "type": "Point", "coordinates": [ 72.5669832, 23.0657698 ] } },
{ "type": "Feature", "properties": { "element": "node", "id": 6987467519, "amenity": "hospital", "shop": null, "name": "Dr. Trivedis Arthroscopy Clinic And Hospital" }, "geometry": { "type": "Point", "coordinates": [ 72.5472508, 23.0249533 ] } },
{ "type": "Feature", "properties": { "element": "node", "id": 6987525729, "amenity": "hospital", "shop": null, "name": "Spandan Hospital, Ahmedabad" }, "geometry": { "type": "Point", "coordinates": [ 72.5189187, 23.0034513 ] } },
{ "type": "Feature", "properties": { "element": "node", "id": 6987724528, "amenity": "hospital", "shop": null, "name": "Kuvar Ba General Hospital" }, "geometry": { "type": "Point", "coordinates": [ 72.6491044, 23.0114874 ] } },
{ "type": "Feature", "properties": { "element": "node", "id": 6987724550, "amenity": "hospital", "shop": null, "name": "Vinayak Children Hospital-Ahmedabad" }, "geometry": { "type": "Point", "coordinates": [ 72.5679736, 23.0804356 ] } },
{ "type": "Feature", "properties": { "element": "node", "id": 6987753001, "amenity": "clinic", "shop": null, "name": "Shree Maternity and Nursing Home, Ahmedabad" }, "geometry": { "type": "Point", "coordinates": [ 72.5298487, 23.0163409 ] } },
{ "type": "Feature", "properties": { "element": "node", "id": 6987886544, "amenity": "hospital", "shop": null, "name": "Rachana Hospital" }, "geometry": { "type": "Point", "coordinates": [ 72.6016849, 23.0489292 ] } },
{ "type": "Feature", "properties": { "element": "node", "id": 6988042721, "amenity": "hospital", "shop": null, "name": "Kalrav Maternity Hospital and Sonography Centre" }, "geometry": { "type": "Point", "coordinates": [ 72.6583895, 23.0405269 ] } },
{ "type": "Feature", "properties": { "element": "node", "id": 6988048676, "amenity": "hospital", "shop": null, "name": "Aashirwad Surgical Hospital and Nursing Home" }, "geometry": { "type": "Point", "coordinates": [ 72.5911881, 23.0839074 ] } },
{ "type": "Feature", "properties": { "element": "node", "id": 6988060743, "amenity": "doctors", "shop": null, "name": "Dr. Ashish B. Dave" }, "geometry": { "type": "Point", "coordinates": [ 72.6092997, 22.9973331 ] } },
{ "type": "Feature", "properties": { "element": "node", "id": 6988066542, "amenity": "hospital", "shop": null, "name": "Dr. Sejal Desai Eye Hospital" }, "geometry": { "type": "Point", "coordinates": [ 72.5479455, 23.0016292 ] } },
{ "type": "Feature", "properties": { "element": "node", "id": 6988267618, "amenity": "hospital", "shop": null, "name": "Vishwa Ent Hospital" }, "geometry": { "type": "Point", "coordinates": [ 72.5253251, 23.0220336 ] } },
{ "type": "Feature", "properties": { "element": "node", "id": 6988306349, "amenity": "hospital", "shop": null, "name": "Navkar Plastic Surgery Hospital" }, "geometry": { "type": "Point", "coordinates": [ 72.5629203, 23.014419 ] } },
{ "type": "Feature", "properties": { "element": "node", "id": 6988322949, "amenity": "hospital", "shop": null, "name": "Shukan Maternity Home" }, "geometry": { "type": "Point", "coordinates": [ 72.6562531, 22.996806 ] } },
{ "type": "Feature", "properties": { "element": "node", "id": 6988340023, "amenity": "hospital", "shop": null, "name": "Rajni Women's Hospital and Research Centre" }, "geometry": { "type": "Point", "coordinates": [ 72.6338285, 22.9914333 ] } },
{ "type": "Feature", "properties": { "element": "node", "id": 6988349685, "amenity": "hospital", "shop": null, "name": "Gujrat Child Care Hospital" }, "geometry": { "type": "Point", "coordinates": [ 72.5303878, 23.0136587 ] } },
{ "type": "Feature", "properties": { "element": "node", "id": 6988407390, "amenity": "clinic", "shop": null, "name": "Krishna Maternity Nursing Home" }, "geometry": { "type": "Point", "coordinates": [ 72.4780579, 23.0286529 ] } },
{ "type": "Feature", "properties": { "element": "node", "id": 6988439005, "amenity": "hospital", "shop": null, "name": "Jain Hospital and Icu, Jivraj Park" }, "geometry": { "type": "Point", "coordinates": [ 72.5329319, 23.0058276 ] } },
{ "type": "Feature", "properties": { "element": "node", "id": 6988490440, "amenity": "hospital", "shop": null, "name": "Saraiya Plastic Surgery And Burns Hospital" }, "geometry": { "type": "Point", "coordinates": [ 72.5638269, 23.0152707 ] } },
{ "type": "Feature", "properties": { "element": "node", "id": 6988491227, "amenity": "hospital", "shop": null, "name": "Sushrut Hospital, Ahmedabad" }, "geometry": { "type": "Point", "coordinates": [ 72.5622276, 23.0090414 ] } },
{ "type": "Feature", "properties": { "element": "node", "id": 6988494095, "amenity": "hospital", "shop": null, "name": "Rushil Cancer And Endocrine Care" }, "geometry": { "type": "Point", "coordinates": [ 72.5435185, 23.0213053 ] } },
{ "type": "Feature", "properties": { "element": "node", "id": 6988501343, "amenity": "clinic", "shop": null, "name": "Netr-The Eye Care Clinic, Ahmedabad" }, "geometry": { "type": "Point", "coordinates": [ 72.5263859, 23.0280247 ] } },
{ "type": "Feature", "properties": { "element": "node", "id": 6988534634, "amenity": "hospital", "shop": null, "name": "Shyam Urological Hospital" }, "geometry": { "type": "Point", "coordinates": [ 72.5572944, 23.0193453 ] } },
{ "type": "Feature", "properties": { "element": "node", "id": 6988536883, "amenity": "hospital", "shop": null, "name": "Smt Shobhadevi Ent Hospital" }, "geometry": { "type": "Point", "coordinates": [ 72.6426845, 23.064969 ] } },
{ "type": "Feature", "properties": { "element": "node", "id": 6988713370, "amenity": "hospital", "shop": null, "name": "Gujarat Institute Of Psnchological Sciences Hospit" }, "geometry": { "type": "Point", "coordinates": [ 72.536277900000016, 23.0185504 ] } },
{ "type": "Feature", "properties": { "element": "node", "id": 6988713380, "amenity": "hospital", "shop": null, "name": "Abhisek Maternity and Nursing Home" }, "geometry": { "type": "Point", "coordinates": [ 72.5243381, 23.0157929 ] } },
{ "type": "Feature", "properties": { "element": "node", "id": 6989050324, "amenity": "hospital", "shop": null, "name": "Nishant E N T Hospital" }, "geometry": { "type": "Point", "coordinates": [ 72.5667813, 23.0168791 ] } },
{ "type": "Feature", "properties": { "element": "node", "id": 6989112022, "amenity": "hospital", "shop": null, "name": "Siddhivinayak Hospital, Ahmedabad" }, "geometry": { "type": "Point", "coordinates": [ 72.5576954, 23.0175456 ] } },
{ "type": "Feature", "properties": { "element": "node", "id": 6989122223, "amenity": "hospital", "shop": null, "name": "Sitababa Hospital" }, "geometry": { "type": "Point", "coordinates": [ 72.5377853, 23.0626813 ] } },
{ "type": "Feature", "properties": { "element": "node", "id": 6989132421, "amenity": "hospital", "shop": null, "name": "Smruti Hospital" }, "geometry": { "type": "Point", "coordinates": [ 72.5904116, 23.0054634 ] } },
{ "type": "Feature", "properties": { "element": "node", "id": 6989164263, "amenity": "hospital", "shop": null, "name": "Raj Maternity Home" }, "geometry": { "type": "Point", "coordinates": [ 72.6105885, 22.979024 ] } },
{ "type": "Feature", "properties": { "element": "node", "id": 6989177887, "amenity": "hospital", "shop": null, "name": "The Gujarat Research and Medical Institute ( Rajasthan Hospital)" }, "geometry": { "type": "Point", "coordinates": [ 72.5969093, 23.0552899 ] } },
{ "type": "Feature", "properties": { "element": "node", "id": 6989177897, "amenity": "hospital", "shop": null, "name": "Clear Vision Eye Hospital( Unit 1)" }, "geometry": { "type": "Point", "coordinates": [ 72.5551459, 23.0030081 ] } },
{ "type": "Feature", "properties": { "element": "node", "id": 6989177912, "amenity": "clinic", "shop": null, "name": "Rangshree Clinic" }, "geometry": { "type": "Point", "coordinates": [ 72.5579488, 23.0429384 ] } },
{ "type": "Feature", "properties": { "element": "node", "id": 6989177917, "amenity": "clinic", "shop": null, "name": "Shreeji Maternity and Surgical Nursing Home" }, "geometry": { "type": "Point", "coordinates": [ 72.5186283, 23.0132205 ] } },
{ "type": "Feature", "properties": { "element": "node", "id": 6989202573, "amenity": "pharmacy", "shop": null, "name": "Apollo Pharmacy" }, "geometry": { "type": "Point", "coordinates": [ 72.4702312, 23.0168114 ] } },
{ "type": "Feature", "properties": { "element": "node", "id": 6989202574, "amenity": "hospital", "shop": null, "name": "Sannidhya Hospital" }, "geometry": { "type": "Point", "coordinates": [ 72.469625, 23.0166336 ] } },
{ "type": "Feature", "properties": { "element": "node", "id": 6989202575, "amenity": "clinic", "shop": null, "name": "Navkaar Hospital" }, "geometry": { "type": "Point", "coordinates": [ 72.4695579, 23.0166114 ] } },
{ "type": "Feature", "properties": { "element": "node", "id": 6989202576, "amenity": null, "shop": "department_store", "name": "Apple Tree" }, "geometry": { "type": "Point", "coordinates": [ 72.4705235, 23.0168879 ] } },
{ "type": "Feature", "properties": { "element": "node", "id": 6989202577, "amenity": null, "shop": "beauty", "name": "Brillar" }, "geometry": { "type": "Point", "coordinates": [ 72.4705691, 23.0168978 ] } },
{ "type": "Feature", "properties": { "element": "node", "id": 6989221492, "amenity": "hospital", "shop": null, "name": "Dr J J Vora Memorial General Hospital" }, "geometry": { "type": "Point", "coordinates": [ 72.5689566, 23.040701 ] } },
{ "type": "Feature", "properties": { "element": "node", "id": 6989222410, "amenity": null, "shop": "massage", "name": "Avon Thai Spa" }, "geometry": { "type": "Point", "coordinates": [ 72.4753327, 23.0176285 ] } },
{ "type": "Feature", "properties": { "element": "node", "id": 6990257834, "amenity": "hospital", "shop": null, "name": "Siddhi Vinayak Hospital, Ahmedabad" }, "geometry": { "type": "Point", "coordinates": [ 72.6064526, 23.0041352 ] } },
{ "type": "Feature", "properties": { "element": "node", "id": 6990595051, "amenity": "hospital", "shop": null, "name": "Aastha Eye Care Centre" }, "geometry": { "type": "Point", "coordinates": [ 72.5428694, 23.0696614 ] } },
{ "type": "Feature", "properties": { "element": "node", "id": 6990600365, "amenity": "hospital", "shop": null, "name": "Raghukul Ortho Hospital" }, "geometry": { "type": "Point", "coordinates": [ 72.635415, 23.0395927 ] } },
{ "type": "Feature", "properties": { "element": "node", "id": 6990678339, "amenity": "hospital", "shop": null, "name": "Rajput Eye Hospital" }, "geometry": { "type": "Point", "coordinates": [ 72.6388724, 23.0129625 ] } },
{ "type": "Feature", "properties": { "element": "node", "id": 6990705581, "amenity": "hospital", "shop": null, "name": "Het Childcare Hospital" }, "geometry": { "type": "Point", "coordinates": [ 72.6183441, 23.0028217 ] } },
{ "type": "Feature", "properties": { "element": "node", "id": 6990726309, "amenity": "hospital", "shop": null, "name": "Madhuram Surgical Hospital" }, "geometry": { "type": "Point", "coordinates": [ 72.6284051, 23.0328727 ] } },
{ "type": "Feature", "properties": { "element": "node", "id": 6990743054, "amenity": "hospital", "shop": null, "name": "Dhwani General Hospital Nursing Home and Maternity Home" }, "geometry": { "type": "Point", "coordinates": [ 72.6449161, 23.0147326 ] } },
{ "type": "Feature", "properties": { "element": "node", "id": 6990752682, "amenity": "hospital", "shop": null, "name": "Shreyas Orthopedic Hospital, Ahmedabad" }, "geometry": { "type": "Point", "coordinates": [ 72.5822818, 23.1154284 ] } },
{ "type": "Feature", "properties": { "element": "node", "id": 6990776817, "amenity": "hospital", "shop": null, "name": "Sanjeevani Fracture andAccident Hospital" }, "geometry": { "type": "Point", "coordinates": [ 72.6062142, 23.0487456 ] } },
{ "type": "Feature", "properties": { "element": "node", "id": 6990786215, "amenity": "hospital", "shop": null, "name": "Gujarat Research And Medical Institute Hospital" }, "geometry": { "type": "Point", "coordinates": [ 72.628334, 23.0869528 ] } },
{ "type": "Feature", "properties": { "element": "node", "id": 6990824177, "amenity": "hospital", "shop": null, "name": "Chirayu Surgical Hospital" }, "geometry": { "type": "Point", "coordinates": [ 72.6412113, 23.0633896 ] } },
{ "type": "Feature", "properties": { "element": "node", "id": 6990838192, "amenity": "hospital", "shop": null, "name": "Netralaya-The Eye Associates" }, "geometry": { "type": "Point", "coordinates": [ 72.5572461, 23.0193008 ] } },
{ "type": "Feature", "properties": { "element": "node", "id": 6990990485, "amenity": "hospital", "shop": null, "name": "Gayatri Childrens Hospital" }, "geometry": { "type": "Point", "coordinates": [ 72.5629981, 23.0671591 ] } },
{ "type": "Feature", "properties": { "element": "node", "id": 6991032343, "amenity": "clinic", "shop": null, "name": "Chokshi Maternity Nursing Home and Sonography Clinic" }, "geometry": { "type": "Point", "coordinates": [ 72.5442159, 23.067744 ] } },
{ "type": "Feature", "properties": { "element": "node", "id": 6991109755, "amenity": "hospital", "shop": null, "name": "Neha Children Hospitals and Neonatal Centre" }, "geometry": { "type": "Point", "coordinates": [ 72.5952208, 23.0031649 ] } },
{ "type": "Feature", "properties": { "element": "node", "id": 6991207885, "amenity": "hospital", "shop": null, "name": "Kavit Urosurgical Hospital" }, "geometry": { "type": "Point", "coordinates": [ 72.5659411, 23.0396353 ] } },
{ "type": "Feature", "properties": { "element": "node", "id": 6991208200, "amenity": "hospital", "shop": null, "name": "Auroma Ent Hospital" }, "geometry": { "type": "Point", "coordinates": [ 72.5357951, 23.0598028 ] } },
{ "type": "Feature", "properties": { "element": "node", "id": 6991241711, "amenity": "hospital", "shop": null, "name": "Sahyog General Hospital and Nursing Home" }, "geometry": { "type": "Point", "coordinates": [ 72.4732058, 22.9870335 ] } },
{ "type": "Feature", "properties": { "element": "node", "id": 6991261574, "amenity": "hospital", "shop": null, "name": "Jayshri Medical Hospital" }, "geometry": { "type": "Point", "coordinates": [ 72.6367199, 23.0048808 ] } },
{ "type": "Feature", "properties": { "element": "node", "id": 6991317932, "amenity": "hospital", "shop": null, "name": "Radha Krishna Hospital" }, "geometry": { "type": "Point", "coordinates": [ 72.6041847, 23.0489175 ] } },
{ "type": "Feature", "properties": { "element": "node", "id": 6992389930, "amenity": "bank", "shop": null, "name": "Union Bank of India" }, "geometry": { "type": "Point", "coordinates": [ 72.4729214, 23.016933 ] } },
{ "type": "Feature", "properties": { "element": "node", "id": 6992389931, "amenity": "bank", "shop": null, "name": "State Bank of India" }, "geometry": { "type": "Point", "coordinates": [ 72.472552900000011, 23.0168635 ] } },
{ "type": "Feature", "properties": { "element": "node", "id": 6992389932, "amenity": "atm", "shop": null, "name": null }, "geometry": { "type": "Point", "coordinates": [ 72.4725616, 23.0168689 ] } },
{ "type": "Feature", "properties": { "element": "node", "id": 6993387967, "amenity": "hospital", "shop": null, "name": "Bhadra Clinic Hospital" }, "geometry": { "type": "Point", "coordinates": [ 72.5586636, 23.0473058 ] } },
{ "type": "Feature", "properties": { "element": "node", "id": 6993472071, "amenity": "hospital", "shop": null, "name": "V and M Orthopaedic Centre" }, "geometry": { "type": "Point", "coordinates": [ 72.6068388, 22.9970288 ] } },
{ "type": "Feature", "properties": { "element": "node", "id": 6993552527, "amenity": "clinic", "shop": null, "name": "Family Care Nursing Home" }, "geometry": { "type": "Point", "coordinates": [ 72.601811, 22.9834589 ] } },
{ "type": "Feature", "properties": { "element": "node", "id": 6993572196, "amenity": "clinic", "shop": null, "name": "Mahavir Clinic & Nursing Home" }, "geometry": { "type": "Point", "coordinates": [ 72.5696943, 23.1059184 ] } },
{ "type": "Feature", "properties": { "element": "node", "id": 6993703101, "amenity": "hospital", "shop": null, "name": "Anand Eye Hospital,(Dr. Rohit Desai)" }, "geometry": { "type": "Point", "coordinates": [ 72.560481, 23.0519251 ] } },
{ "type": "Feature", "properties": { "element": "node", "id": 6993868923, "amenity": "hospital", "shop": null, "name": "Smt.NHL Municipal Medical College Hospital" }, "geometry": { "type": "Point", "coordinates": [ 72.5714269, 23.0187158 ] } },
{ "type": "Feature", "properties": { "element": "node", "id": 6993868949, "amenity": "hospital", "shop": null, "name": "Killol Children Hospital" }, "geometry": { "type": "Point", "coordinates": [ 72.5641722, 23.0520284 ] } },
{ "type": "Feature", "properties": { "element": "node", "id": 6993882537, "amenity": "hospital", "shop": null, "name": "Gujrat Diagnostic Center and Pathology Laboratory" }, "geometry": { "type": "Point", "coordinates": [ 72.5665225, 23.016489 ] } },
{ "type": "Feature", "properties": { "element": "node", "id": 6993884689, "amenity": "hospital", "shop": null, "name": "Giriraj Orthopaedic Hospital" }, "geometry": { "type": "Point", "coordinates": [ 72.5988793, 23.0094926 ] } },
{ "type": "Feature", "properties": { "element": "node", "id": 6993902494, "amenity": "hospital", "shop": null, "name": "BSNL Exchange" }, "geometry": { "type": "Point", "coordinates": [ 72.5468244, 22.9998935 ] } },
{ "type": "Feature", "properties": { "element": "node", "id": 6993975134, "amenity": "hospital", "shop": null, "name": "Amdawad Eye Laser Hospitals Pvt Ltd" }, "geometry": { "type": "Point", "coordinates": [ 72.5454128, 23.027216 ] } },
{ "type": "Feature", "properties": { "element": "node", "id": 7020201188, "amenity": null, "shop": null, "name": null }, "geometry": { "type": "Point", "coordinates": [ 72.6274148, 22.9863649 ] } },
{ "type": "Feature", "properties": { "element": "node", "id": 7020233387, "amenity": "bus_station", "shop": null, "name": null }, "geometry": { "type": "Point", "coordinates": [ 72.5895319, 23.0430359 ] } },
{ "type": "Feature", "properties": { "element": "node", "id": 7020233388, "amenity": "restaurant", "shop": null, "name": null }, "geometry": { "type": "Point", "coordinates": [ 72.5995705, 23.0012911 ] } },
{ "type": "Feature", "properties": { "element": "node", "id": 7020233389, "amenity": null, "shop": "pet", "name": null }, "geometry": { "type": "Point", "coordinates": [ 72.6094411, 22.999754 ] } },
{ "type": "Feature", "properties": { "element": "node", "id": 7020233390, "amenity": null, "shop": null, "name": null }, "geometry": { "type": "Point", "coordinates": [ 72.6569769, 22.9260283 ] } },
{ "type": "Feature", "properties": { "element": "node", "id": 7020233785, "amenity": null, "shop": null, "name": null }, "geometry": { "type": "Point", "coordinates": [ 72.6077576, 22.9927936 ] } },
{ "type": "Feature", "properties": { "element": "node", "id": 7020233885, "amenity": null, "shop": null, "name": null }, "geometry": { "type": "Point", "coordinates": [ 72.6247132, 22.9901978 ] } },
{ "type": "Feature", "properties": { "element": "node", "id": 7028720845, "amenity": null, "shop": null, "name": "Sakar Granito (India) Pvt. Ltd." }, "geometry": { "type": "Point", "coordinates": [ 72.5661238, 23.0148358 ] } },
{ "type": "Feature", "properties": { "element": "node", "id": 7045765671, "amenity": "dentist", "shop": null, "name": "Shreyas Dental Hospital" }, "geometry": { "type": "Point", "coordinates": [ 72.5617795, 23.0482474 ] } },
{ "type": "Feature", "properties": { "element": "node", "id": 7066497233, "amenity": null, "shop": null, "name": "Sauber Environmental Solutions Pvt. Ltd." }, "geometry": { "type": "Point", "coordinates": [ 72.5030927, 23.0261005 ] } },
{ "type": "Feature", "properties": { "element": "node", "id": 7088275193, "amenity": "place_of_worship", "shop": null, "name": "Hatkeshwar mandir" }, "geometry": { "type": "Point", "coordinates": [ 72.5938375, 23.0233183 ] } },
{ "type": "Feature", "properties": { "element": "node", "id": 7088275199, "amenity": null, "shop": null, "name": "Akha Bhagat Chowk" }, "geometry": { "type": "Point", "coordinates": [ 72.5937037, 23.0224593 ] } },
{ "type": "Feature", "properties": { "element": "node", "id": 7088275226, "amenity": "place_of_worship", "shop": null, "name": "Dwarkadhish mandir" }, "geometry": { "type": "Point", "coordinates": [ 72.5947645, 23.0207788 ] } },
{ "type": "Feature", "properties": { "element": "node", "id": 7088275237, "amenity": "place_of_worship", "shop": null, "name": "Rameshwar mandir" }, "geometry": { "type": "Point", "coordinates": [ 72.5919461, 23.0208959 ] } },
{ "type": "Feature", "properties": { "element": "node", "id": 7132838716, "amenity": null, "shop": null, "name": "Hansol Garden" }, "geometry": { "type": "Point", "coordinates": [ 72.622746, 23.083742 ] } },
{ "type": "Feature", "properties": { "element": "node", "id": 7132880190, "amenity": null, "shop": null, "name": "Riverfront Children's Park" }, "geometry": { "type": "Point", "coordinates": [ 72.5960835, 23.0652856 ] } },
{ "type": "Feature", "properties": { "element": "node", "id": 7137331982, "amenity": "cafe", "shop": null, "name": "The Cafe Date" }, "geometry": { "type": "Point", "coordinates": [ 72.5018226, 23.034043 ] } },
{ "type": "Feature", "properties": { "element": "node", "id": 7139941466, "amenity": "college", "shop": null, "name": "Government Polytechnic" }, "geometry": { "type": "Point", "coordinates": [ 72.5475056, 23.0265769 ] } },
{ "type": "Feature", "properties": { "element": "node", "id": 7144783583, "amenity": null, "shop": null, "name": "ABD Diamonds Private Limited" }, "geometry": { "type": "Point", "coordinates": [ 72.6410931, 22.9721739 ] } },
{ "type": "Feature", "properties": { "element": "node", "id": 7157714216, "amenity": "place_of_worship", "shop": null, "name": "Masjid e Khatimul Ambiya" }, "geometry": { "type": "Point", "coordinates": [ 72.5759353, 22.9795627 ] } },
{ "type": "Feature", "properties": { "element": "node", "id": 7157714217, "amenity": "place_of_worship", "shop": null, "name": "Shahi Masjid" }, "geometry": { "type": "Point", "coordinates": [ 72.5886917, 22.9976863 ] } },
{ "type": "Feature", "properties": { "element": "node", "id": 7157714218, "amenity": "place_of_worship", "shop": null, "name": "Shahi Masjid - Shah e Alam Dargah" }, "geometry": { "type": "Point", "coordinates": [ 72.5889358, 22.9944381 ] } },
{ "type": "Feature", "properties": { "element": "node", "id": 7157714219, "amenity": "hospital", "shop": null, "name": "Amena Khatun General Hospital" }, "geometry": { "type": "Point", "coordinates": [ 72.5191879, 22.9928112 ] } },
{ "type": "Feature", "properties": { "element": "node", "id": 7157714220, "amenity": "place_of_worship", "shop": null, "name": "Shahi Masjid - Dargah Hazrat Ali Sher Bangali" }, "geometry": { "type": "Point", "coordinates": [ 72.5651855, 23.0104389 ] } },
{ "type": "Feature", "properties": { "element": "node", "id": 7159077259, "amenity": "place_of_worship", "shop": null, "name": "Hazrat Makhdum Shah Masjid" }, "geometry": { "type": "Point", "coordinates": [ 72.584312, 23.013937 ] } },
{ "type": "Feature", "properties": { "element": "node", "id": 7159077260, "amenity": "place_of_worship", "shop": null, "name": "Jambudi Masjid" }, "geometry": { "type": "Point", "coordinates": [ 72.584438, 23.012687 ] } },
{ "type": "Feature", "properties": { "element": "node", "id": 7163489711, "amenity": "place_of_worship", "shop": null, "name": "Masjid e Bahare Shariat" }, "geometry": { "type": "Point", "coordinates": [ 72.5765629, 22.992313 ] } },
{ "type": "Feature", "properties": { "element": "node", "id": 7178767962, "amenity": null, "shop": null, "name": "Vibrant Silver I" }, "geometry": { "type": "Point", "coordinates": [ 72.4610318, 23.0345886 ] } },
{ "type": "Feature", "properties": { "element": "node", "id": 7178784863, "amenity": null, "shop": "electrical", "name": "Maruti Electric" }, "geometry": { "type": "Point", "coordinates": [ 72.4696501, 23.0318964 ] } },
{ "type": "Feature", "properties": { "element": "node", "id": 7246829022, "amenity": "toilets", "shop": null, "name": null }, "geometry": { "type": "Point", "coordinates": [ 72.5801102, 23.0599826 ] } },
{ "type": "Feature", "properties": { "element": "node", "id": 7246870174, "amenity": "parking_space", "shop": null, "name": null }, "geometry": { "type": "Point", "coordinates": [ 72.5800665, 23.0598427 ] } },
{ "type": "Feature", "properties": { "element": "node", "id": 7274647486, "amenity": null, "shop": null, "name": "Kirti Executive Lounge" }, "geometry": { "type": "Point", "coordinates": [ 72.6011501, 23.0270204 ] } },
{ "type": "Feature", "properties": { "element": "node", "id": 7311053166, "amenity": null, "shop": null, "name": "karanj bhag" }, "geometry": { "type": "Point", "coordinates": [ 72.5822747, 23.0242357 ] } },
{ "type": "Feature", "properties": { "element": "node", "id": 7418072411, "amenity": null, "shop": "mall", "name": "Iscon Emporio" }, "geometry": { "type": "Point", "coordinates": [ 72.5244892, 23.0265633 ] } },
{ "type": "Feature", "properties": { "element": "node", "id": 7497277585, "amenity": null, "shop": null, "name": null }, "geometry": { "type": "Point", "coordinates": [ 72.562677, 23.0419518 ] } },
{ "type": "Feature", "properties": { "element": "node", "id": 7554841091, "amenity": null, "shop": "supermarket", "name": "Hind Store" }, "geometry": { "type": "Point", "coordinates": [ 72.5555815, 23.1135557 ] } },
{ "type": "Feature", "properties": { "element": "node", "id": 7633141323, "amenity": null, "shop": "supermarket", "name": "Mahakali" }, "geometry": { "type": "Point", "coordinates": [ 72.4699729, 23.0167363 ] } },
{ "type": "Feature", "properties": { "element": "node", "id": 7633141324, "amenity": null, "shop": "stationery", "name": "Skyblue" }, "geometry": { "type": "Point", "coordinates": [ 72.4690582, 23.0164623 ] } },
{ "type": "Feature", "properties": { "element": "node", "id": 7809604489, "amenity": null, "shop": null, "name": "Silicon WebX" }, "geometry": { "type": "Point", "coordinates": [ 72.5185439, 22.9938681 ] } },
{ "type": "Feature", "properties": { "element": "node", "id": 7846055184, "amenity": "place_of_worship", "shop": null, "name": null }, "geometry": { "type": "Point", "coordinates": [ 72.5830274, 22.9608211 ] } },
{ "type": "Feature", "properties": { "element": "node", "id": 7862753689, "amenity": "dentist", "shop": null, "name": "Shri Sai Dental Clinic" }, "geometry": { "type": "Point", "coordinates": [ 72.5869502, 22.9658962 ] } },
{ "type": "Feature", "properties": { "element": "node", "id": 7862753690, "amenity": "hospital", "shop": null, "name": "Shree Umiya Multi Speciality Hospital" }, "geometry": { "type": "Point", "coordinates": [ 72.593685, 23.019646 ] } },
{ "type": "Feature", "properties": { "element": "node", "id": 7862753691, "amenity": "hospital", "shop": null, "name": "Vahedi Hospital" }, "geometry": { "type": "Point", "coordinates": [ 72.585958, 22.999361 ] } },
{ "type": "Feature", "properties": { "element": "node", "id": 7862753692, "amenity": "clinic", "shop": null, "name": "Herbal Unani Clinic" }, "geometry": { "type": "Point", "coordinates": [ 72.582281, 23.014903 ] } },
{ "type": "Feature", "properties": { "element": "node", "id": 7862753693, "amenity": "hospital", "shop": null, "name": "Jankalyan Janaseva Hospital" }, "geometry": { "type": "Point", "coordinates": [ 72.5912646, 22.9634073 ] } },
{ "type": "Feature", "properties": { "element": "node", "id": 7862753694, "amenity": "hospital", "shop": null, "name": "Shruti ENT Hospital" }, "geometry": { "type": "Point", "coordinates": [ 72.609198, 22.997277 ] } },
{ "type": "Feature", "properties": { "element": "node", "id": 7862753696, "amenity": "clinic", "shop": null, "name": "Apollo Clinic" }, "geometry": { "type": "Point", "coordinates": [ 72.608319, 22.999263 ] } },
{ "type": "Feature", "properties": { "element": "node", "id": 7862753697, "amenity": "hospital", "shop": null, "name": "Child Care Surgical Hospital" }, "geometry": { "type": "Point", "coordinates": [ 72.610435, 22.997459 ] } },
{ "type": "Feature", "properties": { "element": "node", "id": 7862753698, "amenity": "hospital", "shop": null, "name": "Mamta Maternity Home" }, "geometry": { "type": "Point", "coordinates": [ 72.5946245, 23.0234972 ] } },
{ "type": "Feature", "properties": { "element": "node", "id": 7862753699, "amenity": "hospital", "shop": null, "name": "LM Referral Hospital" }, "geometry": { "type": "Point", "coordinates": [ 72.597401, 23.018949 ] } },
{ "type": "Feature", "properties": { "element": "node", "id": 7862753700, "amenity": "hospital", "shop": null, "name": "Mysorewala Surgical Hospital" }, "geometry": { "type": "Point", "coordinates": [ 72.5900772, 23.0210847 ] } },
{ "type": "Feature", "properties": { "element": "node", "id": 7862753701, "amenity": "hospital", "shop": null, "name": "Avishkar Multi Speciality, ICU and Trauma Centre" }, "geometry": { "type": "Point", "coordinates": [ 72.611857, 22.988104 ] } },
{ "type": "Feature", "properties": { "element": "node", "id": 7862753702, "amenity": "hospital", "shop": null, "name": "Shree Jee Eye and Orthopedic Hospital" }, "geometry": { "type": "Point", "coordinates": [ 72.596633, 23.028639 ] } },
{ "type": "Feature", "properties": { "element": "node", "id": 7862753703, "amenity": "hospital", "shop": null, "name": "Chanchalba Maternity Hospital" }, "geometry": { "type": "Point", "coordinates": [ 72.600315900000012, 22.9995851 ] } },
{ "type": "Feature", "properties": { "element": "node", "id": 7862753704, "amenity": "hospital", "shop": null, "name": "Dr. Ramanlal Hospital" }, "geometry": { "type": "Point", "coordinates": [ 72.600585, 22.998028 ] } },
{ "type": "Feature", "properties": { "element": "node", "id": 7862753705, "amenity": "doctors", "shop": null, "name": "Dr. Mubassir Saiyad" }, "geometry": { "type": "Point", "coordinates": [ 72.589145, 23.001855 ] } },
{ "type": "Feature", "properties": { "element": "node", "id": 7862753706, "amenity": "hospital", "shop": null, "name": "Kilu ENT Hospital" }, "geometry": { "type": "Point", "coordinates": [ 72.6063718, 22.9970061 ] } },
{ "type": "Feature", "properties": { "element": "node", "id": 7862753707, "amenity": "dentist", "shop": null, "name": "Aksharamrut Dental Clinic" }, "geometry": { "type": "Point", "coordinates": [ 72.59432, 23.018885 ] } },
{ "type": "Feature", "properties": { "element": "node", "id": 7862753708, "amenity": "dentist", "shop": null, "name": "Tiwaris Dental Clinic" }, "geometry": { "type": "Point", "coordinates": [ 72.607965, 22.998825 ] } },
{ "type": "Feature", "properties": { "element": "node", "id": 7862753709, "amenity": "hospital", "shop": null, "name": "Bhanu Jit Maternity and Nursing Home" }, "geometry": { "type": "Point", "coordinates": [ 72.595118, 23.005749 ] } },
{ "type": "Feature", "properties": { "element": "node", "id": 7862753710, "amenity": "clinic", "shop": null, "name": "Atharva Ayurveda Clinic and Panchakarma Centre" }, "geometry": { "type": "Point", "coordinates": [ 72.604633, 22.997505 ] } },
{ "type": "Feature", "properties": { "element": "node", "id": 7862753711, "amenity": "dentist", "shop": null, "name": "Shreeji Dental Clinic and Implant Centre" }, "geometry": { "type": "Point", "coordinates": [ 72.606431, 22.999845 ] } },
{ "type": "Feature", "properties": { "element": "node", "id": 7862753712, "amenity": "clinic", "shop": null, "name": "Madhavbaug Clinic" }, "geometry": { "type": "Point", "coordinates": [ 72.603228, 23.000113 ] } },
{ "type": "Feature", "properties": { "element": "node", "id": 7862753713, "amenity": "dentist", "shop": null, "name": "Maninagar Dental Hospital and Implant Centre" }, "geometry": { "type": "Point", "coordinates": [ 72.6050866, 22.9974318 ] } },
{ "type": "Feature", "properties": { "element": "node", "id": 7862753714, "amenity": "hospital", "shop": null, "name": "Chhapan Hospital" }, "geometry": { "type": "Point", "coordinates": [ 72.591737, 23.02645 ] } },
{ "type": "Feature", "properties": { "element": "node", "id": 7862753715, "amenity": "hospital", "shop": null, "name": "Shree Shakti General Hospital" }, "geometry": { "type": "Point", "coordinates": [ 72.5893488, 22.9666916 ] } },
{ "type": "Feature", "properties": { "element": "node", "id": 7862753716, "amenity": "clinic", "shop": null, "name": "Sneh Clinic" }, "geometry": { "type": "Point", "coordinates": [ 72.608215, 22.998786 ] } },
{ "type": "Feature", "properties": { "element": "node", "id": 7862753717, "amenity": "hospital", "shop": null, "name": "Artificial Eye Surgery" }, "geometry": { "type": "Point", "coordinates": [ 72.607654, 23.002052 ] } },
{ "type": "Feature", "properties": { "element": "node", "id": 7862753718, "amenity": "clinic", "shop": null, "name": "Rupam Women's Clinic" }, "geometry": { "type": "Point", "coordinates": [ 72.5943965, 22.9982724 ] } },
{ "type": "Feature", "properties": { "element": "node", "id": 7862753719, "amenity": "hospital", "shop": null, "name": "Pinakin Dalal Hospital" }, "geometry": { "type": "Point", "coordinates": [ 72.5933157, 23.029419 ] } },
{ "type": "Feature", "properties": { "element": "node", "id": 7862753720, "amenity": "hospital", "shop": null, "name": "Maryam Hospital" }, "geometry": { "type": "Point", "coordinates": [ 72.588856, 22.981501 ] } },
{ "type": "Feature", "properties": { "element": "node", "id": 7862753721, "amenity": "hospital", "shop": null, "name": "Gurunanak Hospital" }, "geometry": { "type": "Point", "coordinates": [ 72.616878, 22.984428 ] } },
{ "type": "Feature", "properties": { "element": "node", "id": 7862753722, "amenity": "hospital", "shop": null, "name": "Hazrat Amina BIbi Hospital" }, "geometry": { "type": "Point", "coordinates": [ 72.5884667, 22.9947749 ] } },
{ "type": "Feature", "properties": { "element": "node", "id": 7862753723, "amenity": "doctors", "shop": null, "name": "Dr. Nimesh Trivedi" }, "geometry": { "type": "Point", "coordinates": [ 72.5893216, 23.0202363 ] } },
{ "type": "Feature", "properties": { "element": "node", "id": 7862753724, "amenity": "hospital", "shop": null, "name": "Sambhav General Hospital" }, "geometry": { "type": "Point", "coordinates": [ 72.583296, 23.006527 ] } },
{ "type": "Feature", "properties": { "element": "node", "id": 7862753725, "amenity": "clinic", "shop": null, "name": "Niruj Rheumotogy Clinic" }, "geometry": { "type": "Point", "coordinates": [ 72.6021433, 22.9981001 ] } },
{ "type": "Feature", "properties": { "element": "node", "id": 7862753726, "amenity": "hospital", "shop": null, "name": "Kushi Women Hospital" }, "geometry": { "type": "Point", "coordinates": [ 72.608195, 23.000266 ] } },
{ "type": "Feature", "properties": { "element": "node", "id": 7862753727, "amenity": "hospital", "shop": null, "name": "Mithakhali Stavya Hospital" }, "geometry": { "type": "Point", "coordinates": [ 72.601663, 22.9969506 ] } },
{ "type": "Feature", "properties": { "element": "node", "id": 7862753728, "amenity": "dentist", "shop": null, "name": "Premal Dental Clinic" }, "geometry": { "type": "Point", "coordinates": [ 72.6075452, 23.0029601 ] } },
{ "type": "Feature", "properties": { "element": "node", "id": 7862753729, "amenity": "hospital", "shop": null, "name": "Narol ICU and Multi Speciality Hospital" }, "geometry": { "type": "Point", "coordinates": [ 72.5903719, 22.9646691 ] } },
{ "type": "Feature", "properties": { "element": "node", "id": 7862753730, "amenity": "doctors", "shop": null, "name": "Dr. Kirit C. Shah" }, "geometry": { "type": "Point", "coordinates": [ 72.604134, 23.000123 ] } },
{ "type": "Feature", "properties": { "element": "node", "id": 7862753731, "amenity": "clinic", "shop": null, "name": "Dr. Dave Eye Care" }, "geometry": { "type": "Point", "coordinates": [ 72.607469, 22.999176 ] } },
{ "type": "Feature", "properties": { "element": "node", "id": 7862753732, "amenity": "hospital", "shop": null, "name": "Jatan Children Hospital" }, "geometry": { "type": "Point", "coordinates": [ 72.593349, 23.019026 ] } },
{ "type": "Feature", "properties": { "element": "node", "id": 7862753733, "amenity": "hospital", "shop": null, "name": "Little Flower Neonatal and Pediatric Super Speciality Hospital" }, "geometry": { "type": "Point", "coordinates": [ 72.607322, 22.993645 ] } },
{ "type": "Feature", "properties": { "element": "node", "id": 7862753734, "amenity": "hospital", "shop": null, "name": "Parikh Orthopedic Hospital" }, "geometry": { "type": "Point", "coordinates": [ 72.608657, 22.996403 ] } },
{ "type": "Feature", "properties": { "element": "node", "id": 7862753735, "amenity": "hospital", "shop": null, "name": "Divya Children's Hospital" }, "geometry": { "type": "Point", "coordinates": [ 72.597732, 23.023421 ] } },
{ "type": "Feature", "properties": { "element": "node", "id": 7862753736, "amenity": "hospital", "shop": null, "name": "Chinubhai Baronet Hospital" }, "geometry": { "type": "Point", "coordinates": [ 72.598982, 23.024842 ] } },
{ "type": "Feature", "properties": { "element": "node", "id": 7862753737, "amenity": "hospital", "shop": null, "name": "Navdeep Hospital" }, "geometry": { "type": "Point", "coordinates": [ 72.596416, 23.003436 ] } },
{ "type": "Feature", "properties": { "element": "node", "id": 7862753738, "amenity": "hospital", "shop": null, "name": "Hindu Muslim Ekta Trust Hospital" }, "geometry": { "type": "Point", "coordinates": [ 72.587951, 23.012988 ] } },
{ "type": "Feature", "properties": { "element": "node", "id": 7862753739, "amenity": "hospital", "shop": null, "name": "Dr. Tanumati Shah Hospital" }, "geometry": { "type": "Point", "coordinates": [ 72.592461, 23.029011 ] } },
{ "type": "Feature", "properties": { "element": "node", "id": 7862753740, "amenity": "hospital", "shop": null, "name": "Munsipal Hospital" }, "geometry": { "type": "Point", "coordinates": [ 72.585876, 23.009168 ] } },
{ "type": "Feature", "properties": { "element": "node", "id": 7862753741, "amenity": "hospital", "shop": null, "name": "Mediclaim Hospital" }, "geometry": { "type": "Point", "coordinates": [ 72.5934357, 22.9646606 ] } },
{ "type": "Feature", "properties": { "element": "node", "id": 7862753742, "amenity": "hospital", "shop": null, "name": "Maya Maternity Hospital" }, "geometry": { "type": "Point", "coordinates": [ 72.6075168, 22.9949326 ] } },
{ "type": "Feature", "properties": { "element": "node", "id": 7862753743, "amenity": "hospital", "shop": null, "name": "Chhipa Welfare Trust Hospital" }, "geometry": { "type": "Point", "coordinates": [ 72.587351, 23.015985 ] } },
{ "type": "Feature", "properties": { "element": "node", "id": 7862753744, "amenity": "hospital", "shop": null, "name": "TB Hospital" }, "geometry": { "type": "Point", "coordinates": [ 72.5908296, 23.0151021 ] } },
{ "type": "Feature", "properties": { "element": "node", "id": 7862753745, "amenity": "hospital", "shop": null, "name": "Jay Orthopedic Hospital" }, "geometry": { "type": "Point", "coordinates": [ 72.587214, 23.02691 ] } },
{ "type": "Feature", "properties": { "element": "node", "id": 7862753746, "amenity": "clinic", "shop": null, "name": "Lavanya Clinic" }, "geometry": { "type": "Point", "coordinates": [ 72.6031299, 22.9928912 ] } },
{ "type": "Feature", "properties": { "element": "node", "id": 7862753747, "amenity": "clinic", "shop": null, "name": "Diya Clinic" }, "geometry": { "type": "Point", "coordinates": [ 72.589033, 22.96343 ] } },
{ "type": "Feature", "properties": { "element": "node", "id": 7862753748, "amenity": "clinic", "shop": null, "name": "Gandhi Charitable Homeopathy Clinic" }, "geometry": { "type": "Point", "coordinates": [ 72.6098995, 22.9964298 ] } },
{ "type": "Feature", "properties": { "element": "node", "id": 7862753749, "amenity": "hospital", "shop": null, "name": "Sharda Surgical Hospital" }, "geometry": { "type": "Point", "coordinates": [ 72.609335, 22.997027 ] } },
{ "type": "Feature", "properties": { "element": "node", "id": 7862753750, "amenity": "hospital", "shop": null, "name": "Sheth Jamnabhai Bhagubhai Trust" }, "geometry": { "type": "Point", "coordinates": [ 72.5919014, 23.0259793 ] } },
{ "type": "Feature", "properties": { "element": "node", "id": 7862753751, "amenity": "hospital", "shop": null, "name": "Shivam Children Hospital and Pediatric Critical Care Centre" }, "geometry": { "type": "Point", "coordinates": [ 72.6037424, 23.0003225 ] } },
{ "type": "Feature", "properties": { "element": "node", "id": 7862753752, "amenity": "hospital", "shop": null, "name": "Parijat Children Hospital" }, "geometry": { "type": "Point", "coordinates": [ 72.590562500000019, 23.0293947 ] } },
{ "type": "Feature", "properties": { "element": "node", "id": 7862753753, "amenity": "hospital", "shop": null, "name": "Aaditya Spine Hospital" }, "geometry": { "type": "Point", "coordinates": [ 72.5917151, 23.0058864 ] } },
{ "type": "Feature", "properties": { "element": "node", "id": 7862753754, "amenity": "doctors", "shop": null, "name": "Dr. Nilofar Shaikh" }, "geometry": { "type": "Point", "coordinates": [ 72.5946976, 23.0290414 ] } },
{ "type": "Feature", "properties": { "element": "node", "id": 7862753755, "amenity": "doctors", "shop": null, "name": "Dr. Tapan A Shah" }, "geometry": { "type": "Point", "coordinates": [ 72.6043884, 23.000179 ] } },
{ "type": "Feature", "properties": { "element": "node", "id": 7862753756, "amenity": "clinic", "shop": null, "name": "Unique Speciality Clinic" }, "geometry": { "type": "Point", "coordinates": [ 72.5859446, 22.9821082 ] } },
{ "type": "Feature", "properties": { "element": "node", "id": 7862753757, "amenity": "hospital", "shop": null, "name": "Safal Children Hospital" }, "geometry": { "type": "Point", "coordinates": [ 72.5877721, 23.0012666 ] } },
{ "type": "Feature", "properties": { "element": "node", "id": 7862753758, "amenity": "hospital", "shop": null, "name": "Janani Women and Children Hospital" }, "geometry": { "type": "Point", "coordinates": [ 72.590532, 22.9644685 ] } },
{ "type": "Feature", "properties": { "element": "node", "id": 7862753759, "amenity": "hospital", "shop": null, "name": "Devam Hospital" }, "geometry": { "type": "Point", "coordinates": [ 72.608487, 23.000081 ] } },
{ "type": "Feature", "properties": { "element": "node", "id": 7863727736, "amenity": "hospital", "shop": null, "name": "Matru Chhaya Hospital" }, "geometry": { "type": "Point", "coordinates": [ 72.612253, 22.954141 ] } },
{ "type": "Feature", "properties": { "element": "node", "id": 7863727738, "amenity": "hospital", "shop": null, "name": "Remedy Hospital" }, "geometry": { "type": "Point", "coordinates": [ 72.600519, 22.983088 ] } },
{ "type": "Feature", "properties": { "element": "node", "id": 7863727740, "amenity": "hospital", "shop": null, "name": "Sparsh Multi Speciality Hospital" }, "geometry": { "type": "Point", "coordinates": [ 72.624931, 22.966305 ] } },
{ "type": "Feature", "properties": { "element": "node", "id": 7863727741, "amenity": "hospital", "shop": null, "name": "Dirgayu Orthopedic Hospital" }, "geometry": { "type": "Point", "coordinates": [ 72.6010063, 22.9768837 ] } },
{ "type": "Feature", "properties": { "element": "node", "id": 7863727742, "amenity": "hospital", "shop": null, "name": "Suman Hospital" }, "geometry": { "type": "Point", "coordinates": [ 72.611161, 22.981475 ] } },
{ "type": "Feature", "properties": { "element": "node", "id": 7863727743, "amenity": "hospital", "shop": null, "name": "Kashiba General Hospital" }, "geometry": { "type": "Point", "coordinates": [ 72.615888, 22.953285 ] } },
{ "type": "Feature", "properties": { "element": "node", "id": 7863727744, "amenity": "doctors", "shop": null, "name": "Dr. Bakulesh Madhu" }, "geometry": { "type": "Point", "coordinates": [ 72.598839, 22.981225 ] } },
{ "type": "Feature", "properties": { "element": "node", "id": 7863727745, "amenity": "hospital", "shop": null, "name": "Vimala Hospital" }, "geometry": { "type": "Point", "coordinates": [ 72.617867, 22.967894 ] } },
{ "type": "Feature", "properties": { "element": "node", "id": 7863727746, "amenity": "hospital", "shop": null, "name": "Doctor Bhatt's Hospital" }, "geometry": { "type": "Point", "coordinates": [ 72.604727, 22.971831 ] } },
{ "type": "Feature", "properties": { "element": "node", "id": 7863727747, "amenity": "hospital", "shop": null, "name": "Medicure Hospital" }, "geometry": { "type": "Point", "coordinates": [ 72.5931204, 22.9704828 ] } },
{ "type": "Feature", "properties": { "element": "node", "id": 7863727748, "amenity": "hospital", "shop": null, "name": "Ratan Hospital" }, "geometry": { "type": "Point", "coordinates": [ 72.592925, 22.977063 ] } },
{ "type": "Feature", "properties": { "element": "node", "id": 7863727749, "amenity": "clinic", "shop": null, "name": "Dhanwantari Clinic" }, "geometry": { "type": "Point", "coordinates": [ 72.5969718, 22.9490816 ] } },
{ "type": "Feature", "properties": { "element": "node", "id": 7863727751, "amenity": "hospital", "shop": null, "name": "Smruti Multi Speciality Hospital" }, "geometry": { "type": "Point", "coordinates": [ 72.611594, 22.974308 ] } },
{ "type": "Feature", "properties": { "element": "node", "id": 7863727752, "amenity": "doctors", "shop": null, "name": "Dr. Jayshree Vadher" }, "geometry": { "type": "Point", "coordinates": [ 72.5993672, 22.9780991 ] } },
{ "type": "Feature", "properties": { "element": "node", "id": 7863727753, "amenity": "clinic", "shop": null, "name": "Abhinav Clinic" }, "geometry": { "type": "Point", "coordinates": [ 72.6212151, 22.9457646 ] } },
{ "type": "Feature", "properties": { "element": "node", "id": 7863727754, "amenity": "hospital", "shop": null, "name": "Harsh Hospital" }, "geometry": { "type": "Point", "coordinates": [ 72.6244409, 22.9515073 ] } },
{ "type": "Feature", "properties": { "element": "node", "id": 7863727755, "amenity": "hospital", "shop": null, "name": "Shakur Children Hospital" }, "geometry": { "type": "Point", "coordinates": [ 72.5983418, 22.979498 ] } },
{ "type": "Feature", "properties": { "element": "node", "id": 7863727756, "amenity": "hospital", "shop": null, "name": "Abhinav Hospital" }, "geometry": { "type": "Point", "coordinates": [ 72.6159949, 22.9664477 ] } },
{ "type": "Feature", "properties": { "element": "node", "id": 7863727757, "amenity": "hospital", "shop": null, "name": "Lambha Skin Hospital" }, "geometry": { "type": "Point", "coordinates": [ 72.5760578, 22.9339127 ] } },
{ "type": "Feature", "properties": { "element": "node", "id": 7863727758, "amenity": "doctors", "shop": null, "name": "Dr. Dharmendra Thakkar" }, "geometry": { "type": "Point", "coordinates": [ 72.615095, 22.9531942 ] } },
{ "type": "Feature", "properties": { "element": "node", "id": 7863727759, "amenity": "hospital", "shop": null, "name": "Chiranjeevi Hospital" }, "geometry": { "type": "Point", "coordinates": [ 72.601692, 22.975087 ] } },
{ "type": "Feature", "properties": { "element": "node", "id": 7863727760, "amenity": "hospital", "shop": null, "name": "Ashirvad Hospital" }, "geometry": { "type": "Point", "coordinates": [ 72.601175, 22.979475 ] } },
{ "type": "Feature", "properties": { "element": "node", "id": 7863727761, "amenity": "hospital", "shop": null, "name": "Roshan General Hospital" }, "geometry": { "type": "Point", "coordinates": [ 72.61044, 22.963029 ] } },
{ "type": "Feature", "properties": { "element": "node", "id": 7863727762, "amenity": "hospital", "shop": null, "name": "Jyoti Eye Care Hospital" }, "geometry": { "type": "Point", "coordinates": [ 72.6028164, 22.9831626 ] } },
{ "type": "Feature", "properties": { "element": "node", "id": 7863727763, "amenity": "hospital", "shop": null, "name": "Dr. Pandya's Maternity Nursing Home" }, "geometry": { "type": "Point", "coordinates": [ 72.6024947, 22.9857798 ] } },
{ "type": "Feature", "properties": { "element": "node", "id": 7863727764, "amenity": "clinic", "shop": null, "name": "Shyam Clinic" }, "geometry": { "type": "Point", "coordinates": [ 72.6221998, 22.9504545 ] } },
{ "type": "Feature", "properties": { "element": "node", "id": 7863727765, "amenity": "clinic", "shop": null, "name": "Life Care Clinic" }, "geometry": { "type": "Point", "coordinates": [ 72.6238761, 22.9493294 ] } },
{ "type": "Feature", "properties": { "element": "node", "id": 7863727766, "amenity": "hospital", "shop": null, "name": "Eye Sight Vision Care Hospital" }, "geometry": { "type": "Point", "coordinates": [ 72.610165, 22.978896 ] } },
{ "type": "Feature", "properties": { "element": "node", "id": 7863727767, "amenity": "hospital", "shop": null, "name": "New Shraddha Hospital" }, "geometry": { "type": "Point", "coordinates": [ 72.5969418, 22.9797902 ] } },
{ "type": "Feature", "properties": { "element": "node", "id": 7863727768, "amenity": "hospital", "shop": null, "name": "Vedanth Medical Hospital" }, "geometry": { "type": "Point", "coordinates": [ 72.606863, 22.981784 ] } },
{ "type": "Feature", "properties": { "element": "node", "id": 7863727769, "amenity": "doctors", "shop": null, "name": "Dr. Binitha Desai" }, "geometry": { "type": "Point", "coordinates": [ 72.595312, 22.977918 ] } },
{ "type": "Feature", "properties": { "element": "node", "id": 7863727770, "amenity": "clinic", "shop": null, "name": "Shree Gurukrupa Clinic" }, "geometry": { "type": "Point", "coordinates": [ 72.616696, 22.952831 ] } },
{ "type": "Feature", "properties": { "element": "node", "id": 7863727771, "amenity": "hospital", "shop": null, "name": "Krishna General Hospital" }, "geometry": { "type": "Point", "coordinates": [ 72.614834, 22.93826 ] } },
{ "type": "Feature", "properties": { "element": "node", "id": 7863727772, "amenity": "hospital", "shop": null, "name": "Balaji Speciality Hospital" }, "geometry": { "type": "Point", "coordinates": [ 72.611169, 22.978245 ] } },
{ "type": "Feature", "properties": { "element": "node", "id": 7863727773, "amenity": "clinic", "shop": null, "name": "Noble Clinic" }, "geometry": { "type": "Point", "coordinates": [ 72.600505, 22.977722 ] } },
{ "type": "Feature", "properties": { "element": "node", "id": 7863727774, "amenity": "hospital", "shop": null, "name": "Pramukh Hospital and Research Centre" }, "geometry": { "type": "Point", "coordinates": [ 72.6149817, 22.9382867 ] } },
{ "type": "Feature", "properties": { "element": "node", "id": 7863727775, "amenity": "hospital", "shop": null, "name": "Indira Women's Care and Multi Speciality Hospital" }, "geometry": { "type": "Point", "coordinates": [ 72.598012, 22.948094 ] } },
{ "type": "Feature", "properties": { "element": "node", "id": 7863727776, "amenity": "clinic", "shop": null, "name": "Seva Clinic" }, "geometry": { "type": "Point", "coordinates": [ 72.6092014, 22.9629705 ] } },
{ "type": "Feature", "properties": { "element": "node", "id": 7863727777, "amenity": "hospital", "shop": null, "name": "Dirdhau Hospital" }, "geometry": { "type": "Point", "coordinates": [ 72.6032425, 22.9820852 ] } },
{ "type": "Feature", "properties": { "element": "node", "id": 7863727778, "amenity": "hospital", "shop": null, "name": "U.N. Mehta Eye Hospital" }, "geometry": { "type": "Point", "coordinates": [ 72.618997, 22.958951 ] } },
{ "type": "Feature", "properties": { "element": "node", "id": 7863727779, "amenity": "dentist", "shop": null, "name": "Sarsij Dental Clinic" }, "geometry": { "type": "Point", "coordinates": [ 72.6027041, 22.9807648 ] } },
{ "type": "Feature", "properties": { "element": "node", "id": 7863727780, "amenity": "hospital", "shop": null, "name": "Dr. K.B. Bhagatariya Hospital" }, "geometry": { "type": "Point", "coordinates": [ 72.5872561, 22.972368 ] } },
{ "type": "Feature", "properties": { "element": "node", "id": 7863727781, "amenity": "hospital", "shop": null, "name": "Aman Multi Speciality Hospital" }, "geometry": { "type": "Point", "coordinates": [ 72.608201, 22.9605 ] } },
{ "type": "Feature", "properties": { "element": "node", "id": 7863727782, "amenity": "hospital", "shop": null, "name": "Apoorva Women's Hospital" }, "geometry": { "type": "Point", "coordinates": [ 72.6097705, 22.9787938 ] } },
{ "type": "Feature", "properties": { "element": "node", "id": 7863727783, "amenity": "hospital", "shop": null, "name": "Shraddha Hospital" }, "geometry": { "type": "Point", "coordinates": [ 72.595008, 22.98027 ] } },
{ "type": "Feature", "properties": { "element": "node", "id": 7863727784, "amenity": "hospital", "shop": null, "name": "Clear Vision Eye Hospital" }, "geometry": { "type": "Point", "coordinates": [ 72.608642, 22.978672 ] } },
{ "type": "Feature", "properties": { "element": "node", "id": 7863727785, "amenity": "hospital", "shop": null, "name": "Akshar Hospital" }, "geometry": { "type": "Point", "coordinates": [ 72.610699, 22.98106 ] } },
{ "type": "Feature", "properties": { "element": "node", "id": 7863727786, "amenity": "hospital", "shop": null, "name": "Shree Nathe Hospital" }, "geometry": { "type": "Point", "coordinates": [ 72.6023636, 22.9811997 ] } },
{ "type": "Feature", "properties": { "element": "node", "id": 7863727787, "amenity": "hospital", "shop": null, "name": "Prerana Gynec and Maternity Hospital" }, "geometry": { "type": "Point", "coordinates": [ 72.602266, 22.974803 ] } },
{ "type": "Feature", "properties": { "element": "node", "id": 7863727788, "amenity": "hospital", "shop": null, "name": "Dr. Shah's Maternity and Nursing Home" }, "geometry": { "type": "Point", "coordinates": [ 72.6026036, 22.9840852 ] } },
{ "type": "Feature", "properties": { "element": "node", "id": 7863727789, "amenity": "clinic", "shop": null, "name": "Chirag Clinic" }, "geometry": { "type": "Point", "coordinates": [ 72.603897, 22.954932 ] } },
{ "type": "Feature", "properties": { "element": "node", "id": 7863727790, "amenity": "hospital", "shop": null, "name": "Shreeji Children's Hospital" }, "geometry": { "type": "Point", "coordinates": [ 72.6029, 22.981784 ] } },
{ "type": "Feature", "properties": { "element": "node", "id": 7863727791, "amenity": "clinic", "shop": null, "name": "Khana Clinic" }, "geometry": { "type": "Point", "coordinates": [ 72.6023803, 22.9525929 ] } },
{ "type": "Feature", "properties": { "element": "node", "id": 7863727792, "amenity": "hospital", "shop": null, "name": "Shraddha Orthopaedic Hospital" }, "geometry": { "type": "Point", "coordinates": [ 72.598519, 22.9810392 ] } },
{ "type": "Feature", "properties": { "element": "node", "id": 7863727793, "amenity": "hospital", "shop": null, "name": "Safal Hospital" }, "geometry": { "type": "Point", "coordinates": [ 72.611815, 22.957118 ] } },
{ "type": "Feature", "properties": { "element": "node", "id": 7863727794, "amenity": "hospital", "shop": null, "name": "Shraddha Children Hospital" }, "geometry": { "type": "Point", "coordinates": [ 72.6022206, 22.9757579 ] } },
{ "type": "Feature", "properties": { "element": "node", "id": 7863727795, "amenity": "hospital", "shop": null, "name": "Aatman Hospital" }, "geometry": { "type": "Point", "coordinates": [ 72.6001796, 22.983673 ] } },
{ "type": "Feature", "properties": { "element": "node", "id": 7863727796, "amenity": "hospital", "shop": null, "name": "Swami Sadanand Hospital" }, "geometry": { "type": "Point", "coordinates": [ 72.6117361, 22.9598509 ] } },
{ "type": "Feature", "properties": { "element": "node", "id": 7863727797, "amenity": "hospital", "shop": null, "name": "Chiranjeev Children Hospital" }, "geometry": { "type": "Point", "coordinates": [ 72.612341, 22.955252 ] } },
{ "type": "Feature", "properties": { "element": "node", "id": 7863727798, "amenity": "clinic", "shop": null, "name": "Epic Clinic" }, "geometry": { "type": "Point", "coordinates": [ 72.610208, 22.963486 ] } },
{ "type": "Feature", "properties": { "element": "node", "id": 7863727799, "amenity": "hospital", "shop": null, "name": "Anand Children Hospital" }, "geometry": { "type": "Point", "coordinates": [ 72.6009535, 22.9769658 ] } },
{ "type": "Feature", "properties": { "element": "node", "id": 7863727800, "amenity": "hospital", "shop": null, "name": "Shri Ji Kripa Prasuti Griha Hospital" }, "geometry": { "type": "Point", "coordinates": [ 72.612777, 22.953387 ] } },
{ "type": "Feature", "properties": { "element": "node", "id": 7864058597, "amenity": "hospital", "shop": null, "name": "Rameshwar Multi Speciality Hospital" }, "geometry": { "type": "Point", "coordinates": [ 72.6222017, 23.058277599999986 ] } },
{ "type": "Feature", "properties": { "element": "node", "id": 7864058598, "amenity": "hospital", "shop": null, "name": "Sevak Maternity & Surgical Hospital" }, "geometry": { "type": "Point", "coordinates": [ 72.596062, 23.096892 ] } },
{ "type": "Feature", "properties": { "element": "node", "id": 7864058601, "amenity": "hospital", "shop": null, "name": "Navjivan Hospital" }, "geometry": { "type": "Point", "coordinates": [ 72.581545, 23.114943 ] } },
{ "type": "Feature", "properties": { "element": "node", "id": 7864058602, "amenity": "clinic", "shop": null, "name": "Gayatri X Ray Clinic and Health Care" }, "geometry": { "type": "Point", "coordinates": [ 72.62133, 23.059159 ] } },
{ "type": "Feature", "properties": { "element": "node", "id": 7864058603, "amenity": "hospital", "shop": null, "name": "Munciapl Prasuti Hospital" }, "geometry": { "type": "Point", "coordinates": [ 72.5798849, 23.0376047 ] } },
{ "type": "Feature", "properties": { "element": "node", "id": 7864058605, "amenity": "hospital", "shop": null, "name": "Pushp Hospital and Maternity Home" }, "geometry": { "type": "Point", "coordinates": [ 72.578769, 23.114332 ] } },
{ "type": "Feature", "properties": { "element": "node", "id": 7864058606, "amenity": "hospital", "shop": null, "name": "Devarshi Super Speciality Hospital" }, "geometry": { "type": "Point", "coordinates": [ 72.582052, 23.122105 ] } },
{ "type": "Feature", "properties": { "element": "node", "id": 7864058608, "amenity": "hospital", "shop": null, "name": "Adhvait Psychiatry Hospital" }, "geometry": { "type": "Point", "coordinates": [ 72.576487, 23.038118 ] } },
{ "type": "Feature", "properties": { "element": "node", "id": 7864058609, "amenity": "hospital", "shop": null, "name": "Faiz Hospital" }, "geometry": { "type": "Point", "coordinates": [ 72.5794455, 22.996289 ] } },
{ "type": "Feature", "properties": { "element": "node", "id": 7864058610, "amenity": "hospital", "shop": null, "name": "Shahpur Medical Hospital" }, "geometry": { "type": "Point", "coordinates": [ 72.5781671, 23.0360108 ] } },
{ "type": "Feature", "properties": { "element": "node", "id": 7864058611, "amenity": "doctors", "shop": null, "name": "Dr. Yasin" }, "geometry": { "type": "Point", "coordinates": [ 72.5810933, 23.0360714 ] } },
{ "type": "Feature", "properties": { "element": "node", "id": 7864058612, "amenity": "hospital", "shop": null, "name": "Krishna Maternity and Nursing Home" }, "geometry": { "type": "Point", "coordinates": [ 72.5815979, 23.045083 ] } },
{ "type": "Feature", "properties": { "element": "node", "id": 7864058613, "amenity": "hospital", "shop": null, "name": "Rajdip Children Hospital" }, "geometry": { "type": "Point", "coordinates": [ 72.590307, 23.08992 ] } },
{ "type": "Feature", "properties": { "element": "node", "id": 7864058614, "amenity": "doctors", "shop": null, "name": "Dr. Atul Vaidhya" }, "geometry": { "type": "Point", "coordinates": [ 72.601561, 23.048502 ] } },
{ "type": "Feature", "properties": { "element": "node", "id": 7864058615, "amenity": "hospital", "shop": null, "name": "Navodaya Hospital for Neonates and Children" }, "geometry": { "type": "Point", "coordinates": [ 72.5847083, 23.1112092 ] } },
{ "type": "Feature", "properties": { "element": "node", "id": 7864058616, "amenity": "hospital", "shop": null, "name": "ESIC Hospital" }, "geometry": { "type": "Point", "coordinates": [ 72.589815, 23.053458 ] } },
{ "type": "Feature", "properties": { "element": "node", "id": 7864058617, "amenity": "hospital", "shop": null, "name": "Chandkheda Orthopedic & Surgical Hospital" }, "geometry": { "type": "Point", "coordinates": [ 72.583096, 23.113705 ] } },
{ "type": "Feature", "properties": { "element": "node", "id": 7864058619, "amenity": "hospital", "shop": null, "name": "Parimal Hospital" }, "geometry": { "type": "Point", "coordinates": [ 72.5958301, 23.0958571 ] } },
{ "type": "Feature", "properties": { "element": "node", "id": 7864058621, "amenity": "hospital", "shop": null, "name": "Shivam Surgical and Dental Hospital" }, "geometry": { "type": "Point", "coordinates": [ 72.582827, 23.114583 ] } },
{ "type": "Feature", "properties": { "element": "node", "id": 7864058623, "amenity": "hospital", "shop": null, "name": "Maheshwari Children Hospital" }, "geometry": { "type": "Point", "coordinates": [ 72.5795035, 23.0403546 ] } },
{ "type": "Feature", "properties": { "element": "node", "id": 7864058624, "amenity": "clinic", "shop": null, "name": "Life Care Clinic" }, "geometry": { "type": "Point", "coordinates": [ 72.5673496, 22.9877498 ] } },
{ "type": "Feature", "properties": { "element": "node", "id": 7864058625, "amenity": "hospital", "shop": null, "name": "Sagar Multi Speciality Hospital" }, "geometry": { "type": "Point", "coordinates": [ 72.581574, 23.048956 ] } },
{ "type": "Feature", "properties": { "element": "node", "id": 7864058626, "amenity": "hospital", "shop": null, "name": "Kamal Hospital" }, "geometry": { "type": "Point", "coordinates": [ 72.61811, 23.059688 ] } },
{ "type": "Feature", "properties": { "element": "node", "id": 7864058627, "amenity": "hospital", "shop": null, "name": "Mumtaz Hospital" }, "geometry": { "type": "Point", "coordinates": [ 72.5785891, 22.9966232 ] } },
{ "type": "Feature", "properties": { "element": "node", "id": 7864058628, "amenity": "hospital", "shop": null, "name": "Gcs Hospital" }, "geometry": { "type": "Point", "coordinates": [ 72.6082995, 23.0465734 ] } },
{ "type": "Feature", "properties": { "element": "node", "id": 7864058629, "amenity": "hospital", "shop": null, "name": "Shreeja Krupa Children Hospital" }, "geometry": { "type": "Point", "coordinates": [ 72.5774069, 23.032378 ] } },
{ "type": "Feature", "properties": { "element": "node", "id": 7864058632, "amenity": "hospital", "shop": null, "name": "Shraddha Multi Speciality Hospital" }, "geometry": { "type": "Point", "coordinates": [ 72.577351, 23.032023 ] } },
{ "type": "Feature", "properties": { "element": "node", "id": 7864058634, "amenity": "hospital", "shop": null, "name": "Neuron Neuro Surgical Hospital" }, "geometry": { "type": "Point", "coordinates": [ 72.576397, 23.037853 ] } },
{ "type": "Feature", "properties": { "element": "node", "id": 7864058635, "amenity": "hospital", "shop": null, "name": "Military Hospital" }, "geometry": { "type": "Point", "coordinates": [ 72.601892, 23.058909 ] } },
{ "type": "Feature", "properties": { "element": "node", "id": 7864058636, "amenity": "hospital", "shop": null, "name": "Krishna Hospital" }, "geometry": { "type": "Point", "coordinates": [ 72.5777147, 23.0402323 ] } },
{ "type": "Feature", "properties": { "element": "node", "id": 7864058637, "amenity": "hospital", "shop": null, "name": "Ansh Multispeciality Hospital" }, "geometry": { "type": "Point", "coordinates": [ 72.580661, 23.114667 ] } },
{ "type": "Feature", "properties": { "element": "node", "id": 7864058638, "amenity": "hospital", "shop": null, "name": "Sonal Maternity Hospital" }, "geometry": { "type": "Point", "coordinates": [ 72.6208766, 23.0547951 ] } },
{ "type": "Feature", "properties": { "element": "node", "id": 7864058639, "amenity": "hospital", "shop": null, "name": "Sentara Multispeciality Hospital" }, "geometry": { "type": "Point", "coordinates": [ 72.5834513, 23.1125242 ] } },
{ "type": "Feature", "properties": { "element": "node", "id": 7864058641, "amenity": "hospital", "shop": null, "name": "Lokhandwala General Hospital" }, "geometry": { "type": "Point", "coordinates": [ 72.5951832, 23.0347002 ] } },
{ "type": "Feature", "properties": { "element": "node", "id": 7864058642, "amenity": "hospital", "shop": null, "name": "Bachardas Lashkari Hospital" }, "geometry": { "type": "Point", "coordinates": [ 72.588423, 23.035637 ] } },
{ "type": "Feature", "properties": { "element": "node", "id": 7864058644, "amenity": "hospital", "shop": null, "name": "Rhythm Heart and Medical Hospital" }, "geometry": { "type": "Point", "coordinates": [ 72.583182, 23.113388 ] } },
{ "type": "Feature", "properties": { "element": "node", "id": 7864058645, "amenity": "dentist", "shop": null, "name": "J K Dental Hospital" }, "geometry": { "type": "Point", "coordinates": [ 72.5925013, 23.1008525 ] } },
{ "type": "Feature", "properties": { "element": "node", "id": 7864058646, "amenity": "hospital", "shop": null, "name": "Lotus Multispeciality Hospital" }, "geometry": { "type": "Point", "coordinates": [ 72.6025578, 23.1044464 ] } },
{ "type": "Feature", "properties": { "element": "node", "id": 7864058647, "amenity": "clinic", "shop": null, "name": "Namrata Heart and Medical Clinic" }, "geometry": { "type": "Point", "coordinates": [ 72.601662, 23.048981 ] } },
{ "type": "Feature", "properties": { "element": "node", "id": 7864058651, "amenity": "hospital", "shop": null, "name": "Gujarat State Police Welfare Hospital" }, "geometry": { "type": "Point", "coordinates": [ 72.590092, 23.055335 ] } },
{ "type": "Feature", "properties": { "element": "node", "id": 7864058652, "amenity": "hospital", "shop": null, "name": "Ashirwad Maternity and Nursing Home" }, "geometry": { "type": "Point", "coordinates": [ 72.620709, 23.056258 ] } },
{ "type": "Feature", "properties": { "element": "node", "id": 7864058653, "amenity": "hospital", "shop": null, "name": "New Life Hospital" }, "geometry": { "type": "Point", "coordinates": [ 72.579059, 22.995486 ] } },
{ "type": "Feature", "properties": { "element": "node", "id": 7864058655, "amenity": "hospital", "shop": null, "name": "Puneet Maternity Nursing Home" }, "geometry": { "type": "Point", "coordinates": [ 72.596142, 23.051416 ] } },
{ "type": "Feature", "properties": { "element": "node", "id": 7864058656, "amenity": "hospital", "shop": null, "name": "Indus Hospital" }, "geometry": { "type": "Point", "coordinates": [ 72.591111, 23.092043 ] } },
{ "type": "Feature", "properties": { "element": "node", "id": 7864058657, "amenity": "hospital", "shop": null, "name": "Chepirog Hospital" }, "geometry": { "type": "Point", "coordinates": [ 72.576899, 23.001026 ] } },
{ "type": "Feature", "properties": { "element": "node", "id": 7864058658, "amenity": "hospital", "shop": null, "name": "Jain Hospital" }, "geometry": { "type": "Point", "coordinates": [ 72.5953342, 23.0521027 ] } },
{ "type": "Feature", "properties": { "element": "node", "id": 7864058660, "amenity": "hospital", "shop": null, "name": "Clear Vision Eye Hospital" }, "geometry": { "type": "Point", "coordinates": [ 72.589386, 23.045993 ] } },
{ "type": "Feature", "properties": { "element": "node", "id": 7864058661, "amenity": "hospital", "shop": null, "name": "Param Multispeciality Hospital" }, "geometry": { "type": "Point", "coordinates": [ 72.5976157, 23.1047391 ] } },
{ "type": "Feature", "properties": { "element": "node", "id": 7864058664, "amenity": "hospital", "shop": null, "name": "Shivam Hospital" }, "geometry": { "type": "Point", "coordinates": [ 72.5778602, 23.0399922 ] } },
{ "type": "Feature", "properties": { "element": "node", "id": 7864133778, "amenity": "hospital", "shop": null, "name": "Hridaan Hospital & Pharmacy" }, "geometry": { "type": "Point", "coordinates": [ 72.5469031, 23.0943467 ] } },
{ "type": "Feature", "properties": { "element": "node", "id": 7864133781, "amenity": "hospital", "shop": null, "name": "Sai Krupa Hospital" }, "geometry": { "type": "Point", "coordinates": [ 72.5134997, 23.0188276 ] } },
{ "type": "Feature", "properties": { "element": "node", "id": 7864133783, "amenity": "hospital", "shop": null, "name": "Shreeji ENT and Orthopaedic Hospital" }, "geometry": { "type": "Point", "coordinates": [ 72.5343808, 23.0464267 ] } },
{ "type": "Feature", "properties": { "element": "node", "id": 7864133785, "amenity": "doctors", "shop": null, "name": "Dr. Shailesh Jain" }, "geometry": { "type": "Point", "coordinates": [ 72.527118, 23.031238 ] } },
{ "type": "Feature", "properties": { "element": "node", "id": 7864133787, "amenity": "dentist", "shop": null, "name": "Vraj Dental Clinic" }, "geometry": { "type": "Point", "coordinates": [ 72.537055, 23.097472 ] } },
{ "type": "Feature", "properties": { "element": "node", "id": 7864133797, "amenity": "hospital", "shop": null, "name": "Life Care Hospital" }, "geometry": { "type": "Point", "coordinates": [ 72.459589, 23.032409 ] } },
{ "type": "Feature", "properties": { "element": "node", "id": 7864133804, "amenity": "hospital", "shop": null, "name": "Tender Touch Children's Hospital" }, "geometry": { "type": "Point", "coordinates": [ 72.5247419, 23.0323612 ] } },
{ "type": "Feature", "properties": { "element": "node", "id": 7864133810, "amenity": "hospital", "shop": null, "name": "Shivam Hospital" }, "geometry": { "type": "Point", "coordinates": [ 72.4658969, 23.0333202 ] } },
{ "type": "Feature", "properties": { "element": "node", "id": 7864133820, "amenity": "hospital", "shop": null, "name": "Devi Hospital" }, "geometry": { "type": "Point", "coordinates": [ 72.5257914, 23.0310152 ] } },
{ "type": "Feature", "properties": { "element": "node", "id": 7864133824, "amenity": "doctors", "shop": null, "name": "Dr. Manish Goyal" }, "geometry": { "type": "Point", "coordinates": [ 72.527537, 23.04711 ] } },
{ "type": "Feature", "properties": { "element": "node", "id": 7864133830, "amenity": "hospital", "shop": null, "name": "Vismay Child Care Hospital" }, "geometry": { "type": "Point", "coordinates": [ 72.512076, 23.019857 ] } },
{ "type": "Feature", "properties": { "element": "node", "id": 7864133831, "amenity": "hospital", "shop": null, "name": "Adarsh Hospital" }, "geometry": { "type": "Point", "coordinates": [ 72.4653431, 23.0341111 ] } },
{ "type": "Feature", "properties": { "element": "node", "id": 7864133833, "amenity": "dentist", "shop": null, "name": "Prime Dental Care" }, "geometry": { "type": "Point", "coordinates": [ 72.547202, 23.121547 ] } },
{ "type": "Feature", "properties": { "element": "node", "id": 7864133835, "amenity": "dentist", "shop": null, "name": "Pearl Dental Care" }, "geometry": { "type": "Point", "coordinates": [ 72.5455396, 23.093492 ] } },
{ "type": "Feature", "properties": { "element": "node", "id": 7864133836, "amenity": "hospital", "shop": null, "name": "Satyam Hospital" }, "geometry": { "type": "Point", "coordinates": [ 72.546777, 23.0940118 ] } },
{ "type": "Feature", "properties": { "element": "node", "id": 7864133843, "amenity": "hospital", "shop": null, "name": "Brinda Women's Hospital" }, "geometry": { "type": "Point", "coordinates": [ 72.5264512, 23.0405865 ] } },
{ "type": "Feature", "properties": { "element": "node", "id": 7864133846, "amenity": "dentist", "shop": null, "name": "Navkar Dental Clinic" }, "geometry": { "type": "Point", "coordinates": [ 72.546189, 23.095124 ] } },
{ "type": "Feature", "properties": { "element": "node", "id": 7864133850, "amenity": "hospital", "shop": null, "name": "Shri Gordhandas Charitable Hospital" }, "geometry": { "type": "Point", "coordinates": [ 72.526418, 23.040905 ] } },
{ "type": "Feature", "properties": { "element": "node", "id": 7865450865, "amenity": "courthouse", "shop": null, "name": "GUJARAT State Cooperative Tribunal" }, "geometry": { "type": "Point", "coordinates": [ 72.5795332, 23.0257342 ] } },
{ "type": "Feature", "properties": { "element": "node", "id": 7867000276, "amenity": "hospital", "shop": null, "name": "Vishwas Kamdhenu Panchgavya Aarogya Hospital" }, "geometry": { "type": "Point", "coordinates": [ 72.6129583, 23.1691147 ] } },
{ "type": "Feature", "properties": { "element": "node", "id": 7867000299, "amenity": "hospital", "shop": null, "name": "Om Prasuti Gruha Hospital" }, "geometry": { "type": "Point", "coordinates": [ 72.5871116, 23.1616888 ] } },
{ "type": "Feature", "properties": { "element": "node", "id": 7935280835, "amenity": "hospital", "shop": null, "name": "Sahyog Hospital" }, "geometry": { "type": "Point", "coordinates": [ 72.4788535, 22.9874749 ] } },
{ "type": "Feature", "properties": { "element": "node", "id": 7935280841, "amenity": "hospital", "shop": null, "name": "Navjivan hospital" }, "geometry": { "type": "Point", "coordinates": [ 72.5008661, 22.9859705 ] } },
{ "type": "Feature", "properties": { "element": "node", "id": 7935280842, "amenity": "hospital", "shop": null, "name": "Hope Hospital" }, "geometry": { "type": "Point", "coordinates": [ 72.493561, 22.985509 ] } },
{ "type": "Feature", "properties": { "element": "node", "id": 7935280844, "amenity": "hospital", "shop": null, "name": "Mamata Hospital" }, "geometry": { "type": "Point", "coordinates": [ 72.4989295, 22.9845108 ] } },
{ "type": "Feature", "properties": { "element": "node", "id": 7935280849, "amenity": "hospital", "shop": null, "name": "SHREY HOSPITAL" }, "geometry": { "type": "Point", "coordinates": [ 72.4984705, 22.9835997 ] } },
{ "type": "Feature", "properties": { "element": "node", "id": 7935280859, "amenity": "hospital", "shop": null, "name": "Mamta Hospital" }, "geometry": { "type": "Point", "coordinates": [ 72.501192, 22.9809825 ] } },
{ "type": "Feature", "properties": { "element": "node", "id": 7940125088, "amenity": null, "shop": null, "name": "Pravda Media Foundation" }, "geometry": { "type": "Point", "coordinates": [ 72.4855224, 23.0275387 ] } },
{ "type": "Feature", "properties": { "element": "node", "id": 8010344124, "amenity": "public_hall", "shop": null, "name": "Premabhai Hall" }, "geometry": { "type": "Point", "coordinates": [ 72.5820013, 23.0238178 ] } },
{ "type": "Feature", "properties": { "element": "node", "id": 8039346176, "amenity": "cafe", "shop": null, "name": "Coffee Stand-CG Road" }, "geometry": { "type": "Point", "coordinates": [ 72.5611735, 23.0360509 ] } },
{ "type": "Feature", "properties": { "element": "node", "id": 8130441354, "amenity": null, "shop": "bakery", "name": "7Violettes" }, "geometry": { "type": "Point", "coordinates": [ 72.5449441, 23.040378 ] } },
{ "type": "Feature", "properties": { "element": "node", "id": 8138732693, "amenity": null, "shop": "clothes", "name": "Monte Carlo Exclusive Showroom" }, "geometry": { "type": "Point", "coordinates": [ 72.5578748, 23.0200403 ] } },
{ "type": "Feature", "properties": { "element": "node", "id": 8138781699, "amenity": null, "shop": "clothes", "name": "Monte Carlo Showroom" }, "geometry": { "type": "Point", "coordinates": [ 72.508418500000019, 23.0117186 ] } },
{ "type": "Feature", "properties": { "element": "node", "id": 8138856440, "amenity": null, "shop": "mall", "name": "4D Square mall." }, "geometry": { "type": "Point", "coordinates": [ 72.5957915, 23.1029944 ] } },
{ "type": "Feature", "properties": { "element": "node", "id": 8138924274, "amenity": null, "shop": "clothes", "name": "Monte Carlo Exclusive Showroom" }, "geometry": { "type": "Point", "coordinates": [ 72.5951743, 23.1028203 ] } },
{ "type": "Feature", "properties": { "element": "node", "id": 8139065150, "amenity": null, "shop": "wholesale", "name": "Monte Carlo Warehouse" }, "geometry": { "type": "Point", "coordinates": [ 72.5540638, 23.0351743 ] } },
{ "type": "Feature", "properties": { "element": "node", "id": 8143691114, "amenity": null, "shop": "supermarket", "name": "SkinYoga" }, "geometry": { "type": "Point", "coordinates": [ 72.5546839, 23.0210027 ] } },
{ "type": "Feature", "properties": { "element": "node", "id": 8153542476, "amenity": "bus_station", "shop": null, "name": "Bopal gam" }, "geometry": { "type": "Point", "coordinates": [ 72.4641074, 23.0340108 ] } },
{ "type": "Feature", "properties": { "element": "node", "id": 8153545458, "amenity": "bus_station", "shop": null, "name": "Sterling City" }, "geometry": { "type": "Point", "coordinates": [ 72.4691519, 23.0323222 ] } },
{ "type": "Feature", "properties": { "element": "node", "id": 8196383743, "amenity": "school", "shop": null, "name": "Nalanda School" }, "geometry": { "type": "Point", "coordinates": [ 72.539258, 23.0718114 ] } },
{ "type": "Feature", "properties": { "element": "node", "id": 8220949079, "amenity": null, "shop": "clothes", "name": "Ahmedabad Trunk, House of Mg" }, "geometry": { "type": "Point", "coordinates": [ 72.5815218, 23.0271285 ] } },
{ "type": "Feature", "properties": { "element": "node", "id": 8238089144, "amenity": "place_of_worship", "shop": null, "name": "Shree Muktajivan Swami Bapa Smruti Mandir" }, "geometry": { "type": "Point", "coordinates": [ 72.6114964, 22.9732159 ] } },
{ "type": "Feature", "properties": { "element": "node", "id": 8244919122, "amenity": null, "shop": "clothes", "name": "Max Fashion" }, "geometry": { "type": "Point", "coordinates": [ 72.5599716, 23.0139658 ] } },
{ "type": "Feature", "properties": { "element": "node", "id": 8244936295, "amenity": null, "shop": "clothes", "name": "Max Fashion" }, "geometry": { "type": "Point", "coordinates": [ 72.5101534, 23.0268655 ] } },
{ "type": "Feature", "properties": { "element": "node", "id": 8252389265, "amenity": null, "shop": "supermarket", "name": "Greenobazaar" }, "geometry": { "type": "Point", "coordinates": [ 72.5542516, 23.0253822 ] } },
{ "type": "Feature", "properties": { "element": "node", "id": 8253915121, "amenity": null, "shop": "car_parts", "name": "Jyoti fiber glass work" }, "geometry": { "type": "Point", "coordinates": [ 72.6378204, 22.9963686 ] } },
{ "type": "Feature", "properties": { "element": "node", "id": 8281209559, "amenity": null, "shop": null, "name": "Exalt Fitness Club Gym" }, "geometry": { "type": "Point", "coordinates": [ 72.5644031, 23.0897522 ] } },
{ "type": "Feature", "properties": { "element": "node", "id": 8310451017, "amenity": null, "shop": null, "name": "Jyoti fibre glass" }, "geometry": { "type": "Point", "coordinates": [ 72.6377194, 22.9961942 ] } },
{ "type": "Feature", "properties": { "element": "node", "id": 8339190181, "amenity": null, "shop": null, "name": "Lakme Academy CG Road" }, "geometry": { "type": "Point", "coordinates": [ 72.5602621, 23.034596 ] } },
{ "type": "Feature", "properties": { "element": "node", "id": 8349177617, "amenity": null, "shop": null, "name": "Ochre Revival" }, "geometry": { "type": "Point", "coordinates": [ 72.5493678, 23.0215167 ] } },
{ "type": "Feature", "properties": { "element": "node", "id": 8455774613, "amenity": "fast_food", "shop": null, "name": "McDonald's" }, "geometry": { "type": "Point", "coordinates": [ 72.5567513, 23.0221413 ] } },
{ "type": "Feature", "properties": { "element": "node", "id": 8477888151, "amenity": null, "shop": null, "name": "CTP3R-WDFCC Project Office, Larsen & Toubro Limited" }, "geometry": { "type": "Point", "coordinates": [ 72.4725776, 22.9916028 ] } },
{ "type": "Feature", "properties": { "element": "node", "id": 8486276492, "amenity": null, "shop": null, "name": "Wyndham Ahmedabad" }, "geometry": { "type": "Point", "coordinates": [ 72.4542309, 23.0062125 ] } },
{ "type": "Feature", "properties": { "element": "node", "id": 8490717173, "amenity": "restaurant", "shop": null, "name": "Hocco Eatery" }, "geometry": { "type": "Point", "coordinates": [ 72.4750517, 23.0175789 ] } },
{ "type": "Feature", "properties": { "element": "node", "id": 8548483880, "amenity": "restaurant", "shop": null, "name": "Swati Snacks" }, "geometry": { "type": "Point", "coordinates": [ 72.5589826, 23.0244466 ] } },
{ "type": "Feature", "properties": { "element": "node", "id": 8615489080, "amenity": null, "shop": null, "name": "Dream Scriptor" }, "geometry": { "type": "Point", "coordinates": [ 72.5948103, 23.1020055 ] } },
{ "type": "Feature", "properties": { "element": "node", "id": 8815159955, "amenity": "bank", "shop": null, "name": "Axis Bank, Memnagar Branch" }, "geometry": { "type": "Point", "coordinates": [ 72.5523509, 23.0457257 ] } },
{ "type": "Feature", "properties": { "element": "node", "id": 8815172865, "amenity": "post_office", "shop": null, "name": "India Post, Darpan" }, "geometry": { "type": "Point", "coordinates": [ 72.552791, 23.0465505 ] } },
{ "type": "Feature", "properties": { "element": "node", "id": 8815172866, "amenity": "police", "shop": null, "name": "Police Station, Hatkesh" }, "geometry": { "type": "Point", "coordinates": [ 72.5530175, 23.0467062 ] } },
{ "type": "Feature", "properties": { "element": "node", "id": 8844248828, "amenity": null, "shop": "hairdresser", "name": "Jawed Habib Hair Studio" }, "geometry": { "type": "Point", "coordinates": [ 72.507652, 23.0398457 ] } },
{ "type": "Feature", "properties": { "element": "node", "id": 8844248829, "amenity": null, "shop": "hairdresser", "name": "Jawed Habib Hair Studio" }, "geometry": { "type": "Point", "coordinates": [ 72.5311643, 23.0465691 ] } },
{ "type": "Feature", "properties": { "element": "node", "id": 8844322304, "amenity": "college", "shop": null, "name": "Amrut Mody institute of Management" }, "geometry": { "type": "Point", "coordinates": [ 72.5371832, 23.0346573 ] } },
{ "type": "Feature", "properties": { "element": "node", "id": 8844322306, "amenity": "college", "shop": null, "name": "LD College of Arts" }, "geometry": { "type": "Point", "coordinates": [ 72.5380428, 23.0346697 ] } },
{ "type": "Feature", "properties": { "element": "node", "id": 8844322307, "amenity": null, "shop": "interior_decoration", "name": "Sompura Moorti Art" }, "geometry": { "type": "Point", "coordinates": [ 72.5105743, 23.0339711 ] } },
{ "type": "Feature", "properties": { "element": "node", "id": 8847670306, "amenity": "marketplace", "shop": null, "name": "Kabadi market" }, "geometry": { "type": "Point", "coordinates": [ 72.5836927, 22.9830095 ] } },
{ "type": "Feature", "properties": { "element": "node", "id": 8847670307, "amenity": null, "shop": "furniture", "name": "Gujarat Handicrafts" }, "geometry": { "type": "Point", "coordinates": [ 72.5848755, 22.9790857 ] } },
{ "type": "Feature", "properties": { "element": "node", "id": 8847682611, "amenity": "cafe", "shop": null, "name": "Deshi Chulha Non-veg" }, "geometry": { "type": "Point", "coordinates": [ 72.5508007, 23.0158336 ] } },
{ "type": "Feature", "properties": { "element": "node", "id": 8847682612, "amenity": "cafe", "shop": null, "name": "Bean Box Cafe" }, "geometry": { "type": "Point", "coordinates": [ 72.4854863, 23.0451215 ] } },
{ "type": "Feature", "properties": { "element": "node", "id": 8862949387, "amenity": "place_of_worship", "shop": null, "name": "Umiya Mata Nu Mandir" }, "geometry": { "type": "Point", "coordinates": [ 72.4770925, 23.0543121 ] } },
{ "type": "Feature", "properties": { "element": "node", "id": 8887536117, "amenity": null, "shop": null, "name": "schoolnet India Limited" }, "geometry": { "type": "Point", "coordinates": [ 72.5553076, 23.0214348 ] } },
{ "type": "Feature", "properties": { "element": "node", "id": 8960418389, "amenity": "fountain", "shop": null, "name": null }, "geometry": { "type": "Point", "coordinates": [ 72.5555223, 23.0200366 ] } },
{ "type": "Feature", "properties": { "element": "node", "id": 8972208043, "amenity": "restaurant", "shop": null, "name": "Babadeepsingh Restaurant" }, "geometry": { "type": "Point", "coordinates": [ 72.683768, 23.0875162 ] } },
{ "type": "Feature", "properties": { "element": "node", "id": 8978938722, "amenity": "place_of_worship", "shop": null, "name": "JANKI POLY PLAST" }, "geometry": { "type": "Point", "coordinates": [ 72.5986127, 22.9738305 ] } },
{ "type": "Feature", "properties": { "element": "node", "id": 8998662168, "amenity": "fast_food", "shop": null, "name": "Diwan Bhel Pakodi Center" }, "geometry": { "type": "Point", "coordinates": [ 72.5248026, 23.0163696 ] } },
{ "type": "Feature", "properties": { "element": "node", "id": 8998662169, "amenity": "fast_food", "shop": null, "name": "Jagdish Chaat Pakodi Center" }, "geometry": { "type": "Point", "coordinates": [ 72.5243683, 23.0163966 ] } },
{ "type": "Feature", "properties": { "element": "node", "id": 9002228814, "amenity": "restaurant", "shop": null, "name": "Sambar Cafe" }, "geometry": { "type": "Point", "coordinates": [ 72.4354163, 23.0333924 ] } },
{ "type": "Feature", "properties": { "element": "node", "id": 9005464434, "amenity": "fast_food", "shop": null, "name": "Domino's" }, "geometry": { "type": "Point", "coordinates": [ 72.5299212, 23.0172744 ] } },
{ "type": "Feature", "properties": { "element": "node", "id": 9006132085, "amenity": null, "shop": null, "name": "9 Aple Web" }, "geometry": { "type": "Point", "coordinates": [ 72.5585554, 23.0148606 ] } },
{ "type": "Feature", "properties": { "element": "node", "id": 9006976037, "amenity": null, "shop": "sports", "name": "Gambol" }, "geometry": { "type": "Point", "coordinates": [ 72.5095604, 23.0758568 ] } },
{ "type": "Feature", "properties": { "element": "node", "id": 9006994317, "amenity": "restaurant", "shop": null, "name": "La Milano Pizzeria Prahladnagar" }, "geometry": { "type": "Point", "coordinates": [ 72.5052184, 23.0116205 ] } },
{ "type": "Feature", "properties": { "element": "node", "id": 9009705195, "amenity": null, "shop": "sports", "name": "Decathlon" }, "geometry": { "type": "Point", "coordinates": [ 72.5563764, 23.0247142 ] } },
{ "type": "Feature", "properties": { "element": "node", "id": 9009705206, "amenity": "fast_food", "shop": null, "name": "McDonald's" }, "geometry": { "type": "Point", "coordinates": [ 72.4762382, 23.0258612 ] } },
{ "type": "Feature", "properties": { "element": "node", "id": 9009771427, "amenity": "fast_food", "shop": null, "name": "McDonald's" }, "geometry": { "type": "Point", "coordinates": [ 72.511119, 23.0123743 ] } },
{ "type": "Feature", "properties": { "element": "node", "id": 9078990286, "amenity": "cafe", "shop": null, "name": "Crush Culture Cafe Bar" }, "geometry": { "type": "Point", "coordinates": [ 72.6839578, 23.0875987 ] } },
{ "type": "Feature", "properties": { "element": "node", "id": 9116794693, "amenity": "cafe", "shop": null, "name": "Dadu Cafe" }, "geometry": { "type": "Point", "coordinates": [ 72.6705415, 23.0496098 ] } },
{ "type": "Feature", "properties": { "element": "node", "id": 9117287086, "amenity": "cinema", "shop": null, "name": "Mukta A2 Cinemas" }, "geometry": { "type": "Point", "coordinates": [ 72.5097931, 23.0263829 ] } },
{ "type": "Feature", "properties": { "element": "node", "id": 9117287087, "amenity": null, "shop": null, "name": "Armstrong The Gym" }, "geometry": { "type": "Point", "coordinates": [ 72.5098713, 23.0268553 ] } },
{ "type": "Feature", "properties": { "element": "node", "id": 9123477265, "amenity": "restaurant", "shop": null, "name": "Gordhan Thal" }, "geometry": { "type": "Point", "coordinates": [ 72.5111196, 23.0359596 ] } },
{ "type": "Feature", "properties": { "element": "node", "id": 9123574763, "amenity": "fast_food", "shop": null, "name": "Deva's Coffee Bar" }, "geometry": { "type": "Point", "coordinates": [ 72.5110489, 23.0361967 ] } },
{ "type": "Feature", "properties": { "element": "node", "id": 9123973124, "amenity": null, "shop": "confectionery", "name": "MIthai & More" }, "geometry": { "type": "Point", "coordinates": [ 72.4684515, 23.0158605 ] } },
{ "type": "Feature", "properties": { "element": "node", "id": 9161693381, "amenity": null, "shop": null, "name": "Azista Aerospace" }, "geometry": { "type": "Point", "coordinates": [ 72.5188171, 23.0612025 ] } },
{ "type": "Feature", "properties": { "element": "node", "id": 9254988755, "amenity": null, "shop": "clothes", "name": "My My" }, "geometry": { "type": "Point", "coordinates": [ 72.562492, 23.037796 ] } },
{ "type": "Feature", "properties": { "element": "node", "id": 9254994181, "amenity": null, "shop": "variety_store", "name": "Miniso" }, "geometry": { "type": "Point", "coordinates": [ 72.5597384, 23.0325101 ] } },
{ "type": "Feature", "properties": { "element": "node", "id": 9287451026, "amenity": "fast_food", "shop": null, "name": "Shreeji Krupa Bombay Vadapav" }, "geometry": { "type": "Point", "coordinates": [ 72.5290405, 23.0371443 ] } },
{ "type": "Feature", "properties": { "element": "node", "id": 9287472853, "amenity": null, "shop": "clothes", "name": "Manmandir" }, "geometry": { "type": "Point", "coordinates": [ 72.5573436, 23.0269177 ] } },
{ "type": "Feature", "properties": { "element": "node", "id": 9292073779, "amenity": "cafe", "shop": null, "name": "Starbucks" }, "geometry": { "type": "Point", "coordinates": [ 72.5107614, 23.0319557 ] } },
{ "type": "Feature", "properties": { "element": "node", "id": 9292073782, "amenity": "cafe", "shop": null, "name": "mocha" }, "geometry": { "type": "Point", "coordinates": [ 72.511298, 23.0318311 ] } },
{ "type": "Feature", "properties": { "element": "node", "id": 9296316189, "amenity": "fast_food", "shop": null, "name": "Gajanand Pauva House" }, "geometry": { "type": "Point", "coordinates": [ 72.5291086, 23.0371776 ] } },
{ "type": "Feature", "properties": { "element": "node", "id": 9296318313, "amenity": "fast_food", "shop": null, "name": "Jay Mataji Fast Food" }, "geometry": { "type": "Point", "coordinates": [ 72.5290981, 23.0371316 ] } },
{ "type": "Feature", "properties": { "element": "node", "id": 9296323022, "amenity": null, "shop": "clothes", "name": "Varsha Fashion Private Limited" }, "geometry": { "type": "Point", "coordinates": [ 72.5289085, 22.9175047 ] } },
{ "type": "Feature", "properties": { "element": "node", "id": 9310325493, "amenity": "fast_food", "shop": null, "name": "Purohit Chavana and Sweet Mart" }, "geometry": { "type": "Point", "coordinates": [ 72.4716006, 23.0182853 ] } },
{ "type": "Feature", "properties": { "element": "node", "id": 9312261617, "amenity": null, "shop": null, "name": "Holiday Inn Express" }, "geometry": { "type": "Point", "coordinates": [ 72.5106175, 23.011444 ] } },
{ "type": "Feature", "properties": { "element": "node", "id": 9312365803, "amenity": null, "shop": "clothes", "name": "Adani Selection" }, "geometry": { "type": "Point", "coordinates": [ 72.5596837, 23.0313547 ] } },
{ "type": "Feature", "properties": { "element": "node", "id": 9316233976, "amenity": "pharmacy", "shop": null, "name": null }, "geometry": { "type": "Point", "coordinates": [ 72.5752779, 23.1763677 ] } },
{ "type": "Feature", "properties": { "element": "node", "id": 9316233977, "amenity": null, "shop": "convenience", "name": null }, "geometry": { "type": "Point", "coordinates": [ 72.5750767, 23.1766106 ] } },
{ "type": "Feature", "properties": { "element": "node", "id": 9316233978, "amenity": null, "shop": "laundry", "name": null }, "geometry": { "type": "Point", "coordinates": [ 72.5753865, 23.1760274 ] } },
{ "type": "Feature", "properties": { "element": "node", "id": 9318813907, "amenity": "fast_food", "shop": null, "name": "Puffiza" }, "geometry": { "type": "Point", "coordinates": [ 72.5588748, 23.0276271 ] } },
{ "type": "Feature", "properties": { "element": "node", "id": 9318825268, "amenity": null, "shop": "clothes", "name": "Patidar" }, "geometry": { "type": "Point", "coordinates": [ 72.5550503, 23.0284321 ] } },
{ "type": "Feature", "properties": { "element": "node", "id": 9329076828, "amenity": null, "shop": "clothes", "name": "Tape Me Ft" }, "geometry": { "type": "Point", "coordinates": [ 72.5577834, 23.0276806 ] } },
{ "type": "Feature", "properties": { "element": "node", "id": 9329077836, "amenity": null, "shop": "clothes", "name": "Telarica" }, "geometry": { "type": "Point", "coordinates": [ 72.5578597, 23.0278177 ] } },
{ "type": "Feature", "properties": { "element": "node", "id": 9345784022, "amenity": "bench", "shop": null, "name": null }, "geometry": { "type": "Point", "coordinates": [ 72.5032003, 23.0210018 ] } },
{ "type": "Feature", "properties": { "element": "node", "id": 9345872082, "amenity": "restaurant", "shop": null, "name": "Skyz Restaurant and Banquet" }, "geometry": { "type": "Point", "coordinates": [ 72.5081733, 23.0116726 ] } },
{ "type": "Feature", "properties": { "element": "node", "id": 9348528050, "amenity": "restaurant", "shop": null, "name": "The Waffling Station" }, "geometry": { "type": "Point", "coordinates": [ 72.5551823, 23.0322805 ] } },
{ "type": "Feature", "properties": { "element": "node", "id": 9368552462, "amenity": "fountain", "shop": null, "name": null }, "geometry": { "type": "Point", "coordinates": [ 72.5607544, 23.027784 ] } },
{ "type": "Feature", "properties": { "element": "node", "id": 9370468870, "amenity": null, "shop": "clothes", "name": "The Arvind Store" }, "geometry": { "type": "Point", "coordinates": [ 72.6041333, 22.9930426 ] } },
{ "type": "Feature", "properties": { "element": "node", "id": 9370470858, "amenity": null, "shop": "clothes", "name": "Asopalav" }, "geometry": { "type": "Point", "coordinates": [ 72.5714659, 23.0260527 ] } },
{ "type": "Feature", "properties": { "element": "node", "id": 9370476618, "amenity": null, "shop": "watches", "name": "Jay Watches & Co." }, "geometry": { "type": "Point", "coordinates": [ 72.6081809, 22.9971356 ] } },
{ "type": "Feature", "properties": { "element": "node", "id": 9394591918, "amenity": "bench", "shop": null, "name": null }, "geometry": { "type": "Point", "coordinates": [ 72.5085447, 23.023659 ] } },
{ "type": "Feature", "properties": { "element": "node", "id": 9394591922, "amenity": "bench", "shop": null, "name": null }, "geometry": { "type": "Point", "coordinates": [ 72.5088987, 23.0234422 ] } },
{ "type": "Feature", "properties": { "element": "node", "id": 9394591923, "amenity": "bench", "shop": null, "name": null }, "geometry": { "type": "Point", "coordinates": [ 72.5085219, 23.0236611 ] } },
{ "type": "Feature", "properties": { "element": "node", "id": 9394591924, "amenity": "bench", "shop": null, "name": null }, "geometry": { "type": "Point", "coordinates": [ 72.5085722, 23.0228405 ] } },
{ "type": "Feature", "properties": { "element": "node", "id": 9394591926, "amenity": "bench", "shop": null, "name": null }, "geometry": { "type": "Point", "coordinates": [ 72.5086826, 23.0236441 ] } },
{ "type": "Feature", "properties": { "element": "node", "id": 9394591927, "amenity": "bench", "shop": null, "name": null }, "geometry": { "type": "Point", "coordinates": [ 72.5085381, 23.0236589 ] } },
{ "type": "Feature", "properties": { "element": "node", "id": 9394591928, "amenity": "bench", "shop": null, "name": null }, "geometry": { "type": "Point", "coordinates": [ 72.5088596, 23.023312 ] } },
{ "type": "Feature", "properties": { "element": "node", "id": 9394591929, "amenity": "bench", "shop": null, "name": null }, "geometry": { "type": "Point", "coordinates": [ 72.5089003, 23.0234529 ] } },
{ "type": "Feature", "properties": { "element": "node", "id": 9394591931, "amenity": "bench", "shop": null, "name": null }, "geometry": { "type": "Point", "coordinates": [ 72.5088826, 23.0233464 ] } },
{ "type": "Feature", "properties": { "element": "node", "id": 9394591932, "amenity": "bench", "shop": null, "name": null }, "geometry": { "type": "Point", "coordinates": [ 72.5085504, 23.0228029 ] } },
{ "type": "Feature", "properties": { "element": "node", "id": 9394591933, "amenity": "bench", "shop": null, "name": null }, "geometry": { "type": "Point", "coordinates": [ 72.508027, 23.0230319 ] } },
{ "type": "Feature", "properties": { "element": "node", "id": 9394591936, "amenity": "bench", "shop": null, "name": null }, "geometry": { "type": "Point", "coordinates": [ 72.5086665, 23.0232026 ] } },
{ "type": "Feature", "properties": { "element": "node", "id": 9394591937, "amenity": "bench", "shop": null, "name": null }, "geometry": { "type": "Point", "coordinates": [ 72.508528, 23.02366 ] } },
{ "type": "Feature", "properties": { "element": "node", "id": 9394591939, "amenity": "bench", "shop": null, "name": null }, "geometry": { "type": "Point", "coordinates": [ 72.5080265, 23.0230223 ] } },
{ "type": "Feature", "properties": { "element": "node", "id": 9394591940, "amenity": "bench", "shop": null, "name": null }, "geometry": { "type": "Point", "coordinates": [ 72.5080336, 23.0230623 ] } },
{ "type": "Feature", "properties": { "element": "node", "id": 9394591941, "amenity": "bench", "shop": null, "name": null }, "geometry": { "type": "Point", "coordinates": [ 72.5080289, 23.0230397 ] } },
{ "type": "Feature", "properties": { "element": "node", "id": 9394591942, "amenity": "bench", "shop": null, "name": null }, "geometry": { "type": "Point", "coordinates": [ 72.5085523, 23.0236586 ] } },
{ "type": "Feature", "properties": { "element": "node", "id": 9394591944, "amenity": "bench", "shop": null, "name": null }, "geometry": { "type": "Point", "coordinates": [ 72.5087773, 23.0236268 ] } },
{ "type": "Feature", "properties": { "element": "node", "id": 9394591945, "amenity": "bench", "shop": null, "name": null }, "geometry": { "type": "Point", "coordinates": [ 72.5082213, 23.0227709 ] } },
{ "type": "Feature", "properties": { "element": "node", "id": 9394591946, "amenity": "bench", "shop": null, "name": null }, "geometry": { "type": "Point", "coordinates": [ 72.5085601, 23.022811 ] } },
{ "type": "Feature", "properties": { "element": "node", "id": 9394591947, "amenity": "bench", "shop": null, "name": null }, "geometry": { "type": "Point", "coordinates": [ 72.5088743, 23.0233288 ] } },
{ "type": "Feature", "properties": { "element": "node", "id": 9394591948, "amenity": "bench", "shop": null, "name": null }, "geometry": { "type": "Point", "coordinates": [ 72.5085257, 23.0227885 ] } },
{ "type": "Feature", "properties": { "element": "node", "id": 9394591949, "amenity": "bench", "shop": null, "name": null }, "geometry": { "type": "Point", "coordinates": [ 72.508868, 23.0233191 ] } },
{ "type": "Feature", "properties": { "element": "node", "id": 9394591950, "amenity": "bench", "shop": null, "name": null }, "geometry": { "type": "Point", "coordinates": [ 72.5086983, 23.0236412 ] } },
{ "type": "Feature", "properties": { "element": "node", "id": 9394591951, "amenity": "bench", "shop": null, "name": null }, "geometry": { "type": "Point", "coordinates": [ 72.508432, 23.0227855 ] } },
{ "type": "Feature", "properties": { "element": "node", "id": 9394591952, "amenity": "bench", "shop": null, "name": null }, "geometry": { "type": "Point", "coordinates": [ 72.5085388, 23.0227941 ] } },
{ "type": "Feature", "properties": { "element": "node", "id": 9394591955, "amenity": "bench", "shop": null, "name": null }, "geometry": { "type": "Point", "coordinates": [ 72.508798, 23.0236202 ] } },
{ "type": "Feature", "properties": { "element": "node", "id": 9394591957, "amenity": "bench", "shop": null, "name": null }, "geometry": { "type": "Point", "coordinates": [ 72.508031, 23.0230531 ] } },
{ "type": "Feature", "properties": { "element": "node", "id": 9394591958, "amenity": "bench", "shop": null, "name": null }, "geometry": { "type": "Point", "coordinates": [ 72.5081823, 23.0232153 ] } },
{ "type": "Feature", "properties": { "element": "node", "id": 9394591960, "amenity": "bench", "shop": null, "name": null }, "geometry": { "type": "Point", "coordinates": [ 72.5086663, 23.0236459 ] } },
{ "type": "Feature", "properties": { "element": "node", "id": 9394591961, "amenity": "bench", "shop": null, "name": null }, "geometry": { "type": "Point", "coordinates": [ 72.5088996, 23.0234638 ] } },
{ "type": "Feature", "properties": { "element": "node", "id": 9394591963, "amenity": "bench", "shop": null, "name": null }, "geometry": { "type": "Point", "coordinates": [ 72.5088805, 23.0233386 ] } },
{ "type": "Feature", "properties": { "element": "node", "id": 9394591964, "amenity": "bench", "shop": null, "name": null }, "geometry": { "type": "Point", "coordinates": [ 72.5085698, 23.0228277 ] } },
{ "type": "Feature", "properties": { "element": "node", "id": 9394693909, "amenity": "bench", "shop": null, "name": null }, "geometry": { "type": "Point", "coordinates": [ 72.4940593, 23.0403532 ] } },
{ "type": "Feature", "properties": { "element": "node", "id": 9394693910, "amenity": "bench", "shop": null, "name": null }, "geometry": { "type": "Point", "coordinates": [ 72.4935158, 23.0404692 ] } },
{ "type": "Feature", "properties": { "element": "node", "id": 9394693911, "amenity": "bench", "shop": null, "name": null }, "geometry": { "type": "Point", "coordinates": [ 72.4938653, 23.0403604 ] } },
{ "type": "Feature", "properties": { "element": "node", "id": 9394693912, "amenity": "bench", "shop": null, "name": null }, "geometry": { "type": "Point", "coordinates": [ 72.4940363, 23.0403061 ] } },
{ "type": "Feature", "properties": { "element": "node", "id": 9394693913, "amenity": "bench", "shop": null, "name": null }, "geometry": { "type": "Point", "coordinates": [ 72.494052, 23.0403197 ] } },
{ "type": "Feature", "properties": { "element": "node", "id": 9394693914, "amenity": "bench", "shop": null, "name": null }, "geometry": { "type": "Point", "coordinates": [ 72.4940127, 23.0403794 ] } },
{ "type": "Feature", "properties": { "element": "node", "id": 9394693915, "amenity": "bench", "shop": null, "name": null }, "geometry": { "type": "Point", "coordinates": [ 72.4935203, 23.0404397 ] } },
{ "type": "Feature", "properties": { "element": "node", "id": 9394693916, "amenity": "bench", "shop": null, "name": null }, "geometry": { "type": "Point", "coordinates": [ 72.4935336, 23.0404375 ] } },
{ "type": "Feature", "properties": { "element": "node", "id": 9394710217, "amenity": "bench", "shop": null, "name": null }, "geometry": { "type": "Point", "coordinates": [ 72.4938768, 23.0403142 ] } },
{ "type": "Feature", "properties": { "element": "node", "id": 9394710218, "amenity": "bench", "shop": null, "name": null }, "geometry": { "type": "Point", "coordinates": [ 72.4940029, 23.0403368 ] } },
{ "type": "Feature", "properties": { "element": "node", "id": 9394710219, "amenity": "bench", "shop": null, "name": null }, "geometry": { "type": "Point", "coordinates": [ 72.4939772, 23.0403773 ] } },
{ "type": "Feature", "properties": { "element": "node", "id": 9394710220, "amenity": "bench", "shop": null, "name": null }, "geometry": { "type": "Point", "coordinates": [ 72.4935128, 23.0404838 ] } },
{ "type": "Feature", "properties": { "element": "node", "id": 9394710221, "amenity": "bench", "shop": null, "name": null }, "geometry": { "type": "Point", "coordinates": [ 72.4938472, 23.0403249 ] } },
{ "type": "Feature", "properties": { "element": "node", "id": 9394710222, "amenity": "bench", "shop": null, "name": null }, "geometry": { "type": "Point", "coordinates": [ 72.4940632, 23.0403348 ] } },
{ "type": "Feature", "properties": { "element": "node", "id": 9394710223, "amenity": "bench", "shop": null, "name": null }, "geometry": { "type": "Point", "coordinates": [ 72.4939474, 23.0403381 ] } },
{ "type": "Feature", "properties": { "element": "node", "id": 9394710224, "amenity": "bench", "shop": null, "name": null }, "geometry": { "type": "Point", "coordinates": [ 72.4935176, 23.0404526 ] } },
{ "type": "Feature", "properties": { "element": "node", "id": 9394710225, "amenity": "bench", "shop": null, "name": null }, "geometry": { "type": "Point", "coordinates": [ 72.4939583, 23.0403584 ] } },
{ "type": "Feature", "properties": { "element": "node", "id": 9394710226, "amenity": "bench", "shop": null, "name": null }, "geometry": { "type": "Point", "coordinates": [ 72.4940124, 23.0402923 ] } },
{ "type": "Feature", "properties": { "element": "node", "id": 9394710227, "amenity": "bench", "shop": null, "name": null }, "geometry": { "type": "Point", "coordinates": [ 72.4938358, 23.0403318 ] } },
{ "type": "Feature", "properties": { "element": "node", "id": 9394710228, "amenity": "bench", "shop": null, "name": null }, "geometry": { "type": "Point", "coordinates": [ 72.4939942, 23.0403003 ] } },
{ "type": "Feature", "properties": { "element": "node", "id": 9394710229, "amenity": "bench", "shop": null, "name": null }, "geometry": { "type": "Point", "coordinates": [ 72.494036100000017, 23.0403714 ] } },
{ "type": "Feature", "properties": { "element": "node", "id": 9394710230, "amenity": "bench", "shop": null, "name": null }, "geometry": { "type": "Point", "coordinates": [ 72.49388, 23.0403571 ] } },
{ "type": "Feature", "properties": { "element": "node", "id": 9394710231, "amenity": "bench", "shop": null, "name": null }, "geometry": { "type": "Point", "coordinates": [ 72.493896, 23.0403505 ] } },
{ "type": "Feature", "properties": { "element": "node", "id": 9394710232, "amenity": "bench", "shop": null, "name": null }, "geometry": { "type": "Point", "coordinates": [ 72.4935237, 23.0404879 ] } },
{ "type": "Feature", "properties": { "element": "node", "id": 9394710233, "amenity": "bench", "shop": null, "name": null }, "geometry": { "type": "Point", "coordinates": [ 72.4938597, 23.0403197 ] } },
{ "type": "Feature", "properties": { "element": "node", "id": 9394710234, "amenity": "bench", "shop": null, "name": null }, "geometry": { "type": "Point", "coordinates": [ 72.4939581, 23.0403151 ] } },
{ "type": "Feature", "properties": { "element": "node", "id": 9394710235, "amenity": "bench", "shop": null, "name": null }, "geometry": { "type": "Point", "coordinates": [ 72.4938508, 23.040364 ] } },
{ "type": "Feature", "properties": { "element": "node", "id": 9396788928, "amenity": "bench", "shop": null, "name": null }, "geometry": { "type": "Point", "coordinates": [ 72.5121158, 23.0447902 ] } },
{ "type": "Feature", "properties": { "element": "node", "id": 9396788929, "amenity": "bench", "shop": null, "name": null }, "geometry": { "type": "Point", "coordinates": [ 72.5118079, 23.0442478 ] } },
{ "type": "Feature", "properties": { "element": "node", "id": 9396788930, "amenity": "bench", "shop": null, "name": null }, "geometry": { "type": "Point", "coordinates": [ 72.5117521, 23.0443468 ] } },
{ "type": "Feature", "properties": { "element": "node", "id": 9396788932, "amenity": "bench", "shop": null, "name": null }, "geometry": { "type": "Point", "coordinates": [ 72.511562200000014, 23.0445121 ] } },
{ "type": "Feature", "properties": { "element": "node", "id": 9396788933, "amenity": "bench", "shop": null, "name": null }, "geometry": { "type": "Point", "coordinates": [ 72.511877, 23.0447899 ] } },
{ "type": "Feature", "properties": { "element": "node", "id": 9396788934, "amenity": "bench", "shop": null, "name": null }, "geometry": { "type": "Point", "coordinates": [ 72.5118469, 23.0442026 ] } },
{ "type": "Feature", "properties": { "element": "node", "id": 9396788935, "amenity": "bench", "shop": null, "name": null }, "geometry": { "type": "Point", "coordinates": [ 72.5118328, 23.0450483 ] } },
{ "type": "Feature", "properties": { "element": "node", "id": 9396788936, "amenity": "bench", "shop": null, "name": null }, "geometry": { "type": "Point", "coordinates": [ 72.5120207, 23.0442544 ] } },
{ "type": "Feature", "properties": { "element": "node", "id": 9396788937, "amenity": "bench", "shop": null, "name": null }, "geometry": { "type": "Point", "coordinates": [ 72.512103100000019, 23.0447995 ] } },
{ "type": "Feature", "properties": { "element": "node", "id": 9396788938, "amenity": "bench", "shop": null, "name": null }, "geometry": { "type": "Point", "coordinates": [ 72.5121261, 23.0447834 ] } },
{ "type": "Feature", "properties": { "element": "node", "id": 9396788940, "amenity": "bench", "shop": null, "name": null }, "geometry": { "type": "Point", "coordinates": [ 72.51171810000001, 23.0438311 ] } },
{ "type": "Feature", "properties": { "element": "node", "id": 9396788941, "amenity": "bench", "shop": null, "name": null }, "geometry": { "type": "Point", "coordinates": [ 72.5117322, 23.0443508 ] } },
{ "type": "Feature", "properties": { "element": "node", "id": 9396788942, "amenity": "bench", "shop": null, "name": null }, "geometry": { "type": "Point", "coordinates": [ 72.511701, 23.0438263 ] } },
{ "type": "Feature", "properties": { "element": "node", "id": 9396788943, "amenity": "bench", "shop": null, "name": null }, "geometry": { "type": "Point", "coordinates": [ 72.512112, 23.0445708 ] } },
{ "type": "Feature", "properties": { "element": "node", "id": 9396788944, "amenity": "bench", "shop": null, "name": null }, "geometry": { "type": "Point", "coordinates": [ 72.5118167, 23.0446379 ] } },
{ "type": "Feature", "properties": { "element": "node", "id": 9396788945, "amenity": "bench", "shop": null, "name": null }, "geometry": { "type": "Point", "coordinates": [ 72.5118819, 23.0450143 ] } },
{ "type": "Feature", "properties": { "element": "node", "id": 9396788946, "amenity": "bench", "shop": null, "name": null }, "geometry": { "type": "Point", "coordinates": [ 72.5116212, 23.0444403 ] } },
{ "type": "Feature", "properties": { "element": "node", "id": 9396788947, "amenity": "bench", "shop": null, "name": null }, "geometry": { "type": "Point", "coordinates": [ 72.5117815, 23.0445268 ] } },
{ "type": "Feature", "properties": { "element": "node", "id": 9396788948, "amenity": "bench", "shop": null, "name": null }, "geometry": { "type": "Point", "coordinates": [ 72.5117723, 23.0445317 ] } },
{ "type": "Feature", "properties": { "element": "node", "id": 9396788949, "amenity": "bench", "shop": null, "name": null }, "geometry": { "type": "Point", "coordinates": [ 72.5115936, 23.0438499 ] } },
{ "type": "Feature", "properties": { "element": "node", "id": 9396788950, "amenity": "bench", "shop": null, "name": null }, "geometry": { "type": "Point", "coordinates": [ 72.5118438, 23.0450394 ] } },
{ "type": "Feature", "properties": { "element": "node", "id": 9396788951, "amenity": "bench", "shop": null, "name": null }, "geometry": { "type": "Point", "coordinates": [ 72.5118838, 23.0446908 ] } },
{ "type": "Feature", "properties": { "element": "node", "id": 9396788952, "amenity": "bench", "shop": null, "name": null }, "geometry": { "type": "Point", "coordinates": [ 72.5115091, 23.0444459 ] } },
{ "type": "Feature", "properties": { "element": "node", "id": 9396788953, "amenity": "bench", "shop": null, "name": null }, "geometry": { "type": "Point", "coordinates": [ 72.5116649, 23.0442442 ] } },
{ "type": "Feature", "properties": { "element": "node", "id": 9396788954, "amenity": "bench", "shop": null, "name": null }, "geometry": { "type": "Point", "coordinates": [ 72.51181, 23.0446302 ] } },
{ "type": "Feature", "properties": { "element": "node", "id": 9396788955, "amenity": "bench", "shop": null, "name": null }, "geometry": { "type": "Point", "coordinates": [ 72.5121079, 23.0445834 ] } },
{ "type": "Feature", "properties": { "element": "node", "id": 9396788956, "amenity": "bench", "shop": null, "name": null }, "geometry": { "type": "Point", "coordinates": [ 72.5118829, 23.0448053 ] } },
{ "type": "Feature", "properties": { "element": "node", "id": 9396788957, "amenity": "bench", "shop": null, "name": null }, "geometry": { "type": "Point", "coordinates": [ 72.5115219, 23.044432 ] } },
{ "type": "Feature", "properties": { "element": "node", "id": 9396788958, "amenity": "bench", "shop": null, "name": null }, "geometry": { "type": "Point", "coordinates": [ 72.5115034, 23.0441216 ] } },
{ "type": "Feature", "properties": { "element": "node", "id": 9396788959, "amenity": "bench", "shop": null, "name": null }, "geometry": { "type": "Point", "coordinates": [ 72.511866400000017, 23.0450269 ] } },
{ "type": "Feature", "properties": { "element": "node", "id": 9396788960, "amenity": "bench", "shop": null, "name": null }, "geometry": { "type": "Point", "coordinates": [ 72.5118838, 23.0444858 ] } },
{ "type": "Feature", "properties": { "element": "node", "id": 9396788961, "amenity": "bench", "shop": null, "name": null }, "geometry": { "type": "Point", "coordinates": [ 72.5115745, 23.044306399999989 ] } },
{ "type": "Feature", "properties": { "element": "node", "id": 9396788962, "amenity": "bench", "shop": null, "name": null }, "geometry": { "type": "Point", "coordinates": [ 72.5118936, 23.0444827 ] } },
{ "type": "Feature", "properties": { "element": "node", "id": 9396788963, "amenity": "bench", "shop": null, "name": null }, "geometry": { "type": "Point", "coordinates": [ 72.5120289, 23.0442721 ] } },
{ "type": "Feature", "properties": { "element": "node", "id": 9396788964, "amenity": "bench", "shop": null, "name": null }, "geometry": { "type": "Point", "coordinates": [ 72.5114272, 23.0442145 ] } },
{ "type": "Feature", "properties": { "element": "node", "id": 9396788965, "amenity": "bench", "shop": null, "name": null }, "geometry": { "type": "Point", "coordinates": [ 72.5118783, 23.0446811 ] } },
{ "type": "Feature", "properties": { "element": "node", "id": 9396788966, "amenity": "bench", "shop": null, "name": null }, "geometry": { "type": "Point", "coordinates": [ 72.511648, 23.0440061 ] } },
{ "type": "Feature", "properties": { "element": "node", "id": 9396788967, "amenity": "bench", "shop": null, "name": null }, "geometry": { "type": "Point", "coordinates": [ 72.511607, 23.0444393 ] } },
{ "type": "Feature", "properties": { "element": "node", "id": 9396788968, "amenity": "bench", "shop": null, "name": null }, "geometry": { "type": "Point", "coordinates": [ 72.5116534, 23.0442417 ] } },
{ "type": "Feature", "properties": { "element": "node", "id": 9396788969, "amenity": "bench", "shop": null, "name": null }, "geometry": { "type": "Point", "coordinates": [ 72.5119057, 23.0444765 ] } },
{ "type": "Feature", "properties": { "element": "node", "id": 9396788970, "amenity": "bench", "shop": null, "name": null }, "geometry": { "type": "Point", "coordinates": [ 72.5117356, 23.0444011 ] } },
{ "type": "Feature", "properties": { "element": "node", "id": 9396788971, "amenity": "bench", "shop": null, "name": null }, "geometry": { "type": "Point", "coordinates": [ 72.5119173, 23.0444728 ] } },
{ "type": "Feature", "properties": { "element": "node", "id": 9396788972, "amenity": "bench", "shop": null, "name": null }, "geometry": { "type": "Point", "coordinates": [ 72.5115706, 23.0445081 ] } },
{ "type": "Feature", "properties": { "element": "node", "id": 9396788973, "amenity": "bench", "shop": null, "name": null }, "geometry": { "type": "Point", "coordinates": [ 72.5117501, 23.0443991 ] } },
{ "type": "Feature", "properties": { "element": "node", "id": 9467853694, "amenity": null, "shop": null, "name": "Narsinh Mehta Statue" }, "geometry": { "type": "Point", "coordinates": [ 72.5288522, 23.0389979 ] } },
{ "type": "Feature", "properties": { "element": "node", "id": 9524334725, "amenity": null, "shop": null, "name": "Matter Energy" }, "geometry": { "type": "Point", "coordinates": [ 72.5513294, 23.1681377 ] } },
{ "type": "Feature", "properties": { "element": "node", "id": 9530283248, "amenity": "bench", "shop": null, "name": null }, "geometry": { "type": "Point", "coordinates": [ 72.51225340000002, 23.0134001 ] } },
{ "type": "Feature", "properties": { "element": "node", "id": 9530283249, "amenity": "bench", "shop": null, "name": null }, "geometry": { "type": "Point", "coordinates": [ 72.5121937, 23.0132476 ] } },
{ "type": "Feature", "properties": { "element": "node", "id": 9530283250, "amenity": "bench", "shop": null, "name": null }, "geometry": { "type": "Point", "coordinates": [ 72.5121971, 23.0132982 ] } },
{ "type": "Feature", "properties": { "element": "node", "id": 9530283251, "amenity": "bench", "shop": null, "name": null }, "geometry": { "type": "Point", "coordinates": [ 72.5121722, 23.0133075 ] } },
{ "type": "Feature", "properties": { "element": "node", "id": 9545184948, "amenity": null, "shop": null, "name": null }, "geometry": { "type": "Point", "coordinates": [ 72.5911331, 23.0709372 ] } },
{ "type": "Feature", "properties": { "element": "node", "id": 9545184949, "amenity": null, "shop": null, "name": null }, "geometry": { "type": "Point", "coordinates": [ 72.593236, 23.0696639 ] } },
{ "type": "Feature", "properties": { "element": "node", "id": 9545184950, "amenity": null, "shop": null, "name": null }, "geometry": { "type": "Point", "coordinates": [ 72.5928283, 23.0701525 ] } },
{ "type": "Feature", "properties": { "element": "node", "id": 9582294802, "amenity": null, "shop": "photo_studio", "name": "Shree Bahuchar Studio" }, "geometry": { "type": "Point", "coordinates": [ 72.475034, 23.0175068 ] } },
{ "type": "Feature", "properties": { "element": "node", "id": 9587808342, "amenity": "dentist", "shop": null, "name": "Elite32 Dental Clinic" }, "geometry": { "type": "Point", "coordinates": [ 72.5016229, 22.9989942 ] } },
{ "type": "Feature", "properties": { "element": "node", "id": 9632871827, "amenity": null, "shop": "clothes", "name": "Ramtudi Fashion" }, "geometry": { "type": "Point", "coordinates": [ 72.6548463, 22.9945345 ] } },
{ "type": "Feature", "properties": { "element": "node", "id": 9642945518, "amenity": null, "shop": null, "name": "Thanksweb" }, "geometry": { "type": "Point", "coordinates": [ 72.5759447, 23.068303 ] } },
{ "type": "Feature", "properties": { "element": "node", "id": 9653242417, "amenity": "hospital", "shop": null, "name": "Vimla Hospital" }, "geometry": { "type": "Point", "coordinates": [ 72.6231298, 22.9767385 ] } },
{ "type": "Feature", "properties": { "element": "node", "id": 9653262917, "amenity": "atm", "shop": null, "name": null }, "geometry": { "type": "Point", "coordinates": [ 72.6209643, 22.9767643 ] } },
{ "type": "Feature", "properties": { "element": "node", "id": 9660433812, "amenity": "cafe", "shop": null, "name": "Plumeria Cafe" }, "geometry": { "type": "Point", "coordinates": [ 72.4239095, 22.961352 ] } },
{ "type": "Feature", "properties": { "element": "node", "id": 9676659727, "amenity": null, "shop": null, "name": "Agile Consultancy" }, "geometry": { "type": "Point", "coordinates": [ 72.5446895, 23.0213869 ] } },
{ "type": "Feature", "properties": { "element": "node", "id": 9709187217, "amenity": null, "shop": null, "name": "One Tree Hill Garden" }, "geometry": { "type": "Point", "coordinates": [ 72.598021, 23.0048635 ] } },
{ "type": "Feature", "properties": { "element": "node", "id": 9711791143, "amenity": "post_depot", "shop": null, "name": "Shree Trivedi International Courier & Cargo service" }, "geometry": { "type": "Point", "coordinates": [ 72.5534015, 23.0214223 ] } },
{ "type": "Feature", "properties": { "element": "node", "id": 9809086195, "amenity": "restaurant", "shop": null, "name": "The Grill Street" }, "geometry": { "type": "Point", "coordinates": [ 72.5079662, 23.0267886 ] } },
{ "type": "Feature", "properties": { "element": "node", "id": 9809117886, "amenity": null, "shop": "supermarket", "name": "Shivalik Shilp" }, "geometry": { "type": "Point", "coordinates": [ 72.5066805, 23.0269943 ] } },
{ "type": "Feature", "properties": { "element": "node", "id": 9844197559, "amenity": "clinic", "shop": null, "name": "Dr. Maulik Patwa" }, "geometry": { "type": "Point", "coordinates": [ 72.55578, 23.0172912 ] } },
{ "type": "Feature", "properties": { "element": "node", "id": 9878358235, "amenity": "restaurant", "shop": null, "name": "The House of Khaman" }, "geometry": { "type": "Point", "coordinates": [ 72.5644073, 23.039608399999988 ] } },
{ "type": "Feature", "properties": { "element": "node", "id": 9931990878, "amenity": null, "shop": null, "name": "Sai Exports Ltd" }, "geometry": { "type": "Point", "coordinates": [ 72.5712737, 23.0540841 ] } },
{ "type": "Feature", "properties": { "element": "node", "id": 9951265800, "amenity": "fast_food", "shop": null, "name": "Bhookh Lagi Hai?" }, "geometry": { "type": "Point", "coordinates": [ 72.5062361, 23.0218092 ] } },
{ "type": "Feature", "properties": { "element": "node", "id": 9951286347, "amenity": null, "shop": "car_repair", "name": "Mercedes Benz Service Center" }, "geometry": { "type": "Point", "coordinates": [ 72.479547200000013, 23.0261686 ] } },
{ "type": "Feature", "properties": { "element": "node", "id": 9963484601, "amenity": "fountain", "shop": null, "name": null }, "geometry": { "type": "Point", "coordinates": [ 72.5564267, 23.0208388 ] } },
{ "type": "Feature", "properties": { "element": "node", "id": 9969187061, "amenity": "dentist", "shop": null, "name": "DENTA CARE" }, "geometry": { "type": "Point", "coordinates": [ 72.5338506, 23.0797583 ] } },
{ "type": "Feature", "properties": { "element": "node", "id": 9985824370, "amenity": null, "shop": null, "name": "Ashwatthaps" }, "geometry": { "type": "Point", "coordinates": [ 72.5181958, 23.0710945 ] } },
{ "type": "Feature", "properties": { "element": "node", "id": 9996701486, "amenity": "restaurant", "shop": null, "name": "The House of Makeba (Bhat)" }, "geometry": { "type": "Point", "coordinates": [ 72.6283409, 23.1170709 ] } },
{ "type": "Feature", "properties": { "element": "node", "id": 10025847568, "amenity": null, "shop": "yes", "name": "Leo Packers and Movers Ahmedabad" }, "geometry": { "type": "Point", "coordinates": [ 72.5338759, 23.0042556 ] } },
{ "type": "Feature", "properties": { "element": "node", "id": 10038497023, "amenity": "hospital", "shop": null, "name": "INDU MEDICARE" }, "geometry": { "type": "Point", "coordinates": [ 72.4675268, 23.0451918 ] } },
{ "type": "Feature", "properties": { "element": "node", "id": 10076616620, "amenity": null, "shop": null, "name": null }, "geometry": { "type": "Point", "coordinates": [ 72.5314996, 22.9850606 ] } },
{ "type": "Feature", "properties": { "element": "node", "id": 10076616621, "amenity": null, "shop": null, "name": null }, "geometry": { "type": "Point", "coordinates": [ 72.5298517, 22.9846659 ] } },
{ "type": "Feature", "properties": { "element": "node", "id": 10076616622, "amenity": null, "shop": null, "name": null }, "geometry": { "type": "Point", "coordinates": [ 72.5289749, 22.9847366 ] } },
{ "type": "Feature", "properties": { "element": "node", "id": 10076616623, "amenity": null, "shop": null, "name": null }, "geometry": { "type": "Point", "coordinates": [ 72.5283062, 22.9840414 ] } },
{ "type": "Feature", "properties": { "element": "node", "id": 10076616624, "amenity": null, "shop": null, "name": null }, "geometry": { "type": "Point", "coordinates": [ 72.5281398, 22.9847778 ] } },
{ "type": "Feature", "properties": { "element": "node", "id": 10076616625, "amenity": null, "shop": null, "name": null }, "geometry": { "type": "Point", "coordinates": [ 72.527927, 22.9857175 ] } },
{ "type": "Feature", "properties": { "element": "node", "id": 10081226546, "amenity": null, "shop": "clothes", "name": "RituRaj The Wedding Studio" }, "geometry": { "type": "Point", "coordinates": [ 72.6639799, 23.0464077 ] } },
{ "type": "Feature", "properties": { "element": "node", "id": 10128943740, "amenity": "food_court", "shop": null, "name": "inHungr" }, "geometry": { "type": "Point", "coordinates": [ 72.6588726, 23.0630354 ] } },
{ "type": "Feature", "properties": { "element": "node", "id": 10172874424, "amenity": null, "shop": null, "name": null }, "geometry": { "type": "Point", "coordinates": [ 72.446945, 22.9251634 ] } },
{ "type": "Feature", "properties": { "element": "node", "id": 10172958936, "amenity": "hospital", "shop": null, "name": "Parijat Children Hospital" }, "geometry": { "type": "Point", "coordinates": [ 72.5905818, 23.0294026 ] } },
{ "type": "Feature", "properties": { "element": "node", "id": 10172958937, "amenity": "hospital", "shop": null, "name": "Pinakin Dala Hospital" }, "geometry": { "type": "Point", "coordinates": [ 72.5933151, 23.0294443 ] } },
{ "type": "Feature", "properties": { "element": "node", "id": 10172958938, "amenity": "hospital", "shop": null, "name": "muncipal parsuti Hospital" }, "geometry": { "type": "Point", "coordinates": [ 72.5798827, 23.0376253 ] } },
{ "type": "Feature", "properties": { "element": "node", "id": 10172958939, "amenity": "hospital", "shop": null, "name": "Shahur Medical Hospital" }, "geometry": { "type": "Point", "coordinates": [ 72.5781781, 23.0360259 ] } },
{ "type": "Feature", "properties": { "element": "node", "id": 10172958940, "amenity": "hospital", "shop": null, "name": "Paras Hospital" }, "geometry": { "type": "Point", "coordinates": [ 72.5804374, 23.0342097 ] } },
{ "type": "Feature", "properties": { "element": "node", "id": 10172958941, "amenity": "hospital", "shop": null, "name": "Shraddha Multispecialist Hospital" }, "geometry": { "type": "Point", "coordinates": [ 72.577354, 23.0320391 ] } },
{ "type": "Feature", "properties": { "element": "node", "id": 10172958942, "amenity": "hospital", "shop": null, "name": "Sukhmani hospital" }, "geometry": { "type": "Point", "coordinates": [ 72.5696194, 23.036498 ] } },
{ "type": "Feature", "properties": { "element": "node", "id": 10172958943, "amenity": "hospital", "shop": null, "name": "Sanjivani Eye Hospital" }, "geometry": { "type": "Point", "coordinates": [ 72.5615306, 23.046029 ] } },
{ "type": "Feature", "properties": { "element": "node", "id": 10172958944, "amenity": "hospital", "shop": null, "name": "Shreyas Dental Hospital" }, "geometry": { "type": "Point", "coordinates": [ 72.5617682, 23.0482467 ] } },
{ "type": "Feature", "properties": { "element": "node", "id": 10172958945, "amenity": "hospital", "shop": null, "name": null }, "geometry": { "type": "Point", "coordinates": [ 72.5610257, 23.0673766 ] } },
{ "type": "Feature", "properties": { "element": "node", "id": 10172958946, "amenity": "hospital", "shop": null, "name": "GuruKrupa Hospital" }, "geometry": { "type": "Point", "coordinates": [ 72.5352149, 23.0604678 ] } },
{ "type": "Feature", "properties": { "element": "node", "id": 10172958947, "amenity": "hospital", "shop": null, "name": "Aneri CHildren Hospital" }, "geometry": { "type": "Point", "coordinates": [ 72.5431127, 23.0694667 ] } },
{ "type": "Feature", "properties": { "element": "node", "id": 10172958948, "amenity": "hospital", "shop": null, "name": "Rosemary Womens Hospital" }, "geometry": { "type": "Point", "coordinates": [ 72.5259992, 23.0318655 ] } },
{ "type": "Feature", "properties": { "element": "node", "id": 10172958949, "amenity": "hospital", "shop": null, "name": "Akshay Heart and Medical Hospital" }, "geometry": { "type": "Point", "coordinates": [ 72.5271428, 23.0311855 ] } },
{ "type": "Feature", "properties": { "element": "node", "id": 10172958950, "amenity": "hospital", "shop": null, "name": "Sangini Hospital" }, "geometry": { "type": "Point", "coordinates": [ 72.5233013, 23.0251067 ] } },
{ "type": "Feature", "properties": { "element": "node", "id": 10172958951, "amenity": "hospital", "shop": null, "name": "Rathi Hospital" }, "geometry": { "type": "Point", "coordinates": [ 72.526100500000013, 23.0228555 ] } },
{ "type": "Feature", "properties": { "element": "node", "id": 10172958952, "amenity": "hospital", "shop": null, "name": "Jyoti Maternity Hospital" }, "geometry": { "type": "Point", "coordinates": [ 72.538511, 23.02222 ] } },
{ "type": "Feature", "properties": { "element": "node", "id": 10172958953, "amenity": "hospital", "shop": null, "name": "Vatsalya Gynec Hospital" }, "geometry": { "type": "Point", "coordinates": [ 72.5325801, 23.0067417 ] } },
{ "type": "Feature", "properties": { "element": "node", "id": 10172958954, "amenity": "hospital", "shop": null, "name": "Jivraj Mehta Hospital" }, "geometry": { "type": "Point", "coordinates": [ 72.5432561, 23.0086307 ] } },
{ "type": "Feature", "properties": { "element": "node", "id": 10172958955, "amenity": "hospital", "shop": null, "name": "Shree Harikrupa Hospital" }, "geometry": { "type": "Point", "coordinates": [ 72.5615615, 23.0201123 ] } },
{ "type": "Feature", "properties": { "element": "node", "id": 10172958956, "amenity": "hospital", "shop": null, "name": "Kalptaru Hospital" }, "geometry": { "type": "Point", "coordinates": [ 72.5944694, 23.0493049 ] } },
{ "type": "Feature", "properties": { "element": "node", "id": 10172958957, "amenity": "hospital", "shop": null, "name": "Kidney Hospital" }, "geometry": { "type": "Point", "coordinates": [ 72.6074913, 23.04949 ] } },
{ "type": "Feature", "properties": { "element": "node", "id": 10172958958, "amenity": "hospital", "shop": null, "name": "Civil Hospital" }, "geometry": { "type": "Point", "coordinates": [ 72.604383900000016, 23.0522972 ] } },
{ "type": "Feature", "properties": { "element": "node", "id": 10172958959, "amenity": "hospital", "shop": null, "name": "Military Hospital" }, "geometry": { "type": "Point", "coordinates": [ 72.601975, 23.0590415 ] } },
{ "type": "Feature", "properties": { "element": "node", "id": 10172958960, "amenity": "hospital", "shop": null, "name": "GCS Hospital" }, "geometry": { "type": "Point", "coordinates": [ 72.6082954, 23.0465729 ] } },
{ "type": "Feature", "properties": { "element": "node", "id": 10172958961, "amenity": "hospital", "shop": null, "name": "Ayushman Medical Hospital" }, "geometry": { "type": "Point", "coordinates": [ 72.6391848, 23.0237298 ] } },
{ "type": "Feature", "properties": { "element": "node", "id": 10172958963, "amenity": "hospital", "shop": null, "name": "Shivam Surgical Hospital" }, "geometry": { "type": "Point", "coordinates": [ 72.6528746, 23.0729799 ] } },
{ "type": "Feature", "properties": { "element": "node", "id": 10172958964, "amenity": "hospital", "shop": null, "name": "Aneri CHildren Hospital" }, "geometry": { "type": "Point", "coordinates": [ 72.5431262, 23.0694304 ] } },
{ "type": "Feature", "properties": { "element": "node", "id": 10172958965, "amenity": "hospital", "shop": null, "name": "Cornea Foundation Hospital" }, "geometry": { "type": "Point", "coordinates": [ 72.536403, 23.0461549 ] } },
{ "type": "Feature", "properties": { "element": "node", "id": 10177874699, "amenity": "fuel", "shop": null, "name": "Shell" }, "geometry": { "type": "Point", "coordinates": [ 72.6269447, 22.9871408 ] } },
{ "type": "Feature", "properties": { "element": "node", "id": 10177917536, "amenity": "fast_food", "shop": null, "name": "Gwalia Sweets" }, "geometry": { "type": "Point", "coordinates": [ 72.4756286, 23.017434 ] } },
{ "type": "Feature", "properties": { "element": "node", "id": 10177928917, "amenity": null, "shop": "hardware", "name": "Maruti Hardware & Plywood" }, "geometry": { "type": "Point", "coordinates": [ 72.4563448, 23.0069095 ] } },
{ "type": "Feature", "properties": { "element": "node", "id": 10181021818, "amenity": null, "shop": null, "name": "icrl" }, "geometry": { "type": "Point", "coordinates": [ 72.596871, 22.9012182 ] } },
{ "type": "Feature", "properties": { "element": "node", "id": 10181222017, "amenity": null, "shop": null, "name": null }, "geometry": { "type": "Point", "coordinates": [ 72.5950578, 22.9009514 ] } },
{ "type": "Feature", "properties": { "element": "node", "id": 10181647117, "amenity": "waste_disposal", "shop": null, "name": null }, "geometry": { "type": "Point", "coordinates": [ 72.5918667, 22.9659167 ] } },
{ "type": "Feature", "properties": { "element": "node", "id": 10223459792, "amenity": null, "shop": "electronics", "name": "Capital Security System" }, "geometry": { "type": "Point", "coordinates": [ 72.6831131, 23.0863499 ] } },
{ "type": "Feature", "properties": { "element": "node", "id": 10225625719, "amenity": "cafe", "shop": null, "name": "Authentic cafe" }, "geometry": { "type": "Point", "coordinates": [ 72.5883477, 23.0319107 ] } },
{ "type": "Feature", "properties": { "element": "node", "id": 10261856809, "amenity": null, "shop": null, "name": "Hotel Kamran Palace" }, "geometry": { "type": "Point", "coordinates": [ 72.5829956, 23.0269056 ] } },
{ "type": "Feature", "properties": { "element": "node", "id": 10302079172, "amenity": null, "shop": "dairy", "name": "Gopal Dairy" }, "geometry": { "type": "Point", "coordinates": [ 72.6368855, 22.9903525 ] } },
{ "type": "Feature", "properties": { "element": "node", "id": 10302097875, "amenity": "place_of_worship", "shop": null, "name": "Sindhwai Temple" }, "geometry": { "type": "Point", "coordinates": [ 72.6355521, 22.9900693 ] } },
{ "type": "Feature", "properties": { "element": "node", "id": 10310283832, "amenity": null, "shop": null, "name": "Suresh Rathod House" }, "geometry": { "type": "Point", "coordinates": [ 72.6123046, 22.9818173 ] } },
{ "type": "Feature", "properties": { "element": "node", "id": 10310287131, "amenity": null, "shop": "supermarket", "name": "Micro Machine Tools" }, "geometry": { "type": "Point", "coordinates": [ 72.6725641, 23.0206424 ] } },
{ "type": "Feature", "properties": { "element": "node", "id": 10550714022, "amenity": "restaurant", "shop": null, "name": "Jassi De Parathe" }, "geometry": { "type": "Point", "coordinates": [ 72.5110318, 23.0123617 ] } },
{ "type": "Feature", "properties": { "element": "node", "id": 10571954609, "amenity": null, "shop": null, "name": "JAY WELLNESS CENTRE" }, "geometry": { "type": "Point", "coordinates": [ 72.6070669, 22.9683253 ] } },
{ "type": "Feature", "properties": { "element": "node", "id": 10571957509, "amenity": null, "shop": null, "name": "Mission Fit India" }, "geometry": { "type": "Point", "coordinates": [ 72.6067645, 22.9688355 ] } },
{ "type": "Feature", "properties": { "element": "node", "id": 10578596641, "amenity": "place_of_worship", "shop": null, "name": "Partheswar Temple" }, "geometry": { "type": "Point", "coordinates": [ 72.607459300000016, 22.9675705 ] } },
{ "type": "Feature", "properties": { "element": "node", "id": 10591957830, "amenity": null, "shop": "mall", "name": "Reliance mart" }, "geometry": { "type": "Point", "coordinates": [ 72.5880349, 23.0446678 ] } },
{ "type": "Feature", "properties": { "element": "node", "id": 10591957831, "amenity": null, "shop": null, "name": "bahumali bhavan" }, "geometry": { "type": "Point", "coordinates": [ 72.5794892, 23.0254619 ] } },
{ "type": "Feature", "properties": { "element": "node", "id": 10591957832, "amenity": null, "shop": "Lucky tea shop", "name": null }, "geometry": { "type": "Point", "coordinates": [ 72.5811194, 23.0275632 ] } },
{ "type": "Feature", "properties": { "element": "node", "id": 10600579125, "amenity": "library", "shop": null, "name": null }, "geometry": { "type": "Point", "coordinates": [ 72.5766712, 23.0266731 ] } },
{ "type": "Feature", "properties": { "element": "node", "id": 10648144248, "amenity": null, "shop": null, "name": "Keastox" }, "geometry": { "type": "Point", "coordinates": [ 72.5013498, 23.0792051 ] } },
{ "type": "Feature", "properties": { "element": "node", "id": 10673361438, "amenity": null, "shop": null, "name": "The Parterre" }, "geometry": { "type": "Point", "coordinates": [ 72.5037209, 23.0509007 ] } },
{ "type": "Feature", "properties": { "element": "node", "id": 10750415881, "amenity": "cafe", "shop": null, "name": "Choco drama" }, "geometry": { "type": "Point", "coordinates": [ 72.5269272, 23.0410761 ] } },
{ "type": "Feature", "properties": { "element": "node", "id": 10750415883, "amenity": null, "shop": "supermarket", "name": "market" }, "geometry": { "type": "Point", "coordinates": [ 72.5256771, 23.040802 ] } },
{ "type": "Feature", "properties": { "element": "node", "id": 10750415884, "amenity": null, "shop": null, "name": "park" }, "geometry": { "type": "Point", "coordinates": [ 72.528048, 23.040704 ] } },
{ "type": "Feature", "properties": { "element": "node", "id": 10750415885, "amenity": "fast_food", "shop": null, "name": "leela sandwich" }, "geometry": { "type": "Point", "coordinates": [ 72.5275081, 23.0407863 ] } },
{ "type": "Feature", "properties": { "element": "node", "id": 10769053628, "amenity": null, "shop": null, "name": "New LJ Institute of Engineering and Technology" }, "geometry": { "type": "Point", "coordinates": [ 72.5096246, 23.0378426 ] } },
{ "type": "Feature", "properties": { "element": "node", "id": 10775685853, "amenity": null, "shop": "dairy", "name": "Bharat Dugdhalay" }, "geometry": { "type": "Point", "coordinates": [ 72.6228417, 22.9949799 ] } },
{ "type": "Feature", "properties": { "element": "node", "id": 10775755706, "amenity": null, "shop": null, "name": "Jay Somnath High School" }, "geometry": { "type": "Point", "coordinates": [ 72.6204815, 22.9963018 ] } },
{ "type": "Feature", "properties": { "element": "node", "id": 10781479077, "amenity": null, "shop": "supermarket", "name": "JK MEDIRISE Disposable Medical Devices" }, "geometry": { "type": "Point", "coordinates": [ 72.5107957, 23.0338871 ] } },
{ "type": "Feature", "properties": { "element": "node", "id": 10793981570, "amenity": "school", "shop": null, "name": "Divan Ballubhai School" }, "geometry": { "type": "Point", "coordinates": [ 72.5686984, 23.0122755 ] } },
{ "type": "Feature", "properties": { "element": "node", "id": 10839117487, "amenity": "hospital", "shop": null, "name": "KD Blossom" }, "geometry": { "type": "Point", "coordinates": [ 72.5415625, 23.1354749 ] } },
{ "type": "Feature", "properties": { "element": "node", "id": 10855437699, "amenity": null, "shop": null, "name": "Orphicy Tuitions" }, "geometry": { "type": "Point", "coordinates": [ 72.5147323, 23.0121158 ] } },
{ "type": "Feature", "properties": { "element": "node", "id": 10882768855, "amenity": "hospital", "shop": null, "name": "Diva Women's Hospital" }, "geometry": { "type": "Point", "coordinates": [ 72.5219853, 23.0492471 ] } },
{ "type": "Feature", "properties": { "element": "node", "id": 10889463922, "amenity": null, "shop": null, "name": "Khushi Advertising" }, "geometry": { "type": "Point", "coordinates": [ 72.5211976, 23.0664935 ] } },
{ "type": "Feature", "properties": { "element": "node", "id": 10889899257, "amenity": null, "shop": null, "name": "Rioconn" }, "geometry": { "type": "Point", "coordinates": [ 72.5044459, 23.015596 ] } },
{ "type": "Feature", "properties": { "element": "node", "id": 10924822844, "amenity": "post_depot", "shop": null, "name": "Star Door To Door (M)" }, "geometry": { "type": "Point", "coordinates": [ 72.5649625, 23.0332098 ] } },
{ "type": "Feature", "properties": { "element": "node", "id": 10959521083, "amenity": "school", "shop": null, "name": "The OLD LITTLE FLOWER SCHOOL" }, "geometry": { "type": "Point", "coordinates": [ 72.5775928, 23.1026901 ] } },
{ "type": "Feature", "properties": { "element": "node", "id": 10959555938, "amenity": "place_of_worship", "shop": null, "name": "Shiv mandir" }, "geometry": { "type": "Point", "coordinates": [ 72.5780403, 23.1062878 ] } },
{ "type": "Feature", "properties": { "element": "node", "id": 10959556357, "amenity": "school", "shop": null, "name": "Kendriya Vidyala Sabarmati" }, "geometry": { "type": "Point", "coordinates": [ 72.5815065, 23.1006535 ] } },
{ "type": "Feature", "properties": { "element": "node", "id": 10959557671, "amenity": "school", "shop": null, "name": "The NEW LITTLE FLOWER SCHOOL" }, "geometry": { "type": "Point", "coordinates": [ 72.5781828, 23.1043189 ] } },
{ "type": "Feature", "properties": { "element": "node", "id": 10959583957, "amenity": null, "shop": "bakery", "name": "Bharat Bakery" }, "geometry": { "type": "Point", "coordinates": [ 72.5823813, 23.1082895 ] } },
{ "type": "Feature", "properties": { "element": "node", "id": 10959588191, "amenity": null, "shop": null, "name": "Devi Public park" }, "geometry": { "type": "Point", "coordinates": [ 72.5846963, 23.1082123 ] } },
{ "type": "Feature", "properties": { "element": "node", "id": 10959590887, "amenity": "school", "shop": null, "name": "Sakar English School" }, "geometry": { "type": "Point", "coordinates": [ 72.5918371, 23.1088888 ] } },
{ "type": "Feature", "properties": { "element": "node", "id": 10959599250, "amenity": null, "shop": "stationery", "name": "Hello Stationary services" }, "geometry": { "type": "Point", "coordinates": [ 72.5827474, 23.108341 ] } },
{ "type": "Feature", "properties": { "element": "node", "id": 10959605481, "amenity": "restaurant", "shop": null, "name": "Ramdev Farsan" }, "geometry": { "type": "Point", "coordinates": [ 72.5824778, 23.1084228 ] } },
{ "type": "Feature", "properties": { "element": "node", "id": 10959614004, "amenity": null, "shop": null, "name": "Allen Career Institute" }, "geometry": { "type": "Point", "coordinates": [ 72.5940842, 23.1097944 ] } },
{ "type": "Feature", "properties": { "element": "node", "id": 10959625993, "amenity": null, "shop": "confectionery", "name": "Hira Misthan" }, "geometry": { "type": "Point", "coordinates": [ 72.5846468, 23.1078617 ] } },
{ "type": "Feature", "properties": { "element": "node", "id": 10959628584, "amenity": "restaurant", "shop": null, "name": "Monginis Cake shop" }, "geometry": { "type": "Point", "coordinates": [ 72.5912774, 23.1089422 ] } },
{ "type": "Feature", "properties": { "element": "node", "id": 10959630823, "amenity": "school", "shop": null, "name": "Podar International School" }, "geometry": { "type": "Point", "coordinates": [ 72.590667, 23.1097883 ] } },
{ "type": "Feature", "properties": { "element": "node", "id": 10959640143, "amenity": "restaurant", "shop": null, "name": "Subway." }, "geometry": { "type": "Point", "coordinates": [ 72.5960745, 23.1035224 ] } },
{ "type": "Feature", "properties": { "element": "node", "id": 10959640156, "amenity": null, "shop": null, "name": "Malaviya Cricket Ground" }, "geometry": { "type": "Point", "coordinates": [ 72.5887892, 23.1030418 ] } },
{ "type": "Feature", "properties": { "element": "node", "id": 10959647097, "amenity": null, "shop": "confectionery", "name": "Magson Fresh and Frozen" }, "geometry": { "type": "Point", "coordinates": [ 72.5914101, 23.1094665 ] } },
{ "type": "Feature", "properties": { "element": "node", "id": 10959661519, "amenity": "restaurant", "shop": null, "name": "The Belgian Waffle" }, "geometry": { "type": "Point", "coordinates": [ 72.5938416, 23.1096267 ] } },
{ "type": "Feature", "properties": { "element": "node", "id": 10959671657, "amenity": null, "shop": "stationery", "name": "My Stationaries" }, "geometry": { "type": "Point", "coordinates": [ 72.5938955, 23.1095409 ] } },
{ "type": "Feature", "properties": { "element": "node", "id": 10959671658, "amenity": "restaurant", "shop": null, "name": "Tandoor & Tadka" }, "geometry": { "type": "Point", "coordinates": [ 72.5942231, 23.1096095 ] } },
{ "type": "Feature", "properties": { "element": "node", "id": 10959671668, "amenity": null, "shop": "yes", "name": "Jalandhar Sports" }, "geometry": { "type": "Point", "coordinates": [ 72.5953445, 23.1088755 ] } },
{ "type": "Feature", "properties": { "element": "node", "id": 10959675371, "amenity": null, "shop": "clothes", "name": "United Colors Of Benetton" }, "geometry": { "type": "Point", "coordinates": [ 72.5954156, 23.1028912 ] } },
{ "type": "Feature", "properties": { "element": "node", "id": 10959699945, "amenity": "restaurant", "shop": null, "name": "La Pino's Pizza." }, "geometry": { "type": "Point", "coordinates": [ 72.5961933, 23.1034803 ] } },
{ "type": "Feature", "properties": { "element": "node", "id": 10959710275, "amenity": null, "shop": "watches", "name": "Titan World" }, "geometry": { "type": "Point", "coordinates": [ 72.5956392, 23.1032208 ] } },
{ "type": "Feature", "properties": { "element": "node", "id": 10959715013, "amenity": "restaurant", "shop": null, "name": "Dangee Dums" }, "geometry": { "type": "Point", "coordinates": [ 72.5957957, 23.1056688 ] } },
{ "type": "Feature", "properties": { "element": "node", "id": 10959718509, "amenity": "restaurant", "shop": null, "name": "La Milano Pizzeria." }, "geometry": { "type": "Point", "coordinates": [ 72.5958266, 23.103377 ] } },
{ "type": "Feature", "properties": { "element": "node", "id": 10959725324, "amenity": "restaurant", "shop": null, "name": "Gwalia Sweets Private Limited" }, "geometry": { "type": "Point", "coordinates": [ 72.5952916, 23.102916 ] } },
{ "type": "Feature", "properties": { "element": "node", "id": 10959743712, "amenity": null, "shop": "clothes", "name": "Will's Lifestyle." }, "geometry": { "type": "Point", "coordinates": [ 72.5956096, 23.1030052 ] } },
{ "type": "Feature", "properties": { "element": "node", "id": 10959748667, "amenity": null, "shop": "yes", "name": "Zudio-North Plaza Motera" }, "geometry": { "type": "Point", "coordinates": [ 72.5942029, 23.1020396 ] } },
{ "type": "Feature", "properties": { "element": "node", "id": 10959755469, "amenity": null, "shop": "yes", "name": "Go Colors Clothing" }, "geometry": { "type": "Point", "coordinates": [ 72.5946267, 23.1023326 ] } },
{ "type": "Feature", "properties": { "element": "node", "id": 10959757849, "amenity": null, "shop": "yes", "name": "Puma" }, "geometry": { "type": "Point", "coordinates": [ 72.5955664, 23.1031162 ] } },
{ "type": "Feature", "properties": { "element": "node", "id": 10959757850, "amenity": null, "shop": "yes", "name": "Bata Store" }, "geometry": { "type": "Point", "coordinates": [ 72.5957005, 23.1027979 ] } },
{ "type": "Feature", "properties": { "element": "node", "id": 10959757851, "amenity": null, "shop": "yes", "name": "Arrow Clothing Store" }, "geometry": { "type": "Point", "coordinates": [ 72.595789, 23.1029015 ] } },
{ "type": "Feature", "properties": { "element": "node", "id": 10959757852, "amenity": "cinema", "shop": null, "name": "PVR Motera" }, "geometry": { "type": "Point", "coordinates": [ 72.595891100000017, 23.1030557 ] } },
{ "type": "Feature", "properties": { "element": "node", "id": 10978482174, "amenity": null, "shop": null, "name": "bharatkumar panchal" }, "geometry": { "type": "Point", "coordinates": [ 72.6250212, 22.9842958 ] } },
{ "type": "Feature", "properties": { "element": "node", "id": 11011114254, "amenity": "fire_station", "shop": null, "name": "Bopal Fire Station" }, "geometry": { "type": "Point", "coordinates": [ 72.4715447, 23.0125379 ] } },
{ "type": "Feature", "properties": { "element": "node", "id": 11065238610, "amenity": "bench", "shop": null, "name": null }, "geometry": { "type": "Point", "coordinates": [ 72.5123633, 23.013126 ] } },
{ "type": "Feature", "properties": { "element": "node", "id": 11065238611, "amenity": "bench", "shop": null, "name": null }, "geometry": { "type": "Point", "coordinates": [ 72.5123607, 23.0131556 ] } },
{ "type": "Feature", "properties": { "element": "node", "id": 11065238612, "amenity": "bench", "shop": null, "name": null }, "geometry": { "type": "Point", "coordinates": [ 72.5122929, 23.0131766 ] } },
{ "type": "Feature", "properties": { "element": "node", "id": 11065238613, "amenity": "bench", "shop": null, "name": null }, "geometry": { "type": "Point", "coordinates": [ 72.51227350000002, 23.0131711 ] } },
{ "type": "Feature", "properties": { "element": "node", "id": 11065238614, "amenity": "bench", "shop": null, "name": null }, "geometry": { "type": "Point", "coordinates": [ 72.5124009, 23.0134408 ] } },
{ "type": "Feature", "properties": { "element": "node", "id": 11083136960, "amenity": "doctors", "shop": null, "name": "Skinfluent Clinic" }, "geometry": { "type": "Point", "coordinates": [ 72.592102400000016, 23.0522056 ] } },
{ "type": "Feature", "properties": { "element": "node", "id": 11097501505, "amenity": "place_of_worship", "shop": null, "name": "Sidi Bashid mosque, the shaking minarets" }, "geometry": { "type": "Point", "coordinates": [ 72.5996961, 23.0237664 ] } },
{ "type": "Feature", "properties": { "element": "node", "id": 11119044788, "amenity": "doctors", "shop": null, "name": "Dr Alka Makwana - Arista Skin, Hair and Laser Clinic" }, "geometry": { "type": "Point", "coordinates": [ 72.5459217, 23.092598 ] } },
{ "type": "Feature", "properties": { "element": "node", "id": 11148571795, "amenity": "place_of_worship", "shop": null, "name": "Merudham" }, "geometry": { "type": "Point", "coordinates": [ 72.6162547, 23.1218834 ] } },
{ "type": "Feature", "properties": { "element": "node", "id": 11181690377, "amenity": null, "shop": null, "name": "Hotel Surya Villas by SrUrban Hotels" }, "geometry": { "type": "Point", "coordinates": [ 72.5520935, 23.041029 ] } },
{ "type": "Feature", "properties": { "element": "node", "id": 11181848879, "amenity": "college", "shop": null, "name": "Department of Animation, IT, IMS and Mobile Application" }, "geometry": { "type": "Point", "coordinates": [ 72.5453568, 23.0386219 ] } },
{ "type": "Feature", "properties": { "element": "node", "id": 11236499287, "amenity": null, "shop": null, "name": "Ahmedabad Technologies - CCTV" }, "geometry": { "type": "Point", "coordinates": [ 72.5784693, 22.9971605 ] } },
{ "type": "Feature", "properties": { "element": "node", "id": 11259129233, "amenity": "restaurant", "shop": null, "name": "BLUEBERRY RESTAURANT & BANQUET" }, "geometry": { "type": "Point", "coordinates": [ 72.6784893, 23.0416984 ] } },
{ "type": "Feature", "properties": { "element": "node", "id": 11277549799, "amenity": null, "shop": "alcohol", "name": "Permit Shop" }, "geometry": { "type": "Point", "coordinates": [ 72.514597, 23.0423693 ] } },
{ "type": "Feature", "properties": { "element": "node", "id": 11277586272, "amenity": null, "shop": "alcohol", "name": "Permit Shop" }, "geometry": { "type": "Point", "coordinates": [ 72.5766929, 23.0318963 ] } },
{ "type": "Feature", "properties": { "element": "node", "id": 11277587458, "amenity": null, "shop": "alcohol", "name": "Permit Shop" }, "geometry": { "type": "Point", "coordinates": [ 72.5640345, 23.030564 ] } },
{ "type": "Feature", "properties": { "element": "node", "id": 11277587923, "amenity": null, "shop": "alcohol", "name": "Permit Shop" }, "geometry": { "type": "Point", "coordinates": [ 72.5763187, 23.0334082 ] } },
{ "type": "Feature", "properties": { "element": "node", "id": 11277592072, "amenity": null, "shop": "alcohol", "name": "Permit Shop" }, "geometry": { "type": "Point", "coordinates": [ 72.5675542, 23.0221573 ] } },
{ "type": "Feature", "properties": { "element": "node", "id": 11277619641, "amenity": null, "shop": "alcohol", "name": "Permit Shop" }, "geometry": { "type": "Point", "coordinates": [ 72.560205, 23.0353514 ] } },
{ "type": "Feature", "properties": { "element": "node", "id": 11277641604, "amenity": null, "shop": "alcohol", "name": "Permit Shop" }, "geometry": { "type": "Point", "coordinates": [ 72.5048678, 23.0106832 ] } },
{ "type": "Feature", "properties": { "element": "node", "id": 11278801921, "amenity": null, "shop": "alcohol", "name": "Permit Shop" }, "geometry": { "type": "Point", "coordinates": [ 72.5043286, 23.01499 ] } },
{ "type": "Feature", "properties": { "element": "node", "id": 11278820418, "amenity": null, "shop": "alcohol", "name": "Permit Shop" }, "geometry": { "type": "Point", "coordinates": [ 72.5304465, 23.0393771 ] } },
{ "type": "Feature", "properties": { "element": "node", "id": 11278823372, "amenity": null, "shop": "alcohol", "name": "Permit Shop" }, "geometry": { "type": "Point", "coordinates": [ 72.5073271, 23.0240019 ] } },
{ "type": "Feature", "properties": { "element": "node", "id": 11278825163, "amenity": null, "shop": "alcohol", "name": "Permit Shop" }, "geometry": { "type": "Point", "coordinates": [ 72.5121247, 23.027837 ] } },
{ "type": "Feature", "properties": { "element": "node", "id": 11278833442, "amenity": null, "shop": "alcohol", "name": "Permit Shop" }, "geometry": { "type": "Point", "coordinates": [ 72.5841727, 23.0653464 ] } },
{ "type": "Feature", "properties": { "element": "node", "id": 11278844232, "amenity": null, "shop": "alcohol", "name": "Permit Shop" }, "geometry": { "type": "Point", "coordinates": [ 72.508121100000011, 23.0459841 ] } },
{ "type": "Feature", "properties": { "element": "node", "id": 11278858309, "amenity": null, "shop": "alcohol", "name": "Permit Shop" }, "geometry": { "type": "Point", "coordinates": [ 72.4820573, 23.044182 ] } },
{ "type": "Feature", "properties": { "element": "node", "id": 11278859066, "amenity": null, "shop": "alcohol", "name": "Permit Shop" }, "geometry": { "type": "Point", "coordinates": [ 72.570414, 23.0477803 ] } },
{ "type": "Feature", "properties": { "element": "node", "id": 11278863976, "amenity": null, "shop": "alcohol", "name": "Permit Shop" }, "geometry": { "type": "Point", "coordinates": [ 72.629092, 23.1121131 ] } },
{ "type": "Feature", "properties": { "element": "node", "id": 11278874172, "amenity": null, "shop": "alcohol", "name": "Permit Shop" }, "geometry": { "type": "Point", "coordinates": [ 72.6166076, 23.0826062 ] } },
{ "type": "Feature", "properties": { "element": "node", "id": 11290225014, "amenity": "doctors", "shop": null, "name": "Dr. Arora's Orthodontic & Dental Clinic" }, "geometry": { "type": "Point", "coordinates": [ 72.5952869, 23.1089092 ] } },
{ "type": "Feature", "properties": { "element": "node", "id": 11300307469, "amenity": null, "shop": "mall", "name": "Palladium Mall" }, "geometry": { "type": "Point", "coordinates": [ 72.5208841, 23.0581218 ] } },
{ "type": "Feature", "properties": { "element": "node", "id": 11394064857, "amenity": null, "shop": null, "name": "Branch No 2/837 Life Insurance Corporation of India" }, "geometry": { "type": "Point", "coordinates": [ 72.5343533, 23.0240146 ] } },
{ "type": "Feature", "properties": { "element": "node", "id": 11419836108, "amenity": "cafe", "shop": null, "name": "Scoop N Munch" }, "geometry": { "type": "Point", "coordinates": [ 72.550230700000014, 23.1361303 ] } },
{ "type": "Feature", "properties": { "element": "node", "id": 11442870111, "amenity": "dentist", "shop": null, "name": "House Of Teeth" }, "geometry": { "type": "Point", "coordinates": [ 72.5723303, 23.1215655 ] } },
{ "type": "Feature", "properties": { "element": "node", "id": 11443386624, "amenity": "school", "shop": null, "name": "H3 World School" }, "geometry": { "type": "Point", "coordinates": [ 72.562771, 23.1273816 ] } },
{ "type": "Feature", "properties": { "element": "node", "id": 11508342774, "amenity": null, "shop": null, "name": "Om securities" }, "geometry": { "type": "Point", "coordinates": [ 72.5014511, 23.0790852 ] } },
{ "type": "Feature", "properties": { "element": "node", "id": 11539673209, "amenity": "fast_food", "shop": null, "name": "Sakha Surti Locho & Rasawala Khaman" }, "geometry": { "type": "Point", "coordinates": [ 72.6106967, 22.9782788 ] } },
{ "type": "Feature", "properties": { "element": "node", "id": 11545552868, "amenity": "atm", "shop": null, "name": "Indusind Bank ATM" }, "geometry": { "type": "Point", "coordinates": [ 72.6235194, 23.0747717 ] } },
{ "type": "Feature", "properties": { "element": "node", "id": 11545595769, "amenity": "atm", "shop": null, "name": "Dena Bank ATM" }, "geometry": { "type": "Point", "coordinates": [ 72.6206597, 23.0725319 ] } },
{ "type": "Feature", "properties": { "element": "node", "id": 11563630520, "amenity": "restaurant", "shop": null, "name": "Dosawala" }, "geometry": { "type": "Point", "coordinates": [ 72.576195, 23.0681879 ] } },
{ "type": "Feature", "properties": { "element": "node", "id": 11572772596, "amenity": null, "shop": null, "name": "Kunvarji Realty Advisors" }, "geometry": { "type": "Point", "coordinates": [ 72.498625700000019, 22.9937872 ] } },
{ "type": "Feature", "properties": { "element": "node", "id": 11575789971, "amenity": "cafe", "shop": null, "name": "Stallions Cafe" }, "geometry": { "type": "Point", "coordinates": [ 72.4878637, 23.0843166 ] } },
{ "type": "Feature", "properties": { "element": "node", "id": 11600330671, "amenity": null, "shop": null, "name": "Kailash Tower" }, "geometry": { "type": "Point", "coordinates": [ 72.5607224, 23.0403035 ] } },
{ "type": "Feature", "properties": { "element": "node", "id": 11631472492, "amenity": null, "shop": null, "name": "kalrav villa" }, "geometry": { "type": "Point", "coordinates": [ 72.4449298, 23.0837381 ] } },
{ "type": "Feature", "properties": { "element": "node", "id": 11661742069, "amenity": null, "shop": null, "name": "Marshall" }, "geometry": { "type": "Point", "coordinates": [ 72.5992998, 23.0300339 ] } },
{ "type": "Feature", "properties": { "element": "node", "id": 11703829051, "amenity": null, "shop": "hairdresser", "name": "Emprado Salon Nails Academy" }, "geometry": { "type": "Point", "coordinates": [ 72.6599116, 23.0692579 ] } },
{ "type": "Feature", "properties": { "element": "node", "id": 11716845862, "amenity": null, "shop": "computer", "name": "HP World" }, "geometry": { "type": "Point", "coordinates": [ 72.5301999, 23.0253774 ] } },
{ "type": "Feature", "properties": { "element": "node", "id": 11724303079, "amenity": "restaurant", "shop": null, "name": "1944 The Hocco Kitchen" }, "geometry": { "type": "Point", "coordinates": [ 72.677257900000015, 23.0381383 ] } },
{ "type": "Feature", "properties": { "element": "node", "id": 11741415630, "amenity": null, "shop": "mobile_phone", "name": "FONEBOOK RTO SUBHASHBRIDGE" }, "geometry": { "type": "Point", "coordinates": [ 72.5838669, 23.0664532 ] } },
{ "type": "Feature", "properties": { "element": "node", "id": 11773753701, "amenity": "cafe", "shop": null, "name": "The Gyan Café" }, "geometry": { "type": "Point", "coordinates": [ 72.5379754, 23.1048411 ] } },
{ "type": "Feature", "properties": { "element": "node", "id": 11774987570, "amenity": null, "shop": null, "name": "Time Square 1" }, "geometry": { "type": "Point", "coordinates": [ 72.5013169, 23.0498446 ] } },
{ "type": "Feature", "properties": { "element": "node", "id": 11779942427, "amenity": null, "shop": "yes", "name": "Ishwarkrupa Emporium" }, "geometry": { "type": "Point", "coordinates": [ 72.5156419, 23.0095524 ] } },
{ "type": "Feature", "properties": { "element": "node", "id": 11780256552, "amenity": null, "shop": null, "name": "Kunvarji Finstock Pvt Ltd" }, "geometry": { "type": "Point", "coordinates": [ 72.4988477, 22.9937755 ] } },
{ "type": "Feature", "properties": { "element": "node", "id": 11787243176, "amenity": null, "shop": "electrical", "name": "Ahmedabad Power Tools" }, "geometry": { "type": "Point", "coordinates": [ 72.51399, 22.9917085 ] } },
{ "type": "Feature", "properties": { "element": "node", "id": 11792825426, "amenity": "restaurant", "shop": null, "name": "Dinchuiliu Vidhani Kitchen" }, "geometry": { "type": "Point", "coordinates": [ 72.6421901, 23.0721192 ] } },
{ "type": "Feature", "properties": { "element": "node", "id": 11801928106, "amenity": null, "shop": "yes", "name": "Ladies & Gents Tailors" }, "geometry": { "type": "Point", "coordinates": [ 72.5273517, 23.0353456 ] } },
{ "type": "Feature", "properties": { "element": "node", "id": 11871701051, "amenity": null, "shop": null, "name": "SAI Group Badminton Court" }, "geometry": { "type": "Point", "coordinates": [ 72.641017800000014, 23.0519597 ] } },
{ "type": "Feature", "properties": { "element": "node", "id": 11900351768, "amenity": "hospital", "shop": null, "name": "ADORN Cosmetic Clinic" }, "geometry": { "type": "Point", "coordinates": [ 72.527325, 23.0255598 ] } },
{ "type": "Feature", "properties": { "element": "node", "id": 11900380051, "amenity": "hospital", "shop": null, "name": "ADORN AESTHETIC CLINIC" }, "geometry": { "type": "Point", "coordinates": [ 72.5509537, 23.0226039 ] } },
{ "type": "Feature", "properties": { "element": "node", "id": 11925677537, "amenity": null, "shop": null, "name": "Mint Academy for Hair - Beauty - Makeup" }, "geometry": { "type": "Point", "coordinates": [ 72.5602759, 23.0345783 ] } },
{ "type": "Feature", "properties": { "element": "node", "id": 11936675846, "amenity": null, "shop": null, "name": null }, "geometry": { "type": "Point", "coordinates": [ 72.5721168, 23.0293476 ] } },
{ "type": "Feature", "properties": { "element": "node", "id": 11947512969, "amenity": null, "shop": null, "name": "Riverfront Cycling Track Entrance 1" }, "geometry": { "type": "Point", "coordinates": [ 72.5899698, 23.0619102 ] } },
{ "type": "Feature", "properties": { "element": "node", "id": 11986210790, "amenity": "fast_food", "shop": null, "name": "HL Frankie" }, "geometry": { "type": "Point", "coordinates": [ 72.4646557, 23.0162491 ] } },
{ "type": "Feature", "properties": { "element": "node", "id": 12016441172, "amenity": "hospital", "shop": null, "name": "TEJASYA ORTHOPAEDIC HOSPITAL - DR RAVI PATEL orthopaedic surgeon" }, "geometry": { "type": "Point", "coordinates": [ 72.6701157, 23.0497137 ] } },
{ "type": "Feature", "properties": { "element": "node", "id": 12041481374, "amenity": null, "shop": "yes", "name": "Navkar traders" }, "geometry": { "type": "Point", "coordinates": [ 72.5548427, 23.0775587 ] } },
{ "type": "Feature", "properties": { "element": "node", "id": 12055091288, "amenity": "clinic", "shop": null, "name": "Trisha Hospital" }, "geometry": { "type": "Point", "coordinates": [ 72.5594745, 23.0731673 ] } },
{ "type": "Feature", "properties": { "element": "node", "id": 12065744903, "amenity": "restaurant", "shop": null, "name": "Hotel Sarvottam" }, "geometry": { "type": "Point", "coordinates": [ 72.4188332, 22.9853909 ] } },
{ "type": "Feature", "properties": { "element": "node", "id": 12072205472, "amenity": null, "shop": null, "name": "Olivewoods Club House" }, "geometry": { "type": "Point", "coordinates": [ 72.4461408, 23.0609759 ] } },
{ "type": "Feature", "properties": { "element": "node", "id": 12092227895, "amenity": "fountain", "shop": null, "name": "Nanavatty Fountaion" }, "geometry": { "type": "Point", "coordinates": [ 72.5785585, 23.0216852 ] } },
{ "type": "Feature", "properties": { "element": "node", "id": 12092227896, "amenity": null, "shop": null, "name": "Lokmanya Tilak Statue" }, "geometry": { "type": "Point", "coordinates": [ 72.5793844, 23.0216455 ] } },
{ "type": "Feature", "properties": { "element": "node", "id": 12092227897, "amenity": null, "shop": null, "name": "Queen Victoria statue canopy" }, "geometry": { "type": "Point", "coordinates": [ 72.5789186, 23.0216418 ] } },
{ "type": "Feature", "properties": { "element": "node", "id": 12092227899, "amenity": "place_of_worship", "shop": null, "name": null }, "geometry": { "type": "Point", "coordinates": [ 72.5779033, 23.0211015 ] } },
{ "type": "Feature", "properties": { "element": "node", "id": 12092227907, "amenity": null, "shop": null, "name": null }, "geometry": { "type": "Point", "coordinates": [ 72.5790459, 23.0207266 ] } },
{ "type": "Feature", "properties": { "element": "node", "id": 12092227908, "amenity": "toilets", "shop": null, "name": null }, "geometry": { "type": "Point", "coordinates": [ 72.5788756, 23.0205502 ] } },
{ "type": "Feature", "properties": { "element": "node", "id": 12092227909, "amenity": null, "shop": null, "name": null }, "geometry": { "type": "Point", "coordinates": [ 72.5792544, 23.0205528 ] } },
{ "type": "Feature", "properties": { "element": "node", "id": 12092227910, "amenity": "place_of_worship", "shop": null, "name": "Dargah" }, "geometry": { "type": "Point", "coordinates": [ 72.5798769, 23.021186 ] } },
{ "type": "Feature", "properties": { "element": "node", "id": 12092227911, "amenity": null, "shop": null, "name": null }, "geometry": { "type": "Point", "coordinates": [ 72.5794691, 23.0212386 ] } },
{ "type": "Feature", "properties": { "element": "node", "id": 12097139302, "amenity": null, "shop": null, "name": null }, "geometry": { "type": "Point", "coordinates": [ 72.5369824, 23.0495992 ] } },
{ "type": "Feature", "properties": { "element": "node", "id": 12165401782, "amenity": null, "shop": null, "name": "Iskcon Garden" }, "geometry": { "type": "Point", "coordinates": [ 72.5062996, 23.0287739 ] } },
{ "type": "Feature", "properties": { "element": "node", "id": 12165401787, "amenity": null, "shop": "convenience", "name": "Amul Parlour" }, "geometry": { "type": "Point", "coordinates": [ 72.503133, 23.0277968 ] } },
{ "type": "Feature", "properties": { "element": "node", "id": 12174827210, "amenity": null, "shop": null, "name": "British Deputy High Commission" }, "geometry": { "type": "Point", "coordinates": [ 72.5119449, 23.0277667 ] } },
{ "type": "Feature", "properties": { "element": "node", "id": 12196641367, "amenity": null, "shop": null, "name": null }, "geometry": { "type": "Point", "coordinates": [ 72.6378894, 23.1423393 ] } },
{ "type": "Feature", "properties": { "element": "node", "id": 12253013437, "amenity": null, "shop": null, "name": "Ganesh Glory" }, "geometry": { "type": "Point", "coordinates": [ 72.5414761, 23.1134254 ] } },
{ "type": "Feature", "properties": { "element": "node", "id": 12253947237, "amenity": null, "shop": null, "name": "Dr. Parth Amin (ENT Specialist) Mediheal Hospital" }, "geometry": { "type": "Point", "coordinates": [ 72.5017605, 23.0797582 ] } },
{ "type": "Feature", "properties": { "element": "node", "id": 12281064418, "amenity": null, "shop": null, "name": "SatLeo Labs Pvt. Ltd." }, "geometry": { "type": "Point", "coordinates": [ 72.5301693, 23.0284745 ] } },
{ "type": "Feature", "properties": { "element": "node", "id": 12281064441, "amenity": null, "shop": null, "name": "DARSHAN DAVE & ASSOCIATES" }, "geometry": { "type": "Point", "coordinates": [ 72.5185866, 23.0768356 ] } },
{ "type": "Feature", "properties": { "element": "node", "id": 12326909488, "amenity": "atm", "shop": null, "name": null }, "geometry": { "type": "Point", "coordinates": [ 72.6031889, 22.982501 ] } },
{ "type": "Feature", "properties": { "element": "node", "id": 12326909489, "amenity": null, "shop": "pastry", "name": "Monginis" }, "geometry": { "type": "Point", "coordinates": [ 72.6024617, 22.9837455 ] } },
{ "type": "Feature", "properties": { "element": "node", "id": 12326909490, "amenity": null, "shop": "bakery", "name": "Purezr Live Cake & Bakery" }, "geometry": { "type": "Point", "coordinates": [ 72.6023829, 22.9838943 ] } },
{ "type": "Feature", "properties": { "element": "node", "id": 12326909491, "amenity": null, "shop": "bakery", "name": "Cake 'N' Joy" }, "geometry": { "type": "Point", "coordinates": [ 72.6023132, 22.9839887 ] } },
{ "type": "Feature", "properties": { "element": "node", "id": 12326909492, "amenity": "dentist", "shop": null, "name": "Kanishka Dental Care" }, "geometry": { "type": "Point", "coordinates": [ 72.6030869, 22.987244 ] } },
{ "type": "Feature", "properties": { "element": "node", "id": 12468530211, "amenity": null, "shop": null, "name": "Riverfront Promonade Entrence" }, "geometry": { "type": "Point", "coordinates": [ 72.5867674, 23.0602824 ] } },
{ "type": "Feature", "properties": { "element": "node", "id": 12468625486, "amenity": "toilets", "shop": null, "name": null }, "geometry": { "type": "Point", "coordinates": [ 72.5878043, 23.0605224 ] } },
{ "type": "Feature", "properties": { "element": "node", "id": 12468661155, "amenity": null, "shop": null, "name": "Riverfront Cycling Track Entrance" }, "geometry": { "type": "Point", "coordinates": [ 72.5874652, 23.0606252 ] } },
{ "type": "Feature", "properties": { "element": "node", "id": 12498012667, "amenity": null, "shop": null, "name": "Ganesh Glory 11" }, "geometry": { "type": "Point", "coordinates": [ 72.5404916, 23.1136923 ] } },
{ "type": "Feature", "properties": { "element": "node", "id": 12526016934, "amenity": null, "shop": null, "name": "SEO Giants" }, "geometry": { "type": "Point", "coordinates": [ 72.529108, 23.0397947 ] } },
{ "type": "Feature", "properties": { "element": "node", "id": 12526081066, "amenity": "fuel", "shop": null, "name": "Indian Oil" }, "geometry": { "type": "Point", "coordinates": [ 72.5562557, 23.0575051 ] } },
{ "type": "Feature", "properties": { "element": "node", "id": 12550809445, "amenity": null, "shop": null, "name": "Pixiophile Solution Pvt. Ltd." }, "geometry": { "type": "Point", "coordinates": [ 72.6564363, 23.089707 ] } },
{ "type": "Feature", "properties": { "element": "node", "id": 12590599051, "amenity": "cafe", "shop": null, "name": "The dark roast" }, "geometry": { "type": "Point", "coordinates": [ 72.5033515, 23.0124903 ] } },
{ "type": "Feature", "properties": { "element": "node", "id": 12612330652, "amenity": null, "shop": "garden_centre", "name": "divya farm & nursery" }, "geometry": { "type": "Point", "coordinates": [ 72.5307212, 23.0606654 ] } },
{ "type": "Feature", "properties": { "element": "node", "id": 12612330653, "amenity": null, "shop": "garden_centre", "name": "green gujarat nursery" }, "geometry": { "type": "Point", "coordinates": [ 72.5217051, 23.055172 ] } },
{ "type": "Feature", "properties": { "element": "node", "id": 12612346226, "amenity": null, "shop": "garden_centre", "name": "sankat mochan nursery" }, "geometry": { "type": "Point", "coordinates": [ 72.5147718, 23.037706 ] } },
{ "type": "Feature", "properties": { "element": "node", "id": 12612359608, "amenity": null, "shop": "garden_centre", "name": "Naidu nursery" }, "geometry": { "type": "Point", "coordinates": [ 72.504409, 23.0273673 ] } },
{ "type": "Feature", "properties": { "element": "node", "id": 12612422003, "amenity": null, "shop": "garden_centre", "name": "lav kush nursery" }, "geometry": { "type": "Point", "coordinates": [ 72.4887609, 23.0258931 ] } },
{ "type": "Feature", "properties": { "element": "node", "id": 12612453818, "amenity": null, "shop": "garden_centre", "name": "Plant zone Nursery & Farm" }, "geometry": { "type": "Point", "coordinates": [ 72.6172259, 23.117548 ] } },
{ "type": "Feature", "properties": { "element": "node", "id": 12612453819, "amenity": null, "shop": "garden_centre", "name": "VRUNDAVAN NURSERY & PLANTATION" }, "geometry": { "type": "Point", "coordinates": [ 72.5722381, 23.0677935 ] } },
{ "type": "Feature", "properties": { "element": "node", "id": 12612453820, "amenity": null, "shop": "garden_centre", "name": "ALPESH NURSERY" }, "geometry": { "type": "Point", "coordinates": [ 72.5953182, 23.0486272 ] } },
{ "type": "Feature", "properties": { "element": "node", "id": 12612453821, "amenity": null, "shop": "garden_centre", "name": "Zalak Nursery" }, "geometry": { "type": "Point", "coordinates": [ 72.5122509, 23.1211873 ] } },
{ "type": "Feature", "properties": { "element": "node", "id": 12612453822, "amenity": null, "shop": "garden_centre", "name": "Madhuvan Nursery" }, "geometry": { "type": "Point", "coordinates": [ 72.6828073, 23.1299058 ] } },
{ "type": "Feature", "properties": { "element": "node", "id": 12612453823, "amenity": null, "shop": "garden_centre", "name": "Mother Nature" }, "geometry": { "type": "Point", "coordinates": [ 72.5546905, 23.0550602 ] } },
{ "type": "Feature", "properties": { "element": "node", "id": 12612477934, "amenity": null, "shop": "garden_centre", "name": "UMAROSE NURSERY GOTA" }, "geometry": { "type": "Point", "coordinates": [ 72.5289342, 23.0951277 ] } },
{ "type": "Feature", "properties": { "element": "node", "id": 12612477935, "amenity": null, "shop": "garden_centre", "name": "Dharti Horticulture Nursery & Farm" }, "geometry": { "type": "Point", "coordinates": [ 72.5318893, 23.1360644 ] } },
{ "type": "Feature", "properties": { "element": "node", "id": 12612477936, "amenity": null, "shop": "garden_centre", "name": "Maurya Nursery" }, "geometry": { "type": "Point", "coordinates": [ 72.5872655, 23.113362 ] } },
{ "type": "Feature", "properties": { "element": "node", "id": 12612477937, "amenity": null, "shop": "garden_centre", "name": "Gauri Plants Nursery Farm" }, "geometry": { "type": "Point", "coordinates": [ 72.5660508, 23.1336148 ] } },
{ "type": "Feature", "properties": { "element": "node", "id": 12612477938, "amenity": null, "shop": "garden_centre", "name": "Shree Satyanarayan Nursery And Farm" }, "geometry": { "type": "Point", "coordinates": [ 72.4212172, 23.0170888 ] } },
{ "type": "Feature", "properties": { "element": "node", "id": 12747156988, "amenity": "parking_entrance", "shop": null, "name": null }, "geometry": { "type": "Point", "coordinates": [ 72.6348344, 23.165303 ] } },
{ "type": "Feature", "properties": { "element": "node", "id": 12770326645, "amenity": "restaurant", "shop": null, "name": "Honest Restaurant" }, "geometry": { "type": "Point", "coordinates": [ 72.465052700000015, 23.0309116 ] } },
{ "type": "Feature", "properties": { "element": "node", "id": 12770326646, "amenity": "parking", "shop": null, "name": null }, "geometry": { "type": "Point", "coordinates": [ 72.4762188, 23.0169826 ] } },
{ "type": "Feature", "properties": { "element": "node", "id": 12771465191, "amenity": "school", "shop": null, "name": "Anand Niketan School Sarkhej" }, "geometry": { "type": "Point", "coordinates": [ 72.4823886, 22.9892365 ] } },
{ "type": "Feature", "properties": { "element": "node", "id": 12778806546, "amenity": "restaurant", "shop": null, "name": "Pizza Hut" }, "geometry": { "type": "Point", "coordinates": [ 72.4769539, 23.0267125 ] } },
{ "type": "Feature", "properties": { "element": "node", "id": 12809739186, "amenity": "restaurant", "shop": null, "name": "Timtim" }, "geometry": { "type": "Point", "coordinates": [ 72.5034854, 23.0362706 ] } },
{ "type": "Feature", "properties": { "element": "node", "id": 12809748225, "amenity": "cafe", "shop": null, "name": "Sambhar Cafe" }, "geometry": { "type": "Point", "coordinates": [ 72.4370691, 23.0334428 ] } },
{ "type": "Feature", "properties": { "element": "node", "id": 12813795918, "amenity": null, "shop": "herbalist", "name": "Kamdhenu Ayurvedic Stores" }, "geometry": { "type": "Point", "coordinates": [ 72.4694425, 23.0322943 ] } },
{ "type": "Feature", "properties": { "element": "node", "id": 12827631579, "amenity": "fast_food", "shop": null, "name": "Prakash Bhojnalaya" }, "geometry": { "type": "Point", "coordinates": [ 72.5901382, 23.078011 ] } },
{ "type": "Feature", "properties": { "element": "node", "id": 12827716388, "amenity": "toilets", "shop": null, "name": null }, "geometry": { "type": "Point", "coordinates": [ 72.5812297, 23.0607035 ] } },
{ "type": "Feature", "properties": { "element": "node", "id": 12827716390, "amenity": "toilets", "shop": null, "name": null }, "geometry": { "type": "Point", "coordinates": [ 72.580244, 23.0602174 ] } },
{ "type": "Feature", "properties": { "element": "node", "id": 12827716391, "amenity": "toilets", "shop": null, "name": null }, "geometry": { "type": "Point", "coordinates": [ 72.580252500000014, 23.0602262 ] } },
{ "type": "Feature", "properties": { "element": "node", "id": 12827716392, "amenity": "toilets", "shop": null, "name": null }, "geometry": { "type": "Point", "coordinates": [ 72.5812606, 23.0606706 ] } },
{ "type": "Feature", "properties": { "element": "node", "id": 12827716395, "amenity": null, "shop": "gift", "name": "Book Shop" }, "geometry": { "type": "Point", "coordinates": [ 72.5803907, 23.0599407 ] } },
{ "type": "Feature", "properties": { "element": "node", "id": 12827753534, "amenity": "atm", "shop": null, "name": null }, "geometry": { "type": "Point", "coordinates": [ 72.5001224, 23.0505708 ] } },
{ "type": "Feature", "properties": { "element": "node", "id": 12827753535, "amenity": "bank", "shop": null, "name": "HDFC Bank" }, "geometry": { "type": "Point", "coordinates": [ 72.499564400000011, 23.0506197 ] } },
{ "type": "Feature", "properties": { "element": "node", "id": 12827753536, "amenity": "restaurant", "shop": null, "name": "Sri Udupi" }, "geometry": { "type": "Point", "coordinates": [ 72.4992539, 23.0499932 ] } },
{ "type": "Feature", "properties": { "element": "node", "id": 12827753537, "amenity": "bank", "shop": null, "name": "Bank of Baroda" }, "geometry": { "type": "Point", "coordinates": [ 72.5000671, 23.05057 ] } },
{ "type": "Feature", "properties": { "element": "node", "id": 12827753538, "amenity": "bank", "shop": null, "name": "State Bank of India" }, "geometry": { "type": "Point", "coordinates": [ 72.4985842, 23.0502369 ] } },
{ "type": "Feature", "properties": { "element": "node", "id": 12827753539, "amenity": "atm", "shop": null, "name": null }, "geometry": { "type": "Point", "coordinates": [ 72.4985353, 23.0502383 ] } },
{ "type": "Feature", "properties": { "element": "node", "id": 12848354131, "amenity": "bank", "shop": null, "name": "HDFC Bank" }, "geometry": { "type": "Point", "coordinates": [ 72.4544201, 23.007867 ] } },
{ "type": "Feature", "properties": { "element": "node", "id": 12848354132, "amenity": "fast_food", "shop": null, "name": "Shriji Bombay Vada Pav" }, "geometry": { "type": "Point", "coordinates": [ 72.4746282, 23.0298827 ] } },
{ "type": "Feature", "properties": { "element": "node", "id": 12871031670, "amenity": "hospital", "shop": null, "name": "charvi Hospital" }, "geometry": { "type": "Point", "coordinates": [ 72.6715286, 22.9941963 ] } },
{ "type": "Feature", "properties": { "element": "node", "id": 12886030671, "amenity": null, "shop": "supermarket", "name": "Vardhman Group IND" }, "geometry": { "type": "Point", "coordinates": [ 72.6518607, 23.0504883 ] } },
{ "type": "Feature", "properties": { "element": "node", "id": 12912832864, "amenity": null, "shop": null, "name": null }, "geometry": { "type": "Point", "coordinates": [ 72.620684, 23.0592254 ] } },
{ "type": "Feature", "properties": { "element": "node", "id": 13039212537, "amenity": null, "shop": "electronics", "name": "Siddhi Computer and Mobile" }, "geometry": { "type": "Point", "coordinates": [ 72.5188982, 23.0131511 ] } },
{ "type": "Feature", "properties": { "element": "node", "id": 13041581330, "amenity": "fast_food", "shop": null, "name": "McDonald's" }, "geometry": { "type": "Point", "coordinates": [ 72.55691, 23.0218259 ] } },
{ "type": "Feature", "properties": { "element": "node", "id": 13041668531, "amenity": "fast_food", "shop": null, "name": "Burger King" }, "geometry": { "type": "Point", "coordinates": [ 72.5569853, 23.0217347 ] } },
{ "type": "Feature", "properties": { "element": "node", "id": 13041668532, "amenity": "fast_food", "shop": null, "name": "Taco Bell" }, "geometry": { "type": "Point", "coordinates": [ 72.5569528, 23.0217891 ] } },
{ "type": "Feature", "properties": { "element": "node", "id": 13041668533, "amenity": "fast_food", "shop": null, "name": "KFC" }, "geometry": { "type": "Point", "coordinates": [ 72.5570471, 23.0216444 ] } },
{ "type": "Feature", "properties": { "element": "node", "id": 13041668534, "amenity": "restaurant", "shop": null, "name": "Shri Maruti Nandan" }, "geometry": { "type": "Point", "coordinates": [ 72.5570151, 23.0216852 ] } },
{ "type": "Feature", "properties": { "element": "node", "id": 13059243501, "amenity": null, "shop": "grocery", "name": "MAHAVIR KIRANA STORE" }, "geometry": { "type": "Point", "coordinates": [ 72.5673346, 23.0150729 ] } },
{ "type": "Feature", "properties": { "element": "node", "id": 13120551561, "amenity": null, "shop": "general", "name": "Kerala Store" }, "geometry": { "type": "Point", "coordinates": [ 72.5272829, 23.0403711 ] } },
{ "type": "Feature", "properties": { "element": "node", "id": 13141074680, "amenity": "place_of_worship", "shop": null, "name": "Navi Masjid (Masjid-e-Nawab)" }, "geometry": { "type": "Point", "coordinates": [ 72.586788, 22.9957645 ] } },
{ "type": "Feature", "properties": { "element": "node", "id": 13146961826, "amenity": null, "shop": null, "name": "Tech Decade" }, "geometry": { "type": "Point", "coordinates": [ 72.5016478, 23.0799028 ] } },
{ "type": "Feature", "properties": { "element": "node", "id": 13302744602, "amenity": null, "shop": "fabric", "name": "Safa Collection" }, "geometry": { "type": "Point", "coordinates": [ 72.5868224, 23.0688643 ] } },
{ "type": "Feature", "properties": { "element": "node", "id": 13303121421, "amenity": "cinema", "shop": null, "name": "Home Theatre" }, "geometry": { "type": "Point", "coordinates": [ 72.5524785, 23.1359401 ] } },
{ "type": "Feature", "properties": { "element": "node", "id": 13303121422, "amenity": null, "shop": null, "name": "Indoor Games" }, "geometry": { "type": "Point", "coordinates": [ 72.5526662, 23.1356577 ] } },
{ "type": "Feature", "properties": { "element": "node", "id": 13303121423, "amenity": null, "shop": null, "name": "Gym" }, "geometry": { "type": "Point", "coordinates": [ 72.5524355, 23.135675 ] } },
{ "type": "Feature", "properties": { "element": "node", "id": 13316001429, "amenity": null, "shop": null, "name": "Atlyx" }, "geometry": { "type": "Point", "coordinates": [ 72.5028547, 23.0263028 ] } },
{ "type": "Feature", "properties": { "element": "node", "id": 13434133836, "amenity": "cafe", "shop": null, "name": "Kettl Cafe Sarkhej-Sanand Rd." }, "geometry": { "type": "Point", "coordinates": [ 72.4476696, 22.9876163 ] } },
{ "type": "Feature", "properties": { "element": "node", "id": 13446377303, "amenity": "restaurant", "shop": null, "name": "Open air food market" }, "geometry": { "type": "Point", "coordinates": [ 72.588879, 23.0233074 ] } },
{ "type": "Feature", "properties": { "element": "node", "id": 13465290621, "amenity": "fast_food", "shop": null, "name": "Domino's" }, "geometry": { "type": "Point", "coordinates": [ 72.6323612, 22.9912301 ] } },
{ "type": "Feature", "properties": { "element": "node", "id": 13576170081, "amenity": null, "shop": null, "name": "Zenkins Technologies Private Limited" }, "geometry": { "type": "Point", "coordinates": [ 72.6790066, 23.0430456 ] } },
{ "type": "Feature", "properties": { "element": "node", "id": 13629167852, "amenity": null, "shop": null, "name": "York IE APAC PVT LTD" }, "geometry": { "type": "Point", "coordinates": [ 72.4787052, 23.0245792 ] } },
{ "type": "Feature", "properties": { "element": "node", "id": 13645036801, "amenity": null, "shop": "jewelry", "name": "Calibre Jewels" }, "geometry": { "type": "Point", "coordinates": [ 72.52339, 23.0257723 ] } },
{ "type": "Feature", "properties": { "element": "node", "id": 13675036801, "amenity": null, "shop": "electrical", "name": "Tatva Enterprise" }, "geometry": { "type": "Point", "coordinates": [ 72.6396232, 23.0403387 ] } },
{ "type": "Feature", "properties": { "element": "node", "id": 13729496975, "amenity": null, "shop": null, "name": "The Noble Consultancy-2 BHK | 3 BHK | 4 BHK | Office | Shop premium property" }, "geometry": { "type": "Point", "coordinates": [ 72.5587865, 23.1143235 ] } },
{ "type": "Feature", "properties": { "element": "node", "id": 13765820001, "amenity": null, "shop": "fashion_accessories", "name": "JRK FASHION" }, "geometry": { "type": "Point", "coordinates": [ 72.5404836, 23.0564356 ] } },
{ "type": "Feature", "properties": { "element": "node", "id": 13826407401, "amenity": null, "shop": null, "name": "Einfochips(An Arrow Company)" }, "geometry": { "type": "Point", "coordinates": [ 72.505966, 23.1028142 ] } },
{ "type": "Feature", "properties": { "element": "node", "id": 13830120301, "amenity": null, "shop": "baby_goods", "name": "OH KIDS" }, "geometry": { "type": "Point", "coordinates": [ 72.6661964, 23.0505557 ] } },
{ "type": "Feature", "properties": { "element": "node", "id": 13830120302, "amenity": null, "shop": "baby_goods", "name": "OH KIDS 2" }, "geometry": { "type": "Point", "coordinates": [ 72.670321900000019, 23.0531521 ] } },
{ "type": "Feature", "properties": { "element": "node", "id": 13831008301, "amenity": null, "shop": null, "name": "Simandhar Park Society" }, "geometry": { "type": "Point", "coordinates": [ 72.5358445, 23.0686745 ] } },
{ "type": "Feature", "properties": { "element": "node", "id": 13831008302, "amenity": null, "shop": "dairy", "name": "Amal dairy" }, "geometry": { "type": "Point", "coordinates": [ 72.5359383, 23.0693093 ] } },
{ "type": "Feature", "properties": { "element": "node", "id": 13831008401, "amenity": "university", "shop": null, "name": "SAL University" }, "geometry": { "type": "Point", "coordinates": [ 72.4946486, 23.0835562 ] } },
{ "type": "Feature", "properties": { "element": "node", "id": 13911496601, "amenity": "restaurant", "shop": null, "name": "The fountain hotel" }, "geometry": { "type": "Point", "coordinates": [ 72.5678755, 23.1306578 ] } },
{ "type": "Feature", "properties": { "element": "node", "id": 13911496602, "amenity": null, "shop": "stationery", "name": "KB ROYAL" }, "geometry": { "type": "Point", "coordinates": [ 72.5717867, 23.120525 ] } },
{ "type": "Feature", "properties": { "element": "node", "id": 13911496801, "amenity": null, "shop": null, "name": "Parmeshwar 5" }, "geometry": { "type": "Point", "coordinates": [ 72.5733728, 23.1223913 ] } },
{ "type": "Feature", "properties": { "element": "node", "id": 13911502301, "amenity": null, "shop": "clothes", "name": "OWND" }, "geometry": { "type": "Point", "coordinates": [ 72.5674778, 23.1197257 ] } },
{ "type": "Feature", "properties": { "element": "node", "id": 13911503501, "amenity": null, "shop": null, "name": "Naniji's home" }, "geometry": { "type": "Point", "coordinates": [ 72.5672211, 23.1150163 ] } },
{ "type": "Feature", "properties": { "element": "node", "id": 13941764508, "amenity": "atm", "shop": null, "name": null }, "geometry": { "type": "Point", "coordinates": [ 72.6495632, 23.0836123 ] } },
{ "type": "Feature", "properties": { "element": "node", "id": 13941798001, "amenity": "school", "shop": null, "name": "Ahmedabad International School" }, "geometry": { "type": "Point", "coordinates": [ 72.5128675, 23.0341502 ] } },
{ "type": "Feature", "properties": { "element": "node", "id": 14006884835, "amenity": "hospital", "shop": null, "name": "Sheath hospital" }, "geometry": { "type": "Point", "coordinates": [ 72.55442, 23.00188 ] } },
{ "type": "Feature", "properties": { "element": "node", "id": 14014984331, "amenity": null, "shop": "supermarket", "name": "Reliance SMART Bazaar" }, "geometry": { "type": "Point", "coordinates": [ 72.6636914, 22.9880523 ] } },
{ "type": "Feature", "properties": { "element": "node", "id": 14018972712, "amenity": null, "shop": null, "name": "M&P IP Protectors" }, "geometry": { "type": "Point", "coordinates": [ 72.5696549, 23.0289631 ] } },
{ "type": "Feature", "properties": { "element": "node", "id": 14022544458, "amenity": "restaurant", "shop": null, "name": "ChaiG Cafe" }, "geometry": { "type": "Point", "coordinates": [ 72.5265342, 23.0760412 ] } },
{ "type": "Feature", "properties": { "element": "node", "id": 14050781461, "amenity": "drinking_water", "shop": null, "name": null }, "geometry": { "type": "Point", "coordinates": [ 72.5981165, 23.0987503 ] } },
{ "type": "Feature", "properties": { "element": "node", "id": 14050919496, "amenity": null, "shop": "convenience", "name": "Mukesh Provisional Store" }, "geometry": { "type": "Point", "coordinates": [ 72.6033136, 22.982454 ] } },
{ "type": "Feature", "properties": { "element": "node", "id": 14051232462, "amenity": null, "shop": "tea", "name": null }, "geometry": { "type": "Point", "coordinates": [ 72.687545, 23.0919062 ] } },
{ "type": "Feature", "properties": { "element": "node", "id": 14051465273, "amenity": "police", "shop": null, "name": "Paldi Police Station" }, "geometry": { "type": "Point", "coordinates": [ 72.5563695, 23.0065133 ] } },
{ "type": "Feature", "properties": { "element": "node", "id": 14051564170, "amenity": "toilets", "shop": null, "name": null }, "geometry": { "type": "Point", "coordinates": [ 72.5430576, 23.0228344 ] } },
{ "type": "Feature", "properties": { "element": "node", "id": 14055134801, "amenity": null, "shop": null, "name": "Akkomplish Consulting PVT. LTD." }, "geometry": { "type": "Point", "coordinates": [ 72.5073405, 23.0399266 ] } },
{ "type": "Feature", "properties": { "element": "node", "id": 14065371962, "amenity": null, "shop": "kiosk", "name": null }, "geometry": { "type": "Point", "coordinates": [ 72.5812041, 23.1665334 ] } },
{ "type": "Feature", "properties": { "element": "node", "id": 14065371978, "amenity": "place_of_worship", "shop": null, "name": null }, "geometry": { "type": "Point", "coordinates": [ 72.5802335, 23.1666045 ] } },
{ "type": "Feature", "properties": { "element": "node", "id": 14065378518, "amenity": null, "shop": "ticket", "name": null }, "geometry": { "type": "Point", "coordinates": [ 72.5795041, 23.1666858 ] } },
{ "type": "Feature", "properties": { "element": "node", "id": 14065378540, "amenity": null, "shop": "kiosk", "name": null }, "geometry": { "type": "Point", "coordinates": [ 72.580844, 23.16636 ] } },
{ "type": "Feature", "properties": { "element": "node", "id": 14065378546, "amenity": null, "shop": "dairy", "name": "Shree Akshar Dairy Parlour" }, "geometry": { "type": "Point", "coordinates": [ 72.5812828, 23.1668107 ] } },
{ "type": "Feature", "properties": { "element": "node", "id": 14065378548, "amenity": "place_of_worship", "shop": null, "name": null }, "geometry": { "type": "Point", "coordinates": [ 72.5906556, 23.0834381 ] } },
{ "type": "Feature", "properties": { "element": "node", "id": 14065378551, "amenity": null, "shop": "dairy", "name": "Radha Krishnan Enterprises" }, "geometry": { "type": "Point", "coordinates": [ 72.5811102, 23.166158 ] } },
{ "type": "Feature", "properties": { "element": "node", "id": 14065378595, "amenity": null, "shop": "dairy", "name": "Shri Adalaj (M.) Milk Producers Cooperative Society Ltd." }, "geometry": { "type": "Point", "coordinates": [ 72.5811497, 23.166253 ] } },
{ "type": "Feature", "properties": { "element": "node", "id": 14065537955, "amenity": "waste_basket", "shop": null, "name": null }, "geometry": { "type": "Point", "coordinates": [ 72.5797979, 23.1674608 ] } },
{ "type": "Feature", "properties": { "element": "node", "id": 14065537969, "amenity": null, "shop": "kiosk", "name": "Khushi Parlour" }, "geometry": { "type": "Point", "coordinates": [ 72.5803167, 23.1663592 ] } },
{ "type": "Feature", "properties": { "element": "node", "id": 14065537997, "amenity": null, "shop": null, "name": "Rudabai Stepwell with inscription" }, "geometry": { "type": "Point", "coordinates": [ 72.5796596, 23.1667256 ] } },
{ "type": "Feature", "properties": { "element": "node", "id": 14065559311, "amenity": null, "shop": null, "name": null }, "geometry": { "type": "Point", "coordinates": [ 72.5798065, 23.1666025 ] } },
{ "type": "Feature", "properties": { "element": "node", "id": 14065559314, "amenity": null, "shop": null, "name": "Adalaj Gram Panchayat" }, "geometry": { "type": "Point", "coordinates": [ 72.5807901, 23.1660948 ] } },
{ "type": "Feature", "properties": { "element": "node", "id": 14065559328, "amenity": "bench", "shop": null, "name": null }, "geometry": { "type": "Point", "coordinates": [ 72.5797439, 23.1671693 ] } },
{ "type": "Feature", "properties": { "element": "node", "id": 14065559335, "amenity": "bench", "shop": null, "name": null }, "geometry": { "type": "Point", "coordinates": [ 72.5797918, 23.16738 ] } },
{ "type": "Feature", "properties": { "element": "node", "id": 14065559343, "amenity": "drinking_water", "shop": null, "name": null }, "geometry": { "type": "Point", "coordinates": [ 72.57964250000002, 23.167004 ] } },
{ "type": "Feature", "properties": { "element": "node", "id": 14065559359, "amenity": "bench", "shop": null, "name": null }, "geometry": { "type": "Point", "coordinates": [ 72.5796446, 23.166784 ] } },
{ "type": "Feature", "properties": { "element": "node", "id": 14065592760, "amenity": "cafe", "shop": null, "name": "Wagh Bakri Tea Lounge" }, "geometry": { "type": "Point", "coordinates": [ 72.5603757, 23.0199395 ] } },
{ "type": "Feature", "properties": { "element": "node", "id": 14065980155, "amenity": "bank", "shop": null, "name": "Bank of India" }, "geometry": { "type": "Point", "coordinates": [ 72.5716252, 23.0231592 ] } },
{ "type": "Feature", "properties": { "element": "node", "id": 14065980179, "amenity": null, "shop": null, "name": "Downtown 104" }, "geometry": { "type": "Point", "coordinates": [ 72.5568345, 23.0249909 ] } },
{ "type": "Feature", "properties": { "element": "node", "id": 14065980182, "amenity": null, "shop": "dry_cleaning", "name": "Morden Dry Cleaners" }, "geometry": { "type": "Point", "coordinates": [ 72.5545048, 23.0188376 ] } },
{ "type": "Feature", "properties": { "element": "node", "id": 14066805543, "amenity": "place_of_worship", "shop": null, "name": null }, "geometry": { "type": "Point", "coordinates": [ 72.576312300000012, 23.0308947 ] } },
{ "type": "Feature", "properties": { "element": "node", "id": 14067660507, "amenity": "fast_food", "shop": null, "name": null }, "geometry": { "type": "Point", "coordinates": [ 72.5545306, 23.0195529 ] } },
{ "type": "Feature", "properties": { "element": "node", "id": 14067660509, "amenity": null, "shop": null, "name": null }, "geometry": { "type": "Point", "coordinates": [ 72.5559893, 23.0228193 ] } },
{ "type": "Feature", "properties": { "element": "node", "id": 14067660510, "amenity": null, "shop": null, "name": "Wagh Bakri Tea Group" }, "geometry": { "type": "Point", "coordinates": [ 72.5551291, 23.0192534 ] } },
{ "type": "Feature", "properties": { "element": "node", "id": 14067660513, "amenity": null, "shop": "car", "name": "Mercedes-Benz" }, "geometry": { "type": "Point", "coordinates": [ 72.5581558, 23.0195303 ] } },
{ "type": "Feature", "properties": { "element": "node", "id": 14067660517, "amenity": "toilets", "shop": null, "name": null }, "geometry": { "type": "Point", "coordinates": [ 72.5624253, 23.0185053 ] } },
{ "type": "Feature", "properties": { "element": "node", "id": 14067660518, "amenity": null, "shop": null, "name": "World Business House" }, "geometry": { "type": "Point", "coordinates": [ 72.5586789, 23.019842 ] } },
{ "type": "Feature", "properties": { "element": "node", "id": 14067660527, "amenity": "ice_cream", "shop": null, "name": "Asharfi" }, "geometry": { "type": "Point", "coordinates": [ 72.5539041, 23.0193387 ] } },
{ "type": "Feature", "properties": { "element": "node", "id": 14067660532, "amenity": "fuel", "shop": null, "name": "Bharat Petroleum" }, "geometry": { "type": "Point", "coordinates": [ 72.5594082, 23.0203023 ] } },
{ "type": "Feature", "properties": { "element": "node", "id": 14067660534, "amenity": "toilets", "shop": null, "name": null }, "geometry": { "type": "Point", "coordinates": [ 72.5629167, 23.0186853 ] } },
{ "type": "Feature", "properties": { "element": "node", "id": 14067660537, "amenity": "bank", "shop": null, "name": "HDFC Bank" }, "geometry": { "type": "Point", "coordinates": [ 72.5564797, 23.0188132 ] } },
{ "type": "Feature", "properties": { "element": "node", "id": 14067660538, "amenity": "bank", "shop": null, "name": "ICICI Bank" }, "geometry": { "type": "Point", "coordinates": [ 72.5560149, 23.0189203 ] } },
{ "type": "Feature", "properties": { "element": "node", "id": 14067660541, "amenity": null, "shop": "car", "name": "Tata" }, "geometry": { "type": "Point", "coordinates": [ 72.5556755, 23.0190872 ] } },
{ "type": "Feature", "properties": { "element": "node", "id": 14067660558, "amenity": "restaurant", "shop": null, "name": "Chandravilas Restaurant" }, "geometry": { "type": "Point", "coordinates": [ 72.5893682, 23.024425 ] } },
{ "type": "Feature", "properties": { "element": "node", "id": 14067660559, "amenity": null, "shop": null, "name": "Print Vision" }, "geometry": { "type": "Point", "coordinates": [ 72.5526896, 23.0201591 ] } },
{ "type": "Feature", "properties": { "element": "node", "id": 14067660564, "amenity": "bank", "shop": null, "name": "RBL Bank" }, "geometry": { "type": "Point", "coordinates": [ 72.5572489, 23.0193305 ] } },
{ "type": "Feature", "properties": { "element": "node", "id": 14067693723, "amenity": "toilets", "shop": null, "name": null }, "geometry": { "type": "Point", "coordinates": [ 72.5875161, 23.0240179 ] } },
{ "type": "Feature", "properties": { "element": "node", "id": 14067711774, "amenity": "place_of_worship", "shop": null, "name": null }, "geometry": { "type": "Point", "coordinates": [ 72.5892277, 23.0232412 ] } },
{ "type": "Feature", "properties": { "element": "node", "id": 14067711781, "amenity": "drinking_water", "shop": null, "name": null }, "geometry": { "type": "Point", "coordinates": [ 72.5870241, 23.0235265 ] } },
{ "type": "Feature", "properties": { "element": "node", "id": 14067711791, "amenity": "toilets", "shop": null, "name": null }, "geometry": { "type": "Point", "coordinates": [ 72.5891137, 23.0232081 ] } },
{ "type": "Feature", "properties": { "element": "node", "id": 14067711792, "amenity": "place_of_worship", "shop": null, "name": null }, "geometry": { "type": "Point", "coordinates": [ 72.590413, 23.021017 ] } },
{ "type": "Feature", "properties": { "element": "node", "id": 14067832703, "amenity": "fast_food", "shop": null, "name": "Girish" }, "geometry": { "type": "Point", "coordinates": [ 72.5893383, 23.0231796 ] } },
{ "type": "Feature", "properties": { "element": "node", "id": 14067832704, "amenity": "police", "shop": null, "name": "Manek Chowk Police Post" }, "geometry": { "type": "Point", "coordinates": [ 72.5889135, 23.0232072 ] } },
{ "type": "Feature", "properties": { "element": "node", "id": 14067832712, "amenity": "toilets", "shop": null, "name": "Smart Public Toilet" }, "geometry": { "type": "Point", "coordinates": [ 72.5883637, 23.0242738 ] } },
{ "type": "Feature", "properties": { "element": "node", "id": 14067832714, "amenity": "taxi", "shop": null, "name": null }, "geometry": { "type": "Point", "coordinates": [ 72.58969, 23.0230878 ] } },
{ "type": "Feature", "properties": { "element": "node", "id": 14067868304, "amenity": "post_box", "shop": null, "name": null }, "geometry": { "type": "Point", "coordinates": [ 72.5900046, 23.0200504 ] } },
{ "type": "Feature", "properties": { "element": "node", "id": 14067896016, "amenity": "place_of_worship", "shop": null, "name": null }, "geometry": { "type": "Point", "coordinates": [ 72.5700469, 23.0467024 ] } },
{ "type": "Feature", "properties": { "element": "node", "id": 14067896017, "amenity": null, "shop": null, "name": null }, "geometry": { "type": "Point", "coordinates": [ 72.5805053, 23.0604164 ] } },
{ "type": "Feature", "properties": { "element": "node", "id": 14068010751, "amenity": "cafe", "shop": null, "name": "Tea Post" }, "geometry": { "type": "Point", "coordinates": [ 72.5529727, 23.0213106 ] } },
{ "type": "Feature", "properties": { "element": "node", "id": 14068109490, "amenity": null, "shop": "laundry", "name": "Cleanfoldz" }, "geometry": { "type": "Point", "coordinates": [ 72.560623, 23.0379892 ] } },
{ "type": "Feature", "properties": { "element": "node", "id": 14068109491, "amenity": null, "shop": "clothes", "name": "Heritage Handicraft" }, "geometry": { "type": "Point", "coordinates": [ 72.5606096, 23.0379939 ] } },
{ "type": "Feature", "properties": { "element": "node", "id": 14068187988, "amenity": null, "shop": null, "name": "Atithi Hostel" }, "geometry": { "type": "Point", "coordinates": [ 72.5537784, 23.0200286 ] } },
{ "type": "Feature", "properties": { "element": "node", "id": 14068572207, "amenity": "cafe", "shop": null, "name": "Tim Hortons" }, "geometry": { "type": "Point", "coordinates": [ 72.6200504, 23.0727031 ] } },
{ "type": "Feature", "properties": { "element": "node", "id": 14068572211, "amenity": "fast_food", "shop": null, "name": "Domino's" }, "geometry": { "type": "Point", "coordinates": [ 72.6196753, 23.072229 ] } },
{ "type": "Feature", "properties": { "element": "node", "id": 14068572213, "amenity": "fast_food", "shop": null, "name": "The Poutinerie" }, "geometry": { "type": "Point", "coordinates": [ 72.6196443, 23.0720765 ] } },
{ "type": "Feature", "properties": { "element": "node", "id": 14068572219, "amenity": "cafe", "shop": null, "name": "Wagh Bakri Tea World" }, "geometry": { "type": "Point", "coordinates": [ 72.619648, 23.0721735 ] } },
{ "type": "Feature", "properties": { "element": "node", "id": 14068572222, "amenity": "fast_food", "shop": null, "name": "KFC" }, "geometry": { "type": "Point", "coordinates": [ 72.6197384, 23.072164 ] } },
{ "type": "Feature", "properties": { "element": "node", "id": 14101720501, "amenity": "cinema", "shop": null, "name": "Cinemax Shiv" }, "geometry": { "type": "Point", "coordinates": [ 72.5709696, 23.0313281 ] } },
{ "type": "Feature", "properties": { "element": "node", "id": 14102804257, "amenity": null, "shop": null, "name": "Atlas ML" }, "geometry": { "type": "Point", "coordinates": [ 72.5002781, 22.9956957 ] } },
{ "type": "Feature", "properties": { "element": "node", "id": 14124142852, "amenity": "clinic", "shop": null, "name": "Arthritis and Rheumatology clinic" }, "geometry": { "type": "Point", "coordinates": [ 72.5136501, 23.0739832 ] } },
{ "type": "Feature", "properties": { "element": "node", "id": 14134470019, "amenity": "place_of_worship", "shop": null, "name": "Shree Naklang Hanuman / Shree Naklang Mahadev" }, "geometry": { "type": "Point", "coordinates": [ 72.4732557, 23.0136158 ] } },
{ "type": "Feature", "properties": { "element": "node", "id": 14144313016, "amenity": "cafe", "shop": null, "name": "Gulabo and Co." }, "geometry": { "type": "Point", "coordinates": [ 72.5509087, 23.0415536 ] } },
{ "type": "Feature", "properties": { "element": "node", "id": 14162802592, "amenity": "hospital", "shop": null, "name": "Face Multispeciality Dental & Cosmetology Hospital Ahmedabad" }, "geometry": { "type": "Point", "coordinates": [ 72.5434148, 23.0196344 ] } },
{ "type": "Feature", "properties": { "element": "node", "id": 14174879125, "amenity": "hospital", "shop": null, "name": "Dr. Maulik Patwa" }, "geometry": { "type": "Point", "coordinates": [ 72.517488, 23.0587807 ] } },
{ "type": "Feature", "properties": { "element": "node", "id": 14193434001, "amenity": "fuel", "shop": null, "name": "Hindustan Petroleum Corporation Limited" }, "geometry": { "type": "Point", "coordinates": [ 72.5187745, 23.017725 ] } },
{ "type": "Feature", "properties": { "element": "relation", "id": 5461907, "amenity": "school", "shop": null, "name": "Divyapath Science School" }, "geometry": { "type": "Point", "coordinates": [ 72.542834453890634, 23.050799263937048 ] } },
{ "type": "Feature", "properties": { "element": "relation", "id": 6807852, "amenity": "place_of_worship", "shop": null, "name": "Dastur Kahn's Mosque" }, "geometry": { "type": "Point", "coordinates": [ 72.589232155514736, 23.017856701147814 ] } },
{ "type": "Feature", "properties": { "element": "relation", "id": 6807853, "amenity": "place_of_worship", "shop": null, "name": "Jama Masjid" }, "geometry": { "type": "Point", "coordinates": [ 72.586765806724955, 23.023832942122947 ] } },
{ "type": "Feature", "properties": { "element": "relation", "id": 6807854, "amenity": null, "shop": null, "name": "Mughli Bibi's Tomb" }, "geometry": { "type": "Point", "coordinates": [ 72.589110624658929, 23.023751840595242 ] } },
{ "type": "Feature", "properties": { "element": "relation", "id": 6807855, "amenity": "place_of_worship", "shop": null, "name": "Shree Swaminarayan Mandir Kalupur" }, "geometry": { "type": "Point", "coordinates": [ 72.591284148535678, 23.030050167644905 ] } },
{ "type": "Feature", "properties": { "element": "relation", "id": 7624340, "amenity": null, "shop": null, "name": "Samras Boy's Hostel" }, "geometry": { "type": "Point", "coordinates": [ 72.538586154858763, 23.037945536537286 ] } },
{ "type": "Feature", "properties": { "element": "relation", "id": 7624341, "amenity": null, "shop": null, "name": "Samras Girl's Hostel" }, "geometry": { "type": "Point", "coordinates": [ 72.539688875510919, 23.038039041310633 ] } },
{ "type": "Feature", "properties": { "element": "relation", "id": 7820820, "amenity": "courthouse", "shop": null, "name": "Gujarat High Court" }, "geometry": { "type": "Point", "coordinates": [ 72.52363500120687, 23.08042346165853 ] } },
{ "type": "Feature", "properties": { "element": "relation", "id": 7820889, "amenity": null, "shop": null, "name": "Institute of Management (Block - M)" }, "geometry": { "type": "Point", "coordinates": [ 72.54670663554613, 23.128939002989526 ] } },
{ "type": "Feature", "properties": { "element": "relation", "id": 7820903, "amenity": null, "shop": null, "name": "Institute of Law (Block -L)" }, "geometry": { "type": "Point", "coordinates": [ 72.544753094635809, 23.127592299137074 ] } },
{ "type": "Feature", "properties": { "element": "relation", "id": 7886142, "amenity": null, "shop": null, "name": "Hostel H1" }, "geometry": { "type": "Point", "coordinates": [ 72.627544947376876, 23.097831431064581 ] } },
{ "type": "Feature", "properties": { "element": "relation", "id": 7886143, "amenity": null, "shop": null, "name": "Hostel H2" }, "geometry": { "type": "Point", "coordinates": [ 72.62785256955182, 23.097932874732837 ] } },
{ "type": "Feature", "properties": { "element": "relation", "id": 7886144, "amenity": null, "shop": null, "name": "Hostel H3" }, "geometry": { "type": "Point", "coordinates": [ 72.628170614046425, 23.097965893365391 ] } },
{ "type": "Feature", "properties": { "element": "relation", "id": 7886145, "amenity": null, "shop": null, "name": "Hostel H4" }, "geometry": { "type": "Point", "coordinates": [ 72.628489675690716, 23.097917943375784 ] } },
{ "type": "Feature", "properties": { "element": "relation", "id": 13494554, "amenity": null, "shop": null, "name": null }, "geometry": { "type": "Point", "coordinates": [ 72.430982643702535, 22.961455220053168 ] } },
{ "type": "Feature", "properties": { "element": "relation", "id": 13560377, "amenity": null, "shop": null, "name": null }, "geometry": { "type": "Point", "coordinates": [ 72.503928502219068, 23.019671375329811 ] } },
{ "type": "Feature", "properties": { "element": "relation", "id": 14475442, "amenity": null, "shop": null, "name": null }, "geometry": { "type": "Point", "coordinates": [ 72.556449438119657, 23.021109988028378 ] } },
{ "type": "Feature", "properties": { "element": "relation", "id": 16135047, "amenity": "college", "shop": null, "name": "Indian Institute of Management Ahmedabad" }, "geometry": { "type": "Point", "coordinates": [ 72.535250054489609, 23.031441337130111 ] } },
{ "type": "Feature", "properties": { "element": "relation", "id": 16226611, "amenity": null, "shop": null, "name": "Institute of Pharmacy(P-block)" }, "geometry": { "type": "Point", "coordinates": [ 72.547776390963932, 23.12890598886953 ] } },
{ "type": "Feature", "properties": { "element": "relation", "id": 16252980, "amenity": null, "shop": null, "name": null }, "geometry": { "type": "Point", "coordinates": [ 72.453727035263071, 23.043395312759998 ] } },
{ "type": "Feature", "properties": { "element": "relation", "id": 17579352, "amenity": null, "shop": null, "name": null }, "geometry": { "type": "Point", "coordinates": [ 72.435720823942816, 23.018490298538463 ] } },
{ "type": "Feature", "properties": { "element": "relation", "id": 17664781, "amenity": null, "shop": null, "name": null }, "geometry": { "type": "Point", "coordinates": [ 72.647703985364686, 23.132114218560297 ] } },
{ "type": "Feature", "properties": { "element": "relation", "id": 17664782, "amenity": null, "shop": null, "name": "Ambedkar running ground" }, "geometry": { "type": "Point", "coordinates": [ 72.582811098345147, 23.103820673234985 ] } },
{ "type": "Feature", "properties": { "element": "relation", "id": 17680407, "amenity": null, "shop": null, "name": null }, "geometry": { "type": "Point", "coordinates": [ 72.660551401992436, 23.050437561597505 ] } },
{ "type": "Feature", "properties": { "element": "relation", "id": 17945513, "amenity": null, "shop": null, "name": null }, "geometry": { "type": "Point", "coordinates": [ 72.660969783026005, 22.987989764175886 ] } },
{ "type": "Feature", "properties": { "element": "relation", "id": 18429537, "amenity": null, "shop": null, "name": "Boys Hostel(H1)" }, "geometry": { "type": "Point", "coordinates": [ 72.54484797278775, 23.126638238822732 ] } },
{ "type": "Feature", "properties": { "element": "relation", "id": 18622554, "amenity": null, "shop": null, "name": "Gujarat University track" }, "geometry": { "type": "Point", "coordinates": [ 72.540880159950092, 23.040508469910716 ] } },
{ "type": "Feature", "properties": { "element": "relation", "id": 19945419, "amenity": null, "shop": null, "name": null }, "geometry": { "type": "Point", "coordinates": [ 72.548872960528897, 23.105003432733344 ] } },
{ "type": "Feature", "properties": { "element": "way", "id": 29333959, "amenity": null, "shop": null, "name": "Ranasan" }, "geometry": { "type": "Point", "coordinates": [ 72.67436941703042, 23.108652867752539 ] } },
{ "type": "Feature", "properties": { "element": "way", "id": 29353567, "amenity": null, "shop": null, "name": null }, "geometry": { "type": "Point", "coordinates": [ 72.63849331660137, 22.966385040654838 ] } },
{ "type": "Feature", "properties": { "element": "way", "id": 29355337, "amenity": null, "shop": null, "name": null }, "geometry": { "type": "Point", "coordinates": [ 72.650914856923407, 23.04038348487104 ] } },
{ "type": "Feature", "properties": { "element": "way", "id": 29387646, "amenity": null, "shop": null, "name": "Naroda" }, "geometry": { "type": "Point", "coordinates": [ 72.671431334293331, 23.082544220034197 ] } },
{ "type": "Feature", "properties": { "element": "way", "id": 29486598, "amenity": null, "shop": null, "name": "Vatwa Substation" }, "geometry": { "type": "Point", "coordinates": [ 72.586908531369019, 22.950588005231118 ] } },
{ "type": "Feature", "properties": { "element": "way", "id": 29490335, "amenity": null, "shop": null, "name": "Thaltej Electric Substation" }, "geometry": { "type": "Point", "coordinates": [ 72.517844117344268, 23.048974491867618 ] } },
{ "type": "Feature", "properties": { "element": "way", "id": 29490645, "amenity": null, "shop": null, "name": null }, "geometry": { "type": "Point", "coordinates": [ 72.548820115479842, 23.053480182524304 ] } },
{ "type": "Feature", "properties": { "element": "way", "id": 29492754, "amenity": null, "shop": null, "name": "AMGEN" }, "geometry": { "type": "Point", "coordinates": [ 72.593288570324518, 23.071507377955587 ] } },
{ "type": "Feature", "properties": { "element": "way", "id": 36964378, "amenity": "courthouse", "shop": null, "name": null }, "geometry": { "type": "Point", "coordinates": [ 72.52401694027553, 23.079877745898685 ] } },
{ "type": "Feature", "properties": { "element": "way", "id": 37231778, "amenity": "bus_station", "shop": null, "name": "Gita Mandir Bus Station" }, "geometry": { "type": "Point", "coordinates": [ 72.591793839262721, 23.015554640153606 ] } },
{ "type": "Feature", "properties": { "element": "way", "id": 49245077, "amenity": "college", "shop": null, "name": "National Institute of Design (NID)" }, "geometry": { "type": "Point", "coordinates": [ 72.570325200946769, 23.010434668654572 ] } },
{ "type": "Feature", "properties": { "element": "way", "id": 49396521, "amenity": null, "shop": null, "name": "Harkuvar Setanin Haveli" }, "geometry": { "type": "Point", "coordinates": [ 72.590663366985453, 23.025164450604422 ] } },
{ "type": "Feature", "properties": { "element": "way", "id": 49406376, "amenity": null, "shop": null, "name": null }, "geometry": { "type": "Point", "coordinates": [ 72.570136300002659, 23.01057210003637 ] } },
{ "type": "Feature", "properties": { "element": "way", "id": 49406385, "amenity": "arts_centre", "shop": null, "name": null }, "geometry": { "type": "Point", "coordinates": [ 72.569714849998107, 23.011495700004549 ] } },
{ "type": "Feature", "properties": { "element": "way", "id": 49406389, "amenity": null, "shop": null, "name": null }, "geometry": { "type": "Point", "coordinates": [ 72.570075473886959, 23.011146056795241 ] } },
{ "type": "Feature", "properties": { "element": "way", "id": 49406390, "amenity": "fast_food", "shop": null, "name": "Canteen" }, "geometry": { "type": "Point", "coordinates": [ 72.569054104935347, 23.011236996523834 ] } },
{ "type": "Feature", "properties": { "element": "way", "id": 49406391, "amenity": "parking", "shop": null, "name": null }, "geometry": { "type": "Point", "coordinates": [ 72.569135705298649, 23.011410948862121 ] } },
{ "type": "Feature", "properties": { "element": "way", "id": 49736665, "amenity": "marketplace", "shop": null, "name": "fruit and vegetable market" }, "geometry": { "type": "Point", "coordinates": [ 72.587061799994387, 23.023143550049824 ] } },
{ "type": "Feature", "properties": { "element": "way", "id": 50106155, "amenity": null, "shop": null, "name": "Hostel C" }, "geometry": { "type": "Point", "coordinates": [ 72.570139865503975, 23.008045689513299 ] } },
{ "type": "Feature", "properties": { "element": "way", "id": 50106156, "amenity": null, "shop": null, "name": "Hostel B" }, "geometry": { "type": "Point", "coordinates": [ 72.5702597533177, 23.008615001403196 ] } },
{ "type": "Feature", "properties": { "element": "way", "id": 80831910, "amenity": "restaurant", "shop": null, "name": "Students Mess" }, "geometry": { "type": "Point", "coordinates": [ 72.57043804952211, 23.008929187053376 ] } },
{ "type": "Feature", "properties": { "element": "way", "id": 80840207, "amenity": null, "shop": null, "name": "BBC" }, "geometry": { "type": "Point", "coordinates": [ 72.570407394107747, 23.008686840561165 ] } },
{ "type": "Feature", "properties": { "element": "way", "id": 82211155, "amenity": null, "shop": null, "name": "Volleyball Court" }, "geometry": { "type": "Point", "coordinates": [ 72.570055216222812, 23.008538802437094 ] } },
{ "type": "Feature", "properties": { "element": "way", "id": 82211156, "amenity": null, "shop": null, "name": "Hostel C" }, "geometry": { "type": "Point", "coordinates": [ 72.569984953806298, 23.008250072699632 ] } },
{ "type": "Feature", "properties": { "element": "way", "id": 85207833, "amenity": null, "shop": null, "name": "Adalaj Ni Vav" }, "geometry": { "type": "Point", "coordinates": [ 72.580095826611142, 23.16702381478904 ] } },
{ "type": "Feature", "properties": { "element": "way", "id": 85209617, "amenity": null, "shop": null, "name": "Netherlands Business Support Office" }, "geometry": { "type": "Point", "coordinates": [ 72.566795524908031, 23.034654205719345 ] } },
{ "type": "Feature", "properties": { "element": "way", "id": 85209894, "amenity": "restaurant", "shop": null, "name": "Patang - The Revolving Restaurant" }, "geometry": { "type": "Point", "coordinates": [ 72.572173276051089, 23.026351798120118 ] } },
{ "type": "Feature", "properties": { "element": "way", "id": 85210256, "amenity": null, "shop": null, "name": "House of MG" }, "geometry": { "type": "Point", "coordinates": [ 72.581569237021, 23.027100074185437 ] } },
{ "type": "Feature", "properties": { "element": "way", "id": 118694960, "amenity": null, "shop": null, "name": "Railway Stadium" }, "geometry": { "type": "Point", "coordinates": [ 72.590035387750831, 23.072613601954384 ] } },
{ "type": "Feature", "properties": { "element": "way", "id": 118695193, "amenity": "place_of_worship", "shop": null, "name": "Smriti Mandir" }, "geometry": { "type": "Point", "coordinates": [ 72.589637376580129, 23.080652119394969 ] } },
{ "type": "Feature", "properties": { "element": "way", "id": 118695624, "amenity": "police", "shop": null, "name": "Sabarmati Police Station" }, "geometry": { "type": "Point", "coordinates": [ 72.591625909219729, 23.085248115537368 ] } },
{ "type": "Feature", "properties": { "element": "way", "id": 118695846, "amenity": null, "shop": null, "name": "Sardar Patel Sports Complex" }, "geometry": { "type": "Point", "coordinates": [ 72.598154329631001, 23.092337480943868 ] } },
{ "type": "Feature", "properties": { "element": "way", "id": 118695847, "amenity": "college", "shop": null, "name": "Vishwakarma Government Engineering College, Chandkheda" }, "geometry": { "type": "Point", "coordinates": [ 72.594266570495236, 23.106128131034502 ] } },
{ "type": "Feature", "properties": { "element": "way", "id": 118696109, "amenity": "public_building", "shop": null, "name": "Regional Transport Office, Ahmedabad" }, "geometry": { "type": "Point", "coordinates": [ 72.58136489775012, 23.066723087952997 ] } },
{ "type": "Feature", "properties": { "element": "way", "id": 118696110, "amenity": "prison", "shop": null, "name": "Sabarmati Jail" }, "geometry": { "type": "Point", "coordinates": [ 72.584118381986258, 23.074895588087163 ] } },
{ "type": "Feature", "properties": { "element": "way", "id": 118696270, "amenity": "school", "shop": null, "name": "St Josheph School" }, "geometry": { "type": "Point", "coordinates": [ 72.569482199240895, 23.103894410860939 ] } },
{ "type": "Feature", "properties": { "element": "way", "id": 120327303, "amenity": "school", "shop": null, "name": "IP School" }, "geometry": { "type": "Point", "coordinates": [ 72.576322756604, 23.10599035168201 ] } },
{ "type": "Feature", "properties": { "element": "way", "id": 137989402, "amenity": null, "shop": null, "name": null }, "geometry": { "type": "Point", "coordinates": [ 72.574796313449269, 22.998062025941035 ] } },
{ "type": "Feature", "properties": { "element": "way", "id": 150633578, "amenity": "hospital", "shop": null, "name": "Shalby Hospital" }, "geometry": { "type": "Point", "coordinates": [ 72.506627697998866, 23.019016712620072 ] } },
{ "type": "Feature", "properties": { "element": "way", "id": 150633581, "amenity": "parking", "shop": null, "name": null }, "geometry": { "type": "Point", "coordinates": [ 72.506510705150745, 23.019311621405681 ] } },
{ "type": "Feature", "properties": { "element": "way", "id": 172144073, "amenity": null, "shop": "mall", "name": "Akshar Arcade" }, "geometry": { "type": "Point", "coordinates": [ 72.552063262978066, 23.045531013225638 ] } },
{ "type": "Feature", "properties": { "element": "way", "id": 172152761, "amenity": null, "shop": null, "name": "Bhakt Kavi Narsinh Mehta Sarovar" }, "geometry": { "type": "Point", "coordinates": [ 72.528873605426071, 23.038352440622749 ] } },
{ "type": "Feature", "properties": { "element": "way", "id": 172153337, "amenity": null, "shop": null, "name": "Law Garden" }, "geometry": { "type": "Point", "coordinates": [ 72.560801538717854, 23.026448638948107 ] } },
{ "type": "Feature", "properties": { "element": "way", "id": 172153457, "amenity": null, "shop": null, "name": "Lion Sharad Mehta Garden" }, "geometry": { "type": "Point", "coordinates": [ 72.547348813784993, 23.044995361710228 ] } },
{ "type": "Feature", "properties": { "element": "way", "id": 172371646, "amenity": "parking", "shop": null, "name": "Ahmedabad Airport Car Park" }, "geometry": { "type": "Point", "coordinates": [ 72.620409100264197, 23.074284294126429 ] } },
{ "type": "Feature", "properties": { "element": "way", "id": 172371648, "amenity": "parking", "shop": null, "name": "Domestic Airport Parking" }, "geometry": { "type": "Point", "coordinates": [ 72.621319575899065, 23.072626529344475 ] } },
{ "type": "Feature", "properties": { "element": "way", "id": 172371652, "amenity": "parking", "shop": null, "name": null }, "geometry": { "type": "Point", "coordinates": [ 72.621680679907612, 23.07522831227557 ] } },
{ "type": "Feature", "properties": { "element": "way", "id": 172371653, "amenity": "parking", "shop": null, "name": null }, "geometry": { "type": "Point", "coordinates": [ 72.622351206189961, 23.075759416815998 ] } },
{ "type": "Feature", "properties": { "element": "way", "id": 172371655, "amenity": "parking", "shop": null, "name": null }, "geometry": { "type": "Point", "coordinates": [ 72.621405397661789, 23.071311927921354 ] } },
{ "type": "Feature", "properties": { "element": "way", "id": 172371666, "amenity": "parking", "shop": null, "name": null }, "geometry": { "type": "Point", "coordinates": [ 72.623244260949065, 23.076545510170256 ] } },
{ "type": "Feature", "properties": { "element": "way", "id": 172371670, "amenity": "parking", "shop": null, "name": "Domestic Airport Parking" }, "geometry": { "type": "Point", "coordinates": [ 72.620720289445899, 23.073559346544457 ] } },
{ "type": "Feature", "properties": { "element": "way", "id": 172640658, "amenity": null, "shop": null, "name": "Naginawadi" }, "geometry": { "type": "Point", "coordinates": [ 72.601221825692917, 23.005745012147756 ] } },
{ "type": "Feature", "properties": { "element": "way", "id": 173009707, "amenity": null, "shop": null, "name": "The Gujarat Club" }, "geometry": { "type": "Point", "coordinates": [ 72.58003858044772, 23.022813174471665 ] } },
{ "type": "Feature", "properties": { "element": "way", "id": 173009708, "amenity": "library", "shop": null, "name": "Ahmedabad Bar Association Advocate Library" }, "geometry": { "type": "Point", "coordinates": [ 72.580252258258227, 23.023309032492371 ] } },
{ "type": "Feature", "properties": { "element": "way", "id": 174761737, "amenity": "cinema", "shop": null, "name": "Sunset Drive-in Cinema" }, "geometry": { "type": "Point", "coordinates": [ 72.528530011085735, 23.048687335754405 ] } },
{ "type": "Feature", "properties": { "element": "way", "id": 175074593, "amenity": "school", "shop": null, "name": "St. Xavier's School, Loyola Hall, Navrangpura" }, "geometry": { "type": "Point", "coordinates": [ 72.549138585078822, 23.048564441510042 ] } },
{ "type": "Feature", "properties": { "element": "way", "id": 177116136, "amenity": null, "shop": null, "name": "Pirana Substation" }, "geometry": { "type": "Point", "coordinates": [ 72.556974337048104, 22.926646074829399 ] } },
{ "type": "Feature", "properties": { "element": "way", "id": 185804908, "amenity": null, "shop": null, "name": "Gandhi Memorial Museum" }, "geometry": { "type": "Point", "coordinates": [ 72.58086709082967, 23.060646245796875 ] } },
{ "type": "Feature", "properties": { "element": "way", "id": 190709072, "amenity": "university", "shop": null, "name": "CEPT University" }, "geometry": { "type": "Point", "coordinates": [ 72.549883806016538, 23.037619793368005 ] } },
{ "type": "Feature", "properties": { "element": "way", "id": 190711667, "amenity": "college", "shop": null, "name": "Gujarat College" }, "geometry": { "type": "Point", "coordinates": [ 72.563376228466126, 23.022010857654973 ] } },
{ "type": "Feature", "properties": { "element": "way", "id": 210654683, "amenity": null, "shop": null, "name": "Piplaj Substation" }, "geometry": { "type": "Point", "coordinates": [ 72.553495491561137, 22.966357540061416 ] } },
{ "type": "Feature", "properties": { "element": "way", "id": 219743836, "amenity": null, "shop": "supermarket", "name": "Kalasagar Mall" }, "geometry": { "type": "Point", "coordinates": [ 72.531703031986623, 23.066371047590305 ] } },
{ "type": "Feature", "properties": { "element": "way", "id": 219744447, "amenity": null, "shop": null, "name": "AUDA Garden" }, "geometry": { "type": "Point", "coordinates": [ 72.526199933780532, 23.064411988988677 ] } },
{ "type": "Feature", "properties": { "element": "way", "id": 219745970, "amenity": "school", "shop": null, "name": "J.G. International School" }, "geometry": { "type": "Point", "coordinates": [ 72.526134899987483, 23.065087250080204 ] } },
{ "type": "Feature", "properties": { "element": "way", "id": 226887172, "amenity": null, "shop": null, "name": null }, "geometry": { "type": "Point", "coordinates": [ 72.624856849451078, 23.099502900906376 ] } },
{ "type": "Feature", "properties": { "element": "way", "id": 229021483, "amenity": "events_venue", "shop": null, "name": "Bagban Party Plot" }, "geometry": { "type": "Point", "coordinates": [ 72.498757621890903, 23.050964075589771 ] } },
{ "type": "Feature", "properties": { "element": "way", "id": 229021982, "amenity": "fire_station", "shop": null, "name": "Thaltej Fire Dpt." }, "geometry": { "type": "Point", "coordinates": [ 72.499106015485111, 23.053752718469248 ] } },
{ "type": "Feature", "properties": { "element": "way", "id": 229082078, "amenity": null, "shop": null, "name": "Morarji Desai Park" }, "geometry": { "type": "Point", "coordinates": [ 72.582510414988761, 23.061498524254461 ] } },
{ "type": "Feature", "properties": { "element": "way", "id": 244500705, "amenity": "place_of_worship", "shop": null, "name": "Sai Baba Temple" }, "geometry": { "type": "Point", "coordinates": [ 72.532595190549458, 23.066207706576169 ] } },
{ "type": "Feature", "properties": { "element": "way", "id": 246022093, "amenity": "place_of_worship", "shop": null, "name": "Tapovan Adinath Jain Temple" }, "geometry": { "type": "Point", "coordinates": [ 72.612366426811761, 23.124717757836386 ] } },
{ "type": "Feature", "properties": { "element": "way", "id": 257623327, "amenity": "hospital", "shop": null, "name": "Sanjivani Super Speciality Hospital" }, "geometry": { "type": "Point", "coordinates": [ 72.528197387842823, 23.040220844314227 ] } },
{ "type": "Feature", "properties": { "element": "way", "id": 257623633, "amenity": null, "shop": "mall", "name": "Nexus Ahmedabad One" }, "geometry": { "type": "Point", "coordinates": [ 72.53141033623541, 23.03992870429197 ] } },
{ "type": "Feature", "properties": { "element": "way", "id": 260053075, "amenity": "college", "shop": null, "name": "HL Institute of Computer Applications and AES Institute of Computer Studies" }, "geometry": { "type": "Point", "coordinates": [ 72.55291461816951, 23.039476268314605 ] } },
{ "type": "Feature", "properties": { "element": "way", "id": 287275458, "amenity": "college", "shop": null, "name": "Knowlegde Consortium of Gujarat" }, "geometry": { "type": "Point", "coordinates": [ 72.543608411801131, 23.032616621402411 ] } },
{ "type": "Feature", "properties": { "element": "way", "id": 294809276, "amenity": null, "shop": null, "name": null }, "geometry": { "type": "Point", "coordinates": [ 72.558982366617812, 23.079599796733053 ] } },
{ "type": "Feature", "properties": { "element": "way", "id": 294809279, "amenity": "place_of_worship", "shop": null, "name": null }, "geometry": { "type": "Point", "coordinates": [ 72.560193299182359, 23.075746725769633 ] } },
{ "type": "Feature", "properties": { "element": "way", "id": 295981932, "amenity": "university", "shop": null, "name": "LD college of Engineering" }, "geometry": { "type": "Point", "coordinates": [ 72.546141530147935, 23.033157251212906 ] } },
{ "type": "Feature", "properties": { "element": "way", "id": 297321231, "amenity": "place_of_worship", "shop": null, "name": "Marutidham" }, "geometry": { "type": "Point", "coordinates": [ 72.542058633663174, 23.137060804200637 ] } },
{ "type": "Feature", "properties": { "element": "way", "id": 312551684, "amenity": null, "shop": null, "name": "Parimal Garden" }, "geometry": { "type": "Point", "coordinates": [ 72.556167491945146, 23.020312448414238 ] } },
{ "type": "Feature", "properties": { "element": "way", "id": 314446428, "amenity": null, "shop": null, "name": "Lokmanya Tilak Garden (Victoria Garden)" }, "geometry": { "type": "Point", "coordinates": [ 72.579105454082239, 23.021171484475463 ] } },
{ "type": "Feature", "properties": { "element": "way", "id": 314446429, "amenity": "place_of_worship", "shop": null, "name": "Church of North India" }, "geometry": { "type": "Point", "coordinates": [ 72.580549303362034, 23.022160591103123 ] } },
{ "type": "Feature", "properties": { "element": "way", "id": 314448237, "amenity": null, "shop": null, "name": "Ahmedabad Municipal Corporation" }, "geometry": { "type": "Point", "coordinates": [ 72.585700830859366, 23.020988597678812 ] } },
{ "type": "Feature", "properties": { "element": "way", "id": 314450134, "amenity": "bus_station", "shop": null, "name": "Gujarat State Road Transport Corporation | Bus Station | Gita Mandir" }, "geometry": { "type": "Point", "coordinates": [ 72.592591269749448, 23.014036544039392 ] } },
{ "type": "Feature", "properties": { "element": "way", "id": 314451431, "amenity": null, "shop": null, "name": "Railway Cricket Ground" }, "geometry": { "type": "Point", "coordinates": [ 72.610850557560241, 23.00238664990281 ] } },
{ "type": "Feature", "properties": { "element": "way", "id": 315939023, "amenity": null, "shop": null, "name": null }, "geometry": { "type": "Point", "coordinates": [ 72.629403000815628, 23.053860205856754 ] } },
{ "type": "Feature", "properties": { "element": "way", "id": 316004546, "amenity": "hospital", "shop": null, "name": "Columbia Asia Hospital" }, "geometry": { "type": "Point", "coordinates": [ 72.512418282134476, 23.05805394156782 ] } },
{ "type": "Feature", "properties": { "element": "way", "id": 316004638, "amenity": "fuel", "shop": null, "name": "Shell Pump" }, "geometry": { "type": "Point", "coordinates": [ 72.510214353583919, 23.057344380686317 ] } },
{ "type": "Feature", "properties": { "element": "way", "id": 316612680, "amenity": null, "shop": null, "name": null }, "geometry": { "type": "Point", "coordinates": [ 72.599772587250115, 23.092775983080703 ] } },
{ "type": "Feature", "properties": { "element": "way", "id": 316612683, "amenity": null, "shop": null, "name": null }, "geometry": { "type": "Point", "coordinates": [ 72.599712656957834, 23.091587091074622 ] } },
{ "type": "Feature", "properties": { "element": "way", "id": 316612684, "amenity": null, "shop": null, "name": null }, "geometry": { "type": "Point", "coordinates": [ 72.567752299969513, 23.062920650156048 ] } },
{ "type": "Feature", "properties": { "element": "way", "id": 317322647, "amenity": null, "shop": null, "name": "LH Volleybal Ground" }, "geometry": { "type": "Point", "coordinates": [ 72.508752394020675, 23.059741144695177 ] } },
{ "type": "Feature", "properties": { "element": "way", "id": 317350057, "amenity": "parking", "shop": null, "name": null }, "geometry": { "type": "Point", "coordinates": [ 72.578663842279653, 23.023220426605057 ] } },
{ "type": "Feature", "properties": { "element": "way", "id": 317356287, "amenity": "college", "shop": null, "name": "Smt. N.H.L. Municipal Medical College" }, "geometry": { "type": "Point", "coordinates": [ 72.571380878513267, 23.018581496862151 ] } },
{ "type": "Feature", "properties": { "element": "way", "id": 317359485, "amenity": null, "shop": null, "name": "Bhikhbhai Garden" }, "geometry": { "type": "Point", "coordinates": [ 72.57300279887086, 23.024069403611978 ] } },
{ "type": "Feature", "properties": { "element": "way", "id": 317373088, "amenity": "community_centre", "shop": null, "name": "Thakorbhai Desai Hall" }, "geometry": { "type": "Point", "coordinates": [ 72.560016374909864, 23.024487870948086 ] } },
{ "type": "Feature", "properties": { "element": "way", "id": 317385209, "amenity": "fuel", "shop": null, "name": "Associated Petrol Pump" }, "geometry": { "type": "Point", "coordinates": [ 72.556791512511865, 23.025774215359302 ] } },
{ "type": "Feature", "properties": { "element": "way", "id": 317473584, "amenity": "fuel", "shop": null, "name": null }, "geometry": { "type": "Point", "coordinates": [ 72.551071832874655, 23.021749414333716 ] } },
{ "type": "Feature", "properties": { "element": "way", "id": 317474315, "amenity": "fuel", "shop": null, "name": "Bharat Petroleum" }, "geometry": { "type": "Point", "coordinates": [ 72.556425529790843, 23.024955434768486 ] } },
{ "type": "Feature", "properties": { "element": "way", "id": 317474879, "amenity": null, "shop": null, "name": "Gujarat Law Society Office Building" }, "geometry": { "type": "Point", "coordinates": [ 72.559482767475586, 23.026306086683508 ] } },
{ "type": "Feature", "properties": { "element": "way", "id": 317476185, "amenity": "college", "shop": null, "name": "Gujarat Law Society Grounds" }, "geometry": { "type": "Point", "coordinates": [ 72.559240580902312, 23.026873189970395 ] } },
{ "type": "Feature", "properties": { "element": "way", "id": 317476729, "amenity": null, "shop": null, "name": "Rasala Nature Park" }, "geometry": { "type": "Point", "coordinates": [ 72.559395688337091, 23.022562823723653 ] } },
{ "type": "Feature", "properties": { "element": "way", "id": 317477232, "amenity": null, "shop": null, "name": "Four Points by Sheraton" }, "geometry": { "type": "Point", "coordinates": [ 72.567695346705833, 23.022491213857496 ] } },
{ "type": "Feature", "properties": { "element": "way", "id": 317477234, "amenity": null, "shop": null, "name": "Inder Residency" }, "geometry": { "type": "Point", "coordinates": [ 72.56756588942244, 23.022151320562212 ] } },
{ "type": "Feature", "properties": { "element": "way", "id": 317477358, "amenity": null, "shop": null, "name": "Hotel Westend" }, "geometry": { "type": "Point", "coordinates": [ 72.56791920646603, 23.021693118663073 ] } },
{ "type": "Feature", "properties": { "element": "way", "id": 317650226, "amenity": "arts_centre", "shop": null, "name": "LP Hutheesing Visual Art Center" }, "geometry": { "type": "Point", "coordinates": [ 72.549638624607695, 23.037232356176627 ] } },
{ "type": "Feature", "properties": { "element": "way", "id": 317658274, "amenity": "college", "shop": null, "name": "HL Institute of Business Administration" }, "geometry": { "type": "Point", "coordinates": [ 72.555839435169517, 23.037037879431434 ] } },
{ "type": "Feature", "properties": { "element": "way", "id": 317779692, "amenity": null, "shop": null, "name": "Ahmedabad City Tennis Foundation" }, "geometry": { "type": "Point", "coordinates": [ 72.562939638823124, 23.043420141384697 ] } },
{ "type": "Feature", "properties": { "element": "way", "id": 317781738, "amenity": null, "shop": null, "name": "The Orient Club" }, "geometry": { "type": "Point", "coordinates": [ 72.568256483037871, 23.023148685229994 ] } },
{ "type": "Feature", "properties": { "element": "way", "id": 317784181, "amenity": "hospital", "shop": null, "name": "Jivraj Mehta Hospital" }, "geometry": { "type": "Point", "coordinates": [ 72.543403381194452, 23.008282724984443 ] } },
{ "type": "Feature", "properties": { "element": "way", "id": 317784183, "amenity": null, "shop": null, "name": "Park Plaza" }, "geometry": { "type": "Point", "coordinates": [ 72.567059632965723, 23.023926684568004 ] } },
{ "type": "Feature", "properties": { "element": "way", "id": 317787177, "amenity": null, "shop": null, "name": "Bansidhar Garden" }, "geometry": { "type": "Point", "coordinates": [ 72.554552597548735, 23.000202386019541 ] } },
{ "type": "Feature", "properties": { "element": "way", "id": 317790337, "amenity": "school", "shop": null, "name": "Municipal School" }, "geometry": { "type": "Point", "coordinates": [ 72.55911062193033, 23.015541014327212 ] } },
{ "type": "Feature", "properties": { "element": "way", "id": 317797832, "amenity": "school", "shop": null, "name": "Anand Niketan School, Shilaj" }, "geometry": { "type": "Point", "coordinates": [ 72.482881930503211, 23.049935418793197 ] } },
{ "type": "Feature", "properties": { "element": "way", "id": 317891998, "amenity": "college", "shop": null, "name": "St. Xavier's College" }, "geometry": { "type": "Point", "coordinates": [ 72.552197430011688, 23.031773680019601 ] } },
{ "type": "Feature", "properties": { "element": "way", "id": 317894475, "amenity": "marketplace", "shop": null, "name": "Thakorbaug Market" }, "geometry": { "type": "Point", "coordinates": [ 72.561687019014343, 23.032612073270009 ] } },
{ "type": "Feature", "properties": { "element": "way", "id": 318023389, "amenity": "townhall", "shop": null, "name": "Ahmedabad Town Hall" }, "geometry": { "type": "Point", "coordinates": [ 72.570728234328669, 23.022678563387153 ] } },
{ "type": "Feature", "properties": { "element": "way", "id": 318023390, "amenity": "library", "shop": null, "name": "Maneklal Jethalal Library" }, "geometry": { "type": "Point", "coordinates": [ 72.570659526990923, 23.023281256197308 ] } },
{ "type": "Feature", "properties": { "element": "way", "id": 318335636, "amenity": "police", "shop": null, "name": "Vejalpur Police Station" }, "geometry": { "type": "Point", "coordinates": [ 72.537146054808716, 22.996700734617171 ] } },
{ "type": "Feature", "properties": { "element": "way", "id": 318335637, "amenity": "police", "shop": null, "name": "Naranpura Police Station" }, "geometry": { "type": "Point", "coordinates": [ 72.566206889007319, 23.063469834062108 ] } },
{ "type": "Feature", "properties": { "element": "way", "id": 318335639, "amenity": "police", "shop": null, "name": "Satelite Police Station" }, "geometry": { "type": "Point", "coordinates": [ 72.510993491035833, 23.02766011430726 ] } },
{ "type": "Feature", "properties": { "element": "way", "id": 318359719, "amenity": "police", "shop": null, "name": "Karanj Police Station" }, "geometry": { "type": "Point", "coordinates": [ 72.584152902929077, 23.030665302073359 ] } },
{ "type": "Feature", "properties": { "element": "way", "id": 318379671, "amenity": "police", "shop": null, "name": "Vastrapur Police Station" }, "geometry": { "type": "Point", "coordinates": [ 72.523262155476402, 23.049176137711218 ] } },
{ "type": "Feature", "properties": { "element": "way", "id": 318485212, "amenity": null, "shop": null, "name": "The Metropole Hotel" }, "geometry": { "type": "Point", "coordinates": [ 72.58425119144448, 23.065290837456686 ] } },
{ "type": "Feature", "properties": { "element": "way", "id": 318490584, "amenity": "police", "shop": null, "name": null }, "geometry": { "type": "Point", "coordinates": [ 72.622829050484825, 23.021423110322978 ] } },
{ "type": "Feature", "properties": { "element": "way", "id": 318490585, "amenity": "hospital", "shop": null, "name": "Narayana Hrudayalaya Hospital" }, "geometry": { "type": "Point", "coordinates": [ 72.623437301411514, 23.022653140988776 ] } },
{ "type": "Feature", "properties": { "element": "way", "id": 318502779, "amenity": "police", "shop": null, "name": "Navarangpura Police Station" }, "geometry": { "type": "Point", "coordinates": [ 72.567222819722403, 23.035009558383567 ] } },
{ "type": "Feature", "properties": { "element": "way", "id": 318505023, "amenity": "police", "shop": null, "name": "Maninagar Police Station" }, "geometry": { "type": "Point", "coordinates": [ 72.602350138404347, 22.998461094999488 ] } },
{ "type": "Feature", "properties": { "element": "way", "id": 318506393, "amenity": null, "shop": null, "name": "Khokhra Municipal Garden" }, "geometry": { "type": "Point", "coordinates": [ 72.619713240961488, 23.000691341731418 ] } },
{ "type": "Feature", "properties": { "element": "way", "id": 318506394, "amenity": "police", "shop": null, "name": "Khokhra Police Station" }, "geometry": { "type": "Point", "coordinates": [ 72.619689059077672, 23.001664517145439 ] } },
{ "type": "Feature", "properties": { "element": "way", "id": 318515857, "amenity": "cinema", "shop": null, "name": "Anupam Cinema" }, "geometry": { "type": "Point", "coordinates": [ 72.613244623915236, 23.006634482235931 ] } },
{ "type": "Feature", "properties": { "element": "way", "id": 318515858, "amenity": "police", "shop": null, "name": "Danilimda Police Station" }, "geometry": { "type": "Point", "coordinates": [ 72.581253034548183, 22.999018666157021 ] } },
{ "type": "Feature", "properties": { "element": "way", "id": 318515859, "amenity": "police", "shop": null, "name": "Gomptipur Police Station" }, "geometry": { "type": "Point", "coordinates": [ 72.612270358056136, 23.02101311611268 ] } },
{ "type": "Feature", "properties": { "element": "way", "id": 318517265, "amenity": "police", "shop": null, "name": "Bapunagar Police Station" }, "geometry": { "type": "Point", "coordinates": [ 72.631356703976209, 23.032436233992719 ] } },
{ "type": "Feature", "properties": { "element": "way", "id": 318519000, "amenity": "police", "shop": null, "name": "Vatva Police Station" }, "geometry": { "type": "Point", "coordinates": [ 72.611721084250121, 22.957708078368466 ] } },
{ "type": "Feature", "properties": { "element": "way", "id": 318677963, "amenity": null, "shop": null, "name": "Comfort Inn President" }, "geometry": { "type": "Point", "coordinates": [ 72.560133540965097, 23.035300528736926 ] } },
{ "type": "Feature", "properties": { "element": "way", "id": 318677965, "amenity": null, "shop": null, "name": "Jain Hostel" }, "geometry": { "type": "Point", "coordinates": [ 72.560166620043518, 23.036609731894963 ] } },
{ "type": "Feature", "properties": { "element": "way", "id": 318707625, "amenity": "college", "shop": null, "name": "HL College of Commerce" }, "geometry": { "type": "Point", "coordinates": [ 72.555131193299857, 23.037033225853111 ] } },
{ "type": "Feature", "properties": { "element": "way", "id": 321804453, "amenity": null, "shop": null, "name": "Santej" }, "geometry": { "type": "Point", "coordinates": [ 72.458454798205253, 23.124864001035945 ] } },
{ "type": "Feature", "properties": { "element": "way", "id": 322218323, "amenity": null, "shop": null, "name": "Calico Textile Museum" }, "geometry": { "type": "Point", "coordinates": [ 72.592048546009593, 23.054359226399175 ] } },
{ "type": "Feature", "properties": { "element": "way", "id": 322218324, "amenity": null, "shop": null, "name": "Calico Textile Museum" }, "geometry": { "type": "Point", "coordinates": [ 72.592493970493578, 23.05423782761666 ] } },
{ "type": "Feature", "properties": { "element": "way", "id": 322219332, "amenity": null, "shop": null, "name": "Police Stadium" }, "geometry": { "type": "Point", "coordinates": [ 72.586355788871657, 23.056415751393704 ] } },
{ "type": "Feature", "properties": { "element": "way", "id": 322219388, "amenity": null, "shop": null, "name": "JD Nagarwala Police Sports Centre" }, "geometry": { "type": "Point", "coordinates": [ 72.588190399627024, 23.055131703829797 ] } },
{ "type": "Feature", "properties": { "element": "way", "id": 322220540, "amenity": "school", "shop": null, "name": "Shahibaug Municipal Saraswati Mandir School" }, "geometry": { "type": "Point", "coordinates": [ 72.586538851773085, 23.051147646103232 ] } },
{ "type": "Feature", "properties": { "element": "way", "id": 322221796, "amenity": "school", "shop": null, "name": "Kendriya Vidyalaya, Shahibaug" }, "geometry": { "type": "Point", "coordinates": [ 72.588777855024972, 23.051380642138451 ] } },
{ "type": "Feature", "properties": { "element": "way", "id": 322221961, "amenity": "fuel", "shop": null, "name": null }, "geometry": { "type": "Point", "coordinates": [ 72.590278009920993, 23.052688266448264 ] } },
{ "type": "Feature", "properties": { "element": "way", "id": 322223567, "amenity": null, "shop": null, "name": "Sardar Patel National Memorial" }, "geometry": { "type": "Point", "coordinates": [ 72.591122449055803, 23.061338573393009 ] } },
{ "type": "Feature", "properties": { "element": "way", "id": 322227184, "amenity": null, "shop": null, "name": null }, "geometry": { "type": "Point", "coordinates": [ 72.598322260990045, 23.05443658484187 ] } },
{ "type": "Feature", "properties": { "element": "way", "id": 322228066, "amenity": "marketplace", "shop": "supermarket", "name": "Reliance Market" }, "geometry": { "type": "Point", "coordinates": [ 72.588036925858617, 23.044668011332742 ] } },
{ "type": "Feature", "properties": { "element": "way", "id": 322229352, "amenity": null, "shop": null, "name": "Hajipura Garden" }, "geometry": { "type": "Point", "coordinates": [ 72.59057593968231, 23.042575869078313 ] } },
{ "type": "Feature", "properties": { "element": "way", "id": 322229926, "amenity": "place_of_worship", "shop": null, "name": "Hathi Singh Jain Temple" }, "geometry": { "type": "Point", "coordinates": [ 72.589664655018538, 23.040828043505702 ] } },
{ "type": "Feature", "properties": { "element": "way", "id": 322229927, "amenity": "marketplace", "shop": null, "name": "Madhupura Market" }, "geometry": { "type": "Point", "coordinates": [ 72.588721843952484, 23.047612715879076 ] } },
{ "type": "Feature", "properties": { "element": "way", "id": 322229998, "amenity": "police", "shop": null, "name": "Shahibaug Police Station" }, "geometry": { "type": "Point", "coordinates": [ 72.588913603531111, 23.049815178830652 ] } },
{ "type": "Feature", "properties": { "element": "way", "id": 322230405, "amenity": "place_of_worship", "shop": null, "name": "BAPS Swaminarayan Temple" }, "geometry": { "type": "Point", "coordinates": [ 72.590252748316146, 23.045501833111572 ] } },
{ "type": "Feature", "properties": { "element": "way", "id": 323031983, "amenity": "school", "shop": null, "name": "Shreyas Foundation School" }, "geometry": { "type": "Point", "coordinates": [ 72.539801384367166, 23.014484447523699 ] } },
{ "type": "Feature", "properties": { "element": "way", "id": 323421777, "amenity": null, "shop": null, "name": "Paldi Municipal Garden" }, "geometry": { "type": "Point", "coordinates": [ 72.564140886366843, 23.012400013920917 ] } },
{ "type": "Feature", "properties": { "element": "way", "id": 323430445, "amenity": null, "shop": null, "name": "Cambay Grand" }, "geometry": { "type": "Point", "coordinates": [ 72.522860400137901, 23.059109550228591 ] } },
{ "type": "Feature", "properties": { "element": "way", "id": 323431773, "amenity": "college", "shop": null, "name": "BV Patel Pharmaceutical Education and Research Development" }, "geometry": { "type": "Point", "coordinates": [ 72.521462964807156, 23.059564924578122 ] } },
{ "type": "Feature", "properties": { "element": "way", "id": 323431953, "amenity": null, "shop": null, "name": "Eklavya Sports Academy" }, "geometry": { "type": "Point", "coordinates": [ 72.522316060200851, 23.057023110457877 ] } },
{ "type": "Feature", "properties": { "element": "way", "id": 323433734, "amenity": "studio", "shop": null, "name": "Doordarshan Kendra" }, "geometry": { "type": "Point", "coordinates": [ 72.524314275187649, 23.047548931092759 ] } },
{ "type": "Feature", "properties": { "element": "way", "id": 323438369, "amenity": "school", "shop": null, "name": "Udgam School for Children" }, "geometry": { "type": "Point", "coordinates": [ 72.519444665344395, 23.050186528994612 ] } },
{ "type": "Feature", "properties": { "element": "way", "id": 323895527, "amenity": "bus_station", "shop": null, "name": "Nava vadej bus stop" }, "geometry": { "type": "Point", "coordinates": [ 72.571153560313149, 23.05514534608626 ] } },
{ "type": "Feature", "properties": { "element": "way", "id": 323895528, "amenity": null, "shop": null, "name": "Ahmed Sah Mosque" }, "geometry": { "type": "Point", "coordinates": [ 72.579266650009089, 23.022689700007387 ] } },
{ "type": "Feature", "properties": { "element": "way", "id": 323895529, "amenity": "place_of_worship", "shop": null, "name": "Ahmed Shah Mosque" }, "geometry": { "type": "Point", "coordinates": [ 72.57896038192554, 23.022721839504865 ] } },
{ "type": "Feature", "properties": { "element": "way", "id": 323895534, "amenity": "place_of_worship", "shop": null, "name": "Sidi Saiyad Mosque" }, "geometry": { "type": "Point", "coordinates": [ 72.581010000000489, 23.02701974999836 ] } },
{ "type": "Feature", "properties": { "element": "way", "id": 325003220, "amenity": "parking_space", "shop": null, "name": "Tagore Hall Parking" }, "geometry": { "type": "Point", "coordinates": [ 72.570462995766135, 23.012398068916461 ] } },
{ "type": "Feature", "properties": { "element": "way", "id": 326490209, "amenity": null, "shop": null, "name": "Bhogilal Mistry (Lotikaka) Park" }, "geometry": { "type": "Point", "coordinates": [ 72.579675543074046, 23.042645933912212 ] } },
{ "type": "Feature", "properties": { "element": "way", "id": 326677145, "amenity": "marketplace", "shop": null, "name": "Jamalpur Market" }, "geometry": { "type": "Point", "coordinates": [ 72.580364485010023, 23.010980999050542 ] } },
{ "type": "Feature", "properties": { "element": "way", "id": 326681684, "amenity": null, "shop": null, "name": "Kankaria Zoo" }, "geometry": { "type": "Point", "coordinates": [ 72.602835821977095, 23.008907940070952 ] } },
{ "type": "Feature", "properties": { "element": "way", "id": 326682669, "amenity": "place_of_worship", "shop": null, "name": "Gita Mandir" }, "geometry": { "type": "Point", "coordinates": [ 72.590956199973803, 23.012105800164868 ] } },
{ "type": "Feature", "properties": { "element": "way", "id": 326731568, "amenity": "college", "shop": null, "name": "AMC MET Medical College" }, "geometry": { "type": "Point", "coordinates": [ 72.604437293130658, 22.998497426663032 ] } },
{ "type": "Feature", "properties": { "element": "way", "id": 326731569, "amenity": "hospital", "shop": null, "name": "Lallubhai Gordhanbhai Municipal General Hospital" }, "geometry": { "type": "Point", "coordinates": [ 72.604711850508878, 22.999404013278184 ] } },
{ "type": "Feature", "properties": { "element": "way", "id": 326736137, "amenity": null, "shop": null, "name": "Uttamnagar Garden" }, "geometry": { "type": "Point", "coordinates": [ 72.606757135032339, 22.9921450368312 ] } },
{ "type": "Feature", "properties": { "element": "way", "id": 326739555, "amenity": "townhall", "shop": null, "name": "Balvantray Pramodaray Thakor Hall" }, "geometry": { "type": "Point", "coordinates": [ 72.598474935061603, 23.003217624290254 ] } },
{ "type": "Feature", "properties": { "element": "way", "id": 326848214, "amenity": "police", "shop": null, "name": "Karanj Police Station" }, "geometry": { "type": "Point", "coordinates": [ 72.584354506912732, 23.030761072118526 ] } },
{ "type": "Feature", "properties": { "element": "way", "id": 326849509, "amenity": null, "shop": null, "name": "Childrens Traffic Park" }, "geometry": { "type": "Point", "coordinates": [ 72.579004516206354, 23.026552399307153 ] } },
{ "type": "Feature", "properties": { "element": "way", "id": 327199050, "amenity": "school", "shop": null, "name": "Balghar" }, "geometry": { "type": "Point", "coordinates": [ 72.572024274679407, 23.02522235650806 ] } },
{ "type": "Feature", "properties": { "element": "way", "id": 327200043, "amenity": "bank", "shop": null, "name": "The Reserve Bank of India" }, "geometry": { "type": "Point", "coordinates": [ 72.569578613225701, 23.033072827906661 ] } },
{ "type": "Feature", "properties": { "element": "way", "id": 327203786, "amenity": null, "shop": null, "name": "Ahmedabad Gymkhana Club" }, "geometry": { "type": "Point", "coordinates": [ 72.605654672155396, 23.065707110942657 ] } },
{ "type": "Feature", "properties": { "element": "way", "id": 327564303, "amenity": "cinema", "shop": null, "name": "Rupalee Cinema" }, "geometry": { "type": "Point", "coordinates": [ 72.579877528192895, 23.027815533192378 ] } },
{ "type": "Feature", "properties": { "element": "way", "id": 327564855, "amenity": null, "shop": null, "name": "Cama Hotel" }, "geometry": { "type": "Point", "coordinates": [ 72.576463119882945, 23.032031602421636 ] } },
{ "type": "Feature", "properties": { "element": "way", "id": 327565638, "amenity": null, "shop": null, "name": "Pritamnagar Akhada" }, "geometry": { "type": "Point", "coordinates": [ 72.565125828558251, 23.01795550650386 ] } },
{ "type": "Feature", "properties": { "element": "way", "id": 327581426, "amenity": "school", "shop": null, "name": "Amrut Jyoti School" }, "geometry": { "type": "Point", "coordinates": [ 72.565324515361056, 23.018850181616848 ] } },
{ "type": "Feature", "properties": { "element": "way", "id": 328551551, "amenity": "university", "shop": null, "name": "Ahmedabad University" }, "geometry": { "type": "Point", "coordinates": [ 72.552614234891976, 23.037316359767342 ] } },
{ "type": "Feature", "properties": { "element": "way", "id": 328552718, "amenity": "university", "shop": null, "name": "Gujarat University" }, "geometry": { "type": "Point", "coordinates": [ 72.54422299450512, 23.037057753940356 ] } },
{ "type": "Feature", "properties": { "element": "way", "id": 328552719, "amenity": "university", "shop": null, "name": "Gujarat University" }, "geometry": { "type": "Point", "coordinates": [ 72.547859068920445, 23.039511652241959 ] } },
{ "type": "Feature", "properties": { "element": "way", "id": 328553143, "amenity": "bus_station", "shop": null, "name": "Helmet Cross Roads Bus Station" }, "geometry": { "type": "Point", "coordinates": [ 72.542328566995295, 23.044421655395308 ] } },
{ "type": "Feature", "properties": { "element": "way", "id": 328733432, "amenity": "bus_station", "shop": null, "name": "Vasna Bus Station" }, "geometry": { "type": "Point", "coordinates": [ 72.547677621929296, 23.002218732590524 ] } },
{ "type": "Feature", "properties": { "element": "way", "id": 328753119, "amenity": "bus_station", "shop": null, "name": "Lal Darwaja AMTS Bus Stop" }, "geometry": { "type": "Point", "coordinates": [ 72.578432043581728, 23.024576999593052 ] } },
{ "type": "Feature", "properties": { "element": "way", "id": 328753307, "amenity": null, "shop": null, "name": "Lal Darwaja Public Swimming Pool" }, "geometry": { "type": "Point", "coordinates": [ 72.577510730783146, 23.024199005492491 ] } },
{ "type": "Feature", "properties": { "element": "way", "id": 330926672, "amenity": null, "shop": null, "name": "Sukhipura Park" }, "geometry": { "type": "Point", "coordinates": [ 72.551590745953874, 23.012535140939487 ] } },
{ "type": "Feature", "properties": { "element": "way", "id": 330927699, "amenity": "school", "shop": null, "name": "Shardamandir School" }, "geometry": { "type": "Point", "coordinates": [ 72.549595473116909, 23.013249006217084 ] } },
{ "type": "Feature", "properties": { "element": "way", "id": 331652563, "amenity": null, "shop": null, "name": null }, "geometry": { "type": "Point", "coordinates": [ 72.504212609192933, 23.014781480210466 ] } },
{ "type": "Feature", "properties": { "element": "way", "id": 331652564, "amenity": null, "shop": null, "name": null }, "geometry": { "type": "Point", "coordinates": [ 72.502857411154565, 23.02025061020554 ] } },
{ "type": "Feature", "properties": { "element": "way", "id": 331652565, "amenity": null, "shop": null, "name": "Karnavati Club" }, "geometry": { "type": "Point", "coordinates": [ 72.503308720051081, 23.019989342594986 ] } },
{ "type": "Feature", "properties": { "element": "way", "id": 331654773, "amenity": null, "shop": null, "name": null }, "geometry": { "type": "Point", "coordinates": [ 72.505855226018852, 23.015036133367875 ] } },
{ "type": "Feature", "properties": { "element": "way", "id": 332257496, "amenity": "school", "shop": null, "name": null }, "geometry": { "type": "Point", "coordinates": [ 72.582685005365278, 23.011507747977522 ] } },
{ "type": "Feature", "properties": { "element": "way", "id": 332262395, "amenity": "hospital", "shop": null, "name": "Victoria Jubilee Hospital" }, "geometry": { "type": "Point", "coordinates": [ 72.599277247871555, 23.025169167891079 ] } },
{ "type": "Feature", "properties": { "element": "way", "id": 333819585, "amenity": null, "shop": null, "name": null }, "geometry": { "type": "Point", "coordinates": [ 72.577510163960937, 23.027345857379224 ] } },
{ "type": "Feature", "properties": { "element": "way", "id": 333825186, "amenity": "place_of_worship", "shop": null, "name": "Kashi Vishwanath Mandir" }, "geometry": { "type": "Point", "coordinates": [ 72.615177291099798, 22.994704136553345 ] } },
{ "type": "Feature", "properties": { "element": "way", "id": 334470472, "amenity": null, "shop": null, "name": null }, "geometry": { "type": "Point", "coordinates": [ 72.537111262679247, 23.047143064928729 ] } },
{ "type": "Feature", "properties": { "element": "way", "id": 334470473, "amenity": null, "shop": null, "name": "SRAG tennis academy" }, "geometry": { "type": "Point", "coordinates": [ 72.534478624006468, 23.047147736742311 ] } },
{ "type": "Feature", "properties": { "element": "way", "id": 334470474, "amenity": "parking", "shop": null, "name": null }, "geometry": { "type": "Point", "coordinates": [ 72.529163652511272, 23.047867384045617 ] } },
{ "type": "Feature", "properties": { "element": "way", "id": 334470475, "amenity": null, "shop": null, "name": null }, "geometry": { "type": "Point", "coordinates": [ 72.528898717091991, 23.048569467864553 ] } },
{ "type": "Feature", "properties": { "element": "way", "id": 334470476, "amenity": null, "shop": "mall", "name": "Himalaya Mall" }, "geometry": { "type": "Point", "coordinates": [ 72.530957391047167, 23.046814986891967 ] } },
{ "type": "Feature", "properties": { "element": "way", "id": 334470480, "amenity": "parking", "shop": null, "name": null }, "geometry": { "type": "Point", "coordinates": [ 72.528309125131017, 23.049374978236067 ] } },
{ "type": "Feature", "properties": { "element": "way", "id": 334471473, "amenity": "college", "shop": null, "name": "Shree Swaminarayan Gurukul Vishwavidya Pratishthanam - SGVP" }, "geometry": { "type": "Point", "coordinates": [ 72.533767470955027, 23.04531154081922 ] } },
{ "type": "Feature", "properties": { "element": "way", "id": 334471474, "amenity": "place_of_worship", "shop": null, "name": "Swaminarayan Mandir" }, "geometry": { "type": "Point", "coordinates": [ 72.533762379698402, 23.045042625941896 ] } },
{ "type": "Feature", "properties": { "element": "way", "id": 334471856, "amenity": "place_of_worship", "shop": null, "name": "Manav Mandir" }, "geometry": { "type": "Point", "coordinates": [ 72.539625423789786, 23.046188090741431 ] } },
{ "type": "Feature", "properties": { "element": "way", "id": 334471857, "amenity": null, "shop": "mall", "name": "R3 Mall" }, "geometry": { "type": "Point", "coordinates": [ 72.540394136227675, 23.046417395937183 ] } },
{ "type": "Feature", "properties": { "element": "way", "id": 334995867, "amenity": null, "shop": null, "name": "Sukan Udyan" }, "geometry": { "type": "Point", "coordinates": [ 72.540714459102517, 23.019323884473742 ] } },
{ "type": "Feature", "properties": { "element": "way", "id": 335567839, "amenity": "school", "shop": null, "name": "Ahmedabad Management Association" }, "geometry": { "type": "Point", "coordinates": [ 72.541836037143113, 23.029865744546644 ] } },
{ "type": "Feature", "properties": { "element": "way", "id": 335743759, "amenity": null, "shop": null, "name": "Trikonya Garden" }, "geometry": { "type": "Point", "coordinates": [ 72.549611282639901, 23.025384424377307 ] } },
{ "type": "Feature", "properties": { "element": "way", "id": 336335115, "amenity": "school", "shop": null, "name": "Sheth Chimanlal Nagindas Vidyavihar" }, "geometry": { "type": "Point", "coordinates": [ 72.548796105248456, 23.019093239463917 ] } },
{ "type": "Feature", "properties": { "element": "way", "id": 342464429, "amenity": "hospital", "shop": null, "name": null }, "geometry": { "type": "Point", "coordinates": [ 72.570805123452686, 23.019867294828874 ] } },
{ "type": "Feature", "properties": { "element": "way", "id": 343143992, "amenity": null, "shop": null, "name": null }, "geometry": { "type": "Point", "coordinates": [ 72.592105935514766, 23.079052134540337 ] } },
{ "type": "Feature", "properties": { "element": "way", "id": 343148382, "amenity": "school", "shop": null, "name": "Municipality School" }, "geometry": { "type": "Point", "coordinates": [ 72.592448799971137, 23.080911750099276 ] } },
{ "type": "Feature", "properties": { "element": "way", "id": 343148385, "amenity": null, "shop": null, "name": "Sabarmati Swimming pool" }, "geometry": { "type": "Point", "coordinates": [ 72.592906192076782, 23.080640677303975 ] } },
{ "type": "Feature", "properties": { "element": "way", "id": 345873283, "amenity": null, "shop": null, "name": null }, "geometry": { "type": "Point", "coordinates": [ 72.508962683155019, 23.034361314012127 ] } },
{ "type": "Feature", "properties": { "element": "way", "id": 345877405, "amenity": null, "shop": null, "name": "Parth Public Park" }, "geometry": { "type": "Point", "coordinates": [ 72.523286358923542, 23.014017926630089 ] } },
{ "type": "Feature", "properties": { "element": "way", "id": 356210143, "amenity": null, "shop": null, "name": "VikramNagar Park" }, "geometry": { "type": "Point", "coordinates": [ 72.50069644732325, 23.029471310432999 ] } },
{ "type": "Feature", "properties": { "element": "way", "id": 356210253, "amenity": null, "shop": null, "name": "FootBall Ground" }, "geometry": { "type": "Point", "coordinates": [ 72.50254161599841, 23.028934044952162 ] } },
{ "type": "Feature", "properties": { "element": "way", "id": 356712480, "amenity": "community_centre", "shop": null, "name": "VikramNagar Community Hall" }, "geometry": { "type": "Point", "coordinates": [ 72.502544025989678, 23.029585674843151 ] } },
{ "type": "Feature", "properties": { "element": "way", "id": 356712890, "amenity": null, "shop": "dairy", "name": "Amul Parlor" }, "geometry": { "type": "Point", "coordinates": [ 72.503133923373937, 23.027797043762398 ] } },
{ "type": "Feature", "properties": { "element": "way", "id": 356712985, "amenity": null, "shop": null, "name": "VikramNagar Park" }, "geometry": { "type": "Point", "coordinates": [ 72.50305272136535, 23.028396379767891 ] } },
{ "type": "Feature", "properties": { "element": "way", "id": 356712998, "amenity": null, "shop": null, "name": "VikramNagar Play Ground" }, "geometry": { "type": "Point", "coordinates": [ 72.503067874778097, 23.028721327045549 ] } },
{ "type": "Feature", "properties": { "element": "way", "id": 356713057, "amenity": null, "shop": null, "name": "BasketBall Ground" }, "geometry": { "type": "Point", "coordinates": [ 72.503972371267125, 23.029716435928769 ] } },
{ "type": "Feature", "properties": { "element": "way", "id": 356715462, "amenity": null, "shop": null, "name": "VikramNagar Park" }, "geometry": { "type": "Point", "coordinates": [ 72.503042255593527, 23.03012722126514 ] } },
{ "type": "Feature", "properties": { "element": "way", "id": 356715616, "amenity": null, "shop": null, "name": "VikramNagar Nursery" }, "geometry": { "type": "Point", "coordinates": [ 72.501636572786992, 23.030552963279472 ] } },
{ "type": "Feature", "properties": { "element": "way", "id": 356715675, "amenity": "doctors", "shop": null, "name": "Dispensary" }, "geometry": { "type": "Point", "coordinates": [ 72.502031074954218, 23.029504109574571 ] } },
{ "type": "Feature", "properties": { "element": "way", "id": 356730796, "amenity": null, "shop": null, "name": "Volleyball Court" }, "geometry": { "type": "Point", "coordinates": [ 72.503186651136801, 23.029440309564027 ] } },
{ "type": "Feature", "properties": { "element": "way", "id": 356730834, "amenity": null, "shop": null, "name": "Tennis Court" }, "geometry": { "type": "Point", "coordinates": [ 72.504537195360939, 23.029318124531418 ] } },
{ "type": "Feature", "properties": { "element": "way", "id": 361583946, "amenity": "university", "shop": null, "name": "Gujarat National Law University" }, "geometry": { "type": "Point", "coordinates": [ 72.66017045124326, 23.152055984553858 ] } },
{ "type": "Feature", "properties": { "element": "way", "id": 361583948, "amenity": "university", "shop": null, "name": "Pandit Deendayal Energy University" }, "geometry": { "type": "Point", "coordinates": [ 72.665177232463648, 23.156222306892175 ] } },
{ "type": "Feature", "properties": { "element": "way", "id": 362762667, "amenity": null, "shop": null, "name": null }, "geometry": { "type": "Point", "coordinates": [ 72.561141800044226, 23.034404400203584 ] } },
{ "type": "Feature", "properties": { "element": "way", "id": 362762675, "amenity": null, "shop": null, "name": null }, "geometry": { "type": "Point", "coordinates": [ 72.560714099990051, 23.034484199987237 ] } },
{ "type": "Feature", "properties": { "element": "way", "id": 362762677, "amenity": null, "shop": null, "name": null }, "geometry": { "type": "Point", "coordinates": [ 72.554067078388584, 23.026609438692198 ] } },
{ "type": "Feature", "properties": { "element": "way", "id": 362908054, "amenity": null, "shop": null, "name": null }, "geometry": { "type": "Point", "coordinates": [ 72.55545824411611, 23.037974042000791 ] } },
{ "type": "Feature", "properties": { "element": "way", "id": 362908845, "amenity": null, "shop": null, "name": null }, "geometry": { "type": "Point", "coordinates": [ 72.553526003821318, 23.038223819249666 ] } },
{ "type": "Feature", "properties": { "element": "way", "id": 364851722, "amenity": null, "shop": null, "name": null }, "geometry": { "type": "Point", "coordinates": [ 72.468775907390764, 23.024530352311608 ] } },
{ "type": "Feature", "properties": { "element": "way", "id": 364851723, "amenity": null, "shop": null, "name": null }, "geometry": { "type": "Point", "coordinates": [ 72.468250213716004, 23.02559801861543 ] } },
{ "type": "Feature", "properties": { "element": "way", "id": 364876981, "amenity": null, "shop": null, "name": null }, "geometry": { "type": "Point", "coordinates": [ 72.466669899992553, 23.024975750024009 ] } },
{ "type": "Feature", "properties": { "element": "way", "id": 364876997, "amenity": null, "shop": null, "name": null }, "geometry": { "type": "Point", "coordinates": [ 72.468992408901315, 23.025311290459484 ] } },
{ "type": "Feature", "properties": { "element": "way", "id": 364876999, "amenity": null, "shop": null, "name": null }, "geometry": { "type": "Point", "coordinates": [ 72.468523006091559, 23.026099244339775 ] } },
{ "type": "Feature", "properties": { "element": "way", "id": 364877139, "amenity": null, "shop": null, "name": null }, "geometry": { "type": "Point", "coordinates": [ 72.465812199949625, 23.02500590006332 ] } },
{ "type": "Feature", "properties": { "element": "way", "id": 364893628, "amenity": null, "shop": null, "name": null }, "geometry": { "type": "Point", "coordinates": [ 72.469873589282415, 23.025197643830968 ] } },
{ "type": "Feature", "properties": { "element": "way", "id": 364893633, "amenity": null, "shop": null, "name": null }, "geometry": { "type": "Point", "coordinates": [ 72.470205783087607, 23.024762752784195 ] } },
{ "type": "Feature", "properties": { "element": "way", "id": 364902934, "amenity": null, "shop": null, "name": null }, "geometry": { "type": "Point", "coordinates": [ 72.468161483791008, 23.026600296661655 ] } },
{ "type": "Feature", "properties": { "element": "way", "id": 364915420, "amenity": null, "shop": null, "name": null }, "geometry": { "type": "Point", "coordinates": [ 72.465606064928963, 23.026280294151178 ] } },
{ "type": "Feature", "properties": { "element": "way", "id": 364915505, "amenity": null, "shop": null, "name": null }, "geometry": { "type": "Point", "coordinates": [ 72.465552901429291, 23.027558933911902 ] } },
{ "type": "Feature", "properties": { "element": "way", "id": 364915552, "amenity": null, "shop": null, "name": null }, "geometry": { "type": "Point", "coordinates": [ 72.467790437098628, 23.026400466481732 ] } },
{ "type": "Feature", "properties": { "element": "way", "id": 365045070, "amenity": null, "shop": null, "name": null }, "geometry": { "type": "Point", "coordinates": [ 72.46947050124335, 23.020744590904556 ] } },
{ "type": "Feature", "properties": { "element": "way", "id": 365045072, "amenity": null, "shop": null, "name": null }, "geometry": { "type": "Point", "coordinates": [ 72.46971845228083, 23.017403212369182 ] } },
{ "type": "Feature", "properties": { "element": "way", "id": 365045128, "amenity": null, "shop": null, "name": null }, "geometry": { "type": "Point", "coordinates": [ 72.469656899969152, 23.019499400050009 ] } },
{ "type": "Feature", "properties": { "element": "way", "id": 365045141, "amenity": null, "shop": null, "name": null }, "geometry": { "type": "Point", "coordinates": [ 72.464070449951535, 23.026116350064541 ] } },
{ "type": "Feature", "properties": { "element": "way", "id": 365045156, "amenity": null, "shop": null, "name": null }, "geometry": { "type": "Point", "coordinates": [ 72.465334534923116, 23.023406723220194 ] } },
{ "type": "Feature", "properties": { "element": "way", "id": 365045205, "amenity": null, "shop": null, "name": null }, "geometry": { "type": "Point", "coordinates": [ 72.470284530694428, 23.015744252276413 ] } },
{ "type": "Feature", "properties": { "element": "way", "id": 365065661, "amenity": null, "shop": null, "name": null }, "geometry": { "type": "Point", "coordinates": [ 72.475070923663793, 23.015076630510013 ] } },
{ "type": "Feature", "properties": { "element": "way", "id": 365067964, "amenity": null, "shop": null, "name": null }, "geometry": { "type": "Point", "coordinates": [ 72.465113332952114, 23.028642749498491 ] } },
{ "type": "Feature", "properties": { "element": "way", "id": 365091504, "amenity": null, "shop": null, "name": null }, "geometry": { "type": "Point", "coordinates": [ 72.45360114998833, 23.025471950010683 ] } },
{ "type": "Feature", "properties": { "element": "way", "id": 365091580, "amenity": null, "shop": null, "name": null }, "geometry": { "type": "Point", "coordinates": [ 72.473029143350146, 23.02197786884879 ] } },
{ "type": "Feature", "properties": { "element": "way", "id": 365091615, "amenity": null, "shop": null, "name": null }, "geometry": { "type": "Point", "coordinates": [ 72.461715687092067, 23.022135371121916 ] } },
{ "type": "Feature", "properties": { "element": "way", "id": 365091704, "amenity": null, "shop": null, "name": null }, "geometry": { "type": "Point", "coordinates": [ 72.462890542067512, 23.031261164293277 ] } },
{ "type": "Feature", "properties": { "element": "way", "id": 365457768, "amenity": null, "shop": null, "name": null }, "geometry": { "type": "Point", "coordinates": [ 72.462787270334971, 23.034476856970823 ] } },
{ "type": "Feature", "properties": { "element": "way", "id": 365464959, "amenity": null, "shop": null, "name": null }, "geometry": { "type": "Point", "coordinates": [ 72.457982745864996, 23.028265420134137 ] } },
{ "type": "Feature", "properties": { "element": "way", "id": 365522477, "amenity": null, "shop": null, "name": null }, "geometry": { "type": "Point", "coordinates": [ 72.455324199984517, 23.005683149991313 ] } },
{ "type": "Feature", "properties": { "element": "way", "id": 365522586, "amenity": null, "shop": null, "name": null }, "geometry": { "type": "Point", "coordinates": [ 72.458659849987939, 23.006338849998929 ] } },
{ "type": "Feature", "properties": { "element": "way", "id": 365522701, "amenity": null, "shop": null, "name": null }, "geometry": { "type": "Point", "coordinates": [ 72.456341649988943, 23.004348450017325 ] } },
{ "type": "Feature", "properties": { "element": "way", "id": 365522724, "amenity": null, "shop": null, "name": null }, "geometry": { "type": "Point", "coordinates": [ 72.449128799984024, 23.007900450001408 ] } },
{ "type": "Feature", "properties": { "element": "way", "id": 365522779, "amenity": null, "shop": null, "name": null }, "geometry": { "type": "Point", "coordinates": [ 72.450144000025091, 23.006889950059676 ] } },
{ "type": "Feature", "properties": { "element": "way", "id": 365522783, "amenity": null, "shop": null, "name": null }, "geometry": { "type": "Point", "coordinates": [ 72.449695061236625, 23.008475174874732 ] } },
{ "type": "Feature", "properties": { "element": "way", "id": 365654797, "amenity": null, "shop": null, "name": null }, "geometry": { "type": "Point", "coordinates": [ 72.459249269586252, 23.028998203556604 ] } },
{ "type": "Feature", "properties": { "element": "way", "id": 365654869, "amenity": null, "shop": null, "name": null }, "geometry": { "type": "Point", "coordinates": [ 72.463895537680372, 23.043411375215051 ] } },
{ "type": "Feature", "properties": { "element": "way", "id": 365668161, "amenity": null, "shop": null, "name": null }, "geometry": { "type": "Point", "coordinates": [ 72.471937007883483, 23.025079076929689 ] } },
{ "type": "Feature", "properties": { "element": "way", "id": 366112194, "amenity": "school", "shop": null, "name": "Zebar School" }, "geometry": { "type": "Point", "coordinates": [ 72.494200738762657, 23.048504836782943 ] } },
{ "type": "Feature", "properties": { "element": "way", "id": 366112469, "amenity": null, "shop": "clothes", "name": "Vastrakutir" }, "geometry": { "type": "Point", "coordinates": [ 72.511546769591718, 23.032182053539866 ] } },
{ "type": "Feature", "properties": { "element": "way", "id": 366250326, "amenity": null, "shop": null, "name": "Ahmedabad Racquet Academy" }, "geometry": { "type": "Point", "coordinates": [ 72.493385249265245, 23.042094244811263 ] } },
{ "type": "Feature", "properties": { "element": "way", "id": 366258103, "amenity": "parking", "shop": null, "name": null }, "geometry": { "type": "Point", "coordinates": [ 72.510534907954124, 23.034205906218379 ] } },
{ "type": "Feature", "properties": { "element": "way", "id": 366261959, "amenity": null, "shop": null, "name": "Pride Plaza" }, "geometry": { "type": "Point", "coordinates": [ 72.514555930242338, 23.038138190595596 ] } },
{ "type": "Feature", "properties": { "element": "way", "id": 366286198, "amenity": "school", "shop": null, "name": "Nirma Vidyavihar" }, "geometry": { "type": "Point", "coordinates": [ 72.516489398113222, 23.04256657009072 ] } },
{ "type": "Feature", "properties": { "element": "way", "id": 366287836, "amenity": "parking", "shop": null, "name": null }, "geometry": { "type": "Point", "coordinates": [ 72.505382020995654, 23.042225511563547 ] } },
{ "type": "Feature", "properties": { "element": "way", "id": 366287850, "amenity": "events_venue", "shop": null, "name": "Sindhu Bhavan Banquet Hall" }, "geometry": { "type": "Point", "coordinates": [ 72.501674543802451, 23.041165313217505 ] } },
{ "type": "Feature", "properties": { "element": "way", "id": 366287871, "amenity": null, "shop": null, "name": "Sindhu Bhavan Park" }, "geometry": { "type": "Point", "coordinates": [ 72.501783839329036, 23.041551664273378 ] } },
{ "type": "Feature", "properties": { "element": "way", "id": 366293021, "amenity": null, "shop": null, "name": null }, "geometry": { "type": "Point", "coordinates": [ 72.513240311730868, 23.029571478343499 ] } },
{ "type": "Feature", "properties": { "element": "way", "id": 366303534, "amenity": null, "shop": null, "name": "Ashvini Public Park" }, "geometry": { "type": "Point", "coordinates": [ 72.519917713739716, 23.039736961209059 ] } },
{ "type": "Feature", "properties": { "element": "way", "id": 366303536, "amenity": null, "shop": null, "name": "Rohini Public Park" }, "geometry": { "type": "Point", "coordinates": [ 72.520476099719289, 23.039026300432727 ] } },
{ "type": "Feature", "properties": { "element": "way", "id": 366427898, "amenity": "place_of_worship", "shop": null, "name": "Gurudwara Gobinddham" }, "geometry": { "type": "Point", "coordinates": [ 72.515401244111956, 23.046879821905893 ] } },
{ "type": "Feature", "properties": { "element": "way", "id": 366427950, "amenity": "fuel", "shop": null, "name": "Bharat Petroleum" }, "geometry": { "type": "Point", "coordinates": [ 72.513380636490638, 23.038352916892222 ] } },
{ "type": "Feature", "properties": { "element": "way", "id": 366439753, "amenity": null, "shop": null, "name": "Chitra Public Park" }, "geometry": { "type": "Point", "coordinates": [ 72.521849344890143, 23.034938492557025 ] } },
{ "type": "Feature", "properties": { "element": "way", "id": 366459078, "amenity": "restaurant", "shop": null, "name": "@Mango" }, "geometry": { "type": "Point", "coordinates": [ 72.501993725801242, 23.039997286955565 ] } },
{ "type": "Feature", "properties": { "element": "way", "id": 366466085, "amenity": "place_of_worship", "shop": null, "name": "Mansi BAPS Swaminarayan Temple" }, "geometry": { "type": "Point", "coordinates": [ 72.525337173488836, 23.032813021945277 ] } },
{ "type": "Feature", "properties": { "element": "way", "id": 366466098, "amenity": null, "shop": null, "name": null }, "geometry": { "type": "Point", "coordinates": [ 72.524693772897677, 23.037094205309156 ] } },
{ "type": "Feature", "properties": { "element": "way", "id": 366466142, "amenity": "food_court", "shop": null, "name": "Premvati" }, "geometry": { "type": "Point", "coordinates": [ 72.524997515752318, 23.033025945186594 ] } },
{ "type": "Feature", "properties": { "element": "way", "id": 366469717, "amenity": null, "shop": "bicycle", "name": "Revolution Bike Store" }, "geometry": { "type": "Point", "coordinates": [ 72.524117649979445, 23.032124849993913 ] } },
{ "type": "Feature", "properties": { "element": "way", "id": 366469741, "amenity": "fuel", "shop": null, "name": "HP Petrol Pump" }, "geometry": { "type": "Point", "coordinates": [ 72.524453237605329, 23.031972841966727 ] } },
{ "type": "Feature", "properties": { "element": "way", "id": 366615033, "amenity": null, "shop": null, "name": null }, "geometry": { "type": "Point", "coordinates": [ 72.515687982120326, 23.033622006510303 ] } },
{ "type": "Feature", "properties": { "element": "way", "id": 366615087, "amenity": null, "shop": null, "name": "Sandipani Park" }, "geometry": { "type": "Point", "coordinates": [ 72.517006485300797, 23.033598094457339 ] } },
{ "type": "Feature", "properties": { "element": "way", "id": 366616701, "amenity": "place_of_worship", "shop": null, "name": "Iskcon Temple" }, "geometry": { "type": "Point", "coordinates": [ 72.506844290921265, 23.028357787274068 ] } },
{ "type": "Feature", "properties": { "element": "way", "id": 366616705, "amenity": null, "shop": null, "name": "DoubleTree By Hilton Ahmedabad" }, "geometry": { "type": "Point", "coordinates": [ 72.501599687103635, 23.028480838455121 ] } },
{ "type": "Feature", "properties": { "element": "way", "id": 366616742, "amenity": null, "shop": "mall", "name": "Iscon Mega Mall" }, "geometry": { "type": "Point", "coordinates": [ 72.507262704269237, 23.030467211446357 ] } },
{ "type": "Feature", "properties": { "element": "way", "id": 366618676, "amenity": null, "shop": null, "name": "Courtyard Ahmedabad" }, "geometry": { "type": "Point", "coordinates": [ 72.512120714236346, 23.027849316284787 ] } },
{ "type": "Feature", "properties": { "element": "way", "id": 366641529, "amenity": "college", "shop": null, "name": "Sardar Patel Institute of Public Administration" }, "geometry": { "type": "Point", "coordinates": [ 72.522790120636756, 23.030431393195105 ] } },
{ "type": "Feature", "properties": { "element": "way", "id": 366648662, "amenity": "fuel", "shop": null, "name": "CNG petrol pump" }, "geometry": { "type": "Point", "coordinates": [ 72.526032227110136, 23.026691708843394 ] } },
{ "type": "Feature", "properties": { "element": "way", "id": 366648731, "amenity": "fuel", "shop": null, "name": "Petrol Pump -Indian Oil" }, "geometry": { "type": "Point", "coordinates": [ 72.52606588612781, 23.026942076776141 ] } },
{ "type": "Feature", "properties": { "element": "way", "id": 366649801, "amenity": "fuel", "shop": null, "name": "Shell Petrol Pump" }, "geometry": { "type": "Point", "coordinates": [ 72.485227300055612, 23.028116349999628 ] } },
{ "type": "Feature", "properties": { "element": "way", "id": 366769533, "amenity": null, "shop": null, "name": null }, "geometry": { "type": "Point", "coordinates": [ 72.530879999765119, 23.028097299979414 ] } },
{ "type": "Feature", "properties": { "element": "way", "id": 366773828, "amenity": "place_of_worship", "shop": null, "name": "Shree Vishweshwar Mahadev Temple" }, "geometry": { "type": "Point", "coordinates": [ 72.527957568097975, 23.029128499493609 ] } },
{ "type": "Feature", "properties": { "element": "way", "id": 366773850, "amenity": null, "shop": null, "name": "Dormitory 16" }, "geometry": { "type": "Point", "coordinates": [ 72.53076350998694, 23.03195662484513 ] } },
{ "type": "Feature", "properties": { "element": "way", "id": 366773852, "amenity": null, "shop": null, "name": null }, "geometry": { "type": "Point", "coordinates": [ 72.531858319575761, 23.034140114436521 ] } },
{ "type": "Feature", "properties": { "element": "way", "id": 366773860, "amenity": null, "shop": null, "name": "Dormitory 12" }, "geometry": { "type": "Point", "coordinates": [ 72.530656508700957, 23.032286820900453 ] } },
{ "type": "Feature", "properties": { "element": "way", "id": 366773861, "amenity": null, "shop": null, "name": "Dormitory 19" }, "geometry": { "type": "Point", "coordinates": [ 72.530928499955479, 23.031879749987212 ] } },
{ "type": "Feature", "properties": { "element": "way", "id": 366773864, "amenity": null, "shop": null, "name": "Dormitory 11" }, "geometry": { "type": "Point", "coordinates": [ 72.530718149950431, 23.032526949987584 ] } },
{ "type": "Feature", "properties": { "element": "way", "id": 366773867, "amenity": null, "shop": null, "name": "Dormitory 17" }, "geometry": { "type": "Point", "coordinates": [ 72.531044349951543, 23.032384799985493 ] } },
{ "type": "Feature", "properties": { "element": "way", "id": 366773872, "amenity": null, "shop": null, "name": "Dormitory 15" }, "geometry": { "type": "Point", "coordinates": [ 72.53082484995123, 23.032205249986792 ] } },
{ "type": "Feature", "properties": { "element": "way", "id": 366773873, "amenity": null, "shop": null, "name": "Dormitory 20" }, "geometry": { "type": "Point", "coordinates": [ 72.531211910918799, 23.032297425946798 ] } },
{ "type": "Feature", "properties": { "element": "way", "id": 366773886, "amenity": null, "shop": null, "name": "Dormitory 14" }, "geometry": { "type": "Point", "coordinates": [ 72.53088355961323, 23.032455223975802 ] } },
{ "type": "Feature", "properties": { "element": "way", "id": 366773888, "amenity": null, "shop": null, "name": "Dormitory 10" }, "geometry": { "type": "Point", "coordinates": [ 72.530549399950786, 23.03260049998552 ] } },
{ "type": "Feature", "properties": { "element": "way", "id": 366773895, "amenity": null, "shop": null, "name": "Dormitory 13" }, "geometry": { "type": "Point", "coordinates": [ 72.530601358478279, 23.03203607076901 ] } },
{ "type": "Feature", "properties": { "element": "way", "id": 366773896, "amenity": null, "shop": null, "name": "Dormitory 18" }, "geometry": { "type": "Point", "coordinates": [ 72.530985249951726, 23.032129749986456 ] } },
{ "type": "Feature", "properties": { "element": "way", "id": 366778836, "amenity": null, "shop": null, "name": null }, "geometry": { "type": "Point", "coordinates": [ 72.507995015088099, 23.035662438550393 ] } },
{ "type": "Feature", "properties": { "element": "way", "id": 366796012, "amenity": null, "shop": null, "name": "AISA Tennis Academy" }, "geometry": { "type": "Point", "coordinates": [ 72.498273599984515, 23.032792649829599 ] } },
{ "type": "Feature", "properties": { "element": "way", "id": 366805677, "amenity": "hospital", "shop": null, "name": null }, "geometry": { "type": "Point", "coordinates": [ 72.527800227641279, 23.036336893608432 ] } },
{ "type": "Feature", "properties": { "element": "way", "id": 366805680, "amenity": "college", "shop": null, "name": "R J Tibrewal Commerce College" }, "geometry": { "type": "Point", "coordinates": [ 72.530922188176888, 23.034115971111873 ] } },
{ "type": "Feature", "properties": { "element": "way", "id": 366805773, "amenity": "toilets", "shop": null, "name": null }, "geometry": { "type": "Point", "coordinates": [ 72.530077749993822, 23.038061400010211 ] } },
{ "type": "Feature", "properties": { "element": "way", "id": 366811075, "amenity": null, "shop": null, "name": null }, "geometry": { "type": "Point", "coordinates": [ 72.527976178167478, 23.035206248193258 ] } },
{ "type": "Feature", "properties": { "element": "way", "id": 366811127, "amenity": null, "shop": null, "name": null }, "geometry": { "type": "Point", "coordinates": [ 72.529662578461114, 23.034345105980652 ] } },
{ "type": "Feature", "properties": { "element": "way", "id": 366815158, "amenity": "fuel", "shop": null, "name": null }, "geometry": { "type": "Point", "coordinates": [ 72.539585889393763, 23.045490739082872 ] } },
{ "type": "Feature", "properties": { "element": "way", "id": 366818501, "amenity": null, "shop": null, "name": null }, "geometry": { "type": "Point", "coordinates": [ 72.484095385777152, 23.058268502438946 ] } },
{ "type": "Feature", "properties": { "element": "way", "id": 367193359, "amenity": null, "shop": null, "name": "Bopal Gram Panchayat" }, "geometry": { "type": "Point", "coordinates": [ 72.46267815231684, 23.036029042582321 ] } },
{ "type": "Feature", "properties": { "element": "way", "id": 367197201, "amenity": "community_centre", "shop": null, "name": null }, "geometry": { "type": "Point", "coordinates": [ 72.47605494860143, 23.030942068461396 ] } },
{ "type": "Feature", "properties": { "element": "way", "id": 367198075, "amenity": null, "shop": null, "name": "TV Tower" }, "geometry": { "type": "Point", "coordinates": [ 72.525170828861889, 23.047439064164511 ] } },
{ "type": "Feature", "properties": { "element": "way", "id": 367198180, "amenity": "college", "shop": null, "name": "Sardar Patel Institute of Economic & Social Research" }, "geometry": { "type": "Point", "coordinates": [ 72.520314900022441, 23.047327749855022 ] } },
{ "type": "Feature", "properties": { "element": "way", "id": 367198195, "amenity": "library", "shop": null, "name": "Harivallabhdas Kalidas Library" }, "geometry": { "type": "Point", "coordinates": [ 72.520610410473466, 23.046890325180179 ] } },
{ "type": "Feature", "properties": { "element": "way", "id": 367198356, "amenity": "cafe", "shop": null, "name": "Upper crust cafe" }, "geometry": { "type": "Point", "coordinates": [ 72.526929550009797, 23.04108435001379 ] } },
{ "type": "Feature", "properties": { "element": "way", "id": 367198369, "amenity": null, "shop": null, "name": null }, "geometry": { "type": "Point", "coordinates": [ 72.532487050002246, 23.044584549975941 ] } },
{ "type": "Feature", "properties": { "element": "way", "id": 367198484, "amenity": null, "shop": null, "name": null }, "geometry": { "type": "Point", "coordinates": [ 72.525110660711434, 23.045180054836415 ] } },
{ "type": "Feature", "properties": { "element": "way", "id": 367203318, "amenity": "hospital", "shop": null, "name": "Sal Hospital and Medical Institute" }, "geometry": { "type": "Point", "coordinates": [ 72.524405381020031, 23.049458408668428 ] } },
{ "type": "Feature", "properties": { "element": "way", "id": 367215542, "amenity": "place_of_worship", "shop": null, "name": "BAPS Swaminarayan Temple, Bopal" }, "geometry": { "type": "Point", "coordinates": [ 72.477737695628974, 23.033890406387158 ] } },
{ "type": "Feature", "properties": { "element": "way", "id": 367240321, "amenity": "fuel", "shop": null, "name": null }, "geometry": { "type": "Point", "coordinates": [ 72.538746106610105, 23.046193222881111 ] } },
{ "type": "Feature", "properties": { "element": "way", "id": 367248676, "amenity": "parking", "shop": null, "name": null }, "geometry": { "type": "Point", "coordinates": [ 72.471049224270274, 23.037508350868979 ] } },
{ "type": "Feature", "properties": { "element": "way", "id": 367374469, "amenity": null, "shop": null, "name": null }, "geometry": { "type": "Point", "coordinates": [ 72.466715050001483, 23.035511650093621 ] } },
{ "type": "Feature", "properties": { "element": "way", "id": 367382653, "amenity": "townhall", "shop": null, "name": "Kushabhau Thakre Community Hall" }, "geometry": { "type": "Point", "coordinates": [ 72.636077027861447, 22.989828132301291 ] } },
{ "type": "Feature", "properties": { "element": "way", "id": 367426637, "amenity": null, "shop": null, "name": null }, "geometry": { "type": "Point", "coordinates": [ 72.520869472527551, 23.015523422954889 ] } },
{ "type": "Feature", "properties": { "element": "way", "id": 367426648, "amenity": "public_bath", "shop": null, "name": "Public Bathroom" }, "geometry": { "type": "Point", "coordinates": [ 72.505840199777452, 23.013843557199007 ] } },
{ "type": "Feature", "properties": { "element": "way", "id": 367426692, "amenity": "events_venue", "shop": null, "name": "Seema Hall" }, "geometry": { "type": "Point", "coordinates": [ 72.520064746576836, 23.013411985574788 ] } },
{ "type": "Feature", "properties": { "element": "way", "id": 367426733, "amenity": "events_venue", "shop": null, "name": "Mangalya Vatika Party Plot" }, "geometry": { "type": "Point", "coordinates": [ 72.520535987627113, 23.013405833854506 ] } },
{ "type": "Feature", "properties": { "element": "way", "id": 367427547, "amenity": null, "shop": null, "name": null }, "geometry": { "type": "Point", "coordinates": [ 72.545726378042147, 23.003369134136594 ] } },
{ "type": "Feature", "properties": { "element": "way", "id": 367432722, "amenity": "hospital", "shop": null, "name": "Zydus Hospitals" }, "geometry": { "type": "Point", "coordinates": [ 72.517441136861223, 23.058504058368406 ] } },
{ "type": "Feature", "properties": { "element": "way", "id": 367551884, "amenity": null, "shop": null, "name": null }, "geometry": { "type": "Point", "coordinates": [ 72.512139422682708, 23.056777442903304 ] } },
{ "type": "Feature", "properties": { "element": "way", "id": 367552932, "amenity": null, "shop": null, "name": null }, "geometry": { "type": "Point", "coordinates": [ 72.503490880148547, 23.02196596148255 ] } },
{ "type": "Feature", "properties": { "element": "way", "id": 367553061, "amenity": null, "shop": null, "name": null }, "geometry": { "type": "Point", "coordinates": [ 72.515684139158296, 23.023298129104745 ] } },
{ "type": "Feature", "properties": { "element": "way", "id": 367585823, "amenity": null, "shop": null, "name": null }, "geometry": { "type": "Point", "coordinates": [ 72.516260000094235, 23.015689449893216 ] } },
{ "type": "Feature", "properties": { "element": "way", "id": 367585840, "amenity": null, "shop": null, "name": null }, "geometry": { "type": "Point", "coordinates": [ 72.512413330881344, 23.013270374310103 ] } },
{ "type": "Feature", "properties": { "element": "way", "id": 367585889, "amenity": null, "shop": null, "name": null }, "geometry": { "type": "Point", "coordinates": [ 72.513220601485813, 23.015888655966922 ] } },
{ "type": "Feature", "properties": { "element": "way", "id": 367591782, "amenity": null, "shop": null, "name": null }, "geometry": { "type": "Point", "coordinates": [ 72.515693450016812, 23.018357150003528 ] } },
{ "type": "Feature", "properties": { "element": "way", "id": 367591892, "amenity": null, "shop": null, "name": null }, "geometry": { "type": "Point", "coordinates": [ 72.515607376579467, 23.017740275402495 ] } },
{ "type": "Feature", "properties": { "element": "way", "id": 367614747, "amenity": "fuel", "shop": null, "name": null }, "geometry": { "type": "Point", "coordinates": [ 72.523834479621826, 23.01296657069004 ] } },
{ "type": "Feature", "properties": { "element": "way", "id": 367614748, "amenity": "events_venue", "shop": null, "name": "M G Farm & Party Plot" }, "geometry": { "type": "Point", "coordinates": [ 72.523395900213714, 23.017114817750286 ] } },
{ "type": "Feature", "properties": { "element": "way", "id": 367614749, "amenity": "events_venue", "shop": null, "name": "Bandhan Farm & Party Plot" }, "geometry": { "type": "Point", "coordinates": [ 72.524872836655817, 23.01693204029738 ] } },
{ "type": "Feature", "properties": { "element": "way", "id": 367614856, "amenity": "events_venue", "shop": null, "name": null }, "geometry": { "type": "Point", "coordinates": [ 72.523152142952583, 23.018564327857074 ] } },
{ "type": "Feature", "properties": { "element": "way", "id": 367756277, "amenity": null, "shop": null, "name": "JBR Residency Garden" }, "geometry": { "type": "Point", "coordinates": [ 72.511220100085396, 23.073852350103092 ] } },
{ "type": "Feature", "properties": { "element": "way", "id": 367767862, "amenity": "events_venue", "shop": null, "name": "Ratnamani Party Plot" }, "geometry": { "type": "Point", "coordinates": [ 72.521204846146418, 23.025120422226404 ] } },
{ "type": "Feature", "properties": { "element": "way", "id": 367807245, "amenity": null, "shop": null, "name": null }, "geometry": { "type": "Point", "coordinates": [ 72.523672650881025, 23.01893156036035 ] } },
{ "type": "Feature", "properties": { "element": "way", "id": 367807257, "amenity": null, "shop": null, "name": "Marichi Public Park" }, "geometry": { "type": "Point", "coordinates": [ 72.527678243100681, 23.021477716495788 ] } },
{ "type": "Feature", "properties": { "element": "way", "id": 367941381, "amenity": null, "shop": "supermarket", "name": "DMart" }, "geometry": { "type": "Point", "coordinates": [ 72.528769177821673, 23.019520765921516 ] } },
{ "type": "Feature", "properties": { "element": "way", "id": 367941383, "amenity": "place_of_worship", "shop": null, "name": "Bileshwar Mahadev" }, "geometry": { "type": "Point", "coordinates": [ 72.52817052449808, 23.016253694214914 ] } },
{ "type": "Feature", "properties": { "element": "way", "id": 367948274, "amenity": "fuel", "shop": null, "name": "Indian Oil Petrol Pump" }, "geometry": { "type": "Point", "coordinates": [ 72.529747524833567, 23.019537706226302 ] } },
{ "type": "Feature", "properties": { "element": "way", "id": 367948291, "amenity": null, "shop": null, "name": null }, "geometry": { "type": "Point", "coordinates": [ 72.528145000007953, 23.019035899987554 ] } },
{ "type": "Feature", "properties": { "element": "way", "id": 367948297, "amenity": "parking", "shop": null, "name": null }, "geometry": { "type": "Point", "coordinates": [ 72.517282936105218, 23.01640292338951 ] } },
{ "type": "Feature", "properties": { "element": "way", "id": 367948316, "amenity": null, "shop": null, "name": null }, "geometry": { "type": "Point", "coordinates": [ 72.522695600041359, 23.015253205261935 ] } },
{ "type": "Feature", "properties": { "element": "way", "id": 367949942, "amenity": null, "shop": null, "name": "krupa" }, "geometry": { "type": "Point", "coordinates": [ 72.634834150269782, 22.988106118350395 ] } },
{ "type": "Feature", "properties": { "element": "way", "id": 367971770, "amenity": null, "shop": null, "name": null }, "geometry": { "type": "Point", "coordinates": [ 72.487958388896743, 23.026446886757633 ] } },
{ "type": "Feature", "properties": { "element": "way", "id": 367976278, "amenity": null, "shop": null, "name": null }, "geometry": { "type": "Point", "coordinates": [ 72.48726878745687, 23.015031823326144 ] } },
{ "type": "Feature", "properties": { "element": "way", "id": 368401407, "amenity": "parking", "shop": null, "name": null }, "geometry": { "type": "Point", "coordinates": [ 72.501224462825064, 23.018710402271413 ] } },
{ "type": "Feature", "properties": { "element": "way", "id": 368404480, "amenity": "parking", "shop": null, "name": null }, "geometry": { "type": "Point", "coordinates": [ 72.519864940196356, 23.083455390682758 ] } },
{ "type": "Feature", "properties": { "element": "way", "id": 368448164, "amenity": "place_of_worship", "shop": null, "name": "Shree Bhagwat Vidhyapith" }, "geometry": { "type": "Point", "coordinates": [ 72.5222544377703, 23.089248892899672 ] } },
{ "type": "Feature", "properties": { "element": "way", "id": 368457410, "amenity": null, "shop": null, "name": "Utsav Public Park" }, "geometry": { "type": "Point", "coordinates": [ 72.515976197610328, 23.011595835402414 ] } },
{ "type": "Feature", "properties": { "element": "way", "id": 368568849, "amenity": null, "shop": null, "name": "Kahaani Sports Academy" }, "geometry": { "type": "Point", "coordinates": [ 72.51539179984033, 22.99794305071282 ] } },
{ "type": "Feature", "properties": { "element": "way", "id": 368569027, "amenity": "place_of_worship", "shop": null, "name": "Vaijanath Mahadev Mandir" }, "geometry": { "type": "Point", "coordinates": [ 72.513684139565001, 23.002116619878727 ] } },
{ "type": "Feature", "properties": { "element": "way", "id": 368569069, "amenity": null, "shop": null, "name": "Pancha Talav" }, "geometry": { "type": "Point", "coordinates": [ 72.512047292778377, 23.009199645438482 ] } },
{ "type": "Feature", "properties": { "element": "way", "id": 368607962, "amenity": null, "shop": null, "name": "YMCA Club" }, "geometry": { "type": "Point", "coordinates": [ 72.501601603489291, 23.004701936700467 ] } },
{ "type": "Feature", "properties": { "element": "way", "id": 368608009, "amenity": null, "shop": null, "name": null }, "geometry": { "type": "Point", "coordinates": [ 72.502369885960917, 23.004750328341583 ] } },
{ "type": "Feature", "properties": { "element": "way", "id": 368608137, "amenity": null, "shop": null, "name": null }, "geometry": { "type": "Point", "coordinates": [ 72.52296469035106, 23.130719748333863 ] } },
{ "type": "Feature", "properties": { "element": "way", "id": 368608239, "amenity": null, "shop": null, "name": null }, "geometry": { "type": "Point", "coordinates": [ 72.5322997232375, 23.126992731504838 ] } },
{ "type": "Feature", "properties": { "element": "way", "id": 368608344, "amenity": "place_of_worship", "shop": null, "name": "TIRUPATI TEMPLE" }, "geometry": { "type": "Point", "coordinates": [ 72.538380435230124, 23.127555562001842 ] } },
{ "type": "Feature", "properties": { "element": "way", "id": 368781664, "amenity": "hospital", "shop": null, "name": null }, "geometry": { "type": "Point", "coordinates": [ 72.582018380005209, 23.122065431299756 ] } },
{ "type": "Feature", "properties": { "element": "way", "id": 368911567, "amenity": null, "shop": null, "name": "Kankaria Football Ground" }, "geometry": { "type": "Point", "coordinates": [ 72.597045709175603, 23.00678711225671 ] } },
{ "type": "Feature", "properties": { "element": "way", "id": 369050491, "amenity": null, "shop": null, "name": "green gujrat nursery" }, "geometry": { "type": "Point", "coordinates": [ 72.523500268418786, 23.054219142788131 ] } },
{ "type": "Feature", "properties": { "element": "way", "id": 369099410, "amenity": "parking", "shop": null, "name": null }, "geometry": { "type": "Point", "coordinates": [ 72.525942950042648, 23.054571950073932 ] } },
{ "type": "Feature", "properties": { "element": "way", "id": 369211522, "amenity": null, "shop": null, "name": "The Fern Hotel" }, "geometry": { "type": "Point", "coordinates": [ 72.522319599795978, 23.064470649813209 ] } },
{ "type": "Feature", "properties": { "element": "way", "id": 369655295, "amenity": null, "shop": null, "name": "divya farm nursery" }, "geometry": { "type": "Point", "coordinates": [ 72.529421699998721, 23.057823150009167 ] } },
{ "type": "Feature", "properties": { "element": "way", "id": 369657149, "amenity": null, "shop": "mall", "name": "Agora Mall" }, "geometry": { "type": "Point", "coordinates": [ 72.624614231267358, 23.118534195156347 ] } },
{ "type": "Feature", "properties": { "element": "way", "id": 373556828, "amenity": null, "shop": null, "name": "Torrent Power" }, "geometry": { "type": "Point", "coordinates": [ 72.514375027090438, 23.027184339341183 ] } },
{ "type": "Feature", "properties": { "element": "way", "id": 374253739, "amenity": "restaurant", "shop": null, "name": null }, "geometry": { "type": "Point", "coordinates": [ 72.560922455273328, 23.03425129027239 ] } },
{ "type": "Feature", "properties": { "element": "way", "id": 374253740, "amenity": "restaurant", "shop": null, "name": null }, "geometry": { "type": "Point", "coordinates": [ 72.561328807260864, 23.034446243434846 ] } },
{ "type": "Feature", "properties": { "element": "way", "id": 374253742, "amenity": "restaurant", "shop": null, "name": "chocolate room" }, "geometry": { "type": "Point", "coordinates": [ 72.561187759022488, 23.034470156621627 ] } },
{ "type": "Feature", "properties": { "element": "way", "id": 374253743, "amenity": "restaurant", "shop": null, "name": "waah" }, "geometry": { "type": "Point", "coordinates": [ 72.561009958259632, 23.034232476119545 ] } },
{ "type": "Feature", "properties": { "element": "way", "id": 374253744, "amenity": "restaurant", "shop": null, "name": "purohit" }, "geometry": { "type": "Point", "coordinates": [ 72.561097726358611, 23.034215440309193 ] } },
{ "type": "Feature", "properties": { "element": "way", "id": 374253745, "amenity": "restaurant", "shop": null, "name": "havmore" }, "geometry": { "type": "Point", "coordinates": [ 72.560843542838853, 23.034265092882318 ] } },
{ "type": "Feature", "properties": { "element": "way", "id": 374254670, "amenity": null, "shop": null, "name": null }, "geometry": { "type": "Point", "coordinates": [ 72.544636938590372, 23.041948719199667 ] } },
{ "type": "Feature", "properties": { "element": "way", "id": 374254671, "amenity": null, "shop": null, "name": "hostel" }, "geometry": { "type": "Point", "coordinates": [ 72.545198982296242, 23.041567202678841 ] } },
{ "type": "Feature", "properties": { "element": "way", "id": 374254672, "amenity": null, "shop": null, "name": "hostel" }, "geometry": { "type": "Point", "coordinates": [ 72.544670661551336, 23.041145660819858 ] } },
{ "type": "Feature", "properties": { "element": "way", "id": 374254673, "amenity": null, "shop": null, "name": "hostel" }, "geometry": { "type": "Point", "coordinates": [ 72.545700284603583, 23.041155110553806 ] } },
{ "type": "Feature", "properties": { "element": "way", "id": 374254674, "amenity": null, "shop": null, "name": "hostel" }, "geometry": { "type": "Point", "coordinates": [ 72.544032436336849, 23.040732648384221 ] } },
{ "type": "Feature", "properties": { "element": "way", "id": 374254675, "amenity": null, "shop": null, "name": "hostel" }, "geometry": { "type": "Point", "coordinates": [ 72.54452887418546, 23.040346940738093 ] } },
{ "type": "Feature", "properties": { "element": "way", "id": 374254676, "amenity": null, "shop": null, "name": "hostel" }, "geometry": { "type": "Point", "coordinates": [ 72.545098986804206, 23.03992481355511 ] } },
{ "type": "Feature", "properties": { "element": "way", "id": 374254677, "amenity": null, "shop": null, "name": "hostel" }, "geometry": { "type": "Point", "coordinates": [ 72.545740423101677, 23.042804027042592 ] } },
{ "type": "Feature", "properties": { "element": "way", "id": 374254678, "amenity": null, "shop": null, "name": "hostel" }, "geometry": { "type": "Point", "coordinates": [ 72.545747416987993, 23.042298877817871 ] } },
{ "type": "Feature", "properties": { "element": "way", "id": 374254679, "amenity": null, "shop": null, "name": "hostel" }, "geometry": { "type": "Point", "coordinates": [ 72.545961684452664, 23.043307573677136 ] } },
{ "type": "Feature", "properties": { "element": "way", "id": 374254687, "amenity": null, "shop": null, "name": "hostel" }, "geometry": { "type": "Point", "coordinates": [ 72.542145534366441, 23.04152618656347 ] } },
{ "type": "Feature", "properties": { "element": "way", "id": 374254688, "amenity": null, "shop": null, "name": "hostel" }, "geometry": { "type": "Point", "coordinates": [ 72.541628245642059, 23.041933221372389 ] } },
{ "type": "Feature", "properties": { "element": "way", "id": 374261182, "amenity": null, "shop": null, "name": "North Lawns" }, "geometry": { "type": "Point", "coordinates": [ 72.550021373059238, 23.038417337838247 ] } },
{ "type": "Feature", "properties": { "element": "way", "id": 374536931, "amenity": null, "shop": null, "name": null }, "geometry": { "type": "Point", "coordinates": [ 72.550549775059707, 23.036949386991679 ] } },
{ "type": "Feature", "properties": { "element": "way", "id": 374537509, "amenity": "restaurant", "shop": null, "name": null }, "geometry": { "type": "Point", "coordinates": [ 72.549250894708152, 23.037842174557667 ] } },
{ "type": "Feature", "properties": { "element": "way", "id": 374541315, "amenity": null, "shop": null, "name": null }, "geometry": { "type": "Point", "coordinates": [ 72.52557483721003, 23.043949396358322 ] } },
{ "type": "Feature", "properties": { "element": "way", "id": 374541316, "amenity": null, "shop": null, "name": null }, "geometry": { "type": "Point", "coordinates": [ 72.526260219150473, 23.043667761720446 ] } },
{ "type": "Feature", "properties": { "element": "way", "id": 374922964, "amenity": "parking", "shop": null, "name": null }, "geometry": { "type": "Point", "coordinates": [ 72.550567813911684, 23.037882782878231 ] } },
{ "type": "Feature", "properties": { "element": "way", "id": 374922965, "amenity": "parking", "shop": null, "name": null }, "geometry": { "type": "Point", "coordinates": [ 72.550598774875851, 23.036713902637583 ] } },
{ "type": "Feature", "properties": { "element": "way", "id": 374922966, "amenity": "parking", "shop": null, "name": null }, "geometry": { "type": "Point", "coordinates": [ 72.550137966472064, 23.036312530313605 ] } },
{ "type": "Feature", "properties": { "element": "way", "id": 376974751, "amenity": "library", "shop": null, "name": "Gujarat University Library" }, "geometry": { "type": "Point", "coordinates": [ 72.547831723422448, 23.038270821434594 ] } },
{ "type": "Feature", "properties": { "element": "way", "id": 378472724, "amenity": "place_of_worship", "shop": null, "name": "Parasnagar Jain Derasar" }, "geometry": { "type": "Point", "coordinates": [ 72.544306940321491, 23.054050336366153 ] } },
{ "type": "Feature", "properties": { "element": "way", "id": 378473414, "amenity": "bus_station", "shop": null, "name": "Parasnagar BRTS stand" }, "geometry": { "type": "Point", "coordinates": [ 72.54323243428226, 23.055545258714901 ] } },
{ "type": "Feature", "properties": { "element": "way", "id": 378473566, "amenity": "bus_station", "shop": null, "name": "Sola cross road BRTS stand" }, "geometry": { "type": "Point", "coordinates": [ 72.546803486125725, 23.052729512028716 ] } },
{ "type": "Feature", "properties": { "element": "way", "id": 381421363, "amenity": null, "shop": null, "name": "Usmanpura Garden" }, "geometry": { "type": "Point", "coordinates": [ 72.568581927743125, 23.047449908357255 ] } },
{ "type": "Feature", "properties": { "element": "way", "id": 395042029, "amenity": "social_facility", "shop": null, "name": "Andhajan Mandal" }, "geometry": { "type": "Point", "coordinates": [ 72.535219284867168, 23.035061546984647 ] } },
{ "type": "Feature", "properties": { "element": "way", "id": 401449775, "amenity": null, "shop": null, "name": null }, "geometry": { "type": "Point", "coordinates": [ 72.660503326820645, 23.153871876382915 ] } },
{ "type": "Feature", "properties": { "element": "way", "id": 401449776, "amenity": null, "shop": null, "name": null }, "geometry": { "type": "Point", "coordinates": [ 72.661194099762739, 23.153691281118302 ] } },
{ "type": "Feature", "properties": { "element": "way", "id": 401450190, "amenity": null, "shop": null, "name": null }, "geometry": { "type": "Point", "coordinates": [ 72.659721781452262, 23.153756040610965 ] } },
{ "type": "Feature", "properties": { "element": "way", "id": 401450192, "amenity": null, "shop": null, "name": null }, "geometry": { "type": "Point", "coordinates": [ 72.661794899602242, 23.153162349965267 ] } },
{ "type": "Feature", "properties": { "element": "way", "id": 404227760, "amenity": "cafe", "shop": null, "name": "MG Science Canteen" }, "geometry": { "type": "Point", "coordinates": [ 72.551415050004934, 23.034746099995466 ] } },
{ "type": "Feature", "properties": { "element": "way", "id": 405691628, "amenity": null, "shop": null, "name": "PRL Guesthouse" }, "geometry": { "type": "Point", "coordinates": [ 72.53782596670213, 23.03249905747748 ] } },
{ "type": "Feature", "properties": { "element": "way", "id": 425878390, "amenity": "place_of_worship", "shop": null, "name": "BAPS sanskardham" }, "geometry": { "type": "Point", "coordinates": [ 72.560485457957597, 23.079755378143496 ] } },
{ "type": "Feature", "properties": { "element": "way", "id": 435763905, "amenity": null, "shop": null, "name": null }, "geometry": { "type": "Point", "coordinates": [ 72.514528500007046, 23.038307600013724 ] } },
{ "type": "Feature", "properties": { "element": "way", "id": 444752374, "amenity": "industrial", "shop": null, "name": "Sardar patel industrial estate" }, "geometry": { "type": "Point", "coordinates": [ 72.58939795548423, 22.962758587056779 ] } },
{ "type": "Feature", "properties": { "element": "way", "id": 446611274, "amenity": "police", "shop": null, "name": "Vejalpur Police Chowky" }, "geometry": { "type": "Point", "coordinates": [ 72.522662399997614, 23.004101300004098 ] } },
{ "type": "Feature", "properties": { "element": "way", "id": 446611640, "amenity": "school", "shop": null, "name": "Anand Niketan" }, "geometry": { "type": "Point", "coordinates": [ 72.507250153638964, 23.021829523565746 ] } },
{ "type": "Feature", "properties": { "element": "way", "id": 446611641, "amenity": null, "shop": null, "name": null }, "geometry": { "type": "Point", "coordinates": [ 72.506885349901495, 23.022035400434454 ] } },
{ "type": "Feature", "properties": { "element": "way", "id": 446613955, "amenity": "motorcycle_parking", "shop": null, "name": null }, "geometry": { "type": "Point", "coordinates": [ 72.531295970389493, 23.039431418124877 ] } },
{ "type": "Feature", "properties": { "element": "way", "id": 451491950, "amenity": null, "shop": null, "name": "Appartment Park" }, "geometry": { "type": "Point", "coordinates": [ 72.665910877595351, 23.077512387537087 ] } },
{ "type": "Feature", "properties": { "element": "way", "id": 451497109, "amenity": null, "shop": null, "name": null }, "geometry": { "type": "Point", "coordinates": [ 72.661699851274534, 23.055777533372435 ] } },
{ "type": "Feature", "properties": { "element": "way", "id": 451497164, "amenity": null, "shop": null, "name": null }, "geometry": { "type": "Point", "coordinates": [ 72.663013316934297, 23.054655615222792 ] } },
{ "type": "Feature", "properties": { "element": "way", "id": 451497165, "amenity": null, "shop": null, "name": null }, "geometry": { "type": "Point", "coordinates": [ 72.662903867934048, 23.055594867696687 ] } },
{ "type": "Feature", "properties": { "element": "way", "id": 451498913, "amenity": null, "shop": null, "name": null }, "geometry": { "type": "Point", "coordinates": [ 72.664154218086708, 23.0579830043459 ] } },
{ "type": "Feature", "properties": { "element": "way", "id": 451500298, "amenity": "fast_food", "shop": null, "name": "kAKA Ni Bhaji pav" }, "geometry": { "type": "Point", "coordinates": [ 72.67193523942683, 23.111021504659345 ] } },
{ "type": "Feature", "properties": { "element": "way", "id": 451501638, "amenity": "bus_station", "shop": null, "name": "Ranip GSRTC" }, "geometry": { "type": "Point", "coordinates": [ 72.575720474824195, 23.068358072592797 ] } },
{ "type": "Feature", "properties": { "element": "way", "id": 451513556, "amenity": null, "shop": null, "name": "Madhuvan Green Party Plot ,Nikol" }, "geometry": { "type": "Point", "coordinates": [ 72.671867950742211, 23.058938701828872 ] } },
{ "type": "Feature", "properties": { "element": "way", "id": 451514771, "amenity": "restaurant", "shop": null, "name": "Kathiyawadi" }, "geometry": { "type": "Point", "coordinates": [ 72.672011735030679, 23.058125293847461 ] } },
{ "type": "Feature", "properties": { "element": "way", "id": 451548141, "amenity": "nightclub", "shop": null, "name": "Rifle Club" }, "geometry": { "type": "Point", "coordinates": [ 72.576290892565709, 23.035130544857282 ] } },
{ "type": "Feature", "properties": { "element": "way", "id": 451817621, "amenity": null, "shop": null, "name": null }, "geometry": { "type": "Point", "coordinates": [ 72.539928754230033, 23.043853006151881 ] } },
{ "type": "Feature", "properties": { "element": "way", "id": 451817622, "amenity": null, "shop": null, "name": null }, "geometry": { "type": "Point", "coordinates": [ 72.540240233097663, 23.043163286018153 ] } },
{ "type": "Feature", "properties": { "element": "way", "id": 451817623, "amenity": null, "shop": null, "name": null }, "geometry": { "type": "Point", "coordinates": [ 72.540776216269734, 23.043956164099743 ] } },
{ "type": "Feature", "properties": { "element": "way", "id": 451817625, "amenity": null, "shop": null, "name": null }, "geometry": { "type": "Point", "coordinates": [ 72.539115166048731, 23.042362793773048 ] } },
{ "type": "Feature", "properties": { "element": "way", "id": 451821946, "amenity": "place_of_worship", "shop": null, "name": "Koteshwar Mahadev Temple / Mandir" }, "geometry": { "type": "Point", "coordinates": [ 72.61190990737957, 23.094482594610106 ] } },
{ "type": "Feature", "properties": { "element": "way", "id": 451822431, "amenity": "college", "shop": null, "name": "Institute For Plasma Research ,IPR,Bhat" }, "geometry": { "type": "Point", "coordinates": [ 72.624740141023665, 23.098146620255211 ] } },
{ "type": "Feature", "properties": { "element": "way", "id": 451862686, "amenity": "university", "shop": null, "name": "Gujrat Vidhyapeeth" }, "geometry": { "type": "Point", "coordinates": [ 72.569240147321409, 23.043898644017684 ] } },
{ "type": "Feature", "properties": { "element": "way", "id": 452010439, "amenity": null, "shop": null, "name": "Kubernagar garden" }, "geometry": { "type": "Point", "coordinates": [ 72.641960106840656, 23.075093155476466 ] } },
{ "type": "Feature", "properties": { "element": "way", "id": 452061105, "amenity": null, "shop": null, "name": null }, "geometry": { "type": "Point", "coordinates": [ 72.576816945248751, 23.06804993193742 ] } },
{ "type": "Feature", "properties": { "element": "way", "id": 452061106, "amenity": null, "shop": null, "name": null }, "geometry": { "type": "Point", "coordinates": [ 72.577175745258671, 23.06825826668743 ] } },
{ "type": "Feature", "properties": { "element": "way", "id": 452634274, "amenity": "parking", "shop": null, "name": "Gandhi corporation Parking" }, "geometry": { "type": "Point", "coordinates": [ 72.54095132371873, 23.044815731515332 ] } },
{ "type": "Feature", "properties": { "element": "way", "id": 452834975, "amenity": null, "shop": null, "name": null }, "geometry": { "type": "Point", "coordinates": [ 72.627170933696959, 23.086140292463412 ] } },
{ "type": "Feature", "properties": { "element": "way", "id": 454803806, "amenity": null, "shop": null, "name": null }, "geometry": { "type": "Point", "coordinates": [ 72.540338826961019, 23.167467702317872 ] } },
{ "type": "Feature", "properties": { "element": "way", "id": 454862683, "amenity": null, "shop": null, "name": null }, "geometry": { "type": "Point", "coordinates": [ 72.541108630043581, 23.160956851918698 ] } },
{ "type": "Feature", "properties": { "element": "way", "id": 454862684, "amenity": null, "shop": null, "name": null }, "geometry": { "type": "Point", "coordinates": [ 72.531189516459392, 23.171109444431448 ] } },
{ "type": "Feature", "properties": { "element": "way", "id": 454868096, "amenity": null, "shop": null, "name": "Cricket Field" }, "geometry": { "type": "Point", "coordinates": [ 72.540415494154601, 23.167479345382315 ] } },
{ "type": "Feature", "properties": { "element": "way", "id": 454888532, "amenity": null, "shop": "mall", "name": "Shoppers’ Plaza" }, "geometry": { "type": "Point", "coordinates": [ 72.539331597678029, 23.163998298908222 ] } },
{ "type": "Feature", "properties": { "element": "way", "id": 454888536, "amenity": null, "shop": null, "name": "Tennis Courts" }, "geometry": { "type": "Point", "coordinates": [ 72.537574450041518, 23.170345250452268 ] } },
{ "type": "Feature", "properties": { "element": "way", "id": 456784602, "amenity": "parking", "shop": null, "name": null }, "geometry": { "type": "Point", "coordinates": [ 72.600526891443067, 23.027274287842133 ] } },
{ "type": "Feature", "properties": { "element": "way", "id": 456784605, "amenity": "parking", "shop": null, "name": null }, "geometry": { "type": "Point", "coordinates": [ 72.600504284707, 23.025914313136166 ] } },
{ "type": "Feature", "properties": { "element": "way", "id": 460141581, "amenity": null, "shop": null, "name": "Novotel Ahmedabad" }, "geometry": { "type": "Point", "coordinates": [ 72.507310584941322, 23.023979152559505 ] } },
{ "type": "Feature", "properties": { "element": "way", "id": 460817473, "amenity": null, "shop": null, "name": "Tomb of Ahmad Shah" }, "geometry": { "type": "Point", "coordinates": [ 72.587921417385132, 23.023791604882728 ] } },
{ "type": "Feature", "properties": { "element": "way", "id": 461795952, "amenity": null, "shop": null, "name": null }, "geometry": { "type": "Point", "coordinates": [ 72.539938632372838, 23.00771377275278 ] } },
{ "type": "Feature", "properties": { "element": "way", "id": 462035356, "amenity": "place_of_worship", "shop": null, "name": "Kashi-Vishvanath Temple" }, "geometry": { "type": "Point", "coordinates": [ 72.565638097863811, 23.082710939531118 ] } },
{ "type": "Feature", "properties": { "element": "way", "id": 462146716, "amenity": null, "shop": null, "name": "Municipal Garden" }, "geometry": { "type": "Point", "coordinates": [ 72.56747340632198, 23.078942597511485 ] } },
{ "type": "Feature", "properties": { "element": "way", "id": 462300706, "amenity": null, "shop": null, "name": "Senior Citizen Park-AMC" }, "geometry": { "type": "Point", "coordinates": [ 72.566946092811676, 23.081587691560898 ] } },
{ "type": "Feature", "properties": { "element": "way", "id": 462300881, "amenity": "place_of_worship", "shop": null, "name": "Swaminarayan- BAPS Temple" }, "geometry": { "type": "Point", "coordinates": [ 72.56660193159621, 23.081133487723616 ] } },
{ "type": "Feature", "properties": { "element": "way", "id": 462302156, "amenity": "place_of_worship", "shop": null, "name": "Temple" }, "geometry": { "type": "Point", "coordinates": [ 72.567023930674097, 23.080068969347437 ] } },
{ "type": "Feature", "properties": { "element": "way", "id": 462303087, "amenity": null, "shop": null, "name": "AMC-Garden" }, "geometry": { "type": "Point", "coordinates": [ 72.562337322521813, 23.082352891737848 ] } },
{ "type": "Feature", "properties": { "element": "way", "id": 462303433, "amenity": null, "shop": null, "name": "AMC- Garden" }, "geometry": { "type": "Point", "coordinates": [ 72.56346379346337, 23.080928840887509 ] } },
{ "type": "Feature", "properties": { "element": "way", "id": 463206266, "amenity": null, "shop": null, "name": "Riverfront Park" }, "geometry": { "type": "Point", "coordinates": [ 72.582150613181341, 23.056662660584941 ] } },
{ "type": "Feature", "properties": { "element": "way", "id": 468008726, "amenity": null, "shop": null, "name": "Jethabhai Parmar Garden" }, "geometry": { "type": "Point", "coordinates": [ 72.600962017414716, 23.049026862142554 ] } },
{ "type": "Feature", "properties": { "element": "way", "id": 469342324, "amenity": null, "shop": null, "name": "Oxygen Park" }, "geometry": { "type": "Point", "coordinates": [ 72.629474803529305, 22.984522228282792 ] } },
{ "type": "Feature", "properties": { "element": "way", "id": 472446481, "amenity": null, "shop": null, "name": "Malav Talav" }, "geometry": { "type": "Point", "coordinates": [ 72.539613828282469, 23.00695798417258 ] } },
{ "type": "Feature", "properties": { "element": "way", "id": 472449238, "amenity": null, "shop": null, "name": null }, "geometry": { "type": "Point", "coordinates": [ 72.549740386270756, 23.004701817114864 ] } },
{ "type": "Feature", "properties": { "element": "way", "id": 472449239, "amenity": null, "shop": null, "name": "Vir Savarkar Vasna Municipal Swimming Pool" }, "geometry": { "type": "Point", "coordinates": [ 72.549813925478873, 23.004532366121097 ] } },
{ "type": "Feature", "properties": { "element": "way", "id": 472449240, "amenity": "place_of_worship", "shop": null, "name": null }, "geometry": { "type": "Point", "coordinates": [ 72.548982033033909, 23.003928604252842 ] } },
{ "type": "Feature", "properties": { "element": "way", "id": 473548570, "amenity": "events_venue", "shop": null, "name": "Jalsa Party Plot" }, "geometry": { "type": "Point", "coordinates": [ 72.518363848321783, 23.055348065351403 ] } },
{ "type": "Feature", "properties": { "element": "way", "id": 484906577, "amenity": "library", "shop": null, "name": "Lilavati Lalbhai Library" }, "geometry": { "type": "Point", "coordinates": [ 72.549995911199701, 23.037220686566478 ] } },
{ "type": "Feature", "properties": { "element": "way", "id": 486964180, "amenity": null, "shop": null, "name": null }, "geometry": { "type": "Point", "coordinates": [ 72.514967973033635, 23.055395233390229 ] } },
{ "type": "Feature", "properties": { "element": "way", "id": 487512848, "amenity": "hospital", "shop": null, "name": "Infocus Diagnostics" }, "geometry": { "type": "Point", "coordinates": [ 72.562702203146259, 23.039402528037961 ] } },
{ "type": "Feature", "properties": { "element": "way", "id": 487512858, "amenity": "hospital", "shop": null, "name": "Deep Urosurgical Hospital" }, "geometry": { "type": "Point", "coordinates": [ 72.56265095756487, 23.040041148840896 ] } },
{ "type": "Feature", "properties": { "element": "way", "id": 487512941, "amenity": "hospital", "shop": null, "name": "Nidhi Hospital, Ahmedabad" }, "geometry": { "type": "Point", "coordinates": [ 72.56139750691905, 23.040092806546568 ] } },
{ "type": "Feature", "properties": { "element": "way", "id": 487512942, "amenity": "hospital", "shop": null, "name": null }, "geometry": { "type": "Point", "coordinates": [ 72.561382449993246, 23.04025747084518 ] } },
{ "type": "Feature", "properties": { "element": "way", "id": 487820087, "amenity": "toilets", "shop": null, "name": null }, "geometry": { "type": "Point", "coordinates": [ 72.494337444210302, 23.040951770651105 ] } },
{ "type": "Feature", "properties": { "element": "way", "id": 487820108, "amenity": null, "shop": null, "name": "Gotila Garden Talav" }, "geometry": { "type": "Point", "coordinates": [ 72.494376284250492, 23.039777741679327 ] } },
{ "type": "Feature", "properties": { "element": "way", "id": 487933774, "amenity": null, "shop": "clothes", "name": "Monte Carlo Exclusive Showroom" }, "geometry": { "type": "Point", "coordinates": [ 72.531457042444458, 23.039919182652717 ] } },
{ "type": "Feature", "properties": { "element": "way", "id": 488630526, "amenity": null, "shop": null, "name": "Physical Research Laboratory" }, "geometry": { "type": "Point", "coordinates": [ 72.542746743868364, 23.035762542752838 ] } },
{ "type": "Feature", "properties": { "element": "way", "id": 493967188, "amenity": "place_of_worship", "shop": null, "name": "Samartheshwar Mahadev Temple" }, "geometry": { "type": "Point", "coordinates": [ 72.559787191369551, 23.028220204607852 ] } },
{ "type": "Feature", "properties": { "element": "way", "id": 499625055, "amenity": "place_of_worship", "shop": null, "name": "Sarkhej Roza" }, "geometry": { "type": "Point", "coordinates": [ 72.505454812881638, 22.993477020442995 ] } },
{ "type": "Feature", "properties": { "element": "way", "id": 499625056, "amenity": "place_of_worship", "shop": null, "name": null }, "geometry": { "type": "Point", "coordinates": [ 72.503237690269174, 22.988053194316681 ] } },
{ "type": "Feature", "properties": { "element": "way", "id": 499625057, "amenity": "place_of_worship", "shop": null, "name": null }, "geometry": { "type": "Point", "coordinates": [ 72.507220191354492, 22.983406042152389 ] } },
{ "type": "Feature", "properties": { "element": "way", "id": 499625059, "amenity": "grave_yard", "shop": null, "name": null }, "geometry": { "type": "Point", "coordinates": [ 72.505741135589389, 22.986168819063376 ] } },
{ "type": "Feature", "properties": { "element": "way", "id": 499625060, "amenity": "grave_yard", "shop": null, "name": null }, "geometry": { "type": "Point", "coordinates": [ 72.507590850144737, 22.991385845279336 ] } },
{ "type": "Feature", "properties": { "element": "way", "id": 499625061, "amenity": "grave_yard", "shop": null, "name": null }, "geometry": { "type": "Point", "coordinates": [ 72.50680980208277, 22.992251492892393 ] } },
{ "type": "Feature", "properties": { "element": "way", "id": 522354375, "amenity": null, "shop": null, "name": "French Haveli" }, "geometry": { "type": "Point", "coordinates": [ 72.591736915832954, 23.018866018141779 ] } },
{ "type": "Feature", "properties": { "element": "way", "id": 522357001, "amenity": null, "shop": null, "name": "Deewanji Ni Haveli" }, "geometry": { "type": "Point", "coordinates": [ 72.591234589448945, 23.022702921181143 ] } },
{ "type": "Feature", "properties": { "element": "way", "id": 522455452, "amenity": null, "shop": null, "name": "Dodhia Haveli" }, "geometry": { "type": "Point", "coordinates": [ 72.590191623400969, 23.027141653039848 ] } },
{ "type": "Feature", "properties": { "element": "way", "id": 526128440, "amenity": "marketplace", "shop": null, "name": "Old Gujari Bazaar (Sunday Market)" }, "geometry": { "type": "Point", "coordinates": [ 72.577415520364468, 23.021436759034795 ] } },
{ "type": "Feature", "properties": { "element": "way", "id": 526388325, "amenity": null, "shop": null, "name": "Flower Park, Sabarmati Riverfront" }, "geometry": { "type": "Point", "coordinates": [ 72.573665472283423, 23.018941364507668 ] } },
{ "type": "Feature", "properties": { "element": "way", "id": 528401451, "amenity": "parking", "shop": null, "name": null }, "geometry": { "type": "Point", "coordinates": [ 72.578137799421569, 23.01993630340851 ] } },
{ "type": "Feature", "properties": { "element": "way", "id": 528402621, "amenity": null, "shop": null, "name": null }, "geometry": { "type": "Point", "coordinates": [ 72.577567528164494, 23.020561694173171 ] } },
{ "type": "Feature", "properties": { "element": "way", "id": 529227105, "amenity": "place_of_worship", "shop": null, "name": "Ganpati Mandir" }, "geometry": { "type": "Point", "coordinates": [ 72.530161911314053, 23.037631665747465 ] } },
{ "type": "Feature", "properties": { "element": "way", "id": 529678702, "amenity": null, "shop": null, "name": null }, "geometry": { "type": "Point", "coordinates": [ 72.621859667086326, 23.072185775023289 ] } },
{ "type": "Feature", "properties": { "element": "way", "id": 530525406, "amenity": null, "shop": null, "name": "Science City" }, "geometry": { "type": "Point", "coordinates": [ 72.494564376648285, 23.077368582889338 ] } },
{ "type": "Feature", "properties": { "element": "way", "id": 530527764, "amenity": null, "shop": null, "name": "Energy Park" }, "geometry": { "type": "Point", "coordinates": [ 72.494467355346956, 23.080710291180949 ] } },
{ "type": "Feature", "properties": { "element": "way", "id": 530527770, "amenity": null, "shop": null, "name": "Life Science Park" }, "geometry": { "type": "Point", "coordinates": [ 72.494793379041184, 23.079605280415841 ] } },
{ "type": "Feature", "properties": { "element": "way", "id": 530532062, "amenity": "fountain", "shop": null, "name": "Musical Fountain" }, "geometry": { "type": "Point", "coordinates": [ 72.494150457171131, 23.081923309471634 ] } },
{ "type": "Feature", "properties": { "element": "way", "id": 530535805, "amenity": "theatre", "shop": null, "name": null }, "geometry": { "type": "Point", "coordinates": [ 72.496787390981552, 23.079961562995436 ] } },
{ "type": "Feature", "properties": { "element": "way", "id": 530535807, "amenity": null, "shop": null, "name": "Children Activity Centre" }, "geometry": { "type": "Point", "coordinates": [ 72.496007854130951, 23.080217545172506 ] } },
{ "type": "Feature", "properties": { "element": "way", "id": 530535808, "amenity": "theatre", "shop": null, "name": "IMAX" }, "geometry": { "type": "Point", "coordinates": [ 72.497810704182172, 23.079254087563129 ] } },
{ "type": "Feature", "properties": { "element": "way", "id": 530535812, "amenity": null, "shop": "dairy", "name": "Amul Parlour" }, "geometry": { "type": "Point", "coordinates": [ 72.495537582016482, 23.080746819365288 ] } },
{ "type": "Feature", "properties": { "element": "way", "id": 530535817, "amenity": "parking", "shop": null, "name": null }, "geometry": { "type": "Point", "coordinates": [ 72.496047970145241, 23.081410858056 ] } },
{ "type": "Feature", "properties": { "element": "way", "id": 530535818, "amenity": null, "shop": "clothes", "name": "Steps" }, "geometry": { "type": "Point", "coordinates": [ 72.494402393016259, 23.081621201617992 ] } },
{ "type": "Feature", "properties": { "element": "way", "id": 530559146, "amenity": null, "shop": null, "name": null }, "geometry": { "type": "Point", "coordinates": [ 72.425396412906494, 23.032157158401255 ] } },
{ "type": "Feature", "properties": { "element": "way", "id": 531442556, "amenity": null, "shop": null, "name": null }, "geometry": { "type": "Point", "coordinates": [ 72.463486089987896, 22.983830475104845 ] } },
{ "type": "Feature", "properties": { "element": "way", "id": 531442557, "amenity": null, "shop": null, "name": null }, "geometry": { "type": "Point", "coordinates": [ 72.464182475694571, 22.983568043715611 ] } },
{ "type": "Feature", "properties": { "element": "way", "id": 531464777, "amenity": null, "shop": null, "name": null }, "geometry": { "type": "Point", "coordinates": [ 72.427461577613897, 23.10068318665839 ] } },
{ "type": "Feature", "properties": { "element": "way", "id": 531468267, "amenity": null, "shop": null, "name": null }, "geometry": { "type": "Point", "coordinates": [ 72.457821026409917, 22.973137256692826 ] } },
{ "type": "Feature", "properties": { "element": "way", "id": 531468268, "amenity": null, "shop": null, "name": null }, "geometry": { "type": "Point", "coordinates": [ 72.45920859999265, 22.972688500049401 ] } },
{ "type": "Feature", "properties": { "element": "way", "id": 531468269, "amenity": null, "shop": null, "name": null }, "geometry": { "type": "Point", "coordinates": [ 72.459613465106514, 22.972651482381938 ] } },
{ "type": "Feature", "properties": { "element": "way", "id": 531468270, "amenity": null, "shop": null, "name": null }, "geometry": { "type": "Point", "coordinates": [ 72.458490192385781, 22.973014045319616 ] } },
{ "type": "Feature", "properties": { "element": "way", "id": 531471608, "amenity": null, "shop": null, "name": null }, "geometry": { "type": "Point", "coordinates": [ 72.451197999996651, 22.980229200016002 ] } },
{ "type": "Feature", "properties": { "element": "way", "id": 531471609, "amenity": null, "shop": null, "name": null }, "geometry": { "type": "Point", "coordinates": [ 72.451652275470138, 22.980254344381017 ] } },
{ "type": "Feature", "properties": { "element": "way", "id": 531677756, "amenity": "fountain", "shop": null, "name": null }, "geometry": { "type": "Point", "coordinates": [ 72.456422529796242, 22.998997170105188 ] } },
{ "type": "Feature", "properties": { "element": "way", "id": 536796728, "amenity": null, "shop": null, "name": null }, "geometry": { "type": "Point", "coordinates": [ 72.72846412210879, 23.011550165796713 ] } },
{ "type": "Feature", "properties": { "element": "way", "id": 536797020, "amenity": null, "shop": null, "name": null }, "geometry": { "type": "Point", "coordinates": [ 72.727911477190275, 23.010199645642391 ] } },
{ "type": "Feature", "properties": { "element": "way", "id": 538912246, "amenity": null, "shop": null, "name": "Workshop(W-block)" }, "geometry": { "type": "Point", "coordinates": [ 72.542995636333217, 23.128381270835714 ] } },
{ "type": "Feature", "properties": { "element": "way", "id": 538916019, "amenity": null, "shop": null, "name": "Tennis Court" }, "geometry": { "type": "Point", "coordinates": [ 72.546719596299738, 23.125941526494859 ] } },
{ "type": "Feature", "properties": { "element": "way", "id": 538916426, "amenity": null, "shop": null, "name": "Botanical Garden" }, "geometry": { "type": "Point", "coordinates": [ 72.548272288872511, 23.1295315815475 ] } },
{ "type": "Feature", "properties": { "element": "way", "id": 538924827, "amenity": null, "shop": null, "name": "Cricket Ground" }, "geometry": { "type": "Point", "coordinates": [ 72.54681866245943, 23.126879857475899 ] } },
{ "type": "Feature", "properties": { "element": "way", "id": 538925023, "amenity": null, "shop": null, "name": null }, "geometry": { "type": "Point", "coordinates": [ 72.542975588690055, 23.130032771375131 ] } },
{ "type": "Feature", "properties": { "element": "way", "id": 538925997, "amenity": "parking", "shop": null, "name": "Management Parking" }, "geometry": { "type": "Point", "coordinates": [ 72.546828470141193, 23.130084289355839 ] } },
{ "type": "Feature", "properties": { "element": "way", "id": 538937452, "amenity": null, "shop": null, "name": "Institute of Science(S-block)" }, "geometry": { "type": "Point", "coordinates": [ 72.547667058236712, 23.12811176500967 ] } },
{ "type": "Feature", "properties": { "element": "way", "id": 538938317, "amenity": "restaurant", "shop": null, "name": "Pharma Canteen(F1)" }, "geometry": { "type": "Point", "coordinates": [ 72.547316022843276, 23.128280695034135 ] } },
{ "type": "Feature", "properties": { "element": "way", "id": 538938874, "amenity": "parking_space", "shop": null, "name": null }, "geometry": { "type": "Point", "coordinates": [ 72.544539776627559, 23.128847415131403 ] } },
{ "type": "Feature", "properties": { "element": "way", "id": 538939140, "amenity": null, "shop": null, "name": "New Building" }, "geometry": { "type": "Point", "coordinates": [ 72.545272940502713, 23.128801227933707 ] } },
{ "type": "Feature", "properties": { "element": "way", "id": 538940490, "amenity": null, "shop": null, "name": "Girls Hostel(H2)" }, "geometry": { "type": "Point", "coordinates": [ 72.545500211481681, 23.127514969359321 ] } },
{ "type": "Feature", "properties": { "element": "way", "id": 538942394, "amenity": null, "shop": null, "name": "New Boys Hostel(H3)" }, "geometry": { "type": "Point", "coordinates": [ 72.545783002751293, 23.126320205152496 ] } },
{ "type": "Feature", "properties": { "element": "way", "id": 538942919, "amenity": null, "shop": null, "name": "Nirma Mess,  Nirma Gym" }, "geometry": { "type": "Point", "coordinates": [ 72.545700405400424, 23.126870067252092 ] } },
{ "type": "Feature", "properties": { "element": "way", "id": 538943356, "amenity": "school", "shop": null, "name": "Nirma Vidhya Vihar" }, "geometry": { "type": "Point", "coordinates": [ 72.546334101823149, 23.125303266572914 ] } },
{ "type": "Feature", "properties": { "element": "way", "id": 538946980, "amenity": "restaurant", "shop": null, "name": "Law Canteen(F2)" }, "geometry": { "type": "Point", "coordinates": [ 72.545052943868086, 23.127106881455759 ] } },
{ "type": "Feature", "properties": { "element": "way", "id": 544546397, "amenity": null, "shop": null, "name": null }, "geometry": { "type": "Point", "coordinates": [ 72.647698476482603, 23.132104310632215 ] } },
{ "type": "Feature", "properties": { "element": "way", "id": 544549762, "amenity": null, "shop": null, "name": null }, "geometry": { "type": "Point", "coordinates": [ 72.455002354571135, 23.00003074010991 ] } },
{ "type": "Feature", "properties": { "element": "way", "id": 544549763, "amenity": null, "shop": null, "name": null }, "geometry": { "type": "Point", "coordinates": [ 72.455625820957451, 22.999756064452157 ] } },
{ "type": "Feature", "properties": { "element": "way", "id": 544549764, "amenity": null, "shop": null, "name": null }, "geometry": { "type": "Point", "coordinates": [ 72.456137994656743, 23.000214715813886 ] } },
{ "type": "Feature", "properties": { "element": "way", "id": 544550230, "amenity": null, "shop": null, "name": null }, "geometry": { "type": "Point", "coordinates": [ 72.448961074127439, 23.008550128693049 ] } },
{ "type": "Feature", "properties": { "element": "way", "id": 545645100, "amenity": null, "shop": null, "name": null }, "geometry": { "type": "Point", "coordinates": [ 72.500031151525477, 23.1484747631545 ] } },
{ "type": "Feature", "properties": { "element": "way", "id": 545646510, "amenity": null, "shop": null, "name": null }, "geometry": { "type": "Point", "coordinates": [ 72.50227375424258, 23.150302106773015 ] } },
{ "type": "Feature", "properties": { "element": "way", "id": 545653848, "amenity": null, "shop": null, "name": null }, "geometry": { "type": "Point", "coordinates": [ 72.498166799890555, 23.148621750407347 ] } },
{ "type": "Feature", "properties": { "element": "way", "id": 547227515, "amenity": null, "shop": null, "name": "Kankaria Lake - Public Park" }, "geometry": { "type": "Point", "coordinates": [ 72.601604389024047, 23.006105623313335 ] } },
{ "type": "Feature", "properties": { "element": "way", "id": 547228527, "amenity": "cinema", "shop": null, "name": "Apsara Aradhana Movie Theatre" }, "geometry": { "type": "Point", "coordinates": [ 72.5973781525406, 23.003982929571858 ] } },
{ "type": "Feature", "properties": { "element": "way", "id": 547563025, "amenity": null, "shop": null, "name": "High Court Garden" }, "geometry": { "type": "Point", "coordinates": [ 72.524896229721875, 23.079186254264865 ] } },
{ "type": "Feature", "properties": { "element": "way", "id": 547563026, "amenity": null, "shop": null, "name": "High Court Garden" }, "geometry": { "type": "Point", "coordinates": [ 72.525381334320855, 23.080865617333671 ] } },
{ "type": "Feature", "properties": { "element": "way", "id": 547563027, "amenity": null, "shop": null, "name": "High Court Garden" }, "geometry": { "type": "Point", "coordinates": [ 72.525135299630094, 23.080024650055986 ] } },
{ "type": "Feature", "properties": { "element": "way", "id": 547563030, "amenity": null, "shop": null, "name": "High Court Garden" }, "geometry": { "type": "Point", "coordinates": [ 72.525793440926478, 23.079843547460406 ] } },
{ "type": "Feature", "properties": { "element": "way", "id": 547564655, "amenity": "parking", "shop": null, "name": null }, "geometry": { "type": "Point", "coordinates": [ 72.524373205213493, 23.079321146014678 ] } },
{ "type": "Feature", "properties": { "element": "way", "id": 547564656, "amenity": "parking", "shop": null, "name": null }, "geometry": { "type": "Point", "coordinates": [ 72.523837128028163, 23.078904425995454 ] } },
{ "type": "Feature", "properties": { "element": "way", "id": 547568630, "amenity": null, "shop": null, "name": null }, "geometry": { "type": "Point", "coordinates": [ 72.52392604995498, 23.080336150066692 ] } },
{ "type": "Feature", "properties": { "element": "way", "id": 547574335, "amenity": "parking", "shop": null, "name": null }, "geometry": { "type": "Point", "coordinates": [ 72.524691595908877, 23.077461662981641 ] } },
{ "type": "Feature", "properties": { "element": "way", "id": 547574336, "amenity": null, "shop": null, "name": null }, "geometry": { "type": "Point", "coordinates": [ 72.524794881525708, 23.077886870118633 ] } },
{ "type": "Feature", "properties": { "element": "way", "id": 547574337, "amenity": null, "shop": null, "name": null }, "geometry": { "type": "Point", "coordinates": [ 72.523914482792833, 23.077767753027871 ] } },
{ "type": "Feature", "properties": { "element": "way", "id": 547574341, "amenity": "parking", "shop": null, "name": null }, "geometry": { "type": "Point", "coordinates": [ 72.524803007835175, 23.078285759410793 ] } },
{ "type": "Feature", "properties": { "element": "way", "id": 547574344, "amenity": null, "shop": null, "name": null }, "geometry": { "type": "Point", "coordinates": [ 72.524127898455234, 23.078413371028393 ] } },
{ "type": "Feature", "properties": { "element": "way", "id": 547574352, "amenity": null, "shop": null, "name": null }, "geometry": { "type": "Point", "coordinates": [ 72.52265139446591, 23.078399196102247 ] } },
{ "type": "Feature", "properties": { "element": "way", "id": 547574353, "amenity": null, "shop": null, "name": null }, "geometry": { "type": "Point", "coordinates": [ 72.522758440573682, 23.077902321315079 ] } },
{ "type": "Feature", "properties": { "element": "way", "id": 547574355, "amenity": "parking", "shop": null, "name": null }, "geometry": { "type": "Point", "coordinates": [ 72.522175610491672, 23.077952977228602 ] } },
{ "type": "Feature", "properties": { "element": "way", "id": 547576299, "amenity": null, "shop": null, "name": null }, "geometry": { "type": "Point", "coordinates": [ 72.522825745803445, 23.080673289562323 ] } },
{ "type": "Feature", "properties": { "element": "way", "id": 547581974, "amenity": "college", "shop": null, "name": "NIRMA University" }, "geometry": { "type": "Point", "coordinates": [ 72.544624779330221, 23.128211612652485 ] } },
{ "type": "Feature", "properties": { "element": "way", "id": 547590911, "amenity": null, "shop": null, "name": null }, "geometry": { "type": "Point", "coordinates": [ 72.545515671094705, 23.147178434290247 ] } },
{ "type": "Feature", "properties": { "element": "way", "id": 547617475, "amenity": null, "shop": null, "name": null }, "geometry": { "type": "Point", "coordinates": [ 72.651604768064985, 23.119296246238317 ] } },
{ "type": "Feature", "properties": { "element": "way", "id": 547617476, "amenity": "place_of_worship", "shop": null, "name": "Shiv Mandir" }, "geometry": { "type": "Point", "coordinates": [ 72.65169716683512, 23.119316798968047 ] } },
{ "type": "Feature", "properties": { "element": "way", "id": 547617477, "amenity": "place_of_worship", "shop": null, "name": null }, "geometry": { "type": "Point", "coordinates": [ 72.651571950003344, 23.119196950007204 ] } },
{ "type": "Feature", "properties": { "element": "way", "id": 547622943, "amenity": null, "shop": null, "name": null }, "geometry": { "type": "Point", "coordinates": [ 72.658273699261969, 23.104879130878732 ] } },
{ "type": "Feature", "properties": { "element": "way", "id": 547631196, "amenity": "school", "shop": null, "name": "Gujarat Police Academy, Karai" }, "geometry": { "type": "Point", "coordinates": [ 72.649924268918525, 23.132068981710741 ] } },
{ "type": "Feature", "properties": { "element": "way", "id": 548348671, "amenity": null, "shop": null, "name": "EKA Arena (The Arena/TransStadia Arena)" }, "geometry": { "type": "Point", "coordinates": [ 72.59917302848163, 23.010802657822644 ] } },
{ "type": "Feature", "properties": { "element": "way", "id": 548348672, "amenity": null, "shop": null, "name": null }, "geometry": { "type": "Point", "coordinates": [ 72.599132350599135, 23.010992500270557 ] } },
{ "type": "Feature", "properties": { "element": "way", "id": 548348673, "amenity": null, "shop": null, "name": null }, "geometry": { "type": "Point", "coordinates": [ 72.599425949982006, 23.010349950022135 ] } },
{ "type": "Feature", "properties": { "element": "way", "id": 548348674, "amenity": null, "shop": null, "name": null }, "geometry": { "type": "Point", "coordinates": [ 72.599637010170284, 23.011070579772564 ] } },
{ "type": "Feature", "properties": { "element": "way", "id": 548349916, "amenity": null, "shop": null, "name": null }, "geometry": { "type": "Point", "coordinates": [ 72.599758467126634, 23.01012338376874 ] } },
{ "type": "Feature", "properties": { "element": "way", "id": 548349917, "amenity": null, "shop": null, "name": null }, "geometry": { "type": "Point", "coordinates": [ 72.599721633543567, 23.010501180720627 ] } },
{ "type": "Feature", "properties": { "element": "way", "id": 548350259, "amenity": "parking", "shop": null, "name": "Ahmedabad Municipal Corporation Multi Level Automatic Car Parking & Two Wheeler Parking" }, "geometry": { "type": "Point", "coordinates": [ 72.598210763830764, 23.008808490599364 ] } },
{ "type": "Feature", "properties": { "element": "way", "id": 548351357, "amenity": "school", "shop": null, "name": "Divan Ballubhai Madhyamik Shala" }, "geometry": { "type": "Point", "coordinates": [ 72.600109031128042, 23.011402847291496 ] } },
{ "type": "Feature", "properties": { "element": "way", "id": 550883368, "amenity": null, "shop": null, "name": "AMC Mahila Udyan" }, "geometry": { "type": "Point", "coordinates": [ 72.506048811864417, 23.03204100587087 ] } },
{ "type": "Feature", "properties": { "element": "way", "id": 550883378, "amenity": null, "shop": null, "name": "Green Gym" }, "geometry": { "type": "Point", "coordinates": [ 72.506641352300903, 23.031931930463607 ] } },
{ "type": "Feature", "properties": { "element": "way", "id": 551578950, "amenity": null, "shop": null, "name": null }, "geometry": { "type": "Point", "coordinates": [ 72.513072742889392, 23.00158123719822 ] } },
{ "type": "Feature", "properties": { "element": "way", "id": 551588578, "amenity": null, "shop": null, "name": null }, "geometry": { "type": "Point", "coordinates": [ 72.511989946169649, 23.001890768108165 ] } },
{ "type": "Feature", "properties": { "element": "way", "id": 551588587, "amenity": "marketplace", "shop": null, "name": "APMC Market" }, "geometry": { "type": "Point", "coordinates": [ 72.536001583676438, 22.99720708678295 ] } },
{ "type": "Feature", "properties": { "element": "way", "id": 551617841, "amenity": "bus_station", "shop": null, "name": "Shivranjani" }, "geometry": { "type": "Point", "coordinates": [ 72.531293817857318, 23.024303795030853 ] } },
{ "type": "Feature", "properties": { "element": "way", "id": 551625995, "amenity": null, "shop": null, "name": null }, "geometry": { "type": "Point", "coordinates": [ 72.546302291929493, 23.039744256989774 ] } },
{ "type": "Feature", "properties": { "element": "way", "id": 551625996, "amenity": "school", "shop": null, "name": "Tapovan Sanskar Peeth" }, "geometry": { "type": "Point", "coordinates": [ 72.613231176106325, 23.125064539599197 ] } },
{ "type": "Feature", "properties": { "element": "way", "id": 551631340, "amenity": "hospital", "shop": null, "name": "SMS Multi-Speciality Hospital" }, "geometry": { "type": "Point", "coordinates": [ 72.607899967151909, 23.117057617062656 ] } },
{ "type": "Feature", "properties": { "element": "way", "id": 551631352, "amenity": null, "shop": null, "name": null }, "geometry": { "type": "Point", "coordinates": [ 72.614412479942018, 23.119031044959794 ] } },
{ "type": "Feature", "properties": { "element": "way", "id": 551635219, "amenity": null, "shop": null, "name": null }, "geometry": { "type": "Point", "coordinates": [ 72.607771779033172, 23.116666771576856 ] } },
{ "type": "Feature", "properties": { "element": "way", "id": 551635222, "amenity": null, "shop": null, "name": null }, "geometry": { "type": "Point", "coordinates": [ 72.607442763508118, 23.117304882132593 ] } },
{ "type": "Feature", "properties": { "element": "way", "id": 551648439, "amenity": null, "shop": null, "name": null }, "geometry": { "type": "Point", "coordinates": [ 72.633448503508589, 23.118746842699796 ] } },
{ "type": "Feature", "properties": { "element": "way", "id": 551648441, "amenity": null, "shop": null, "name": null }, "geometry": { "type": "Point", "coordinates": [ 72.633736048656075, 23.118950169831205 ] } },
{ "type": "Feature", "properties": { "element": "way", "id": 551648443, "amenity": null, "shop": null, "name": null }, "geometry": { "type": "Point", "coordinates": [ 72.632113330387156, 23.118857170797522 ] } },
{ "type": "Feature", "properties": { "element": "way", "id": 551654829, "amenity": null, "shop": null, "name": null }, "geometry": { "type": "Point", "coordinates": [ 72.635910464098757, 23.11089088853365 ] } },
{ "type": "Feature", "properties": { "element": "way", "id": 551662141, "amenity": null, "shop": null, "name": "IPR Gym" }, "geometry": { "type": "Point", "coordinates": [ 72.628493452194448, 23.097407225939946 ] } },
{ "type": "Feature", "properties": { "element": "way", "id": 551671380, "amenity": "school", "shop": null, "name": "Anand Niketan Sughad" }, "geometry": { "type": "Point", "coordinates": [ 72.63752362552772, 23.122254608306026 ] } },
{ "type": "Feature", "properties": { "element": "way", "id": 551801616, "amenity": null, "shop": "yes", "name": "Kabhi B Bakery" }, "geometry": { "type": "Point", "coordinates": [ 72.622601299190904, 23.074094916587722 ] } },
{ "type": "Feature", "properties": { "element": "way", "id": 551801617, "amenity": null, "shop": "yes", "name": "Dena Bank ATM" }, "geometry": { "type": "Point", "coordinates": [ 72.622704049995221, 23.074191600006273 ] } },
{ "type": "Feature", "properties": { "element": "way", "id": 551801618, "amenity": null, "shop": "yes", "name": null }, "geometry": { "type": "Point", "coordinates": [ 72.622806200799459, 23.074288283424831 ] } },
{ "type": "Feature", "properties": { "element": "way", "id": 551801625, "amenity": null, "shop": null, "name": null }, "geometry": { "type": "Point", "coordinates": [ 72.620568361529649, 23.075199300081017 ] } },
{ "type": "Feature", "properties": { "element": "way", "id": 551825459, "amenity": "parking", "shop": null, "name": "Airport Auto Stand" }, "geometry": { "type": "Point", "coordinates": [ 72.619826469942922, 23.073685319642777 ] } },
{ "type": "Feature", "properties": { "element": "way", "id": 551829180, "amenity": "toilets", "shop": null, "name": null }, "geometry": { "type": "Point", "coordinates": [ 72.623208044208724, 23.075251520845661 ] } },
{ "type": "Feature", "properties": { "element": "way", "id": 551829182, "amenity": "toilets", "shop": null, "name": null }, "geometry": { "type": "Point", "coordinates": [ 72.623226212288444, 23.075345575525962 ] } },
{ "type": "Feature", "properties": { "element": "way", "id": 551882572, "amenity": null, "shop": null, "name": null }, "geometry": { "type": "Point", "coordinates": [ 72.621638143264875, 23.078440724841123 ] } },
{ "type": "Feature", "properties": { "element": "way", "id": 551886354, "amenity": null, "shop": null, "name": null }, "geometry": { "type": "Point", "coordinates": [ 72.622182837566143, 23.073082477771568 ] } },
{ "type": "Feature", "properties": { "element": "way", "id": 551911537, "amenity": "toilets", "shop": null, "name": null }, "geometry": { "type": "Point", "coordinates": [ 72.624081349999614, 23.077075150004315 ] } },
{ "type": "Feature", "properties": { "element": "way", "id": 551913407, "amenity": "hospital", "shop": null, "name": "Apollo Hospitals International Limited" }, "geometry": { "type": "Point", "coordinates": [ 72.626116308051834, 23.109987060181066 ] } },
{ "type": "Feature", "properties": { "element": "way", "id": 552128732, "amenity": null, "shop": null, "name": "Shaishya Tennis Acdemy" }, "geometry": { "type": "Point", "coordinates": [ 72.49757558211752, 23.002905671002384 ] } },
{ "type": "Feature", "properties": { "element": "way", "id": 552128733, "amenity": "school", "shop": null, "name": "Cosmos Castle International School" }, "geometry": { "type": "Point", "coordinates": [ 72.494019672071417, 23.004982942932628 ] } },
{ "type": "Feature", "properties": { "element": "way", "id": 553677194, "amenity": null, "shop": null, "name": "Ecology Park" }, "geometry": { "type": "Point", "coordinates": [ 72.454687288115707, 23.046085689145027 ] } },
{ "type": "Feature", "properties": { "element": "way", "id": 555775170, "amenity": null, "shop": null, "name": null }, "geometry": { "type": "Point", "coordinates": [ 72.598955123574129, 23.008702490395663 ] } },
{ "type": "Feature", "properties": { "element": "way", "id": 555775527, "amenity": null, "shop": null, "name": null }, "geometry": { "type": "Point", "coordinates": [ 72.598017316455525, 23.007693403239383 ] } },
{ "type": "Feature", "properties": { "element": "way", "id": 555776167, "amenity": null, "shop": null, "name": null }, "geometry": { "type": "Point", "coordinates": [ 72.605129340086762, 23.005971713644044 ] } },
{ "type": "Feature", "properties": { "element": "way", "id": 555931904, "amenity": null, "shop": null, "name": "riverfront garden" }, "geometry": { "type": "Point", "coordinates": [ 72.572294055423868, 23.042753171309087 ] } },
{ "type": "Feature", "properties": { "element": "way", "id": 557551584, "amenity": null, "shop": null, "name": "Shree Maharshi Arvind Garden" }, "geometry": { "type": "Point", "coordinates": [ 72.555747444889818, 23.056065293381916 ] } },
{ "type": "Feature", "properties": { "element": "way", "id": 557551890, "amenity": null, "shop": null, "name": "AUDA garden" }, "geometry": { "type": "Point", "coordinates": [ 72.531834128370932, 23.042850766771444 ] } },
{ "type": "Feature", "properties": { "element": "way", "id": 557552211, "amenity": null, "shop": null, "name": "Uday park" }, "geometry": { "type": "Point", "coordinates": [ 72.528437500198791, 23.040863696109039 ] } },
{ "type": "Feature", "properties": { "element": "way", "id": 557554100, "amenity": null, "shop": null, "name": "vikram park" }, "geometry": { "type": "Point", "coordinates": [ 72.508576520936472, 23.042821462778932 ] } },
{ "type": "Feature", "properties": { "element": "way", "id": 557555958, "amenity": null, "shop": null, "name": "Ishwarbhai patel garden" }, "geometry": { "type": "Point", "coordinates": [ 72.572023990215541, 23.072192271407246 ] } },
{ "type": "Feature", "properties": { "element": "way", "id": 557556742, "amenity": null, "shop": null, "name": "Vande mataram park" }, "geometry": { "type": "Point", "coordinates": [ 72.569155304691265, 23.064896485536796 ] } },
{ "type": "Feature", "properties": { "element": "way", "id": 557557775, "amenity": null, "shop": null, "name": "municipal park" }, "geometry": { "type": "Point", "coordinates": [ 72.562110105525036, 23.054202352876281 ] } },
{ "type": "Feature", "properties": { "element": "way", "id": 557558188, "amenity": null, "shop": null, "name": "Prahladbhai Patel Joggers Park" }, "geometry": { "type": "Point", "coordinates": [ 72.554421014024243, 23.043563124578846 ] } },
{ "type": "Feature", "properties": { "element": "way", "id": 560617360, "amenity": "restaurant", "shop": null, "name": "Hotel Emerland" }, "geometry": { "type": "Point", "coordinates": [ 72.650755460822097, 23.074130331132221 ] } },
{ "type": "Feature", "properties": { "element": "way", "id": 560735699, "amenity": null, "shop": null, "name": "Prahladnagar Garden" }, "geometry": { "type": "Point", "coordinates": [ 72.506070061118891, 23.012907229111832 ] } },
{ "type": "Feature", "properties": { "element": "way", "id": 573008944, "amenity": "restaurant", "shop": null, "name": "Parth Flavour" }, "geometry": { "type": "Point", "coordinates": [ 72.571324973489027, 23.048324131439248 ] } },
{ "type": "Feature", "properties": { "element": "way", "id": 573008946, "amenity": null, "shop": null, "name": "Aussizz Group Imigration Agent" }, "geometry": { "type": "Point", "coordinates": [ 72.571649756569414, 23.04846501673283 ] } },
{ "type": "Feature", "properties": { "element": "way", "id": 577528778, "amenity": null, "shop": null, "name": null }, "geometry": { "type": "Point", "coordinates": [ 72.576373653595581, 23.032101904502657 ] } },
{ "type": "Feature", "properties": { "element": "way", "id": 577529763, "amenity": null, "shop": "supermarket", "name": "National Handloom Corporation" }, "geometry": { "type": "Point", "coordinates": [ 72.558690470876186, 23.027401123748998 ] } },
{ "type": "Feature", "properties": { "element": "way", "id": 581725474, "amenity": "food_court", "shop": null, "name": null }, "geometry": { "type": "Point", "coordinates": [ 72.571553020709104, 23.178644325800555 ] } },
{ "type": "Feature", "properties": { "element": "way", "id": 581725475, "amenity": "fuel", "shop": null, "name": null }, "geometry": { "type": "Point", "coordinates": [ 72.573814994209727, 23.176785304541394 ] } },
{ "type": "Feature", "properties": { "element": "way", "id": 581759129, "amenity": null, "shop": "books", "name": null }, "geometry": { "type": "Point", "coordinates": [ 72.57245832599601, 23.178053505747801 ] } },
{ "type": "Feature", "properties": { "element": "way", "id": 583408963, "amenity": null, "shop": null, "name": null }, "geometry": { "type": "Point", "coordinates": [ 72.574311093835604, 23.178922375915906 ] } },
{ "type": "Feature", "properties": { "element": "way", "id": 584631607, "amenity": null, "shop": null, "name": null }, "geometry": { "type": "Point", "coordinates": [ 72.617456052326744, 22.991553872465897 ] } },
{ "type": "Feature", "properties": { "element": "way", "id": 584631612, "amenity": "hospital", "shop": null, "name": "Government Hospital Ghodasar" }, "geometry": { "type": "Point", "coordinates": [ 72.616406111675659, 22.991323965538911 ] } },
{ "type": "Feature", "properties": { "element": "way", "id": 584631614, "amenity": "place_of_worship", "shop": null, "name": null }, "geometry": { "type": "Point", "coordinates": [ 72.617356878587046, 22.991960635161764 ] } },
{ "type": "Feature", "properties": { "element": "way", "id": 584631616, "amenity": "place_of_worship", "shop": null, "name": null }, "geometry": { "type": "Point", "coordinates": [ 72.617160641782235, 22.991876990780572 ] } },
{ "type": "Feature", "properties": { "element": "way", "id": 584631617, "amenity": "place_of_worship", "shop": null, "name": null }, "geometry": { "type": "Point", "coordinates": [ 72.616614814198485, 22.992382053068727 ] } },
{ "type": "Feature", "properties": { "element": "way", "id": 585813392, "amenity": "cinema", "shop": null, "name": null }, "geometry": { "type": "Point", "coordinates": [ 72.565580348190593, 23.179993437725798 ] } },
{ "type": "Feature", "properties": { "element": "way", "id": 586230816, "amenity": "theatre", "shop": null, "name": "Nehru Amphitheatre" }, "geometry": { "type": "Point", "coordinates": [ 72.528367454138817, 23.039338951727469 ] } },
{ "type": "Feature", "properties": { "element": "way", "id": 587524842, "amenity": "place_of_worship", "shop": null, "name": null }, "geometry": { "type": "Point", "coordinates": [ 72.535443395396925, 23.064033955339884 ] } },
{ "type": "Feature", "properties": { "element": "way", "id": 587525868, "amenity": null, "shop": null, "name": "Pandav Park" }, "geometry": { "type": "Point", "coordinates": [ 72.535933537218796, 23.06956381024672 ] } },
{ "type": "Feature", "properties": { "element": "way", "id": 587620502, "amenity": null, "shop": null, "name": "Ahmedabad Municipal Corporation" }, "geometry": { "type": "Point", "coordinates": [ 72.542469944748063, 23.072142531983953 ] } },
{ "type": "Feature", "properties": { "element": "way", "id": 589496971, "amenity": null, "shop": null, "name": null }, "geometry": { "type": "Point", "coordinates": [ 72.561760100220454, 23.022351899872771 ] } },
{ "type": "Feature", "properties": { "element": "way", "id": 589496972, "amenity": null, "shop": null, "name": null }, "geometry": { "type": "Point", "coordinates": [ 72.56229400478253, 23.021243640726169 ] } },
{ "type": "Feature", "properties": { "element": "way", "id": 589496973, "amenity": null, "shop": null, "name": null }, "geometry": { "type": "Point", "coordinates": [ 72.561097732723752, 23.021164640299428 ] } },
{ "type": "Feature", "properties": { "element": "way", "id": 605637928, "amenity": "place_of_worship", "shop": null, "name": "Baba Lului's Mosque" }, "geometry": { "type": "Point", "coordinates": [ 72.575780266669526, 23.00884672070724 ] } },
{ "type": "Feature", "properties": { "element": "way", "id": 609295799, "amenity": null, "shop": null, "name": null }, "geometry": { "type": "Point", "coordinates": [ 72.525468996942351, 23.061531100777874 ] } },
{ "type": "Feature", "properties": { "element": "way", "id": 621705859, "amenity": null, "shop": null, "name": null }, "geometry": { "type": "Point", "coordinates": [ 72.45166407547012, 22.979906444381022 ] } },
{ "type": "Feature", "properties": { "element": "way", "id": 621705860, "amenity": null, "shop": null, "name": null }, "geometry": { "type": "Point", "coordinates": [ 72.451200775470127, 22.979899944381025 ] } },
{ "type": "Feature", "properties": { "element": "way", "id": 623992313, "amenity": "toilets", "shop": null, "name": null }, "geometry": { "type": "Point", "coordinates": [ 72.454223350001058, 22.980656949996362 ] } },
{ "type": "Feature", "properties": { "element": "way", "id": 645851115, "amenity": "toilets", "shop": null, "name": null }, "geometry": { "type": "Point", "coordinates": [ 72.552414093959001, 23.020487122469966 ] } },
{ "type": "Feature", "properties": { "element": "way", "id": 645851116, "amenity": "post_office", "shop": null, "name": null }, "geometry": { "type": "Point", "coordinates": [ 72.552867149997809, 23.020857000006995 ] } },
{ "type": "Feature", "properties": { "element": "way", "id": 645851117, "amenity": "bicycle_parking", "shop": null, "name": null }, "geometry": { "type": "Point", "coordinates": [ 72.552170939669196, 23.021138283990833 ] } },
{ "type": "Feature", "properties": { "element": "way", "id": 645851119, "amenity": null, "shop": null, "name": "Sheth C. N. School Ground" }, "geometry": { "type": "Point", "coordinates": [ 72.551554311964196, 23.020219381653948 ] } },
{ "type": "Feature", "properties": { "element": "way", "id": 663417687, "amenity": null, "shop": null, "name": "Auda Gardern" }, "geometry": { "type": "Point", "coordinates": [ 72.512360322021905, 23.034608660416023 ] } },
{ "type": "Feature", "properties": { "element": "way", "id": 663649569, "amenity": null, "shop": null, "name": null }, "geometry": { "type": "Point", "coordinates": [ 72.559089613359305, 22.972365129487038 ] } },
{ "type": "Feature", "properties": { "element": "way", "id": 670401773, "amenity": "parking", "shop": null, "name": null }, "geometry": { "type": "Point", "coordinates": [ 72.600548612580525, 23.026602497800376 ] } },
{ "type": "Feature", "properties": { "element": "way", "id": 674050540, "amenity": null, "shop": "mall", "name": "Advait Mall" }, "geometry": { "type": "Point", "coordinates": [ 72.52567191334991, 23.040816117601945 ] } },
{ "type": "Feature", "properties": { "element": "way", "id": 677536199, "amenity": null, "shop": null, "name": null }, "geometry": { "type": "Point", "coordinates": [ 72.572311781907445, 23.177821104605396 ] } },
{ "type": "Feature", "properties": { "element": "way", "id": 694241023, "amenity": "fuel", "shop": null, "name": null }, "geometry": { "type": "Point", "coordinates": [ 72.637145599061796, 23.16694815499314 ] } },
{ "type": "Feature", "properties": { "element": "way", "id": 694241024, "amenity": "school", "shop": null, "name": "School of Achiever" }, "geometry": { "type": "Point", "coordinates": [ 72.628549722235135, 23.170502221898808 ] } },
{ "type": "Feature", "properties": { "element": "way", "id": 697604272, "amenity": null, "shop": null, "name": null }, "geometry": { "type": "Point", "coordinates": [ 72.476567744895377, 23.030785330805415 ] } },
{ "type": "Feature", "properties": { "element": "way", "id": 697609554, "amenity": null, "shop": null, "name": null }, "geometry": { "type": "Point", "coordinates": [ 72.476778949957463, 23.031511799971309 ] } },
{ "type": "Feature", "properties": { "element": "way", "id": 697609615, "amenity": null, "shop": null, "name": null }, "geometry": { "type": "Point", "coordinates": [ 72.476715528235715, 23.031248015355438 ] } },
{ "type": "Feature", "properties": { "element": "way", "id": 729115637, "amenity": "school", "shop": null, "name": "Brighton Primary English School" }, "geometry": { "type": "Point", "coordinates": [ 72.572724321512482, 22.979878995320327 ] } },
{ "type": "Feature", "properties": { "element": "way", "id": 733071768, "amenity": "hospital", "shop": null, "name": "Danilimda A.M.C Hospital" }, "geometry": { "type": "Point", "coordinates": [ 72.583966859027214, 22.992367986553973 ] } },
{ "type": "Feature", "properties": { "element": "way", "id": 737181596, "amenity": "events_venue", "shop": null, "name": "Parsi Community Center" }, "geometry": { "type": "Point", "coordinates": [ 72.597363645883647, 23.010787262643969 ] } },
{ "type": "Feature", "properties": { "element": "way", "id": 744793741, "amenity": "restaurant", "shop": null, "name": null }, "geometry": { "type": "Point", "coordinates": [ 72.593968152709181, 23.109699932247722 ] } },
{ "type": "Feature", "properties": { "element": "way", "id": 744794009, "amenity": "hospital", "shop": null, "name": "Utkarsh hospital" }, "geometry": { "type": "Point", "coordinates": [ 72.578373631062234, 23.107913383915175 ] } },
{ "type": "Feature", "properties": { "element": "way", "id": 744871959, "amenity": "clinic", "shop": null, "name": "Khandwala Orthopeadic Hospital and Skin Clinic" }, "geometry": { "type": "Point", "coordinates": [ 72.545679306006434, 23.022187773394865 ] } },
{ "type": "Feature", "properties": { "element": "way", "id": 745190017, "amenity": "hospital", "shop": null, "name": null }, "geometry": { "type": "Point", "coordinates": [ 72.555955507116678, 23.006186092859547 ] } },
{ "type": "Feature", "properties": { "element": "way", "id": 745686111, "amenity": "hospital", "shop": null, "name": "Vision Care Eye Hospital, Ahmedabad" }, "geometry": { "type": "Point", "coordinates": [ 72.546212874093584, 23.022070893820668 ] } },
{ "type": "Feature", "properties": { "element": "way", "id": 746254979, "amenity": "hospital", "shop": null, "name": "Shaishav Children Hospital" }, "geometry": { "type": "Point", "coordinates": [ 72.53726889999362, 23.059241649990689 ] } },
{ "type": "Feature", "properties": { "element": "way", "id": 746839528, "amenity": null, "shop": null, "name": "AUDA Garden South Bopal" }, "geometry": { "type": "Point", "coordinates": [ 72.472217250640767, 23.017488272598083 ] } },
{ "type": "Feature", "properties": { "element": "way", "id": 754019040, "amenity": "restaurant", "shop": null, "name": "Prince Bhaji Pav" }, "geometry": { "type": "Point", "coordinates": [ 72.605019870134356, 22.994987475485626 ] } },
{ "type": "Feature", "properties": { "element": "way", "id": 754019041, "amenity": "place_of_worship", "shop": null, "name": "Radhavallabh Mandir" }, "geometry": { "type": "Point", "coordinates": [ 72.606622419209586, 22.995373848035108 ] } },
{ "type": "Feature", "properties": { "element": "way", "id": 754019042, "amenity": "bank", "shop": null, "name": "Bank of Baroda" }, "geometry": { "type": "Point", "coordinates": [ 72.606552628044341, 22.997005580089692 ] } },
{ "type": "Feature", "properties": { "element": "way", "id": 758933549, "amenity": "place_of_worship", "shop": null, "name": "Bibi Achut Kuki masjid" }, "geometry": { "type": "Point", "coordinates": [ 72.581284500218246, 23.047792406390517 ] } },
{ "type": "Feature", "properties": { "element": "way", "id": 758933550, "amenity": "place_of_worship", "shop": null, "name": "Darya Khan tomb" }, "geometry": { "type": "Point", "coordinates": [ 72.586687599993681, 23.052617700036507 ] } },
{ "type": "Feature", "properties": { "element": "way", "id": 758933556, "amenity": "place_of_worship", "shop": null, "name": "Khan Chishti masijd" }, "geometry": { "type": "Point", "coordinates": [ 72.588141716547128, 23.060149101900738 ] } },
{ "type": "Feature", "properties": { "element": "way", "id": 759119347, "amenity": "place_of_worship", "shop": null, "name": "Khan Jahan masijd" }, "geometry": { "type": "Point", "coordinates": [ 72.578015361865042, 23.012773744684477 ] } },
{ "type": "Feature", "properties": { "element": "way", "id": 759119359, "amenity": "place_of_worship", "shop": null, "name": "Hebat Khan ki masijd" }, "geometry": { "type": "Point", "coordinates": [ 72.582296150003359, 23.01264974997115 ] } },
{ "type": "Feature", "properties": { "element": "way", "id": 759134763, "amenity": "place_of_worship", "shop": null, "name": "Tomb of Sardar Khan" }, "geometry": { "type": "Point", "coordinates": [ 72.584214623046023, 23.015486715348754 ] } },
{ "type": "Feature", "properties": { "element": "way", "id": 759148036, "amenity": "place_of_worship", "shop": null, "name": "Fateh masjid" }, "geometry": { "type": "Point", "coordinates": [ 72.590828953026701, 23.036871374619874 ] } },
{ "type": "Feature", "properties": { "element": "way", "id": 759148045, "amenity": "place_of_worship", "shop": null, "name": "Sultan Qutbuddin masijd" }, "geometry": { "type": "Point", "coordinates": [ 72.587129074879599, 23.035468425824181 ] } },
{ "type": "Feature", "properties": { "element": "way", "id": 759148046, "amenity": "place_of_worship", "shop": null, "name": "Christ church" }, "geometry": { "type": "Point", "coordinates": [ 72.5863827743255, 23.033934220871032 ] } },
{ "type": "Feature", "properties": { "element": "way", "id": 759353278, "amenity": "place_of_worship", "shop": null, "name": "Sakar Khan masijd" }, "geometry": { "type": "Point", "coordinates": [ 72.595210450012544, 23.030470599924463 ] } },
{ "type": "Feature", "properties": { "element": "way", "id": 759360758, "amenity": "place_of_worship", "shop": null, "name": "Sambharnath temple" }, "geometry": { "type": "Point", "coordinates": [ 72.594954374432575, 23.024771311954623 ] } },
{ "type": "Feature", "properties": { "element": "way", "id": 761456870, "amenity": null, "shop": null, "name": "Joggers Park" }, "geometry": { "type": "Point", "coordinates": [ 72.650231180403225, 23.16199286867684 ] } },
{ "type": "Feature", "properties": { "element": "way", "id": 763326396, "amenity": null, "shop": null, "name": null }, "geometry": { "type": "Point", "coordinates": [ 72.627845597516426, 23.082404190448528 ] } },
{ "type": "Feature", "properties": { "element": "way", "id": 763326648, "amenity": null, "shop": null, "name": null }, "geometry": { "type": "Point", "coordinates": [ 72.628871110870037, 23.082465201524698 ] } },
{ "type": "Feature", "properties": { "element": "way", "id": 763326790, "amenity": null, "shop": null, "name": "santshree satramdas udyan" }, "geometry": { "type": "Point", "coordinates": [ 72.629414635399996, 23.084308565602857 ] } },
{ "type": "Feature", "properties": { "element": "way", "id": 763327672, "amenity": null, "shop": null, "name": null }, "geometry": { "type": "Point", "coordinates": [ 72.63103789014832, 23.087055004036049 ] } },
{ "type": "Feature", "properties": { "element": "way", "id": 763328615, "amenity": null, "shop": null, "name": "Manorama Garden" }, "geometry": { "type": "Point", "coordinates": [ 72.639361259770041, 23.089845544017859 ] } },
{ "type": "Feature", "properties": { "element": "way", "id": 763329771, "amenity": null, "shop": null, "name": "SardarNagar Community Garden" }, "geometry": { "type": "Point", "coordinates": [ 72.62421491918127, 23.081099194431189 ] } },
{ "type": "Feature", "properties": { "element": "way", "id": 763330804, "amenity": null, "shop": null, "name": "Hansol Garden" }, "geometry": { "type": "Point", "coordinates": [ 72.622915499882339, 23.083775569081382 ] } },
{ "type": "Feature", "properties": { "element": "way", "id": 763333993, "amenity": null, "shop": null, "name": "Shree Kaniyalal Nathuram Gurjar Park" }, "geometry": { "type": "Point", "coordinates": [ 72.633521511798676, 23.080735612423087 ] } },
{ "type": "Feature", "properties": { "element": "way", "id": 763335399, "amenity": null, "shop": null, "name": null }, "geometry": { "type": "Point", "coordinates": [ 72.594882207637028, 23.064207557641208 ] } },
{ "type": "Feature", "properties": { "element": "way", "id": 763971900, "amenity": null, "shop": null, "name": "Pragatinagar Garden" }, "geometry": { "type": "Point", "coordinates": [ 72.556446752480483, 23.064267874826012 ] } },
{ "type": "Feature", "properties": { "element": "way", "id": 764490978, "amenity": null, "shop": "dairy", "name": "DAIRY RICH ICE CREAM" }, "geometry": { "type": "Point", "coordinates": [ 72.540593049995081, 23.092646849985346 ] } },
{ "type": "Feature", "properties": { "element": "way", "id": 776683594, "amenity": null, "shop": null, "name": "Hridaya Kunj" }, "geometry": { "type": "Point", "coordinates": [ 72.580791749981131, 23.059924750015462 ] } },
{ "type": "Feature", "properties": { "element": "way", "id": 776683602, "amenity": null, "shop": null, "name": "Sabarmati Ashram" }, "geometry": { "type": "Point", "coordinates": [ 72.580639601134962, 23.060136464799793 ] } },
{ "type": "Feature", "properties": { "element": "way", "id": 776718456, "amenity": null, "shop": null, "name": "Narendra Modi Stadium" }, "geometry": { "type": "Point", "coordinates": [ 72.597344550410256, 23.091802566604244 ] } },
{ "type": "Feature", "properties": { "element": "way", "id": 776718459, "amenity": null, "shop": null, "name": null }, "geometry": { "type": "Point", "coordinates": [ 72.597345792128507, 23.091767183952399 ] } },
{ "type": "Feature", "properties": { "element": "way", "id": 787864234, "amenity": null, "shop": null, "name": "Sardar Patel Garden" }, "geometry": { "type": "Point", "coordinates": [ 72.514855101371566, 23.068380240905281 ] } },
{ "type": "Feature", "properties": { "element": "way", "id": 788861697, "amenity": null, "shop": null, "name": "childrens park" }, "geometry": { "type": "Point", "coordinates": [ 72.524270073751296, 23.029932500488417 ] } },
{ "type": "Feature", "properties": { "element": "way", "id": 788866562, "amenity": "fountain", "shop": null, "name": "fountain of joy" }, "geometry": { "type": "Point", "coordinates": [ 72.525011626416529, 23.02966970027445 ] } },
{ "type": "Feature", "properties": { "element": "way", "id": 793320578, "amenity": null, "shop": "mall", "name": "Iscon Emporio" }, "geometry": { "type": "Point", "coordinates": [ 72.524617975859101, 23.027110553979988 ] } },
{ "type": "Feature", "properties": { "element": "way", "id": 793320580, "amenity": null, "shop": null, "name": "Sundarvan" }, "geometry": { "type": "Point", "coordinates": [ 72.521133377602823, 23.026510090211545 ] } },
{ "type": "Feature", "properties": { "element": "way", "id": 794663118, "amenity": "police", "shop": null, "name": "Mahila Police station West" }, "geometry": { "type": "Point", "coordinates": [ 72.541391458036486, 23.029176296578374 ] } },
{ "type": "Feature", "properties": { "element": "way", "id": 794910703, "amenity": "place_of_worship", "shop": null, "name": null }, "geometry": { "type": "Point", "coordinates": [ 72.554789369312687, 22.98151740497703 ] } },
{ "type": "Feature", "properties": { "element": "way", "id": 799098179, "amenity": null, "shop": null, "name": "Shaaheed vir rushikesh park" }, "geometry": { "type": "Point", "coordinates": [ 72.666456397933487, 23.052401543943581 ] } },
{ "type": "Feature", "properties": { "element": "way", "id": 836775752, "amenity": "university", "shop": null, "name": "Physical Research Laboratory, Thaltej Campus" }, "geometry": { "type": "Point", "coordinates": [ 72.494311949139572, 23.043968084315107 ] } },
{ "type": "Feature", "properties": { "element": "way", "id": 840511410, "amenity": "fuel", "shop": null, "name": "Adani CNG Station" }, "geometry": { "type": "Point", "coordinates": [ 72.603632569444557, 22.999153678144172 ] } },
{ "type": "Feature", "properties": { "element": "way", "id": 843003308, "amenity": "hospital", "shop": null, "name": "Janam Hospital" }, "geometry": { "type": "Point", "coordinates": [ 72.530448350004278, 23.012995749999412 ] } },
{ "type": "Feature", "properties": { "element": "way", "id": 843168324, "amenity": "place_of_worship", "shop": null, "name": "St Mary's Orthodox Cathedral" }, "geometry": { "type": "Point", "coordinates": [ 72.586276156715968, 23.006607946192638 ] } },
{ "type": "Feature", "properties": { "element": "way", "id": 843168325, "amenity": "place_of_worship", "shop": null, "name": "St. Mary's Cathedral" }, "geometry": { "type": "Point", "coordinates": [ 72.586347865485578, 23.006745498993748 ] } },
{ "type": "Feature", "properties": { "element": "way", "id": 843168341, "amenity": "place_of_worship", "shop": null, "name": "CNI Church Behrampura" }, "geometry": { "type": "Point", "coordinates": [ 72.585664965601012, 23.007745498655169 ] } },
{ "type": "Feature", "properties": { "element": "way", "id": 843168356, "amenity": null, "shop": null, "name": "Bhadra Fort" }, "geometry": { "type": "Point", "coordinates": [ 72.581187320593017, 23.023938106636002 ] } },
{ "type": "Feature", "properties": { "element": "way", "id": 843168358, "amenity": "courthouse", "shop": null, "name": "City Civil And Sessions Court" }, "geometry": { "type": "Point", "coordinates": [ 72.580917280643405, 23.022978675859669 ] } },
{ "type": "Feature", "properties": { "element": "way", "id": 882640112, "amenity": "school", "shop": null, "name": "Nalanda School" }, "geometry": { "type": "Point", "coordinates": [ 72.539531870459484, 23.07187791765319 ] } },
{ "type": "Feature", "properties": { "element": "way", "id": 885948541, "amenity": null, "shop": null, "name": null }, "geometry": { "type": "Point", "coordinates": [ 72.618929405377813, 22.976446552497091 ] } },
{ "type": "Feature", "properties": { "element": "way", "id": 910947204, "amenity": null, "shop": null, "name": null }, "geometry": { "type": "Point", "coordinates": [ 72.599544815303048, 23.095690506968175 ] } },
{ "type": "Feature", "properties": { "element": "way", "id": 911327482, "amenity": "place_of_worship", "shop": null, "name": "Vallabheswar mahadev mandir" }, "geometry": { "type": "Point", "coordinates": [ 72.607331900383059, 22.962131969683554 ] } },
{ "type": "Feature", "properties": { "element": "way", "id": 913553434, "amenity": null, "shop": null, "name": "Wyndham Ahmedabad" }, "geometry": { "type": "Point", "coordinates": [ 72.454117248868187, 23.005924634389686 ] } },
{ "type": "Feature", "properties": { "element": "way", "id": 914040483, "amenity": "events_venue", "shop": null, "name": "Marigold Farm" }, "geometry": { "type": "Point", "coordinates": [ 72.473064455238671, 22.989651575940105 ] } },
{ "type": "Feature", "properties": { "element": "way", "id": 916255770, "amenity": null, "shop": null, "name": "Majmudar common plot" }, "geometry": { "type": "Point", "coordinates": [ 72.634216018916277, 23.065476109380413 ] } },
{ "type": "Feature", "properties": { "element": "way", "id": 924843966, "amenity": null, "shop": null, "name": null }, "geometry": { "type": "Point", "coordinates": [ 72.633575883810877, 22.984296425495671 ] } },
{ "type": "Feature", "properties": { "element": "way", "id": 924843967, "amenity": null, "shop": null, "name": null }, "geometry": { "type": "Point", "coordinates": [ 72.632645040438561, 22.984272433704913 ] } },
{ "type": "Feature", "properties": { "element": "way", "id": 957848347, "amenity": "place_of_worship", "shop": null, "name": "Umiya Mata Nu Mandir" }, "geometry": { "type": "Point", "coordinates": [ 72.477086266458514, 23.054300794157978 ] } },
{ "type": "Feature", "properties": { "element": "way", "id": 957850100, "amenity": null, "shop": null, "name": "ACE Tennis Academy" }, "geometry": { "type": "Point", "coordinates": [ 72.474908159680993, 23.05687063450867 ] } },
{ "type": "Feature", "properties": { "element": "way", "id": 968525629, "amenity": "bank", "shop": null, "name": "ICICI Bank" }, "geometry": { "type": "Point", "coordinates": [ 72.5579054236388, 23.018820176194261 ] } },
{ "type": "Feature", "properties": { "element": "way", "id": 972303788, "amenity": "school", "shop": null, "name": null }, "geometry": { "type": "Point", "coordinates": [ 72.522225825895873, 23.018337547177055 ] } },
{ "type": "Feature", "properties": { "element": "way", "id": 972583074, "amenity": "parking", "shop": null, "name": null }, "geometry": { "type": "Point", "coordinates": [ 72.523377011115485, 23.016065072477375 ] } },
{ "type": "Feature", "properties": { "element": "way", "id": 972664078, "amenity": null, "shop": null, "name": "SHOTT" }, "geometry": { "type": "Point", "coordinates": [ 72.482653438836522, 23.043856592327504 ] } },
{ "type": "Feature", "properties": { "element": "way", "id": 972664081, "amenity": null, "shop": null, "name": "B star Gym" }, "geometry": { "type": "Point", "coordinates": [ 72.492935152145975, 23.04209586397408 ] } },
{ "type": "Feature", "properties": { "element": "way", "id": 972675007, "amenity": null, "shop": "mall", "name": "Brand Factory" }, "geometry": { "type": "Point", "coordinates": [ 72.529974464245868, 23.015510916115296 ] } },
{ "type": "Feature", "properties": { "element": "way", "id": 972959138, "amenity": "bus_station", "shop": null, "name": "Iskcon Cross Road BRTS" }, "geometry": { "type": "Point", "coordinates": [ 72.508526124990283, 23.02715256165164 ] } },
{ "type": "Feature", "properties": { "element": "way", "id": 972959139, "amenity": "bus_station", "shop": null, "name": "Ashok Vatika BRTS" }, "geometry": { "type": "Point", "coordinates": [ 72.495702086212489, 23.027937598323302 ] } },
{ "type": "Feature", "properties": { "element": "way", "id": 972959140, "amenity": "bus_station", "shop": null, "name": "Jaintilal Park BRTS" }, "geometry": { "type": "Point", "coordinates": [ 72.491008740335317, 23.028424712274337 ] } },
{ "type": "Feature", "properties": { "element": "way", "id": 972959141, "amenity": "bus_station", "shop": null, "name": "Swagat Bunglows BRTS" }, "geometry": { "type": "Point", "coordinates": [ 72.485881133934328, 23.027879782819863 ] } },
{ "type": "Feature", "properties": { "element": "way", "id": 972959142, "amenity": "bus_station", "shop": null, "name": "Ambli Gam BRTS" }, "geometry": { "type": "Point", "coordinates": [ 72.48219020738847, 23.026456825505726 ] } },
{ "type": "Feature", "properties": { "element": "way", "id": 972959143, "amenity": "bus_station", "shop": null, "name": "Bopal Appoach BRTS" }, "geometry": { "type": "Point", "coordinates": [ 72.477908609978527, 23.025847336453236 ] } },
{ "type": "Feature", "properties": { "element": "way", "id": 980956108, "amenity": null, "shop": null, "name": null }, "geometry": { "type": "Point", "coordinates": [ 72.621419862478206, 23.070207239262746 ] } },
{ "type": "Feature", "properties": { "element": "way", "id": 991933891, "amenity": null, "shop": null, "name": null }, "geometry": { "type": "Point", "coordinates": [ 72.454365041179514, 22.980613009294196 ] } },
{ "type": "Feature", "properties": { "element": "way", "id": 991945754, "amenity": null, "shop": null, "name": null }, "geometry": { "type": "Point", "coordinates": [ 72.453866619314937, 23.004992282312685 ] } },
{ "type": "Feature", "properties": { "element": "way", "id": 991945755, "amenity": null, "shop": null, "name": null }, "geometry": { "type": "Point", "coordinates": [ 72.453725695877921, 23.004656114101856 ] } },
{ "type": "Feature", "properties": { "element": "way", "id": 992677968, "amenity": null, "shop": null, "name": null }, "geometry": { "type": "Point", "coordinates": [ 72.508204856180683, 23.00634837759107 ] } },
{ "type": "Feature", "properties": { "element": "way", "id": 992684716, "amenity": "events_venue", "shop": null, "name": null }, "geometry": { "type": "Point", "coordinates": [ 72.431398077373856, 23.035430548080551 ] } },
{ "type": "Feature", "properties": { "element": "way", "id": 992738555, "amenity": null, "shop": null, "name": null }, "geometry": { "type": "Point", "coordinates": [ 72.500890556723988, 23.091270519543091 ] } },
{ "type": "Feature", "properties": { "element": "way", "id": 993060289, "amenity": "cafe", "shop": null, "name": "Vibes9 V9 Cafe" }, "geometry": { "type": "Point", "coordinates": [ 72.487052033006719, 23.067765728402783 ] } },
{ "type": "Feature", "properties": { "element": "way", "id": 993354818, "amenity": "events_venue", "shop": null, "name": "Shrii Ganesh Party Plot" }, "geometry": { "type": "Point", "coordinates": [ 72.577207155052903, 23.130939047978451 ] } },
{ "type": "Feature", "properties": { "element": "way", "id": 993792328, "amenity": null, "shop": null, "name": null }, "geometry": { "type": "Point", "coordinates": [ 72.548618963862026, 23.104113134551245 ] } },
{ "type": "Feature", "properties": { "element": "way", "id": 993792329, "amenity": null, "shop": null, "name": null }, "geometry": { "type": "Point", "coordinates": [ 72.548772152598943, 23.104072429041754 ] } },
{ "type": "Feature", "properties": { "element": "way", "id": 993792330, "amenity": null, "shop": null, "name": null }, "geometry": { "type": "Point", "coordinates": [ 72.548885636660131, 23.104603303443209 ] } },
{ "type": "Feature", "properties": { "element": "way", "id": 993792331, "amenity": null, "shop": null, "name": null }, "geometry": { "type": "Point", "coordinates": [ 72.548898093659076, 23.104409606365902 ] } },
{ "type": "Feature", "properties": { "element": "way", "id": 993792332, "amenity": null, "shop": null, "name": null }, "geometry": { "type": "Point", "coordinates": [ 72.549040041815971, 23.104418682931872 ] } },
{ "type": "Feature", "properties": { "element": "way", "id": 993792333, "amenity": null, "shop": null, "name": null }, "geometry": { "type": "Point", "coordinates": [ 72.548854714127586, 23.105218501934655 ] } },
{ "type": "Feature", "properties": { "element": "way", "id": 995214544, "amenity": "events_venue", "shop": null, "name": "Gomti Villa Farm" }, "geometry": { "type": "Point", "coordinates": [ 72.47162343553083, 23.061130977819335 ] } },
{ "type": "Feature", "properties": { "element": "way", "id": 995216278, "amenity": null, "shop": null, "name": "Kelika Badminton Academy" }, "geometry": { "type": "Point", "coordinates": [ 72.474459944355388, 23.056872520879939 ] } },
{ "type": "Feature", "properties": { "element": "way", "id": 996606352, "amenity": null, "shop": null, "name": null }, "geometry": { "type": "Point", "coordinates": [ 72.593721025259356, 23.106615522560794 ] } },
{ "type": "Feature", "properties": { "element": "way", "id": 996606359, "amenity": null, "shop": null, "name": "Boys Hostel 1" }, "geometry": { "type": "Point", "coordinates": [ 72.593274646387457, 23.107341681890684 ] } },
{ "type": "Feature", "properties": { "element": "way", "id": 996606360, "amenity": null, "shop": null, "name": "Boys Hostel 2" }, "geometry": { "type": "Point", "coordinates": [ 72.593436909294752, 23.107896110803978 ] } },
{ "type": "Feature", "properties": { "element": "way", "id": 996606361, "amenity": null, "shop": null, "name": "VGEC Girls Hostel" }, "geometry": { "type": "Point", "coordinates": [ 72.596294797344711, 23.107655570119039 ] } },
{ "type": "Feature", "properties": { "element": "way", "id": 996606362, "amenity": null, "shop": null, "name": null }, "geometry": { "type": "Point", "coordinates": [ 72.595643171335425, 23.105706760101643 ] } },
{ "type": "Feature", "properties": { "element": "way", "id": 996606363, "amenity": "parking", "shop": null, "name": null }, "geometry": { "type": "Point", "coordinates": [ 72.594843515398566, 23.105864619291093 ] } },
{ "type": "Feature", "properties": { "element": "way", "id": 996606364, "amenity": "parking", "shop": null, "name": null }, "geometry": { "type": "Point", "coordinates": [ 72.596071221064634, 23.106745048870479 ] } },
{ "type": "Feature", "properties": { "element": "way", "id": 996606365, "amenity": "parking", "shop": null, "name": null }, "geometry": { "type": "Point", "coordinates": [ 72.593772722857693, 23.106900086544488 ] } },
{ "type": "Feature", "properties": { "element": "way", "id": 996606371, "amenity": null, "shop": null, "name": null }, "geometry": { "type": "Point", "coordinates": [ 72.594597981983171, 23.106660288239919 ] } },
{ "type": "Feature", "properties": { "element": "way", "id": 996610811, "amenity": null, "shop": null, "name": null }, "geometry": { "type": "Point", "coordinates": [ 72.596599639735075, 23.102812076888313 ] } },
{ "type": "Feature", "properties": { "element": "way", "id": 1001259954, "amenity": "parking", "shop": null, "name": null }, "geometry": { "type": "Point", "coordinates": [ 72.572717178904625, 23.011218195000374 ] } },
{ "type": "Feature", "properties": { "element": "way", "id": 1001259956, "amenity": "bicycle_rental", "shop": "rental", "name": "MYBYK NID sardar bridge" }, "geometry": { "type": "Point", "coordinates": [ 72.573321483501203, 23.011473453147975 ] } },
{ "type": "Feature", "properties": { "element": "way", "id": 1004116949, "amenity": "parking", "shop": null, "name": "Unodari Bhavan Parking" }, "geometry": { "type": "Point", "coordinates": [ 72.57306799373174, 23.181192709298127 ] } },
{ "type": "Feature", "properties": { "element": "way", "id": 1004354572, "amenity": null, "shop": null, "name": null }, "geometry": { "type": "Point", "coordinates": [ 72.516837898359427, 23.135556859425694 ] } },
{ "type": "Feature", "properties": { "element": "way", "id": 1004354573, "amenity": null, "shop": null, "name": "Sterling Greenwoods Lake Resort" }, "geometry": { "type": "Point", "coordinates": [ 72.516592175599939, 23.135806001287001 ] } },
{ "type": "Feature", "properties": { "element": "way", "id": 1005772527, "amenity": null, "shop": "supermarket", "name": "Star Bazaar" }, "geometry": { "type": "Point", "coordinates": [ 72.515503647743387, 23.016847211273078 ] } },
{ "type": "Feature", "properties": { "element": "way", "id": 1005772531, "amenity": null, "shop": null, "name": "Rising Star Tennis Academy" }, "geometry": { "type": "Point", "coordinates": [ 72.51798852927287, 23.021653547812857 ] } },
{ "type": "Feature", "properties": { "element": "way", "id": 1005794405, "amenity": null, "shop": null, "name": null }, "geometry": { "type": "Point", "coordinates": [ 72.513033433804594, 23.022637327801498 ] } },
{ "type": "Feature", "properties": { "element": "way", "id": 1005794408, "amenity": null, "shop": null, "name": null }, "geometry": { "type": "Point", "coordinates": [ 72.508418356124196, 23.023232489584597 ] } },
{ "type": "Feature", "properties": { "element": "way", "id": 1005794412, "amenity": null, "shop": null, "name": null }, "geometry": { "type": "Point", "coordinates": [ 72.501116450407494, 23.021400480704074 ] } },
{ "type": "Feature", "properties": { "element": "way", "id": 1005794413, "amenity": null, "shop": null, "name": null }, "geometry": { "type": "Point", "coordinates": [ 72.499640747485159, 23.020767969483401 ] } },
{ "type": "Feature", "properties": { "element": "way", "id": 1006174677, "amenity": null, "shop": null, "name": "AUDA garden, Gota" }, "geometry": { "type": "Point", "coordinates": [ 72.53981579144083, 23.100671736981532 ] } },
{ "type": "Feature", "properties": { "element": "way", "id": 1006183515, "amenity": null, "shop": null, "name": null }, "geometry": { "type": "Point", "coordinates": [ 72.5089889499923, 23.035696150041026 ] } },
{ "type": "Feature", "properties": { "element": "way", "id": 1006183517, "amenity": null, "shop": null, "name": null }, "geometry": { "type": "Point", "coordinates": [ 72.507545159922032, 23.034162075965817 ] } },
{ "type": "Feature", "properties": { "element": "way", "id": 1006191442, "amenity": null, "shop": null, "name": null }, "geometry": { "type": "Point", "coordinates": [ 72.505257881683008, 22.999264576270132 ] } },
{ "type": "Feature", "properties": { "element": "way", "id": 1006410336, "amenity": null, "shop": null, "name": "Ageta Tennis Academy" }, "geometry": { "type": "Point", "coordinates": [ 72.532802473428688, 23.049199396846682 ] } },
{ "type": "Feature", "properties": { "element": "way", "id": 1006416118, "amenity": null, "shop": null, "name": null }, "geometry": { "type": "Point", "coordinates": [ 72.530839880084656, 23.060427603271524 ] } },
{ "type": "Feature", "properties": { "element": "way", "id": 1006448752, "amenity": null, "shop": null, "name": "Eklavya Basketball" }, "geometry": { "type": "Point", "coordinates": [ 72.522797350185968, 23.05615356682155 ] } },
{ "type": "Feature", "properties": { "element": "way", "id": 1006448753, "amenity": null, "shop": null, "name": "Eklavya Swimming Pool" }, "geometry": { "type": "Point", "coordinates": [ 72.521891549817752, 23.057435549987076 ] } },
{ "type": "Feature", "properties": { "element": "way", "id": 1006448754, "amenity": null, "shop": null, "name": null }, "geometry": { "type": "Point", "coordinates": [ 72.522220639785289, 23.056423132184211 ] } },
{ "type": "Feature", "properties": { "element": "way", "id": 1006448756, "amenity": null, "shop": null, "name": "Eklavya Tennis" }, "geometry": { "type": "Point", "coordinates": [ 72.523005499661068, 23.056839299976499 ] } },
{ "type": "Feature", "properties": { "element": "way", "id": 1006791518, "amenity": null, "shop": null, "name": "AMC Symphony Forest Park" }, "geometry": { "type": "Point", "coordinates": [ 72.511753835545804, 23.044431987394471 ] } },
{ "type": "Feature", "properties": { "element": "way", "id": 1007352991, "amenity": null, "shop": "clothes", "name": "Asopalav" }, "geometry": { "type": "Point", "coordinates": [ 72.532101180089541, 23.027945257043328 ] } },
{ "type": "Feature", "properties": { "element": "way", "id": 1007356215, "amenity": "events_venue", "shop": null, "name": "Keshavbaug Party Plot" }, "geometry": { "type": "Point", "coordinates": [ 72.530921123814565, 23.028882714344135 ] } },
{ "type": "Feature", "properties": { "element": "way", "id": 1007416225, "amenity": null, "shop": "kitchen", "name": "Kitchen & Dining Complex" }, "geometry": { "type": "Point", "coordinates": [ 72.534699440085546, 23.031472710568988 ] } },
{ "type": "Feature", "properties": { "element": "way", "id": 1007416227, "amenity": "library", "shop": null, "name": "Vikram Sarabhai Library" }, "geometry": { "type": "Point", "coordinates": [ 72.536356994410468, 23.031619823577003 ] } },
{ "type": "Feature", "properties": { "element": "way", "id": 1007416233, "amenity": null, "shop": null, "name": null }, "geometry": { "type": "Point", "coordinates": [ 72.537376511331118, 23.031645256377391 ] } },
{ "type": "Feature", "properties": { "element": "way", "id": 1007416239, "amenity": "events_venue", "shop": null, "name": "Louis Kahn Plaza" }, "geometry": { "type": "Point", "coordinates": [ 72.535674022306424, 23.031920681481292 ] } },
{ "type": "Feature", "properties": { "element": "way", "id": 1007577224, "amenity": null, "shop": null, "name": null }, "geometry": { "type": "Point", "coordinates": [ 72.431191449977206, 22.962305400042947 ] } },
{ "type": "Feature", "properties": { "element": "way", "id": 1008019378, "amenity": null, "shop": null, "name": null }, "geometry": { "type": "Point", "coordinates": [ 72.495339246398032, 23.134519328580229 ] } },
{ "type": "Feature", "properties": { "element": "way", "id": 1008019379, "amenity": null, "shop": null, "name": null }, "geometry": { "type": "Point", "coordinates": [ 72.492676113011896, 23.136466497732258 ] } },
{ "type": "Feature", "properties": { "element": "way", "id": 1008019380, "amenity": null, "shop": null, "name": null }, "geometry": { "type": "Point", "coordinates": [ 72.492575715105332, 23.137612257956235 ] } },
{ "type": "Feature", "properties": { "element": "way", "id": 1008020839, "amenity": null, "shop": null, "name": null }, "geometry": { "type": "Point", "coordinates": [ 72.502281826561614, 23.150437545610657 ] } },
{ "type": "Feature", "properties": { "element": "way", "id": 1008093094, "amenity": null, "shop": null, "name": null }, "geometry": { "type": "Point", "coordinates": [ 72.434436493910468, 23.073505698384352 ] } },
{ "type": "Feature", "properties": { "element": "way", "id": 1008100439, "amenity": null, "shop": null, "name": null }, "geometry": { "type": "Point", "coordinates": [ 72.694306563929842, 23.087630955545333 ] } },
{ "type": "Feature", "properties": { "element": "way", "id": 1008100440, "amenity": null, "shop": null, "name": null }, "geometry": { "type": "Point", "coordinates": [ 72.711049036160858, 23.087377652910813 ] } },
{ "type": "Feature", "properties": { "element": "way", "id": 1008206627, "amenity": null, "shop": null, "name": null }, "geometry": { "type": "Point", "coordinates": [ 72.493281362279419, 23.04241969456136 ] } },
{ "type": "Feature", "properties": { "element": "way", "id": 1008206628, "amenity": null, "shop": null, "name": null }, "geometry": { "type": "Point", "coordinates": [ 72.492537441837555, 23.042086074370577 ] } },
{ "type": "Feature", "properties": { "element": "way", "id": 1008206630, "amenity": null, "shop": null, "name": null }, "geometry": { "type": "Point", "coordinates": [ 72.493106208029019, 23.041718601506229 ] } },
{ "type": "Feature", "properties": { "element": "way", "id": 1008216004, "amenity": null, "shop": null, "name": null }, "geometry": { "type": "Point", "coordinates": [ 72.490942825421413, 23.035147729147852 ] } },
{ "type": "Feature", "properties": { "element": "way", "id": 1008216005, "amenity": null, "shop": null, "name": null }, "geometry": { "type": "Point", "coordinates": [ 72.492828231684371, 23.036216320576777 ] } },
{ "type": "Feature", "properties": { "element": "way", "id": 1008216006, "amenity": null, "shop": null, "name": null }, "geometry": { "type": "Point", "coordinates": [ 72.501596582985712, 23.028381351808299 ] } },
{ "type": "Feature", "properties": { "element": "way", "id": 1008216008, "amenity": null, "shop": null, "name": null }, "geometry": { "type": "Point", "coordinates": [ 72.49274237234421, 23.027560945400026 ] } },
{ "type": "Feature", "properties": { "element": "way", "id": 1008216009, "amenity": null, "shop": null, "name": null }, "geometry": { "type": "Point", "coordinates": [ 72.485653250465603, 23.045673113424737 ] } },
{ "type": "Feature", "properties": { "element": "way", "id": 1008216010, "amenity": null, "shop": null, "name": null }, "geometry": { "type": "Point", "coordinates": [ 72.484516716905475, 23.031334214879777 ] } },
{ "type": "Feature", "properties": { "element": "way", "id": 1008895292, "amenity": null, "shop": null, "name": "Dhanvantari Garden" }, "geometry": { "type": "Point", "coordinates": [ 72.559266423758629, 23.003625552400383 ] } },
{ "type": "Feature", "properties": { "element": "way", "id": 1008895293, "amenity": "place_of_worship", "shop": null, "name": "BAPS Swaminarayan Temple Paldi" }, "geometry": { "type": "Point", "coordinates": [ 72.557633789495185, 23.002899845857964 ] } },
{ "type": "Feature", "properties": { "element": "way", "id": 1008916786, "amenity": null, "shop": null, "name": null }, "geometry": { "type": "Point", "coordinates": [ 72.560356109770666, 23.023273169785856 ] } },
{ "type": "Feature", "properties": { "element": "way", "id": 1009015686, "amenity": null, "shop": null, "name": null }, "geometry": { "type": "Point", "coordinates": [ 72.546417350047449, 23.016808700028154 ] } },
{ "type": "Feature", "properties": { "element": "way", "id": 1009015687, "amenity": null, "shop": null, "name": null }, "geometry": { "type": "Point", "coordinates": [ 72.547227849750001, 23.016073050071526 ] } },
{ "type": "Feature", "properties": { "element": "way", "id": 1009015688, "amenity": null, "shop": null, "name": null }, "geometry": { "type": "Point", "coordinates": [ 72.547906299999624, 23.017138600040841 ] } },
{ "type": "Feature", "properties": { "element": "way", "id": 1009015692, "amenity": "food_court", "shop": null, "name": null }, "geometry": { "type": "Point", "coordinates": [ 72.549884750025839, 23.017526499951543 ] } },
{ "type": "Feature", "properties": { "element": "way", "id": 1009015696, "amenity": "food_court", "shop": null, "name": "Smt. Manekba Swadhyay Khand" }, "geometry": { "type": "Point", "coordinates": [ 72.550754461364662, 23.0201713511326 ] } },
{ "type": "Feature", "properties": { "element": "way", "id": 1009015700, "amenity": "food_court", "shop": null, "name": null }, "geometry": { "type": "Point", "coordinates": [ 72.550331349948692, 23.01827325008415 ] } },
{ "type": "Feature", "properties": { "element": "way", "id": 1009015705, "amenity": null, "shop": null, "name": null }, "geometry": { "type": "Point", "coordinates": [ 72.54788697928646, 23.018559733792511 ] } },
{ "type": "Feature", "properties": { "element": "way", "id": 1009015706, "amenity": "theatre", "shop": null, "name": "Rangbhavan" }, "geometry": { "type": "Point", "coordinates": [ 72.547421803066342, 23.018538765367254 ] } },
{ "type": "Feature", "properties": { "element": "way", "id": 1009015719, "amenity": "place_of_worship", "shop": null, "name": "Derasar" }, "geometry": { "type": "Point", "coordinates": [ 72.551309180331842, 23.021188835096854 ] } },
{ "type": "Feature", "properties": { "element": "way", "id": 1009015723, "amenity": null, "shop": null, "name": null }, "geometry": { "type": "Point", "coordinates": [ 72.546662743615229, 23.016947585934982 ] } },
{ "type": "Feature", "properties": { "element": "way", "id": 1009015724, "amenity": null, "shop": null, "name": null }, "geometry": { "type": "Point", "coordinates": [ 72.546816315929917, 23.017912806286521 ] } },
{ "type": "Feature", "properties": { "element": "way", "id": 1009064803, "amenity": null, "shop": "water", "name": null }, "geometry": { "type": "Point", "coordinates": [ 72.551047921537133, 23.018761305241082 ] } },
{ "type": "Feature", "properties": { "element": "way", "id": 1009064804, "amenity": null, "shop": null, "name": "Tennis Academy of Ahmedabad" }, "geometry": { "type": "Point", "coordinates": [ 72.565969308646245, 23.010519995892768 ] } },
{ "type": "Feature", "properties": { "element": "way", "id": 1009181770, "amenity": null, "shop": null, "name": null }, "geometry": { "type": "Point", "coordinates": [ 72.542538193070385, 23.042752223206556 ] } },
{ "type": "Feature", "properties": { "element": "way", "id": 1009227076, "amenity": null, "shop": null, "name": null }, "geometry": { "type": "Point", "coordinates": [ 72.455896155465268, 23.139467887380047 ] } },
{ "type": "Feature", "properties": { "element": "way", "id": 1010049320, "amenity": null, "shop": null, "name": null }, "geometry": { "type": "Point", "coordinates": [ 72.423509492351783, 22.965422679179529 ] } },
{ "type": "Feature", "properties": { "element": "way", "id": 1010049321, "amenity": null, "shop": null, "name": null }, "geometry": { "type": "Point", "coordinates": [ 72.415465103043871, 22.961770054532195 ] } },
{ "type": "Feature", "properties": { "element": "way", "id": 1010049322, "amenity": null, "shop": null, "name": "4 Seasons" }, "geometry": { "type": "Point", "coordinates": [ 72.415573214558592, 22.961781122675582 ] } },
{ "type": "Feature", "properties": { "element": "way", "id": 1010049323, "amenity": null, "shop": null, "name": null }, "geometry": { "type": "Point", "coordinates": [ 72.431482999985207, 22.9622609000075 ] } },
{ "type": "Feature", "properties": { "element": "way", "id": 1010049336, "amenity": null, "shop": null, "name": null }, "geometry": { "type": "Point", "coordinates": [ 72.453709799961658, 23.005742100020694 ] } },
{ "type": "Feature", "properties": { "element": "way", "id": 1010198075, "amenity": null, "shop": null, "name": null }, "geometry": { "type": "Point", "coordinates": [ 72.433613737251221, 22.945955227721459 ] } },
{ "type": "Feature", "properties": { "element": "way", "id": 1010198076, "amenity": null, "shop": null, "name": null }, "geometry": { "type": "Point", "coordinates": [ 72.435166173087822, 22.945518352641034 ] } },
{ "type": "Feature", "properties": { "element": "way", "id": 1010298125, "amenity": null, "shop": null, "name": null }, "geometry": { "type": "Point", "coordinates": [ 72.421490340790513, 22.966094810329086 ] } },
{ "type": "Feature", "properties": { "element": "way", "id": 1010298133, "amenity": null, "shop": null, "name": null }, "geometry": { "type": "Point", "coordinates": [ 72.422124895748425, 22.961828825318367 ] } },
{ "type": "Feature", "properties": { "element": "way", "id": 1010298134, "amenity": null, "shop": null, "name": null }, "geometry": { "type": "Point", "coordinates": [ 72.422041089461672, 22.962023032968258 ] } },
{ "type": "Feature", "properties": { "element": "way", "id": 1010298135, "amenity": null, "shop": null, "name": "Club House" }, "geometry": { "type": "Point", "coordinates": [ 72.422009554240802, 22.962212235126049 ] } },
{ "type": "Feature", "properties": { "element": "way", "id": 1012995997, "amenity": null, "shop": null, "name": null }, "geometry": { "type": "Point", "coordinates": [ 72.503288803574378, 23.019305542679895 ] } },
{ "type": "Feature", "properties": { "element": "way", "id": 1012996000, "amenity": null, "shop": null, "name": null }, "geometry": { "type": "Point", "coordinates": [ 72.503932069958395, 23.019463141545913 ] } },
{ "type": "Feature", "properties": { "element": "way", "id": 1012996002, "amenity": null, "shop": null, "name": null }, "geometry": { "type": "Point", "coordinates": [ 72.504164860347444, 23.019774220852216 ] } },
{ "type": "Feature", "properties": { "element": "way", "id": 1015046805, "amenity": "bus_station", "shop": null, "name": "Naroda Gam" }, "geometry": { "type": "Point", "coordinates": [ 72.655787155826232, 23.07710415880187 ] } },
{ "type": "Feature", "properties": { "element": "way", "id": 1018475012, "amenity": null, "shop": null, "name": "Orchard Building park" }, "geometry": { "type": "Point", "coordinates": [ 72.553928493370989, 23.115202269482388 ] } },
{ "type": "Feature", "properties": { "element": "way", "id": 1018542425, "amenity": null, "shop": null, "name": null }, "geometry": { "type": "Point", "coordinates": [ 72.508721234240753, 23.023140266191728 ] } },
{ "type": "Feature", "properties": { "element": "way", "id": 1018542426, "amenity": "toilets", "shop": null, "name": null }, "geometry": { "type": "Point", "coordinates": [ 72.508020849999809, 23.023153700001075 ] } },
{ "type": "Feature", "properties": { "element": "way", "id": 1018542428, "amenity": "parking", "shop": null, "name": null }, "geometry": { "type": "Point", "coordinates": [ 72.508287464067692, 23.022700554359353 ] } },
{ "type": "Feature", "properties": { "element": "way", "id": 1018867031, "amenity": "toilets", "shop": null, "name": null }, "geometry": { "type": "Point", "coordinates": [ 72.511648022593491, 23.044937761774154 ] } },
{ "type": "Feature", "properties": { "element": "way", "id": 1019202183, "amenity": null, "shop": null, "name": null }, "geometry": { "type": "Point", "coordinates": [ 72.523083194441583, 23.014004361370638 ] } },
{ "type": "Feature", "properties": { "element": "way", "id": 1019202188, "amenity": null, "shop": null, "name": null }, "geometry": { "type": "Point", "coordinates": [ 72.545063363987481, 23.00820907687141 ] } },
{ "type": "Feature", "properties": { "element": "way", "id": 1019202194, "amenity": null, "shop": null, "name": "Harenbhai Viththalbhai Pandya Udhyan" }, "geometry": { "type": "Point", "coordinates": [ 72.544670122161278, 23.008201353869286 ] } },
{ "type": "Feature", "properties": { "element": "way", "id": 1019202197, "amenity": null, "shop": null, "name": "Shardanagar Park" }, "geometry": { "type": "Point", "coordinates": [ 72.550446508940738, 23.010143872610001 ] } },
{ "type": "Feature", "properties": { "element": "way", "id": 1019202198, "amenity": null, "shop": null, "name": null }, "geometry": { "type": "Point", "coordinates": [ 72.552093610500961, 23.012670429918444 ] } },
{ "type": "Feature", "properties": { "element": "way", "id": 1019202205, "amenity": null, "shop": null, "name": "Popatlal Chhotalal Dani Udhyan" }, "geometry": { "type": "Point", "coordinates": [ 72.5430592574467, 23.011932081913294 ] } },
{ "type": "Feature", "properties": { "element": "way", "id": 1019487891, "amenity": null, "shop": null, "name": null }, "geometry": { "type": "Point", "coordinates": [ 72.529705649976194, 23.037690200105793 ] } },
{ "type": "Feature", "properties": { "element": "way", "id": 1019588817, "amenity": null, "shop": null, "name": "Adventure Park" }, "geometry": { "type": "Point", "coordinates": [ 72.529534747077633, 23.039211764927408 ] } },
{ "type": "Feature", "properties": { "element": "way", "id": 1019588819, "amenity": null, "shop": null, "name": null }, "geometry": { "type": "Point", "coordinates": [ 72.521914406512792, 23.035264860057008 ] } },
{ "type": "Feature", "properties": { "element": "way", "id": 1019902816, "amenity": null, "shop": null, "name": null }, "geometry": { "type": "Point", "coordinates": [ 72.511607300016109, 23.008624800006626 ] } },
{ "type": "Feature", "properties": { "element": "way", "id": 1019902819, "amenity": null, "shop": null, "name": null }, "geometry": { "type": "Point", "coordinates": [ 72.52362192465371, 23.019100541256368 ] } },
{ "type": "Feature", "properties": { "element": "way", "id": 1019902820, "amenity": null, "shop": null, "name": "Vishwamitra Public Park" }, "geometry": { "type": "Point", "coordinates": [ 72.525279137873838, 23.017976601875258 ] } },
{ "type": "Feature", "properties": { "element": "way", "id": 1019902822, "amenity": null, "shop": null, "name": null }, "geometry": { "type": "Point", "coordinates": [ 72.527644988501919, 23.021118630427882 ] } },
{ "type": "Feature", "properties": { "element": "way", "id": 1019925043, "amenity": "driving_school", "shop": null, "name": "Driving License Test Practice Area" }, "geometry": { "type": "Point", "coordinates": [ 72.503365363638054, 23.00560426161319 ] } },
{ "type": "Feature", "properties": { "element": "way", "id": 1019925046, "amenity": null, "shop": null, "name": null }, "geometry": { "type": "Point", "coordinates": [ 72.501425725335977, 23.004946235230118 ] } },
{ "type": "Feature", "properties": { "element": "way", "id": 1019925048, "amenity": null, "shop": null, "name": null }, "geometry": { "type": "Point", "coordinates": [ 72.502549145674038, 23.005380164566184 ] } },
{ "type": "Feature", "properties": { "element": "way", "id": 1026135338, "amenity": "parking", "shop": null, "name": null }, "geometry": { "type": "Point", "coordinates": [ 72.579263677665708, 23.166749557031459 ] } },
{ "type": "Feature", "properties": { "element": "way", "id": 1026135342, "amenity": null, "shop": null, "name": "Ambapur ni Vav" }, "geometry": { "type": "Point", "coordinates": [ 72.610968763219901, 23.152054042711178 ] } },
{ "type": "Feature", "properties": { "element": "way", "id": 1026135356, "amenity": null, "shop": null, "name": null }, "geometry": { "type": "Point", "coordinates": [ 72.576046699854459, 23.177247200246516 ] } },
{ "type": "Feature", "properties": { "element": "way", "id": 1027296561, "amenity": "place_of_worship", "shop": null, "name": null }, "geometry": { "type": "Point", "coordinates": [ 72.448867238146065, 23.032291077545167 ] } },
{ "type": "Feature", "properties": { "element": "way", "id": 1032926399, "amenity": "school", "shop": null, "name": "Apple Global School" }, "geometry": { "type": "Point", "coordinates": [ 72.417894561737569, 22.988970300583937 ] } },
{ "type": "Feature", "properties": { "element": "way", "id": 1033605997, "amenity": null, "shop": null, "name": null }, "geometry": { "type": "Point", "coordinates": [ 72.628712341984041, 23.170567074160889 ] } },
{ "type": "Feature", "properties": { "element": "way", "id": 1033605998, "amenity": null, "shop": null, "name": null }, "geometry": { "type": "Point", "coordinates": [ 72.628931864761896, 23.170557367160786 ] } },
{ "type": "Feature", "properties": { "element": "way", "id": 1033606000, "amenity": null, "shop": null, "name": null }, "geometry": { "type": "Point", "coordinates": [ 72.629106031264214, 23.170552176644986 ] } },
{ "type": "Feature", "properties": { "element": "way", "id": 1033606003, "amenity": "place_of_worship", "shop": null, "name": "Shree Jalarambapa Mandir" }, "geometry": { "type": "Point", "coordinates": [ 72.521927100015333, 23.088513400021775 ] } },
{ "type": "Feature", "properties": { "element": "way", "id": 1033606004, "amenity": "place_of_worship", "shop": null, "name": "Shree Rang Avadhut Mandir" }, "geometry": { "type": "Point", "coordinates": [ 72.521687049986454, 23.088704650009014 ] } },
{ "type": "Feature", "properties": { "element": "way", "id": 1033606006, "amenity": "animal_shelter", "shop": null, "name": "Gaushala" }, "geometry": { "type": "Point", "coordinates": [ 72.523479432073998, 23.089100601179528 ] } },
{ "type": "Feature", "properties": { "element": "way", "id": 1033606011, "amenity": "toilets", "shop": null, "name": null }, "geometry": { "type": "Point", "coordinates": [ 72.506312767808623, 23.020178740759722 ] } },
{ "type": "Feature", "properties": { "element": "way", "id": 1033606012, "amenity": "shelter", "shop": null, "name": null }, "geometry": { "type": "Point", "coordinates": [ 72.506721499999784, 23.020092800001979 ] } },
{ "type": "Feature", "properties": { "element": "way", "id": 1033606013, "amenity": null, "shop": null, "name": null }, "geometry": { "type": "Point", "coordinates": [ 72.50662013054297, 23.020304617861854 ] } },
{ "type": "Feature", "properties": { "element": "way", "id": 1033606014, "amenity": null, "shop": null, "name": null }, "geometry": { "type": "Point", "coordinates": [ 72.506900197020443, 23.020353874544035 ] } },
{ "type": "Feature", "properties": { "element": "way", "id": 1033606021, "amenity": null, "shop": null, "name": null }, "geometry": { "type": "Point", "coordinates": [ 72.506589974105552, 23.020254481005306 ] } },
{ "type": "Feature", "properties": { "element": "way", "id": 1034541688, "amenity": "shelter", "shop": null, "name": null }, "geometry": { "type": "Point", "coordinates": [ 72.512384600000161, 23.013206700000168 ] } },
{ "type": "Feature", "properties": { "element": "way", "id": 1034541689, "amenity": null, "shop": null, "name": null }, "geometry": { "type": "Point", "coordinates": [ 72.512277493688302, 23.013083421330276 ] } },
{ "type": "Feature", "properties": { "element": "way", "id": 1034580727, "amenity": null, "shop": null, "name": null }, "geometry": { "type": "Point", "coordinates": [ 72.522749784479004, 23.015346297735096 ] } },
{ "type": "Feature", "properties": { "element": "way", "id": 1035161350, "amenity": null, "shop": null, "name": null }, "geometry": { "type": "Point", "coordinates": [ 72.549733768614274, 23.025193464481969 ] } },
{ "type": "Feature", "properties": { "element": "way", "id": 1035161351, "amenity": "toilets", "shop": null, "name": null }, "geometry": { "type": "Point", "coordinates": [ 72.549662833014281, 23.025112202661017 ] } },
{ "type": "Feature", "properties": { "element": "way", "id": 1035161356, "amenity": null, "shop": null, "name": null }, "geometry": { "type": "Point", "coordinates": [ 72.541132077653756, 23.019435177481174 ] } },
{ "type": "Feature", "properties": { "element": "way", "id": 1035161363, "amenity": null, "shop": null, "name": "Vidyaben Vasant Gajendragadkar Udyan" }, "geometry": { "type": "Point", "coordinates": [ 72.540415312225718, 23.026460496497936 ] } },
{ "type": "Feature", "properties": { "element": "way", "id": 1035161368, "amenity": null, "shop": null, "name": "Chandrashekhar Azad Garden" }, "geometry": { "type": "Point", "coordinates": [ 72.532772632163102, 23.02923607361522 ] } },
{ "type": "Feature", "properties": { "element": "way", "id": 1036620574, "amenity": null, "shop": null, "name": null }, "geometry": { "type": "Point", "coordinates": [ 72.517202049995305, 23.033349100057201 ] } },
{ "type": "Feature", "properties": { "element": "way", "id": 1036620575, "amenity": null, "shop": null, "name": null }, "geometry": { "type": "Point", "coordinates": [ 72.519786550018054, 23.039498950019759 ] } },
{ "type": "Feature", "properties": { "element": "way", "id": 1036620576, "amenity": null, "shop": null, "name": null }, "geometry": { "type": "Point", "coordinates": [ 72.523189542442722, 23.036894534812237 ] } },
{ "type": "Feature", "properties": { "element": "way", "id": 1036620578, "amenity": null, "shop": null, "name": "Shravan Public Park" }, "geometry": { "type": "Point", "coordinates": [ 72.523532763857503, 23.036975110024681 ] } },
{ "type": "Feature", "properties": { "element": "way", "id": 1036620579, "amenity": null, "shop": null, "name": null }, "geometry": { "type": "Point", "coordinates": [ 72.524663599999585, 23.036980950006889 ] } },
{ "type": "Feature", "properties": { "element": "way", "id": 1036620581, "amenity": null, "shop": null, "name": null }, "geometry": { "type": "Point", "coordinates": [ 72.527928224720412, 23.035306044999277 ] } },
{ "type": "Feature", "properties": { "element": "way", "id": 1036620584, "amenity": null, "shop": null, "name": null }, "geometry": { "type": "Point", "coordinates": [ 72.529433567914225, 23.034365113515474 ] } },
{ "type": "Feature", "properties": { "element": "way", "id": 1036620586, "amenity": null, "shop": null, "name": null }, "geometry": { "type": "Point", "coordinates": [ 72.526719199984967, 23.02911269999381 ] } },
{ "type": "Feature", "properties": { "element": "way", "id": 1036620588, "amenity": null, "shop": null, "name": null }, "geometry": { "type": "Point", "coordinates": [ 72.526504944356944, 23.029110540697069 ] } },
{ "type": "Feature", "properties": { "element": "way", "id": 1036620589, "amenity": null, "shop": null, "name": null }, "geometry": { "type": "Point", "coordinates": [ 72.53255519999469, 23.021798599979384 ] } },
{ "type": "Feature", "properties": { "element": "way", "id": 1036620591, "amenity": null, "shop": null, "name": null }, "geometry": { "type": "Point", "coordinates": [ 72.532383950174605, 23.021817324401223 ] } },
{ "type": "Feature", "properties": { "element": "way", "id": 1036620593, "amenity": null, "shop": null, "name": null }, "geometry": { "type": "Point", "coordinates": [ 72.533492919761485, 23.015520394736864 ] } },
{ "type": "Feature", "properties": { "element": "way", "id": 1036620595, "amenity": null, "shop": null, "name": null }, "geometry": { "type": "Point", "coordinates": [ 72.533096782181246, 23.015488781365786 ] } },
{ "type": "Feature", "properties": { "element": "way", "id": 1036620597, "amenity": null, "shop": null, "name": "Sola-Thaltej Overbridge" }, "geometry": { "type": "Point", "coordinates": [ 72.515054426525055, 23.063302660439582 ] } },
{ "type": "Feature", "properties": { "element": "way", "id": 1036620599, "amenity": null, "shop": null, "name": "Sola-Thaltej Overbridge" }, "geometry": { "type": "Point", "coordinates": [ 72.51496813547972, 23.063305707037369 ] } },
{ "type": "Feature", "properties": { "element": "way", "id": 1046177708, "amenity": null, "shop": null, "name": null }, "geometry": { "type": "Point", "coordinates": [ 72.521670268133178, 23.057085997824288 ] } },
{ "type": "Feature", "properties": { "element": "way", "id": 1056623328, "amenity": "toilets", "shop": null, "name": null }, "geometry": { "type": "Point", "coordinates": [ 72.604394949997527, 23.006612100007914 ] } },
{ "type": "Feature", "properties": { "element": "way", "id": 1056623329, "amenity": "toilets", "shop": null, "name": null }, "geometry": { "type": "Point", "coordinates": [ 72.6030079500092, 23.008584700011397 ] } },
{ "type": "Feature", "properties": { "element": "way", "id": 1056623330, "amenity": "toilets", "shop": null, "name": null }, "geometry": { "type": "Point", "coordinates": [ 72.599863349998245, 23.003592950002481 ] } },
{ "type": "Feature", "properties": { "element": "way", "id": 1056623331, "amenity": "toilets", "shop": null, "name": null }, "geometry": { "type": "Point", "coordinates": [ 72.603498096274095, 23.002521424421936 ] } },
{ "type": "Feature", "properties": { "element": "way", "id": 1072528782, "amenity": "place_of_worship", "shop": null, "name": "SMVS Swaminarayan Mandir" }, "geometry": { "type": "Point", "coordinates": [ 72.54498584469124, 23.094469340604238 ] } },
{ "type": "Feature", "properties": { "element": "way", "id": 1087307157, "amenity": "restaurant", "shop": null, "name": "Kamla Cafe" }, "geometry": { "type": "Point", "coordinates": [ 72.517578443347659, 23.044237860767442 ] } },
{ "type": "Feature", "properties": { "element": "way", "id": 1087439968, "amenity": null, "shop": null, "name": "Meditation Ground" }, "geometry": { "type": "Point", "coordinates": [ 72.555986781586554, 23.019855654731177 ] } },
{ "type": "Feature", "properties": { "element": "way", "id": 1087439979, "amenity": "toilets", "shop": null, "name": null }, "geometry": { "type": "Point", "coordinates": [ 72.556580066080869, 23.021340118452301 ] } },
{ "type": "Feature", "properties": { "element": "way", "id": 1087439982, "amenity": null, "shop": null, "name": "Play Court" }, "geometry": { "type": "Point", "coordinates": [ 72.556214601140766, 23.021032266203044 ] } },
{ "type": "Feature", "properties": { "element": "way", "id": 1087439986, "amenity": null, "shop": null, "name": "Gymnasium" }, "geometry": { "type": "Point", "coordinates": [ 72.555520949955408, 23.021023150022881 ] } },
{ "type": "Feature", "properties": { "element": "way", "id": 1087439988, "amenity": "parking", "shop": null, "name": null }, "geometry": { "type": "Point", "coordinates": [ 72.55597456146441, 23.021210939609766 ] } },
{ "type": "Feature", "properties": { "element": "way", "id": 1087439989, "amenity": "theatre", "shop": null, "name": "Amphitheatre" }, "geometry": { "type": "Point", "coordinates": [ 72.555585101011118, 23.020638850855356 ] } },
{ "type": "Feature", "properties": { "element": "way", "id": 1087440000, "amenity": null, "shop": null, "name": "Chitibang Law Garden" }, "geometry": { "type": "Point", "coordinates": [ 72.560259431765317, 23.024642458198507 ] } },
{ "type": "Feature", "properties": { "element": "way", "id": 1098752485, "amenity": "driver_training", "shop": null, "name": null }, "geometry": { "type": "Point", "coordinates": [ 72.656856073789442, 23.059785337086169 ] } },
{ "type": "Feature", "properties": { "element": "way", "id": 1098753511, "amenity": null, "shop": null, "name": "SRP RUNNING TRACK" }, "geometry": { "type": "Point", "coordinates": [ 72.648235919357376, 23.059473359448884 ] } },
{ "type": "Feature", "properties": { "element": "way", "id": 1101021713, "amenity": null, "shop": null, "name": "Thaltej Metro" }, "geometry": { "type": "Point", "coordinates": [ 72.51916453056721, 23.049259553579994 ] } },
{ "type": "Feature", "properties": { "element": "way", "id": 1101028015, "amenity": null, "shop": null, "name": null }, "geometry": { "type": "Point", "coordinates": [ 72.533335530666008, 22.986015311557718 ] } },
{ "type": "Feature", "properties": { "element": "way", "id": 1103414220, "amenity": "parking", "shop": null, "name": null }, "geometry": { "type": "Point", "coordinates": [ 72.665096233353353, 23.154812804451836 ] } },
{ "type": "Feature", "properties": { "element": "way", "id": 1103414221, "amenity": "parking", "shop": null, "name": null }, "geometry": { "type": "Point", "coordinates": [ 72.66422962650978, 23.155004773983709 ] } },
{ "type": "Feature", "properties": { "element": "way", "id": 1104384659, "amenity": null, "shop": "mall", "name": "Swagat Mall" }, "geometry": { "type": "Point", "coordinates": [ 72.587376194448211, 23.160254940091612 ] } },
{ "type": "Feature", "properties": { "element": "way", "id": 1107146505, "amenity": null, "shop": null, "name": "Gandhigram" }, "geometry": { "type": "Point", "coordinates": [ 72.568936494365303, 23.027036778951505 ] } },
{ "type": "Feature", "properties": { "element": "way", "id": 1107167554, "amenity": null, "shop": null, "name": null }, "geometry": { "type": "Point", "coordinates": [ 72.543516512456065, 23.091765163200417 ] } },
{ "type": "Feature", "properties": { "element": "way", "id": 1107167566, "amenity": null, "shop": null, "name": "Chandlodiya Garden 1" }, "geometry": { "type": "Point", "coordinates": [ 72.553310410825631, 23.084265094083452 ] } },
{ "type": "Feature", "properties": { "element": "way", "id": 1107167567, "amenity": null, "shop": null, "name": "Chandlodiya Garden 2" }, "geometry": { "type": "Point", "coordinates": [ 72.553686703339466, 23.08398265014192 ] } },
{ "type": "Feature", "properties": { "element": "way", "id": 1111460672, "amenity": "fuel", "shop": null, "name": "Nayara" }, "geometry": { "type": "Point", "coordinates": [ 72.502209241498065, 23.111645663643685 ] } },
{ "type": "Feature", "properties": { "element": "way", "id": 1112152330, "amenity": null, "shop": null, "name": null }, "geometry": { "type": "Point", "coordinates": [ 72.463947126492499, 23.004365825738638 ] } },
{ "type": "Feature", "properties": { "element": "way", "id": 1112152349, "amenity": null, "shop": null, "name": null }, "geometry": { "type": "Point", "coordinates": [ 72.463994911895654, 23.004858624746397 ] } },
{ "type": "Feature", "properties": { "element": "way", "id": 1112152350, "amenity": "fountain", "shop": null, "name": null }, "geometry": { "type": "Point", "coordinates": [ 72.463998250001197, 23.004637449992572 ] } },
{ "type": "Feature", "properties": { "element": "way", "id": 1115746290, "amenity": null, "shop": null, "name": null }, "geometry": { "type": "Point", "coordinates": [ 72.453796567133026, 23.005941677449947 ] } },
{ "type": "Feature", "properties": { "element": "way", "id": 1115746293, "amenity": "events_venue", "shop": null, "name": "Agrasen Foundation" }, "geometry": { "type": "Point", "coordinates": [ 72.464094359993794, 23.007126867193161 ] } },
{ "type": "Feature", "properties": { "element": "way", "id": 1122775652, "amenity": null, "shop": null, "name": null }, "geometry": { "type": "Point", "coordinates": [ 72.543632656871807, 23.055762008828921 ] } },
{ "type": "Feature", "properties": { "element": "way", "id": 1123468876, "amenity": null, "shop": null, "name": null }, "geometry": { "type": "Point", "coordinates": [ 72.554971235607269, 23.04944621891201 ] } },
{ "type": "Feature", "properties": { "element": "way", "id": 1123468877, "amenity": "toilets", "shop": null, "name": null }, "geometry": { "type": "Point", "coordinates": [ 72.539148199999119, 23.062365900005886 ] } },
{ "type": "Feature", "properties": { "element": "way", "id": 1123468879, "amenity": null, "shop": null, "name": null }, "geometry": { "type": "Point", "coordinates": [ 72.539229936766702, 23.062470892349371 ] } },
{ "type": "Feature", "properties": { "element": "way", "id": 1123867950, "amenity": "toilets", "shop": null, "name": null }, "geometry": { "type": "Point", "coordinates": [ 72.556749900006793, 23.064818450003855 ] } },
{ "type": "Feature", "properties": { "element": "way", "id": 1136222354, "amenity": null, "shop": null, "name": null }, "geometry": { "type": "Point", "coordinates": [ 72.564192687475668, 23.042343254653026 ] } },
{ "type": "Feature", "properties": { "element": "way", "id": 1137164951, "amenity": "library", "shop": null, "name": null }, "geometry": { "type": "Point", "coordinates": [ 72.576704165721949, 23.026628736671345 ] } },
{ "type": "Feature", "properties": { "element": "way", "id": 1152623321, "amenity": null, "shop": null, "name": "Renaissance Ahmedabad Hotel" }, "geometry": { "type": "Point", "coordinates": [ 72.526660360600374, 23.075225843759796 ] } },
{ "type": "Feature", "properties": { "element": "way", "id": 1153422123, "amenity": "hospital", "shop": null, "name": "Dr.Maulik Patwa" }, "geometry": { "type": "Point", "coordinates": [ 72.555710488429781, 23.017314787940446 ] } },
{ "type": "Feature", "properties": { "element": "way", "id": 1153422780, "amenity": "hospital", "shop": null, "name": null }, "geometry": { "type": "Point", "coordinates": [ 72.722071387219742, 23.012810060460776 ] } },
{ "type": "Feature", "properties": { "element": "way", "id": 1153423235, "amenity": "hospital", "shop": null, "name": null }, "geometry": { "type": "Point", "coordinates": [ 72.565009379147455, 23.012127202872534 ] } },
{ "type": "Feature", "properties": { "element": "way", "id": 1153423556, "amenity": "hospital", "shop": null, "name": "Sahyog Hospital" }, "geometry": { "type": "Point", "coordinates": [ 72.473305225683873, 22.986907293346057 ] } },
{ "type": "Feature", "properties": { "element": "way", "id": 1153424460, "amenity": "hospital", "shop": null, "name": "Lions Karnavati Shantaben Vishnubhai Patel Eye Hospital" }, "geometry": { "type": "Point", "coordinates": [ 72.504555661892937, 23.122550318239227 ] } },
{ "type": "Feature", "properties": { "element": "way", "id": 1153426707, "amenity": "hospital", "shop": null, "name": "Navkar Plastic Surgery Hospital" }, "geometry": { "type": "Point", "coordinates": [ 72.562928455242584, 23.01442612884378 ] } },
{ "type": "Feature", "properties": { "element": "way", "id": 1153427198, "amenity": "hospital", "shop": null, "name": null }, "geometry": { "type": "Point", "coordinates": [ 72.523747178316412, 23.054109385220212 ] } },
{ "type": "Feature", "properties": { "element": "way", "id": 1153427200, "amenity": "hospital", "shop": null, "name": null }, "geometry": { "type": "Point", "coordinates": [ 72.623120363630179, 23.029020917107889 ] } },
{ "type": "Feature", "properties": { "element": "way", "id": 1153427246, "amenity": "hospital", "shop": null, "name": null }, "geometry": { "type": "Point", "coordinates": [ 72.600174299712563, 23.032017200599665 ] } },
{ "type": "Feature", "properties": { "element": "way", "id": 1153427742, "amenity": "hospital", "shop": null, "name": null }, "geometry": { "type": "Point", "coordinates": [ 72.647856181878737, 23.086697223476264 ] } },
{ "type": "Feature", "properties": { "element": "way", "id": 1153427861, "amenity": "hospital", "shop": null, "name": null }, "geometry": { "type": "Point", "coordinates": [ 72.592611672469019, 23.041312514203607 ] } },
{ "type": "Feature", "properties": { "element": "way", "id": 1153428084, "amenity": "hospital", "shop": null, "name": "Community Health Centre, Chandkheda" }, "geometry": { "type": "Point", "coordinates": [ 72.575805462397, 23.113340267179492 ] } },
{ "type": "Feature", "properties": { "element": "way", "id": 1153428116, "amenity": "hospital", "shop": null, "name": null }, "geometry": { "type": "Point", "coordinates": [ 72.630764399530094, 23.037057550386429 ] } },
{ "type": "Feature", "properties": { "element": "way", "id": 1153428117, "amenity": "hospital", "shop": null, "name": null }, "geometry": { "type": "Point", "coordinates": [ 72.6302299577262, 23.039176855516082 ] } },
{ "type": "Feature", "properties": { "element": "way", "id": 1153428139, "amenity": "hospital", "shop": null, "name": null }, "geometry": { "type": "Point", "coordinates": [ 72.66279626136955, 23.066240217154881 ] } },
{ "type": "Feature", "properties": { "element": "way", "id": 1153428141, "amenity": "hospital", "shop": null, "name": null }, "geometry": { "type": "Point", "coordinates": [ 72.612432029105136, 22.97230551793745 ] } },
{ "type": "Feature", "properties": { "element": "way", "id": 1153428150, "amenity": "hospital", "shop": null, "name": null }, "geometry": { "type": "Point", "coordinates": [ 72.659793881619521, 23.090416145282571 ] } },
{ "type": "Feature", "properties": { "element": "way", "id": 1153428276, "amenity": "hospital", "shop": null, "name": null }, "geometry": { "type": "Point", "coordinates": [ 72.56472302337707, 23.006417860179052 ] } },
{ "type": "Feature", "properties": { "element": "way", "id": 1153428508, "amenity": "hospital", "shop": null, "name": null }, "geometry": { "type": "Point", "coordinates": [ 72.5379070381763, 23.004517926361103 ] } },
{ "type": "Feature", "properties": { "element": "way", "id": 1169731945, "amenity": null, "shop": null, "name": null }, "geometry": { "type": "Point", "coordinates": [ 72.602814189525617, 23.064809748558673 ] } },
{ "type": "Feature", "properties": { "element": "way", "id": 1169731950, "amenity": null, "shop": null, "name": null }, "geometry": { "type": "Point", "coordinates": [ 72.611697521787661, 23.068888860012422 ] } },
{ "type": "Feature", "properties": { "element": "way", "id": 1180000553, "amenity": "school", "shop": null, "name": null }, "geometry": { "type": "Point", "coordinates": [ 72.577615028567422, 23.102696668736989 ] } },
{ "type": "Feature", "properties": { "element": "way", "id": 1180000554, "amenity": "place_of_worship", "shop": null, "name": null }, "geometry": { "type": "Point", "coordinates": [ 72.578042125829185, 23.106279895581938 ] } },
{ "type": "Feature", "properties": { "element": "way", "id": 1180002417, "amenity": "restaurant", "shop": null, "name": "Praful Dairy Parlour" }, "geometry": { "type": "Point", "coordinates": [ 72.576050379113539, 23.106524180134468 ] } },
{ "type": "Feature", "properties": { "element": "way", "id": 1180002706, "amenity": "place_of_worship", "shop": null, "name": "Shree Sai Baba Mandir" }, "geometry": { "type": "Point", "coordinates": [ 72.575999231738137, 23.107312838547504 ] } },
{ "type": "Feature", "properties": { "element": "way", "id": 1180002877, "amenity": null, "shop": null, "name": "Kali Cultural Garden" }, "geometry": { "type": "Point", "coordinates": [ 72.574461625112122, 23.107348845064337 ] } },
{ "type": "Feature", "properties": { "element": "way", "id": 1180003746, "amenity": null, "shop": "mall", "name": "Aradhna Clothing" }, "geometry": { "type": "Point", "coordinates": [ 72.58148556178341, 23.108540262193412 ] } },
{ "type": "Feature", "properties": { "element": "way", "id": 1180004257, "amenity": null, "shop": null, "name": "Devi Public Park" }, "geometry": { "type": "Point", "coordinates": [ 72.58470543703983, 23.108223716129036 ] } },
{ "type": "Feature", "properties": { "element": "way", "id": 1180004499, "amenity": null, "shop": "stationery", "name": "Hello Stationary services" }, "geometry": { "type": "Point", "coordinates": [ 72.58275142861882, 23.108341997723535 ] } },
{ "type": "Feature", "properties": { "element": "way", "id": 1180004827, "amenity": null, "shop": "bakery", "name": null }, "geometry": { "type": "Point", "coordinates": [ 72.582376529129633, 23.108290984419671 ] } },
{ "type": "Feature", "properties": { "element": "way", "id": 1180005661, "amenity": null, "shop": "confectionery", "name": null }, "geometry": { "type": "Point", "coordinates": [ 72.584645017994703, 23.107857591416867 ] } },
{ "type": "Feature", "properties": { "element": "way", "id": 1180006263, "amenity": "restaurant", "shop": null, "name": null }, "geometry": { "type": "Point", "coordinates": [ 72.582477706228048, 23.108417460403555 ] } },
{ "type": "Feature", "properties": { "element": "way", "id": 1180007887, "amenity": "school", "shop": null, "name": null }, "geometry": { "type": "Point", "coordinates": [ 72.590598419041143, 23.109699876225129 ] } },
{ "type": "Feature", "properties": { "element": "way", "id": 1180008371, "amenity": null, "shop": "confectionery", "name": null }, "geometry": { "type": "Point", "coordinates": [ 72.591411667468648, 23.1094643038731 ] } },
{ "type": "Feature", "properties": { "element": "way", "id": 1180008516, "amenity": "restaurant", "shop": null, "name": null }, "geometry": { "type": "Point", "coordinates": [ 72.59127911065589, 23.108940176657168 ] } },
{ "type": "Feature", "properties": { "element": "way", "id": 1180008783, "amenity": "school", "shop": null, "name": null }, "geometry": { "type": "Point", "coordinates": [ 72.591754049934323, 23.108864166850424 ] } },
{ "type": "Feature", "properties": { "element": "way", "id": 1180013600, "amenity": "school", "shop": null, "name": "Kendriya Vidyalaya Sabarmati" }, "geometry": { "type": "Point", "coordinates": [ 72.581912183922242, 23.101032436796576 ] } },
{ "type": "Feature", "properties": { "element": "way", "id": 1180013601, "amenity": null, "shop": null, "name": "Childrens Park" }, "geometry": { "type": "Point", "coordinates": [ 72.58260359631069, 23.100318177596826 ] } },
{ "type": "Feature", "properties": { "element": "way", "id": 1180013602, "amenity": null, "shop": null, "name": "Concrete Volleyball Court" }, "geometry": { "type": "Point", "coordinates": [ 72.581839518407747, 23.100421954280097 ] } },
{ "type": "Feature", "properties": { "element": "way", "id": 1180013603, "amenity": null, "shop": null, "name": "Concrete Basketball Court" }, "geometry": { "type": "Point", "coordinates": [ 72.582304633649642, 23.100229644423528 ] } },
{ "type": "Feature", "properties": { "element": "way", "id": 1180013604, "amenity": "bicycle_parking", "shop": null, "name": null }, "geometry": { "type": "Point", "coordinates": [ 72.581663110912388, 23.100300877122049 ] } },
{ "type": "Feature", "properties": { "element": "way", "id": 1180013605, "amenity": null, "shop": null, "name": "Football ground" }, "geometry": { "type": "Point", "coordinates": [ 72.582098716987488, 23.099920844714763 ] } },
{ "type": "Feature", "properties": { "element": "way", "id": 1180013606, "amenity": "school", "shop": null, "name": "Assembly Area" }, "geometry": { "type": "Point", "coordinates": [ 72.582288896406439, 23.101273016979164 ] } },
{ "type": "Feature", "properties": { "element": "way", "id": 1180013607, "amenity": null, "shop": null, "name": "Cricket pitch" }, "geometry": { "type": "Point", "coordinates": [ 72.582031033345785, 23.101472445023688 ] } },
{ "type": "Feature", "properties": { "element": "way", "id": 1180014250, "amenity": null, "shop": "mall", "name": null }, "geometry": { "type": "Point", "coordinates": [ 72.595729776708552, 23.103017457891784 ] } },
{ "type": "Feature", "properties": { "element": "way", "id": 1180015056, "amenity": null, "shop": null, "name": null }, "geometry": { "type": "Point", "coordinates": [ 72.58878894961731, 23.103038229727815 ] } },
{ "type": "Feature", "properties": { "element": "way", "id": 1191865454, "amenity": "toilets", "shop": null, "name": null }, "geometry": { "type": "Point", "coordinates": [ 72.53704, 23.051370350000322 ] } },
{ "type": "Feature", "properties": { "element": "way", "id": 1191865459, "amenity": null, "shop": null, "name": "Vivekanand Lake Park" }, "geometry": { "type": "Point", "coordinates": [ 72.537057201774601, 23.051618565714652 ] } },
{ "type": "Feature", "properties": { "element": "way", "id": 1192008348, "amenity": null, "shop": null, "name": "Chharodi Park" }, "geometry": { "type": "Point", "coordinates": [ 72.540649321536151, 23.122969425074629 ] } },
{ "type": "Feature", "properties": { "element": "way", "id": 1192008352, "amenity": "shelter", "shop": null, "name": null }, "geometry": { "type": "Point", "coordinates": [ 72.539522051987163, 23.123500646660009 ] } },
{ "type": "Feature", "properties": { "element": "way", "id": 1192008355, "amenity": null, "shop": null, "name": null }, "geometry": { "type": "Point", "coordinates": [ 72.527793581715841, 23.029047374554217 ] } },
{ "type": "Feature", "properties": { "element": "way", "id": 1192740604, "amenity": "school", "shop": null, "name": "Ahmedabad Textile Industry's Research Association" }, "geometry": { "type": "Point", "coordinates": [ 72.541800726418529, 23.03191949725996 ] } },
{ "type": "Feature", "properties": { "element": "way", "id": 1193088618, "amenity": "toilets", "shop": null, "name": null }, "geometry": { "type": "Point", "coordinates": [ 72.555238031684908, 23.019800601768676 ] } },
{ "type": "Feature", "properties": { "element": "way", "id": 1193088619, "amenity": "parking", "shop": null, "name": null }, "geometry": { "type": "Point", "coordinates": [ 72.555230964447532, 23.019887757039736 ] } },
{ "type": "Feature", "properties": { "element": "way", "id": 1196756497, "amenity": "parking", "shop": null, "name": null }, "geometry": { "type": "Point", "coordinates": [ 72.498662748466444, 23.078429533098969 ] } },
{ "type": "Feature", "properties": { "element": "way", "id": 1196756504, "amenity": null, "shop": null, "name": "Nature Park" }, "geometry": { "type": "Point", "coordinates": [ 72.495230948331269, 23.077276888930289 ] } },
{ "type": "Feature", "properties": { "element": "way", "id": 1197492580, "amenity": null, "shop": null, "name": null }, "geometry": { "type": "Point", "coordinates": [ 72.499132547899706, 23.023605471492626 ] } },
{ "type": "Feature", "properties": { "element": "way", "id": 1198134746, "amenity": null, "shop": null, "name": null }, "geometry": { "type": "Point", "coordinates": [ 72.566563745536371, 23.045160374586217 ] } },
{ "type": "Feature", "properties": { "element": "way", "id": 1198134748, "amenity": "events_venue", "shop": null, "name": "Aman Party Plot" }, "geometry": { "type": "Point", "coordinates": [ 72.537916987575983, 23.009078125206141 ] } },
{ "type": "Feature", "properties": { "element": "way", "id": 1198134749, "amenity": "events_venue", "shop": null, "name": "Chanchal Party Plot" }, "geometry": { "type": "Point", "coordinates": [ 72.538963150015476, 23.008394600311366 ] } },
{ "type": "Feature", "properties": { "element": "way", "id": 1198134750, "amenity": "events_venue", "shop": null, "name": "Aakash Party Plot" }, "geometry": { "type": "Point", "coordinates": [ 72.536654129227898, 23.008881317518011 ] } },
{ "type": "Feature", "properties": { "element": "way", "id": 1199739132, "amenity": null, "shop": null, "name": null }, "geometry": { "type": "Point", "coordinates": [ 72.550056600020696, 23.004532050003007 ] } },
{ "type": "Feature", "properties": { "element": "way", "id": 1199739133, "amenity": null, "shop": null, "name": null }, "geometry": { "type": "Point", "coordinates": [ 72.549581684333646, 23.007491150737241 ] } },
{ "type": "Feature", "properties": { "element": "way", "id": 1199739135, "amenity": "place_of_worship", "shop": null, "name": "Dharnidhar Derasar" }, "geometry": { "type": "Point", "coordinates": [ 72.548627044599627, 23.008398870711154 ] } },
{ "type": "Feature", "properties": { "element": "way", "id": 1199739136, "amenity": null, "shop": null, "name": "Senior Citizen Park" }, "geometry": { "type": "Point", "coordinates": [ 72.547533496268159, 23.007262018761161 ] } },
{ "type": "Feature", "properties": { "element": "way", "id": 1200779826, "amenity": null, "shop": null, "name": null }, "geometry": { "type": "Point", "coordinates": [ 72.51537848323197, 23.068337483601386 ] } },
{ "type": "Feature", "properties": { "element": "way", "id": 1200779827, "amenity": null, "shop": null, "name": null }, "geometry": { "type": "Point", "coordinates": [ 72.514595620342533, 23.068404735143879 ] } },
{ "type": "Feature", "properties": { "element": "way", "id": 1200779836, "amenity": "parking", "shop": null, "name": null }, "geometry": { "type": "Point", "coordinates": [ 72.515815681976434, 23.068242116766491 ] } },
{ "type": "Feature", "properties": { "element": "way", "id": 1200779838, "amenity": "toilets", "shop": null, "name": null }, "geometry": { "type": "Point", "coordinates": [ 72.514999437517758, 23.068584223474364 ] } },
{ "type": "Feature", "properties": { "element": "way", "id": 1200779839, "amenity": "shelter", "shop": null, "name": null }, "geometry": { "type": "Point", "coordinates": [ 72.515312929080096, 23.068117556468472 ] } },
{ "type": "Feature", "properties": { "element": "way", "id": 1200946273, "amenity": null, "shop": null, "name": null }, "geometry": { "type": "Point", "coordinates": [ 72.577251610676925, 23.175187803563212 ] } },
{ "type": "Feature", "properties": { "element": "way", "id": 1200946274, "amenity": null, "shop": null, "name": null }, "geometry": { "type": "Point", "coordinates": [ 72.580495585989382, 23.174896127068557 ] } },
{ "type": "Feature", "properties": { "element": "way", "id": 1200946275, "amenity": null, "shop": null, "name": null }, "geometry": { "type": "Point", "coordinates": [ 72.575894933224532, 23.174345224294033 ] } },
{ "type": "Feature", "properties": { "element": "way", "id": 1200946276, "amenity": null, "shop": null, "name": null }, "geometry": { "type": "Point", "coordinates": [ 72.575847171758298, 23.172203722633927 ] } },
{ "type": "Feature", "properties": { "element": "way", "id": 1200946277, "amenity": null, "shop": null, "name": null }, "geometry": { "type": "Point", "coordinates": [ 72.577352235485108, 23.171485792097446 ] } },
{ "type": "Feature", "properties": { "element": "way", "id": 1200946278, "amenity": null, "shop": null, "name": null }, "geometry": { "type": "Point", "coordinates": [ 72.581681573552302, 23.174122776151954 ] } },
{ "type": "Feature", "properties": { "element": "way", "id": 1200946279, "amenity": null, "shop": null, "name": null }, "geometry": { "type": "Point", "coordinates": [ 72.580756883189764, 23.171244680246588 ] } },
{ "type": "Feature", "properties": { "element": "way", "id": 1200946280, "amenity": null, "shop": null, "name": null }, "geometry": { "type": "Point", "coordinates": [ 72.581667760476975, 23.172024381266969 ] } },
{ "type": "Feature", "properties": { "element": "way", "id": 1200946281, "amenity": null, "shop": null, "name": null }, "geometry": { "type": "Point", "coordinates": [ 72.57889005996347, 23.17449401436858 ] } },
{ "type": "Feature", "properties": { "element": "way", "id": 1200946282, "amenity": null, "shop": null, "name": null }, "geometry": { "type": "Point", "coordinates": [ 72.57696241141484, 23.173299908280821 ] } },
{ "type": "Feature", "properties": { "element": "way", "id": 1200946283, "amenity": null, "shop": null, "name": null }, "geometry": { "type": "Point", "coordinates": [ 72.578980455059835, 23.171962009311741 ] } },
{ "type": "Feature", "properties": { "element": "way", "id": 1200946284, "amenity": null, "shop": null, "name": null }, "geometry": { "type": "Point", "coordinates": [ 72.580752550664016, 23.173144058441888 ] } },
{ "type": "Feature", "properties": { "element": "way", "id": 1200946288, "amenity": "place_of_worship", "shop": null, "name": "Achaleshwar Mahadev" }, "geometry": { "type": "Point", "coordinates": [ 72.563503695445846, 23.080036967595298 ] } },
{ "type": "Feature", "properties": { "element": "way", "id": 1200946289, "amenity": null, "shop": null, "name": "Vinu Mankad Municipal Gym & Swimming Pool" }, "geometry": { "type": "Point", "coordinates": [ 72.563052249871092, 23.080071700164861 ] } },
{ "type": "Feature", "properties": { "element": "way", "id": 1201840543, "amenity": "place_of_worship", "shop": null, "name": "વીજળીયા હનુમાન મંદિર" }, "geometry": { "type": "Point", "coordinates": [ 72.541440379930265, 23.121985406849294 ] } },
{ "type": "Feature", "properties": { "element": "way", "id": 1202571598, "amenity": null, "shop": null, "name": "Ahimsa Pavillion Ground" }, "geometry": { "type": "Point", "coordinates": [ 72.612369733493139, 23.126191940598467 ] } },
{ "type": "Feature", "properties": { "element": "way", "id": 1202571599, "amenity": "theatre", "shop": null, "name": null }, "geometry": { "type": "Point", "coordinates": [ 72.612338483156208, 23.125907708235509 ] } },
{ "type": "Feature", "properties": { "element": "way", "id": 1202571602, "amenity": "food_court", "shop": null, "name": "Bhojanshala" }, "geometry": { "type": "Point", "coordinates": [ 72.613288952676484, 23.125222232104626 ] } },
{ "type": "Feature", "properties": { "element": "way", "id": 1202571622, "amenity": null, "shop": null, "name": null }, "geometry": { "type": "Point", "coordinates": [ 72.613807875187973, 23.125948136708214 ] } },
{ "type": "Feature", "properties": { "element": "way", "id": 1202578381, "amenity": null, "shop": null, "name": null }, "geometry": { "type": "Point", "coordinates": [ 72.613910165830845, 23.124365747314879 ] } },
{ "type": "Feature", "properties": { "element": "way", "id": 1202578382, "amenity": null, "shop": null, "name": null }, "geometry": { "type": "Point", "coordinates": [ 72.61366089999791, 23.1242531500118 ] } },
{ "type": "Feature", "properties": { "element": "way", "id": 1202578383, "amenity": null, "shop": null, "name": null }, "geometry": { "type": "Point", "coordinates": [ 72.613651699997916, 23.124439350011805 ] } },
{ "type": "Feature", "properties": { "element": "way", "id": 1202578385, "amenity": null, "shop": null, "name": null }, "geometry": { "type": "Point", "coordinates": [ 72.61338539900602, 23.125823802499688 ] } },
{ "type": "Feature", "properties": { "element": "way", "id": 1202578406, "amenity": "toilets", "shop": null, "name": null }, "geometry": { "type": "Point", "coordinates": [ 72.614575310149505, 23.126462220640658 ] } },
{ "type": "Feature", "properties": { "element": "way", "id": 1202579571, "amenity": null, "shop": "laundry", "name": null }, "geometry": { "type": "Point", "coordinates": [ 72.614389589050774, 23.125121878703489 ] } },
{ "type": "Feature", "properties": { "element": "way", "id": 1202579573, "amenity": "parking", "shop": null, "name": null }, "geometry": { "type": "Point", "coordinates": [ 72.614353246813877, 23.124789138136844 ] } },
{ "type": "Feature", "properties": { "element": "way", "id": 1202580319, "amenity": null, "shop": null, "name": "Akhada" }, "geometry": { "type": "Point", "coordinates": [ 72.612994416821962, 23.126336351348176 ] } },
{ "type": "Feature", "properties": { "element": "way", "id": 1202581524, "amenity": "toilets", "shop": null, "name": null }, "geometry": { "type": "Point", "coordinates": [ 72.613092974184681, 23.12537975524355 ] } },
{ "type": "Feature", "properties": { "element": "way", "id": 1202581525, "amenity": "kitchen", "shop": null, "name": null }, "geometry": { "type": "Point", "coordinates": [ 72.613281881461063, 23.125321649511825 ] } },
{ "type": "Feature", "properties": { "element": "way", "id": 1202722677, "amenity": "parking", "shop": null, "name": null }, "geometry": { "type": "Point", "coordinates": [ 72.454152009476076, 23.045986977887953 ] } },
{ "type": "Feature", "properties": { "element": "way", "id": 1203021938, "amenity": null, "shop": null, "name": null }, "geometry": { "type": "Point", "coordinates": [ 72.452877944222635, 23.04276250646538 ] } },
{ "type": "Feature", "properties": { "element": "way", "id": 1203021939, "amenity": null, "shop": null, "name": null }, "geometry": { "type": "Point", "coordinates": [ 72.454137561949253, 23.04381730668409 ] } },
{ "type": "Feature", "properties": { "element": "way", "id": 1203021940, "amenity": null, "shop": null, "name": null }, "geometry": { "type": "Point", "coordinates": [ 72.45243168897268, 23.044111606702426 ] } },
{ "type": "Feature", "properties": { "element": "way", "id": 1203021941, "amenity": null, "shop": null, "name": null }, "geometry": { "type": "Point", "coordinates": [ 72.453480720112509, 23.043981480694839 ] } },
{ "type": "Feature", "properties": { "element": "way", "id": 1203021955, "amenity": null, "shop": null, "name": null }, "geometry": { "type": "Point", "coordinates": [ 72.458334052939549, 23.041410387148545 ] } },
{ "type": "Feature", "properties": { "element": "way", "id": 1203021956, "amenity": null, "shop": null, "name": null }, "geometry": { "type": "Point", "coordinates": [ 72.458032769121871, 23.041028443505283 ] } },
{ "type": "Feature", "properties": { "element": "way", "id": 1203021957, "amenity": null, "shop": null, "name": null }, "geometry": { "type": "Point", "coordinates": [ 72.457906767779434, 23.041254046083669 ] } },
{ "type": "Feature", "properties": { "element": "way", "id": 1204808486, "amenity": null, "shop": null, "name": null }, "geometry": { "type": "Point", "coordinates": [ 72.50022467360337, 23.012860964183869 ] } },
{ "type": "Feature", "properties": { "element": "way", "id": 1204808499, "amenity": null, "shop": null, "name": null }, "geometry": { "type": "Point", "coordinates": [ 72.477805249940602, 22.965723650010219 ] } },
{ "type": "Feature", "properties": { "element": "way", "id": 1204808500, "amenity": null, "shop": null, "name": null }, "geometry": { "type": "Point", "coordinates": [ 72.478110999958844, 22.965856850002176 ] } },
{ "type": "Feature", "properties": { "element": "way", "id": 1204808501, "amenity": null, "shop": null, "name": null }, "geometry": { "type": "Point", "coordinates": [ 72.478507612577218, 22.966491820797842 ] } },
{ "type": "Feature", "properties": { "element": "way", "id": 1204808502, "amenity": null, "shop": null, "name": null }, "geometry": { "type": "Point", "coordinates": [ 72.477695231271937, 22.965582667994632 ] } },
{ "type": "Feature", "properties": { "element": "way", "id": 1204808503, "amenity": null, "shop": null, "name": null }, "geometry": { "type": "Point", "coordinates": [ 72.478194651446344, 22.965819315586231 ] } },
{ "type": "Feature", "properties": { "element": "way", "id": 1204808504, "amenity": null, "shop": null, "name": null }, "geometry": { "type": "Point", "coordinates": [ 72.477972395291658, 22.965847432676391 ] } },
{ "type": "Feature", "properties": { "element": "way", "id": 1204808505, "amenity": null, "shop": null, "name": null }, "geometry": { "type": "Point", "coordinates": [ 72.477955341313631, 22.966075038221447 ] } },
{ "type": "Feature", "properties": { "element": "way", "id": 1204808506, "amenity": null, "shop": null, "name": null }, "geometry": { "type": "Point", "coordinates": [ 72.478600922684606, 22.966035472746839 ] } },
{ "type": "Feature", "properties": { "element": "way", "id": 1204808507, "amenity": null, "shop": null, "name": null }, "geometry": { "type": "Point", "coordinates": [ 72.478327782625058, 22.966126804301169 ] } },
{ "type": "Feature", "properties": { "element": "way", "id": 1204808508, "amenity": null, "shop": null, "name": null }, "geometry": { "type": "Point", "coordinates": [ 72.478378813273366, 22.965770802638627 ] } },
{ "type": "Feature", "properties": { "element": "way", "id": 1204808509, "amenity": "college", "shop": null, "name": "Narayana Business School" }, "geometry": { "type": "Point", "coordinates": [ 72.478018574317048, 22.966022954229022 ] } },
{ "type": "Feature", "properties": { "element": "way", "id": 1211760598, "amenity": null, "shop": null, "name": "CS Garden" }, "geometry": { "type": "Point", "coordinates": [ 72.494608885594204, 23.050192369958836 ] } },
{ "type": "Feature", "properties": { "element": "way", "id": 1211760599, "amenity": null, "shop": "supermarket", "name": "Osia" }, "geometry": { "type": "Point", "coordinates": [ 72.496018023635344, 23.050496342533897 ] } },
{ "type": "Feature", "properties": { "element": "way", "id": 1211760600, "amenity": "cafe", "shop": null, "name": "Camilo Coffee" }, "geometry": { "type": "Point", "coordinates": [ 72.491695944535394, 23.045470408923276 ] } },
{ "type": "Feature", "properties": { "element": "way", "id": 1211760601, "amenity": null, "shop": null, "name": "STAG AMC Thaltej" }, "geometry": { "type": "Point", "coordinates": [ 72.495788393029628, 23.048998626769841 ] } },
{ "type": "Feature", "properties": { "element": "way", "id": 1211935680, "amenity": null, "shop": null, "name": "Memnagar Park" }, "geometry": { "type": "Point", "coordinates": [ 72.542215431438606, 23.049443810177152 ] } },
{ "type": "Feature", "properties": { "element": "way", "id": 1211935685, "amenity": null, "shop": null, "name": "Sarathi Public Park" }, "geometry": { "type": "Point", "coordinates": [ 72.541870025868661, 23.0512475147106 ] } },
{ "type": "Feature", "properties": { "element": "way", "id": 1211935687, "amenity": null, "shop": null, "name": null }, "geometry": { "type": "Point", "coordinates": [ 72.542355471847799, 23.050723515067666 ] } },
{ "type": "Feature", "properties": { "element": "way", "id": 1214030694, "amenity": null, "shop": null, "name": null }, "geometry": { "type": "Point", "coordinates": [ 72.575835784177443, 23.042979142934879 ] } },
{ "type": "Feature", "properties": { "element": "way", "id": 1214030695, "amenity": null, "shop": null, "name": null }, "geometry": { "type": "Point", "coordinates": [ 72.575940697270539, 23.043499233750662 ] } },
{ "type": "Feature", "properties": { "element": "way", "id": 1214030697, "amenity": null, "shop": null, "name": null }, "geometry": { "type": "Point", "coordinates": [ 72.575760349969215, 23.042609499965533 ] } },
{ "type": "Feature", "properties": { "element": "way", "id": 1214030699, "amenity": "toilets", "shop": null, "name": null }, "geometry": { "type": "Point", "coordinates": [ 72.575798848241874, 23.042816030924111 ] } },
{ "type": "Feature", "properties": { "element": "way", "id": 1214030700, "amenity": "cafe", "shop": null, "name": null }, "geometry": { "type": "Point", "coordinates": [ 72.576070199999734, 23.043166150000904 ] } },
{ "type": "Feature", "properties": { "element": "way", "id": 1214030703, "amenity": null, "shop": null, "name": null }, "geometry": { "type": "Point", "coordinates": [ 72.575869649881724, 23.043155249841892 ] } },
{ "type": "Feature", "properties": { "element": "way", "id": 1214030704, "amenity": null, "shop": null, "name": "Riverfront Sports Park" }, "geometry": { "type": "Point", "coordinates": [ 72.575879349090982, 23.042885404475435 ] } },
{ "type": "Feature", "properties": { "element": "way", "id": 1214070123, "amenity": "shelter", "shop": null, "name": null }, "geometry": { "type": "Point", "coordinates": [ 72.520387849999622, 23.039144500001139 ] } },
{ "type": "Feature", "properties": { "element": "way", "id": 1214070124, "amenity": null, "shop": "dairy", "name": "Amul Dairy" }, "geometry": { "type": "Point", "coordinates": [ 72.520276799997134, 23.039138450001563 ] } },
{ "type": "Feature", "properties": { "element": "way", "id": 1214070125, "amenity": null, "shop": null, "name": null }, "geometry": { "type": "Point", "coordinates": [ 72.520234899997135, 23.039058450001573 ] } },
{ "type": "Feature", "properties": { "element": "way", "id": 1214151881, "amenity": null, "shop": null, "name": null }, "geometry": { "type": "Point", "coordinates": [ 72.571224502238692, 23.008166936468101 ] } },
{ "type": "Feature", "properties": { "element": "way", "id": 1214151882, "amenity": null, "shop": null, "name": null }, "geometry": { "type": "Point", "coordinates": [ 72.570327249193895, 23.006686688301091 ] } },
{ "type": "Feature", "properties": { "element": "way", "id": 1214151883, "amenity": "toilets", "shop": null, "name": null }, "geometry": { "type": "Point", "coordinates": [ 72.570732232193791, 23.006990674086055 ] } },
{ "type": "Feature", "properties": { "element": "way", "id": 1214151884, "amenity": null, "shop": null, "name": "Khokho/Kabaddi" }, "geometry": { "type": "Point", "coordinates": [ 72.571396767258221, 23.008739074820681 ] } },
{ "type": "Feature", "properties": { "element": "way", "id": 1214151885, "amenity": null, "shop": null, "name": "Pickleball" }, "geometry": { "type": "Point", "coordinates": [ 72.571274045137372, 23.008438426032079 ] } },
{ "type": "Feature", "properties": { "element": "way", "id": 1214151886, "amenity": null, "shop": null, "name": null }, "geometry": { "type": "Point", "coordinates": [ 72.571501346349237, 23.008435925740898 ] } },
{ "type": "Feature", "properties": { "element": "way", "id": 1214151887, "amenity": null, "shop": null, "name": null }, "geometry": { "type": "Point", "coordinates": [ 72.571158710129623, 23.008090324458838 ] } },
{ "type": "Feature", "properties": { "element": "way", "id": 1214151888, "amenity": null, "shop": null, "name": null }, "geometry": { "type": "Point", "coordinates": [ 72.570940764576775, 23.007733568408039 ] } },
{ "type": "Feature", "properties": { "element": "way", "id": 1214151889, "amenity": null, "shop": null, "name": null }, "geometry": { "type": "Point", "coordinates": [ 72.5709509241522, 23.00750072183099 ] } },
{ "type": "Feature", "properties": { "element": "way", "id": 1214151890, "amenity": null, "shop": null, "name": null }, "geometry": { "type": "Point", "coordinates": [ 72.570643038623345, 23.007200275361004 ] } },
{ "type": "Feature", "properties": { "element": "way", "id": 1214151891, "amenity": null, "shop": null, "name": null }, "geometry": { "type": "Point", "coordinates": [ 72.570442549986339, 23.006878750079157 ] } },
{ "type": "Feature", "properties": { "element": "way", "id": 1214151892, "amenity": null, "shop": null, "name": null }, "geometry": { "type": "Point", "coordinates": [ 72.570091766019232, 23.006298031025818 ] } },
{ "type": "Feature", "properties": { "element": "way", "id": 1214151893, "amenity": "cafe", "shop": null, "name": null }, "geometry": { "type": "Point", "coordinates": [ 72.569637949983104, 23.005909599997278 ] } },
{ "type": "Feature", "properties": { "element": "way", "id": 1214151895, "amenity": null, "shop": null, "name": "Riverfront Sports Park" }, "geometry": { "type": "Point", "coordinates": [ 72.570784386742588, 23.007454909859007 ] } },
{ "type": "Feature", "properties": { "element": "way", "id": 1218446324, "amenity": null, "shop": null, "name": "Swaminarayan Museum" }, "geometry": { "type": "Point", "coordinates": [ 72.550607196225599, 23.055511726058693 ] } },
{ "type": "Feature", "properties": { "element": "way", "id": 1239619336, "amenity": "theatre", "shop": null, "name": "Amphitheatre" }, "geometry": { "type": "Point", "coordinates": [ 72.520700292419519, 23.026692330859674 ] } },
{ "type": "Feature", "properties": { "element": "way", "id": 1239619339, "amenity": null, "shop": null, "name": "Adventure Park" }, "geometry": { "type": "Point", "coordinates": [ 72.52088975000396, 23.026303400013052 ] } },
{ "type": "Feature", "properties": { "element": "way", "id": 1239619352, "amenity": "place_of_worship", "shop": null, "name": null }, "geometry": { "type": "Point", "coordinates": [ 72.521381449999893, 23.027310150000854 ] } },
{ "type": "Feature", "properties": { "element": "way", "id": 1239619353, "amenity": null, "shop": "ticket", "name": "Ticket Window" }, "geometry": { "type": "Point", "coordinates": [ 72.521453900001006, 23.027371200001859 ] } },
{ "type": "Feature", "properties": { "element": "way", "id": 1239619354, "amenity": "parking", "shop": null, "name": null }, "geometry": { "type": "Point", "coordinates": [ 72.521637450057383, 23.027312900064022 ] } },
{ "type": "Feature", "properties": { "element": "way", "id": 1239619358, "amenity": null, "shop": null, "name": null }, "geometry": { "type": "Point", "coordinates": [ 72.52222858492182, 23.023341610122717 ] } },
{ "type": "Feature", "properties": { "element": "way", "id": 1242718840, "amenity": null, "shop": null, "name": null }, "geometry": { "type": "Point", "coordinates": [ 72.551930287955145, 23.036177937455122 ] } },
{ "type": "Feature", "properties": { "element": "way", "id": 1245403025, "amenity": null, "shop": null, "name": "Kathwada" }, "geometry": { "type": "Point", "coordinates": [ 72.682344058887224, 23.040744995537956 ] } },
{ "type": "Feature", "properties": { "element": "way", "id": 1245403026, "amenity": null, "shop": null, "name": "Nikol" }, "geometry": { "type": "Point", "coordinates": [ 72.681202087553231, 23.043527730538383 ] } },
{ "type": "Feature", "properties": { "element": "way", "id": 1245403027, "amenity": null, "shop": null, "name": "Singarva" }, "geometry": { "type": "Point", "coordinates": [ 72.686237900083725, 23.024579998434465 ] } },
{ "type": "Feature", "properties": { "element": "way", "id": 1260747554, "amenity": "food_court", "shop": null, "name": null }, "geometry": { "type": "Point", "coordinates": [ 72.624182699443011, 23.076051524010825 ] } },
{ "type": "Feature", "properties": { "element": "way", "id": 1260747555, "amenity": "fast_food", "shop": null, "name": "Curry Tree" }, "geometry": { "type": "Point", "coordinates": [ 72.623790732453813, 23.075711570833271 ] } },
{ "type": "Feature", "properties": { "element": "way", "id": 1272180395, "amenity": null, "shop": null, "name": null }, "geometry": { "type": "Point", "coordinates": [ 72.582309757575302, 23.056740720667822 ] } },
{ "type": "Feature", "properties": { "element": "way", "id": 1272180396, "amenity": null, "shop": null, "name": null }, "geometry": { "type": "Point", "coordinates": [ 72.582208442171705, 23.056919064529154 ] } },
{ "type": "Feature", "properties": { "element": "way", "id": 1272180397, "amenity": "theatre", "shop": null, "name": null }, "geometry": { "type": "Point", "coordinates": [ 72.58172587189749, 23.056704471525983 ] } },
{ "type": "Feature", "properties": { "element": "way", "id": 1272180402, "amenity": null, "shop": null, "name": "Sundial" }, "geometry": { "type": "Point", "coordinates": [ 72.584348347781003, 23.058625254735691 ] } },
{ "type": "Feature", "properties": { "element": "way", "id": 1272180403, "amenity": null, "shop": null, "name": null }, "geometry": { "type": "Point", "coordinates": [ 72.58511570015466, 23.059180030770236 ] } },
{ "type": "Feature", "properties": { "element": "way", "id": 1272185139, "amenity": "parking", "shop": null, "name": null }, "geometry": { "type": "Point", "coordinates": [ 72.509682797842373, 23.01466171796767 ] } },
{ "type": "Feature", "properties": { "element": "way", "id": 1272185140, "amenity": null, "shop": null, "name": "Jodhpur Gym" }, "geometry": { "type": "Point", "coordinates": [ 72.509912299957136, 23.014958250029231 ] } },
{ "type": "Feature", "properties": { "element": "way", "id": 1272185141, "amenity": null, "shop": null, "name": "Jodhpur swimming" }, "geometry": { "type": "Point", "coordinates": [ 72.509998968216124, 23.014809403248773 ] } },
{ "type": "Feature", "properties": { "element": "way", "id": 1272460966, "amenity": "toilets", "shop": null, "name": null }, "geometry": { "type": "Point", "coordinates": [ 72.526308050000509, 23.098557850004635 ] } },
{ "type": "Feature", "properties": { "element": "way", "id": 1272460978, "amenity": "shelter", "shop": null, "name": null }, "geometry": { "type": "Point", "coordinates": [ 72.526998300000571, 23.099496950001271 ] } },
{ "type": "Feature", "properties": { "element": "way", "id": 1272460979, "amenity": null, "shop": null, "name": null }, "geometry": { "type": "Point", "coordinates": [ 72.525822044836517, 23.099574918344782 ] } },
{ "type": "Feature", "properties": { "element": "way", "id": 1272460980, "amenity": null, "shop": null, "name": "Greenmosphere Park" }, "geometry": { "type": "Point", "coordinates": [ 72.526738664710166, 23.099047269514983 ] } },
{ "type": "Feature", "properties": { "element": "way", "id": 1272670379, "amenity": null, "shop": null, "name": null }, "geometry": { "type": "Point", "coordinates": [ 72.499135700005297, 23.011163049990788 ] } },
{ "type": "Feature", "properties": { "element": "way", "id": 1272670385, "amenity": null, "shop": null, "name": null }, "geometry": { "type": "Point", "coordinates": [ 72.564391558867754, 23.042170843485781 ] } },
{ "type": "Feature", "properties": { "element": "way", "id": 1272670386, "amenity": null, "shop": null, "name": null }, "geometry": { "type": "Point", "coordinates": [ 72.564391561842228, 23.042170841255484 ] } },
{ "type": "Feature", "properties": { "element": "way", "id": 1272696643, "amenity": null, "shop": null, "name": null }, "geometry": { "type": "Point", "coordinates": [ 72.564520250010872, 23.040374850005801 ] } },
{ "type": "Feature", "properties": { "element": "way", "id": 1272696644, "amenity": null, "shop": null, "name": "AMC Public Swimming Pool" }, "geometry": { "type": "Point", "coordinates": [ 72.564145241969456, 23.040193642965239 ] } },
{ "type": "Feature", "properties": { "element": "way", "id": 1273603776, "amenity": "toilets", "shop": null, "name": null }, "geometry": { "type": "Point", "coordinates": [ 72.487206427760938, 23.042102284904246 ] } },
{ "type": "Feature", "properties": { "element": "way", "id": 1273603777, "amenity": null, "shop": null, "name": null }, "geometry": { "type": "Point", "coordinates": [ 72.487104990095958, 23.040826842023517 ] } },
{ "type": "Feature", "properties": { "element": "way", "id": 1273603778, "amenity": null, "shop": null, "name": null }, "geometry": { "type": "Point", "coordinates": [ 72.487308832958618, 23.041117948820897 ] } },
{ "type": "Feature", "properties": { "element": "way", "id": 1273603789, "amenity": null, "shop": null, "name": "Oxygen Park, Sindhu Bhavan Road" }, "geometry": { "type": "Point", "coordinates": [ 72.486842562329727, 23.041336162053131 ] } },
{ "type": "Feature", "properties": { "element": "way", "id": 1275046996, "amenity": "toilets", "shop": null, "name": null }, "geometry": { "type": "Point", "coordinates": [ 72.54967993242353, 23.137543785128564 ] } },
{ "type": "Feature", "properties": { "element": "way", "id": 1275046997, "amenity": "place_of_worship", "shop": null, "name": "Shantinath Mahadev" }, "geometry": { "type": "Point", "coordinates": [ 72.549942437690078, 23.138816027048374 ] } },
{ "type": "Feature", "properties": { "element": "way", "id": 1275046999, "amenity": null, "shop": null, "name": "Khoraj Lake Garden" }, "geometry": { "type": "Point", "coordinates": [ 72.551111585163753, 23.137440380876491 ] } },
{ "type": "Feature", "properties": { "element": "way", "id": 1278848332, "amenity": "toilets", "shop": null, "name": null }, "geometry": { "type": "Point", "coordinates": [ 72.50589584999949, 23.032865150002891 ] } },
{ "type": "Feature", "properties": { "element": "way", "id": 1278848333, "amenity": "shelter", "shop": null, "name": null }, "geometry": { "type": "Point", "coordinates": [ 72.532569749999965, 23.029183800000197 ] } },
{ "type": "Feature", "properties": { "element": "way", "id": 1279933061, "amenity": null, "shop": null, "name": null }, "geometry": { "type": "Point", "coordinates": [ 72.599639070526464, 23.094212154563028 ] } },
{ "type": "Feature", "properties": { "element": "way", "id": 1279933062, "amenity": null, "shop": null, "name": null }, "geometry": { "type": "Point", "coordinates": [ 72.599562870764515, 23.094862779062492 ] } },
{ "type": "Feature", "properties": { "element": "way", "id": 1280093682, "amenity": "toilets", "shop": null, "name": null }, "geometry": { "type": "Point", "coordinates": [ 72.539902700005456, 23.101477100016645 ] } },
{ "type": "Feature", "properties": { "element": "way", "id": 1280093685, "amenity": "shelter", "shop": null, "name": null }, "geometry": { "type": "Point", "coordinates": [ 72.539920397296171, 23.101083205507297 ] } },
{ "type": "Feature", "properties": { "element": "way", "id": 1280093686, "amenity": "shelter", "shop": null, "name": null }, "geometry": { "type": "Point", "coordinates": [ 72.53993668721273, 23.100486018201671 ] } },
{ "type": "Feature", "properties": { "element": "way", "id": 1280093689, "amenity": null, "shop": null, "name": null }, "geometry": { "type": "Point", "coordinates": [ 72.539262557156917, 23.10036177112076 ] } },
{ "type": "Feature", "properties": { "element": "way", "id": 1281364284, "amenity": null, "shop": null, "name": null }, "geometry": { "type": "Point", "coordinates": [ 72.45510960000712, 23.013671000030698 ] } },
{ "type": "Feature", "properties": { "element": "way", "id": 1281364285, "amenity": null, "shop": null, "name": null }, "geometry": { "type": "Point", "coordinates": [ 72.456441949979165, 23.017430849976357 ] } },
{ "type": "Feature", "properties": { "element": "way", "id": 1281364286, "amenity": null, "shop": null, "name": null }, "geometry": { "type": "Point", "coordinates": [ 72.456317249994569, 23.017158050029821 ] } },
{ "type": "Feature", "properties": { "element": "way", "id": 1281364289, "amenity": null, "shop": null, "name": null }, "geometry": { "type": "Point", "coordinates": [ 72.43592137482679, 23.019569893698666 ] } },
{ "type": "Feature", "properties": { "element": "way", "id": 1281364290, "amenity": null, "shop": null, "name": "AUDA Sports Complex" }, "geometry": { "type": "Point", "coordinates": [ 72.435760296616735, 23.018988315085966 ] } },
{ "type": "Feature", "properties": { "element": "way", "id": 1283852689, "amenity": "recycling", "shop": null, "name": null }, "geometry": { "type": "Point", "coordinates": [ 72.523376174146549, 23.091633276801161 ] } },
{ "type": "Feature", "properties": { "element": "way", "id": 1284844797, "amenity": "events_venue", "shop": null, "name": "AUDA auditorium, Shela" }, "geometry": { "type": "Point", "coordinates": [ 72.45356757060442, 23.013137046416002 ] } },
{ "type": "Feature", "properties": { "element": "way", "id": 1284844800, "amenity": "toilets", "shop": null, "name": null }, "geometry": { "type": "Point", "coordinates": [ 72.436399849998494, 23.018883000008405 ] } },
{ "type": "Feature", "properties": { "element": "way", "id": 1287023654, "amenity": "parking", "shop": null, "name": null }, "geometry": { "type": "Point", "coordinates": [ 72.570865842558888, 23.008436253156805 ] } },
{ "type": "Feature", "properties": { "element": "way", "id": 1287023670, "amenity": "parking", "shop": null, "name": null }, "geometry": { "type": "Point", "coordinates": [ 72.56919572269355, 23.006207118127588 ] } },
{ "type": "Feature", "properties": { "element": "way", "id": 1288731472, "amenity": null, "shop": null, "name": null }, "geometry": { "type": "Point", "coordinates": [ 72.636244583202114, 23.132152791990759 ] } },
{ "type": "Feature", "properties": { "element": "way", "id": 1288731474, "amenity": null, "shop": null, "name": null }, "geometry": { "type": "Point", "coordinates": [ 72.637106848980679, 23.131941882728878 ] } },
{ "type": "Feature", "properties": { "element": "way", "id": 1289139090, "amenity": "fuel", "shop": null, "name": null }, "geometry": { "type": "Point", "coordinates": [ 72.590480099998217, 23.089352100011666 ] } },
{ "type": "Feature", "properties": { "element": "way", "id": 1289249639, "amenity": "toilets", "shop": null, "name": null }, "geometry": { "type": "Point", "coordinates": [ 72.504850250001041, 23.000180150000851 ] } },
{ "type": "Feature", "properties": { "element": "way", "id": 1289249643, "amenity": null, "shop": null, "name": null }, "geometry": { "type": "Point", "coordinates": [ 72.505115072136874, 23.000273610935473 ] } },
{ "type": "Feature", "properties": { "element": "way", "id": 1289249651, "amenity": null, "shop": null, "name": "Ahmedabad Municipal Udhyan" }, "geometry": { "type": "Point", "coordinates": [ 72.504737428755206, 22.999986022581083 ] } },
{ "type": "Feature", "properties": { "element": "way", "id": 1289249841, "amenity": null, "shop": null, "name": "Usmanpura Gam Garden" }, "geometry": { "type": "Point", "coordinates": [ 72.572190436137191, 23.047204883959655 ] } },
{ "type": "Feature", "properties": { "element": "way", "id": 1289413382, "amenity": "parking", "shop": null, "name": null }, "geometry": { "type": "Point", "coordinates": [ 72.657301397640538, 22.972105245302625 ] } },
{ "type": "Feature", "properties": { "element": "way", "id": 1289613623, "amenity": null, "shop": "car_repair", "name": null }, "geometry": { "type": "Point", "coordinates": [ 72.593408283368191, 23.082577520294667 ] } },
{ "type": "Feature", "properties": { "element": "way", "id": 1289717959, "amenity": null, "shop": null, "name": null }, "geometry": { "type": "Point", "coordinates": [ 72.586379466595488, 23.056439828957952 ] } },
{ "type": "Feature", "properties": { "element": "way", "id": 1289717960, "amenity": null, "shop": null, "name": null }, "geometry": { "type": "Point", "coordinates": [ 72.551186994829735, 23.035957823160722 ] } },
{ "type": "Feature", "properties": { "element": "way", "id": 1289717961, "amenity": null, "shop": null, "name": null }, "geometry": { "type": "Point", "coordinates": [ 72.551131000002243, 23.036338600035954 ] } },
{ "type": "Feature", "properties": { "element": "way", "id": 1289717962, "amenity": null, "shop": null, "name": null }, "geometry": { "type": "Point", "coordinates": [ 72.552422596237079, 23.030552869356836 ] } },
{ "type": "Feature", "properties": { "element": "way", "id": 1289717971, "amenity": null, "shop": null, "name": null }, "geometry": { "type": "Point", "coordinates": [ 72.541112878755683, 23.160954924034229 ] } },
{ "type": "Feature", "properties": { "element": "way", "id": 1289717973, "amenity": null, "shop": null, "name": null }, "geometry": { "type": "Point", "coordinates": [ 72.660599445232208, 23.050455520926334 ] } },
{ "type": "Feature", "properties": { "element": "way", "id": 1289897584, "amenity": "fuel", "shop": null, "name": null }, "geometry": { "type": "Point", "coordinates": [ 72.590798828073957, 23.088417940160511 ] } },
{ "type": "Feature", "properties": { "element": "way", "id": 1290153168, "amenity": null, "shop": null, "name": "Radhe Upavan Resort" }, "geometry": { "type": "Point", "coordinates": [ 72.67843980513436, 22.934838733944744 ] } },
{ "type": "Feature", "properties": { "element": "way", "id": 1290153169, "amenity": null, "shop": null, "name": null }, "geometry": { "type": "Point", "coordinates": [ 72.678321001954842, 22.93454856931848 ] } },
{ "type": "Feature", "properties": { "element": "way", "id": 1290172864, "amenity": "fuel", "shop": null, "name": null }, "geometry": { "type": "Point", "coordinates": [ 72.592174173171742, 23.083584803052567 ] } },
{ "type": "Feature", "properties": { "element": "way", "id": 1290253775, "amenity": "fuel", "shop": null, "name": null }, "geometry": { "type": "Point", "coordinates": [ 72.595184999975146, 23.079265800008006 ] } },
{ "type": "Feature", "properties": { "element": "way", "id": 1290938405, "amenity": "parking", "shop": null, "name": null }, "geometry": { "type": "Point", "coordinates": [ 72.661231979342375, 23.010986304413606 ] } },
{ "type": "Feature", "properties": { "element": "way", "id": 1290938439, "amenity": null, "shop": null, "name": "Jadeshwar Van" }, "geometry": { "type": "Point", "coordinates": [ 72.662494012268382, 23.012153049882254 ] } },
{ "type": "Feature", "properties": { "element": "way", "id": 1290938442, "amenity": null, "shop": null, "name": "Vastral Lake Park" }, "geometry": { "type": "Point", "coordinates": [ 72.667988595778041, 22.999518571070769 ] } },
{ "type": "Feature", "properties": { "element": "way", "id": 1291987398, "amenity": "shelter", "shop": null, "name": null }, "geometry": { "type": "Point", "coordinates": [ 72.501403817621394, 23.02373100050821 ] } },
{ "type": "Feature", "properties": { "element": "way", "id": 1291987401, "amenity": null, "shop": null, "name": null }, "geometry": { "type": "Point", "coordinates": [ 72.501722047561671, 23.024254110118097 ] } },
{ "type": "Feature", "properties": { "element": "way", "id": 1291987402, "amenity": "shelter", "shop": null, "name": null }, "geometry": { "type": "Point", "coordinates": [ 72.501648358701075, 23.024292251248042 ] } },
{ "type": "Feature", "properties": { "element": "way", "id": 1291987404, "amenity": "parking", "shop": null, "name": null }, "geometry": { "type": "Point", "coordinates": [ 72.501362911527082, 23.024298412193431 ] } },
{ "type": "Feature", "properties": { "element": "way", "id": 1291987405, "amenity": null, "shop": null, "name": "AMC Udhyan" }, "geometry": { "type": "Point", "coordinates": [ 72.501608156960842, 23.02394904174222 ] } },
{ "type": "Feature", "properties": { "element": "way", "id": 1292026779, "amenity": "fuel", "shop": null, "name": null }, "geometry": { "type": "Point", "coordinates": [ 72.572103049991313, 23.066877200052076 ] } },
{ "type": "Feature", "properties": { "element": "way", "id": 1300871855, "amenity": null, "shop": null, "name": "Kahaani Sports Academy" }, "geometry": { "type": "Point", "coordinates": [ 72.489480080048907, 22.993732612349174 ] } },
{ "type": "Feature", "properties": { "element": "way", "id": 1300871856, "amenity": null, "shop": null, "name": null }, "geometry": { "type": "Point", "coordinates": [ 72.489707406332286, 23.005711922178378 ] } },
{ "type": "Feature", "properties": { "element": "way", "id": 1300871857, "amenity": null, "shop": null, "name": null }, "geometry": { "type": "Point", "coordinates": [ 72.489230797693011, 23.006459030345727 ] } },
{ "type": "Feature", "properties": { "element": "way", "id": 1300871858, "amenity": null, "shop": null, "name": null }, "geometry": { "type": "Point", "coordinates": [ 72.48943147135715, 23.004978617751842 ] } },
{ "type": "Feature", "properties": { "element": "way", "id": 1300871859, "amenity": null, "shop": null, "name": null }, "geometry": { "type": "Point", "coordinates": [ 72.489597100022465, 23.004285149974343 ] } },
{ "type": "Feature", "properties": { "element": "way", "id": 1300871860, "amenity": null, "shop": null, "name": "Suramya Cricket Academy" }, "geometry": { "type": "Point", "coordinates": [ 72.485874114784806, 23.006618696640004 ] } },
{ "type": "Feature", "properties": { "element": "way", "id": 1302504473, "amenity": null, "shop": "general", "name": "Reliance Smart" }, "geometry": { "type": "Point", "coordinates": [ 72.554819825286174, 23.030011160354828 ] } },
{ "type": "Feature", "properties": { "element": "way", "id": 1303259905, "amenity": null, "shop": null, "name": null }, "geometry": { "type": "Point", "coordinates": [ 72.428675738419727, 23.082399376489288 ] } },
{ "type": "Feature", "properties": { "element": "way", "id": 1303259906, "amenity": null, "shop": null, "name": null }, "geometry": { "type": "Point", "coordinates": [ 72.428074111973004, 23.07939388664397 ] } },
{ "type": "Feature", "properties": { "element": "way", "id": 1303259907, "amenity": "place_of_worship", "shop": null, "name": "Umiya Maa Temple, Ranchrada" }, "geometry": { "type": "Point", "coordinates": [ 72.437420744467687, 23.070810132574756 ] } },
{ "type": "Feature", "properties": { "element": "way", "id": 1303259909, "amenity": null, "shop": null, "name": null }, "geometry": { "type": "Point", "coordinates": [ 72.443484726767039, 23.079598693377076 ] } },
{ "type": "Feature", "properties": { "element": "way", "id": 1303259910, "amenity": "college", "shop": null, "name": "Ahmedabad Dental College & Hospital" }, "geometry": { "type": "Point", "coordinates": [ 72.45279198189094, 23.096530169139086 ] } },
{ "type": "Feature", "properties": { "element": "way", "id": 1303259911, "amenity": "parking", "shop": null, "name": null }, "geometry": { "type": "Point", "coordinates": [ 72.452517224918623, 23.097185589052913 ] } },
{ "type": "Feature", "properties": { "element": "way", "id": 1303259920, "amenity": "place_of_worship", "shop": null, "name": "Hare Krishna Mandir, Bhadaj" }, "geometry": { "type": "Point", "coordinates": [ 72.457310869957851, 23.098415847489871 ] } },
{ "type": "Feature", "properties": { "element": "way", "id": 1303259921, "amenity": null, "shop": null, "name": null }, "geometry": { "type": "Point", "coordinates": [ 72.468382187446167, 23.098335146193403 ] } },
{ "type": "Feature", "properties": { "element": "way", "id": 1303259922, "amenity": null, "shop": null, "name": null }, "geometry": { "type": "Point", "coordinates": [ 72.466932178373796, 23.098032925743347 ] } },
{ "type": "Feature", "properties": { "element": "way", "id": 1303259923, "amenity": null, "shop": null, "name": null }, "geometry": { "type": "Point", "coordinates": [ 72.469360498636206, 23.095448633031832 ] } },
{ "type": "Feature", "properties": { "element": "way", "id": 1303259924, "amenity": null, "shop": null, "name": null }, "geometry": { "type": "Point", "coordinates": [ 72.468222050016607, 23.095019500017553 ] } },
{ "type": "Feature", "properties": { "element": "way", "id": 1303259925, "amenity": null, "shop": null, "name": null }, "geometry": { "type": "Point", "coordinates": [ 72.467748150020128, 23.096288000020156 ] } },
{ "type": "Feature", "properties": { "element": "way", "id": 1303259926, "amenity": null, "shop": null, "name": null }, "geometry": { "type": "Point", "coordinates": [ 72.464796699983694, 23.096963550002972 ] } },
{ "type": "Feature", "properties": { "element": "way", "id": 1304392714, "amenity": "fuel", "shop": null, "name": null }, "geometry": { "type": "Point", "coordinates": [ 72.558896049997827, 23.037760750003127 ] } },
{ "type": "Feature", "properties": { "element": "way", "id": 1304604342, "amenity": null, "shop": null, "name": null }, "geometry": { "type": "Point", "coordinates": [ 72.60615721211505, 23.108834516201608 ] } },
{ "type": "Feature", "properties": { "element": "way", "id": 1304624187, "amenity": null, "shop": null, "name": null }, "geometry": { "type": "Point", "coordinates": [ 72.590759645778888, 23.110549095438998 ] } },
{ "type": "Feature", "properties": { "element": "way", "id": 1304654814, "amenity": "school", "shop": null, "name": null }, "geometry": { "type": "Point", "coordinates": [ 72.565014575701341, 23.070346321794446 ] } },
{ "type": "Feature", "properties": { "element": "way", "id": 1304779239, "amenity": null, "shop": null, "name": null }, "geometry": { "type": "Point", "coordinates": [ 72.547444333417673, 23.072054296796598 ] } },
{ "type": "Feature", "properties": { "element": "way", "id": 1304800154, "amenity": null, "shop": null, "name": "Madhav Smruti Municipal Park" }, "geometry": { "type": "Point", "coordinates": [ 72.557456525259695, 23.050164896703514 ] } },
{ "type": "Feature", "properties": { "element": "way", "id": 1304800178, "amenity": "school", "shop": null, "name": null }, "geometry": { "type": "Point", "coordinates": [ 72.55599173504757, 23.048597535866488 ] } },
{ "type": "Feature", "properties": { "element": "way", "id": 1304814681, "amenity": "college", "shop": null, "name": null }, "geometry": { "type": "Point", "coordinates": [ 72.537395465049826, 23.034721194574637 ] } },
{ "type": "Feature", "properties": { "element": "way", "id": 1304814682, "amenity": null, "shop": null, "name": null }, "geometry": { "type": "Point", "coordinates": [ 72.540682153181962, 23.039938379262626 ] } },
{ "type": "Feature", "properties": { "element": "way", "id": 1304814700, "amenity": "school", "shop": null, "name": null }, "geometry": { "type": "Point", "coordinates": [ 72.551742562829517, 23.039499352476295 ] } },
{ "type": "Feature", "properties": { "element": "way", "id": 1304819995, "amenity": "college", "shop": null, "name": null }, "geometry": { "type": "Point", "coordinates": [ 72.555521387546577, 23.037784974489867 ] } },
{ "type": "Feature", "properties": { "element": "way", "id": 1304843563, "amenity": "college", "shop": null, "name": null }, "geometry": { "type": "Point", "coordinates": [ 72.55899420684986, 23.025903759002922 ] } },
{ "type": "Feature", "properties": { "element": "way", "id": 1306359545, "amenity": null, "shop": null, "name": null }, "geometry": { "type": "Point", "coordinates": [ 72.508251539221661, 23.034715884012154 ] } },
{ "type": "Feature", "properties": { "element": "way", "id": 1307897101, "amenity": null, "shop": null, "name": "Kochrab Ashram" }, "geometry": { "type": "Point", "coordinates": [ 72.566807764044142, 23.015708740780422 ] } },
{ "type": "Feature", "properties": { "element": "way", "id": 1307897103, "amenity": null, "shop": null, "name": "Ashram Building" }, "geometry": { "type": "Point", "coordinates": [ 72.566882854631686, 23.016070056524391 ] } },
{ "type": "Feature", "properties": { "element": "way", "id": 1307897104, "amenity": null, "shop": "yes", "name": null }, "geometry": { "type": "Point", "coordinates": [ 72.566958437804885, 23.016281706975526 ] } },
{ "type": "Feature", "properties": { "element": "way", "id": 1308462547, "amenity": null, "shop": null, "name": null }, "geometry": { "type": "Point", "coordinates": [ 72.660078333366954, 22.988094392524388 ] } },
{ "type": "Feature", "properties": { "element": "way", "id": 1308749886, "amenity": "fuel", "shop": null, "name": null }, "geometry": { "type": "Point", "coordinates": [ 72.618620991210307, 23.010916328963379 ] } },
{ "type": "Feature", "properties": { "element": "way", "id": 1308778620, "amenity": "fuel", "shop": null, "name": null }, "geometry": { "type": "Point", "coordinates": [ 72.615127494947188, 23.007999970082182 ] } },
{ "type": "Feature", "properties": { "element": "way", "id": 1313959884, "amenity": null, "shop": null, "name": "Vastral Sports Complex" }, "geometry": { "type": "Point", "coordinates": [ 72.66076524572496, 22.987971815577165 ] } },
{ "type": "Feature", "properties": { "element": "way", "id": 1314357199, "amenity": null, "shop": null, "name": null }, "geometry": { "type": "Point", "coordinates": [ 72.506307134635236, 23.028773894761024 ] } },
{ "type": "Feature", "properties": { "element": "way", "id": 1314357200, "amenity": null, "shop": null, "name": null }, "geometry": { "type": "Point", "coordinates": [ 72.506038927557952, 23.026275034059232 ] } },
{ "type": "Feature", "properties": { "element": "way", "id": 1324132345, "amenity": null, "shop": null, "name": "Skywalk The Element" }, "geometry": { "type": "Point", "coordinates": [ 72.541664160778183, 23.113823347639677 ] } },
{ "type": "Feature", "properties": { "element": "way", "id": 1324133850, "amenity": null, "shop": null, "name": "Ganesh Glory" }, "geometry": { "type": "Point", "coordinates": [ 72.541309055777674, 23.113860789216453 ] } },
{ "type": "Feature", "properties": { "element": "way", "id": 1324432333, "amenity": "hospital", "shop": null, "name": "Dr. Parth Amin (ENT Surgeon) Shaleen Hospital" }, "geometry": { "type": "Point", "coordinates": [ 72.517628399361243, 23.075542101205421 ] } },
{ "type": "Feature", "properties": { "element": "way", "id": 1329916218, "amenity": "fuel", "shop": null, "name": null }, "geometry": { "type": "Point", "coordinates": [ 72.605129360780211, 23.10882207707936 ] } },
{ "type": "Feature", "properties": { "element": "way", "id": 1331910729, "amenity": null, "shop": null, "name": "INFOSENSE HOUSE" }, "geometry": { "type": "Point", "coordinates": [ 72.649263021132981, 23.159655134562527 ] } },
{ "type": "Feature", "properties": { "element": "way", "id": 1337080364, "amenity": null, "shop": null, "name": null }, "geometry": { "type": "Point", "coordinates": [ 72.63414472821151, 23.162747796886574 ] } },
{ "type": "Feature", "properties": { "element": "way", "id": 1339426019, "amenity": "parking", "shop": null, "name": null }, "geometry": { "type": "Point", "coordinates": [ 72.594017499987189, 23.003155550039729 ] } },
{ "type": "Feature", "properties": { "element": "way", "id": 1342955770, "amenity": "parking", "shop": null, "name": null }, "geometry": { "type": "Point", "coordinates": [ 72.499616381125762, 23.028834436173955 ] } },
{ "type": "Feature", "properties": { "element": "way", "id": 1342955794, "amenity": "parking", "shop": null, "name": null }, "geometry": { "type": "Point", "coordinates": [ 72.477550300003642, 23.031658050068103 ] } },
{ "type": "Feature", "properties": { "element": "way", "id": 1347937117, "amenity": "place_of_worship", "shop": null, "name": "Ganpati Temple" }, "geometry": { "type": "Point", "coordinates": [ 72.61668767277807, 23.05830455079041 ] } },
{ "type": "Feature", "properties": { "element": "way", "id": 1347944521, "amenity": "place_of_worship", "shop": null, "name": "Khodiyar Maa Temple" }, "geometry": { "type": "Point", "coordinates": [ 72.603193699998954, 23.051521650005821 ] } },
{ "type": "Feature", "properties": { "element": "way", "id": 1347955255, "amenity": "arts_centre", "shop": null, "name": "Shanti Sadan" }, "geometry": { "type": "Point", "coordinates": [ 72.582271776395046, 23.028519848390008 ] } },
{ "type": "Feature", "properties": { "element": "way", "id": 1347955764, "amenity": "place_of_worship", "shop": null, "name": "Sankat Mochan Hanuman Temple" }, "geometry": { "type": "Point", "coordinates": [ 72.590427616172946, 23.054557065403028 ] } },
{ "type": "Feature", "properties": { "element": "way", "id": 1349011714, "amenity": "place_of_worship", "shop": null, "name": "Neelkanth Mahadeva Temple" }, "geometry": { "type": "Point", "coordinates": [ 72.605218569979613, 23.045097983647373 ] } },
{ "type": "Feature", "properties": { "element": "way", "id": 1349726067, "amenity": null, "shop": null, "name": "Riverfront Biodiversity Park" }, "geometry": { "type": "Point", "coordinates": [ 72.561125428619505, 22.996090156858795 ] } },
{ "type": "Feature", "properties": { "element": "way", "id": 1349775591, "amenity": null, "shop": null, "name": "Ratanpura garden" }, "geometry": { "type": "Point", "coordinates": [ 72.657383815445641, 22.993472450634716 ] } },
{ "type": "Feature", "properties": { "element": "way", "id": 1350897973, "amenity": null, "shop": null, "name": "ganesh glory 11" }, "geometry": { "type": "Point", "coordinates": [ 72.540487210992623, 23.113705670688386 ] } },
{ "type": "Feature", "properties": { "element": "way", "id": 1355784336, "amenity": "events_venue", "shop": null, "name": "Mamta Farm & Party Plot" }, "geometry": { "type": "Point", "coordinates": [ 72.539748648565293, 23.142636590527513 ] } },
{ "type": "Feature", "properties": { "element": "way", "id": 1360946187, "amenity": "school", "shop": null, "name": "Swarrnim International School" }, "geometry": { "type": "Point", "coordinates": [ 72.584009082990548, 23.177835532463334 ] } },
{ "type": "Feature", "properties": { "element": "way", "id": 1362243217, "amenity": null, "shop": null, "name": "jai bajrang bali nursery" }, "geometry": { "type": "Point", "coordinates": [ 72.537090205140203, 23.056063206043163 ] } },
{ "type": "Feature", "properties": { "element": "way", "id": 1362243492, "amenity": null, "shop": null, "name": "yoga nursery" }, "geometry": { "type": "Point", "coordinates": [ 72.535504779002693, 23.017014301354461 ] } },
{ "type": "Feature", "properties": { "element": "way", "id": 1364544420, "amenity": "parking", "shop": null, "name": null }, "geometry": { "type": "Point", "coordinates": [ 72.530009751872214, 23.017564517526932 ] } },
{ "type": "Feature", "properties": { "element": "way", "id": 1364544421, "amenity": "parking", "shop": null, "name": null }, "geometry": { "type": "Point", "coordinates": [ 72.530187954190339, 23.016164193466771 ] } },
{ "type": "Feature", "properties": { "element": "way", "id": 1368330310, "amenity": null, "shop": null, "name": null }, "geometry": { "type": "Point", "coordinates": [ 72.55280471932322, 23.129258419853485 ] } },
{ "type": "Feature", "properties": { "element": "way", "id": 1368330313, "amenity": "toilets", "shop": null, "name": null }, "geometry": { "type": "Point", "coordinates": [ 72.553229072273297, 23.129881100523647 ] } },
{ "type": "Feature", "properties": { "element": "way", "id": 1368330314, "amenity": null, "shop": null, "name": "લલિતા ગોવિંદ ઉદ્યાન" }, "geometry": { "type": "Point", "coordinates": [ 72.553466667626068, 23.128936533031993 ] } },
{ "type": "Feature", "properties": { "element": "way", "id": 1369893075, "amenity": "restaurant", "shop": null, "name": "Under the Neem Trees" }, "geometry": { "type": "Point", "coordinates": [ 72.504909580942979, 23.032278648495996 ] } },
{ "type": "Feature", "properties": { "element": "way", "id": 1373280803, "amenity": null, "shop": null, "name": "AUDA park, Kathwada" }, "geometry": { "type": "Point", "coordinates": [ 72.692439390412815, 23.064050284580357 ] } },
{ "type": "Feature", "properties": { "element": "way", "id": 1375690863, "amenity": "cafe", "shop": null, "name": "site" }, "geometry": { "type": "Point", "coordinates": [ 72.493973583116585, 23.036226655392806 ] } },
{ "type": "Feature", "properties": { "element": "way", "id": 1379019685, "amenity": "parking", "shop": null, "name": null }, "geometry": { "type": "Point", "coordinates": [ 72.536122739126895, 23.119526736326357 ] } },
{ "type": "Feature", "properties": { "element": "way", "id": 1385499826, "amenity": null, "shop": null, "name": null }, "geometry": { "type": "Point", "coordinates": [ 72.580919699996684, 23.060661000005609 ] } },
{ "type": "Feature", "properties": { "element": "way", "id": 1385500414, "amenity": "parking", "shop": null, "name": null }, "geometry": { "type": "Point", "coordinates": [ 72.589668036439818, 23.077514137834594 ] } },
{ "type": "Feature", "properties": { "element": "way", "id": 1385501046, "amenity": "fuel", "shop": null, "name": "Indian Oil" }, "geometry": { "type": "Point", "coordinates": [ 72.555102250042125, 23.047449050009863 ] } },
{ "type": "Feature", "properties": { "element": "way", "id": 1385501058, "amenity": "fuel", "shop": null, "name": null }, "geometry": { "type": "Point", "coordinates": [ 72.589842100008113, 23.051486400057584 ] } },
{ "type": "Feature", "properties": { "element": "way", "id": 1394973187, "amenity": "research_institute", "shop": null, "name": "National Institute of Occupational Health" }, "geometry": { "type": "Point", "coordinates": [ 72.61025743863145, 23.054654304479126 ] } },
{ "type": "Feature", "properties": { "element": "way", "id": 1394973197, "amenity": "shelter", "shop": null, "name": null }, "geometry": { "type": "Point", "coordinates": [ 72.613301425494541, 23.054769675570668 ] } },
{ "type": "Feature", "properties": { "element": "way", "id": 1394983382, "amenity": "research_institute", "shop": null, "name": "Forensic Science Laboratory" }, "geometry": { "type": "Point", "coordinates": [ 72.609763192554851, 23.052431139658044 ] } },
{ "type": "Feature", "properties": { "element": "way", "id": 1394992780, "amenity": "school", "shop": null, "name": null }, "geometry": { "type": "Point", "coordinates": [ 72.615975007751416, 23.057484496062202 ] } },
{ "type": "Feature", "properties": { "element": "way", "id": 1394992784, "amenity": "fountain", "shop": null, "name": null }, "geometry": { "type": "Point", "coordinates": [ 72.614580032023994, 23.056820295324144 ] } },
{ "type": "Feature", "properties": { "element": "way", "id": 1394992785, "amenity": null, "shop": null, "name": null }, "geometry": { "type": "Point", "coordinates": [ 72.614542956540973, 23.056836191315156 ] } },
{ "type": "Feature", "properties": { "element": "way", "id": 1394992786, "amenity": "place_of_worship", "shop": null, "name": null }, "geometry": { "type": "Point", "coordinates": [ 72.613851262201408, 23.056980422434012 ] } },
{ "type": "Feature", "properties": { "element": "way", "id": 1395010757, "amenity": "place_of_worship", "shop": null, "name": null }, "geometry": { "type": "Point", "coordinates": [ 72.620136715128481, 23.058639355498748 ] } },
{ "type": "Feature", "properties": { "element": "way", "id": 1395010766, "amenity": "place_of_worship", "shop": null, "name": null }, "geometry": { "type": "Point", "coordinates": [ 72.614656100000616, 23.053665699999506 ] } },
{ "type": "Feature", "properties": { "element": "way", "id": 1395100050, "amenity": null, "shop": null, "name": null }, "geometry": { "type": "Point", "coordinates": [ 72.630439621533654, 23.066733654906653 ] } },
{ "type": "Feature", "properties": { "element": "way", "id": 1395103521, "amenity": "place_of_worship", "shop": null, "name": null }, "geometry": { "type": "Point", "coordinates": [ 72.616812649996149, 23.059207100022185 ] } },
{ "type": "Feature", "properties": { "element": "way", "id": 1395129396, "amenity": "fire_station", "shop": null, "name": "Sardar Vallabhbhai Patel International Airport Fire Station" }, "geometry": { "type": "Point", "coordinates": [ 72.630547173335387, 23.077832078702361 ] } },
{ "type": "Feature", "properties": { "element": "way", "id": 1416336991, "amenity": null, "shop": null, "name": "Jetalpur" }, "geometry": { "type": "Point", "coordinates": [ 72.577736665773429, 22.883618137395331 ] } },
{ "type": "Feature", "properties": { "element": "way", "id": 1416336992, "amenity": null, "shop": null, "name": "Lambha Substation" }, "geometry": { "type": "Point", "coordinates": [ 72.562713099966857, 22.923996950187163 ] } },
{ "type": "Feature", "properties": { "element": "way", "id": 1416408437, "amenity": null, "shop": null, "name": "Sanand TSS" }, "geometry": { "type": "Point", "coordinates": [ 72.408193897866084, 22.986303626188612 ] } },
{ "type": "Feature", "properties": { "element": "way", "id": 1416476002, "amenity": null, "shop": null, "name": null }, "geometry": { "type": "Point", "coordinates": [ 72.64362706832631, 23.021879694181113 ] } },
{ "type": "Feature", "properties": { "element": "way", "id": 1416476004, "amenity": null, "shop": null, "name": null }, "geometry": { "type": "Point", "coordinates": [ 72.663905430180336, 22.999543073536081 ] } },
{ "type": "Feature", "properties": { "element": "way", "id": 1416476006, "amenity": null, "shop": null, "name": null }, "geometry": { "type": "Point", "coordinates": [ 72.545934641332764, 22.998701040454403 ] } },
{ "type": "Feature", "properties": { "element": "way", "id": 1416476008, "amenity": null, "shop": null, "name": "Torrent Power" }, "geometry": { "type": "Point", "coordinates": [ 72.508135661610211, 23.002203562496149 ] } },
{ "type": "Feature", "properties": { "element": "way", "id": 1416539933, "amenity": null, "shop": null, "name": null }, "geometry": { "type": "Point", "coordinates": [ 72.617186401169391, 23.07704613375984 ] } },
{ "type": "Feature", "properties": { "element": "way", "id": 1426879388, "amenity": "shelter", "shop": null, "name": null }, "geometry": { "type": "Point", "coordinates": [ 72.481533554369221, 23.03745793266225 ] } },
{ "type": "Feature", "properties": { "element": "way", "id": 1441924112, "amenity": null, "shop": null, "name": "Khodiyar" }, "geometry": { "type": "Point", "coordinates": [ 72.533575909676514, 23.13769482566337 ] } },
{ "type": "Feature", "properties": { "element": "way", "id": 1441924125, "amenity": null, "shop": null, "name": "Shantigram" }, "geometry": { "type": "Point", "coordinates": [ 72.54471450012602, 23.160406100111917 ] } },
{ "type": "Feature", "properties": { "element": "way", "id": 1441924127, "amenity": null, "shop": null, "name": "Adalaj" }, "geometry": { "type": "Point", "coordinates": [ 72.574084190632874, 23.168805113328379 ] } },
{ "type": "Feature", "properties": { "element": "way", "id": 1441924128, "amenity": null, "shop": null, "name": "Jaspur" }, "geometry": { "type": "Point", "coordinates": [ 72.504692216455695, 23.168154859302426 ] } },
{ "type": "Feature", "properties": { "element": "way", "id": 1441924130, "amenity": null, "shop": null, "name": "Vadsar" }, "geometry": { "type": "Point", "coordinates": [ 72.475845042390603, 23.152591849126651 ] } },
{ "type": "Feature", "properties": { "element": "way", "id": 1441924965, "amenity": null, "shop": null, "name": "Chandkheda" }, "geometry": { "type": "Point", "coordinates": [ 72.587711436496406, 23.117096554253951 ] } },
{ "type": "Feature", "properties": { "element": "way", "id": 1442232902, "amenity": null, "shop": null, "name": "Ranip" }, "geometry": { "type": "Point", "coordinates": [ 72.578242196928898, 23.068409813687509 ] } },
{ "type": "Feature", "properties": { "element": "way", "id": 1442597404, "amenity": null, "shop": null, "name": "Credai Garden" }, "geometry": { "type": "Point", "coordinates": [ 72.483970692212253, 23.049040406485489 ] } },
{ "type": "Feature", "properties": { "element": "way", "id": 1443436182, "amenity": null, "shop": null, "name": "Bilasiya" }, "geometry": { "type": "Point", "coordinates": [ 72.694297708395382, 23.084443416945049 ] } },
{ "type": "Feature", "properties": { "element": "way", "id": 1443436184, "amenity": null, "shop": null, "name": "Kanbha" }, "geometry": { "type": "Point", "coordinates": [ 72.718905262134129, 23.010241237959224 ] } },
{ "type": "Feature", "properties": { "element": "way", "id": 1443436185, "amenity": null, "shop": null, "name": "Hirapur" }, "geometry": { "type": "Point", "coordinates": [ 72.704465495092492, 22.9226286788533 ] } },
{ "type": "Feature", "properties": { "element": "way", "id": 1444427304, "amenity": null, "shop": null, "name": "Swagat Cricket Ground" }, "geometry": { "type": "Point", "coordinates": [ 72.702774372913012, 23.125456671009218 ] } },
{ "type": "Feature", "properties": { "element": "way", "id": 1450280288, "amenity": "toilets", "shop": null, "name": null }, "geometry": { "type": "Point", "coordinates": [ 72.562380049959529, 22.996623950010111 ] } },
{ "type": "Feature", "properties": { "element": "way", "id": 1450460285, "amenity": null, "shop": null, "name": null }, "geometry": { "type": "Point", "coordinates": [ 72.55258474999961, 23.135806000092369 ] } },
{ "type": "Feature", "properties": { "element": "way", "id": 1450460294, "amenity": null, "shop": null, "name": "ડૉ. વનીકર ઉદ્યાન" }, "geometry": { "type": "Point", "coordinates": [ 72.56697108658372, 23.030164076412301 ] } },
{ "type": "Feature", "properties": { "element": "way", "id": 1451639401, "amenity": null, "shop": null, "name": null }, "geometry": { "type": "Point", "coordinates": [ 72.472657896989801, 23.017511369576646 ] } },
{ "type": "Feature", "properties": { "element": "way", "id": 1451639404, "amenity": "toilets", "shop": null, "name": null }, "geometry": { "type": "Point", "coordinates": [ 72.472272001793442, 23.017742174045445 ] } },
{ "type": "Feature", "properties": { "element": "way", "id": 1451639412, "amenity": null, "shop": null, "name": "Shaligram Oxygen Park" }, "geometry": { "type": "Point", "coordinates": [ 72.465724928480824, 23.016509355549104 ] } },
{ "type": "Feature", "properties": { "element": "way", "id": 1451639413, "amenity": "place_of_worship", "shop": null, "name": "સધી માં મંદિર" }, "geometry": { "type": "Point", "coordinates": [ 72.553937061509473, 23.129452134400044 ] } },
{ "type": "Feature", "properties": { "element": "way", "id": 1451972651, "amenity": null, "shop": null, "name": null }, "geometry": { "type": "Point", "coordinates": [ 72.646586119595426, 22.943814516350997 ] } },
{ "type": "Feature", "properties": { "element": "way", "id": 1457782743, "amenity": null, "shop": null, "name": null }, "geometry": { "type": "Point", "coordinates": [ 72.49391305016961, 23.057143600008992 ] } },
{ "type": "Feature", "properties": { "element": "way", "id": 1457782744, "amenity": null, "shop": null, "name": null }, "geometry": { "type": "Point", "coordinates": [ 72.493301900168063, 23.056844749984375 ] } },
{ "type": "Feature", "properties": { "element": "way", "id": 1457782745, "amenity": null, "shop": null, "name": null }, "geometry": { "type": "Point", "coordinates": [ 72.489513557327115, 23.058544066403101 ] } },
{ "type": "Feature", "properties": { "element": "way", "id": 1457782746, "amenity": null, "shop": null, "name": null }, "geometry": { "type": "Point", "coordinates": [ 72.48994107189489, 23.05841216338186 ] } },
{ "type": "Feature", "properties": { "element": "way", "id": 1462819388, "amenity": "toilets", "shop": null, "name": null }, "geometry": { "type": "Point", "coordinates": [ 72.463281950507977, 23.016290933009252 ] } },
{ "type": "Feature", "properties": { "element": "way", "id": 1462819404, "amenity": null, "shop": null, "name": "AMC Electrotherm Park" }, "geometry": { "type": "Point", "coordinates": [ 72.462998623750835, 23.015988357532553 ] } },
{ "type": "Feature", "properties": { "element": "way", "id": 1482236543, "amenity": "place_of_worship", "shop": null, "name": "Vaishnodevi Mandir" }, "geometry": { "type": "Point", "coordinates": [ 72.543773667700464, 23.137669940720027 ] } },
{ "type": "Feature", "properties": { "element": "way", "id": 1529678733, "amenity": null, "shop": null, "name": "NCSC DA (VRC)" }, "geometry": { "type": "Point", "coordinates": [ 72.651793140766998, 23.081038581306426 ] } },
{ "type": "Feature", "properties": { "element": "way", "id": 1536778482, "amenity": "hospital", "shop": null, "name": null }, "geometry": { "type": "Point", "coordinates": [ 72.583923777873139, 23.00434301380545 ] } },
{ "type": "Feature", "properties": { "element": "way", "id": 1539743013, "amenity": null, "shop": null, "name": "A Shridhar park" }, "geometry": { "type": "Point", "coordinates": [ 72.462363663879444, 23.043608693915012 ] } },
{ "type": "Feature", "properties": { "element": "way", "id": 1539775939, "amenity": null, "shop": null, "name": null }, "geometry": { "type": "Point", "coordinates": [ 72.546779100002098, 23.114479900093279 ] } },
{ "type": "Feature", "properties": { "element": "way", "id": 1539775942, "amenity": "shelter", "shop": null, "name": null }, "geometry": { "type": "Point", "coordinates": [ 72.546896751072651, 23.114441852963136 ] } },
{ "type": "Feature", "properties": { "element": "way", "id": 1539775943, "amenity": "shelter", "shop": null, "name": null }, "geometry": { "type": "Point", "coordinates": [ 72.546934473500798, 23.114693691402611 ] } },
{ "type": "Feature", "properties": { "element": "way", "id": 1539775944, "amenity": null, "shop": null, "name": "Jagatpur Oxygen Park" }, "geometry": { "type": "Point", "coordinates": [ 72.54779036857586, 23.11434997548449 ] } },
{ "type": "Feature", "properties": { "element": "way", "id": 1539784276, "amenity": null, "shop": null, "name": "AMC Garden Gota" }, "geometry": { "type": "Point", "coordinates": [ 72.546232874749876, 23.096219534062474 ] } },
{ "type": "Feature", "properties": { "element": "way", "id": 1539784277, "amenity": "shelter", "shop": null, "name": null }, "geometry": { "type": "Point", "coordinates": [ 72.546260811258037, 23.096015391866974 ] } },
{ "type": "Feature", "properties": { "element": "way", "id": 1539789257, "amenity": "library", "shop": null, "name": "D.K. Patel Library" }, "geometry": { "type": "Point", "coordinates": [ 72.557313824654557, 23.050406606618658 ] } },
{ "type": "Feature", "properties": { "element": "way", "id": 1539789258, "amenity": "events_venue", "shop": null, "name": "AMC D.K. Patel Hall" }, "geometry": { "type": "Point", "coordinates": [ 72.557011399986976, 23.050413750063345 ] } },
{ "type": "Feature", "properties": { "element": "way", "id": 1539970804, "amenity": null, "shop": null, "name": "Jambavan Udhyan" }, "geometry": { "type": "Point", "coordinates": [ 72.540303450307661, 23.010059948708246 ] } },
{ "type": "Feature", "properties": { "element": "way", "id": 1539971633, "amenity": null, "shop": null, "name": null }, "geometry": { "type": "Point", "coordinates": [ 72.506782379851714, 23.017898015427459 ] } },
{ "type": "Feature", "properties": { "element": "way", "id": 1539982397, "amenity": "university", "shop": null, "name": "Adani University" }, "geometry": { "type": "Point", "coordinates": [ 72.544476707936838, 23.156201496933463 ] } },
{ "type": "Feature", "properties": { "element": "way", "id": 1540063342, "amenity": "restaurant", "shop": null, "name": "ChaiG Cafe and restaurant" }, "geometry": { "type": "Point", "coordinates": [ 72.52657418197505, 23.076037466482848 ] } },
{ "type": "Feature", "properties": { "element": "way", "id": 1542870402, "amenity": "fuel", "shop": null, "name": "Hindustan Petroleum" }, "geometry": { "type": "Point", "coordinates": [ 72.478958246344433, 23.014823906439002 ] } },
{ "type": "Feature", "properties": { "element": "way", "id": 1544559502, "amenity": null, "shop": null, "name": null }, "geometry": { "type": "Point", "coordinates": [ 72.550250736465301, 23.119641266591962 ] } },
{ "type": "Feature", "properties": { "element": "way", "id": 1544831439, "amenity": "bicycle_rental", "shop": null, "name": "Bicycle rental" }, "geometry": { "type": "Point", "coordinates": [ 72.546216434433958, 23.127335333379317 ] } },
{ "type": "Feature", "properties": { "element": "way", "id": 1546467663, "amenity": "toilets", "shop": null, "name": null }, "geometry": { "type": "Point", "coordinates": [ 72.5798807334195, 23.167526825929347 ] } },
{ "type": "Feature", "properties": { "element": "way", "id": 1546467677, "amenity": "lavoir", "shop": null, "name": "Dhobighat" }, "geometry": { "type": "Point", "coordinates": [ 72.580450397820115, 23.1662218437381 ] } },
{ "type": "Feature", "properties": { "element": "way", "id": 1546472307, "amenity": null, "shop": null, "name": null }, "geometry": { "type": "Point", "coordinates": [ 72.544679566558301, 23.030951009571229 ] } },
{ "type": "Feature", "properties": { "element": "way", "id": 1546472313, "amenity": null, "shop": null, "name": null }, "geometry": { "type": "Point", "coordinates": [ 72.546236032763886, 23.031194502104704 ] } },
{ "type": "Feature", "properties": { "element": "way", "id": 1546586595, "amenity": null, "shop": null, "name": "Heritage Park" }, "geometry": { "type": "Point", "coordinates": [ 72.576962131185155, 23.024974098351748 ] } },
{ "type": "Feature", "properties": { "element": "way", "id": 1547872006, "amenity": null, "shop": null, "name": null }, "geometry": { "type": "Point", "coordinates": [ 72.54536751111155, 23.034771026543613 ] } },
{ "type": "Feature", "properties": { "element": "way", "id": 1547872007, "amenity": null, "shop": null, "name": null }, "geometry": { "type": "Point", "coordinates": [ 72.547665736164063, 23.032116686423674 ] } },
{ "type": "Feature", "properties": { "element": "way", "id": 1552022337, "amenity": "toilets", "shop": null, "name": null }, "geometry": { "type": "Point", "coordinates": [ 72.538835250001199, 23.164628200006455 ] } },
{ "type": "Feature", "properties": { "element": "way", "id": 1552022341, "amenity": null, "shop": null, "name": "Mid town Park" }, "geometry": { "type": "Point", "coordinates": [ 72.53839216392555, 23.164840785953828 ] } },
{ "type": "Feature", "properties": { "element": "way", "id": 1552022342, "amenity": "restaurant", "shop": null, "name": "Lollo Rosso, Shantigram" }, "geometry": { "type": "Point", "coordinates": [ 72.538373391653053, 23.164822066774839 ] } },
{ "type": "Feature", "properties": { "element": "way", "id": 1552022343, "amenity": null, "shop": null, "name": null }, "geometry": { "type": "Point", "coordinates": [ 72.536223265727685, 23.165723409271717 ] } },
{ "type": "Feature", "properties": { "element": "way", "id": 1553308131, "amenity": "university", "shop": null, "name": "Instittue of Advanced Reserach" }, "geometry": { "type": "Point", "coordinates": [ 72.670694519561323, 23.149082481887366 ] } },
{ "type": "Feature", "properties": { "element": "way", "id": 1553308132, "amenity": "university", "shop": null, "name": null }, "geometry": { "type": "Point", "coordinates": [ 72.669773719125502, 23.148634706974455 ] } },
{ "type": "Feature", "properties": { "element": "way", "id": 1553308135, "amenity": "fast_food", "shop": null, "name": null }, "geometry": { "type": "Point", "coordinates": [ 72.670276913681931, 23.149185324584817 ] } },
{ "type": "Feature", "properties": { "element": "way", "id": 1553565826, "amenity": "fire_station", "shop": null, "name": "Bopal Fire Station" }, "geometry": { "type": "Point", "coordinates": [ 72.47154853109474, 23.012531494744767 ] } },
{ "type": "Feature", "properties": { "element": "way", "id": 1553565830, "amenity": "fuel", "shop": null, "name": "Hindustan Petroleum" }, "geometry": { "type": "Point", "coordinates": [ 72.469908040951239, 23.014274090147453 ] } },
{ "type": "Feature", "properties": { "element": "way", "id": 1553566183, "amenity": "place_of_worship", "shop": null, "name": "Shree Naklang Hanuman / Shree Naklang Mahadev" }, "geometry": { "type": "Point", "coordinates": [ 72.473255896896092, 23.013615777928102 ] } },
{ "type": "Feature", "properties": { "element": "way", "id": 1554474864, "amenity": null, "shop": null, "name": "Bliss Park" }, "geometry": { "type": "Point", "coordinates": [ 72.541581159374573, 23.164369517523085 ] } },
{ "type": "Feature", "properties": { "element": "way", "id": 1558256520, "amenity": "fuel", "shop": null, "name": "Hindustan Petroleum Corporation Limited" }, "geometry": { "type": "Point", "coordinates": [ 72.475457729137403, 23.010268693439706 ] } },
{ "type": "Feature", "properties": { "element": "way", "id": 1558259835, "amenity": "place_of_worship", "shop": null, "name": "Shree Siddh Vijay Hanumanji Mandir" }, "geometry": { "type": "Point", "coordinates": [ 72.446931803411388, 23.015686094909228 ] } }
]
}
