{
"type": "FeatureCollection",
"name": "waterways",
"crs": { "type": "name", "properties": { "name": "urn:ogc:def:crs:OGC:1.3:CRS84" } },
"features": [
{ "type": "Feature", "properties": { "element": "node", "id": 3711405941, "waterway": null }, "geometry": { "type": "Point", "coordinates": [ 72.4662914, 23.0414914 ] } },
{ "type": "Feature", "properties": { "element": "relation", "id": 1817070, "waterway": null }, "geometry": { "type": "Polygon", "coordinates": [ [ [ 72.5948882, 22.9183577 ], [ 72.5949311, 22.9185554 ], [ 72.5951457, 22.9187925 ], [ 72.5951028, 22.9189111 ], [ 72.5951028, 22.9190297 ], [ 72.5950599, 22.9190692 ], [ 72.5951242, 22.9191681 ], [ 72.5951457, 22.9189902 ], [ 72.5952959, 22.9189704 ], [ 72.5955749, 22.918674 ], [ 72.5955749, 22.9184763 ], [ 72.5958753, 22.9182392 ], [ 72.5958967, 22.9181799 ], [ 72.5959396, 22.9181799 ], [ 72.5961255, 22.9179003 ], [ 72.596163, 22.9177214 ], [ 72.5961757, 22.9176067 ], [ 72.5962045, 22.9175111 ], [ 72.5962112, 22.9173899 ], [ 72.5961328, 22.9172905 ], [ 72.5961757, 22.9172114 ], [ 72.5961757, 22.9170929 ], [ 72.5961328, 22.9170533 ], [ 72.5961328, 22.9169743 ], [ 72.596004, 22.9168952 ], [ 72.5960469, 22.9168162 ], [ 72.5958967, 22.9166383 ], [ 72.5958109, 22.9166383 ], [ 72.5957465, 22.916579 ], [ 72.5957036, 22.9164604 ], [ 72.5959826, 22.9161639 ], [ 72.5961113, 22.916243 ], [ 72.5961757, 22.9161837 ], [ 72.5961328, 22.9161442 ], [ 72.5961542, 22.9160454 ], [ 72.596283, 22.9160058 ], [ 72.5964975, 22.9160058 ], [ 72.5965834, 22.9160454 ], [ 72.5966233, 22.9158947 ], [ 72.5966438, 22.9157833 ], [ 72.5966808, 22.915633 ], [ 72.5966048, 22.9154327 ], [ 72.5966048, 22.9152746 ], [ 72.5964975, 22.9152943 ], [ 72.5964332, 22.915235 ], [ 72.596519, 22.9150769 ], [ 72.5963902, 22.9149583 ], [ 72.5963902, 22.9148793 ], [ 72.5963044, 22.9148002 ], [ 72.596283, 22.9145433 ], [ 72.5961113, 22.9145828 ], [ 72.5960255, 22.9144642 ], [ 72.5958967, 22.9144642 ], [ 72.5958109, 22.9143852 ], [ 72.5955963, 22.9143456 ], [ 72.5952959, 22.9140689 ], [ 72.5949526, 22.9139108 ], [ 72.5948238, 22.9137922 ], [ 72.594738, 22.9137922 ], [ 72.5945234, 22.9136736 ], [ 72.5943947, 22.9137527 ], [ 72.5942659, 22.9137527 ], [ 72.5942016, 22.913812 ], [ 72.5942016, 22.9141282 ], [ 72.5943732, 22.9144049 ], [ 72.5942874, 22.914563 ], [ 72.5944161, 22.9146026 ], [ 72.5943672, 22.9147314 ], [ 72.5946093, 22.9150176 ], [ 72.5944805, 22.9150176 ], [ 72.5943947, 22.9149386 ], [ 72.5943303, 22.9149583 ], [ 72.5944161, 22.9151164 ], [ 72.5944161, 22.9153141 ], [ 72.5943303, 22.9154327 ], [ 72.5944161, 22.9155117 ], [ 72.5944161, 22.9156698 ], [ 72.594502, 22.9157884 ], [ 72.5944591, 22.9160651 ], [ 72.5945449, 22.9161837 ], [ 72.5945449, 22.9162628 ], [ 72.5943303, 22.9165395 ], [ 72.5944376, 22.9166778 ], [ 72.5946093, 22.9166778 ], [ 72.5946736, 22.9167371 ], [ 72.5946307, 22.9169743 ], [ 72.5946736, 22.9170138 ], [ 72.5946736, 22.9170929 ], [ 72.5946307, 22.9171324 ], [ 72.5946307, 22.9172114 ], [ 72.5947165, 22.9174091 ], [ 72.5946736, 22.9174486 ], [ 72.5947595, 22.9175672 ], [ 72.5947165, 22.9178439 ], [ 72.5948024, 22.9179625 ], [ 72.5947595, 22.918002 ], [ 72.5947595, 22.918081 ], [ 72.5948238, 22.9182984 ], [ 72.5948882, 22.9183577 ] ], [ [ 72.5958109, 22.9177451 ], [ 72.5958323, 22.9178044 ], [ 72.5956607, 22.9178044 ], [ 72.5957251, 22.9177451 ], [ 72.5958109, 22.9177451 ] ] ] } },
{ "type": "Feature", "properties": { "element": "relation", "id": 1817071, "waterway": null }, "geometry": { "type": "Polygon", "coordinates": [ [ [ 72.6122689, 23.1618259 ], [ 72.6123548, 23.1617865 ], [ 72.6123548, 23.161747 ], [ 72.612226, 23.161747 ], [ 72.6122904, 23.1616484 ], [ 72.6124191, 23.1615694 ], [ 72.6126337, 23.1615694 ], [ 72.6127195, 23.1616484 ], [ 72.6128268, 23.1616286 ], [ 72.6126981, 23.1615103 ], [ 72.612741, 23.1614708 ], [ 72.612741, 23.1613524 ], [ 72.6126552, 23.1612341 ], [ 72.6126981, 23.1609184 ], [ 72.6126552, 23.160879 ], [ 72.6126552, 23.1607211 ], [ 72.6124406, 23.1605633 ], [ 72.6122689, 23.1603266 ], [ 72.6123333, 23.1602279 ], [ 72.6123762, 23.1602674 ], [ 72.6124406, 23.1602082 ], [ 72.6124406, 23.1601687 ], [ 72.6122904, 23.1600306 ], [ 72.6121831, 23.1599715 ], [ 72.6121402, 23.1598531 ], [ 72.61199, 23.159715 ], [ 72.6119471, 23.159715 ], [ 72.6118827, 23.1598136 ], [ 72.6120114, 23.1598925 ], [ 72.61199, 23.1599123 ], [ 72.6117754, 23.1599912 ], [ 72.6116037, 23.1599912 ], [ 72.6115179, 23.1601096 ], [ 72.6114321, 23.1601096 ], [ 72.6113677, 23.1601687 ], [ 72.6113248, 23.1603266 ], [ 72.6113677, 23.1605633 ], [ 72.6115179, 23.1605436 ], [ 72.6116252, 23.1606028 ], [ 72.6114106, 23.1607606 ], [ 72.6115394, 23.160879 ], [ 72.6114106, 23.1609184 ], [ 72.6114106, 23.1609973 ], [ 72.611475, 23.1610565 ], [ 72.6115179, 23.1610171 ], [ 72.6115608, 23.1610565 ], [ 72.6116037, 23.1610171 ], [ 72.6116252, 23.1610368 ], [ 72.6115608, 23.1611749 ], [ 72.6114964, 23.1611946 ], [ 72.6116252, 23.1614708 ], [ 72.6115823, 23.1615497 ], [ 72.6117325, 23.1615694 ], [ 72.6117754, 23.1616089 ], [ 72.6118612, 23.1616089 ], [ 72.6121402, 23.1618259 ], [ 72.6120543, 23.1621021 ], [ 72.6119256, 23.1621416 ], [ 72.6119471, 23.1622402 ], [ 72.6121187, 23.1621613 ], [ 72.6122475, 23.1621613 ], [ 72.6122689, 23.1619443 ], [ 72.6122689, 23.1618259 ] ], [ [ 72.6119685, 23.1600504 ], [ 72.61199, 23.1599912 ], [ 72.6120973, 23.1600504 ], [ 72.6120543, 23.1600898 ], [ 72.6120973, 23.1601293 ], [ 72.6120114, 23.1601293 ], [ 72.6119685, 23.1600504 ] ] ] } },
{ "type": "Feature", "properties": { "element": "relation", "id": 5449576, "waterway": null }, "geometry": { "type": "Polygon", "coordinates": [ [ [ 72.492506, 23.0360182 ], [ 72.4925127, 23.0360703 ], [ 72.4926047, 23.0360602 ], [ 72.492598, 23.0360081 ], [ 72.4926719, 23.0360001 ], [ 72.4926628, 23.0359294 ], [ 72.4926386, 23.0359321 ], [ 72.4926325, 23.0358845 ], [ 72.4927255, 23.0358743 ], [ 72.4927177, 23.0358139 ], [ 72.4926488, 23.0358215 ], [ 72.4926396, 23.0357504 ], [ 72.4923864, 23.0357781 ], [ 72.4924009, 23.0358906 ], [ 72.4924326, 23.0358871 ], [ 72.4924364, 23.035917 ], [ 72.4924048, 23.0359205 ], [ 72.4924187, 23.0360278 ], [ 72.492506, 23.0360182 ] ], [ [ 72.4924941, 23.035861 ], [ 72.4925869, 23.035829 ], [ 72.4925757, 23.0359165 ], [ 72.4925023, 23.0359245 ], [ 72.4924941, 23.035861 ] ] ] } },
{ "type": "Feature", "properties": { "element": "relation", "id": 8015876, "waterway": null }, "geometry": { "type": "Polygon", "coordinates": [ [ [ 72.4150729, 23.0593188 ], [ 72.4150729, 23.0593978 ], [ 72.4151373, 23.059457 ], [ 72.4155235, 23.059457 ], [ 72.4155664, 23.0594176 ], [ 72.4156523, 23.0594176 ], [ 72.4157381, 23.059457 ], [ 72.4158454, 23.0593978 ], [ 72.4158669, 23.0593386 ], [ 72.4159098, 23.0594176 ], [ 72.4159527, 23.0594176 ], [ 72.41606, 23.0593583 ], [ 72.41606, 23.0592794 ], [ 72.4161243, 23.0591806 ], [ 72.4162745, 23.0591609 ], [ 72.4162745, 23.058924 ], [ 72.4163175, 23.0588845 ], [ 72.41606, 23.0585686 ], [ 72.4161243, 23.0584699 ], [ 72.4162316, 23.0584501 ], [ 72.4162745, 23.0581342 ], [ 72.4161887, 23.0580553 ], [ 72.4161887, 23.0578973 ], [ 72.4160171, 23.0577394 ], [ 72.4160171, 23.0576604 ], [ 72.4158883, 23.0575814 ], [ 72.4159312, 23.0575419 ], [ 72.4159312, 23.057463 ], [ 72.4158883, 23.0574235 ], [ 72.4158454, 23.0571076 ], [ 72.4158025, 23.0570681 ], [ 72.4158025, 23.0568312 ], [ 72.4156737, 23.0567522 ], [ 72.4156737, 23.0567127 ], [ 72.4155235, 23.0565745 ], [ 72.4154806, 23.056614 ], [ 72.4153948, 23.0564955 ], [ 72.415266, 23.0564955 ], [ 72.4151158, 23.0565943 ], [ 72.4149871, 23.0567522 ], [ 72.4149871, 23.0569496 ], [ 72.4149013, 23.0571076 ], [ 72.4149442, 23.057384 ], [ 72.4148583, 23.057463 ], [ 72.4148583, 23.0576999 ], [ 72.4149656, 23.0578381 ], [ 72.4150944, 23.0578381 ], [ 72.4151587, 23.0578973 ], [ 72.4151587, 23.0579763 ], [ 72.4153304, 23.0581737 ], [ 72.4153304, 23.0584501 ], [ 72.4155664, 23.0587068 ], [ 72.4156308, 23.0587265 ], [ 72.4156737, 23.058924 ], [ 72.4156094, 23.0590227 ], [ 72.4154592, 23.0590819 ], [ 72.4153948, 23.0591806 ], [ 72.4152231, 23.0591806 ], [ 72.4150729, 23.0593188 ] ], [ [ 72.4152231, 23.0571668 ], [ 72.4152875, 23.057226 ], [ 72.4152875, 23.0573445 ], [ 72.4152231, 23.0574037 ], [ 72.41503, 23.057305 ], [ 72.41503, 23.057226 ], [ 72.4150944, 23.0572063 ], [ 72.4151373, 23.0571668 ], [ 72.4152231, 23.0571668 ] ] ] } },
{ "type": "Feature", "properties": { "element": "relation", "id": 13498663, "waterway": null }, "geometry": { "type": "Polygon", "coordinates": [ [ [ 72.4977765, 23.1308417 ], [ 72.4976601, 23.1310122 ], [ 72.4975904, 23.1311626 ], [ 72.4975982, 23.1314065 ], [ 72.4976502, 23.1315478 ], [ 72.4977374, 23.1317298 ], [ 72.4978044, 23.1318566 ], [ 72.4978539, 23.1320514 ], [ 72.4979331, 23.1321426 ], [ 72.4980823, 23.1322583 ], [ 72.4982282, 23.1323539 ], [ 72.4984047, 23.1324574 ], [ 72.4984974, 23.1325221 ], [ 72.4986714, 23.1325675 ], [ 72.4988564, 23.1325514 ], [ 72.499053, 23.1325086 ], [ 72.4991245, 23.1323908 ], [ 72.4991587, 23.1321933 ], [ 72.4991649, 23.1320504 ], [ 72.4991595, 23.131926 ], [ 72.4991896, 23.1317313 ], [ 72.4992169, 23.1315531 ], [ 72.4993128, 23.1313511 ], [ 72.4993553, 23.1312433 ], [ 72.499378, 23.1310912 ], [ 72.4994277, 23.1309704 ], [ 72.4994027, 23.1308463 ], [ 72.4992677, 23.1306954 ], [ 72.4991141, 23.130601 ], [ 72.4989368, 23.1305175 ], [ 72.4986808, 23.1304532 ], [ 72.498474, 23.1304609 ], [ 72.4982189, 23.1305261 ], [ 72.4980414, 23.1306099 ], [ 72.4979669, 23.1306814 ], [ 72.4977765, 23.1308417 ] ], [ [ 72.4981673, 23.1312861 ], [ 72.4982474, 23.1312157 ], [ 72.4983078, 23.131174 ], [ 72.4984132, 23.1311305 ], [ 72.4985864, 23.1311203 ], [ 72.4986287, 23.1311319 ], [ 72.4985917, 23.1312339 ], [ 72.4986444, 23.1312641 ], [ 72.4987217, 23.1311626 ], [ 72.4987892, 23.1311848 ], [ 72.4988239, 23.131298 ], [ 72.4987783, 23.131478 ], [ 72.4987654, 23.1316691 ], [ 72.4986812, 23.131778 ], [ 72.4986006, 23.1317863 ], [ 72.4985298, 23.1317462 ], [ 72.4984075, 23.1316762 ], [ 72.4983762, 23.1316401 ], [ 72.498339, 23.1315656 ], [ 72.498295, 23.1314976 ], [ 72.4982355, 23.1314912 ], [ 72.4981818, 23.1314283 ], [ 72.498169, 23.1313491 ], [ 72.4981673, 23.1312861 ] ] ] } },
{ "type": "Feature", "properties": { "element": "relation", "id": 17699329, "waterway": null }, "geometry": { "type": "Polygon", "coordinates": [ [ [ 72.6623002, 23.0129859 ], [ 72.6623109, 23.0130662 ], [ 72.6623511, 23.0131131 ], [ 72.6623981, 23.0131081 ], [ 72.6624343, 23.0130476 ], [ 72.6624772, 23.012976 ], [ 72.6624987, 23.0128773 ], [ 72.6625375, 23.0128032 ], [ 72.6626019, 23.0127316 ], [ 72.66261, 23.0126798 ], [ 72.6625791, 23.01266 ], [ 72.6624772, 23.0126452 ], [ 72.6624249, 23.0126699 ], [ 72.6623659, 23.0126995 ], [ 72.662327, 23.0127576 ], [ 72.6622908, 23.0128514 ], [ 72.6622921, 23.0128946 ], [ 72.6623002, 23.0129859 ] ], [ [ 72.6624115, 23.0127699 ], [ 72.6624303, 23.0127415 ], [ 72.6624544, 23.0127205 ], [ 72.6624919, 23.0127255 ], [ 72.6625027, 23.0127539 ], [ 72.6624946, 23.0127835 ], [ 72.6624785, 23.0128168 ], [ 72.6624463, 23.0128205 ], [ 72.6624195, 23.0127946 ], [ 72.6624115, 23.0127699 ] ] ] } },
{ "type": "Feature", "properties": { "element": "way", "id": 29328587, "waterway": null }, "geometry": { "type": "Polygon", "coordinates": [ [ [ 72.6497296, 23.1250768 ], [ 72.6502189, 23.1249979 ], [ 72.6530819, 23.1253538 ], [ 72.6531604, 23.1253646 ], [ 72.6532681, 23.1253795 ], [ 72.6544943, 23.1255308 ], [ 72.656124, 23.125732 ], [ 72.6655225, 23.1267976 ], [ 72.6663551, 23.126837 ], [ 72.6671962, 23.1267976 ], [ 72.6679687, 23.1267186 ], [ 72.6686811, 23.1265844 ], [ 72.6696424, 23.1262845 ], [ 72.682517, 23.1208774 ], [ 72.6950483, 23.1156202 ], [ 72.69554, 23.1154163 ], [ 72.6967048, 23.1149334 ], [ 72.6977176, 23.1146413 ], [ 72.6985759, 23.1144518 ], [ 72.6994685, 23.1143413 ], [ 72.7002668, 23.1142861 ], [ 72.7010392, 23.1143413 ], [ 72.7052813, 23.114597 ], [ 72.7121715, 23.1150123 ], [ 72.7174243, 23.1153123 ], [ 72.718377, 23.1153518 ], [ 72.7261008, 23.115107 ], [ 72.727201, 23.1149491 ], [ 72.728262, 23.1146931 ], [ 72.7308655, 23.1139668 ], [ 72.7311792, 23.1139444 ], [ 72.7312913, 23.1143091 ], [ 72.7314029, 23.1146721 ], [ 72.7311578, 23.1147907 ], [ 72.7283935, 23.1155343 ], [ 72.7275673, 23.115739 ], [ 72.7264232, 23.1159176 ], [ 72.723712, 23.1160118 ], [ 72.7183727, 23.1161535 ], [ 72.7170639, 23.1160983 ], [ 72.7011422, 23.1151623 ], [ 72.7001123, 23.1151386 ], [ 72.6990823, 23.1152176 ], [ 72.6979236, 23.1154544 ], [ 72.6968936, 23.1157701 ], [ 72.6868085, 23.1199697 ], [ 72.6711187, 23.1265608 ], [ 72.6702003, 23.1269396 ], [ 72.6690416, 23.1272869 ], [ 72.6678657, 23.1275632 ], [ 72.6667499, 23.1276658 ], [ 72.6655482, 23.1276421 ], [ 72.6583985, 23.1267976 ], [ 72.6500558, 23.1257714 ], [ 72.6496438, 23.1256293 ], [ 72.6496861, 23.1253571 ], [ 72.6497296, 23.1250768 ] ] ] } },
{ "type": "Feature", "properties": { "element": "way", "id": 29329273, "waterway": null }, "geometry": { "type": "Polygon", "coordinates": [ [ [ 72.6388806, 23.1236797 ], [ 72.6379537, 23.1236086 ], [ 72.6369924, 23.1235691 ], [ 72.6360568, 23.1236481 ], [ 72.6352929, 23.1237744 ], [ 72.6342372, 23.1240112 ], [ 72.6333532, 23.1243269 ], [ 72.6325034, 23.1246821 ], [ 72.6264438, 23.1273895 ], [ 72.6211738, 23.1297338 ], [ 72.6159124, 23.132086 ], [ 72.6073293, 23.1359061 ], [ 72.6022395, 23.1381871 ], [ 72.5981969, 23.1400656 ], [ 72.5922317, 23.1428832 ], [ 72.5862922, 23.1456691 ], [ 72.581417, 23.1479815 ], [ 72.5803012, 23.1485655 ], [ 72.5796489, 23.1489444 ], [ 72.5790567, 23.1493784 ], [ 72.5785073, 23.1498441 ], [ 72.5764302, 23.1517302 ], [ 72.5712718, 23.1564258 ], [ 72.5636501, 23.1632992 ], [ 72.5594529, 23.1670948 ], [ 72.5583285, 23.168089 ], [ 72.5523891, 23.1728235 ], [ 72.5507862, 23.1741155 ], [ 72.5493592, 23.1752695 ], [ 72.5485696, 23.1757666 ], [ 72.5478486, 23.1761059 ], [ 72.5471276, 23.1764136 ], [ 72.5463809, 23.1766582 ], [ 72.5454969, 23.1768634 ], [ 72.5448531, 23.1769739 ], [ 72.5440034, 23.1770054 ], [ 72.5431966, 23.1769896 ], [ 72.5422525, 23.176895 ], [ 72.5372914, 23.1762178 ], [ 72.5307082, 23.175309 ], [ 72.5223346, 23.1741241 ], [ 72.5219535, 23.1740702 ], [ 72.513894, 23.1729339 ], [ 72.5103749, 23.1723974 ], [ 72.5050234, 23.1715086 ], [ 72.504341, 23.1713953 ], [ 72.5039132, 23.1714754 ], [ 72.5038837, 23.171679 ], [ 72.5038175, 23.1719713 ], [ 72.5041694, 23.1721685 ], [ 72.5064696, 23.1725631 ], [ 72.5129241, 23.1736283 ], [ 72.5159883, 23.1740465 ], [ 72.5215415, 23.1748119 ], [ 72.5263137, 23.1754747 ], [ 72.5339183, 23.1765557 ], [ 72.5412654, 23.1775656 ], [ 72.5424585, 23.1777313 ], [ 72.5433511, 23.1778023 ], [ 72.5443124, 23.1777866 ], [ 72.5452308, 23.177684 ], [ 72.5461492, 23.1775183 ], [ 72.5469817, 23.1772895 ], [ 72.5479259, 23.1769423 ], [ 72.5486039, 23.1766188 ], [ 72.5492305, 23.1762795 ], [ 72.5498056, 23.175885 ], [ 72.5514844, 23.1745771 ], [ 72.5567063, 23.1704089 ], [ 72.5577277, 23.1696041 ], [ 72.5585174, 23.1689491 ], [ 72.5591611, 23.1684441 ], [ 72.5598306, 23.1678681 ], [ 72.5645599, 23.1635911 ], [ 72.5689372, 23.1596139 ], [ 72.5734605, 23.1555025 ], [ 72.5784387, 23.1510042 ], [ 72.5795373, 23.1500335 ], [ 72.580078, 23.1496073 ], [ 72.5807904, 23.1491653 ], [ 72.5840434, 23.1475948 ], [ 72.5899142, 23.1448326 ], [ 72.5943603, 23.1427332 ], [ 72.6008147, 23.1396473 ], [ 72.6057243, 23.1374531 ], [ 72.6107453, 23.1352589 ], [ 72.6208476, 23.130752 ], [ 72.6324691, 23.1255504 ], [ 72.6336793, 23.1250373 ], [ 72.6348123, 23.1246742 ], [ 72.6357221, 23.1244848 ], [ 72.6367349, 23.1243901 ], [ 72.6377563, 23.1243743 ], [ 72.6388549, 23.1244848 ], [ 72.6440047, 23.1250926 ], [ 72.644597, 23.1250452 ], [ 72.6446433, 23.124718 ], [ 72.6446571, 23.1244927 ], [ 72.6440906, 23.1243032 ], [ 72.6388806, 23.1236797 ] ] ] } },
{ "type": "Feature", "properties": { "element": "way", "id": 29340465, "waterway": null }, "geometry": { "type": "Polygon", "coordinates": [ [ [ 72.600848, 23.0035934 ], [ 72.6003691, 23.0036993 ], [ 72.5998566, 23.0038912 ], [ 72.5994105, 23.0041665 ], [ 72.5992439, 23.0043 ], [ 72.5990703, 23.0044359 ], [ 72.5986616, 23.0049669 ], [ 72.5984526, 23.0054401 ], [ 72.5983194, 23.005955 ], [ 72.5983185, 23.0064754 ], [ 72.5984073, 23.0069758 ], [ 72.5986378, 23.0074692 ], [ 72.5989328, 23.0079224 ], [ 72.5993359, 23.0083087 ], [ 72.5998016, 23.0086093 ], [ 72.6003607, 23.008841 ], [ 72.6008118, 23.008922 ], [ 72.6011364, 23.0089569 ], [ 72.6011404, 23.0089223 ], [ 72.6011699, 23.0089198 ], [ 72.6011646, 23.0087686 ], [ 72.6012866, 23.0087692 ], [ 72.6012913, 23.0089155 ], [ 72.6013228, 23.0089161 ], [ 72.6013289, 23.0089544 ], [ 72.6015319, 23.0089569 ], [ 72.6021069, 23.008827 ], [ 72.6024098, 23.0087107 ], [ 72.60266, 23.0086073 ], [ 72.6030564, 23.0083384 ], [ 72.6034679, 23.0079646 ], [ 72.6037425, 23.0075847 ], [ 72.6039492, 23.0071243 ], [ 72.6040251, 23.006923 ], [ 72.6040649, 23.0066835 ], [ 72.6040914, 23.006313 ], [ 72.6040805, 23.0059647 ], [ 72.6039517, 23.0054313 ], [ 72.6037344, 23.0049531 ], [ 72.6034153, 23.0045069 ], [ 72.6030235, 23.0041418 ], [ 72.6026373, 23.0039058 ], [ 72.6022029, 23.0037327 ], [ 72.6019073, 23.0036505 ], [ 72.6015915, 23.003601 ], [ 72.6014066, 23.0035785 ], [ 72.6012629, 23.0035739 ], [ 72.6012292, 23.0035899 ], [ 72.6012257, 23.0038823 ], [ 72.6012852, 23.0038962 ], [ 72.6013171, 23.0039166 ], [ 72.6013381, 23.0039305 ], [ 72.60136, 23.003956 ], [ 72.6013673, 23.0039798 ], [ 72.6013551, 23.0057603 ], [ 72.6013573, 23.0057822 ], [ 72.6013706, 23.005801 ], [ 72.6013896, 23.0058136 ], [ 72.6015887, 23.0058085 ], [ 72.6016529, 23.005814 ], [ 72.6017108, 23.0058588 ], [ 72.6017295, 23.0059051 ], [ 72.6017409, 23.0059737 ], [ 72.6017069, 23.0066639 ], [ 72.6016723, 23.0067244 ], [ 72.6016169, 23.0067432 ], [ 72.6008373, 23.0067452 ], [ 72.6007839, 23.0067374 ], [ 72.600746, 23.0067093 ], [ 72.6007155, 23.0066488 ], [ 72.6007275, 23.0058698 ], [ 72.6007738, 23.0058442 ], [ 72.6008158, 23.005831 ], [ 72.6009645, 23.0058199 ], [ 72.6010362, 23.0058091 ], [ 72.6010728, 23.0057799 ], [ 72.601085, 23.0057262 ], [ 72.6010675, 23.0039653 ], [ 72.6010848, 23.0039309 ], [ 72.6011035, 23.00391 ], [ 72.6011268, 23.0038968 ], [ 72.6011546, 23.0038901 ], [ 72.6011503, 23.0035839 ], [ 72.6010861, 23.0035827 ], [ 72.600848, 23.0035934 ] ] ] } },
{ "type": "Feature", "properties": { "element": "way", "id": 29349715, "waterway": null }, "geometry": { "type": "Polygon", "coordinates": [ [ [ 72.6471781, 23.1100727 ], [ 72.6472084, 23.1110601 ], [ 72.6471226, 23.1134205 ], [ 72.6468394, 23.1183779 ], [ 72.6462557, 23.1231062 ], [ 72.6457064, 23.1263662 ], [ 72.6449425, 23.1288052 ], [ 72.6445353, 23.1305265 ], [ 72.6443245, 23.1314178 ], [ 72.644007, 23.1340383 ], [ 72.6440327, 23.1360983 ], [ 72.6445305, 23.1376848 ], [ 72.6451828, 23.1390502 ], [ 72.6462042, 23.1400841 ], [ 72.6476719, 23.1412128 ], [ 72.6499121, 23.1424755 ], [ 72.6526939, 23.1438069 ], [ 72.6546514, 23.1445635 ], [ 72.6582825, 23.1446928 ], [ 72.6610162, 23.1446622 ], [ 72.665215, 23.1448368 ], [ 72.6681144, 23.1454603 ], [ 72.6706727, 23.1464291 ], [ 72.6719977, 23.1471867 ], [ 72.6731854, 23.1487784 ], [ 72.673437, 23.1501151 ], [ 72.6737219, 23.151363 ], [ 72.6738109, 23.1530228 ], [ 72.6738331, 23.1552764 ], [ 72.6725886, 23.1576044 ], [ 72.6713526, 23.1596325 ], [ 72.6699879, 23.1611319 ], [ 72.6684937, 23.1624674 ], [ 72.6666062, 23.1639648 ], [ 72.6652149, 23.1650467 ], [ 72.6636021, 23.1667503 ], [ 72.6624262, 23.1675947 ], [ 72.6609156, 23.1693149 ], [ 72.6591698, 23.1718877 ], [ 72.6579974, 23.1743728 ], [ 72.6569331, 23.1766137 ], [ 72.6562807, 23.1787835 ], [ 72.6560919, 23.1806298 ], [ 72.6558859, 23.1831862 ], [ 72.6560232, 23.1846616 ], [ 72.6561699, 23.1857544 ], [ 72.6563837, 23.1869023 ], [ 72.6570017, 23.188788 ], [ 72.6606836, 23.1876714 ], [ 72.6602255, 23.1862687 ], [ 72.6596902, 23.1840408 ], [ 72.6599257, 23.1813577 ], [ 72.6598935, 23.178744 ], [ 72.6602963, 23.1764139 ], [ 72.6615795, 23.173927 ], [ 72.6634538, 23.1718251 ], [ 72.6652863, 23.1700009 ], [ 72.6671445, 23.1684336 ], [ 72.6692426, 23.1664317 ], [ 72.6715042, 23.1641438 ], [ 72.6739354, 23.1620349 ], [ 72.6753762, 23.16032 ], [ 72.6769496, 23.1584414 ], [ 72.6778414, 23.1565627 ], [ 72.6788027, 23.1546056 ], [ 72.6789229, 23.1529957 ], [ 72.6784508, 23.150786 ], [ 72.6781075, 23.149105 ], [ 72.6774981, 23.1457666 ], [ 72.6767514, 23.1441014 ], [ 72.6754897, 23.1420336 ], [ 72.6747687, 23.1411338 ], [ 72.6734297, 23.1402972 ], [ 72.6715586, 23.1396737 ], [ 72.6700652, 23.1395869 ], [ 72.6684687, 23.1398237 ], [ 72.6669752, 23.140534 ], [ 72.6653445, 23.1414258 ], [ 72.6629755, 23.1419783 ], [ 72.6611817, 23.1421993 ], [ 72.6593792, 23.1420415 ], [ 72.6566927, 23.1415048 ], [ 72.6543667, 23.1409207 ], [ 72.6523669, 23.1399342 ], [ 72.6506846, 23.138845 ], [ 72.6498536, 23.1383118 ], [ 72.649277, 23.1378426 ], [ 72.6478264, 23.1364298 ], [ 72.6470969, 23.1352617 ], [ 72.6465475, 23.1339752 ], [ 72.6462729, 23.132144 ], [ 72.6464274, 23.1303838 ], [ 72.646908, 23.1284658 ], [ 72.6480067, 23.1267372 ], [ 72.6486075, 23.123343 ], [ 72.6498005, 23.1205092 ], [ 72.6501455, 23.1199486 ], [ 72.6503181, 23.1196681 ], [ 72.650531, 23.1193222 ], [ 72.6506846, 23.1190726 ], [ 72.6510193, 23.1164676 ], [ 72.651088, 23.1150388 ], [ 72.6511738, 23.1135231 ], [ 72.6512081, 23.1124022 ], [ 72.6510537, 23.1110128 ], [ 72.6510978, 23.1100889 ], [ 72.6471781, 23.1100727 ] ] ] } },
{ "type": "Feature", "properties": { "element": "way", "id": 29349768, "waterway": null }, "geometry": { "type": "Polygon", "coordinates": [ [ [ 72.650531, 23.1193222 ], [ 72.6515944, 23.1196962 ], [ 72.6523497, 23.1201935 ], [ 72.6529848, 23.1208013 ], [ 72.6534226, 23.1214643 ], [ 72.653723, 23.1222695 ], [ 72.6538174, 23.1230036 ], [ 72.6538174, 23.1235877 ], [ 72.6536972, 23.1238719 ], [ 72.6535685, 23.124235 ], [ 72.6532681, 23.1253795 ], [ 72.6530819, 23.1253538 ], [ 72.6531222, 23.1241876 ], [ 72.6531565, 23.1238324 ], [ 72.6530964, 23.123564 ], [ 72.6531222, 23.1230431 ], [ 72.6530535, 23.1224984 ], [ 72.6528389, 23.1219064 ], [ 72.6524184, 23.1213459 ], [ 72.652015, 23.120896 ], [ 72.651294, 23.1203908 ], [ 72.6501455, 23.1199486 ], [ 72.6503181, 23.1196681 ], [ 72.650531, 23.1193222 ] ] ] } },
{ "type": "Feature", "properties": { "element": "way", "id": 29350057, "waterway": null }, "geometry": { "type": "Polygon", "coordinates": [ [ [ 72.5989759, 23.0822486 ], [ 72.6015341, 23.0826049 ], [ 72.6016753, 23.0813745 ], [ 72.6020787, 23.0804981 ], [ 72.6023962, 23.0793136 ], [ 72.6025164, 23.0777107 ], [ 72.6024477, 23.0764473 ], [ 72.6021667, 23.0752431 ], [ 72.6017611, 23.0745877 ], [ 72.6009725, 23.073272 ], [ 72.6001979, 23.0717006 ], [ 72.5996615, 23.0707037 ], [ 72.59896, 23.0694686 ], [ 72.598477, 23.0686159 ], [ 72.5983032, 23.0682645 ], [ 72.5980715, 23.0678885 ], [ 72.5978625, 23.0675379 ], [ 72.5977432, 23.0673956 ], [ 72.5976567, 23.0672991 ], [ 72.5975469, 23.067194 ], [ 72.5974303, 23.0670742 ], [ 72.59685, 23.0662526 ], [ 72.5966969, 23.0660936 ], [ 72.5959324, 23.0653 ], [ 72.5947835, 23.0643985 ], [ 72.5946243, 23.0642992 ], [ 72.5930152, 23.0632957 ], [ 72.591374, 23.0625814 ], [ 72.5909948, 23.0624292 ], [ 72.5907275, 23.0623279 ], [ 72.5901339, 23.0620745 ], [ 72.5898814, 23.061965 ], [ 72.5893685, 23.0617158 ], [ 72.5888548, 23.061517 ], [ 72.5872273, 23.060768 ], [ 72.5856366, 23.0599592 ], [ 72.5848126, 23.0594442 ], [ 72.5834325, 23.0583984 ], [ 72.5817506, 23.0569729 ], [ 72.5811109, 23.0563755 ], [ 72.5804808, 23.0557625 ], [ 72.5797258, 23.0548739 ], [ 72.5789505, 23.0538212 ], [ 72.5786506, 23.0533321 ], [ 72.5782005, 23.0525421 ], [ 72.5774977, 23.0511658 ], [ 72.5770961, 23.0502382 ], [ 72.576424, 23.0483178 ], [ 72.5760054, 23.0466251 ], [ 72.5756358, 23.0448901 ], [ 72.5752001, 23.0427698 ], [ 72.5749244, 23.041336 ], [ 72.5748162, 23.0402659 ], [ 72.5747567, 23.0395602 ], [ 72.5746751, 23.0386261 ], [ 72.5746809, 23.0383496 ], [ 72.5747063, 23.0371485 ], [ 72.5747865, 23.0358428 ], [ 72.574857, 23.0351922 ], [ 72.5749099, 23.0347038 ], [ 72.5749245, 23.0345518 ], [ 72.5749714, 23.0340621 ], [ 72.5751185, 23.0325259 ], [ 72.5752746, 23.03157 ], [ 72.5753152, 23.0309067 ], [ 72.5754136, 23.0303215 ], [ 72.5754479, 23.0299448 ], [ 72.57552, 23.0296548 ], [ 72.5756266, 23.029163 ], [ 72.5758817, 23.0278404 ], [ 72.5763764, 23.0249013 ], [ 72.5765503, 23.0238008 ], [ 72.5767372, 23.0221234 ], [ 72.5768885, 23.0208237 ], [ 72.5769302, 23.0200969 ], [ 72.5769783, 23.0187151 ], [ 72.5770533, 23.0167072 ], [ 72.5770734, 23.0164128 ], [ 72.576966, 23.0150463 ], [ 72.5768764, 23.0137408 ], [ 72.5767802, 23.0130966 ], [ 72.5766015, 23.012344 ], [ 72.5765651, 23.0122274 ], [ 72.5763485, 23.0115323 ], [ 72.5760382, 23.0106422 ], [ 72.5756297, 23.0096388 ], [ 72.575124, 23.0087357 ], [ 72.574577, 23.0077988 ], [ 72.5740145, 23.006915 ], [ 72.57373, 23.006483 ], [ 72.573294, 23.0058627 ], [ 72.5728695, 23.0052592 ], [ 72.571962, 23.0039749 ], [ 72.5715552, 23.0033902 ], [ 72.5709086, 23.0025814 ], [ 72.5704118, 23.0019512 ], [ 72.5699076, 23.0012731 ], [ 72.5698286, 23.0011669 ], [ 72.5692674, 23.0004049 ], [ 72.5689226, 22.9999219 ], [ 72.5684932, 22.9993205 ], [ 72.5675812, 22.9981848 ], [ 72.5669858, 22.9974689 ], [ 72.5651587, 22.9954683 ], [ 72.5631126, 22.9934767 ], [ 72.5612366, 22.9916813 ], [ 72.5583204, 22.9887602 ], [ 72.5576763, 22.9883723 ], [ 72.557602, 22.9883154 ], [ 72.5545426, 22.9917077 ], [ 72.5543046, 22.9919721 ], [ 72.5541915, 22.992111 ], [ 72.5540321, 22.9922718 ], [ 72.5537781, 22.9925494 ], [ 72.5539884, 22.9926886 ], [ 72.5552711, 22.9937746 ], [ 72.5554744, 22.99374 ], [ 72.5557193, 22.9937063 ], [ 72.555936, 22.9936751 ], [ 72.5561319, 22.9936616 ], [ 72.5563233, 22.9936483 ], [ 72.5563143, 22.9937129 ], [ 72.5568607, 22.9937103 ], [ 72.5574325, 22.9937495 ], [ 72.558065, 22.9938511 ], [ 72.5584875, 22.9939512 ], [ 72.5595923, 22.994358 ], [ 72.56088, 22.995148 ], [ 72.5623531, 22.9963576 ], [ 72.5629613, 22.9968762 ], [ 72.5639906, 22.9978118 ], [ 72.5649605, 22.9988931 ], [ 72.5660213, 23.0001167 ], [ 72.5669338, 23.0013772 ], [ 72.5683141, 23.0031051 ], [ 72.5690239, 23.0041026 ], [ 72.5699348, 23.0053474 ], [ 72.5705245, 23.006269 ], [ 72.5710093, 23.0069622 ], [ 72.5714058, 23.0075326 ], [ 72.5715639, 23.0077226 ], [ 72.5728154, 23.0096903 ], [ 72.573574, 23.0112426 ], [ 72.5742348, 23.0132059 ], [ 72.5740054, 23.0137156 ], [ 72.574074, 23.0144154 ], [ 72.5741441, 23.0152486 ], [ 72.5741914, 23.0164084 ], [ 72.5741007, 23.0191448 ], [ 72.5743735, 23.0196302 ], [ 72.5742865, 23.0216201 ], [ 72.5741372, 23.0232379 ], [ 72.5738389, 23.024776 ], [ 72.5737053, 23.0256738 ], [ 72.57342, 23.0271789 ], [ 72.5730722, 23.0290367 ], [ 72.57296, 23.0299524 ], [ 72.5727297, 23.0310306 ], [ 72.5724956, 23.0331086 ], [ 72.5723151, 23.0349833 ], [ 72.5721988, 23.0361782 ], [ 72.5721272, 23.0374897 ], [ 72.5720964, 23.0381033 ], [ 72.5721503, 23.0395199 ], [ 72.5722983, 23.0409677 ], [ 72.5726016, 23.0427496 ], [ 72.5728934, 23.0444634 ], [ 72.5730702, 23.0450498 ], [ 72.5731961, 23.045829 ], [ 72.5734445, 23.0468092 ], [ 72.5737517, 23.0481428 ], [ 72.5740254, 23.0491491 ], [ 72.5742395, 23.0499066 ], [ 72.5745257, 23.0506601 ], [ 72.5749004, 23.0515149 ], [ 72.5751533, 23.052061 ], [ 72.5755197, 23.0528772 ], [ 72.5759389, 23.0536436 ], [ 72.5766195, 23.0547673 ], [ 72.5768741, 23.0551783 ], [ 72.5772256, 23.0557052 ], [ 72.5777164, 23.0562944 ], [ 72.577685, 23.0563223 ], [ 72.578296, 23.0570054 ], [ 72.5789295, 23.0577028 ], [ 72.5799795, 23.0586765 ], [ 72.5804771, 23.0590971 ], [ 72.5813747, 23.0598446 ], [ 72.5816339, 23.0600727 ], [ 72.5828541, 23.0610123 ], [ 72.5839436, 23.061816 ], [ 72.5847467, 23.0622154 ], [ 72.5855144, 23.0625732 ], [ 72.5866373, 23.063176 ], [ 72.5879911, 23.0638915 ], [ 72.5889262, 23.0643395 ], [ 72.5898507, 23.0648568 ], [ 72.5905206, 23.0652107 ], [ 72.5913751, 23.0657254 ], [ 72.5930964, 23.0669494 ], [ 72.594641, 23.0684969 ], [ 72.5952138, 23.0690151 ], [ 72.5957785, 23.0697449 ], [ 72.5964051, 23.0706088 ], [ 72.5974209, 23.0721729 ], [ 72.5983148, 23.0741773 ], [ 72.5987615, 23.0756158 ], [ 72.5987003, 23.0761211 ], [ 72.5985046, 23.0763204 ], [ 72.5986685, 23.0770843 ], [ 72.5989104, 23.0777267 ], [ 72.5990445, 23.0806126 ], [ 72.5989759, 23.0822486 ] ] ] } },
{ "type": "Feature", "properties": { "element": "way", "id": 29351171, "waterway": null }, "geometry": { "type": "Polygon", "coordinates": [ [ [ 72.5349852, 22.929741 ], [ 72.5362611, 22.9310027 ], [ 72.5365404, 22.9316184 ], [ 72.53831, 22.9306175 ], [ 72.5377382, 22.9296763 ], [ 72.536794, 22.9285617 ], [ 72.5361417, 22.9281586 ], [ 72.5358327, 22.9276289 ], [ 72.5356353, 22.9272495 ], [ 72.5344938, 22.9262218 ], [ 72.5341247, 22.926206 ], [ 72.533541, 22.9257317 ], [ 72.5330261, 22.9250914 ], [ 72.5317815, 22.9239531 ], [ 72.5302537, 22.922957 ], [ 72.5284684, 22.9220321 ], [ 72.5270522, 22.920949 ], [ 72.5257476, 22.9201427 ], [ 72.525061, 22.9197949 ], [ 72.5238679, 22.9188146 ], [ 72.5233444, 22.9181268 ], [ 72.5230954, 22.9174074 ], [ 72.5225633, 22.9168619 ], [ 72.5219882, 22.9160713 ], [ 72.521396, 22.9152808 ], [ 72.5206493, 22.9142846 ], [ 72.5198768, 22.9133992 ], [ 72.5191901, 22.912664 ], [ 72.5185292, 22.9122291 ], [ 72.5167611, 22.9111935 ], [ 72.5152334, 22.9102052 ], [ 72.5131048, 22.9088375 ], [ 72.5120147, 22.9079599 ], [ 72.5109676, 22.9070586 ], [ 72.5097488, 22.906268 ], [ 72.5080236, 22.9059517 ], [ 72.5058778, 22.904663 ], [ 72.5046075, 22.90373 ], [ 72.5038608, 22.9025994 ], [ 72.5029166, 22.9013897 ], [ 72.5016721, 22.8999824 ], [ 72.5007966, 22.8983773 ], [ 72.5001529, 22.8974918 ], [ 72.4992517, 22.8969699 ], [ 72.4983934, 22.8958234 ], [ 72.497784, 22.8950881 ], [ 72.4971746, 22.8937755 ], [ 72.4963678, 22.8923918 ], [ 72.4960502, 22.8914667 ], [ 72.4959386, 22.8907471 ], [ 72.4961274, 22.8892448 ], [ 72.4961789, 22.8881694 ], [ 72.4965394, 22.8842078 ], [ 72.496754, 22.8822862 ], [ 72.4968656, 22.8802461 ], [ 72.4970802, 22.8786645 ], [ 72.497681, 22.8770355 ], [ 72.4972089, 22.8764661 ], [ 72.4935182, 22.8766875 ], [ 72.4932693, 22.877336 ], [ 72.4933122, 22.8790678 ], [ 72.493192, 22.880594 ], [ 72.493089, 22.8816536 ], [ 72.4930032, 22.8839785 ], [ 72.4928401, 22.8856311 ], [ 72.4931749, 22.8861372 ], [ 72.4936212, 22.8870386 ], [ 72.4937499, 22.8886755 ], [ 72.49381, 22.8901699 ], [ 72.4935182, 22.8912927 ], [ 72.4931663, 22.8921388 ], [ 72.4932435, 22.8927714 ], [ 72.493192, 22.8936648 ], [ 72.493089, 22.8944397 ], [ 72.4931148, 22.8952067 ], [ 72.4934238, 22.8964955 ], [ 72.4941791, 22.8979345 ], [ 72.4949344, 22.8987647 ], [ 72.4958356, 22.8995001 ], [ 72.4963935, 22.8999191 ], [ 72.4965995, 22.9004093 ], [ 72.4969428, 22.9008205 ], [ 72.4978011, 22.9012 ], [ 72.4987195, 22.9016348 ], [ 72.4992603, 22.9019669 ], [ 72.4996207, 22.9025599 ], [ 72.4999212, 22.9027971 ], [ 72.5004104, 22.9027813 ], [ 72.5008395, 22.9032715 ], [ 72.5011228, 22.9036273 ], [ 72.501509, 22.9044653 ], [ 72.5021013, 22.9052164 ], [ 72.5034402, 22.9062601 ], [ 72.5045818, 22.9071456 ], [ 72.5055946, 22.9079283 ], [ 72.5067704, 22.9083789 ], [ 72.5081008, 22.9091458 ], [ 72.5097917, 22.9097941 ], [ 72.5111564, 22.9101341 ], [ 72.5117915, 22.911067 ], [ 72.5121091, 22.9113674 ], [ 72.513388, 22.9120868 ], [ 72.5137914, 22.912411 ], [ 72.5145896, 22.9133201 ], [ 72.5156539, 22.9146641 ], [ 72.5164779, 22.9159053 ], [ 72.5170186, 22.9167591 ], [ 72.5178254, 22.9178106 ], [ 72.5189412, 22.9187909 ], [ 72.5190957, 22.919779 ], [ 72.5193189, 22.9203087 ], [ 72.5197309, 22.9207356 ], [ 72.5213016, 22.9215894 ], [ 72.5227006, 22.9225696 ], [ 72.5246404, 22.9236289 ], [ 72.5285629, 22.9253365 ], [ 72.5319703, 22.9270281 ], [ 72.5337899, 22.9281665 ], [ 72.5349852, 22.929741 ] ] ] } },
{ "type": "Feature", "properties": { "element": "way", "id": 29351890, "waterway": null }, "geometry": { "type": "Polygon", "coordinates": [ [ [ 72.665171, 23.041168 ], [ 72.6648839, 23.0414261 ], [ 72.664656, 23.041634 ], [ 72.6645809, 23.0422041 ], [ 72.664863, 23.0424924 ], [ 72.6651581, 23.0427126 ], [ 72.6658319, 23.0426134 ], [ 72.666268, 23.0422253 ], [ 72.6662696, 23.0418551 ], [ 72.6662524, 23.0416103 ], [ 72.6661752, 23.0414523 ], [ 72.6657975, 23.0411601 ], [ 72.665171, 23.041168 ] ] ] } },
{ "type": "Feature", "properties": { "element": "way", "id": 29352044, "waterway": "canal" }, "geometry": { "type": "LineString", "coordinates": [ [ 72.5903508, 22.9876189 ], [ 72.5905927, 22.9877251 ], [ 72.5909618, 22.9879463 ], [ 72.5909181, 22.9878501 ], [ 72.5913909, 22.9883335 ], [ 72.591658, 22.9885007 ], [ 72.5918201, 22.9886022 ], [ 72.5925067, 22.988855 ], [ 72.5929874, 22.9889261 ], [ 72.5956877, 22.988904 ] ] } },
{ "type": "Feature", "properties": { "element": "way", "id": 29352335, "waterway": "canal" }, "geometry": { "type": "LineString", "coordinates": [ [ 72.6113894, 22.9869896 ], [ 72.6109354, 22.9804789 ], [ 72.610758, 22.9769046 ], [ 72.6106688, 22.9732267 ], [ 72.6106436, 22.9729168 ], [ 72.6105604, 22.9726323 ], [ 72.6104388, 22.9723322 ], [ 72.6090456, 22.9695899 ], [ 72.6077579, 22.967042 ], [ 72.6076069, 22.9666998 ], [ 72.6075189, 22.9663251 ], [ 72.6074217, 22.965567 ], [ 72.6071582, 22.9634286 ], [ 72.6070852, 22.9631454 ], [ 72.6070057, 22.9629609 ], [ 72.6053183, 22.9595436 ], [ 72.6047246, 22.9583346 ], [ 72.6046141, 22.9580554 ], [ 72.6045254, 22.9577334 ], [ 72.6044801, 22.9573484 ], [ 72.6044801, 22.9569928 ], [ 72.6045488, 22.9566687 ], [ 72.6049178, 22.9555386 ], [ 72.6054348, 22.9539015 ] ] } },
{ "type": "Feature", "properties": { "element": "way", "id": 29384525, "waterway": "drain" }, "geometry": { "type": "LineString", "coordinates": [ [ 72.5906432, 23.241448 ], [ 72.5963081, 23.2405647 ], [ 72.5969089, 23.2404306 ], [ 72.5975097, 23.2402019 ], [ 72.6020244, 23.2379542 ], [ 72.6025565, 23.2375835 ], [ 72.6028741, 23.2372208 ], [ 72.603123, 23.2368028 ], [ 72.6046765, 23.23155 ], [ 72.6054662, 23.2289078 ], [ 72.6075948, 23.2220141 ], [ 72.6078008, 23.2214541 ], [ 72.6081184, 23.2209177 ], [ 72.6091751, 23.2193215 ], [ 72.6094917, 23.2188432 ], [ 72.6145213, 23.2117676 ], [ 72.6154826, 23.2104187 ], [ 72.6157487, 23.2099612 ], [ 72.6159204, 23.209551 ], [ 72.6163667, 23.2083362 ], [ 72.6179546, 23.203674 ], [ 72.6193879, 23.1995402 ], [ 72.6206496, 23.1960137 ], [ 72.6219457, 23.1923057 ], [ 72.6242803, 23.1857021 ], [ 72.6243637, 23.1854678 ], [ 72.6245543, 23.1849324 ], [ 72.6259626, 23.180976 ], [ 72.6266552, 23.1790826 ], [ 72.6272672, 23.1774096 ], [ 72.6277393, 23.1760683 ], [ 72.6287177, 23.1725175 ], [ 72.6295846, 23.1699609 ], [ 72.6309322, 23.1659366 ], [ 72.6325286, 23.1611388 ], [ 72.6331294, 23.1594106 ], [ 72.6332067, 23.1591186 ], [ 72.633241, 23.1587398 ], [ 72.6332067, 23.1583294 ], [ 72.6331208, 23.1579743 ], [ 72.6329578, 23.1575403 ], [ 72.6315587, 23.1541785 ], [ 72.6307321, 23.152082 ], [ 72.6299966, 23.1502168 ], [ 72.6295932, 23.1491829 ], [ 72.6294645, 23.1487883 ], [ 72.629413, 23.1483621 ], [ 72.6293958, 23.1478018 ], [ 72.6293958, 23.1456709 ], [ 72.6293958, 23.144345 ], [ 72.6294301, 23.1439978 ], [ 72.6295846, 23.1436426 ], [ 72.6315501, 23.1403515 ], [ 72.6318935, 23.13987 ], [ 72.6349319, 23.1355843 ], [ 72.6357988, 23.1344241 ], [ 72.6361335, 23.1340215 ], [ 72.6364082, 23.1337847 ], [ 72.6367515, 23.1335795 ], [ 72.637215, 23.1334296 ], [ 72.6380389, 23.1332559 ], [ 72.6384595, 23.1331138 ], [ 72.6386483, 23.1329876 ], [ 72.6389316, 23.1326955 ], [ 72.6390603, 23.1324824 ], [ 72.6392148, 23.132514 ], [ 72.6394723, 23.1327429 ], [ 72.6395925, 23.1328771 ], [ 72.6398156, 23.1328376 ], [ 72.6409228, 23.132514 ], [ 72.6411803, 23.1323324 ], [ 72.6413005, 23.1321193 ], [ 72.6414893, 23.1315668 ], [ 72.6416438, 23.1313853 ], [ 72.6420043, 23.1313063 ], [ 72.6423476, 23.1310775 ], [ 72.6425622, 23.1308091 ], [ 72.6428712, 23.1305802 ], [ 72.6436351, 23.1304697 ], [ 72.6445353, 23.1305265 ], [ 72.6459641, 23.1306227 ] ] } },
{ "type": "Feature", "properties": { "element": "way", "id": 62325364, "waterway": "stream" }, "geometry": { "type": "LineString", "coordinates": [ [ 72.6409528, 22.9412908 ], [ 72.6410134, 22.9410986 ], [ 72.6414232, 22.9407856 ], [ 72.6416505, 22.9405814 ], [ 72.6423629, 22.9398156 ], [ 72.6429575, 22.9389299 ], [ 72.6432633, 22.9379936 ], [ 72.6430767, 22.9377564 ], [ 72.6426326, 22.9374609 ], [ 72.6425655, 22.9369144 ], [ 72.6421624, 22.9364229 ], [ 72.642293, 22.9356256 ], [ 72.6427446, 22.9351169 ], [ 72.6429499, 22.9345361 ], [ 72.6430767, 22.9340514 ], [ 72.6429163, 22.9337249 ], [ 72.6409719, 22.9328348 ], [ 72.6396172, 22.9322127 ], [ 72.6396135, 22.9320477 ], [ 72.6412145, 22.930587 ], [ 72.6434574, 22.9285453 ], [ 72.6441105, 22.9276449 ] ] } },
{ "type": "Feature", "properties": { "element": "way", "id": 62325372, "waterway": "stream" }, "geometry": { "type": "LineString", "coordinates": [ [ 72.6402323, 22.9423807 ], [ 72.6404704, 22.942036 ], [ 72.6406376, 22.9418564 ] ] } },
{ "type": "Feature", "properties": { "element": "way", "id": 62325378, "waterway": "stream" }, "geometry": { "type": "LineString", "coordinates": [ [ 72.6406376, 22.9418564 ], [ 72.6409528, 22.9412908 ] ] } },
{ "type": "Feature", "properties": { "element": "way", "id": 62330163, "waterway": "canal" }, "geometry": { "type": "LineString", "coordinates": [ [ 72.4714372, 22.8769894 ], [ 72.4705975, 22.8786449 ], [ 72.4705057, 22.879043 ], [ 72.4704699, 22.8794061 ], [ 72.4704878, 22.8797939 ], [ 72.4706446, 22.8802147 ], [ 72.4709311, 22.8805901 ], [ 72.4715133, 22.8810605 ], [ 72.4750107, 22.8836473 ], [ 72.4776169, 22.8856523 ], [ 72.4779438, 22.8859493 ], [ 72.4781811, 22.8862299 ], [ 72.4787051, 22.8870509 ], [ 72.4808635, 22.8904585 ], [ 72.4811008, 22.8910443 ], [ 72.4811411, 22.891461 ], [ 72.4811366, 22.8931276 ], [ 72.4811232, 22.8975128 ], [ 72.481056, 22.9003138 ], [ 72.4809844, 22.9039149 ], [ 72.4808098, 22.9061878 ], [ 72.4805276, 22.9097682 ], [ 72.4802545, 22.9130061 ], [ 72.4800127, 22.9162646 ], [ 72.4799097, 22.9174979 ], [ 72.4799186, 22.9178732 ], [ 72.4799634, 22.9182527 ], [ 72.4800933, 22.9189456 ], [ 72.4801828, 22.9194901 ], [ 72.4801694, 22.9197293 ], [ 72.4799768, 22.9208635 ], [ 72.4799141, 22.9214533 ], [ 72.4799455, 22.9221174 ], [ 72.4799455, 22.9229134 ], [ 72.479838, 22.9250622 ], [ 72.4797178, 22.9268009 ] ] } },
{ "type": "Feature", "properties": { "element": "way", "id": 62330164, "waterway": "canal" }, "geometry": { "type": "LineString", "coordinates": [ [ 72.4760981, 22.9514227 ], [ 72.4762509, 22.9515085 ], [ 72.4791251, 22.9530684 ], [ 72.4831469, 22.9552439 ], [ 72.4873656, 22.9575697 ], [ 72.4921831, 22.9602162 ], [ 72.493238, 22.9607625 ], [ 72.4935908, 22.9609229 ], [ 72.4939827, 22.9610352 ], [ 72.4949843, 22.9611755 ], [ 72.4977714, 22.9616487 ], [ 72.5017909, 22.9622942 ], [ 72.5031231, 22.962489 ], [ 72.5064766, 22.9630561 ], [ 72.5069331, 22.9631156 ], [ 72.5074588, 22.963244 ], [ 72.5079846, 22.9635107 ], [ 72.5090365, 22.9641997 ] ] } },
{ "type": "Feature", "properties": { "element": "way", "id": 62330165, "waterway": "canal" }, "geometry": { "type": "LineString", "coordinates": [ [ 72.4797178, 22.9268009 ], [ 72.4796879, 22.9272336 ] ] } },
{ "type": "Feature", "properties": { "element": "way", "id": 62330168, "waterway": "canal" }, "geometry": { "type": "LineString", "coordinates": [ [ 72.5050234, 23.1715086 ], [ 72.5050828, 23.1713106 ], [ 72.5051249, 23.1710665 ], [ 72.5051542, 23.1706819 ], [ 72.5051416, 23.1701973 ], [ 72.5050831, 23.1697859 ], [ 72.5049283, 23.1693282 ], [ 72.5047108, 23.1689437 ], [ 72.5044263, 23.1685899 ], [ 72.5034241, 23.1676232 ], [ 72.5012699, 23.1655897 ], [ 72.4979862, 23.1625275 ], [ 72.4963286, 23.1609988 ], [ 72.4934319, 23.1582489 ], [ 72.4927887, 23.1576816 ], [ 72.4924698, 23.1573067 ], [ 72.4914815, 23.155374 ], [ 72.489816, 23.1521734 ], [ 72.4892978, 23.1511617 ], [ 72.4870025, 23.1466388 ], [ 72.4859972, 23.1447521 ], [ 72.4852164, 23.1434624 ], [ 72.4841621, 23.1414718 ], [ 72.4835736, 23.140347 ], [ 72.483374, 23.1398388 ], [ 72.4826794, 23.136112 ], [ 72.4823109, 23.1341241 ], [ 72.4822003, 23.1336007 ], [ 72.4820775, 23.1332205 ], [ 72.4818237, 23.1327762 ], [ 72.4816476, 23.1325239 ], [ 72.4813979, 23.1322755 ], [ 72.480014, 23.1311798 ], [ 72.476272, 23.1280877 ], [ 72.4741609, 23.1263757 ], [ 72.4706101, 23.1236459 ], [ 72.4656075, 23.1196331 ], [ 72.4635235, 23.1182135 ], [ 72.4594115, 23.1154681 ], [ 72.4561879, 23.1133761 ], [ 72.4523924, 23.1109029 ], [ 72.4507063, 23.1097861 ], [ 72.4500383, 23.109357 ], [ 72.4494285, 23.1090449 ], [ 72.4463848, 23.1075982 ], [ 72.4442592, 23.106577 ], [ 72.4421645, 23.1055462 ], [ 72.4415367, 23.1052621 ], [ 72.4410515, 23.1049719 ], [ 72.4406239, 23.104588 ], [ 72.4403219, 23.1042134 ], [ 72.4401556, 23.1038732 ], [ 72.4399962, 23.1035018 ], [ 72.4396738, 23.1022253 ], [ 72.4392462, 23.100209 ], [ 72.4386579, 23.097202 ], [ 72.4380005, 23.0941002 ], [ 72.4372531, 23.0906596 ], [ 72.4371174, 23.0900753 ], [ 72.4369871, 23.0897282 ], [ 72.4364142, 23.0887453 ], [ 72.4346075, 23.0850913 ], [ 72.4335448, 23.0831267 ], [ 72.4313132, 23.0788624 ], [ 72.4302759, 23.0768223 ], [ 72.4292414, 23.0747879 ], [ 72.4286999, 23.0737962 ], [ 72.4272628, 23.0709889 ], [ 72.4265075, 23.0695883 ], [ 72.4235322, 23.0593281 ], [ 72.4230768, 23.0576752 ], [ 72.4215687, 23.0522779 ], [ 72.4203764, 23.0480778 ], [ 72.4191538, 23.0438273 ], [ 72.4184292, 23.041294 ], [ 72.4176033, 23.0383733 ], [ 72.4167329, 23.0351261 ], [ 72.4162989, 23.0337164 ] ] } },
{ "type": "Feature", "properties": { "element": "way", "id": 62330172, "waterway": "canal" }, "geometry": { "type": "LineString", "coordinates": [ [ 72.2865565, 22.9703936 ], [ 72.2897426, 22.9710055 ], [ 72.2898647, 22.9710131 ], [ 72.2901594, 22.9709192 ], [ 72.2985994, 22.9659596 ], [ 72.3003721, 22.9649061 ], [ 72.3022667, 22.9641634 ], [ 72.3099389, 22.9609681 ], [ 72.3104454, 22.9607522 ], [ 72.311055, 22.9606572 ], [ 72.31944, 22.9618489 ], [ 72.3260805, 22.9627039 ], [ 72.3293164, 22.9631789 ], [ 72.3299823, 22.9631875 ], [ 72.3315955, 22.9627039 ], [ 72.3372324, 22.9612012 ], [ 72.3423066, 22.9603117 ], [ 72.3437885, 22.9599576 ], [ 72.3452517, 22.9593531 ], [ 72.3527871, 22.9555332 ], [ 72.353795, 22.9550499 ], [ 72.3540813, 22.954962 ], [ 72.3545287, 22.9549126 ], [ 72.3556679, 22.9548741 ], [ 72.3585023, 22.9548016 ], [ 72.3641163, 22.9546606 ], [ 72.3705862, 22.9545257 ], [ 72.375503, 22.9543404 ], [ 72.3834073, 22.9540869 ], [ 72.3840365, 22.9540817 ], [ 72.3844466, 22.9540403 ], [ 72.3848342, 22.9539627 ], [ 72.3852556, 22.9538179 ], [ 72.3855982, 22.953642 ], [ 72.3878566, 22.9523746 ], [ 72.3921093, 22.9500001 ], [ 72.392879, 22.9495811 ], [ 72.3938284, 22.9490379 ], [ 72.3944688, 22.9486862 ], [ 72.3948901, 22.9485206 ], [ 72.3975474, 22.9474549 ], [ 72.3997777, 22.9463375 ], [ 72.4007158, 22.9458823 ], [ 72.4009967, 22.9457788 ], [ 72.4033837, 22.9452307 ], [ 72.4065571, 22.9444714 ], [ 72.4092723, 22.9438118 ], [ 72.4145404, 22.9425922 ], [ 72.4175514, 22.9418635 ], [ 72.4201993, 22.9412584 ], [ 72.4221617, 22.9407092 ], [ 72.4257531, 22.9397182 ], [ 72.4275289, 22.9392273 ], [ 72.4313735, 22.9381749 ], [ 72.4332825, 22.9376441 ], [ 72.4341921, 22.9373833 ], [ 72.4346418, 22.9372943 ], [ 72.435035, 22.9372636 ], [ 72.4353015, 22.9372882 ], [ 72.4356746, 22.9373557 ], [ 72.4368788, 22.9376187 ], [ 72.4430189, 22.9389664 ], [ 72.443481, 22.9390759 ], [ 72.4439214, 22.9391755 ], [ 72.4442943, 22.9392078 ], [ 72.4446807, 22.9391556 ], [ 72.4451022, 22.9390685 ], [ 72.4454643, 22.9389515 ], [ 72.4458236, 22.9387524 ], [ 72.4464262, 22.9383145 ], [ 72.4479042, 22.9371947 ], [ 72.4483364, 22.9368602 ], [ 72.4500406, 22.9358579 ], [ 72.4538446, 22.9338011 ], [ 72.4582566, 22.9313748 ], [ 72.4589321, 22.9309937 ], [ 72.4594809, 22.9307643 ], [ 72.4601311, 22.9306243 ], [ 72.4609343, 22.9304948 ], [ 72.461126, 22.9304684 ], [ 72.4616595, 22.9303871 ], [ 72.4632576, 22.9301459 ], [ 72.4651083, 22.9297079 ], [ 72.4759154, 22.9262724 ] ] } },
{ "type": "Feature", "properties": { "element": "way", "id": 62330177, "waterway": "canal" }, "geometry": { "type": "LineString", "coordinates": [ [ 72.524784, 22.9823526 ], [ 72.5217717, 22.9822269 ], [ 72.5213318, 22.9821973 ], [ 72.5209884, 22.9820689 ], [ 72.5146692, 22.9797872 ], [ 72.514358, 22.9796193 ], [ 72.5141536, 22.9794435 ], [ 72.5095295, 22.9737544 ], [ 72.5089829, 22.9730901 ], [ 72.5062685, 22.9697612 ], [ 72.5037365, 22.9667089 ], [ 72.5036193, 22.9664348 ], [ 72.503207, 22.963208 ], [ 72.5031231, 22.962489 ], [ 72.5028668, 22.9602943 ], [ 72.5029043, 22.9601703 ], [ 72.502984, 22.9600683 ] ] } },
{ "type": "Feature", "properties": { "element": "way", "id": 62330180, "waterway": "canal" }, "geometry": { "type": "LineString", "coordinates": [ [ 72.502984, 22.9600683 ], [ 72.5025419, 22.9597078 ], [ 72.5020592, 22.9591666 ], [ 72.5017653, 22.9586448 ], [ 72.5015484, 22.9580649 ], [ 72.5011146, 22.9555973 ], [ 72.5006947, 22.953265 ], [ 72.5004638, 22.9525305 ], [ 72.4988406, 22.9493154 ], [ 72.4962587, 22.9441994 ], [ 72.4948173, 22.9413127 ], [ 72.4945164, 22.9408488 ], [ 72.4942645, 22.9405137 ], [ 72.4928232, 22.9387997 ], [ 72.4874665, 22.9323681 ], [ 72.4858264, 22.93044 ], [ 72.4846341, 22.929012 ], [ 72.4839344, 22.9284088 ], [ 72.4832795, 22.9280376 ], [ 72.4826078, 22.9276819 ], [ 72.4820368, 22.9274551 ], [ 72.4805828, 22.9271802 ], [ 72.476986, 22.9264741 ], [ 72.4759154, 22.9262724 ], [ 72.4736937, 22.9258538 ], [ 72.4718523, 22.9254909 ], [ 72.4711609, 22.9251939 ], [ 72.4708054, 22.9249846 ], [ 72.4705197, 22.9247668 ], [ 72.4702192, 22.9244991 ], [ 72.4699729, 22.924177 ], [ 72.4697217, 22.9238163 ], [ 72.4695345, 22.9234261 ], [ 72.4693719, 22.9229542 ], [ 72.4693202, 22.9225799 ], [ 72.4692882, 22.922108 ], [ 72.4693152, 22.9214275 ], [ 72.4695225, 22.9175597 ], [ 72.469661, 22.914816 ], [ 72.4699328, 22.9096497 ], [ 72.4701613, 22.9044983 ], [ 72.4701613, 22.9037782 ], [ 72.4700892, 22.9031711 ], [ 72.4699689, 22.9026881 ], [ 72.4697813, 22.9022361 ], [ 72.4696081, 22.9018683 ], [ 72.4690067, 22.9007559 ], [ 72.4681264, 22.8990719 ], [ 72.466077, 22.8951544 ], [ 72.4640228, 22.89125 ], [ 72.4627961, 22.8889011 ], [ 72.4625498, 22.8884756 ], [ 72.4623381, 22.8881742 ], [ 72.4620995, 22.8879615 ], [ 72.4617839, 22.8877452 ], [ 72.4610489, 22.8873056 ], [ 72.459127, 22.8861653 ], [ 72.4588328, 22.8859727 ] ] } },
{ "type": "Feature", "properties": { "element": "way", "id": 62332986, "waterway": "canal" }, "geometry": { "type": "LineString", "coordinates": [ [ 72.4161726, 23.0331322 ], [ 72.416137, 23.0329355 ], [ 72.4161111, 23.0323722 ], [ 72.4163833, 23.0310084 ], [ 72.4165295, 23.0303219 ] ] } },
{ "type": "Feature", "properties": { "element": "way", "id": 62332988, "waterway": "canal" }, "geometry": { "type": "LineString", "coordinates": [ [ 72.4165295, 23.0303219 ], [ 72.4166784, 23.0296225 ] ] } },
{ "type": "Feature", "properties": { "element": "way", "id": 62332997, "waterway": "canal" }, "geometry": { "type": "LineString", "coordinates": [ [ 72.4162989, 23.0337164 ], [ 72.4161726, 23.0331322 ] ] } },
{ "type": "Feature", "properties": { "element": "way", "id": 62333017, "waterway": "canal" }, "geometry": { "type": "LineString", "coordinates": [ [ 72.4166784, 23.0296225 ], [ 72.4171992, 23.0271764 ], [ 72.418039, 23.0231067 ], [ 72.4181403, 23.0225878 ], [ 72.4182367, 23.022094 ], [ 72.418375, 23.0215239 ], [ 72.4185859, 23.0211176 ], [ 72.4190537, 23.0206446 ], [ 72.4212809, 23.018801 ], [ 72.4238374, 23.0165692 ], [ 72.4281533, 23.0128758 ], [ 72.4313952, 23.0101406 ], [ 72.4346963, 23.0073689 ], [ 72.4364886, 23.0058709 ], [ 72.4404882, 23.0025654 ], [ 72.4425111, 23.0008489 ], [ 72.4429723, 23.000394 ], [ 72.4432754, 22.9999634 ], [ 72.4434665, 22.9994721 ], [ 72.4438289, 22.9975736 ], [ 72.4441847, 22.99576 ], [ 72.4444684, 22.9946771 ], [ 72.445785, 22.9902002 ], [ 72.4469421, 22.9863537 ], [ 72.4486024, 22.9807569 ], [ 72.4498413, 22.9767091 ], [ 72.4507294, 22.9738372 ], [ 72.4516943, 22.9707331 ], [ 72.4522425, 22.9690472 ], [ 72.4524837, 22.9685929 ], [ 72.4527962, 22.9682598 ], [ 72.4539255, 22.9674017 ], [ 72.4575108, 22.9647972 ], [ 72.4600635, 22.963004 ], [ 72.4632556, 22.9607144 ], [ 72.465933, 22.958605 ], [ 72.4696144, 22.9560209 ], [ 72.4742913, 22.9525671 ], [ 72.4773962, 22.9503175 ], [ 72.4783804, 22.9495836 ], [ 72.4787462, 22.9491305 ], [ 72.4789204, 22.9487575 ], [ 72.4790075, 22.9483285 ], [ 72.479051, 22.9478071 ], [ 72.4790215, 22.9457454 ], [ 72.4790047, 22.9437144 ], [ 72.479026, 22.9400858 ], [ 72.4789883, 22.9353892 ], [ 72.4789659, 22.9330952 ], [ 72.4793409, 22.9302299 ], [ 72.4796544, 22.9277183 ], [ 72.4796879, 22.9272336 ] ] } },
{ "type": "Feature", "properties": { "element": "way", "id": 62333018, "waterway": "canal" }, "geometry": { "type": "LineString", "coordinates": [ [ 72.4523506, 22.9197624 ], [ 72.4535003, 22.9198707 ], [ 72.4539692, 22.9199345 ], [ 72.4541084, 22.9199559 ], [ 72.4542386, 22.9199296 ], [ 72.4543727, 22.9198708 ], [ 72.4544098, 22.9197686 ], [ 72.4545329, 22.9192856 ], [ 72.4545811, 22.9191476 ], [ 72.4546417, 22.9190589 ], [ 72.4547844, 22.9189816 ], [ 72.4554765, 22.9187204 ] ] } },
{ "type": "Feature", "properties": { "element": "way", "id": 84639247, "waterway": null }, "geometry": { "type": "Polygon", "coordinates": [ [ [ 72.5922961, 22.9881346 ], [ 72.592345, 22.9879197 ], [ 72.5923397, 22.9877097 ], [ 72.5922803, 22.9874012 ], [ 72.59235, 22.9871298 ], [ 72.593082, 22.9870298 ], [ 72.5936523, 22.9870298 ], [ 72.5944645, 22.9871888 ], [ 72.5952421, 22.9873002 ], [ 72.5958816, 22.9871888 ], [ 72.5960639, 22.9872028 ], [ 72.5959903, 22.9876303 ], [ 72.5957695, 22.9882975 ], [ 72.5956222, 22.9888084 ], [ 72.5954863, 22.9892098 ], [ 72.5953619, 22.9896013 ], [ 72.5951099, 22.9899224 ], [ 72.5950645, 22.9899856 ], [ 72.5948751, 22.9899274 ], [ 72.5947053, 22.9899494 ], [ 72.5944487, 22.9899722 ], [ 72.5939238, 22.9899969 ], [ 72.5934636, 22.9900847 ], [ 72.5931844, 22.9901841 ], [ 72.5920919, 22.9904958 ], [ 72.5917513, 22.99052 ], [ 72.591539, 22.9905153 ], [ 72.5913476, 22.9905839 ], [ 72.5912184, 22.9905928 ], [ 72.590996, 22.9906483 ], [ 72.5907541, 22.9906018 ], [ 72.5906496, 22.9904874 ], [ 72.5906975, 22.9903379 ], [ 72.590846, 22.9902111 ], [ 72.5915317, 22.9896206 ], [ 72.5921732, 22.9890809 ], [ 72.592197, 22.9889474 ], [ 72.5923326, 22.9889279 ], [ 72.5925213, 22.9889426 ], [ 72.5927738, 22.9889939 ], [ 72.5930131, 22.9890135 ], [ 72.5932869, 22.9890062 ], [ 72.5935394, 22.9889939 ], [ 72.5937521, 22.9889842 ], [ 72.5939355, 22.9889646 ], [ 72.5940764, 22.9889597 ], [ 72.594289, 22.9889474 ], [ 72.5943608, 22.988945 ], [ 72.5943528, 22.9888838 ], [ 72.5939833, 22.9888936 ], [ 72.593523, 22.9888908 ], [ 72.5933529, 22.9888467 ], [ 72.5932763, 22.9887297 ], [ 72.5932204, 22.9885951 ], [ 72.5931673, 22.9884458 ], [ 72.5922961, 22.9881346 ] ] ] } },
{ "type": "Feature", "properties": { "element": "way", "id": 84639248, "waterway": null }, "geometry": { "type": "Polygon", "coordinates": [ [ [ 72.5830692, 22.9857653 ], [ 72.5839319, 22.9845944 ], [ 72.585414, 22.9833929 ], [ 72.5869181, 22.9829958 ], [ 72.5884809, 22.9833501 ], [ 72.5892226, 22.9837359 ], [ 72.5898066, 22.9838328 ], [ 72.5904117, 22.9843659 ], [ 72.590788, 22.9849636 ], [ 72.5911423, 22.9857713 ], [ 72.5913169, 22.9866168 ], [ 72.5910928, 22.9872891 ], [ 72.5909181, 22.9878501 ], [ 72.5906122, 22.9884329 ], [ 72.5900592, 22.9889013 ], [ 72.5899375, 22.9894613 ], [ 72.5897052, 22.9900314 ], [ 72.5893265, 22.9901872 ], [ 72.5887978, 22.990733 ], [ 72.5885439, 22.9912329 ], [ 72.5878893, 22.9914812 ], [ 72.5871115, 22.991436 ], [ 72.586627, 22.9913728 ], [ 72.5864684, 22.9906638 ], [ 72.5861791, 22.9905203 ], [ 72.5859593, 22.9906273 ], [ 72.584861, 22.9904896 ], [ 72.5839651, 22.98995 ], [ 72.5832794, 22.9893493 ], [ 72.5827217, 22.9889827 ], [ 72.5825364, 22.9885168 ], [ 72.582649, 22.9874453 ], [ 72.5827817, 22.9865595 ], [ 72.5830692, 22.9857653 ] ] ] } },
{ "type": "Feature", "properties": { "element": "way", "id": 85209269, "waterway": null }, "geometry": { "type": "Polygon", "coordinates": [ [ [ 72.5038295, 22.9932092 ], [ 72.5044934, 22.9931883 ], [ 72.5053387, 22.9931616 ], [ 72.5053335, 22.9928366 ], [ 72.5059677, 22.9928197 ], [ 72.5059956, 22.9907949 ], [ 72.5037189, 22.9908191 ], [ 72.5037224, 22.9908944 ], [ 72.5038295, 22.9932092 ] ] ] } },
{ "type": "Feature", "properties": { "element": "way", "id": 116801091, "waterway": "canal" }, "geometry": { "type": "LineString", "coordinates": [ [ 72.7312913, 23.1143091 ], [ 72.7273375, 23.1153502 ], [ 72.7256789, 23.1154889 ], [ 72.7179888, 23.1156507 ], [ 72.715526, 23.1155813 ], [ 72.705278, 23.1149954 ], [ 72.7013774, 23.1147724 ], [ 72.6992161, 23.1148186 ], [ 72.6970549, 23.1151884 ], [ 72.695346, 23.1159743 ], [ 72.6700393, 23.1266521 ], [ 72.6673503, 23.127253 ], [ 72.6652393, 23.1272761 ], [ 72.6627011, 23.1269756 ], [ 72.6530488, 23.1257644 ], [ 72.6496861, 23.1253571 ] ] } },
{ "type": "Feature", "properties": { "element": "way", "id": 116801113, "waterway": "canal" }, "geometry": { "type": "LineString", "coordinates": [ [ 72.6446433, 23.124718 ], [ 72.637757, 23.123948 ], [ 72.6359224, 23.1240174 ], [ 72.6343141, 23.1244103 ], [ 72.6327143, 23.1250052 ], [ 72.6306715, 23.1258723 ], [ 72.5808279, 23.1487606 ], [ 72.5794765, 23.1495986 ], [ 72.5782194, 23.1506389 ], [ 72.5578546, 23.1690159 ], [ 72.5553927, 23.1710029 ], [ 72.5511512, 23.1743554 ], [ 72.5491493, 23.1759499 ], [ 72.5472008, 23.1769033 ], [ 72.544718, 23.1773655 ], [ 72.5423295, 23.1773944 ], [ 72.5394068, 23.17699 ], [ 72.5038837, 23.171679 ], [ 72.5035852, 23.1716344 ], [ 72.5030769, 23.1715584 ] ] } },
{ "type": "Feature", "properties": { "element": "way", "id": 116801253, "waterway": "canal" }, "geometry": { "type": "LineString", "coordinates": [ [ 72.6496861, 23.1253571 ], [ 72.6446433, 23.124718 ] ] } },
{ "type": "Feature", "properties": { "element": "way", "id": 135070014, "waterway": null }, "geometry": { "type": "Polygon", "coordinates": [ [ [ 72.5672078, 22.909859 ], [ 72.5672078, 22.9098195 ], [ 72.567122, 22.90978 ], [ 72.567122, 22.9096614 ], [ 72.5670147, 22.9095626 ], [ 72.5669932, 22.9095823 ], [ 72.5670362, 22.9097404 ], [ 72.5669718, 22.9097997 ], [ 72.5668645, 22.9096219 ], [ 72.5669503, 22.9095823 ], [ 72.5669503, 22.9094637 ], [ 72.5668645, 22.909187 ], [ 72.5668216, 22.9091475 ], [ 72.5668216, 22.9088708 ], [ 72.5667787, 22.9088312 ], [ 72.5667787, 22.9087127 ], [ 72.5666928, 22.9085941 ], [ 72.5667787, 22.9083569 ], [ 72.5667787, 22.9079616 ], [ 72.5667357, 22.907922 ], [ 72.5667357, 22.907843 ], [ 72.566843, 22.9078232 ], [ 72.5669074, 22.9077639 ], [ 72.5669074, 22.9076849 ], [ 72.5669503, 22.9076453 ], [ 72.5668216, 22.9074477 ], [ 72.5669074, 22.9073686 ], [ 72.5668645, 22.907171 ], [ 72.5666714, 22.9070721 ], [ 72.5665212, 22.90725 ], [ 72.5665641, 22.9075267 ], [ 72.5664353, 22.9077244 ], [ 72.5664783, 22.9078035 ], [ 72.5663924, 22.907843 ], [ 72.5663495, 22.9079616 ], [ 72.5661993, 22.9080999 ], [ 72.565856, 22.9080604 ], [ 72.5656843, 22.908179 ], [ 72.5655985, 22.908179 ], [ 72.5656199, 22.9080406 ], [ 72.5655556, 22.9079813 ], [ 72.5654268, 22.9079418 ], [ 72.5653839, 22.9079813 ], [ 72.5653195, 22.907922 ], [ 72.5654483, 22.9078035 ], [ 72.5654912, 22.9077244 ], [ 72.5655341, 22.9070919 ], [ 72.5657701, 22.9067559 ], [ 72.5660276, 22.9067559 ], [ 72.5661135, 22.9067954 ], [ 72.566328, 22.9070326 ], [ 72.5664568, 22.9071117 ], [ 72.5665855, 22.9070326 ], [ 72.5666285, 22.9070721 ], [ 72.5666499, 22.9070524 ], [ 72.5665212, 22.9068942 ], [ 72.5665212, 22.9067756 ], [ 72.566607, 22.9066175 ], [ 72.5665212, 22.9065385 ], [ 72.5665212, 22.9064594 ], [ 72.5664353, 22.9063803 ], [ 72.5664783, 22.9063013 ], [ 72.5663924, 22.9061827 ], [ 72.5665855, 22.9060839 ], [ 72.5667143, 22.9061629 ], [ 72.5667357, 22.9061036 ], [ 72.5665855, 22.9060048 ], [ 72.566328, 22.9060048 ], [ 72.5661993, 22.9060443 ], [ 72.5660706, 22.9061629 ], [ 72.5659418, 22.9061629 ], [ 72.5655985, 22.9063606 ], [ 72.5655127, 22.9063606 ], [ 72.565341, 22.9064396 ], [ 72.5652981, 22.9065187 ], [ 72.5651693, 22.9065187 ], [ 72.565062, 22.9066571 ], [ 72.565062, 22.9069733 ], [ 72.5652122, 22.9068745 ], [ 72.5652337, 22.9068942 ], [ 72.5652337, 22.9070128 ], [ 72.5652766, 22.9070524 ], [ 72.565105, 22.9072105 ], [ 72.5652337, 22.9073291 ], [ 72.5651479, 22.9074477 ], [ 72.5651479, 22.9077639 ], [ 72.5652337, 22.9078825 ], [ 72.5651908, 22.9079616 ], [ 72.5651908, 22.9081988 ], [ 72.5652981, 22.9082976 ], [ 72.5653195, 22.9081592 ], [ 72.5654268, 22.9081395 ], [ 72.5654483, 22.9082778 ], [ 72.5654912, 22.9083173 ], [ 72.5653839, 22.9084162 ], [ 72.565341, 22.9083371 ], [ 72.5652337, 22.9083964 ], [ 72.5652337, 22.9087127 ], [ 72.5651479, 22.9087917 ], [ 72.5651479, 22.9089894 ], [ 72.565105, 22.9090289 ], [ 72.5651908, 22.9092265 ], [ 72.5651479, 22.9097009 ], [ 72.5651908, 22.90978 ], [ 72.5651479, 22.9098195 ], [ 72.5652337, 22.9099381 ], [ 72.5651479, 22.9100567 ], [ 72.5651908, 22.9100962 ], [ 72.5651908, 22.9101753 ], [ 72.5653839, 22.9102346 ], [ 72.5655127, 22.9103927 ], [ 72.5656414, 22.9103927 ], [ 72.5656843, 22.9104717 ], [ 72.5657916, 22.910531 ], [ 72.5655985, 22.9105113 ], [ 72.5655341, 22.910531 ], [ 72.5657701, 22.9107089 ], [ 72.565856, 22.9106694 ], [ 72.5659847, 22.9106694 ], [ 72.5660706, 22.9107485 ], [ 72.566371, 22.9107485 ], [ 72.5664139, 22.910788 ], [ 72.5664997, 22.910788 ], [ 72.5666928, 22.9106892 ], [ 72.5666928, 22.9106101 ], [ 72.5668001, 22.9104717 ], [ 72.5668216, 22.9106101 ], [ 72.5667787, 22.9106496 ], [ 72.566843, 22.9107089 ], [ 72.5670576, 22.9105903 ], [ 72.5671649, 22.9105706 ], [ 72.5672078, 22.9104125 ], [ 72.5671649, 22.9103334 ], [ 72.5672507, 22.9102939 ], [ 72.5672722, 22.9104322 ], [ 72.5672936, 22.9102939 ], [ 72.5673366, 22.9102543 ], [ 72.5672078, 22.9100962 ], [ 72.5672078, 22.909859 ] ] ] } },
{ "type": "Feature", "properties": { "element": "way", "id": 135070017, "waterway": null }, "geometry": { "type": "Polygon", "coordinates": [ [ [ 72.5004718, 22.9795302 ], [ 72.5002223, 22.9794759 ], [ 72.5000694, 22.9794759 ], [ 72.5000185, 22.9795821 ], [ 72.5000238, 22.9796932 ], [ 72.5001633, 22.9799476 ], [ 72.5001633, 22.9800389 ], [ 72.5002304, 22.980234 ], [ 72.5003457, 22.9803476 ], [ 72.5003645, 22.9804859 ], [ 72.5003189, 22.9806242 ], [ 72.5003189, 22.9807328 ], [ 72.5003913, 22.980797 ], [ 72.5005388, 22.9808143 ], [ 72.5006515, 22.9806982 ], [ 72.5008607, 22.980518 ], [ 72.5010243, 22.9804513 ], [ 72.5012067, 22.9804859 ], [ 72.501263, 22.9805032 ], [ 72.5013381, 22.9805501 ], [ 72.501381, 22.980634 ], [ 72.5015017, 22.9806365 ], [ 72.5015983, 22.9805772 ], [ 72.5016385, 22.9804414 ], [ 72.50166, 22.9803031 ], [ 72.5018531, 22.9803328 ], [ 72.502057, 22.9803229 ], [ 72.502242, 22.9804093 ], [ 72.5024486, 22.9804488 ], [ 72.5025183, 22.9804365 ], [ 72.5024807, 22.9803846 ], [ 72.502462, 22.9803278 ], [ 72.502529, 22.9802192 ], [ 72.5026739, 22.9800735 ], [ 72.5027972, 22.9798858 ], [ 72.5028509, 22.9797426 ], [ 72.5029823, 22.9797056 ], [ 72.503213, 22.9797599 ], [ 72.5033659, 22.9797772 ], [ 72.503441, 22.9797253 ], [ 72.5034195, 22.9796586 ], [ 72.503323, 22.9795599 ], [ 72.5030762, 22.9793919 ], [ 72.5028992, 22.9792759 ], [ 72.5027838, 22.9792833 ], [ 72.5026846, 22.9793327 ], [ 72.5024378, 22.9794833 ], [ 72.5022876, 22.9795944 ], [ 72.5019336, 22.9796216 ], [ 72.5015768, 22.979629 ], [ 72.5011101, 22.9796167 ], [ 72.5007829, 22.9795673 ], [ 72.5004718, 22.9795302 ] ] ] } },
{ "type": "Feature", "properties": { "element": "way", "id": 135070019, "waterway": null }, "geometry": { "type": "Polygon", "coordinates": [ [ [ 72.7024341, 23.0334528 ], [ 72.7025199, 23.0336502 ], [ 72.7025199, 23.0337687 ], [ 72.7026057, 23.0338477 ], [ 72.7026057, 23.0340057 ], [ 72.702713, 23.0342624 ], [ 72.7029276, 23.0340649 ], [ 72.7030563, 23.0340649 ], [ 72.7031422, 23.0341439 ], [ 72.703228, 23.0341439 ], [ 72.7032709, 23.0341834 ], [ 72.7033353, 23.0341242 ], [ 72.7033353, 23.0339267 ], [ 72.7034211, 23.0338477 ], [ 72.7032924, 23.0337292 ], [ 72.7034211, 23.0335318 ], [ 72.7033782, 23.0334133 ], [ 72.7034211, 23.0333738 ], [ 72.7034211, 23.0332553 ], [ 72.7033353, 23.0331368 ], [ 72.7033782, 23.0330183 ], [ 72.7032709, 23.0329196 ], [ 72.7031851, 23.0329196 ], [ 72.7030563, 23.0328406 ], [ 72.702949, 23.0327419 ], [ 72.702949, 23.0325839 ], [ 72.7028418, 23.0324457 ], [ 72.7026701, 23.0324062 ], [ 72.7024341, 23.0327419 ], [ 72.7024341, 23.0328604 ], [ 72.7023053, 23.0329788 ], [ 72.7023482, 23.0332948 ], [ 72.7024341, 23.0334528 ] ] ] } },
{ "type": "Feature", "properties": { "element": "way", "id": 135070027, "waterway": null }, "geometry": { "type": "Polygon", "coordinates": [ [ [ 72.5517583, 22.9123494 ], [ 72.5515652, 22.9122506 ], [ 72.5514364, 22.9122111 ], [ 72.5512648, 22.9122111 ], [ 72.5510931, 22.912132 ], [ 72.5508785, 22.912132 ], [ 72.5508356, 22.9121715 ], [ 72.5505352, 22.9122111 ], [ 72.5502777, 22.9120529 ], [ 72.5501919, 22.9120925 ], [ 72.5499773, 22.9120925 ], [ 72.5498486, 22.9120134 ], [ 72.5497842, 22.9121122 ], [ 72.5499344, 22.9121715 ], [ 72.5499558, 22.9122308 ], [ 72.5498486, 22.9122111 ], [ 72.5497198, 22.9122111 ], [ 72.5492907, 22.9123692 ], [ 72.5491834, 22.912468 ], [ 72.5490117, 22.9127447 ], [ 72.5490117, 22.9128633 ], [ 72.5487542, 22.9132191 ], [ 72.5485826, 22.9133772 ], [ 72.5486255, 22.9134958 ], [ 72.5484538, 22.9136143 ], [ 72.5484753, 22.9136341 ], [ 72.5487757, 22.9137922 ], [ 72.5488615, 22.9137922 ], [ 72.5490332, 22.9139503 ], [ 72.5491619, 22.9139108 ], [ 72.5492907, 22.9139503 ], [ 72.5493765, 22.9140294 ], [ 72.5495911, 22.9140689 ], [ 72.549634, 22.9141085 ], [ 72.5499773, 22.9141085 ], [ 72.550149, 22.9140689 ], [ 72.5501919, 22.9140294 ], [ 72.5504065, 22.9140294 ], [ 72.5504494, 22.9140689 ], [ 72.5509214, 22.9140689 ], [ 72.5509644, 22.9141085 ], [ 72.5510502, 22.9141085 ], [ 72.5511575, 22.9140492 ], [ 72.5512218, 22.9139503 ], [ 72.5514793, 22.9139503 ], [ 72.5517368, 22.9138318 ], [ 72.5519085, 22.9138713 ], [ 72.5519514, 22.9138318 ], [ 72.5522947, 22.9138318 ], [ 72.5523806, 22.9137527 ], [ 72.5525093, 22.9137527 ], [ 72.5527239, 22.9138318 ], [ 72.5526595, 22.9136934 ], [ 72.5526166, 22.9134562 ], [ 72.5524879, 22.91314 ], [ 72.552402, 22.9130214 ], [ 72.552402, 22.9129423 ], [ 72.5523162, 22.9128633 ], [ 72.5523162, 22.9127842 ], [ 72.5519514, 22.9124087 ], [ 72.5519085, 22.9124087 ], [ 72.5517583, 22.9123494 ] ] ] } },
{ "type": "Feature", "properties": { "element": "way", "id": 135070029, "waterway": null }, "geometry": { "type": "Polygon", "coordinates": [ [ [ 72.5289415, 23.0387335 ], [ 72.5290401, 23.0387209 ], [ 72.5291405, 23.0387911 ], [ 72.5293242, 23.0388849 ], [ 72.5294544, 23.0388942 ], [ 72.5295831, 23.0388602 ], [ 72.5296904, 23.0388083 ], [ 72.5297531, 23.0387656 ], [ 72.5297936, 23.0387047 ], [ 72.5297812, 23.0386259 ], [ 72.5298303, 23.0380657 ], [ 72.5297805, 23.0379781 ], [ 72.5296005, 23.0379648 ], [ 72.5295308, 23.0379819 ], [ 72.5294865, 23.0380216 ], [ 72.5294346, 23.0380414 ], [ 72.5293986, 23.0380475 ], [ 72.5293577, 23.0380444 ], [ 72.529283, 23.0380264 ], [ 72.529231, 23.0379907 ], [ 72.5292045, 23.0379206 ], [ 72.5289323, 23.0379258 ], [ 72.5288124, 23.0378932 ], [ 72.5286382, 23.0379 ], [ 72.5284897, 23.0379423 ], [ 72.5282786, 23.0380591 ], [ 72.5282805, 23.0381243 ], [ 72.5282772, 23.0381707 ], [ 72.5282504, 23.0382434 ], [ 72.5282208, 23.0382829 ], [ 72.5281386, 23.0383307 ], [ 72.5280733, 23.0383514 ], [ 72.5280327, 23.0383604 ], [ 72.5279459, 23.0384477 ], [ 72.5279722, 23.0389024 ], [ 72.5280497, 23.0389732 ], [ 72.5283452, 23.0389811 ], [ 72.5286934, 23.0389793 ], [ 72.5287282, 23.0388708 ], [ 72.5288065, 23.0388355 ], [ 72.5288575, 23.0388071 ], [ 72.528871, 23.0387306 ], [ 72.5289415, 23.0387335 ] ] ] } },
{ "type": "Feature", "properties": { "element": "way", "id": 135070035, "waterway": null }, "geometry": { "type": "Polygon", "coordinates": [ [ [ 72.6330193, 23.0266568 ], [ 72.6332621, 23.0268444 ], [ 72.6333369, 23.0270165 ], [ 72.633342, 23.0272033 ], [ 72.6333101, 23.027406 ], [ 72.6331773, 23.0276089 ], [ 72.6328884, 23.027852 ], [ 72.6328868, 23.0288315 ], [ 72.6329901, 23.0289162 ], [ 72.6331119, 23.028933 ], [ 72.6333077, 23.0289226 ], [ 72.6337652, 23.028499 ], [ 72.6340093, 23.0282779 ], [ 72.6343022, 23.0279979 ], [ 72.6344492, 23.0278743 ], [ 72.634542, 23.0277655 ], [ 72.6345849, 23.027647 ], [ 72.6345849, 23.027489 ], [ 72.634542, 23.0274495 ], [ 72.6345015, 23.0264638 ], [ 72.6343569, 23.0263208 ], [ 72.6342177, 23.0261811 ], [ 72.6339841, 23.0260277 ], [ 72.6338149, 23.0258859 ], [ 72.6334386, 23.0254973 ], [ 72.6333036, 23.0254462 ], [ 72.6326079, 23.0254638 ], [ 72.6318322, 23.0254504 ], [ 72.6316237, 23.0256722 ], [ 72.6316237, 23.0257117 ], [ 72.6310873, 23.0262449 ], [ 72.6307802, 23.0265008 ], [ 72.6307963, 23.026975 ], [ 72.6308017, 23.0277696 ], [ 72.6318625, 23.0289246 ], [ 72.63226, 23.0289451 ], [ 72.6322329, 23.0278649 ], [ 72.6319969, 23.0276249 ], [ 72.6318611, 23.0273653 ], [ 72.6318308, 23.0270493 ], [ 72.6319108, 23.0267847 ], [ 72.6321326, 23.0265968 ], [ 72.6324483, 23.0264924 ], [ 72.6327616, 23.0265383 ], [ 72.6330193, 23.0266568 ] ] ] } },
{ "type": "Feature", "properties": { "element": "way", "id": 141607197, "waterway": null }, "geometry": { "type": "Polygon", "coordinates": [ [ [ 72.5858116, 23.1630293 ], [ 72.5855112, 23.163345 ], [ 72.5854254, 23.163345 ], [ 72.585361, 23.1634042 ], [ 72.5854683, 23.1635028 ], [ 72.5855112, 23.1634239 ], [ 72.5855327, 23.1634436 ], [ 72.5854468, 23.163562 ], [ 72.5854468, 23.1636409 ], [ 72.585597, 23.1636212 ], [ 72.5857687, 23.1636606 ], [ 72.5858116, 23.1636212 ], [ 72.5858974, 23.1636212 ], [ 72.5860691, 23.1636606 ], [ 72.586112, 23.1637001 ], [ 72.5862837, 23.1637001 ], [ 72.5864553, 23.1635817 ], [ 72.5864339, 23.1636803 ], [ 72.5864983, 23.1637001 ], [ 72.5865197, 23.1634831 ], [ 72.5866914, 23.1632069 ], [ 72.5866485, 23.1630491 ], [ 72.5864124, 23.1631082 ], [ 72.5863481, 23.1630491 ], [ 72.5863266, 23.162832 ], [ 72.586112, 23.162832 ], [ 72.5860262, 23.1627926 ], [ 72.5858974, 23.162911 ], [ 72.5858116, 23.1630293 ] ] ] } },
{ "type": "Feature", "properties": { "element": "way", "id": 142616342, "waterway": null }, "geometry": { "type": "Polygon", "coordinates": [ [ [ 72.5537781, 22.9925494 ], [ 72.5529989, 22.9916363 ], [ 72.5508617, 22.9902377 ], [ 72.54959, 22.9895097 ], [ 72.5487424, 22.9888875 ], [ 72.5481201, 22.988522 ], [ 72.5476266, 22.9881664 ], [ 72.5475944, 22.9879294 ], [ 72.5472618, 22.9877911 ], [ 72.5472618, 22.987564 ], [ 72.5464572, 22.9868923 ], [ 72.5461675, 22.9865763 ], [ 72.5459529, 22.9862602 ], [ 72.5453736, 22.9857466 ], [ 72.5451268, 22.9852824 ], [ 72.5449337, 22.9847984 ], [ 72.5448157, 22.984433 ], [ 72.5447298, 22.984107 ], [ 72.5447191, 22.9838008 ], [ 72.5447406, 22.9833366 ], [ 72.5448371, 22.9829909 ], [ 72.5447942, 22.9825365 ], [ 72.5444831, 22.982339 ], [ 72.544011, 22.9820427 ], [ 72.5434853, 22.9820032 ], [ 72.5428737, 22.9817167 ], [ 72.5425572, 22.9815068 ], [ 72.5419672, 22.9809735 ], [ 72.5412912, 22.9805389 ], [ 72.5405188, 22.9800648 ], [ 72.5397677, 22.97964 ], [ 72.538727, 22.9794128 ], [ 72.5381799, 22.979077 ], [ 72.5377829, 22.9788004 ], [ 72.5366778, 22.978672 ], [ 72.5360234, 22.9784745 ], [ 72.5353475, 22.9782769 ], [ 72.5349505, 22.9780695 ], [ 72.5343604, 22.9779312 ], [ 72.5338347, 22.9778522 ], [ 72.5333626, 22.9778818 ], [ 72.5325043, 22.9778423 ], [ 72.5313134, 22.977467 ], [ 72.5299294, 22.9770027 ], [ 72.5293822, 22.976815 ], [ 72.5285454, 22.9766175 ], [ 72.528127, 22.9765977 ], [ 72.5276763, 22.976578 ], [ 72.5268717, 22.9763804 ], [ 72.5258954, 22.9758668 ], [ 72.5254018, 22.9752939 ], [ 72.5247366, 22.9749778 ], [ 72.5244041, 22.974958 ], [ 72.5238891, 22.9750272 ], [ 72.521754, 22.9739999 ], [ 72.5208635, 22.9734862 ], [ 72.5203486, 22.9730417 ], [ 72.5199945, 22.9725725 ], [ 72.5189323, 22.9708093 ], [ 72.5178426, 22.9691791 ], [ 72.516332, 22.9675037 ], [ 72.5136112, 22.9651013 ], [ 72.5128558, 22.9645007 ], [ 72.5104955, 22.9629201 ], [ 72.5089646, 22.9609972 ], [ 72.5081422, 22.9609619 ], [ 72.5075773, 22.959996 ], [ 72.506985, 22.9580676 ], [ 72.5067018, 22.956487 ], [ 72.5065988, 22.9548826 ], [ 72.5069421, 22.9531201 ], [ 72.5077146, 22.9512391 ], [ 72.5086416, 22.9493896 ], [ 72.5096629, 22.9478563 ], [ 72.5107616, 22.9465917 ], [ 72.5121005, 22.9455879 ], [ 72.5134738, 22.9448765 ], [ 72.5149844, 22.9445366 ], [ 72.5168212, 22.9443627 ], [ 72.5186151, 22.9445999 ], [ 72.52016, 22.9450504 ], [ 72.5217222, 22.945659 ], [ 72.5229324, 22.9463071 ], [ 72.5243657, 22.9469236 ], [ 72.5267776, 22.9476113 ], [ 72.5284722, 22.947574 ], [ 72.5294903, 22.947765 ], [ 72.5300786, 22.9477205 ], [ 72.5311471, 22.9470906 ], [ 72.5316004, 22.9470082 ], [ 72.5320321, 22.9467415 ], [ 72.5325086, 22.9460176 ], [ 72.532634, 22.9451309 ], [ 72.5327496, 22.943839 ], [ 72.5327864, 22.9420092 ], [ 72.5334537, 22.9410333 ], [ 72.534232, 22.9402426 ], [ 72.5356402, 22.9399591 ], [ 72.5369076, 22.9394564 ], [ 72.5378782, 22.9386203 ], [ 72.5382542, 22.9376534 ], [ 72.5381909, 22.9358139 ], [ 72.5377223, 22.9336776 ], [ 72.5367162, 22.9324351 ], [ 72.5365404, 22.9316184 ], [ 72.53831, 22.9306175 ], [ 72.5405448, 22.9322058 ], [ 72.5420125, 22.9335892 ], [ 72.5432914, 22.9347116 ], [ 72.5447677, 22.9363953 ], [ 72.546244, 22.9378023 ], [ 72.5472224, 22.9388377 ], [ 72.5477632, 22.9400629 ], [ 72.5483125, 22.941288 ], [ 72.5484584, 22.9425685 ], [ 72.5483468, 22.9438253 ], [ 72.5480893, 22.9456195 ], [ 72.5479606, 22.9469948 ], [ 72.5476001, 22.9484965 ], [ 72.5470079, 22.9500614 ], [ 72.5462354, 22.951247 ], [ 72.5443128, 22.9527803 ], [ 72.5400213, 22.9555386 ], [ 72.5384076, 22.9564158 ], [ 72.5376008, 22.9566134 ], [ 72.5367597, 22.9566134 ], [ 72.5361932, 22.9563842 ], [ 72.5355066, 22.9560523 ], [ 72.5351718, 22.9555702 ], [ 72.5346654, 22.9550643 ], [ 72.5330776, 22.9542345 ], [ 72.5302108, 22.952883 ], [ 72.528271, 22.95165 ], [ 72.5276788, 22.9504724 ], [ 72.5268651, 22.9494965 ], [ 72.5249188, 22.9495509 ], [ 72.5254801, 22.9499921 ], [ 72.5245479, 22.9501467 ], [ 72.5220387, 22.9506002 ], [ 72.5206915, 22.9516098 ], [ 72.5193587, 22.9524126 ], [ 72.5186944, 22.9532246 ], [ 72.5181064, 22.9534141 ], [ 72.517348, 22.9541991 ], [ 72.517248, 22.9545456 ], [ 72.5170481, 22.9547134 ], [ 72.5167659, 22.9547947 ], [ 72.5159939, 22.9555513 ], [ 72.5155031, 22.9557363 ], [ 72.5152872, 22.9561836 ], [ 72.5155019, 22.9566191 ], [ 72.5156896, 22.9576285 ], [ 72.5156843, 22.9585496 ], [ 72.5160369, 22.9603924 ], [ 72.5157656, 22.9612887 ], [ 72.5177911, 22.9652988 ], [ 72.5186322, 22.9665317 ], [ 72.5197137, 22.9680806 ], [ 72.5199113, 22.9693264 ], [ 72.5206194, 22.9710551 ], [ 72.5211237, 22.971549 ], [ 72.5226364, 22.9722997 ], [ 72.5241277, 22.9727936 ], [ 72.5259731, 22.9733171 ], [ 72.5274859, 22.9738999 ], [ 72.5286768, 22.9744728 ], [ 72.5295458, 22.9745321 ], [ 72.530608, 22.9746901 ], [ 72.5314126, 22.9750457 ], [ 72.5342021, 22.9762113 ], [ 72.5355325, 22.9769126 ], [ 72.5362084, 22.9771991 ], [ 72.5387619, 22.9782066 ], [ 72.5394271, 22.9782757 ], [ 72.540221, 22.9786708 ], [ 72.5418732, 22.9797475 ], [ 72.5424526, 22.9803895 ], [ 72.5446132, 22.9817752 ], [ 72.5465873, 22.9826997 ], [ 72.5482095, 22.983316 ], [ 72.5490616, 22.9837873 ], [ 72.5496087, 22.9840243 ], [ 72.5500754, 22.9843848 ], [ 72.5501559, 22.9846416 ], [ 72.5502793, 22.9848343 ], [ 72.5506011, 22.985017 ], [ 72.5514112, 22.9854713 ], [ 72.5517008, 22.9856837 ], [ 72.5520925, 22.9858565 ], [ 72.5523231, 22.985896 ], [ 72.5531546, 22.986296 ], [ 72.5543938, 22.9868689 ], [ 72.554721, 22.9872689 ], [ 72.5562089, 22.9871957 ], [ 72.5573254, 22.9881036 ], [ 72.557602, 22.9883154 ], [ 72.5545426, 22.9917077 ], [ 72.5543046, 22.9919721 ], [ 72.5541915, 22.992111 ], [ 72.5540321, 22.9922718 ], [ 72.5537781, 22.9925494 ] ] ] } },
{ "type": "Feature", "properties": { "element": "way", "id": 164775725, "waterway": "river" }, "geometry": { "type": "LineString", "coordinates": [ [ 72.6002426, 23.0830855 ], [ 72.6001402, 23.0808052 ], [ 72.6003596, 23.0770883 ], [ 72.6002293, 23.0753203 ], [ 72.5993714, 23.0724481 ], [ 72.5965556, 23.0682708 ], [ 72.594446, 23.0661913 ], [ 72.5912672, 23.0639703 ], [ 72.5861211, 23.0617298 ], [ 72.5836373, 23.0601954 ], [ 72.5804205, 23.0576468 ], [ 72.5791003, 23.0559738 ], [ 72.5783401, 23.0550106 ], [ 72.5765269, 23.0522444 ], [ 72.5753482, 23.0493832 ], [ 72.5730463, 23.0397276 ], [ 72.5739001, 23.0308018 ], [ 72.5750297, 23.0235913 ], [ 72.5758596, 23.0174243 ], [ 72.5753937, 23.0126617 ], [ 72.5750045, 23.0118557 ], [ 72.5732097, 23.0081389 ], [ 72.5713218, 23.0051399 ], [ 72.5636824, 22.994994 ], [ 72.5619105, 22.9939148 ], [ 72.5588538, 22.9933848 ], [ 72.5557971, 22.9928548 ], [ 72.5543046, 22.9919721 ], [ 72.5528617, 22.9908197 ], [ 72.5491854, 22.9883606 ], [ 72.5455898, 22.9858076 ], [ 72.5450161, 22.9824798 ], [ 72.5420516, 22.9807367 ], [ 72.5381309, 22.9784829 ], [ 72.534172, 22.9776729 ], [ 72.5296584, 22.9764756 ], [ 72.5249152, 22.97475 ], [ 72.5209754, 22.9732357 ], [ 72.5209067, 22.9730514 ], [ 72.5198934, 22.9703321 ], [ 72.5179828, 22.9672532 ], [ 72.5180579, 22.9663443 ], [ 72.5165666, 22.9641217 ], [ 72.5153115, 22.9635722 ], [ 72.5148913, 22.9628372 ], [ 72.5127439, 22.9580207 ], [ 72.5135134, 22.9520072 ], [ 72.5176995, 22.9476266 ], [ 72.5213337, 22.9472716 ], [ 72.5245377, 22.9477108 ], [ 72.5306392, 22.9497055 ], [ 72.5346588, 22.9496041 ], [ 72.5409359, 22.9460547 ], [ 72.5429182, 22.9421503 ], [ 72.5426979, 22.9393107 ], [ 72.5417619, 22.9360653 ], [ 72.5403853, 22.933327 ], [ 72.5360904, 22.9293715 ], [ 72.5320709, 22.9255681 ], [ 72.5266197, 22.9217646 ], [ 72.5231507, 22.9193809 ], [ 72.5203425, 22.9166423 ], [ 72.5174242, 22.9138528 ], [ 72.514561, 22.9106576 ], [ 72.5052554, 22.9050784 ], [ 72.5009054, 22.9017308 ], [ 72.4976567, 22.8988396 ], [ 72.4955093, 22.8937671 ], [ 72.4948486, 22.8888467 ], [ 72.4944081, 22.8825057 ], [ 72.4954475, 22.8795711 ], [ 72.494173, 22.8724624 ], [ 72.4944304, 22.8704467 ], [ 72.4953955, 22.8694092 ], [ 72.4969398, 22.8680753 ], [ 72.497677, 22.8668094 ], [ 72.4975141, 22.8596212 ], [ 72.496807, 22.8545198 ], [ 72.495442, 22.8517107 ], [ 72.4951918, 22.8505997 ], [ 72.4953106, 22.8486408 ], [ 72.495624, 22.8461972 ], [ 72.4944866, 22.8412914 ], [ 72.494987, 22.8389223 ], [ 72.4961916, 22.834453 ], [ 72.4970117, 22.8319826 ], [ 72.4983485, 22.8290822 ], [ 72.5031429, 22.8261137 ], [ 72.515404, 22.8222899 ], [ 72.5241384, 22.8207411 ], [ 72.5331794, 22.8158568 ], [ 72.5354426, 22.8145103 ], [ 72.5367371, 22.8099448 ], [ 72.5371467, 22.8057658 ], [ 72.5361169, 22.8008114 ], [ 72.5340225, 22.7981204 ], [ 72.5302165, 22.7962875 ], [ 72.5273997, 22.795852 ], [ 72.5241384, 22.795083 ], [ 72.5191395, 22.7966541 ], [ 72.5140021, 22.7995678 ], [ 72.5072105, 22.7991153 ], [ 72.5033374, 22.798439 ], [ 72.5010187, 22.7967064 ], [ 72.5003371, 22.7934596 ], [ 72.5011323, 22.7896366 ], [ 72.5030811, 22.7883118 ], [ 72.5127867, 22.7826814 ], [ 72.5174354, 22.7769624 ], [ 72.5231727, 22.7725104 ], [ 72.5279292, 22.769021 ], [ 72.5339657, 22.7647584 ], [ 72.5374876, 22.7601489 ], [ 72.5409527, 22.7545439 ], [ 72.540704, 22.7515093 ], [ 72.5399407, 22.7460786 ], [ 72.5365787, 22.7441191 ], [ 72.5320436, 22.7396901 ], [ 72.5266946, 22.7354748 ], [ 72.5237202, 22.7331205 ], [ 72.5235213, 22.7309858 ], [ 72.525452, 22.7286948 ], [ 72.5289497, 22.7241825 ], [ 72.5307913, 22.7222531 ], [ 72.5362429, 22.7189842 ], [ 72.5418752, 22.7148638 ], [ 72.543909, 22.7124097 ], [ 72.5447377, 22.7104602 ], [ 72.5441576, 22.7081284 ], [ 72.5434303, 22.706951 ], [ 72.5416713, 22.7071345 ], [ 72.5396408, 22.7083578 ], [ 72.5366386, 22.7103612 ], [ 72.5313117, 22.7119128 ], [ 72.5270887, 22.7125978 ], [ 72.525096, 22.71348 ], [ 72.5221835, 22.7133209 ], [ 72.5212008, 22.7123332 ], [ 72.519336, 22.7095046 ], [ 72.5183001, 22.7074786 ], [ 72.5178031, 22.704939 ], [ 72.5175956, 22.7011328 ], [ 72.5190045, 22.6987245 ], [ 72.5203113, 22.6976955 ], [ 72.5238114, 22.6955514 ], [ 72.5292884, 22.6946491 ], [ 72.5357042, 22.6951309 ], [ 72.5417542, 22.6957426 ], [ 72.5466853, 22.6961631 ], [ 72.5494172, 22.6953695 ], [ 72.5509535, 22.6946339 ], [ 72.5517408, 22.693487 ], [ 72.5517096, 22.6903752 ], [ 72.5517408, 22.6887846 ], [ 72.5522635, 22.6864271 ], [ 72.5522802, 22.6859117 ] ] } },
{ "type": "Feature", "properties": { "element": "way", "id": 164775730, "waterway": "river" }, "geometry": { "type": "LineString", "coordinates": [ [ 72.8238331, 23.5099829 ], [ 72.8240615, 23.5069388 ], [ 72.8243652, 23.5028913 ], [ 72.8222145, 23.5007313 ], [ 72.8186128, 23.5000025 ], [ 72.8143174, 23.501501 ], [ 72.8055247, 23.5065213 ], [ 72.8009105, 23.5059999 ], [ 72.7985086, 23.5050048 ], [ 72.7972467, 23.5011643 ], [ 72.7980343, 23.4962658 ], [ 72.8021273, 23.4919815 ], [ 72.8138295, 23.4814218 ], [ 72.817982, 23.4686106 ], [ 72.8129267, 23.4518718 ], [ 72.8110377, 23.4468299 ], [ 72.8102636, 23.4447638 ], [ 72.806271, 23.4394369 ], [ 72.8024231, 23.4349742 ], [ 72.7980066, 23.4319761 ], [ 72.7948242, 23.4290418 ], [ 72.7939242, 23.4255199 ], [ 72.7941145, 23.4214971 ], [ 72.7962808, 23.417236 ], [ 72.7985852, 23.4151047 ], [ 72.8027528, 23.4116623 ], [ 72.8030671, 23.4083944 ], [ 72.8012261, 23.4053574 ], [ 72.7990527, 23.4038606 ], [ 72.791435, 23.404931 ], [ 72.7898437, 23.4066777 ], [ 72.7837043, 23.4104746 ], [ 72.7786236, 23.4145253 ], [ 72.7759522, 23.4159315 ], [ 72.7736782, 23.4160481 ], [ 72.7708239, 23.4149517 ], [ 72.7670185, 23.4117545 ], [ 72.7623936, 23.4076723 ], [ 72.757581, 23.4065758 ], [ 72.7540628, 23.4062102 ], [ 72.7485201, 23.4062102 ], [ 72.7434558, 23.4058965 ], [ 72.7381315, 23.4052025 ], [ 72.7345226, 23.4032932 ], [ 72.7310122, 23.4016082 ], [ 72.72688, 23.3981053 ], [ 72.7242098, 23.3945123 ], [ 72.7233453, 23.3911296 ], [ 72.7233787, 23.3878143 ], [ 72.7260005, 23.3817772 ], [ 72.729982, 23.3789118 ], [ 72.7327879, 23.3767505 ], [ 72.7344562, 23.3744614 ], [ 72.734547, 23.3725004 ], [ 72.7319204, 23.3687032 ], [ 72.7300995, 23.3668487 ], [ 72.7239839, 23.3641149 ], [ 72.7218351, 23.3629335 ], [ 72.720428, 23.3616218 ], [ 72.7199931, 23.3595514 ], [ 72.7196446, 23.3561997 ], [ 72.7197607, 23.353305 ], [ 72.7201756, 23.3511823 ], [ 72.722311, 23.3416244 ], [ 72.7151039, 23.328757 ], [ 72.7053611, 23.3115985 ], [ 72.7017576, 23.2963991 ], [ 72.7016241, 23.281198 ], [ 72.6992218, 23.273842 ], [ 72.6932159, 23.2683247 ], [ 72.6896253, 23.2666641 ], [ 72.6842738, 23.2647691 ], [ 72.6829335, 23.2630878 ], [ 72.6820359, 23.2611227 ], [ 72.6816045, 23.2602388 ], [ 72.6811962, 23.2560827 ], [ 72.6827007, 23.2497855 ], [ 72.6852473, 23.2391579 ], [ 72.6862558, 23.2345431 ], [ 72.6869698, 23.2280984 ], [ 72.6863277, 23.2226555 ], [ 72.6855901, 23.2201211 ], [ 72.6826063, 23.2153575 ], [ 72.6652251, 23.20314 ], [ 72.6602399, 23.1914174 ], [ 72.6580693, 23.1845642 ], [ 72.6587299, 23.1780576 ], [ 72.6599304, 23.1729099 ], [ 72.6631655, 23.168948 ], [ 72.6705266, 23.1623539 ], [ 72.6747734, 23.1576684 ], [ 72.6760487, 23.1548375 ], [ 72.6763863, 23.1503204 ], [ 72.6757269, 23.1467026 ], [ 72.6745846, 23.1446524 ], [ 72.6714802, 23.1426498 ], [ 72.6684504, 23.1420491 ], [ 72.6632598, 23.1430037 ], [ 72.6595444, 23.1435373 ], [ 72.6553325, 23.1431772 ], [ 72.6499571, 23.1406973 ], [ 72.6470814, 23.1376191 ], [ 72.6456133, 23.1339065 ], [ 72.6459641, 23.1306227 ], [ 72.6462284, 23.1281481 ], [ 72.6481302, 23.1191573 ] ] } },
{ "type": "Feature", "properties": { "element": "way", "id": 164775731, "waterway": "canal" }, "geometry": { "type": "LineString", "coordinates": [ [ 72.653199, 23.1251372 ], [ 72.6533042, 23.1245172 ], [ 72.6533458, 23.1225304 ], [ 72.6529454, 23.1213183 ], [ 72.6516562, 23.1202889 ], [ 72.6511103, 23.119853 ], [ 72.6503181, 23.1196681 ], [ 72.6481302, 23.1191573 ] ] } },
{ "type": "Feature", "properties": { "element": "way", "id": 172374564, "waterway": null }, "geometry": { "type": "Polygon", "coordinates": [ [ [ 72.6077006, 23.0440327 ], [ 72.6078897, 23.0441507 ], [ 72.6084709, 23.0441998 ], [ 72.6087507, 23.0440751 ], [ 72.6088733, 23.0438295 ], [ 72.6089216, 23.043637 ], [ 72.6088786, 23.0433902 ], [ 72.6087499, 23.0432273 ], [ 72.6086059, 23.0431273 ], [ 72.6082035, 23.0430385 ], [ 72.6078173, 23.0430879 ], [ 72.6076242, 23.0431866 ], [ 72.6075437, 23.0433742 ], [ 72.6075491, 23.0436555 ], [ 72.6076287, 23.0439233 ], [ 72.6077006, 23.0440327 ] ] ] } },
{ "type": "Feature", "properties": { "element": "way", "id": 172636934, "waterway": null }, "geometry": { "type": "Polygon", "coordinates": [ [ [ 72.6648656, 23.0258848 ], [ 72.6650624, 23.0260017 ], [ 72.6652878, 23.0260513 ], [ 72.6655815, 23.0260077 ], [ 72.6658084, 23.0258548 ], [ 72.6659399, 23.0256524 ], [ 72.6659855, 23.0254672 ], [ 72.665956, 23.0252648 ], [ 72.6658353, 23.0251488 ], [ 72.6656448, 23.025097 ], [ 72.6653712, 23.0250278 ], [ 72.6650521, 23.0250871 ], [ 72.6648616, 23.0252673 ], [ 72.6647356, 23.0255067 ], [ 72.6647597, 23.0257388 ], [ 72.6648656, 23.0258848 ] ] ] } },
{ "type": "Feature", "properties": { "element": "way", "id": 172752849, "waterway": "canal" }, "geometry": { "type": "LineString", "coordinates": [ [ 72.6192268, 22.8910291 ], [ 72.6191972, 22.8917329 ], [ 72.6191149, 22.8937587 ], [ 72.6190987, 22.8943112 ], [ 72.6190555, 22.8947346 ], [ 72.6190041, 22.8950408 ], [ 72.6186257, 22.896962 ], [ 72.6182523, 22.8984437 ], [ 72.6180169, 22.8999562 ], [ 72.6178314, 22.9008034 ], [ 72.6177391, 22.9011332 ], [ 72.617616, 22.9014533 ], [ 72.6175003, 22.9016452 ], [ 72.6171832, 22.9021338 ], [ 72.6167292, 22.9027912 ], [ 72.6161718, 22.9035943 ], [ 72.6158685, 22.9040483 ], [ 72.6130255, 22.9082097 ], [ 72.6100959, 22.9124864 ], [ 72.6097768, 22.9129306 ], [ 72.6096061, 22.9132958 ], [ 72.6095003, 22.9136611 ], [ 72.6094533, 22.913873 ], [ 72.6094428, 22.9140835 ], [ 72.6093221, 22.9173935 ], [ 72.6091397, 22.9230655 ], [ 72.6089131, 22.9309742 ], [ 72.6088728, 22.9315878 ] ] } },
{ "type": "Feature", "properties": { "element": "way", "id": 172753078, "waterway": "canal" }, "geometry": { "type": "LineString", "coordinates": [ [ 72.6068583, 22.9493935 ], [ 72.6067911, 22.9493732 ] ] } },
{ "type": "Feature", "properties": { "element": "way", "id": 172772866, "waterway": null }, "geometry": { "type": "Polygon", "coordinates": [ [ [ 72.660095, 22.9809628 ], [ 72.6604544, 22.9812804 ], [ 72.6607736, 22.981271 ], [ 72.6608836, 22.9812014 ], [ 72.6610847, 22.9812216 ], [ 72.6612913, 22.981152 ], [ 72.6618894, 22.9809451 ], [ 72.6619779, 22.980747 ], [ 72.6619538, 22.9805203 ], [ 72.6620315, 22.9803223 ], [ 72.6620825, 22.9801647 ], [ 72.6620718, 22.9798388 ], [ 72.6620396, 22.9795425 ], [ 72.6620396, 22.9793943 ], [ 72.6621496, 22.9792654 ], [ 72.662289, 22.9792456 ], [ 72.6623534, 22.9791271 ], [ 72.6624607, 22.9788505 ], [ 72.6623722, 22.9787226 ], [ 72.662053, 22.9787221 ], [ 72.661707, 22.9791572 ], [ 72.6613744, 22.9794832 ], [ 72.6608836, 22.9796605 ], [ 72.6601942, 22.9800462 ], [ 72.6601969, 22.9801741 ], [ 72.6603552, 22.9801647 ], [ 72.6603578, 22.9802927 ], [ 72.6601084, 22.9804808 ], [ 72.6601728, 22.9806092 ], [ 72.6598295, 22.9809549 ], [ 72.660095, 22.9809628 ] ] ] } },
{ "type": "Feature", "properties": { "element": "way", "id": 172773047, "waterway": null }, "geometry": { "type": "Polygon", "coordinates": [ [ [ 72.6404639, 22.9871578 ], [ 72.6409896, 22.9876714 ], [ 72.6409279, 22.9880758 ], [ 72.6409494, 22.9884511 ], [ 72.6411747, 22.9887672 ], [ 72.6413437, 22.9887578 ], [ 72.6415046, 22.9885306 ], [ 72.6416441, 22.9884022 ], [ 72.6418801, 22.987859 ], [ 72.6418157, 22.9877504 ], [ 72.6419016, 22.987543 ], [ 72.6420089, 22.9875528 ], [ 72.6421617, 22.9873449 ], [ 72.6420974, 22.987019 ], [ 72.6420089, 22.9868121 ], [ 72.6418399, 22.9865251 ], [ 72.6415153, 22.9862293 ], [ 72.6412176, 22.9861893 ], [ 72.6407858, 22.9862491 ], [ 72.6405283, 22.986575 ], [ 72.6404559, 22.9870091 ], [ 72.6404639, 22.9871578 ] ] ] } },
{ "type": "Feature", "properties": { "element": "way", "id": 172773096, "waterway": null }, "geometry": { "type": "Polygon", "coordinates": [ [ [ 72.6289406, 22.9928857 ], [ 72.6289835, 22.9924907 ], [ 72.6289835, 22.9920166 ], [ 72.6290908, 22.9919376 ], [ 72.6294556, 22.9918981 ], [ 72.6298021, 22.9920462 ], [ 72.6298633, 22.9924117 ], [ 72.6296487, 22.9928462 ], [ 72.6289406, 22.9928857 ] ] ] } },
{ "type": "Feature", "properties": { "element": "way", "id": 174744590, "waterway": null }, "geometry": { "type": "Polygon", "coordinates": [ [ [ 72.4819206, 23.0302577 ], [ 72.4819955, 23.0303171 ], [ 72.4821162, 23.0303344 ], [ 72.4822181, 23.0302924 ], [ 72.4822854, 23.0302034 ], [ 72.4822586, 23.0300973 ], [ 72.4821484, 23.0300283 ], [ 72.4820494, 23.0300306 ], [ 72.4819823, 23.0300874 ], [ 72.4819096, 23.0302011 ], [ 72.4819206, 23.0302577 ] ] ] } },
{ "type": "Feature", "properties": { "element": "way", "id": 174746368, "waterway": null }, "geometry": { "type": "Polygon", "coordinates": [ [ [ 72.5083975, 23.0513077 ], [ 72.5084619, 23.0513882 ], [ 72.5085396, 23.0514361 ], [ 72.5085571, 23.0515398 ], [ 72.5086174, 23.0516029 ], [ 72.5086188, 23.0516607 ], [ 72.5086845, 23.0516757 ], [ 72.5088146, 23.0516115 ], [ 72.5089299, 23.0515965 ], [ 72.5090264, 23.0516459 ], [ 72.5092652, 23.0517335 ], [ 72.5093846, 23.0516939 ], [ 72.5094502, 23.0516088 ], [ 72.5094328, 23.0515104 ], [ 72.5094382, 23.0514114 ], [ 72.5093416, 23.0513524 ], [ 72.5092611, 23.0512487 ], [ 72.5091485, 23.0511152 ], [ 72.5090989, 23.051072 ], [ 72.5089862, 23.0508943 ], [ 72.5089218, 23.0508415 ], [ 72.5088548, 23.0507956 ], [ 72.5087757, 23.0507808 ], [ 72.5087449, 23.0508662 ], [ 72.5086362, 23.0509264 ], [ 72.5085155, 23.0509536 ], [ 72.5085209, 23.0510523 ], [ 72.5085463, 23.0511263 ], [ 72.508486, 23.0511759 ], [ 72.5083653, 23.0512191 ], [ 72.5083975, 23.0513077 ] ] ] } },
{ "type": "Feature", "properties": { "element": "way", "id": 174746375, "waterway": null }, "geometry": { "type": "Polygon", "coordinates": [ [ [ 72.511273, 23.0513749 ], [ 72.5112699, 23.0514555 ], [ 72.5112803, 23.0515153 ], [ 72.5113888, 23.0516447 ], [ 72.5114713, 23.0517051 ], [ 72.5115008, 23.0517706 ], [ 72.5115515, 23.0518564 ], [ 72.5116644, 23.0518704 ], [ 72.511761, 23.0518507 ], [ 72.5119809, 23.0518065 ], [ 72.5120399, 23.0518361 ], [ 72.5121097, 23.0518115 ], [ 72.5122438, 23.0517917 ], [ 72.512292, 23.051752 ], [ 72.5123725, 23.0518016 ], [ 72.5124362, 23.0519121 ], [ 72.5123781, 23.0519947 ], [ 72.5125045, 23.0520016 ], [ 72.5125227, 23.0519544 ], [ 72.51263, 23.051925 ], [ 72.5127051, 23.0518359 ], [ 72.5127695, 23.0517618 ], [ 72.5128929, 23.0516878 ], [ 72.5128962, 23.0515905 ], [ 72.5128566, 23.0514857 ], [ 72.512794, 23.0513753 ], [ 72.5126461, 23.0511646 ], [ 72.5125432, 23.0510095 ], [ 72.5123962, 23.0507822 ], [ 72.5122706, 23.050533 ], [ 72.5121634, 23.0504502 ], [ 72.5119792, 23.0504058 ], [ 72.5117524, 23.0504112 ], [ 72.5115522, 23.0504427 ], [ 72.5114284, 23.0504883 ], [ 72.511353, 23.0507149 ], [ 72.5112701, 23.0509649 ], [ 72.5112493, 23.0511661 ], [ 72.5112699, 23.0512928 ], [ 72.511273, 23.0513749 ] ] ] } },
{ "type": "Feature", "properties": { "element": "way", "id": 174746386, "waterway": null }, "geometry": { "type": "Polygon", "coordinates": [ [ [ 72.5104344, 23.0519832 ], [ 72.5104988, 23.0520304 ], [ 72.5105173, 23.0520323 ], [ 72.5105543, 23.0520267 ], [ 72.5106047, 23.0520159 ], [ 72.5106666, 23.0520731 ], [ 72.5106899, 23.0520959 ], [ 72.5107306, 23.052106 ], [ 72.510817, 23.052116 ], [ 72.510873, 23.0521314 ], [ 72.5109115, 23.052112 ], [ 72.5109122, 23.0520796 ], [ 72.5109443, 23.052047 ], [ 72.510977, 23.0520314 ], [ 72.5109898, 23.0519631 ], [ 72.5110028, 23.0518854 ], [ 72.5110006, 23.0518517 ], [ 72.5109873, 23.0518281 ], [ 72.510939, 23.051777 ], [ 72.5108922, 23.0517217 ], [ 72.5108153, 23.051691 ], [ 72.5107989, 23.0516796 ], [ 72.5107753, 23.0516768 ], [ 72.5107218, 23.05169 ], [ 72.5106718, 23.0517003 ], [ 72.5106026, 23.0516938 ], [ 72.5105652, 23.0517139 ], [ 72.5104834, 23.0517345 ], [ 72.5104188, 23.0517526 ], [ 72.5103642, 23.0518035 ], [ 72.5103375, 23.0518545 ], [ 72.5103765, 23.0519141 ], [ 72.5104344, 23.0519832 ] ] ] } },
{ "type": "Feature", "properties": { "element": "way", "id": 174746387, "waterway": null }, "geometry": { "type": "Polygon", "coordinates": [ [ [ 72.5111977, 23.0528774 ], [ 72.5113157, 23.052927 ], [ 72.5113372, 23.0529959 ], [ 72.5114668, 23.0530162 ], [ 72.5115761, 23.053066 ], [ 72.5115571, 23.0529268 ], [ 72.5115625, 23.0527787 ], [ 72.5114606, 23.0526602 ], [ 72.511411, 23.0525747 ], [ 72.5112406, 23.0525566 ], [ 72.5111816, 23.0526997 ], [ 72.5111977, 23.0528774 ] ] ] } },
{ "type": "Feature", "properties": { "element": "way", "id": 176322582, "waterway": null }, "geometry": { "type": "Polygon", "coordinates": [ [ [ 72.4388345, 22.9829352 ], [ 72.4390431, 22.9830641 ], [ 72.4391844, 22.983196 ], [ 72.4393597, 22.9831714 ], [ 72.4393593, 22.9830733 ], [ 72.439226, 22.9828048 ], [ 72.4391761, 22.9826054 ], [ 72.439276, 22.9823216 ], [ 72.4394177, 22.9821222 ], [ 72.4394593, 22.9818921 ], [ 72.4395093, 22.981685 ], [ 72.4397093, 22.9812632 ], [ 72.4396759, 22.9811558 ], [ 72.4393177, 22.9811098 ], [ 72.4389677, 22.9811635 ], [ 72.4387096, 22.9813936 ], [ 72.4386016, 22.9816681 ], [ 72.4384929, 22.9820455 ], [ 72.4385096, 22.9822909 ], [ 72.4386349, 22.9826499 ], [ 72.4388345, 22.9829352 ] ] ] } },
{ "type": "Feature", "properties": { "element": "way", "id": 176322583, "waterway": null }, "geometry": { "type": "Polygon", "coordinates": [ [ [ 72.468673, 22.9676704 ], [ 72.4684189, 22.9677315 ], [ 72.4681985, 22.967863 ], [ 72.4680342, 22.9680516 ], [ 72.4679427, 22.9682783 ], [ 72.4679333, 22.96852 ], [ 72.4680068, 22.9687521 ], [ 72.4681691, 22.9689635 ], [ 72.468399, 22.9691124 ], [ 72.46867, 22.9691815 ], [ 72.4689503, 22.9691627 ], [ 72.4692076, 22.9690584 ], [ 72.4694118, 22.9688805 ], [ 72.4695392, 22.9686498 ], [ 72.469575, 22.968393 ], [ 72.4695151, 22.9681401 ], [ 72.4693787, 22.9679335 ], [ 72.4691786, 22.9677769 ], [ 72.4689351, 22.9676861 ], [ 72.468673, 22.9676704 ] ] ] } },
{ "type": "Feature", "properties": { "element": "way", "id": 176324985, "waterway": null }, "geometry": { "type": "Polygon", "coordinates": [ [ [ 72.4259124, 22.9512619 ], [ 72.4260061, 22.9513669 ], [ 72.4263172, 22.9512977 ], [ 72.4266283, 22.9512977 ], [ 72.4268858, 22.9514558 ], [ 72.4271648, 22.9514459 ], [ 72.427315, 22.9516633 ], [ 72.4273794, 22.9517522 ], [ 72.4276047, 22.9516929 ], [ 72.4282941, 22.9515395 ], [ 72.4279686, 22.9513764 ], [ 72.4277436, 22.9512409 ], [ 72.4277641, 22.95121 ], [ 72.4278953, 22.951171 ], [ 72.4280352, 22.951132 ], [ 72.4281264, 22.9511876 ], [ 72.4281835, 22.9512903 ], [ 72.428448, 22.9515624 ], [ 72.4286192, 22.9515089 ], [ 72.4285864, 22.9511032 ], [ 72.428546, 22.9507582 ], [ 72.4284756, 22.9504652 ], [ 72.4284603, 22.9502847 ], [ 72.4284699, 22.9500543 ], [ 72.4284627, 22.9498306 ], [ 72.4280655, 22.9499269 ], [ 72.4277119, 22.9501122 ], [ 72.4274003, 22.9501838 ], [ 72.4270248, 22.9501739 ], [ 72.4268531, 22.9501344 ], [ 72.4266385, 22.950164 ], [ 72.4258875, 22.950332 ], [ 72.4256837, 22.9504802 ], [ 72.4256306, 22.9506457 ], [ 72.4257266, 22.950984 ], [ 72.4258344, 22.9512187 ], [ 72.4259124, 22.9512619 ] ] ] } },
{ "type": "Feature", "properties": { "element": "way", "id": 177102390, "waterway": null }, "geometry": { "type": "Polygon", "coordinates": [ [ [ 72.6008908, 22.9784216 ], [ 72.6009949, 22.9784981 ], [ 72.6011698, 22.9784018 ], [ 72.6013151, 22.9785599 ], [ 72.6012668, 22.9786734 ], [ 72.6013151, 22.9788117 ], [ 72.601519, 22.9789747 ], [ 72.6018462, 22.9791673 ], [ 72.6019691, 22.979271 ], [ 72.6020012, 22.9794044 ], [ 72.602034, 22.9795674 ], [ 72.6021353, 22.9794982 ], [ 72.6022432, 22.9794735 ], [ 72.602366, 22.9794982 ], [ 72.6023553, 22.9792858 ], [ 72.602565, 22.9790587 ], [ 72.6029239, 22.9787772 ], [ 72.6029507, 22.9785845 ], [ 72.6030425, 22.9783524 ], [ 72.603117, 22.9782141 ], [ 72.6027576, 22.9776808 ], [ 72.602484, 22.9776067 ], [ 72.6018939, 22.9776067 ], [ 72.6015721, 22.9776906 ], [ 72.6012883, 22.977903 ], [ 72.6009825, 22.9782191 ], [ 72.6008908, 22.9784216 ] ] ] } },
{ "type": "Feature", "properties": { "element": "way", "id": 177104260, "waterway": null }, "geometry": { "type": "Polygon", "coordinates": [ [ [ 72.5770406, 22.9778783 ], [ 72.5772946, 22.9779043 ], [ 72.5776414, 22.97774 ], [ 72.5775824, 22.9775869 ], [ 72.5776146, 22.977419 ], [ 72.5775985, 22.9770436 ], [ 72.5775877, 22.976872 ], [ 72.5775193, 22.9767757 ], [ 72.5772338, 22.9767893 ], [ 72.577168, 22.9767559 ], [ 72.5770648, 22.976814 ], [ 72.5769373, 22.976993 ], [ 72.5768212, 22.9771215 ], [ 72.5768829, 22.9772807 ], [ 72.5769701, 22.9775697 ], [ 72.5770985, 22.9776856 ], [ 72.5770406, 22.9778783 ] ] ] } },
{ "type": "Feature", "properties": { "element": "way", "id": 177263850, "waterway": null }, "geometry": { "type": "Polygon", "coordinates": [ [ [ 72.5008843, 22.996828 ], [ 72.5007112, 22.9968546 ], [ 72.5005513, 22.9968344 ], [ 72.500294, 22.9967025 ], [ 72.4999576, 22.9963526 ], [ 72.4997917, 22.9964381 ], [ 72.4997318, 22.9963346 ], [ 72.4999406, 22.9961768 ], [ 72.5001623, 22.9960732 ], [ 72.5003052, 22.9959712 ], [ 72.5004647, 22.9958958 ], [ 72.5006149, 22.9958374 ], [ 72.5009288, 22.9956762 ], [ 72.5012506, 22.9954753 ], [ 72.5015343, 22.9954048 ], [ 72.5017265, 22.9951419 ], [ 72.5018273, 22.9949627 ], [ 72.502041, 22.9948791 ], [ 72.5021738, 22.9947947 ], [ 72.5022828, 22.9946545 ], [ 72.5024139, 22.9945207 ], [ 72.5024526, 22.9943841 ], [ 72.5024691, 22.9942859 ], [ 72.5025274, 22.9939765 ], [ 72.5025572, 22.9938549 ], [ 72.5024083, 22.9938162 ], [ 72.5023851, 22.9937171 ], [ 72.5023875, 22.9935783 ], [ 72.502438, 22.9934952 ], [ 72.5026202, 22.9934778 ], [ 72.5029622, 22.9934597 ], [ 72.503677, 22.993425 ], [ 72.5039542, 22.9934208 ], [ 72.5041815, 22.9934796 ], [ 72.5043669, 22.9933539 ], [ 72.5044418, 22.9936916 ], [ 72.504437, 22.9938667 ], [ 72.5042229, 22.994031 ], [ 72.5042713, 22.9940777 ], [ 72.5042799, 22.9941717 ], [ 72.5043177, 22.994347 ], [ 72.5044434, 22.9944338 ], [ 72.5044688, 22.9945741 ], [ 72.5045309, 22.9946778 ], [ 72.5045422, 22.9948304 ], [ 72.5046068, 22.9950377 ], [ 72.504624, 22.9951404 ], [ 72.5046185, 22.9953643 ], [ 72.50462, 22.9956225 ], [ 72.5045638, 22.9958358 ], [ 72.504453, 22.9958974 ], [ 72.5041728, 22.9959449 ], [ 72.5037901, 22.995985 ], [ 72.5035895, 22.9960173 ], [ 72.5033269, 22.9960701 ], [ 72.5029598, 22.9961729 ], [ 72.5026229, 22.9962537 ], [ 72.5023289, 22.9963283 ], [ 72.5020176, 22.9964167 ], [ 72.5017814, 22.9964759 ], [ 72.5015395, 22.9965491 ], [ 72.5013129, 22.9966468 ], [ 72.5011464, 22.9967208 ], [ 72.5010033, 22.9967859 ], [ 72.5008843, 22.996828 ] ] ] } },
{ "type": "Feature", "properties": { "element": "way", "id": 178456865, "waterway": null }, "geometry": { "type": "Polygon", "coordinates": [ [ [ 72.4299005, 22.9765895 ], [ 72.4291409, 22.976486 ], [ 72.4290179, 22.976012 ], [ 72.4290116, 22.9757194 ], [ 72.4290651, 22.9755359 ], [ 72.4291399, 22.9753298 ], [ 72.4292382, 22.9751093 ], [ 72.429644, 22.974833 ], [ 72.4299593, 22.9746333 ], [ 72.4302768, 22.974524 ], [ 72.4305016, 22.9745252 ], [ 72.4306027, 22.9743948 ], [ 72.4308993, 22.9747081 ], [ 72.4309946, 22.9750398 ], [ 72.4307827, 22.9753206 ], [ 72.4310084, 22.9755532 ], [ 72.430768, 22.9757549 ], [ 72.430729, 22.9758399 ], [ 72.4305229, 22.9759808 ], [ 72.4305877, 22.9762918 ], [ 72.4300829, 22.9765994 ], [ 72.4299005, 22.9765895 ] ] ] } },
{ "type": "Feature", "properties": { "element": "way", "id": 178458878, "waterway": null }, "geometry": { "type": "Polygon", "coordinates": [ [ [ 72.4213876, 22.9704724 ], [ 72.4218958, 22.9704903 ], [ 72.4220736, 22.9700055 ], [ 72.4225068, 22.9698625 ], [ 72.4227911, 22.9698477 ], [ 72.423007, 22.9697686 ], [ 72.4232109, 22.9696155 ], [ 72.4232913, 22.9694723 ], [ 72.4233509, 22.9692868 ], [ 72.4232305, 22.9691491 ], [ 72.4228346, 22.9688659 ], [ 72.4226047, 22.968682 ], [ 72.4224384, 22.9686332 ], [ 72.4222178, 22.9686063 ], [ 72.4221213, 22.9686914 ], [ 72.4217419, 22.9687247 ], [ 72.4216342, 22.968623 ], [ 72.4212557, 22.9688666 ], [ 72.4213041, 22.9690559 ], [ 72.4214892, 22.969458 ], [ 72.4215939, 22.9697169 ], [ 72.4214455, 22.9698995 ], [ 72.4213876, 22.9704724 ] ] ] } },
{ "type": "Feature", "properties": { "element": "way", "id": 180663393, "waterway": null }, "geometry": { "type": "Polygon", "coordinates": [ [ [ 72.5409921, 23.049294 ], [ 72.5410242, 23.0493977 ], [ 72.5411101, 23.0495013 ], [ 72.5411744, 23.0495704 ], [ 72.5413139, 23.0496297 ], [ 72.5419517, 23.0498691 ], [ 72.5421079, 23.0499308 ], [ 72.5422044, 23.0500344 ], [ 72.5423219, 23.050106 ], [ 72.542456, 23.0501109 ], [ 72.5425585, 23.0500443 ], [ 72.5425915, 23.0499838 ], [ 72.5425215, 23.0493577 ], [ 72.5426129, 23.0493709 ], [ 72.5426445, 23.0497132 ], [ 72.5427006, 23.0495684 ], [ 72.543207, 23.0495692 ], [ 72.5433143, 23.0495285 ], [ 72.543336, 23.0494322 ], [ 72.5433626, 23.0492323 ], [ 72.5432771, 23.0491225 ], [ 72.5429565, 23.0490805 ], [ 72.5425826, 23.049004 ], [ 72.5423171, 23.0490571 ], [ 72.5421186, 23.0490521 ], [ 72.541904, 23.0489682 ], [ 72.5415875, 23.0488399 ], [ 72.541507, 23.0487806 ], [ 72.5414158, 23.0487411 ], [ 72.5412066, 23.048756 ], [ 72.5410934, 23.0488275 ], [ 72.5410296, 23.0489534 ], [ 72.5409921, 23.0491854 ], [ 72.5409921, 23.049294 ] ] ] } },
{ "type": "Feature", "properties": { "element": "way", "id": 185336015, "waterway": "river" }, "geometry": { "type": "LineString", "coordinates": [ [ 73.0590043, 23.5911535 ], [ 73.0586561, 23.5911924 ], [ 73.0584522, 23.5911613 ], [ 73.0582526, 23.5911068 ], [ 73.0580615, 23.5909862 ], [ 73.0578746, 23.590667 ], [ 73.0577897, 23.5905074 ], [ 73.0577812, 23.5903128 ], [ 73.0578321, 23.5901299 ], [ 73.0578576, 23.5899547 ], [ 73.0579638, 23.5898302 ], [ 73.0582229, 23.5896356 ], [ 73.0584352, 23.5894604 ], [ 73.0586901, 23.5892347 ], [ 73.0591912, 23.5883317 ], [ 73.0593653, 23.588032 ], [ 73.0593653, 23.587853 ], [ 73.0592507, 23.5876895 ], [ 73.0590341, 23.5875065 ], [ 73.0588599, 23.5873314 ], [ 73.0586858, 23.5871991 ], [ 73.0579553, 23.5869071 ], [ 73.0573389, 23.5866608 ], [ 73.0570974, 23.5864634 ], [ 73.0570125, 23.5863428 ], [ 73.0570033, 23.5861721 ], [ 73.0570507, 23.5859808 ], [ 73.0570762, 23.5857161 ], [ 73.0570592, 23.5850622 ], [ 73.0570523, 23.5847972 ], [ 73.0568893, 23.5844355 ], [ 73.0566769, 23.5841981 ], [ 73.0564136, 23.5839037 ], [ 73.0560866, 23.5836065 ], [ 73.0558105, 23.5834819 ], [ 73.0555907, 23.5833827 ], [ 73.0553986, 23.5832445 ], [ 73.0551183, 23.5831316 ], [ 73.0548337, 23.5831238 ], [ 73.0545916, 23.5830927 ], [ 73.0543623, 23.5831355 ], [ 73.0539291, 23.5832912 ], [ 73.0537255, 23.583525 ], [ 73.0536704, 23.5838595 ], [ 73.0535214, 23.5842643 ], [ 73.0533345, 23.584564 ], [ 73.0526178, 23.5849471 ], [ 73.0514658, 23.585288 ], [ 73.0509901, 23.5853269 ], [ 73.0506797, 23.5850891 ], [ 73.0505654, 23.5849221 ], [ 73.0505399, 23.584743 ], [ 73.0504998, 23.5844615 ], [ 73.050421, 23.5842604 ], [ 73.0502171, 23.5840113 ], [ 73.0499878, 23.5838478 ], [ 73.0493592, 23.5835364 ], [ 73.0492171, 23.5830998 ], [ 73.0491081, 23.5827647 ], [ 73.048946, 23.5822667 ], [ 73.0487221, 23.5819483 ], [ 73.0484808, 23.5816051 ], [ 73.0483654, 23.5812321 ], [ 73.0478473, 23.5803913 ], [ 73.0470093, 23.5799382 ], [ 73.0462419, 23.5793871 ], [ 73.0459361, 23.5792547 ], [ 73.0458426, 23.5792547 ], [ 73.0457113, 23.5793242 ], [ 73.0454519, 23.5795506 ], [ 73.0449677, 23.5797452 ], [ 73.0442117, 23.5799787 ], [ 73.0436511, 23.5800722 ], [ 73.0433793, 23.5799398 ], [ 73.043116, 23.5796985 ], [ 73.042755, 23.5793676 ], [ 73.0426233, 23.5790523 ], [ 73.0425129, 23.5786942 ], [ 73.0423634, 23.5782095 ], [ 73.0422921, 23.5776277 ], [ 73.0421731, 23.5773708 ], [ 73.0418528, 23.5772521 ], [ 73.0412982, 23.5771761 ], [ 73.0407666, 23.5767886 ], [ 73.0402874, 23.575985 ], [ 73.0403004, 23.5754787 ], [ 73.0403554, 23.5750352 ], [ 73.0403469, 23.5746615 ], [ 73.0402025, 23.5742723 ], [ 73.0400156, 23.5738908 ], [ 73.0391105, 23.573292 ], [ 73.0386888, 23.5732526 ], [ 73.0384527, 23.573268 ], [ 73.0377902, 23.573447 ], [ 73.037357, 23.5733925 ], [ 73.0370886, 23.5732016 ], [ 73.0370399, 23.5728479 ], [ 73.0371786, 23.5724194 ], [ 73.0373739, 23.5720535 ], [ 73.0374504, 23.5716253 ], [ 73.0372331, 23.5710984 ], [ 73.0367361, 23.5707256 ], [ 73.0364502, 23.5700323 ], [ 73.0362867, 23.5690794 ], [ 73.0363377, 23.5683943 ], [ 73.0363207, 23.5679193 ], [ 73.036601, 23.5671641 ], [ 73.0368983, 23.5667748 ], [ 73.0365738, 23.5650893 ], [ 73.0365415, 23.5644313 ], [ 73.0361501, 23.5642451 ], [ 73.035918, 23.5643125 ], [ 73.0356763, 23.5645549 ], [ 73.0347946, 23.5648108 ], [ 73.0344095, 23.5649997 ], [ 73.0339157, 23.5649851 ], [ 73.0334632, 23.5647274 ], [ 73.0330844, 23.5642445 ], [ 73.0324728, 23.5638318 ], [ 73.0319526, 23.5637787 ], [ 73.0311406, 23.5636958 ], [ 73.0305446, 23.5634815 ], [ 73.0304394, 23.5632604 ], [ 73.0304427, 23.5630299 ], [ 73.030883, 23.5623517 ], [ 73.0311602, 23.5622095 ], [ 73.0317676, 23.5618978 ], [ 73.0319472, 23.5616212 ], [ 73.0319512, 23.5613403 ], [ 73.0317423, 23.5610912 ], [ 73.0314929, 23.5609967 ], [ 73.0309711, 23.5607991 ], [ 73.0306466, 23.5605461 ], [ 73.0300421, 23.560075 ], [ 73.0299289, 23.5597839 ], [ 73.0299331, 23.5595417 ], [ 73.0301709, 23.5592848 ], [ 73.0304427, 23.5589188 ], [ 73.0305871, 23.5586463 ], [ 73.0305484, 23.55815 ], [ 73.0304087, 23.5576108 ], [ 73.0302049, 23.5561314 ], [ 73.0303153, 23.5548232 ], [ 73.0298966, 23.5540213 ], [ 73.0283701, 23.5541458 ], [ 73.0278713, 23.5539334 ], [ 73.0276991, 23.5536008 ], [ 73.0260257, 23.5515607 ], [ 73.0249215, 23.5496062 ], [ 73.0245478, 23.5484927 ], [ 73.0239883, 23.546826 ], [ 73.0235771, 23.5456009 ], [ 73.0223817, 23.5433222 ], [ 73.0217022, 23.5426292 ], [ 73.0210736, 23.5423488 ], [ 73.0204875, 23.5421931 ], [ 73.0194428, 23.5417181 ], [ 73.0188567, 23.5407291 ], [ 73.0186103, 23.5397557 ], [ 73.017591, 23.5375596 ], [ 73.0170049, 23.536851 ], [ 73.0151192, 23.5350053 ], [ 73.0142443, 23.5342889 ], [ 73.0135563, 23.5332064 ], [ 73.0132335, 23.5322329 ], [ 73.0128173, 23.531384 ], [ 73.0121038, 23.5305196 ], [ 73.0118332, 23.5301917 ], [ 73.0115177, 23.5301224 ], [ 73.0109443, 23.5302784 ], [ 73.0101404, 23.5304972 ], [ 73.0092815, 23.5307309 ], [ 73.0089015, 23.5306909 ], [ 73.0084088, 23.5304651 ], [ 73.0082797, 23.53011 ], [ 73.0081625, 23.5297875 ], [ 73.0081115, 23.5293436 ], [ 73.0082475, 23.528853 ], [ 73.0083854, 23.528355 ], [ 73.008944, 23.5276458 ], [ 73.0094706, 23.5271085 ], [ 73.0095046, 23.5266022 ], [ 73.0085337, 23.5265475 ], [ 73.0073301, 23.5266022 ], [ 73.0067505, 23.5266286 ], [ 73.0056567, 23.5264854 ], [ 73.0048453, 23.5259015 ], [ 73.004561, 23.5254808 ], [ 73.0044506, 23.5251381 ], [ 73.0044591, 23.5247798 ], [ 73.0045015, 23.5245228 ], [ 73.0046289, 23.5242502 ], [ 73.0050343, 23.5239721 ], [ 73.0053255, 23.5238998 ], [ 73.006022, 23.5236272 ], [ 73.0062853, 23.5234013 ], [ 73.0066845, 23.5228873 ], [ 73.0068119, 23.5223265 ], [ 73.0067525, 23.5219371 ], [ 73.0065996, 23.5214776 ], [ 73.0051453, 23.5202326 ], [ 73.0040428, 23.5187984 ], [ 73.0033973, 23.5182376 ], [ 73.003032, 23.5177469 ], [ 73.0029953, 23.5173008 ], [ 73.0029679, 23.5169672 ], [ 73.0031, 23.5160723 ], [ 73.002626, 23.5157363 ], [ 73.0020807, 23.5152467 ], [ 73.0017069, 23.5150053 ], [ 73.0013092, 23.5147483 ], [ 73.0011888, 23.51439 ], [ 73.0011208, 23.513502 ], [ 73.0011888, 23.5130814 ], [ 73.0013513, 23.5128937 ], [ 73.0021991, 23.5125863 ], [ 73.0028872, 23.5123368 ], [ 73.0031487, 23.5120345 ], [ 73.0033718, 23.5116561 ], [ 73.0032858, 23.5113915 ], [ 73.0031679, 23.5111887 ], [ 73.0026292, 23.5110381 ], [ 73.0020382, 23.5107525 ], [ 73.0009298, 23.510217 ], [ 73.0004625, 23.509537 ], [ 73.0004294, 23.5087527 ], [ 73.000212, 23.508151 ], [ 72.9997108, 23.507263 ], [ 72.9993031, 23.5068813 ], [ 72.9989718, 23.506671 ], [ 72.9983433, 23.506562 ], [ 72.9978377, 23.5064743 ], [ 72.9969354, 23.5063177 ], [ 72.9959351, 23.5061442 ], [ 72.9955996, 23.5059622 ], [ 72.9954987, 23.5056017 ], [ 72.9954467, 23.5051521 ], [ 72.9952938, 23.50449 ], [ 72.995141, 23.5032203 ], [ 72.9945718, 23.5019195 ], [ 72.9942388, 23.5011582 ], [ 72.993557, 23.5006673 ], [ 72.9930684, 23.5004083 ], [ 72.9927116, 23.5002681 ], [ 72.9920576, 23.5001512 ], [ 72.9915055, 23.5001279 ], [ 72.9906306, 23.5002837 ], [ 72.98971, 23.5010172 ], [ 72.9890337, 23.501382 ], [ 72.98849, 23.5015066 ], [ 72.9882127, 23.5013541 ], [ 72.9879974, 23.5011405 ], [ 72.9877193, 23.5008648 ], [ 72.9874707, 23.5002447 ], [ 72.9870403, 23.4991709 ], [ 72.986714, 23.498357 ], [ 72.9863325, 23.4979312 ], [ 72.9859503, 23.4976819 ], [ 72.9853812, 23.4974794 ], [ 72.9839378, 23.4969657 ], [ 72.9835294, 23.4966692 ], [ 72.9833935, 23.4961473 ], [ 72.983385, 23.4957734 ], [ 72.9833788, 23.4955007 ], [ 72.983487, 23.4950489 ], [ 72.9836823, 23.4946984 ], [ 72.9844468, 23.4936467 ], [ 72.9858483, 23.4925327 ], [ 72.9868167, 23.4914499 ], [ 72.9873603, 23.4904839 ], [ 72.9876066, 23.4897283 ], [ 72.9876321, 23.4892609 ], [ 72.9873093, 23.4888636 ], [ 72.9866978, 23.4883728 ], [ 72.9855341, 23.4878898 ], [ 72.9850074, 23.4878508 ], [ 72.9839541, 23.4881157 ], [ 72.982731, 23.4887155 ], [ 72.9821024, 23.4892687 ], [ 72.9817542, 23.4898218 ], [ 72.9815163, 23.49078 ], [ 72.9814063, 23.4912234 ], [ 72.9809812, 23.4915512 ], [ 72.9800808, 23.4917849 ], [ 72.9787812, 23.491894 ], [ 72.978173, 23.4916366 ], [ 72.9781296, 23.4912011 ], [ 72.9778112, 23.4903442 ], [ 72.9777271, 23.4886476 ], [ 72.9783157, 23.4867526 ], [ 72.9791326, 23.4855407 ], [ 72.9794569, 23.4846593 ], [ 72.978556, 23.4842957 ], [ 72.9780034, 23.4841635 ], [ 72.9774388, 23.483877 ], [ 72.9773847, 23.483552 ], [ 72.9775049, 23.4831499 ], [ 72.9779013, 23.4828744 ], [ 72.978604, 23.4822464 ], [ 72.9794029, 23.4813099 ], [ 72.9798353, 23.4809573 ], [ 72.9807423, 23.4804671 ], [ 72.9813249, 23.4799878 ], [ 72.9815531, 23.4796132 ], [ 72.9815482, 23.4792935 ], [ 72.9813043, 23.4790759 ], [ 72.9807935, 23.4789574 ], [ 72.9803111, 23.4790826 ], [ 72.9799614, 23.479211 ], [ 72.9792813, 23.4791214 ], [ 72.9789704, 23.4790513 ], [ 72.9787561, 23.4788626 ], [ 72.978568, 23.4784232 ], [ 72.9785019, 23.4772112 ], [ 72.9784842, 23.4768854 ], [ 72.9783458, 23.4763849 ], [ 72.9779553, 23.4757128 ], [ 72.977649, 23.4753161 ], [ 72.9769042, 23.4748864 ], [ 72.9765799, 23.4744842 ], [ 72.9761329, 23.47393 ], [ 72.9745438, 23.4729306 ], [ 72.9731335, 23.4720438 ], [ 72.9722854, 23.471702 ], [ 72.9714565, 23.471085 ], [ 72.9710451, 23.4707787 ], [ 72.9698469, 23.4710079 ], [ 72.9691742, 23.471388 ], [ 72.9685685, 23.4717303 ], [ 72.9677133, 23.4717527 ], [ 72.9676366, 23.4714596 ], [ 72.9676125, 23.471107 ], [ 72.9675405, 23.4707599 ], [ 72.9673034, 23.470508 ], [ 72.9663993, 23.4699335 ], [ 72.9657269, 23.4695064 ], [ 72.964984, 23.4690345 ], [ 72.9627655, 23.468176 ], [ 72.962357, 23.467851 ], [ 72.9622309, 23.4676692 ], [ 72.96222, 23.4674382 ], [ 72.9623886, 23.4671415 ], [ 72.9626283, 23.4667196 ], [ 72.96324, 23.4659722 ], [ 72.9636301, 23.4654955 ], [ 72.9637745, 23.4651017 ], [ 72.9636724, 23.4647987 ], [ 72.9634021, 23.4643524 ], [ 72.9632279, 23.4634213 ], [ 72.9630478, 23.4628207 ], [ 72.9630117, 23.4624847 ], [ 72.9630417, 23.4620935 ], [ 72.963282, 23.4611733 ], [ 72.9634425, 23.4605585 ], [ 72.9635589, 23.460113 ], [ 72.9638628, 23.458949 ], [ 72.9637565, 23.4583523 ], [ 72.9636272, 23.4576265 ], [ 72.9633534, 23.4560892 ], [ 72.9630357, 23.4550298 ], [ 72.9627094, 23.4539413 ], [ 72.9620687, 23.4535201 ], [ 72.9614921, 23.4532281 ], [ 72.9601347, 23.4528038 ], [ 72.9596662, 23.4524566 ], [ 72.9595221, 23.4522142 ], [ 72.9595279, 23.4519941 ], [ 72.959468, 23.451553 ], [ 72.9589214, 23.4505446 ], [ 72.9583749, 23.4499771 ], [ 72.9577685, 23.4493474 ], [ 72.9574079, 23.4490954 ], [ 72.9570655, 23.4489852 ], [ 72.9563027, 23.4489907 ], [ 72.9558159, 23.4489943 ], [ 72.9546394, 23.4490028 ], [ 72.9541058, 23.4485208 ], [ 72.953732, 23.4483185 ], [ 72.9535638, 23.4478832 ], [ 72.9536059, 23.4474148 ], [ 72.953756, 23.4471228 ], [ 72.95371, 23.4466138 ], [ 72.9536307, 23.4457382 ], [ 72.9537741, 23.4449021 ], [ 72.9542846, 23.4434638 ], [ 72.9545029, 23.4428489 ], [ 72.9544768, 23.4424279 ], [ 72.9543266, 23.4421303 ], [ 72.9540003, 23.4419194 ], [ 72.9533476, 23.4416178 ], [ 72.9523088, 23.4411378 ], [ 72.9520743, 23.4408959 ], [ 72.9516118, 23.4405157 ], [ 72.9515904, 23.4401568 ], [ 72.951774, 23.4395624 ], [ 72.9519375, 23.4390329 ], [ 72.9519662, 23.4386531 ], [ 72.9520923, 23.4381131 ], [ 72.9521103, 23.4377549 ], [ 72.9518446, 23.4372837 ], [ 72.9516238, 23.4371211 ], [ 72.9509418, 23.4370249 ], [ 72.9506175, 23.4362598 ], [ 72.9502784, 23.4357049 ], [ 72.9499961, 23.4353577 ], [ 72.9496197, 23.4348947 ], [ 72.9494495, 23.4346247 ], [ 72.9493234, 23.4343492 ], [ 72.9492453, 23.4337816 ], [ 72.9503325, 23.4333352 ], [ 72.950843, 23.4328943 ], [ 72.9514879, 23.4323374 ], [ 72.9525644, 23.4314078 ], [ 72.9532936, 23.430982 ], [ 72.9534924, 23.430632 ], [ 72.9535398, 23.4303262 ], [ 72.9534497, 23.4300121 ], [ 72.9532525, 23.4298294 ], [ 72.9530293, 23.4298027 ], [ 72.952759, 23.4298137 ], [ 72.9522184, 23.4299735 ], [ 72.9519121, 23.4301664 ], [ 72.9514243, 23.4302013 ], [ 72.9511673, 23.4301719 ], [ 72.9508069, 23.4300011 ], [ 72.9503685, 23.4297365 ], [ 72.948897, 23.4286563 ], [ 72.9483264, 23.4284304 ], [ 72.9477978, 23.4282926 ], [ 72.9474554, 23.428254 ], [ 72.9472332, 23.4282706 ], [ 72.9466566, 23.4285406 ], [ 72.9459436, 23.4288746 ], [ 72.9452271, 23.4291358 ], [ 72.9448439, 23.4290844 ], [ 72.944716, 23.4289268 ], [ 72.9446906, 23.4287276 ], [ 72.9447466, 23.4285075 ], [ 72.9448848, 23.4281879 ], [ 72.9450427, 23.4278225 ], [ 72.9450289, 23.4273778 ], [ 72.9448487, 23.4269975 ], [ 72.9445253, 23.4267779 ], [ 72.9430581, 23.4257817 ], [ 72.9425843, 23.4250851 ], [ 72.9421502, 23.4244468 ], [ 72.9418696, 23.4241317 ], [ 72.9415423, 23.4237641 ], [ 72.9409427, 23.4235557 ], [ 72.9405482, 23.4235254 ], [ 72.9395091, 23.4236797 ], [ 72.9386622, 23.4241151 ], [ 72.9382899, 23.4242088 ], [ 72.9378367, 23.4243228 ], [ 72.9369513, 23.4241102 ], [ 72.9367102, 23.4239884 ], [ 72.9361516, 23.4237679 ], [ 72.9356278, 23.4235612 ], [ 72.9351786, 23.4231066 ], [ 72.934838, 23.4227618 ], [ 72.9346861, 23.4223956 ], [ 72.9345706, 23.4221171 ], [ 72.93459, 23.4218555 ], [ 72.9346861, 23.4216956 ], [ 72.9350705, 23.4212547 ], [ 72.935521, 23.4210343 ], [ 72.9363558, 23.420902 ], [ 72.9368243, 23.420902 ], [ 72.9372808, 23.420902 ], [ 72.938404, 23.4204501 ], [ 72.9386468, 23.4203523 ], [ 72.9395091, 23.4198659 ], [ 72.9396277, 23.4194096 ], [ 72.9395514, 23.4191746 ], [ 72.9393522, 23.4190016 ], [ 72.9389866, 23.4188352 ], [ 72.9385001, 23.4186974 ], [ 72.9372388, 23.4181793 ], [ 72.9367943, 23.4181297 ], [ 72.9363438, 23.4180415 ], [ 72.9358873, 23.418014 ], [ 72.9353708, 23.418036 ], [ 72.9347161, 23.4181738 ], [ 72.9335389, 23.4185321 ], [ 72.9329983, 23.4185541 ], [ 72.9324157, 23.4184163 ], [ 72.9318271, 23.4181573 ], [ 72.9315748, 23.4178982 ], [ 72.9313946, 23.417529 ], [ 72.9313046, 23.4172148 ], [ 72.9309281, 23.415902 ], [ 72.9307847, 23.415402 ], [ 72.9303435, 23.4146188 ], [ 72.9300372, 23.4129157 ], [ 72.9298176, 23.4116946 ], [ 72.9287499, 23.4109924 ], [ 72.9275723, 23.4102179 ], [ 72.9256887, 23.4085007 ], [ 72.9240225, 23.4069818 ], [ 72.9221608, 23.4052845 ], [ 72.9216966, 23.4037152 ], [ 72.9213581, 23.4018917 ], [ 72.9211841, 23.4009538 ], [ 72.9213221, 23.399764 ], [ 72.9214772, 23.3984271 ], [ 72.9214963, 23.396418 ], [ 72.9214362, 23.3960652 ], [ 72.9213221, 23.3957565 ], [ 72.9210338, 23.3955691 ], [ 72.9206674, 23.3954919 ], [ 72.9203791, 23.3955029 ], [ 72.9200426, 23.3955158 ], [ 72.9197905, 23.3955691 ], [ 72.9191579, 23.3957028 ], [ 72.9175935, 23.3960334 ], [ 72.9170336, 23.3960376 ], [ 72.9166012, 23.3959219 ], [ 72.9162288, 23.3957124 ], [ 72.9161601, 23.3954497 ], [ 72.9162913, 23.3950434 ], [ 72.9166989, 23.3946884 ], [ 72.9172318, 23.3943563 ], [ 72.9178385, 23.3941083 ], [ 72.918361, 23.3935901 ], [ 72.9184932, 23.3932924 ], [ 72.9189602, 23.3922402 ], [ 72.9194693, 23.3910934 ], [ 72.9195563, 23.3900951 ], [ 72.9194542, 23.3895548 ], [ 72.9192029, 23.3892784 ], [ 72.9188255, 23.3891513 ], [ 72.9182409, 23.3886618 ], [ 72.9176823, 23.3879396 ], [ 72.91743, 23.3874379 ], [ 72.9165832, 23.3861424 ], [ 72.9161454, 23.3854728 ], [ 72.9156522, 23.38488 ], [ 72.9146251, 23.3833859 ], [ 72.9143368, 23.3826086 ], [ 72.9134299, 23.3811807 ], [ 72.9128052, 23.3806349 ], [ 72.9124689, 23.380249 ], [ 72.9121806, 23.3796977 ], [ 72.9122909, 23.3794095 ], [ 72.9127031, 23.3789534 ], [ 72.9130154, 23.3785179 ], [ 72.9132233, 23.3781544 ], [ 72.9133818, 23.3778618 ], [ 72.9137618, 23.3771813 ], [ 72.9138863, 23.376252 ], [ 72.9138563, 23.3756014 ], [ 72.9138413, 23.3752762 ], [ 72.9137782, 23.3749784 ], [ 72.9136701, 23.3747027 ], [ 72.9131476, 23.3739805 ], [ 72.9131178, 23.3735442 ], [ 72.9131416, 23.3729936 ], [ 72.9133758, 23.3718413 ], [ 72.91355, 23.3709842 ], [ 72.9136881, 23.3705511 ], [ 72.9143548, 23.3690845 ], [ 72.9151897, 23.3679211 ], [ 72.9155939, 23.3673579 ], [ 72.9157723, 23.3668735 ], [ 72.9158624, 23.3664049 ], [ 72.9158384, 23.3659472 ], [ 72.9156702, 23.3656164 ], [ 72.9150505, 23.3654095 ], [ 72.9143128, 23.3653517 ], [ 72.913544, 23.3654786 ], [ 72.9131961, 23.365536 ], [ 72.9118082, 23.3660465 ], [ 72.9107945, 23.3664193 ], [ 72.9102611, 23.3670424 ], [ 72.909712, 23.367458 ], [ 72.9096144, 23.3683889 ], [ 72.90976, 23.3689301 ], [ 72.9103306, 23.3700659 ], [ 72.9104267, 23.3705787 ], [ 72.9103426, 23.3713726 ], [ 72.909922, 23.3716903 ], [ 72.9092255, 23.371935 ], [ 72.9086669, 23.3719681 ], [ 72.9077479, 23.3717696 ], [ 72.9060662, 23.3712568 ], [ 72.904961, 23.3705897 ], [ 72.9046186, 23.3700824 ], [ 72.9045996, 23.3695196 ], [ 72.9046967, 23.3689632 ], [ 72.9047886, 23.3684368 ], [ 72.904978, 23.367352 ], [ 72.9052108, 23.3660188 ], [ 72.9050331, 23.3653462 ], [ 72.904967, 23.3640891 ], [ 72.9048889, 23.3636811 ], [ 72.9044625, 23.3624129 ], [ 72.9044625, 23.3619608 ], [ 72.9041862, 23.3610951 ], [ 72.903976, 23.3607201 ], [ 72.9037357, 23.3605327 ], [ 72.903165, 23.3604368 ], [ 72.9027147, 23.360461 ], [ 72.9016515, 23.360665 ], [ 72.9005944, 23.3611171 ], [ 72.8991561, 23.3617323 ], [ 72.8988706, 23.3619222 ], [ 72.8984742, 23.3623964 ], [ 72.8983481, 23.3627878 ], [ 72.898306, 23.3634991 ], [ 72.8982159, 23.3640615 ], [ 72.8983721, 23.3651312 ], [ 72.8979337, 23.3658039 ], [ 72.8973985, 23.3660774 ], [ 72.8968889, 23.3660701 ], [ 72.8965282, 23.3658094 ], [ 72.896354, 23.365644 ], [ 72.8961258, 23.3653076 ], [ 72.8958224, 23.3646039 ], [ 72.8956813, 23.3642766 ], [ 72.895429, 23.3634991 ], [ 72.8954531, 23.3631242 ], [ 72.8957053, 23.3623026 ], [ 72.8958844, 23.3617193 ], [ 72.8960754, 23.3610974 ], [ 72.8960297, 23.3607587 ], [ 72.8960056, 23.3599702 ], [ 72.8956906, 23.3595001 ], [ 72.8954951, 23.3590659 ], [ 72.8949305, 23.3584704 ], [ 72.8932608, 23.3571305 ], [ 72.8917532, 23.3566453 ], [ 72.8911586, 23.3566012 ], [ 72.8904618, 23.3566673 ], [ 72.8902216, 23.3567556 ], [ 72.8895249, 23.3571581 ], [ 72.8889783, 23.3576764 ], [ 72.8885098, 23.3580017 ], [ 72.888072, 23.3583058 ], [ 72.887514, 23.3583696 ], [ 72.8872485, 23.358283 ], [ 72.8868521, 23.3580238 ], [ 72.8862874, 23.3576546 ], [ 72.8851476, 23.3569095 ], [ 72.8841793, 23.3555535 ], [ 72.8835703, 23.3547007 ], [ 72.8833624, 23.3540867 ], [ 72.8833924, 23.3536897 ], [ 72.8835426, 23.3531713 ], [ 72.8838369, 23.3526696 ], [ 72.8842153, 23.3523828 ], [ 72.8854244, 23.3514665 ], [ 72.8871695, 23.3511974 ], [ 72.8883957, 23.3508278 ], [ 72.8887158, 23.3502466 ], [ 72.8885646, 23.3498239 ], [ 72.8883543, 23.3492358 ], [ 72.8881254, 23.348804 ], [ 72.8873566, 23.3479989 ], [ 72.8866388, 23.3472472 ], [ 72.8862991, 23.3468915 ], [ 72.8851943, 23.3460909 ], [ 72.884335, 23.3454682 ], [ 72.8835066, 23.3449769 ], [ 72.8816266, 23.344238 ], [ 72.880149, 23.3433998 ], [ 72.878103, 23.342239 ], [ 72.8765993, 23.3415468 ], [ 72.8750266, 23.3408228 ], [ 72.8737612, 23.3402403 ], [ 72.8711096, 23.3396332 ], [ 72.8697342, 23.3389935 ], [ 72.8694018, 23.3385259 ], [ 72.8688647, 23.3377705 ], [ 72.8683948, 23.3364511 ], [ 72.8682271, 23.3359805 ], [ 72.8680704, 23.3356845 ], [ 72.86768, 23.3353536 ], [ 72.8665628, 23.3355191 ], [ 72.8659511, 23.3353053 ], [ 72.8649119, 23.3349421 ], [ 72.8646933, 23.3344945 ], [ 72.8646108, 23.3340852 ], [ 72.8645988, 23.3335557 ], [ 72.8643225, 23.3326402 ], [ 72.8639195, 23.3322765 ], [ 72.8635606, 23.3321912 ], [ 72.8626888, 23.3321715 ], [ 72.8617642, 23.3321506 ], [ 72.8608268, 23.3323645 ], [ 72.8601601, 23.3324196 ], [ 72.8596256, 23.3323479 ], [ 72.8588328, 23.3321659 ], [ 72.858154, 23.3318295 ], [ 72.8577817, 23.3315813 ], [ 72.8566319, 23.3308151 ], [ 72.855219, 23.3298734 ], [ 72.8538175, 23.3283329 ], [ 72.8530942, 23.3275378 ], [ 72.8526102, 23.326739 ], [ 72.8522815, 23.3261964 ], [ 72.8520997, 23.3258014 ], [ 72.8520276, 23.3253656 ], [ 72.8518483, 23.3242815 ], [ 72.8518174, 23.3236669 ], [ 72.8516793, 23.3232312 ], [ 72.8514883, 23.3226289 ], [ 72.8508545, 23.3223094 ], [ 72.8504702, 23.3221156 ], [ 72.8499615, 23.3221722 ], [ 72.849435, 23.3222307 ], [ 72.8490665, 23.3223101 ], [ 72.8481115, 23.3222604 ], [ 72.847791, 23.3220675 ], [ 72.8474929, 23.3217585 ], [ 72.8474359, 23.321502 ], [ 72.8473908, 23.321058 ], [ 72.8474629, 23.3206775 ], [ 72.8478052, 23.3199825 ], [ 72.8482317, 23.3195854 ], [ 72.8490065, 23.3190945 ], [ 72.8498293, 23.3187856 ], [ 72.8508585, 23.3183993 ], [ 72.8514603, 23.3181734 ], [ 72.8523852, 23.3178262 ], [ 72.8528359, 23.317657 ], [ 72.8541567, 23.3171612 ], [ 72.8545437, 23.3163144 ], [ 72.8547095, 23.3159517 ], [ 72.8546475, 23.3155029 ], [ 72.8545072, 23.3144882 ], [ 72.8538605, 23.3137067 ], [ 72.8529586, 23.3122935 ], [ 72.8522239, 23.3111423 ], [ 72.8522192, 23.3104743 ], [ 72.8522909, 23.3099986 ], [ 72.8524098, 23.3095305 ], [ 72.8525457, 23.3091639 ], [ 72.8531573, 23.3081888 ], [ 72.8544314, 23.3067924 ], [ 72.8549581, 23.3060357 ], [ 72.8552384, 23.3053648 ], [ 72.8553233, 23.3043584 ], [ 72.8553802, 23.3036849 ], [ 72.8552724, 23.3025017 ], [ 72.8551062, 23.3006779 ], [ 72.8549682, 23.2991639 ], [ 72.8547707, 23.2969966 ], [ 72.854616, 23.2952986 ], [ 72.8544229, 23.2944038 ], [ 72.8538278, 23.294038 ], [ 72.8533074, 23.2940063 ], [ 72.8518759, 23.2939192 ], [ 72.8507874, 23.2936158 ], [ 72.8503276, 23.2931647 ], [ 72.8499446, 23.292789 ], [ 72.8497002, 23.2923597 ], [ 72.8494571, 23.2919327 ], [ 72.8491566, 23.2900737 ], [ 72.849048, 23.2894025 ], [ 72.8487439, 23.2890506 ], [ 72.8483241, 23.2888098 ], [ 72.8479249, 23.2885289 ], [ 72.8475427, 23.2884041 ], [ 72.8454276, 23.2879828 ], [ 72.8441319, 23.2877246 ], [ 72.8430578, 23.2872728 ], [ 72.841911, 23.2866096 ], [ 72.8408177, 23.2859773 ], [ 72.8397909, 23.2853834 ], [ 72.8386323, 23.2844874 ], [ 72.8381142, 23.2838085 ], [ 72.8379906, 23.2825204 ], [ 72.8377064, 23.2817097 ], [ 72.8378338, 23.2804067 ], [ 72.8379213, 23.2795125 ], [ 72.8382586, 23.2788461 ], [ 72.8384369, 23.2783858 ], [ 72.8389466, 23.2778084 ], [ 72.8394228, 23.2772689 ], [ 72.8398215, 23.2767004 ], [ 72.8411551, 23.275647 ], [ 72.8414524, 23.2753349 ], [ 72.8415457, 23.2749011 ], [ 72.8416753, 23.274299 ], [ 72.8416647, 23.2736338 ], [ 72.8416428, 23.2722607 ], [ 72.8414693, 23.2714022 ], [ 72.8412686, 23.2704083 ], [ 72.8409599, 23.2688799 ], [ 72.8406369, 23.2683823 ], [ 72.8406305, 23.2679607 ], [ 72.840622, 23.267407 ], [ 72.8408068, 23.2665329 ], [ 72.841282, 23.2642855 ], [ 72.8416477, 23.2631931 ], [ 72.8423637, 23.2610545 ], [ 72.8436723, 23.2588359 ], [ 72.8444197, 23.257837 ], [ 72.8446576, 23.2571034 ], [ 72.8447765, 23.2559328 ], [ 72.8439069, 23.2541933 ], [ 72.8421925, 23.2507636 ], [ 72.8404982, 23.247374 ], [ 72.8400738, 23.2468104 ], [ 72.8395351, 23.2465762 ], [ 72.8390166, 23.2464241 ], [ 72.8381705, 23.2461758 ], [ 72.8360856, 23.2458281 ], [ 72.8354369, 23.2451437 ], [ 72.8352937, 23.2444703 ], [ 72.8353528, 23.2433115 ], [ 72.8355027, 23.2403735 ], [ 72.8344399, 23.2376822 ], [ 72.8331425, 23.2356291 ], [ 72.8329503, 23.2349337 ], [ 72.8329143, 23.2343818 ], [ 72.8329383, 23.2339403 ], [ 72.8330344, 23.2334435 ], [ 72.8339473, 23.2319092 ], [ 72.8356354, 23.2290722 ], [ 72.8362157, 23.2280968 ], [ 72.8365661, 23.2270963 ], [ 72.8362299, 23.2256629 ], [ 72.8354009, 23.2249658 ], [ 72.833623, 23.2243365 ], [ 72.8318942, 23.2237247 ], [ 72.8294787, 23.2224047 ], [ 72.8285177, 23.2216871 ], [ 72.8278144, 23.2199952 ], [ 72.8273284, 23.2192695 ], [ 72.8266293, 23.2182255 ], [ 72.8254775, 23.2176533 ], [ 72.8244574, 23.2174038 ], [ 72.8225469, 23.2169363 ], [ 72.8210589, 23.2165723 ], [ 72.8167213, 23.2150633 ], [ 72.8147226, 23.214368 ], [ 72.8125277, 23.2136044 ], [ 72.8114959, 23.2136061 ], [ 72.8103186, 23.2137937 ], [ 72.8084327, 23.2149419 ], [ 72.8075077, 23.2152952 ], [ 72.806504, 23.2149143 ], [ 72.8061623, 23.2146438 ], [ 72.804901, 23.2133521 ], [ 72.8035676, 23.2114863 ], [ 72.8030938, 23.2108234 ], [ 72.8026066, 23.2103492 ], [ 72.802066, 23.2101505 ], [ 72.8013429, 23.2102462 ], [ 72.8009128, 23.2104486 ], [ 72.7999225, 23.2109144 ], [ 72.7984459, 23.211609 ], [ 72.7973453, 23.2121267 ], [ 72.7962399, 23.2128664 ], [ 72.7946663, 23.21333 ], [ 72.7936932, 23.2132859 ], [ 72.7932488, 23.2131092 ], [ 72.7922411, 23.2127088 ], [ 72.7912907, 23.2120494 ], [ 72.7892522, 23.2106351 ], [ 72.788378, 23.2100285 ], [ 72.7873266, 23.2095433 ], [ 72.7851036, 23.2085172 ], [ 72.7826777, 23.2077326 ], [ 72.7808921, 23.2071551 ], [ 72.7797106, 23.2064629 ], [ 72.7776925, 23.2049504 ], [ 72.7761549, 23.2028416 ], [ 72.7744371, 23.2009094 ], [ 72.7733199, 23.1997059 ], [ 72.7727674, 23.1988557 ], [ 72.7727073, 23.1980608 ], [ 72.7730316, 23.1974314 ], [ 72.7736202, 23.1957089 ], [ 72.7750858, 23.1930589 ], [ 72.7753741, 23.1923523 ], [ 72.7752179, 23.1912591 ], [ 72.7745092, 23.1901439 ], [ 72.7735962, 23.1894593 ], [ 72.7727193, 23.1887968 ], [ 72.7721067, 23.1883992 ], [ 72.771506, 23.1880128 ], [ 72.7711697, 23.1874165 ], [ 72.7707132, 23.1860031 ], [ 72.7703769, 23.1847884 ], [ 72.7702327, 23.1839713 ], [ 72.7700645, 23.1835185 ], [ 72.7698363, 23.1832093 ], [ 72.7693678, 23.1829554 ], [ 72.7686951, 23.1824916 ], [ 72.7684308, 23.1821713 ], [ 72.7677701, 23.181818 ], [ 72.7668812, 23.1817296 ], [ 72.7662325, 23.1817075 ], [ 72.765692, 23.1817407 ], [ 72.7648511, 23.1818401 ], [ 72.7625327, 23.1822818 ], [ 72.7605025, 23.1833419 ], [ 72.7595776, 23.1838388 ], [ 72.7581721, 23.1851639 ], [ 72.757115, 23.1864227 ], [ 72.7559858, 23.1876925 ], [ 72.755253, 23.1881894 ], [ 72.754256, 23.1888851 ], [ 72.7531869, 23.1889072 ], [ 72.7528265, 23.1888078 ], [ 72.7525742, 23.1885097 ], [ 72.75231, 23.1879244 ], [ 72.7519616, 23.1870521 ], [ 72.7515171, 23.1857381 ], [ 72.7509045, 23.182348 ], [ 72.7505922, 23.1800843 ], [ 72.7505561, 23.1778646 ], [ 72.7508564, 23.1763628 ], [ 72.7518535, 23.1744302 ], [ 72.7537755, 23.1711724 ], [ 72.7538235, 23.1703994 ], [ 72.7536914, 23.1686213 ], [ 72.7531508, 23.1671415 ], [ 72.7527784, 23.1664346 ], [ 72.7522739, 23.1659929 ], [ 72.7515892, 23.1656505 ], [ 72.7508564, 23.1653634 ], [ 72.7499555, 23.1649768 ], [ 72.749511, 23.1647007 ], [ 72.7490305, 23.1643142 ], [ 72.7490065, 23.1635411 ], [ 72.749487, 23.1625582 ], [ 72.7503759, 23.1618292 ], [ 72.7520577, 23.1606033 ], [ 72.7528505, 23.1600621 ], [ 72.7540157, 23.1591786 ], [ 72.7554693, 23.1583613 ], [ 72.7573312, 23.1572568 ], [ 72.7579799, 23.1568923 ], [ 72.7582562, 23.1562297 ], [ 72.758088, 23.1549485 ], [ 72.7576796, 23.1532254 ], [ 72.7570669, 23.1517785 ], [ 72.7566705, 23.1509722 ], [ 72.7560459, 23.1500003 ], [ 72.7557095, 23.1492713 ], [ 72.7554452, 23.1486527 ], [ 72.755217, 23.14799 ], [ 72.7550849, 23.1464215 ], [ 72.7550728, 23.1451513 ], [ 72.7552771, 23.1444002 ], [ 72.7544722, 23.1435276 ], [ 72.7532229, 23.1415945 ], [ 72.7518535, 23.1404236 ], [ 72.7513369, 23.1395952 ], [ 72.7507363, 23.1388993 ], [ 72.7503159, 23.1377505 ], [ 72.7499795, 23.1365795 ], [ 72.7492468, 23.1346906 ], [ 72.7488624, 23.1328458 ], [ 72.7482617, 23.1313545 ], [ 72.7478893, 23.1302056 ], [ 72.7470725, 23.1295318 ], [ 72.7463157, 23.1292666 ], [ 72.7444177, 23.1287364 ], [ 72.7421593, 23.1281951 ], [ 72.7402013, 23.127709 ], [ 72.7388919, 23.1268584 ], [ 72.7373063, 23.1257868 ], [ 72.7356726, 23.1244721 ], [ 72.7350719, 23.1232017 ], [ 72.7349878, 23.1219975 ], [ 72.7346395, 23.1197217 ], [ 72.7343512, 23.1182744 ], [ 72.7339307, 23.117501 ], [ 72.7334863, 23.1165951 ], [ 72.7329217, 23.1153577 ], [ 72.7318406, 23.1120874 ], [ 72.7314321, 23.1109384 ], [ 72.7306513, 23.1094468 ], [ 72.7304591, 23.1088723 ], [ 72.7304591, 23.1081983 ], [ 72.7305552, 23.1078669 ], [ 72.7311078, 23.1076127 ], [ 72.7318339, 23.1071364 ], [ 72.7327415, 23.106541 ], [ 72.7337505, 23.1054582 ], [ 72.7352401, 23.1037898 ], [ 72.7373063, 23.1026407 ], [ 72.7399731, 23.1019667 ], [ 72.7421593, 23.1012816 ], [ 72.7436489, 23.1005082 ], [ 72.7443937, 23.1000883 ], [ 72.7445498, 23.0998894 ], [ 72.7448502, 23.0990055 ], [ 72.7445018, 23.0980773 ], [ 72.7440893, 23.097505 ], [ 72.7437388, 23.0971907 ], [ 72.7434453, 23.0968924 ], [ 72.7431298, 23.096574 ], [ 72.7429896, 23.0963645 ], [ 72.7428669, 23.0960178 ], [ 72.7428275, 23.0955826 ], [ 72.7430027, 23.094184 ], [ 72.7430159, 23.0935513 ], [ 72.7431473, 23.0923704 ], [ 72.7431298, 23.0914393 ], [ 72.7432437, 23.0901698 ], [ 72.7432525, 23.0895934 ], [ 72.7433489, 23.0889122 ], [ 72.7434234, 23.0879812 ], [ 72.7433007, 23.087292 ], [ 72.7432174, 23.0866954 ], [ 72.7429808, 23.0859014 ], [ 72.7427267, 23.0853008 ], [ 72.742236, 23.0848776 ], [ 72.7416576, 23.0842166 ], [ 72.7410179, 23.0839022 ], [ 72.7405666, 23.0838498 ], [ 72.7399006, 23.08387 ], [ 72.739572, 23.0841642 ], [ 72.7388359, 23.0846277 ], [ 72.7380027, 23.0846846 ], [ 72.7372228, 23.0842976 ], [ 72.7364604, 23.0837091 ], [ 72.7357769, 23.0829191 ], [ 72.735181, 23.082242 ], [ 72.7347166, 23.0819115 ], [ 72.733998, 23.0816212 ], [ 72.7331918, 23.0815729 ], [ 72.7315619, 23.0814116 ], [ 72.7294062, 23.0812343 ], [ 72.7286351, 23.0815003 ], [ 72.7279078, 23.081847 ], [ 72.7267686, 23.0824999 ], [ 72.7255768, 23.0828949 ], [ 72.7248232, 23.0829111 ], [ 72.7237015, 23.0829997 ], [ 72.722799, 23.0828305 ], [ 72.722168, 23.0824999 ], [ 72.7216247, 23.0821452 ], [ 72.72095, 23.0813149 ], [ 72.7201175, 23.0798235 ], [ 72.7198196, 23.0787997 ], [ 72.7199247, 23.078187 ], [ 72.7204242, 23.0776549 ], [ 72.7215459, 23.0761958 ], [ 72.7235789, 23.0743174 ], [ 72.7253227, 23.0731161 ], [ 72.7273557, 23.0722051 ], [ 72.7287665, 23.0716811 ], [ 72.7296428, 23.0712457 ], [ 72.7314042, 23.0700606 ], [ 72.7316934, 23.0696333 ], [ 72.7317722, 23.0694237 ], [ 72.7317197, 23.0687142 ], [ 72.7310274, 23.0681095 ], [ 72.7307294, 23.0676339 ], [ 72.7305279, 23.0661504 ], [ 72.7307645, 23.064941 ], [ 72.7308872, 23.0645057 ], [ 72.7314655, 23.0634737 ], [ 72.732964, 23.0617079 ], [ 72.7340506, 23.0600631 ], [ 72.7342609, 23.0592972 ], [ 72.7343047, 23.0585232 ], [ 72.7341996, 23.0577572 ], [ 72.7340857, 23.0567413 ], [ 72.7338228, 23.0559672 ], [ 72.7331042, 23.0551609 ], [ 72.7326222, 23.0548142 ], [ 72.7321841, 23.0547174 ], [ 72.7314743, 23.0548303 ], [ 72.7313779, 23.0553464 ], [ 72.7314568, 23.0559833 ], [ 72.7316846, 23.0573863 ], [ 72.731597, 23.0580555 ], [ 72.7309135, 23.0586925 ], [ 72.730449, 23.0584506 ], [ 72.7301686, 23.0581684 ], [ 72.729748, 23.0577088 ], [ 72.7287052, 23.0568703 ], [ 72.7273732, 23.0549029 ], [ 72.726865, 23.0530322 ], [ 72.7264093, 23.0514357 ], [ 72.7261639, 23.0507181 ], [ 72.7258134, 23.0501859 ], [ 72.7252789, 23.0494844 ], [ 72.724499, 23.0486861 ], [ 72.723351, 23.0476459 ], [ 72.7228253, 23.0470734 ], [ 72.7225185, 23.0466299 ], [ 72.722317, 23.0461784 ], [ 72.7222644, 23.04588 ], [ 72.7224572, 23.0453317 ], [ 72.7228603, 23.0450172 ], [ 72.723018, 23.0450495 ], [ 72.7237103, 23.0455655 ], [ 72.7245077, 23.0461461 ], [ 72.7248933, 23.0465493 ], [ 72.7254103, 23.0468396 ], [ 72.7259098, 23.0470654 ], [ 72.7263918, 23.0473073 ], [ 72.7274696, 23.0476701 ], [ 72.7284686, 23.0478394 ], [ 72.7291346, 23.0477669 ], [ 72.7297568, 23.0474927 ], [ 72.7313078, 23.0467751 ], [ 72.7320176, 23.0459284 ], [ 72.7323856, 23.0450898 ], [ 72.7321578, 23.0442511 ], [ 72.7313429, 23.0429932 ], [ 72.7308258, 23.0422191 ], [ 72.7306068, 23.0417756 ], [ 72.7305542, 23.0412192 ], [ 72.7306068, 23.0406789 ], [ 72.7309398, 23.0406144 ], [ 72.731448, 23.0407192 ], [ 72.732263, 23.0409369 ], [ 72.7327887, 23.0411708 ], [ 72.7333496, 23.0413966 ], [ 72.7344449, 23.0416224 ], [ 72.736145, 23.0417352 ], [ 72.7371965, 23.0415498 ], [ 72.7380816, 23.0412111 ], [ 72.7397553, 23.0400821 ], [ 72.7402636, 23.0388403 ], [ 72.7404388, 23.0379774 ], [ 72.7411574, 23.0360582 ], [ 72.7411223, 23.0355259 ], [ 72.7408069, 23.0351227 ], [ 72.7404213, 23.0347114 ], [ 72.7397641, 23.0340744 ], [ 72.7386424, 23.0329695 ], [ 72.7380027, 23.0321389 ], [ 72.737363, 23.0310744 ], [ 72.7363377, 23.0301228 ], [ 72.7356542, 23.0295663 ], [ 72.7350584, 23.029155 ], [ 72.7345939, 23.0287357 ], [ 72.7344187, 23.0283647 ], [ 72.7345764, 23.0279373 ], [ 72.7347166, 23.0275824 ], [ 72.7356893, 23.0259856 ], [ 72.7363991, 23.0250904 ], [ 72.7377573, 23.0238484 ], [ 72.7386599, 23.0235339 ], [ 72.7397641, 23.0229613 ], [ 72.7408857, 23.0224532 ], [ 72.741429, 23.0218241 ], [ 72.7416744, 23.0212434 ], [ 72.7419899, 23.0207595 ], [ 72.7419723, 23.0202998 ], [ 72.7416131, 23.0194046 ], [ 72.7412187, 23.0189932 ], [ 72.7406228, 23.0186706 ], [ 72.7402022, 23.0184529 ], [ 72.7394837, 23.0182996 ], [ 72.7390718, 23.0182674 ], [ 72.7383445, 23.0182835 ], [ 72.7380378, 23.0183077 ], [ 72.7370826, 23.0187755 ], [ 72.7362238, 23.0190416 ], [ 72.7358821, 23.0189771 ], [ 72.7354615, 23.0187513 ], [ 72.7350671, 23.0182916 ], [ 72.7346377, 23.0176867 ], [ 72.7340769, 23.0161381 ], [ 72.733779, 23.0150735 ], [ 72.7337176, 23.0147186 ], [ 72.7336913, 23.0143476 ], [ 72.7332795, 23.0125006 ], [ 72.733148, 23.0117908 ], [ 72.7331393, 23.0113714 ], [ 72.7326047, 23.0103309 ], [ 72.7319913, 23.0095889 ], [ 72.7304841, 23.008137 ], [ 72.7298794, 23.0074514 ], [ 72.7287665, 23.0068384 ], [ 72.7275134, 23.0065158 ], [ 72.7262866, 23.0058624 ], [ 72.7254629, 23.005072 ], [ 72.7252438, 23.0045154 ], [ 72.7252351, 23.0042331 ], [ 72.725165, 23.0037169 ], [ 72.7251124, 23.0029586 ], [ 72.7245866, 23.002144 ], [ 72.723982, 23.0014906 ], [ 72.7227814, 23.0004742 ], [ 72.7220629, 23.0000145 ], [ 72.7209938, 22.999353 ], [ 72.7207221, 22.9990707 ], [ 72.7201964, 22.998506 ], [ 72.7203891, 22.9977801 ], [ 72.7204768, 22.9961426 ], [ 72.7200123, 22.9943921 ], [ 72.7194515, 22.9929643 ], [ 72.719136, 22.9919075 ], [ 72.7193464, 22.9906088 ], [ 72.719951, 22.9894391 ], [ 72.720433, 22.9880596 ], [ 72.7211691, 22.9867527 ], [ 72.7220278, 22.9853894 ], [ 72.7226062, 22.9846794 ], [ 72.7226763, 22.9840179 ], [ 72.7227464, 22.9836468 ], [ 72.722685, 22.9830902 ], [ 72.7223783, 22.9819446 ], [ 72.7217211, 22.9811943 ], [ 72.7207046, 22.9809442 ], [ 72.7197845, 22.9805893 ], [ 72.7190922, 22.9804602 ], [ 72.7185226, 22.9805005 ], [ 72.7174273, 22.9807264 ], [ 72.7161479, 22.9811701 ], [ 72.7149211, 22.9818801 ], [ 72.7134927, 22.9826949 ], [ 72.7122834, 22.9830256 ], [ 72.7110829, 22.9831305 ], [ 72.7099525, 22.9834694 ], [ 72.7091287, 22.9833967 ], [ 72.7085854, 22.9832435 ], [ 72.7081385, 22.9829772 ], [ 72.707604, 22.9825255 ], [ 72.7072359, 22.9820898 ], [ 72.7070169, 22.9816139 ], [ 72.7066488, 22.9803876 ], [ 72.7064122, 22.9792743 ], [ 72.7064297, 22.9783304 ], [ 72.7062895, 22.9773622 ], [ 72.7055272, 22.9764586 ], [ 72.7047911, 22.9756277 ], [ 72.7044493, 22.9752081 ], [ 72.7042302, 22.9743691 ], [ 72.7042215, 22.9736107 ], [ 72.7043354, 22.9731186 ], [ 72.7047648, 22.9719245 ], [ 72.7056498, 22.9701576 ], [ 72.7059478, 22.9696574 ], [ 72.7065962, 22.9691329 ], [ 72.7072622, 22.9689474 ], [ 72.7081823, 22.9685359 ], [ 72.708822, 22.9681163 ], [ 72.7099875, 22.9674789 ], [ 72.7108813, 22.9666237 ], [ 72.711494, 22.9660782 ], [ 72.711598, 22.9658535 ], [ 72.7116432, 22.9656745 ], [ 72.7116658, 22.965379 ], [ 72.711598, 22.9651626 ], [ 72.7115121, 22.9645966 ], [ 72.7116206, 22.9642553 ], [ 72.7121087, 22.9635644 ], [ 72.7125608, 22.9632023 ], [ 72.7138987, 22.9619454 ], [ 72.7142016, 22.9616541 ], [ 72.7145451, 22.9611088 ], [ 72.7145089, 22.9607301 ], [ 72.7140208, 22.9603056 ], [ 72.7135009, 22.9600226 ], [ 72.7126647, 22.9598311 ], [ 72.7121585, 22.9597562 ], [ 72.7112585, 22.9594331 ], [ 72.7108668, 22.9587032 ], [ 72.7104564, 22.9579561 ], [ 72.709617, 22.9560496 ], [ 72.7093652, 22.9554227 ], [ 72.7090388, 22.9549847 ], [ 72.708386, 22.9542805 ], [ 72.7079756, 22.9542633 ], [ 72.7076212, 22.9543063 ], [ 72.7074347, 22.9545725 ], [ 72.7072388, 22.9548645 ], [ 72.7069124, 22.9553969 ], [ 72.7068098, 22.9565563 ], [ 72.706558, 22.9568826 ], [ 72.7062316, 22.9569427 ], [ 72.7060077, 22.9568998 ], [ 72.7054388, 22.9566679 ], [ 72.7048792, 22.9564962 ], [ 72.7031445, 22.9561613 ], [ 72.7023891, 22.9557147 ], [ 72.7017642, 22.9554227 ], [ 72.7009622, 22.9550792 ], [ 72.7002161, 22.9542977 ], [ 72.7000762, 22.9532672 ], [ 72.6996845, 22.950811 ], [ 72.699414, 22.9498491 ], [ 72.6988078, 22.9481057 ], [ 72.6988358, 22.9473328 ], [ 72.6991715, 22.9465426 ], [ 72.6998057, 22.9460187 ], [ 72.7009155, 22.9452372 ], [ 72.7021466, 22.9435195 ], [ 72.7033124, 22.9427551 ], [ 72.7039932, 22.9422054 ], [ 72.7040119, 22.9415355 ], [ 72.703872, 22.9412521 ], [ 72.7034803, 22.9411834 ], [ 72.7029487, 22.941149 ], [ 72.7023238, 22.9410975 ], [ 72.7021466, 22.9410889 ], [ 72.7009622, 22.9405994 ], [ 72.699843, 22.9397061 ], [ 72.6986959, 22.9393282 ], [ 72.6962151, 22.9392166 ], [ 72.6946109, 22.9394828 ], [ 72.6935664, 22.9396632 ], [ 72.6923446, 22.9400325 ], [ 72.69144, 22.9402472 ], [ 72.69047, 22.9405564 ], [ 72.6899477, 22.9407625 ], [ 72.6892296, 22.9410717 ], [ 72.6888566, 22.9410889 ], [ 72.688213, 22.9412178 ], [ 72.6879426, 22.9411233 ], [ 72.6875882, 22.9409086 ], [ 72.6875509, 22.9404276 ], [ 72.6875322, 22.939938 ], [ 72.6874949, 22.9393626 ], [ 72.6873643, 22.938873 ], [ 72.6862732, 22.9380571 ], [ 72.6857602, 22.9376105 ], [ 72.6854431, 22.9374129 ], [ 72.685154, 22.9375761 ], [ 72.6848555, 22.937808 ], [ 72.6842773, 22.9380571 ], [ 72.683839, 22.9383062 ], [ 72.683382, 22.9388043 ], [ 72.6835405, 22.9392423 ], [ 72.6839882, 22.9395601 ], [ 72.6847809, 22.9398951 ], [ 72.6854804, 22.9403073 ], [ 72.6863757, 22.9408914 ], [ 72.6866462, 22.9414325 ], [ 72.6866742, 22.9418018 ], [ 72.6864877, 22.9421883 ], [ 72.6860586, 22.9429355 ], [ 72.6857882, 22.9435453 ], [ 72.6848182, 22.9442839 ], [ 72.6837644, 22.9449967 ], [ 72.6830929, 22.9453403 ], [ 72.6825706, 22.9455979 ], [ 72.6818804, 22.9458384 ], [ 72.6812556, 22.9459157 ], [ 72.6805654, 22.9454863 ], [ 72.680211, 22.9447734 ], [ 72.6798566, 22.9442667 ], [ 72.6794649, 22.9438974 ], [ 72.6790172, 22.9435539 ], [ 72.6779261, 22.9425833 ], [ 72.6758929, 22.9406165 ], [ 72.675296, 22.9400583 ], [ 72.6749323, 22.9398693 ], [ 72.6733841, 22.9393196 ], [ 72.6723769, 22.9390362 ], [ 72.6717427, 22.9381859 ], [ 72.6718173, 22.9371381 ], [ 72.6718639, 22.9357381 ], [ 72.6725261, 22.9344411 ], [ 72.6732442, 22.9327147 ], [ 72.6737852, 22.9320963 ], [ 72.6744473, 22.9314263 ], [ 72.6745779, 22.9307735 ], [ 72.6742515, 22.9304385 ], [ 72.6738131, 22.9302925 ], [ 72.6734867, 22.9302066 ], [ 72.6732815, 22.930198 ], [ 72.6725074, 22.9302839 ], [ 72.6720505, 22.9304385 ], [ 72.6714909, 22.9306103 ], [ 72.6709593, 22.9307993 ], [ 72.6705862, 22.9309539 ], [ 72.6698494, 22.9312974 ], [ 72.6692805, 22.9317527 ], [ 72.6683945, 22.9323282 ], [ 72.6676298, 22.9326803 ], [ 72.6663987, 22.9333589 ], [ 72.66555, 22.9343638 ], [ 72.665037, 22.934965 ], [ 72.6647759, 22.9351712 ], [ 72.6644706, 22.9353026 ] ] } },
{ "type": "Feature", "properties": { "element": "way", "id": 219878808, "waterway": "canal" }, "geometry": { "type": "LineString", "coordinates": [ [ 72.5955428, 22.9318066 ], [ 72.5950902, 22.9318142 ] ] } },
{ "type": "Feature", "properties": { "element": "way", "id": 219878809, "waterway": "canal" }, "geometry": { "type": "LineString", "coordinates": [ [ 72.5950902, 22.9318142 ], [ 72.5945343, 22.9318214 ], [ 72.5942017, 22.9318066 ], [ 72.5938745, 22.9317621 ], [ 72.593499, 22.9316482 ], [ 72.5931449, 22.931525 ], [ 72.5928284, 22.9313372 ], [ 72.592528, 22.9311248 ], [ 72.5922598, 22.9308778 ], [ 72.5920238, 22.9305863 ], [ 72.5910689, 22.9291189 ], [ 72.5893684, 22.9266187 ], [ 72.5881077, 22.9247462 ], [ 72.5874908, 22.9238322 ], [ 72.5873567, 22.9236644 ], [ 72.5871958, 22.9235259 ], [ 72.5870241, 22.9233925 ], [ 72.5867774, 22.923264 ], [ 72.5863858, 22.9231308 ], [ 72.5745197, 22.9194153 ], [ 72.574171, 22.9192869 ], [ 72.5738491, 22.9191186 ], [ 72.5736184, 22.918941 ], [ 72.5733717, 22.9187285 ], [ 72.5730927, 22.9184173 ], [ 72.572744, 22.9178935 ], [ 72.5701638, 22.9139602 ], [ 72.5675298, 22.9099875 ], [ 72.567385, 22.9097604 ], [ 72.5672723, 22.9095084 ], [ 72.5671865, 22.9091477 ], [ 72.5671436, 22.9088658 ], [ 72.5671168, 22.9085893 ], [ 72.5671597, 22.9083126 ], [ 72.5672026, 22.9079519 ], [ 72.5672455, 22.9069439 ], [ 72.5672509, 22.906766 ], [ 72.5672133, 22.9065189 ], [ 72.5671168, 22.9062074 ], [ 72.5669773, 22.9058963 ], [ 72.5668378, 22.9056492 ], [ 72.5665964, 22.9053478 ], [ 72.5663336, 22.9051156 ], [ 72.5660439, 22.9049028 ], [ 72.5578041, 22.8991511 ], [ 72.5561571, 22.8979674 ], [ 72.5551861, 22.8972607 ] ] } },
{ "type": "Feature", "properties": { "element": "way", "id": 228294959, "waterway": "canal" }, "geometry": { "type": "LineString", "coordinates": [ [ 72.705278, 23.1149954 ], [ 72.7052813, 23.114597 ], [ 72.7052828, 23.1144258 ], [ 72.7052867, 23.1139361 ], [ 72.7052224, 23.1114595 ], [ 72.705343, 23.1105354 ], [ 72.7062914, 23.108251 ], [ 72.707899, 23.1045249 ], [ 72.7087189, 23.1025583 ], [ 72.7092815, 23.1011166 ], [ 72.7096031, 23.1001185 ], [ 72.7100693, 23.0979892 ], [ 72.7106962, 23.0949504 ], [ 72.711074, 23.0931093 ], [ 72.7117974, 23.0886582 ], [ 72.7120707, 23.0870315 ], [ 72.7134291, 23.0841108 ], [ 72.7146107, 23.0812713 ], [ 72.7152216, 23.0791047 ], [ 72.7155511, 23.077648 ], [ 72.7155671, 23.0776335 ] ] } },
{ "type": "Feature", "properties": { "element": "way", "id": 229021237, "waterway": null }, "geometry": { "type": "Polygon", "coordinates": [ [ [ 72.4734713, 23.0550493 ], [ 72.473997, 23.0552468 ], [ 72.4741579, 23.0554343 ], [ 72.4744798, 23.0554343 ], [ 72.4747266, 23.0555034 ], [ 72.4748231, 23.0556416 ], [ 72.4749519, 23.0557996 ], [ 72.4751128, 23.0560859 ], [ 72.475542, 23.056234 ], [ 72.4757995, 23.056234 ], [ 72.4759282, 23.0561352 ], [ 72.4760677, 23.0561352 ], [ 72.4762286, 23.0561945 ], [ 72.4763359, 23.0561155 ], [ 72.4763359, 23.0559773 ], [ 72.4763359, 23.0558786 ], [ 72.4762072, 23.0557799 ], [ 72.4759818, 23.0558391 ], [ 72.4758316, 23.0557799 ], [ 72.4759497, 23.0556416 ], [ 72.4759282, 23.0555528 ], [ 72.4757887, 23.0553948 ], [ 72.4758531, 23.0551283 ], [ 72.4758746, 23.0549309 ], [ 72.4757244, 23.0548716 ], [ 72.4758316, 23.0546643 ], [ 72.4759604, 23.0546643 ], [ 72.4759926, 23.0550493 ], [ 72.4760569, 23.0552172 ], [ 72.4759818, 23.0553652 ], [ 72.4761642, 23.0554343 ], [ 72.4763252, 23.0552468 ], [ 72.4761964, 23.0550395 ], [ 72.4761428, 23.0547038 ], [ 72.4760033, 23.0545064 ], [ 72.475778, 23.0544471 ], [ 72.4756063, 23.0544373 ], [ 72.4754883, 23.0543879 ], [ 72.4752308, 23.0540128 ], [ 72.4749519, 23.0534994 ], [ 72.4744584, 23.0532329 ], [ 72.4736966, 23.0530157 ], [ 72.4732996, 23.0530157 ], [ 72.4732782, 23.0533119 ], [ 72.4734498, 23.0534205 ], [ 72.4737073, 23.0533514 ], [ 72.4740185, 23.0534797 ], [ 72.4743403, 23.0538746 ], [ 72.4741794, 23.0542398 ], [ 72.4738146, 23.0543484 ], [ 72.4733962, 23.0545162 ], [ 72.4732782, 23.054763 ], [ 72.4732782, 23.0549013 ], [ 72.4734713, 23.0550493 ] ] ] } },
{ "type": "Feature", "properties": { "element": "way", "id": 231000343, "waterway": "canal" }, "geometry": { "type": "LineString", "coordinates": [ [ 72.611327, 22.9869962 ], [ 72.6113894, 22.9869896 ], [ 72.6116813, 22.9869586 ], [ 72.6140557, 22.986521 ], [ 72.6158956, 22.9861211 ], [ 72.6161617, 22.9860342 ], [ 72.6163076, 22.985971 ], [ 72.6164535, 22.985971 ], [ 72.6165736, 22.9859868 ], [ 72.6168912, 22.9861211 ], [ 72.6175331, 22.9863358 ], [ 72.6178216, 22.9863563 ], [ 72.6181041, 22.9862869 ], [ 72.6183713, 22.9861507 ], [ 72.6189321, 22.9858263 ], [ 72.6198792, 22.9852784 ], [ 72.6202123, 22.9851323 ], [ 72.6203447, 22.9851206 ] ] } },
{ "type": "Feature", "properties": { "element": "way", "id": 231000344, "waterway": "canal" }, "geometry": { "type": "LineString", "coordinates": [ [ 72.6092759, 22.9873094 ], [ 72.6098069, 22.9871784 ] ] } },
{ "type": "Feature", "properties": { "element": "way", "id": 231000345, "waterway": "canal" }, "geometry": { "type": "LineString", "coordinates": [ [ 72.6203447, 22.9851206 ], [ 72.6204994, 22.9851151 ] ] } },
{ "type": "Feature", "properties": { "element": "way", "id": 231000346, "waterway": "canal" }, "geometry": { "type": "LineString", "coordinates": [ [ 72.6109061, 22.9870408 ], [ 72.611327, 22.9869962 ] ] } },
{ "type": "Feature", "properties": { "element": "way", "id": 231000347, "waterway": "canal" }, "geometry": { "type": "LineString", "coordinates": [ [ 72.60336, 22.988652 ], [ 72.6039394, 22.9885456 ] ] } },
{ "type": "Feature", "properties": { "element": "way", "id": 231000348, "waterway": "canal" }, "geometry": { "type": "LineString", "coordinates": [ [ 72.5956877, 22.988904 ], [ 72.596339, 22.988931 ] ] } },
{ "type": "Feature", "properties": { "element": "way", "id": 231000349, "waterway": "canal" }, "geometry": { "type": "LineString", "coordinates": [ [ 72.6204994, 22.9851151 ], [ 72.6206745, 22.9851066 ], [ 72.6265293, 22.9845892 ], [ 72.6267956, 22.9845505 ], [ 72.6269849, 22.9845882 ], [ 72.627251, 22.9847067 ], [ 72.6275362, 22.9849556 ], [ 72.6277666, 22.9852198 ], [ 72.6280285, 22.9853121 ], [ 72.628596, 22.9854385 ], [ 72.6287035, 22.9854625 ], [ 72.6329007, 22.9862988 ], [ 72.6357769, 22.9868718 ], [ 72.6366605, 22.9869954 ], [ 72.6370665, 22.9870016 ], [ 72.6374761, 22.9869393 ], [ 72.6376512, 22.9869126 ], [ 72.6382567, 22.9868235 ], [ 72.6386514, 22.9868546 ], [ 72.6392707, 22.9869694 ], [ 72.6396332, 22.9871046 ], [ 72.6400737, 22.9875213 ], [ 72.6403535, 22.9878813 ], [ 72.6405463, 22.9883738 ], [ 72.6405721, 22.988738 ], [ 72.6405278, 22.9890585 ], [ 72.640428, 22.9893749 ], [ 72.6403608, 22.9900262 ], [ 72.6402817, 22.9906215 ], [ 72.6401948, 22.990885 ], [ 72.6399905, 22.9910928 ], [ 72.6395234, 22.9915111 ], [ 72.6390918, 22.9920032 ], [ 72.6387609, 22.9925449 ], [ 72.6385801, 22.9929131 ], [ 72.6385546, 22.9936003 ], [ 72.6385453, 22.9938678 ], [ 72.6385668, 22.9941843 ], [ 72.6386625, 22.9945181 ], [ 72.6388562, 22.9948955 ], [ 72.6390453, 22.9951286 ], [ 72.6392841, 22.9952349 ], [ 72.6396188, 22.9952814 ], [ 72.6417889, 22.9953343 ], [ 72.6423557, 22.9955287 ], [ 72.642819, 22.9958398 ], [ 72.6436794, 22.9964388 ], [ 72.6439756, 22.996609 ], [ 72.6444576, 22.9969482 ], [ 72.6448893, 22.9973747 ], [ 72.6452545, 22.9978606 ], [ 72.6454086, 22.9981233 ], [ 72.6454544, 22.9983779 ], [ 72.6454471, 22.9988183 ], [ 72.6454013, 22.9991114 ], [ 72.6453305, 22.9993288 ], [ 72.645211, 22.9995136 ], [ 72.6450068, 22.999773 ], [ 72.6448221, 22.9999869 ], [ 72.6446453, 23.0003947 ], [ 72.6445974, 23.0005644 ], [ 72.6445335, 23.0026859 ], [ 72.6444992, 23.002972 ], [ 72.6444276, 23.0032191 ], [ 72.6442454, 23.003589 ], [ 72.6439841, 23.0038435 ] ] } },
{ "type": "Feature", "properties": { "element": "way", "id": 231000350, "waterway": "canal" }, "geometry": { "type": "LineString", "coordinates": [ [ 72.6098069, 22.9871784 ], [ 72.6099647, 22.9871404 ], [ 72.6109061, 22.9870408 ] ] } },
{ "type": "Feature", "properties": { "element": "way", "id": 231000351, "waterway": "canal" }, "geometry": { "type": "LineString", "coordinates": [ [ 72.6039394, 22.9885456 ], [ 72.6064714, 22.9880807 ], [ 72.6075271, 22.9877251 ], [ 72.6092759, 22.9873094 ] ] } },
{ "type": "Feature", "properties": { "element": "way", "id": 231000352, "waterway": "canal" }, "geometry": { "type": "LineString", "coordinates": [ [ 72.596339, 22.988931 ], [ 72.5978711, 22.9888708 ], [ 72.5997594, 22.9888787 ], [ 72.6008237, 22.9887997 ], [ 72.6015104, 22.9888313 ], [ 72.6021026, 22.9887918 ], [ 72.60336, 22.988652 ] ] } },
{ "type": "Feature", "properties": { "element": "way", "id": 260331805, "waterway": "canal" }, "geometry": { "type": "LineString", "coordinates": [ [ 72.6068981, 22.9492565 ], [ 72.6071794, 22.9484539 ], [ 72.6076146, 22.9470735 ], [ 72.6077632, 22.9465287 ], [ 72.6078314, 22.946167 ], [ 72.6083627, 22.9401195 ], [ 72.6087491, 22.9357811 ], [ 72.6087787, 22.9352976 ], [ 72.608827, 22.9338784 ], [ 72.6088728, 22.9315878 ] ] } },
{ "type": "Feature", "properties": { "element": "way", "id": 260331806, "waterway": "canal" }, "geometry": { "type": "LineString", "coordinates": [ [ 72.6067911, 22.9493732 ], [ 72.6067058, 22.9493475 ] ] } },
{ "type": "Feature", "properties": { "element": "way", "id": 260331807, "waterway": "canal" }, "geometry": { "type": "LineString", "coordinates": [ [ 72.6068675, 22.9493454 ], [ 72.6068981, 22.9492565 ] ] } },
{ "type": "Feature", "properties": { "element": "way", "id": 260331808, "waterway": "canal" }, "geometry": { "type": "LineString", "coordinates": [ [ 72.6067058, 22.9493475 ], [ 72.6043722, 22.948643 ], [ 72.6040291, 22.9485193 ], [ 72.6036967, 22.9483494 ], [ 72.6033204, 22.9480661 ], [ 72.6030327, 22.9477553 ], [ 72.6028015, 22.9474183 ], [ 72.6026296, 22.9470903 ], [ 72.6017041, 22.9452493 ], [ 72.6009644, 22.9437726 ], [ 72.6005532, 22.942937 ], [ 72.600006, 22.9411882 ], [ 72.5986756, 22.9367321 ], [ 72.5981767, 22.9350821 ], [ 72.5976832, 22.933427 ], [ 72.5975867, 22.9331306 ], [ 72.5973882, 22.9327996 ], [ 72.59712, 22.9324637 ], [ 72.5968517, 22.9322463 ], [ 72.5965406, 22.9320684 ], [ 72.5962402, 22.9319447 ], [ 72.5957949, 22.9318362 ], [ 72.5955428, 22.9318066 ] ] } },
{ "type": "Feature", "properties": { "element": "way", "id": 260331809, "waterway": "canal" }, "geometry": { "type": "LineString", "coordinates": [ [ 72.6439841, 23.0038435 ], [ 72.6438119, 23.0040184 ] ] } },
{ "type": "Feature", "properties": { "element": "way", "id": 260331810, "waterway": "canal" }, "geometry": { "type": "LineString", "coordinates": [ [ 72.7080867, 23.1035878 ], [ 72.7085927, 23.1036637 ] ] } },
{ "type": "Feature", "properties": { "element": "way", "id": 260331811, "waterway": "canal" }, "geometry": { "type": "LineString", "coordinates": [ [ 72.6438119, 23.0040184 ], [ 72.6426075, 23.0048894 ], [ 72.6423891, 23.0050118 ], [ 72.6422729, 23.0051797 ], [ 72.6422465, 23.0053398 ], [ 72.6422709, 23.0055574 ], [ 72.6426028, 23.0074408 ], [ 72.6427147, 23.008118 ], [ 72.6427573, 23.0085085 ], [ 72.642752, 23.0089114 ], [ 72.6427206, 23.0093342 ], [ 72.642668, 23.0097166 ], [ 72.642309, 23.011177 ], [ 72.642263, 23.0114505 ], [ 72.642279, 23.0117853 ], [ 72.6423348, 23.0121109 ], [ 72.6423744, 23.0124386 ], [ 72.6423649, 23.0127189 ], [ 72.64225, 23.0131176 ], [ 72.6418719, 23.0140715 ], [ 72.6418056, 23.0143967 ], [ 72.6417856, 23.0146255 ], [ 72.6418037, 23.0148761 ], [ 72.6420071, 23.017688 ], [ 72.6420978, 23.0180413 ], [ 72.6422582, 23.0182544 ], [ 72.642499, 23.0184484 ], [ 72.643361, 23.0190256 ], [ 72.6439028, 23.0194527 ], [ 72.6446859, 23.0199039 ], [ 72.6455613, 23.0203899 ], [ 72.6467918, 23.020889 ], [ 72.6477737, 23.0212896 ], [ 72.6479811, 23.0214164 ], [ 72.6482155, 23.0218815 ], [ 72.6483174, 23.0228814 ], [ 72.6483822, 23.023487 ], [ 72.6483679, 23.023665 ], [ 72.6483115, 23.0241316 ], [ 72.648339, 23.0243334 ], [ 72.6484108, 23.0245465 ], [ 72.648782, 23.0251649 ], [ 72.6489153, 23.0254606 ], [ 72.6492019, 23.026205 ], [ 72.6492992, 23.0265884 ], [ 72.6494535, 23.0277058 ], [ 72.6494504, 23.0280635 ], [ 72.6494208, 23.0285246 ], [ 72.6493781, 23.0287828 ], [ 72.649155, 23.0292015 ], [ 72.6489318, 23.0296596 ], [ 72.6487859, 23.0300862 ], [ 72.6487333, 23.0304826 ], [ 72.6487109, 23.0307841 ], [ 72.6487561, 23.0308746 ], [ 72.648914, 23.030944 ], [ 72.6509249, 23.0316187 ], [ 72.6514716, 23.0319061 ], [ 72.6519419, 23.0322052 ], [ 72.652161, 23.0324833 ], [ 72.6522501, 23.0327598 ], [ 72.6521492, 23.0348577 ], [ 72.6521579, 23.035625 ], [ 72.6520112, 23.0365346 ], [ 72.6521435, 23.0368992 ], [ 72.6525996, 23.0384554 ], [ 72.6527298, 23.0389755 ], [ 72.6527035, 23.0392792 ], [ 72.6524004, 23.0400361 ], [ 72.6523802, 23.0404097 ], [ 72.6524241, 23.0406881 ], [ 72.6523585, 23.0408041 ], [ 72.6521418, 23.0409543 ], [ 72.6519897, 23.0411561 ], [ 72.6519174, 23.0413887 ], [ 72.6519016, 23.0415565 ], [ 72.6519783, 23.0420866 ], [ 72.6520417, 23.0423122 ], [ 72.6521792, 23.0425278 ], [ 72.6527495, 23.0433534 ], [ 72.653063, 23.0438724 ], [ 72.6536563, 23.0452651 ], [ 72.6538671, 23.0457568 ], [ 72.6539014, 23.0466572 ], [ 72.6540216, 23.0469337 ], [ 72.654116, 23.047218 ], [ 72.6539443, 23.0477708 ], [ 72.6537727, 23.0479525 ], [ 72.6533521, 23.0482289 ], [ 72.6530946, 23.0485132 ], [ 72.6524165, 23.0498243 ], [ 72.6523736, 23.0501402 ], [ 72.6523328, 23.0503112 ] ] } },
{ "type": "Feature", "properties": { "element": "way", "id": 260331818, "waterway": "canal" }, "geometry": { "type": "LineString", "coordinates": [ [ 72.7085927, 23.1036637 ], [ 72.7118972, 23.1041347 ], [ 72.7180341, 23.105011 ], [ 72.7228406, 23.1056978 ], [ 72.7299131, 23.1067162 ], [ 72.7315267, 23.1069293 ], [ 72.7318339, 23.1071364 ] ] } },
{ "type": "Feature", "properties": { "element": "way", "id": 261122029, "waterway": "canal" }, "geometry": { "type": "LineString", "coordinates": [ [ 72.6610438, 23.0682267 ], [ 72.661216, 23.0682665 ], [ 72.6625961, 23.0689041 ], [ 72.6627334, 23.0690936 ], [ 72.6627763, 23.0693305 ], [ 72.6627763, 23.0706019 ], [ 72.662845, 23.070902 ], [ 72.662948, 23.0711705 ], [ 72.6630667, 23.0713684 ], [ 72.6634735, 23.0717122 ], [ 72.6639331, 23.0719906 ], [ 72.6641925, 23.0722128 ], [ 72.6642097, 23.0725129 ], [ 72.6641153, 23.072734 ], [ 72.6639007, 23.0729472 ], [ 72.6636181, 23.0731777 ], [ 72.6635054, 23.0740243 ], [ 72.6637609, 23.0745459 ], [ 72.6637818, 23.0749672 ], [ 72.6637488, 23.0751373 ], [ 72.6635643, 23.0754156 ], [ 72.6634192, 23.0757127 ], [ 72.6632674, 23.0765288 ], [ 72.6632006, 23.077102 ], [ 72.6634702, 23.0774378 ], [ 72.6639915, 23.0779325 ], [ 72.6647287, 23.0783127 ], [ 72.6654736, 23.0787312 ], [ 72.6659864, 23.0789563 ], [ 72.667085, 23.0799591 ], [ 72.6675227, 23.0802591 ], [ 72.6682094, 23.0805829 ], [ 72.6690076, 23.0809303 ], [ 72.6696771, 23.0814435 ], [ 72.6700118, 23.0820436 ], [ 72.6705526, 23.0828174 ], [ 72.6709731, 23.0832596 ], [ 72.6720546, 23.0843808 ], [ 72.6722348, 23.0846335 ], [ 72.6723207, 23.0851546 ], [ 72.6729816, 23.0861652 ], [ 72.6736081, 23.0863863 ], [ 72.6754106, 23.0890077 ], [ 72.6758397, 23.0893077 ], [ 72.6764491, 23.0895209 ], [ 72.6794704, 23.089963 ], [ 72.6812299, 23.0902157 ], [ 72.6816076, 23.0903499 ], [ 72.6821054, 23.0906104 ], [ 72.6864312, 23.0934054 ], [ 72.6919158, 23.0968714 ], [ 72.6993316, 23.1015768 ], [ 72.7000955, 23.1020189 ], [ 72.7008165, 23.1023347 ], [ 72.7014774, 23.1025478 ], [ 72.7021554, 23.1027057 ], [ 72.7029966, 23.1028241 ], [ 72.7071765, 23.1034557 ], [ 72.7080867, 23.1035878 ] ] } },
{ "type": "Feature", "properties": { "element": "way", "id": 261122030, "waterway": "canal" }, "geometry": { "type": "LineString", "coordinates": [ [ 72.6523328, 23.0503112 ], [ 72.6523111, 23.050453 ] ] } },
{ "type": "Feature", "properties": { "element": "way", "id": 297225637, "waterway": null }, "geometry": { "type": "Polygon", "coordinates": [ [ [ 72.5513157, 23.0844669 ], [ 72.5514632, 23.0845631 ], [ 72.5517046, 23.0845582 ], [ 72.551887, 23.0845162 ], [ 72.5528795, 23.0843114 ], [ 72.553027, 23.0841412 ], [ 72.5530377, 23.0839684 ], [ 72.5530055, 23.0838253 ], [ 72.552571, 23.0834725 ], [ 72.5525576, 23.0834601 ], [ 72.5525817, 23.0833911 ], [ 72.5524905, 23.0833343 ], [ 72.5521982, 23.0832356 ], [ 72.552107, 23.0832208 ], [ 72.5520667, 23.0830728 ], [ 72.5517422, 23.0832331 ], [ 72.5514847, 23.0834601 ], [ 72.5512353, 23.0839043 ], [ 72.5512138, 23.0841831 ], [ 72.5513157, 23.0844669 ] ] ] } },
{ "type": "Feature", "properties": { "element": "way", "id": 297316929, "waterway": null }, "geometry": { "type": "Polygon", "coordinates": [ [ [ 72.5631975, 23.0882751 ], [ 72.5634804, 23.0882983 ], [ 72.5637066, 23.0881422 ], [ 72.5637569, 23.087749 ], [ 72.5637066, 23.0872055 ], [ 72.5635809, 23.0870667 ], [ 72.5630467, 23.0871072 ], [ 72.5627701, 23.0876738 ], [ 72.562877, 23.0880439 ], [ 72.5630278, 23.0882058 ], [ 72.5631975, 23.0882751 ] ] ] } },
{ "type": "Feature", "properties": { "element": "way", "id": 313584708, "waterway": null }, "geometry": { "type": "Polygon", "coordinates": [ [ [ 72.6578251, 23.076992 ], [ 72.6581169, 23.077591 ], [ 72.6575247, 23.0776222 ], [ 72.657052, 23.0773705 ], [ 72.6568207, 23.0769358 ], [ 72.6567492, 23.0764731 ], [ 72.6568996, 23.0760267 ], [ 72.6573145, 23.0756741 ], [ 72.6579817, 23.0754936 ], [ 72.6583969, 23.0755919 ], [ 72.6587448, 23.0758223 ], [ 72.6589768, 23.0761507 ], [ 72.6590826, 23.0766984 ], [ 72.6587799, 23.0772583 ], [ 72.6584487, 23.0774746 ], [ 72.6581722, 23.0768974 ], [ 72.6582618, 23.0766844 ], [ 72.6581542, 23.0764099 ], [ 72.657798, 23.0763823 ], [ 72.6575894, 23.0765709 ], [ 72.6576115, 23.0768393 ], [ 72.6578251, 23.076992 ] ] ] } },
{ "type": "Feature", "properties": { "element": "way", "id": 316612687, "waterway": null }, "geometry": { "type": "Polygon", "coordinates": [ [ [ 72.6800953, 23.0918184 ], [ 72.6813858, 23.0916593 ], [ 72.6813056, 23.0911088 ], [ 72.6800151, 23.0912679 ], [ 72.6800953, 23.0918184 ] ] ] } },
{ "type": "Feature", "properties": { "element": "way", "id": 316612689, "waterway": null }, "geometry": { "type": "Polygon", "coordinates": [ [ [ 72.6818201, 23.0794363 ], [ 72.6822318, 23.079732 ], [ 72.6823451, 23.0797278 ], [ 72.6825695, 23.0791511 ], [ 72.6825626, 23.0789936 ], [ 72.6822202, 23.0787745 ], [ 72.6819936, 23.0788681 ], [ 72.6818455, 23.0791575 ], [ 72.6818201, 23.0794363 ] ] ] } },
{ "type": "Feature", "properties": { "element": "way", "id": 321978190, "waterway": null }, "geometry": { "type": "Polygon", "coordinates": [ [ [ 72.4486171, 23.0169751 ], [ 72.4481653, 23.0170738 ], [ 72.4479429, 23.0170988 ], [ 72.4477723, 23.0170805 ], [ 72.4475571, 23.0170418 ], [ 72.4473503, 23.0169867 ], [ 72.4471537, 23.0168953 ], [ 72.4469201, 23.0167601 ], [ 72.4466516, 23.0164776 ], [ 72.4464115, 23.0162566 ], [ 72.4461131, 23.0160892 ], [ 72.4460884, 23.0160548 ], [ 72.446083, 23.0160239 ], [ 72.4460848, 23.0159897 ], [ 72.4461058, 23.0159552 ], [ 72.4461786, 23.015931 ], [ 72.4462848, 23.0159245 ], [ 72.4463573, 23.0159636 ], [ 72.4464122, 23.015975 ], [ 72.4464901, 23.0159555 ], [ 72.4468263, 23.0158346 ], [ 72.4472047, 23.0157543 ], [ 72.4473182, 23.0157682 ], [ 72.4474449, 23.0158212 ], [ 72.4476268, 23.0161427 ], [ 72.4476916, 23.0161998 ], [ 72.44775, 23.0162258 ], [ 72.4478314, 23.0162144 ], [ 72.4479033, 23.0162164 ], [ 72.4479871, 23.0162666 ], [ 72.4481039, 23.0163399 ], [ 72.4482493, 23.016453 ], [ 72.4483977, 23.0165777 ], [ 72.4485228, 23.0167283 ], [ 72.448633, 23.0168822 ], [ 72.4486401, 23.0169441 ], [ 72.4486171, 23.0169751 ] ] ] } },
{ "type": "Feature", "properties": { "element": "way", "id": 323234510, "waterway": null }, "geometry": { "type": "Polygon", "coordinates": [ [ [ 72.6418972, 23.0590863 ], [ 72.6418792, 23.0590364 ], [ 72.6418575, 23.0589998 ], [ 72.6418177, 23.0589799 ], [ 72.6417707, 23.0589599 ], [ 72.6416695, 23.0589865 ], [ 72.6413839, 23.0591961 ], [ 72.6412683, 23.0593058 ], [ 72.6411237, 23.0594555 ], [ 72.6410658, 23.0595885 ], [ 72.6409899, 23.0597415 ], [ 72.640914, 23.0598613 ], [ 72.6408887, 23.0599245 ], [ 72.6408634, 23.0599877 ], [ 72.6408706, 23.0600642 ], [ 72.6408887, 23.0601573 ], [ 72.6409429, 23.0602637 ], [ 72.6411128, 23.0603436 ], [ 72.6411779, 23.0603302 ], [ 72.6412827, 23.0603702 ], [ 72.6413478, 23.0603901 ], [ 72.6413839, 23.0603236 ], [ 72.6413695, 23.0602338 ], [ 72.6414165, 23.0601939 ], [ 72.6415358, 23.0602438 ], [ 72.6416008, 23.0603136 ], [ 72.6417129, 23.0603502 ], [ 72.6417996, 23.0603302 ], [ 72.6418322, 23.060287 ], [ 72.6419117, 23.0603136 ], [ 72.6419732, 23.0602903 ], [ 72.642031, 23.0602504 ], [ 72.6417707, 23.0594256 ], [ 72.6417237, 23.0592825 ], [ 72.6417563, 23.0592293 ], [ 72.6418141, 23.0591694 ], [ 72.6418972, 23.0590863 ] ] ] } },
{ "type": "Feature", "properties": { "element": "way", "id": 326493488, "waterway": null }, "geometry": { "type": "Polygon", "coordinates": [ [ [ 72.4887439, 23.0160368 ], [ 72.4888052, 23.0160799 ], [ 72.4888556, 23.0160799 ], [ 72.4889169, 23.0160799 ], [ 72.4889674, 23.0161296 ], [ 72.4890106, 23.0162092 ], [ 72.4890467, 23.0162391 ], [ 72.4890641, 23.0162006 ], [ 72.4890937, 23.0162113 ], [ 72.4891319, 23.0162143 ], [ 72.4891692, 23.0161928 ], [ 72.4892222, 23.0162069 ], [ 72.4892474, 23.0162019 ], [ 72.4892997, 23.0162202 ], [ 72.4893285, 23.0162384 ], [ 72.4893664, 23.0162235 ], [ 72.4894096, 23.016182 ], [ 72.4894421, 23.0161289 ], [ 72.4894673, 23.0160974 ], [ 72.4894997, 23.0161041 ], [ 72.4895249, 23.016124 ], [ 72.4895502, 23.016119 ], [ 72.489561, 23.0160908 ], [ 72.4896006, 23.0160825 ], [ 72.4896277, 23.016056 ], [ 72.4896439, 23.0160344 ], [ 72.4896727, 23.0159929 ], [ 72.4897178, 23.0159465 ], [ 72.4897466, 23.0159017 ], [ 72.4897935, 23.0158685 ], [ 72.4898259, 23.0158188 ], [ 72.4898308, 23.0157546 ], [ 72.4897959, 23.0156716 ], [ 72.4897103, 23.0156541 ], [ 72.489612, 23.0156592 ], [ 72.489566, 23.0156323 ], [ 72.4895149, 23.0155102 ], [ 72.4894282, 23.0153917 ], [ 72.4893083, 23.0152276 ], [ 72.4892276, 23.0152366 ], [ 72.4892492, 23.0152764 ], [ 72.4892582, 23.0153262 ], [ 72.4892655, 23.0153992 ], [ 72.4892456, 23.0154406 ], [ 72.4892258, 23.0154937 ], [ 72.4892096, 23.0155683 ], [ 72.4891862, 23.0156247 ], [ 72.4891663, 23.0156761 ], [ 72.4891501, 23.015706 ], [ 72.4891303, 23.0157408 ], [ 72.4891159, 23.0157757 ], [ 72.4890816, 23.0158204 ], [ 72.4890582, 23.0158453 ], [ 72.4890204, 23.0158802 ], [ 72.4889699, 23.0159067 ], [ 72.4889411, 23.0159349 ], [ 72.4888942, 23.0159714 ], [ 72.4888203, 23.0159979 ], [ 72.4887771, 23.0160162 ], [ 72.4887439, 23.0160368 ] ] ] } },
{ "type": "Feature", "properties": { "element": "way", "id": 326674773, "waterway": "drain" }, "geometry": { "type": "LineString", "coordinates": [ [ 72.5081422, 22.9609619 ], [ 72.5065022, 22.9609319 ], [ 72.5049209, 22.9607515 ], [ 72.5038714, 22.9605325 ], [ 72.5030317, 22.9601072 ], [ 72.502984, 22.9600683 ] ] } },
{ "type": "Feature", "properties": { "element": "way", "id": 326728739, "waterway": "stream" }, "geometry": { "type": "LineString", "coordinates": [ [ 72.635399, 22.9785708 ], [ 72.6349458, 22.9781929 ], [ 72.6347262, 22.9753893 ], [ 72.6347561, 22.9745069 ], [ 72.6349958, 22.973891 ], [ 72.6355349, 22.9733946 ], [ 72.6362238, 22.9734038 ], [ 72.6376116, 22.9736336 ], [ 72.6379011, 22.9735509 ], [ 72.6401775, 22.9698463 ], [ 72.6401675, 22.969065 ], [ 72.6401276, 22.9675258 ], [ 72.6406672, 22.9666948 ], [ 72.6411418, 22.9649129 ], [ 72.6415326, 22.9642018 ], [ 72.6419513, 22.9633324 ], [ 72.6424508, 22.9629256 ], [ 72.6430031, 22.9627089 ], [ 72.6434498, 22.9627089 ], [ 72.644127, 22.9629875 ], [ 72.6444536, 22.9629875 ], [ 72.6446265, 22.9626868 ], [ 72.6446841, 22.96159 ], [ 72.644492, 22.9602456 ], [ 72.6433153, 22.9570525 ], [ 72.6420761, 22.9557744 ], [ 72.6420137, 22.9551685 ], [ 72.641884, 22.9545936 ], [ 72.6406401, 22.9533243 ], [ 72.6402654, 22.9526786 ], [ 72.6399148, 22.9515817 ], [ 72.6386228, 22.9489634 ], [ 72.6381809, 22.9486406 ], [ 72.6380513, 22.9484194 ], [ 72.6382962, 22.9477427 ], [ 72.6386084, 22.9461461 ], [ 72.6390263, 22.9448988 ], [ 72.6400589, 22.9445228 ], [ 72.6399004, 22.9439125 ], [ 72.640179, 22.9435056 ], [ 72.6402323, 22.9423807 ] ] } },
{ "type": "Feature", "properties": { "element": "way", "id": 326732726, "waterway": null }, "geometry": { "type": "Polygon", "coordinates": [ [ [ 72.613015, 22.9536823 ], [ 72.6132073, 22.9533932 ], [ 72.6135051, 22.9531938 ], [ 72.6138632, 22.9531146 ], [ 72.613963, 22.9531835 ], [ 72.6139005, 22.9534489 ], [ 72.6142165, 22.9535736 ], [ 72.6143588, 22.9533082 ], [ 72.6145409, 22.9533446 ], [ 72.6147574, 22.9536189 ], [ 72.6148435, 22.9539486 ], [ 72.614786, 22.9542835 ], [ 72.6145936, 22.9545726 ], [ 72.6142958, 22.954772 ], [ 72.6139378, 22.9548512 ], [ 72.6135741, 22.9547983 ], [ 72.61326, 22.9546212 ], [ 72.6130435, 22.9543469 ], [ 72.6129575, 22.9540172 ], [ 72.613015, 22.9536823 ] ] ] } },
{ "type": "Feature", "properties": { "element": "way", "id": 326971304, "waterway": null }, "geometry": { "type": "Polygon", "coordinates": [ [ [ 72.5886414, 22.9924636 ], [ 72.5889456, 22.9931309 ], [ 72.5901299, 22.9931249 ], [ 72.5918481, 22.9929838 ], [ 72.5919659, 22.9927413 ], [ 72.5919537, 22.9915834 ], [ 72.5923131, 22.9911838 ], [ 72.5928261, 22.991137 ], [ 72.5927914, 22.9909248 ], [ 72.5914886, 22.9910719 ], [ 72.5903812, 22.9914679 ], [ 72.5892509, 22.9922008 ], [ 72.5886414, 22.9924636 ] ] ] } },
{ "type": "Feature", "properties": { "element": "way", "id": 336346912, "waterway": null }, "geometry": { "type": "Polygon", "coordinates": [ [ [ 72.511344, 23.0093044 ], [ 72.5116966, 23.0094453 ], [ 72.5116526, 23.009496 ], [ 72.5121649, 23.0098098 ], [ 72.5122724, 23.0098051 ], [ 72.51236, 23.0097617 ], [ 72.5123982, 23.0097037 ], [ 72.5123774, 23.0094813 ], [ 72.5122444, 23.0089688 ], [ 72.5119843, 23.0086666 ], [ 72.5118364, 23.0085782 ], [ 72.5116759, 23.0086273 ], [ 72.5115571, 23.0087593 ], [ 72.5114558, 23.0089555 ], [ 72.511344, 23.0093044 ] ] ] } },
{ "type": "Feature", "properties": { "element": "way", "id": 360829674, "waterway": null }, "geometry": { "type": "Polygon", "coordinates": [ [ [ 72.463021, 23.0668053 ], [ 72.4629759, 23.0668759 ], [ 72.4629488, 23.0669672 ], [ 72.4629623, 23.0670668 ], [ 72.4629804, 23.0671581 ], [ 72.4629759, 23.0672702 ], [ 72.4629849, 23.067349 ], [ 72.4630661, 23.0673781 ], [ 72.463215, 23.0673864 ], [ 72.4633503, 23.0673864 ], [ 72.4634541, 23.0673864 ], [ 72.4635353, 23.067403 ], [ 72.463612, 23.0673947 ], [ 72.4637203, 23.0674279 ], [ 72.4638285, 23.0674736 ], [ 72.464018, 23.0674736 ], [ 72.4641624, 23.0674985 ], [ 72.4642977, 23.0675068 ], [ 72.4644015, 23.0675275 ], [ 72.4645008, 23.06754 ], [ 72.4646135, 23.0675607 ], [ 72.4647354, 23.0675607 ], [ 72.4648797, 23.0675607 ], [ 72.464997, 23.0675649 ], [ 72.4650873, 23.06754 ], [ 72.465164, 23.0674736 ], [ 72.465173, 23.0673947 ], [ 72.4651775, 23.0673407 ], [ 72.465164, 23.0672785 ], [ 72.4652091, 23.0671955 ], [ 72.4651775, 23.0671207 ], [ 72.4652226, 23.0670751 ], [ 72.4652316, 23.0669921 ], [ 72.4651955, 23.0669464 ], [ 72.4651549, 23.0669049 ], [ 72.465173, 23.0668551 ], [ 72.4651188, 23.0668053 ], [ 72.46497, 23.0667804 ], [ 72.4648797, 23.0667555 ], [ 72.4647985, 23.0666642 ], [ 72.4647805, 23.066606 ], [ 72.4647038, 23.066606 ], [ 72.4646226, 23.0665479 ], [ 72.4645594, 23.0665023 ], [ 72.4644872, 23.0664691 ], [ 72.4643519, 23.0664193 ], [ 72.4642256, 23.0663777 ], [ 72.4640767, 23.0663736 ], [ 72.4639052, 23.066411 ], [ 72.4637022, 23.0663985 ], [ 72.4635398, 23.0663985 ], [ 72.4633999, 23.0664068 ], [ 72.4633142, 23.0664317 ], [ 72.4631969, 23.0664317 ], [ 72.4631022, 23.0664027 ], [ 72.4630571, 23.0664276 ], [ 72.4629217, 23.0664649 ], [ 72.4628721, 23.0665189 ], [ 72.4627999, 23.0665521 ], [ 72.4627007, 23.0665272 ], [ 72.462651, 23.0665106 ], [ 72.4626059, 23.0665562 ], [ 72.4626555, 23.0666434 ], [ 72.4627864, 23.0666559 ], [ 72.462854, 23.0666725 ], [ 72.4629804, 23.0667057 ], [ 72.4630345, 23.066743 ], [ 72.4631653, 23.0667347 ], [ 72.4632781, 23.0667472 ], [ 72.4632781, 23.066797 ], [ 72.4631879, 23.0668011 ], [ 72.463021, 23.0668053 ] ] ] } },
{ "type": "Feature", "properties": { "element": "way", "id": 360830122, "waterway": null }, "geometry": { "type": "Polygon", "coordinates": [ [ [ 72.437444, 23.0708848 ], [ 72.4373854, 23.0709507 ], [ 72.4373464, 23.0710466 ], [ 72.4372943, 23.0711604 ], [ 72.4371575, 23.0712562 ], [ 72.4370664, 23.071394 ], [ 72.4369687, 23.0715258 ], [ 72.4368776, 23.0716396 ], [ 72.4367799, 23.0717714 ], [ 72.4367018, 23.0718792 ], [ 72.4365911, 23.072017 ], [ 72.4365064, 23.0721188 ], [ 72.4364023, 23.0722267 ], [ 72.4362981, 23.0723405 ], [ 72.4362785, 23.0724138 ], [ 72.4363897, 23.072522 ], [ 72.4364576, 23.0725812 ], [ 72.4365108, 23.0726084 ], [ 72.436566, 23.0726463 ], [ 72.4366085, 23.0726784 ], [ 72.43665, 23.0727428 ], [ 72.4367152, 23.0727702 ], [ 72.4367799, 23.0728436 ], [ 72.4369427, 23.0729335 ], [ 72.4370599, 23.0730293 ], [ 72.4372031, 23.0730952 ], [ 72.4372617, 23.073221 ], [ 72.4372945, 23.0733506 ], [ 72.4373735, 23.0734687 ], [ 72.4374596, 23.0736178 ], [ 72.4375973, 23.0737801 ], [ 72.4377359, 23.0739752 ], [ 72.4378694, 23.0740733 ], [ 72.4379577, 23.0742496 ], [ 72.4379438, 23.0743632 ], [ 72.4379485, 23.0744494 ], [ 72.4379496, 23.0745349 ], [ 72.4379478, 23.0746174 ], [ 72.4379617, 23.0746505 ], [ 72.4380038, 23.0746683 ], [ 72.4380627, 23.0746561 ], [ 72.4381179, 23.0746723 ], [ 72.4381759, 23.074684 ], [ 72.4382105, 23.0746967 ], [ 72.4382335, 23.0747412 ], [ 72.4382588, 23.0747603 ], [ 72.4382841, 23.0748073 ], [ 72.438297, 23.0748433 ], [ 72.4383002, 23.0748852 ], [ 72.4383509, 23.0749106 ], [ 72.4383668, 23.0749549 ], [ 72.4383949, 23.0750212 ], [ 72.4384361, 23.0750589 ], [ 72.4384499, 23.0750758 ], [ 72.4384591, 23.0751372 ], [ 72.4384729, 23.0751965 ], [ 72.4385143, 23.0752537 ], [ 72.4385558, 23.075277 ], [ 72.4386064, 23.0753405 ], [ 72.4386409, 23.0753871 ], [ 72.4386939, 23.0754147 ], [ 72.4387077, 23.0754507 ], [ 72.4387699, 23.0754979 ], [ 72.4388209, 23.0755191 ], [ 72.4388917, 23.075542 ], [ 72.4390052, 23.0755503 ], [ 72.4390741, 23.0755527 ], [ 72.4391563, 23.0755392 ], [ 72.4391959, 23.0755095 ], [ 72.4392086, 23.0754702 ], [ 72.439196, 23.0754258 ], [ 72.4391785, 23.0753455 ], [ 72.4391846, 23.0753171 ], [ 72.4391911, 23.075294 ], [ 72.4391842, 23.0752601 ], [ 72.439099, 23.0752325 ], [ 72.4389563, 23.075205 ], [ 72.438931, 23.0751859 ], [ 72.4388826, 23.0751859 ], [ 72.4388228, 23.0751732 ], [ 72.438786, 23.0751478 ], [ 72.4387376, 23.0751097 ], [ 72.4386916, 23.0750885 ], [ 72.4386455, 23.0750589 ], [ 72.4386271, 23.0750229 ], [ 72.4386317, 23.0749784 ], [ 72.43863, 23.0749173 ], [ 72.4386333, 23.0748723 ], [ 72.438604, 23.0748334 ], [ 72.4386073, 23.0748035 ], [ 72.4385714, 23.0747585 ], [ 72.4385617, 23.0747166 ], [ 72.4385324, 23.0746657 ], [ 72.4384998, 23.0746118 ], [ 72.4384868, 23.0745489 ], [ 72.4385096, 23.074498 ], [ 72.4385259, 23.074465 ], [ 72.4385161, 23.0744261 ], [ 72.4385096, 23.0743452 ], [ 72.4385487, 23.0743093 ], [ 72.4385584, 23.0742554 ], [ 72.438591, 23.0742014 ], [ 72.4386007, 23.0741505 ], [ 72.4385747, 23.0741146 ], [ 72.4386203, 23.0740547 ], [ 72.4386496, 23.0739768 ], [ 72.4386593, 23.0738989 ], [ 72.4386593, 23.0738211 ], [ 72.4386691, 23.0737492 ], [ 72.4386683, 23.0736746 ], [ 72.4386361, 23.0735899 ], [ 72.4385947, 23.0735179 ], [ 72.4385808, 23.0734459 ], [ 72.4385624, 23.0733739 ], [ 72.4385072, 23.0733061 ], [ 72.4384796, 23.0732087 ], [ 72.4384704, 23.0731325 ], [ 72.4384289, 23.073035 ], [ 72.4384105, 23.072963 ], [ 72.4384059, 23.072891 ], [ 72.4384197, 23.0728317 ], [ 72.4384427, 23.072747 ], [ 72.4384151, 23.0726665 ], [ 72.4383645, 23.0726115 ], [ 72.4383184, 23.0725606 ], [ 72.4383322, 23.0725056 ], [ 72.4383783, 23.0724505 ], [ 72.4384151, 23.0724039 ], [ 72.4384151, 23.0723319 ], [ 72.4383599, 23.0722472 ], [ 72.4383553, 23.0721794 ], [ 72.4383829, 23.0721074 ], [ 72.4383645, 23.0720312 ], [ 72.4383645, 23.0719676 ], [ 72.4383967, 23.0718999 ], [ 72.4383506, 23.0717982 ], [ 72.4383645, 23.0717304 ], [ 72.4383645, 23.0716118 ], [ 72.4383829, 23.0715525 ], [ 72.4384013, 23.0714763 ], [ 72.4384595, 23.0714249 ], [ 72.438466, 23.071362 ], [ 72.4385344, 23.071317 ], [ 72.4385669, 23.0712601 ], [ 72.438593, 23.0712062 ], [ 72.4385865, 23.0711313 ], [ 72.4386483, 23.0710744 ], [ 72.4387004, 23.0710325 ], [ 72.4387753, 23.0709696 ], [ 72.4388176, 23.0709157 ], [ 72.4388437, 23.0708468 ], [ 72.4387916, 23.0708228 ], [ 72.4387688, 23.0707899 ], [ 72.438759, 23.070736 ], [ 72.4387069, 23.070715 ], [ 72.4385897, 23.070715 ], [ 72.4385214, 23.070715 ], [ 72.4384465, 23.070733 ], [ 72.4383749, 23.0707569 ], [ 72.4383228, 23.0707749 ], [ 72.4382349, 23.0707899 ], [ 72.4381567, 23.0708079 ], [ 72.4380428, 23.0708198 ], [ 72.4379712, 23.0708228 ], [ 72.4379158, 23.0708288 ], [ 72.4378084, 23.0708228 ], [ 72.4377335, 23.0707959 ], [ 72.4376489, 23.0707779 ], [ 72.4375903, 23.0708049 ], [ 72.4375121, 23.0708438 ], [ 72.437444, 23.0708848 ] ] ] } },
{ "type": "Feature", "properties": { "element": "way", "id": 366459075, "waterway": null }, "geometry": { "type": "Polygon", "coordinates": [ [ [ 72.495285, 23.0354599 ], [ 72.4954587, 23.0354416 ], [ 72.4954534, 23.0353991 ], [ 72.4954002, 23.0354048 ], [ 72.4953986, 23.0353917 ], [ 72.4953448, 23.0353974 ], [ 72.4953395, 23.0353553 ], [ 72.4953933, 23.0353496 ], [ 72.4953904, 23.0353259 ], [ 72.4954421, 23.0353204 ], [ 72.4954374, 23.0352832 ], [ 72.4953791, 23.0352894 ], [ 72.4953777, 23.035278 ], [ 72.4952637, 23.03529 ], [ 72.495285, 23.0354599 ] ] ] } },
{ "type": "Feature", "properties": { "element": "way", "id": 366459076, "waterway": null }, "geometry": { "type": "Polygon", "coordinates": [ [ [ 72.4954427, 23.0364741 ], [ 72.4956695, 23.0364453 ], [ 72.4956534, 23.0363378 ], [ 72.4956257, 23.0363413 ], [ 72.4956106, 23.0362405 ], [ 72.4955496, 23.0362482 ], [ 72.4955533, 23.036273 ], [ 72.4954581, 23.0362851 ], [ 72.4954617, 23.0363092 ], [ 72.4954182, 23.0363147 ], [ 72.4954264, 23.0363699 ], [ 72.4954188, 23.0363708 ], [ 72.495427, 23.0364258 ], [ 72.4954353, 23.0364248 ], [ 72.4954427, 23.0364741 ] ] ] } },
{ "type": "Feature", "properties": { "element": "way", "id": 366459081, "waterway": null }, "geometry": { "type": "Polygon", "coordinates": [ [ [ 72.4925395, 23.0367602 ], [ 72.4926313, 23.0367501 ], [ 72.4926401, 23.0368171 ], [ 72.4927126, 23.036809 ], [ 72.4927039, 23.036742 ], [ 72.4927743, 23.0367342 ], [ 72.49276, 23.0366251 ], [ 72.492858, 23.0366143 ], [ 72.4928504, 23.0365563 ], [ 72.4927445, 23.036568 ], [ 72.4927366, 23.0365074 ], [ 72.4925097, 23.0365326 ], [ 72.4925214, 23.036622 ], [ 72.4925629, 23.0366174 ], [ 72.4925679, 23.0366556 ], [ 72.4925264, 23.0366602 ], [ 72.4925395, 23.0367602 ] ] ] } },
{ "type": "Feature", "properties": { "element": "way", "id": 366459082, "waterway": null }, "geometry": { "type": "Polygon", "coordinates": [ [ [ 72.4955268, 23.0357435 ], [ 72.4956959, 23.0357256 ], [ 72.495683, 23.0356217 ], [ 72.4957173, 23.0356181 ], [ 72.4957156, 23.0356045 ], [ 72.4957743, 23.0355983 ], [ 72.4957683, 23.0355502 ], [ 72.4957116, 23.0355562 ], [ 72.4957131, 23.0355681 ], [ 72.4955195, 23.0355886 ], [ 72.4955202, 23.0355944 ], [ 72.4955083, 23.0355956 ], [ 72.4955155, 23.0356527 ], [ 72.4955601, 23.035648 ], [ 72.4955637, 23.0356767 ], [ 72.495519, 23.0356815 ], [ 72.4955268, 23.0357435 ] ] ] } },
{ "type": "Feature", "properties": { "element": "way", "id": 366459087, "waterway": null }, "geometry": { "type": "Polygon", "coordinates": [ [ [ 72.4943044, 23.0356345 ], [ 72.4944705, 23.0356189 ], [ 72.4944485, 23.0354205 ], [ 72.4944039, 23.0354246 ], [ 72.4944025, 23.0354119 ], [ 72.4943465, 23.0354172 ], [ 72.4943535, 23.0354801 ], [ 72.4943404, 23.0354813 ], [ 72.4943348, 23.0354311 ], [ 72.4942987, 23.0354345 ], [ 72.4943035, 23.0354783 ], [ 72.4942749, 23.035481 ], [ 72.494271, 23.0354464 ], [ 72.4942123, 23.035452 ], [ 72.4942204, 23.0355255 ], [ 72.4942309, 23.0355245 ], [ 72.4942357, 23.0355677 ], [ 72.494285, 23.0355631 ], [ 72.494286, 23.0355723 ], [ 72.4942974, 23.0355712 ], [ 72.4943044, 23.0356345 ] ] ] } },
{ "type": "Feature", "properties": { "element": "way", "id": 366459107, "waterway": null }, "geometry": { "type": "Polygon", "coordinates": [ [ [ 72.4955607, 23.0361859 ], [ 72.4956229, 23.0361793 ], [ 72.4956249, 23.0361954 ], [ 72.4957694, 23.0361799 ], [ 72.495751, 23.0360341 ], [ 72.4957295, 23.0360364 ], [ 72.4957135, 23.0359099 ], [ 72.4957412, 23.035907 ], [ 72.4957349, 23.0358573 ], [ 72.4957062, 23.0358604 ], [ 72.4956998, 23.0358101 ], [ 72.495648, 23.0358156 ], [ 72.4956457, 23.0357971 ], [ 72.4955946, 23.0358026 ], [ 72.4955969, 23.0358209 ], [ 72.4955437, 23.0358266 ], [ 72.4955492, 23.0358701 ], [ 72.4955339, 23.0358718 ], [ 72.4955435, 23.0359479 ], [ 72.4955586, 23.0359463 ], [ 72.4955636, 23.0359853 ], [ 72.49562, 23.0359793 ], [ 72.4956216, 23.0359914 ], [ 72.4956623, 23.0359871 ], [ 72.4956693, 23.0360427 ], [ 72.4955443, 23.036056 ], [ 72.4955607, 23.0361859 ] ] ] } },
{ "type": "Feature", "properties": { "element": "way", "id": 366459111, "waterway": null }, "geometry": { "type": "Polygon", "coordinates": [ [ [ 72.4970737, 23.0356093 ], [ 72.4970939, 23.0356082 ], [ 72.4970959, 23.035639 ], [ 72.4971274, 23.0356373 ], [ 72.497129, 23.0356624 ], [ 72.497162, 23.0356606 ], [ 72.4971639, 23.03569 ], [ 72.4972683, 23.0356844 ], [ 72.4972663, 23.0356521 ], [ 72.4973071, 23.03565 ], [ 72.4973043, 23.0356062 ], [ 72.4973837, 23.035602 ], [ 72.4973809, 23.0355574 ], [ 72.4974163, 23.0355555 ], [ 72.4974108, 23.0354685 ], [ 72.4973879, 23.0354697 ], [ 72.497387, 23.0354546 ], [ 72.4974099, 23.0354534 ], [ 72.4974052, 23.0353781 ], [ 72.4973854, 23.0353791 ], [ 72.4973846, 23.0353674 ], [ 72.4974909, 23.0353617 ], [ 72.4974857, 23.0352788 ], [ 72.4972887, 23.0352893 ], [ 72.4972857, 23.0352415 ], [ 72.4970624, 23.0352534 ], [ 72.4970699, 23.0353729 ], [ 72.4970968, 23.0353714 ], [ 72.4971046, 23.0354965 ], [ 72.4970827, 23.0354976 ], [ 72.4970849, 23.0355321 ], [ 72.4970689, 23.0355329 ], [ 72.4970737, 23.0356093 ] ] ] } },
{ "type": "Feature", "properties": { "element": "way", "id": 366459126, "waterway": null }, "geometry": { "type": "Polygon", "coordinates": [ [ [ 72.4947668, 23.0365256 ], [ 72.4948278, 23.0364921 ], [ 72.4947297, 23.0363407 ], [ 72.4946687, 23.0363741 ], [ 72.4947668, 23.0365256 ] ] ] } },
{ "type": "Feature", "properties": { "element": "way", "id": 366459134, "waterway": null }, "geometry": { "type": "Polygon", "coordinates": [ [ [ 72.4957623, 23.0360895 ], [ 72.4958176, 23.0360858 ], [ 72.4958129, 23.0360265 ], [ 72.4957576, 23.0360302 ], [ 72.4957623, 23.0360895 ] ] ] } },
{ "type": "Feature", "properties": { "element": "way", "id": 366459138, "waterway": null }, "geometry": { "type": "Polygon", "coordinates": [ [ [ 72.4956417, 23.0363294 ], [ 72.4956911, 23.0363255 ], [ 72.4956831, 23.0362389 ], [ 72.4956337, 23.0362427 ], [ 72.4956417, 23.0363294 ] ] ] } },
{ "type": "Feature", "properties": { "element": "way", "id": 366459142, "waterway": null }, "geometry": { "type": "Polygon", "coordinates": [ [ [ 72.4951982, 23.0363467 ], [ 72.4953164, 23.0363342 ], [ 72.4953047, 23.0362408 ], [ 72.4951865, 23.0362533 ], [ 72.4951982, 23.0363467 ] ] ] } },
{ "type": "Feature", "properties": { "element": "way", "id": 366778314, "waterway": null }, "geometry": { "type": "Polygon", "coordinates": [ [ [ 72.4566764, 23.0384993 ], [ 72.4567303, 23.0381829 ], [ 72.4567396, 23.0378589 ], [ 72.4566278, 23.0378227 ], [ 72.4565151, 23.0377764 ], [ 72.4563531, 23.0377601 ], [ 72.4561976, 23.0377625 ], [ 72.4560565, 23.0378018 ], [ 72.4560421, 23.0380997 ], [ 72.4561001, 23.0383277 ], [ 72.4563409, 23.0384276 ], [ 72.4566764, 23.0384993 ] ] ] } },
{ "type": "Feature", "properties": { "element": "way", "id": 366778319, "waterway": null }, "geometry": { "type": "Polygon", "coordinates": [ [ [ 72.4574001, 23.0376937 ], [ 72.4573567, 23.0378489 ], [ 72.4573268, 23.03811 ], [ 72.4573113, 23.0382371 ], [ 72.4573498, 23.0383599 ], [ 72.4574364, 23.0384599 ], [ 72.457558, 23.0385217 ], [ 72.4576247, 23.0385286 ], [ 72.4576174, 23.0385315 ], [ 72.4577497, 23.0385418 ], [ 72.4579678, 23.0385212 ], [ 72.4580707, 23.0385377 ], [ 72.4582338, 23.0386186 ], [ 72.4583498, 23.038739 ], [ 72.458426, 23.0389704 ], [ 72.4582607, 23.039335 ], [ 72.4582746, 23.0393807 ], [ 72.4582991, 23.0394763 ], [ 72.4583616, 23.0395559 ], [ 72.4584524, 23.0396075 ], [ 72.4585578, 23.0396232 ], [ 72.4586617, 23.0396006 ], [ 72.4587799, 23.0395534 ], [ 72.4590932, 23.0392318 ], [ 72.459352, 23.0389 ], [ 72.459396, 23.0386752 ], [ 72.4593914, 23.0384628 ], [ 72.4592714, 23.0382554 ], [ 72.4589897, 23.0380526 ], [ 72.4589085, 23.0380203 ], [ 72.4588202, 23.0380191 ], [ 72.4586938, 23.0379906 ], [ 72.4585622, 23.0379466 ], [ 72.4583147, 23.0377258 ], [ 72.4581551, 23.0376399 ], [ 72.4576152, 23.0375634 ], [ 72.457605, 23.0376195 ], [ 72.4575281, 23.0376023 ], [ 72.4574535, 23.037624 ], [ 72.4574001, 23.0376937 ] ] ] } },
{ "type": "Feature", "properties": { "element": "way", "id": 366778405, "waterway": null }, "geometry": { "type": "Polygon", "coordinates": [ [ [ 72.4606572, 23.04087 ], [ 72.4612055, 23.041081 ], [ 72.4618197, 23.0412072 ], [ 72.4619687, 23.040794 ], [ 72.4613729, 23.0402483 ], [ 72.4611238, 23.0402587 ], [ 72.4609603, 23.0403921 ], [ 72.4606572, 23.04087 ] ] ] } },
{ "type": "Feature", "properties": { "element": "way", "id": 366778748, "waterway": null }, "geometry": { "type": "Polygon", "coordinates": [ [ [ 72.494636, 23.0363284 ], [ 72.4950771, 23.0362782 ], [ 72.4950347, 23.0359741 ], [ 72.4949907, 23.0359786 ], [ 72.4949847, 23.035935 ], [ 72.4944508, 23.0360096 ], [ 72.4945218, 23.0361319 ], [ 72.4946902, 23.0360811 ], [ 72.4947226, 23.0361711 ], [ 72.4945708, 23.036212 ], [ 72.494636, 23.0363284 ] ] ] } },
{ "type": "Feature", "properties": { "element": "way", "id": 366778776, "waterway": null }, "geometry": { "type": "Polygon", "coordinates": [ [ [ 72.4952184, 23.0364206 ], [ 72.4953581, 23.0364053 ], [ 72.4953503, 23.0363447 ], [ 72.4952105, 23.0363599 ], [ 72.4952184, 23.0364206 ] ] ] } },
{ "type": "Feature", "properties": { "element": "way", "id": 366778823, "waterway": null }, "geometry": { "type": "Polygon", "coordinates": [ [ [ 72.4951074, 23.036406 ], [ 72.49516, 23.036402 ], [ 72.4951558, 23.0363554 ], [ 72.4951032, 23.0363594 ], [ 72.4951074, 23.036406 ] ] ] } },
{ "type": "Feature", "properties": { "element": "way", "id": 369050341, "waterway": null }, "geometry": { "type": "Polygon", "coordinates": [ [ [ 72.537329, 23.0515758 ], [ 72.5373182, 23.0515234 ], [ 72.5372953, 23.0514763 ], [ 72.5372403, 23.0514422 ], [ 72.5371809, 23.0514225 ], [ 72.5371305, 23.051411 ], [ 72.5370761, 23.0514114 ], [ 72.5370348, 23.0514163 ], [ 72.5369907, 23.0514239 ], [ 72.5369465, 23.0514336 ], [ 72.5368998, 23.0514463 ], [ 72.5368449, 23.0514624 ], [ 72.536798, 23.0514864 ], [ 72.5367539, 23.0515197 ], [ 72.536729, 23.0515674 ], [ 72.5367191, 23.0516022 ], [ 72.5367171, 23.0516366 ], [ 72.5367178, 23.0516674 ], [ 72.5367337, 23.0516959 ], [ 72.5367453, 23.051719 ], [ 72.5367648, 23.0517434 ], [ 72.5367903, 23.0517591 ], [ 72.5368094, 23.0517772 ], [ 72.5368417, 23.0517932 ], [ 72.536879, 23.0518077 ], [ 72.5369287, 23.0518142 ], [ 72.5369769, 23.0518117 ], [ 72.5370748, 23.0518018 ], [ 72.5371549, 23.0517819 ], [ 72.5372179, 23.0517641 ], [ 72.5372589, 23.0517374 ], [ 72.5373111, 23.0516779 ], [ 72.5373303, 23.0516256 ], [ 72.537329, 23.0515758 ] ] ] } },
{ "type": "Feature", "properties": { "element": "way", "id": 369677549, "waterway": null }, "geometry": { "type": "Polygon", "coordinates": [ [ [ 72.624571, 23.1259692 ], [ 72.6250009, 23.1259951 ], [ 72.6252346, 23.1256308 ], [ 72.625382, 23.1255114 ], [ 72.6252616, 23.1244719 ], [ 72.6243781, 23.1244835 ], [ 72.6244133, 23.125596 ], [ 72.6242242, 23.1258416 ], [ 72.6243043, 23.1258846 ], [ 72.6245246, 23.1258171 ], [ 72.624571, 23.1259692 ] ] ] } },
{ "type": "Feature", "properties": { "element": "way", "id": 378365064, "waterway": null }, "geometry": { "type": "Polygon", "coordinates": [ [ [ 72.4480865, 23.0325125 ], [ 72.4482779, 23.0329373 ], [ 72.4486288, 23.0333861 ], [ 72.4489538, 23.0338073 ], [ 72.4490769, 23.0338545 ], [ 72.4491646, 23.033812 ], [ 72.4492149, 23.0337272 ], [ 72.4492399, 23.0335273 ], [ 72.4492643, 23.0332871 ], [ 72.4492887, 23.0330417 ], [ 72.4493023, 23.0327333 ], [ 72.4492897, 23.0326448 ], [ 72.4491973, 23.0325658 ], [ 72.4490603, 23.0325385 ], [ 72.4489525, 23.0325566 ], [ 72.4488741, 23.0325045 ], [ 72.4487859, 23.0324881 ], [ 72.4486728, 23.0324307 ], [ 72.4486129, 23.0323746 ], [ 72.448585, 23.0322908 ], [ 72.4485965, 23.0322031 ], [ 72.4487033, 23.0320952 ], [ 72.4488316, 23.03207 ], [ 72.4489777, 23.0320834 ], [ 72.4490948, 23.0322112 ], [ 72.4491586, 23.0323786 ], [ 72.4492573, 23.0324343 ], [ 72.449374, 23.0324384 ], [ 72.4494789, 23.0323574 ], [ 72.4495571, 23.0321669 ], [ 72.4495749, 23.031876 ], [ 72.449491, 23.0315366 ], [ 72.4493916, 23.0313962 ], [ 72.4491528, 23.0313352 ], [ 72.4488543, 23.0314756 ], [ 72.448589, 23.0315915 ], [ 72.4483832, 23.0317139 ], [ 72.4482779, 23.0318797 ], [ 72.4481491, 23.0320628 ], [ 72.4480745, 23.0322774 ], [ 72.4480865, 23.0325125 ] ] ] } },
{ "type": "Feature", "properties": { "element": "way", "id": 413809871, "waterway": null }, "geometry": { "type": "Polygon", "coordinates": [ [ [ 72.5563184, 23.0200949 ], [ 72.5562968, 23.0201272 ], [ 72.5562498, 23.0201821 ], [ 72.5561766, 23.0202282 ], [ 72.5561189, 23.0202667 ], [ 72.5560744, 23.0202971 ], [ 72.5560681, 23.0203282 ], [ 72.5560455, 23.02042 ], [ 72.5560602, 23.0204731 ], [ 72.5560603, 23.0205268 ], [ 72.5560466, 23.0205873 ], [ 72.5559869, 23.0206286 ], [ 72.5559825, 23.0206287 ], [ 72.5559815, 23.0206702 ], [ 72.5559935, 23.0207043 ], [ 72.5560291, 23.0207413 ], [ 72.5560625, 23.0207745 ], [ 72.5560652, 23.0208129 ], [ 72.5560605, 23.0208456 ], [ 72.5560528, 23.0208811 ], [ 72.5560466, 23.0209062 ], [ 72.5560288, 23.0209341 ], [ 72.5560234, 23.0209669 ], [ 72.5560162, 23.0209966 ], [ 72.5559916, 23.0210093 ], [ 72.5559614, 23.0210168 ], [ 72.55597, 23.0209871 ], [ 72.5559413, 23.0209582 ], [ 72.5559303, 23.020921 ], [ 72.5559095, 23.0209116 ], [ 72.5558816, 23.0209006 ], [ 72.5558472, 23.0208976 ], [ 72.5557991, 23.0208842 ], [ 72.5557703, 23.0208658 ], [ 72.5557463, 23.0208363 ], [ 72.5557391, 23.0208031 ], [ 72.5557551, 23.0207464 ], [ 72.5557719, 23.0207043 ], [ 72.5558512, 23.0206048 ], [ 72.5559036, 23.0205841 ], [ 72.5559077, 23.0204891 ], [ 72.5558888, 23.0204034 ], [ 72.5558222, 23.0204193 ], [ 72.5557433, 23.020375 ], [ 72.5557006, 23.0203304 ], [ 72.5557087, 23.0202738 ], [ 72.5557722, 23.0202044 ], [ 72.55582, 23.020195 ], [ 72.5558382, 23.020176 ], [ 72.5558594, 23.020176 ], [ 72.5558841, 23.0201517 ], [ 72.5558806, 23.0201322 ], [ 72.5558964, 23.0201013 ], [ 72.5559344, 23.0200886 ], [ 72.5559333, 23.0200674 ], [ 72.5559032, 23.0200408 ], [ 72.5559498, 23.0200163 ], [ 72.5559938, 23.0200123 ], [ 72.5560328, 23.0199995 ], [ 72.5560799, 23.020005 ], [ 72.5561896, 23.0199816 ], [ 72.5562597, 23.0199841 ], [ 72.556358, 23.01998 ], [ 72.5564368, 23.0199718 ], [ 72.5565114, 23.019952 ], [ 72.5565889, 23.0199446 ], [ 72.5566753, 23.0199566 ], [ 72.556767, 23.019987 ], [ 72.5568749, 23.0200515 ], [ 72.5569377, 23.0201307 ], [ 72.5569471, 23.0202127 ], [ 72.5569403, 23.0202685 ], [ 72.5568983, 23.0202857 ], [ 72.5567843, 23.020275 ], [ 72.5566644, 23.0202527 ], [ 72.5566008, 23.0202176 ], [ 72.5565563, 23.0201662 ], [ 72.5565092, 23.0201449 ], [ 72.5564481, 23.0201119 ], [ 72.556389, 23.020091 ], [ 72.5563184, 23.0200949 ] ] ] } },
{ "type": "Feature", "properties": { "element": "way", "id": 424053785, "waterway": null }, "geometry": { "type": "Polygon", "coordinates": [ [ [ 72.5589441, 23.1033784 ], [ 72.5589119, 23.1032896 ], [ 72.5589621, 23.1028556 ], [ 72.5590337, 23.1027649 ], [ 72.5591933, 23.1027286 ], [ 72.5594618, 23.1026456 ], [ 72.5596216, 23.1026622 ], [ 72.5598855, 23.102586 ], [ 72.5600357, 23.1027271 ], [ 72.5601752, 23.1028751 ], [ 72.5602315, 23.1029171 ], [ 72.5602449, 23.1030749 ], [ 72.5602101, 23.1033532 ], [ 72.5602315, 23.1035333 ], [ 72.5602891, 23.1036569 ], [ 72.5602917, 23.1037251 ], [ 72.5602362, 23.1037871 ], [ 72.560078, 23.10387 ], [ 72.559902, 23.1039948 ], [ 72.5598319, 23.1040963 ], [ 72.5596933, 23.1040631 ], [ 72.5595987, 23.1040045 ], [ 72.5595721, 23.103947 ], [ 72.5595273, 23.1039157 ], [ 72.559493, 23.1039072 ], [ 72.5594393, 23.1038831 ], [ 72.5593976, 23.1038769 ], [ 72.5593614, 23.1038511 ], [ 72.5592445, 23.1037707 ], [ 72.5591855, 23.1037312 ], [ 72.5591747, 23.1035856 ], [ 72.559126, 23.1034991 ], [ 72.5590759, 23.1034395 ], [ 72.5589441, 23.1033784 ] ] ] } },
{ "type": "Feature", "properties": { "element": "way", "id": 424713830, "waterway": null }, "geometry": { "type": "Polygon", "coordinates": [ [ [ 72.6485322, 22.9878098 ], [ 72.6486287, 22.9877703 ], [ 72.6486931, 22.9876469 ], [ 72.6487146, 22.9874395 ], [ 72.6486555, 22.9871975 ], [ 72.648559, 22.9871234 ], [ 72.6484463, 22.9871234 ], [ 72.6483873, 22.9872469 ], [ 72.6483337, 22.9874345 ], [ 72.6483447, 22.9876407 ], [ 72.6483927, 22.9877703 ], [ 72.6485322, 22.9878098 ] ] ] } },
{ "type": "Feature", "properties": { "element": "way", "id": 424727309, "waterway": null }, "geometry": { "type": "Polygon", "coordinates": [ [ [ 72.6208946, 22.9664063 ], [ 72.6207793, 22.9663075 ], [ 72.6206854, 22.9662383 ], [ 72.6205996, 22.9660111 ], [ 72.620562, 22.9658037 ], [ 72.6203992, 22.9656665 ], [ 72.6205111, 22.9653024 ], [ 72.6209912, 22.9652678 ], [ 72.6213023, 22.9651962 ], [ 72.6215732, 22.9652381 ], [ 72.6217315, 22.9652826 ], [ 72.6217288, 22.9654629 ], [ 72.6216537, 22.9656506 ], [ 72.6215142, 22.9658827 ], [ 72.621364, 22.9661865 ], [ 72.621254, 22.9662853 ], [ 72.6210207, 22.9663766 ], [ 72.6208946, 22.9664063 ] ] ] } },
{ "type": "Feature", "properties": { "element": "way", "id": 451825414, "waterway": null }, "geometry": { "type": "Polygon", "coordinates": [ [ [ 72.5410752, 23.0845978 ], [ 72.541028, 23.0846743 ], [ 72.5409272, 23.0849535 ], [ 72.5409134, 23.0850874 ], [ 72.5409463, 23.0852119 ], [ 72.5411215, 23.0852634 ], [ 72.5413337, 23.0851871 ], [ 72.5413638, 23.0850132 ], [ 72.5413315, 23.0848729 ], [ 72.5413366, 23.0847177 ], [ 72.5412639, 23.0846225 ], [ 72.5410752, 23.0845978 ] ] ] } },
{ "type": "Feature", "properties": { "element": "way", "id": 451826306, "waterway": null }, "geometry": { "type": "Polygon", "coordinates": [ [ [ 72.5372514, 23.0864626 ], [ 72.5377536, 23.0864947 ], [ 72.537951, 23.0855596 ], [ 72.5378401, 23.0853668 ], [ 72.5376798, 23.0852875 ], [ 72.5374882, 23.0852921 ], [ 72.5373927, 23.0853239 ], [ 72.5373169, 23.0855162 ], [ 72.5372341, 23.0858719 ], [ 72.5372514, 23.0864626 ] ] ] } },
{ "type": "Feature", "properties": { "element": "way", "id": 454798783, "waterway": null }, "geometry": { "type": "Polygon", "coordinates": [ [ [ 72.5372201, 23.1674255 ], [ 72.5373511, 23.1675068 ], [ 72.5377382, 23.166979 ], [ 72.5376944, 23.1669519 ], [ 72.5378978, 23.1666746 ], [ 72.5378848, 23.1666665 ], [ 72.5379442, 23.1665856 ], [ 72.5379567, 23.1665933 ], [ 72.5382654, 23.1661736 ], [ 72.5382517, 23.1661651 ], [ 72.5383095, 23.1660866 ], [ 72.5383225, 23.1660948 ], [ 72.5386382, 23.1656664 ], [ 72.5386257, 23.1656587 ], [ 72.53868, 23.165585 ], [ 72.5386927, 23.165593 ], [ 72.5388096, 23.1654343 ], [ 72.5388516, 23.1654605 ], [ 72.5390508, 23.1651902 ], [ 72.5387272, 23.1649886 ], [ 72.5385259, 23.1652617 ], [ 72.5376449, 23.1647128 ], [ 72.5375198, 23.1648826 ], [ 72.5370493, 23.1645896 ], [ 72.5369147, 23.1647722 ], [ 72.5366667, 23.1646178 ], [ 72.5364604, 23.1648979 ], [ 72.5367177, 23.1650581 ], [ 72.5368616, 23.1648628 ], [ 72.5370331, 23.1649696 ], [ 72.5370848, 23.1648994 ], [ 72.538162, 23.1655695 ], [ 72.5380544, 23.1657157 ], [ 72.5381304, 23.165763 ], [ 72.5373809, 23.1667823 ], [ 72.537201, 23.1666704 ], [ 72.5371618, 23.1667238 ], [ 72.5361027, 23.1660664 ], [ 72.5361931, 23.1659432 ], [ 72.535878, 23.1657477 ], [ 72.5356194, 23.1661001 ], [ 72.5359723, 23.166319 ], [ 72.5359275, 23.1663801 ], [ 72.5373432, 23.1672577 ], [ 72.5372201, 23.1674255 ] ] ] } },
{ "type": "Feature", "properties": { "element": "way", "id": 454862685, "waterway": null }, "geometry": { "type": "Polygon", "coordinates": [ [ [ 72.5363914, 23.1712501 ], [ 72.5364143, 23.1712702 ], [ 72.5364034, 23.1713103 ], [ 72.5363456, 23.1714307 ], [ 72.5362823, 23.1714929 ], [ 72.5361928, 23.1715441 ], [ 72.5360891, 23.1715621 ], [ 72.5359855, 23.1715581 ], [ 72.5359047, 23.171519 ], [ 72.5358491, 23.1714638 ], [ 72.5358163, 23.1714418 ], [ 72.5357923, 23.1714468 ], [ 72.5357557, 23.1714085 ], [ 72.5357749, 23.1713948 ], [ 72.5357774, 23.1713795 ], [ 72.5357657, 23.171352 ], [ 72.5357308, 23.1712725 ], [ 72.5357092, 23.1712533 ], [ 72.5356801, 23.1712381 ], [ 72.5356144, 23.1712197 ], [ 72.5355445, 23.1711723 ], [ 72.5355096, 23.171131 ], [ 72.5354979, 23.1710722 ], [ 72.5355104, 23.1709965 ], [ 72.5355428, 23.1709292 ], [ 72.5356135, 23.1708528 ], [ 72.5356834, 23.1708153 ], [ 72.5357923, 23.1707839 ], [ 72.5359428, 23.1707442 ], [ 72.5360168, 23.1708894 ], [ 72.5359861, 23.1709032 ], [ 72.5359487, 23.17093 ], [ 72.5359146, 23.1709605 ], [ 72.5358821, 23.1709972 ], [ 72.5358547, 23.1710446 ], [ 72.5358331, 23.171115 ], [ 72.5358356, 23.1711746 ], [ 72.5358583, 23.1712525 ], [ 72.5358911, 23.1712977 ], [ 72.5359459, 23.1713428 ], [ 72.5360171, 23.1713742 ], [ 72.536094, 23.1713886 ], [ 72.5361738, 23.1713841 ], [ 72.5362528, 23.17135 ], [ 72.5363154, 23.1713088 ], [ 72.5363496, 23.1712676 ], [ 72.5363674, 23.1712505 ], [ 72.5363914, 23.1712501 ] ] ] } },
{ "type": "Feature", "properties": { "element": "way", "id": 454862686, "waterway": null }, "geometry": { "type": "Polygon", "coordinates": [ [ [ 72.5360373, 23.170887 ], [ 72.5361119, 23.1708802 ], [ 72.5361732, 23.1708894 ], [ 72.5362591, 23.170928 ], [ 72.5363144, 23.1709831 ], [ 72.5363511, 23.1710431 ], [ 72.5363704, 23.1711068 ], [ 72.5363917, 23.1711289 ], [ 72.536423, 23.171135 ], [ 72.5364496, 23.1711234 ], [ 72.536461, 23.1711001 ], [ 72.536457, 23.1710278 ], [ 72.5364017, 23.1708753 ], [ 72.5363324, 23.1707939 ], [ 72.5362611, 23.1707541 ], [ 72.5361612, 23.1707228 ], [ 72.5360476, 23.1707189 ], [ 72.5359624, 23.1707397 ], [ 72.5360373, 23.170887 ] ] ] } },
{ "type": "Feature", "properties": { "element": "way", "id": 454865432, "waterway": null }, "geometry": { "type": "Polygon", "coordinates": [ [ [ 72.5360369, 23.1695677 ], [ 72.5360433, 23.1695988 ], [ 72.5360369, 23.1696221 ], [ 72.536013, 23.1696467 ], [ 72.5359764, 23.169659 ], [ 72.5359229, 23.1696557 ], [ 72.5358891, 23.1696382 ], [ 72.5358595, 23.1696253 ], [ 72.5358412, 23.1696259 ], [ 72.5358089, 23.1696408 ], [ 72.5357347, 23.1696704 ], [ 72.5356666, 23.1696821 ], [ 72.5354996, 23.169674 ], [ 72.5351563, 23.1696326 ], [ 72.5351025, 23.169636 ], [ 72.5345802, 23.1698133 ], [ 72.5344855, 23.169841 ], [ 72.5344198, 23.1698609 ], [ 72.5343775, 23.1698868 ], [ 72.5343503, 23.1698626 ], [ 72.5344031, 23.1698372 ], [ 72.5344765, 23.1698132 ], [ 72.534567, 23.1697882 ], [ 72.5346357, 23.1697637 ], [ 72.534936, 23.1696518 ], [ 72.535067, 23.1696116 ], [ 72.5351444, 23.1696002 ], [ 72.5353615, 23.1696357 ], [ 72.5356475, 23.1696532 ], [ 72.5358108, 23.1696217 ], [ 72.5358501, 23.1695976 ], [ 72.5358562, 23.1695763 ], [ 72.5358783, 23.1695513 ], [ 72.5359197, 23.1695253 ], [ 72.535959, 23.1695179 ], [ 72.5360023, 23.1695309 ], [ 72.5360205, 23.1695476 ], [ 72.5360369, 23.1695677 ] ] ] } },
{ "type": "Feature", "properties": { "element": "way", "id": 454865433, "waterway": null }, "geometry": { "type": "Polygon", "coordinates": [ [ [ 72.534261, 23.1699431 ], [ 72.534282, 23.1699608 ], [ 72.5342628, 23.1699779 ], [ 72.534247, 23.1699962 ], [ 72.5342202, 23.169986 ], [ 72.5342365, 23.1699645 ], [ 72.534261, 23.1699431 ] ] ] } },
{ "type": "Feature", "properties": { "element": "way", "id": 454865434, "waterway": null }, "geometry": { "type": "Polygon", "coordinates": [ [ [ 72.5342313, 23.170016 ], [ 72.5342126, 23.1700465 ], [ 72.5341619, 23.1701028 ], [ 72.5340978, 23.1701945 ], [ 72.5340742, 23.1702373 ], [ 72.5340576, 23.1703016 ], [ 72.5340514, 23.1703736 ], [ 72.5340597, 23.1703993 ], [ 72.534112, 23.1704588 ], [ 72.5340965, 23.1704779 ], [ 72.5340255, 23.1703936 ], [ 72.5340177, 23.1703817 ], [ 72.5340141, 23.1703212 ], [ 72.5340221, 23.1702634 ], [ 72.5340525, 23.1701785 ], [ 72.5340996, 23.170113 ], [ 72.5342036, 23.170002 ], [ 72.5342313, 23.170016 ] ] ] } },
{ "type": "Feature", "properties": { "element": "way", "id": 454865435, "waterway": null }, "geometry": { "type": "Polygon", "coordinates": [ [ [ 72.5341502, 23.1704925 ], [ 72.5341977, 23.1705267 ], [ 72.5342651, 23.1705687 ], [ 72.5343869, 23.1706123 ], [ 72.5345087, 23.1706512 ], [ 72.5345533, 23.1706896 ], [ 72.5345847, 23.1707459 ], [ 72.5345882, 23.1708021 ], [ 72.534551, 23.1708833 ], [ 72.5344654, 23.1709632 ], [ 72.53443, 23.1710013 ], [ 72.5343798, 23.1710413 ], [ 72.5343544, 23.1710198 ], [ 72.5343912, 23.170989 ], [ 72.5344246, 23.170938 ], [ 72.5344293, 23.1709042 ], [ 72.5344266, 23.1708489 ], [ 72.5344146, 23.1707991 ], [ 72.5343939, 23.1707462 ], [ 72.5343337, 23.1706546 ], [ 72.5343156, 23.1706306 ], [ 72.5342635, 23.1705901 ], [ 72.5342113, 23.1705513 ], [ 72.5341418, 23.1705009 ], [ 72.5341502, 23.1704925 ] ] ] } },
{ "type": "Feature", "properties": { "element": "way", "id": 454865436, "waterway": null }, "geometry": { "type": "Polygon", "coordinates": [ [ [ 72.5343677, 23.1710448 ], [ 72.5343148, 23.1710906 ], [ 72.5343121, 23.1711008 ], [ 72.5343174, 23.171112 ], [ 72.5342788, 23.1711329 ], [ 72.5342619, 23.1711202 ], [ 72.5342397, 23.1711222 ], [ 72.5342211, 23.1711017 ], [ 72.5342248, 23.1710935 ], [ 72.534255, 23.1710794 ], [ 72.5342973, 23.1710677 ], [ 72.5343296, 23.1710463 ], [ 72.5343502, 23.1710264 ], [ 72.5343677, 23.1710448 ] ] ] } },
{ "type": "Feature", "properties": { "element": "way", "id": 454865437, "waterway": null }, "geometry": { "type": "Polygon", "coordinates": [ [ [ 72.5343164, 23.1711255 ], [ 72.5343387, 23.1711454 ], [ 72.5343688, 23.1711588 ], [ 72.5344267, 23.1712063 ], [ 72.5345061, 23.17129 ], [ 72.5345802, 23.1714035 ], [ 72.5346272, 23.1714474 ], [ 72.5346881, 23.1714737 ], [ 72.5346897, 23.1715205 ], [ 72.534628, 23.1715006 ], [ 72.534564, 23.1714616 ], [ 72.5345277, 23.171429 ], [ 72.5344834, 23.1713407 ], [ 72.534452, 23.1712983 ], [ 72.534378, 23.1712182 ], [ 72.5343354, 23.1711783 ], [ 72.5342883, 23.1711399 ], [ 72.5343164, 23.1711255 ] ] ] } },
{ "type": "Feature", "properties": { "element": "way", "id": 454865438, "waterway": null }, "geometry": { "type": "Polygon", "coordinates": [ [ [ 72.5347125, 23.1714803 ], [ 72.5347827, 23.171498 ], [ 72.5348699, 23.1715079 ], [ 72.5349671, 23.1715135 ], [ 72.5350454, 23.1715071 ], [ 72.5351011, 23.1714987 ], [ 72.5351587, 23.1715011 ], [ 72.5352344, 23.1715047 ], [ 72.5353699, 23.171511 ], [ 72.5355394, 23.1715163 ], [ 72.5356073, 23.171515 ], [ 72.5356925, 23.1714834 ], [ 72.5357495, 23.171414 ], [ 72.5357837, 23.1714506 ], [ 72.5357296, 23.1714836 ], [ 72.5356705, 23.17151 ], [ 72.5356098, 23.1715288 ], [ 72.5355373, 23.1715322 ], [ 72.5353682, 23.1715252 ], [ 72.5352314, 23.1715195 ], [ 72.5351564, 23.1715179 ], [ 72.5351018, 23.1715178 ], [ 72.5350447, 23.1715264 ], [ 72.5349655, 23.1715309 ], [ 72.5348687, 23.1715304 ], [ 72.5347133, 23.1715243 ], [ 72.5347125, 23.1714803 ] ] ] } },
{ "type": "Feature", "properties": { "element": "way", "id": 458794966, "waterway": "canal" }, "geometry": { "type": "LineString", "coordinates": [ [ 72.4456295, 22.9166372 ], [ 72.446704, 22.9171141 ], [ 72.4490457, 22.9182112 ], [ 72.4505337, 22.9189302 ], [ 72.4520298, 22.9196154 ], [ 72.4523506, 22.9197624 ] ] } },
{ "type": "Feature", "properties": { "element": "way", "id": 458794967, "waterway": "canal" }, "geometry": { "type": "LineString", "coordinates": [ [ 72.4456295, 22.9166372 ], [ 72.444842, 22.9162266 ], [ 72.4444802, 22.9162079 ], [ 72.4431833, 22.9171028 ], [ 72.4418458, 22.9180352 ], [ 72.4405001, 22.9188965 ], [ 72.4397195, 22.9194544 ], [ 72.4394146, 22.9196716 ], [ 72.4393228, 22.9197264 ] ] } },
{ "type": "Feature", "properties": { "element": "way", "id": 461795950, "waterway": null }, "geometry": { "type": "Polygon", "coordinates": [ [ [ 72.538828, 23.007043 ], [ 72.5400994, 23.007527 ], [ 72.5405526, 23.0069986 ], [ 72.5393055, 23.006216 ], [ 72.538828, 23.007043 ] ] ] } },
{ "type": "Feature", "properties": { "element": "way", "id": 478207065, "waterway": "stream" }, "geometry": { "type": "LineString", "coordinates": [ [ 72.5198067, 22.9738073 ], [ 72.5196941, 22.9737048 ], [ 72.5196083, 22.9736282 ], [ 72.5194902, 22.9735517 ], [ 72.5193776, 22.9735023 ], [ 72.5192569, 22.9734974 ], [ 72.5191898, 22.9734159 ], [ 72.5190879, 22.9733442 ], [ 72.518809, 22.973185 ] ] } },
{ "type": "Feature", "properties": { "element": "way", "id": 478207066, "waterway": "stream" }, "geometry": { "type": "LineString", "coordinates": [ [ 72.5198024, 22.9741498 ], [ 72.5195761, 22.9741332 ], [ 72.5193883, 22.9740592 ], [ 72.5192381, 22.973911 ], [ 72.519163, 22.9737678 ], [ 72.5190128, 22.9735702 ], [ 72.5189163, 22.9733529 ], [ 72.518809, 22.973185 ], [ 72.5183637, 22.9728145 ], [ 72.5177683, 22.9721972 ], [ 72.5175537, 22.9719008 ], [ 72.5173767, 22.9715749 ], [ 72.5172908, 22.9713526 ], [ 72.5173874, 22.9711501 ], [ 72.5179024, 22.9709229 ], [ 72.5178595, 22.9706611 ], [ 72.517779, 22.9704784 ], [ 72.5176503, 22.9703006 ], [ 72.5175322, 22.9701327 ], [ 72.5173767, 22.9699598 ], [ 72.5173016, 22.969777 ], [ 72.517323, 22.9695647 ], [ 72.517484, 22.9693424 ], [ 72.5175322, 22.9690559 ], [ 72.5170441, 22.9680977 ], [ 72.5166739, 22.9675791 ], [ 72.5162555, 22.9665222 ], [ 72.5161911, 22.9656973 ], [ 72.5152899, 22.964013 ], [ 72.5153115, 22.9635722 ] ] } },
{ "type": "Feature", "properties": { "element": "way", "id": 478207067, "waterway": "stream" }, "geometry": { "type": "LineString", "coordinates": [ [ 72.5349022, 22.9828255 ], [ 72.5349183, 22.9826477 ], [ 72.5349076, 22.9824847 ], [ 72.5348271, 22.9823267 ], [ 72.5346876, 22.9821933 ], [ 72.5344892, 22.9821044 ], [ 72.5343711, 22.9820698 ], [ 72.5341673, 22.9820896 ], [ 72.5340117, 22.9821242 ], [ 72.533824, 22.9821933 ], [ 72.5336201, 22.9822476 ], [ 72.5333787, 22.9822674 ], [ 72.5323702, 22.9819661 ], [ 72.5310613, 22.9815365 ], [ 72.5302513, 22.9812402 ], [ 72.5284435, 22.9805092 ], [ 72.5268985, 22.9796598 ], [ 72.525493, 22.9788597 ], [ 72.5245757, 22.9782424 ], [ 72.5229288, 22.9772052 ], [ 72.5216628, 22.9763014 ], [ 72.5212873, 22.9758223 ], [ 72.5209816, 22.9752889 ], [ 72.5206704, 22.9749383 ], [ 72.5199838, 22.9744938 ], [ 72.5198282, 22.9742666 ], [ 72.5198024, 22.9741498 ], [ 72.5197692, 22.9739999 ], [ 72.5198067, 22.9738073 ], [ 72.5198336, 22.9736344 ], [ 72.5199462, 22.9735603 ], [ 72.520134, 22.9734912 ], [ 72.5205095, 22.9734369 ], [ 72.5206221, 22.9733875 ], [ 72.5209067, 22.9730514 ] ] } },
{ "type": "Feature", "properties": { "element": "way", "id": 483688320, "waterway": null }, "geometry": { "type": "Polygon", "coordinates": [ [ [ 72.6356218, 23.1259785 ], [ 72.6361958, 23.1258404 ], [ 72.6363445, 23.1264206 ], [ 72.6371106, 23.126317 ], [ 72.6367952, 23.125082 ], [ 72.6353622, 23.1254384 ], [ 72.6356218, 23.1259785 ] ] ] } },
{ "type": "Feature", "properties": { "element": "way", "id": 530535814, "waterway": null }, "geometry": { "type": "Polygon", "coordinates": [ [ [ 72.4955092, 23.0802316 ], [ 72.4956633, 23.080201 ], [ 72.4956301, 23.0800597 ], [ 72.495476, 23.0800904 ], [ 72.4955092, 23.0802316 ] ] ] } },
{ "type": "Feature", "properties": { "element": "way", "id": 550891920, "waterway": null }, "geometry": { "type": "Polygon", "coordinates": [ [ [ 72.5055635, 23.0323626 ], [ 72.5055695, 23.0321478 ], [ 72.5056015, 23.0319841 ], [ 72.5056607, 23.0319152 ], [ 72.5058188, 23.0318915 ], [ 72.5059146, 23.0318977 ], [ 72.506175, 23.0319516 ], [ 72.5063164, 23.0320073 ], [ 72.5064516, 23.0321237 ], [ 72.5066229, 23.0321343 ], [ 72.506771, 23.0321364 ], [ 72.5068093, 23.0322314 ], [ 72.506822, 23.0323654 ], [ 72.5067623, 23.0324671 ], [ 72.5066598, 23.0325554 ], [ 72.5065323, 23.0326035 ], [ 72.5063949, 23.0326165 ], [ 72.506197, 23.03263 ], [ 72.5058973, 23.032638 ], [ 72.505725, 23.0326066 ], [ 72.5056505, 23.0325733 ], [ 72.5055949, 23.0324665 ], [ 72.5055635, 23.0323626 ] ] ] } },
{ "type": "Feature", "properties": { "element": "way", "id": 560452275, "waterway": null }, "geometry": { "type": "Polygon", "coordinates": [ [ [ 72.4395347, 22.9559038 ], [ 72.4395347, 22.9557457 ], [ 72.4394917, 22.9557062 ], [ 72.4394917, 22.9551925 ], [ 72.4393201, 22.9549949 ], [ 72.4392772, 22.9548764 ], [ 72.439127, 22.954738 ], [ 72.4390411, 22.954738 ], [ 72.4389553, 22.9548171 ], [ 72.4388266, 22.9547776 ], [ 72.4386978, 22.9549356 ], [ 72.4385262, 22.954738 ], [ 72.4383116, 22.9546985 ], [ 72.4378824, 22.9550542 ], [ 72.437582, 22.9552122 ], [ 72.4374962, 22.9552122 ], [ 72.4373245, 22.9552913 ], [ 72.4373218, 22.955408 ], [ 72.4373488, 22.9556199 ], [ 72.4375572, 22.9557041 ], [ 72.4376183, 22.9557681 ], [ 72.4374516, 22.9559049 ], [ 72.437493, 22.9559599 ], [ 72.4375391, 22.9560026 ], [ 72.4376696, 22.956081 ], [ 72.4381828, 22.9561606 ], [ 72.4383488, 22.9561921 ], [ 72.4386216, 22.9561701 ], [ 72.4387459, 22.9562968 ], [ 72.4392166, 22.9565229 ], [ 72.4393122, 22.9565363 ], [ 72.4394917, 22.9565756 ], [ 72.4394917, 22.9564175 ], [ 72.4396205, 22.9562199 ], [ 72.4396205, 22.9561014 ], [ 72.4395347, 22.9559038 ] ] ] } },
{ "type": "Feature", "properties": { "element": "way", "id": 560801372, "waterway": null }, "geometry": { "type": "Polygon", "coordinates": [ [ [ 72.4133839, 23.0232654 ], [ 72.4140606, 23.0233866 ], [ 72.4142102, 23.0233363 ], [ 72.4144122, 23.0233853 ], [ 72.4146171, 23.0233976 ], [ 72.4148102, 23.0233935 ], [ 72.4148369, 23.0231444 ], [ 72.4149656, 23.0230259 ], [ 72.4150346, 23.0229738 ], [ 72.4150695, 23.0228684 ], [ 72.4150921, 23.0227845 ], [ 72.4151757, 23.0227034 ], [ 72.4152598, 23.0225404 ], [ 72.4152626, 23.0223857 ], [ 72.4153153, 23.0222472 ], [ 72.4154066, 23.0220842 ], [ 72.4154237, 23.0218688 ], [ 72.4154961, 23.0216797 ], [ 72.4154893, 23.0214679 ], [ 72.4154336, 23.0212845 ], [ 72.4152827, 23.0212017 ], [ 72.4151311, 23.0213671 ], [ 72.4149227, 23.0213276 ], [ 72.4148082, 23.0214232 ], [ 72.4146652, 23.0214066 ], [ 72.4144192, 23.0214073 ], [ 72.4142989, 23.021407 ], [ 72.4140759, 23.021407 ], [ 72.4139843, 23.0214285 ], [ 72.4138184, 23.0214708 ], [ 72.4136296, 23.0214966 ], [ 72.4134464, 23.0215177 ], [ 72.4130973, 23.0215377 ], [ 72.4128171, 23.0215483 ], [ 72.4126685, 23.021569 ], [ 72.4125195, 23.0216435 ], [ 72.4123478, 23.0216435 ], [ 72.4120956, 23.0216692 ], [ 72.411747, 23.021817 ], [ 72.4113489, 23.0221517 ], [ 72.4113607, 23.022473 ], [ 72.4113947, 23.022753 ], [ 72.4118328, 23.0229075 ], [ 72.4121761, 23.0228285 ], [ 72.4123478, 23.0229865 ], [ 72.4126911, 23.0229865 ], [ 72.4128628, 23.0229075 ], [ 72.4130344, 23.0229865 ], [ 72.4133839, 23.0232654 ] ] ] } },
{ "type": "Feature", "properties": { "element": "way", "id": 621306280, "waterway": null }, "geometry": { "type": "Polygon", "coordinates": [ [ [ 72.4726263, 22.9638861 ], [ 72.4723331, 22.9638018 ], [ 72.4722415, 22.9636668 ], [ 72.4722599, 22.9634981 ], [ 72.4722599, 22.9632451 ], [ 72.4723331, 22.9630258 ], [ 72.472498, 22.9627896 ], [ 72.4727362, 22.9627221 ], [ 72.4729011, 22.9626378 ], [ 72.473066, 22.9625028 ], [ 72.4731942, 22.962486 ], [ 72.4733774, 22.9625197 ], [ 72.4735777, 22.962674 ], [ 72.4735638, 22.9629413 ], [ 72.4734874, 22.9631945 ], [ 72.4733958, 22.9633126 ], [ 72.4734136, 22.9634908 ], [ 72.473348, 22.9636607 ], [ 72.4732925, 22.9637355 ], [ 72.4731803, 22.963803 ], [ 72.4729847, 22.9638988 ], [ 72.4728828, 22.9639704 ], [ 72.4726263, 22.9638861 ] ] ] } },
{ "type": "Feature", "properties": { "element": "way", "id": 653190318, "waterway": null }, "geometry": { "type": "Polygon", "coordinates": [ [ [ 72.5919468, 22.8876765 ], [ 72.5929375, 22.8877241 ], [ 72.5932879, 22.8879119 ], [ 72.5935808, 22.8888855 ], [ 72.5937387, 22.8901395 ], [ 72.5939455, 22.8903856 ], [ 72.5943045, 22.8904067 ], [ 72.594494, 22.8906845 ], [ 72.5945313, 22.8913512 ], [ 72.5943561, 22.8919623 ], [ 72.5943016, 22.8926872 ], [ 72.5938163, 22.8927269 ], [ 72.59371, 22.8923407 ], [ 72.5923775, 22.8915629 ], [ 72.5908727, 22.8912242 ], [ 72.5899997, 22.8911158 ], [ 72.5907636, 22.8897771 ], [ 72.5911139, 22.8886315 ], [ 72.5919468, 22.8876765 ] ] ] } },
{ "type": "Feature", "properties": { "element": "way", "id": 653190332, "waterway": null }, "geometry": { "type": "Polygon", "coordinates": [ [ [ 72.5886496, 22.8872101 ], [ 72.5884243, 22.8871759 ], [ 72.5883813, 22.8872647 ], [ 72.5881174, 22.8872032 ], [ 72.5879395, 22.8876129 ], [ 72.5879588, 22.8881223 ], [ 72.5882419, 22.8882152 ], [ 72.5883383, 22.8877905 ], [ 72.5884732, 22.8877099 ], [ 72.5886496, 22.8872101 ] ] ] } },
{ "type": "Feature", "properties": { "element": "way", "id": 663471279, "waterway": null }, "geometry": { "type": "Polygon", "coordinates": [ [ [ 72.573409, 22.8830544 ], [ 72.5738624, 22.8821092 ], [ 72.5744713, 22.8822023 ], [ 72.5747122, 22.882694 ], [ 72.5749972, 22.8834745 ], [ 72.5749376, 22.8835676 ], [ 72.5742148, 22.8832263 ], [ 72.5738857, 22.8832263 ], [ 72.5736836, 22.8833814 ], [ 72.5734012, 22.8831762 ], [ 72.573409, 22.8830544 ] ] ] } },
{ "type": "Feature", "properties": { "element": "way", "id": 663471282, "waterway": null }, "geometry": { "type": "Polygon", "coordinates": [ [ [ 72.5643662, 22.8813777 ], [ 72.5660264, 22.8816699 ], [ 72.5661197, 22.88286 ], [ 72.5666, 22.883483 ], [ 72.5660917, 22.8833498 ], [ 72.5659051, 22.8834787 ], [ 72.5657839, 22.8838568 ], [ 72.5654061, 22.8836506 ], [ 72.5654901, 22.8833197 ], [ 72.5653922, 22.882976 ], [ 72.5644175, 22.8825464 ], [ 72.5642776, 22.8816312 ], [ 72.5643662, 22.8813777 ] ] ] } },
{ "type": "Feature", "properties": { "element": "way", "id": 663471283, "waterway": null }, "geometry": { "type": "Polygon", "coordinates": [ [ [ 72.567098, 22.8758021 ], [ 72.5682293, 22.8748591 ], [ 72.5678657, 22.874766 ], [ 72.567428, 22.8742449 ], [ 72.5669364, 22.8741456 ], [ 72.5664718, 22.8743255 ], [ 72.5662294, 22.874673 ], [ 72.5665593, 22.8750514 ], [ 72.5666065, 22.8754175 ], [ 72.5665257, 22.8757029 ], [ 72.567098, 22.8758021 ] ] ] } },
{ "type": "Feature", "properties": { "element": "way", "id": 663649570, "waterway": null }, "geometry": { "type": "Polygon", "coordinates": [ [ [ 72.5455179, 22.9621028 ], [ 72.5482192, 22.9615791 ], [ 72.5476105, 22.958917 ], [ 72.5449092, 22.9594407 ], [ 72.5455179, 22.9621028 ] ] ] } },
{ "type": "Feature", "properties": { "element": "way", "id": 668423637, "waterway": null }, "geometry": { "type": "Polygon", "coordinates": [ [ [ 72.7304825, 23.0136087 ], [ 72.7307748, 23.0133492 ], [ 72.7301902, 23.0124797 ], [ 72.7300806, 23.0121002 ], [ 72.7301902, 23.0119224 ], [ 72.7300545, 23.0116534 ], [ 72.729616, 23.0115429 ], [ 72.7291358, 23.0116293 ], [ 72.7289584, 23.0117831 ], [ 72.7289166, 23.0120233 ], [ 72.7290523, 23.0122251 ], [ 72.729616, 23.012619 ], [ 72.7302424, 23.0132435 ], [ 72.7304825, 23.0136087 ] ] ] } },
{ "type": "Feature", "properties": { "element": "way", "id": 668425059, "waterway": null }, "geometry": { "type": "Polygon", "coordinates": [ [ [ 72.7320694, 22.9818302 ], [ 72.7331032, 22.9818023 ], [ 72.7338589, 22.9820751 ], [ 72.7340463, 22.9835778 ], [ 72.7344574, 22.9845407 ], [ 72.7348323, 22.9862049 ], [ 72.7345542, 22.9861659 ], [ 72.734264, 22.9850639 ], [ 72.7338589, 22.9842402 ], [ 72.7335566, 22.9841511 ], [ 72.7333873, 22.983383 ], [ 72.7325591, 22.9828098 ], [ 72.7320633, 22.9822866 ], [ 72.7320694, 22.9818302 ] ] ] } },
{ "type": "Feature", "properties": { "element": "way", "id": 668426256, "waterway": null }, "geometry": { "type": "Polygon", "coordinates": [ [ [ 72.6914409, 22.9793943 ], [ 72.6925111, 22.9795053 ], [ 72.6931065, 22.9788114 ], [ 72.6927975, 22.977951 ], [ 72.6923151, 22.9774445 ], [ 72.6918629, 22.9774167 ], [ 72.6912525, 22.9787351 ], [ 72.6914409, 22.9793943 ] ] ] } },
{ "type": "Feature", "properties": { "element": "way", "id": 668426258, "waterway": null }, "geometry": { "type": "Polygon", "coordinates": [ [ [ 72.6794262, 22.9771346 ], [ 72.6798926, 22.9772877 ], [ 72.6805035, 22.9770847 ], [ 72.6806047, 22.9765921 ], [ 72.680536, 22.976216 ], [ 72.6803733, 22.9760862 ], [ 72.67986, 22.9760463 ], [ 72.6795275, 22.976216 ], [ 72.6793431, 22.9764956 ], [ 72.6792817, 22.976845 ], [ 72.6794262, 22.9771346 ] ] ] } },
{ "type": "Feature", "properties": { "element": "way", "id": 673827810, "waterway": null }, "geometry": { "type": "Polygon", "coordinates": [ [ [ 72.7041532, 23.1025863 ], [ 72.7048327, 23.1025094 ], [ 72.705029, 23.1023423 ], [ 72.7048218, 23.1019212 ], [ 72.7045202, 23.1017607 ], [ 72.7041423, 23.1017073 ], [ 72.7040733, 23.1018677 ], [ 72.7035937, 23.1020114 ], [ 72.7035246, 23.1021986 ], [ 72.7037027, 23.1024225 ], [ 72.7039389, 23.1024827 ], [ 72.7041532, 23.1025863 ] ] ] } },
{ "type": "Feature", "properties": { "element": "way", "id": 697465539, "waterway": null }, "geometry": { "type": "Polygon", "coordinates": [ [ [ 72.5683525, 22.9938666 ], [ 72.5683273, 22.9928787 ], [ 72.5648246, 22.9929744 ], [ 72.5648514, 22.993953 ], [ 72.5683525, 22.9938666 ] ] ] } },
{ "type": "Feature", "properties": { "element": "way", "id": 697465540, "waterway": null }, "geometry": { "type": "Polygon", "coordinates": [ [ [ 72.5648229, 22.992905 ], [ 72.5683256, 22.9928216 ], [ 72.5682887, 22.9918384 ], [ 72.5648028, 22.9919279 ], [ 72.5648229, 22.992905 ] ] ] } },
{ "type": "Feature", "properties": { "element": "way", "id": 721958902, "waterway": null }, "geometry": { "type": "Polygon", "coordinates": [ [ [ 72.6885053, 23.0232514 ], [ 72.6887693, 23.0235485 ], [ 72.689206, 23.0236994 ], [ 72.6896341, 23.0235914 ], [ 72.6899724, 23.0231307 ], [ 72.6899965, 23.0224667 ], [ 72.6897514, 23.0222189 ], [ 72.6891404, 23.0221681 ], [ 72.6887918, 23.0222793 ], [ 72.6886537, 23.0223809 ], [ 72.6886261, 23.0226256 ], [ 72.688419, 23.0229687 ], [ 72.6885053, 23.0232514 ] ] ] } },
{ "type": "Feature", "properties": { "element": "way", "id": 722140661, "waterway": null }, "geometry": { "type": "Polygon", "coordinates": [ [ [ 72.5177102, 23.1676184 ], [ 72.51779, 23.1672801 ], [ 72.5176773, 23.1672382 ], [ 72.5175935, 23.1671609 ], [ 72.5175986, 23.167026 ], [ 72.5176239, 23.1668158 ], [ 72.5176986, 23.1667079 ], [ 72.5178224, 23.1666032 ], [ 72.5179671, 23.166557 ], [ 72.5181189, 23.1665655 ], [ 72.518171, 23.1666822 ], [ 72.5188759, 23.1668824 ], [ 72.5196849, 23.1671784 ], [ 72.5200174, 23.1672328 ], [ 72.5201698, 23.1671923 ], [ 72.5203599, 23.1671088 ], [ 72.5206229, 23.1670939 ], [ 72.5211475, 23.1669156 ], [ 72.5215001, 23.1665902 ], [ 72.5216984, 23.1665318 ], [ 72.5217241, 23.1668385 ], [ 72.5216624, 23.1672046 ], [ 72.5219819, 23.1675295 ], [ 72.5220478, 23.1679159 ], [ 72.5217366, 23.1682576 ], [ 72.5211299, 23.1682275 ], [ 72.5207077, 23.168256 ], [ 72.5202223, 23.1682327 ], [ 72.5194452, 23.1680317 ], [ 72.5191381, 23.1680588 ], [ 72.51881, 23.1681634 ], [ 72.5185244, 23.1682025 ], [ 72.5182474, 23.1681084 ], [ 72.5178728, 23.167818 ], [ 72.517789, 23.1678486 ], [ 72.5176763, 23.1677821 ], [ 72.5176864, 23.1676731 ], [ 72.5177102, 23.1676184 ] ] ] } },
{ "type": "Feature", "properties": { "element": "way", "id": 758685604, "waterway": "canal" }, "geometry": { "type": "LineString", "coordinates": [ [ 72.7155671, 23.0776335 ], [ 72.7179705, 23.0754443 ], [ 72.721242, 23.0723755 ] ] } },
{ "type": "Feature", "properties": { "element": "way", "id": 758691085, "waterway": "stream" }, "geometry": { "type": "LineString", "coordinates": [ [ 72.69554, 23.1154163 ], [ 72.6954873, 23.1153454 ], [ 72.695221, 23.1147867 ], [ 72.6949503, 23.1142889 ], [ 72.6946797, 23.1140233 ], [ 72.6941564, 23.1137661 ], [ 72.6933625, 23.1133927 ], [ 72.692758, 23.1129612 ], [ 72.691919, 23.1123389 ], [ 72.6911251, 23.1117581 ], [ 72.6906469, 23.1113266 ], [ 72.6904033, 23.111003 ], [ 72.690277, 23.1106296 ], [ 72.6901507, 23.1104055 ], [ 72.689862, 23.1102728 ], [ 72.6894921, 23.1102147 ], [ 72.6891673, 23.1101898 ], [ 72.689041, 23.1101068 ], [ 72.6889598, 23.1099574 ], [ 72.6887343, 23.1093858 ], [ 72.6884915, 23.1089602 ], [ 72.6884384, 23.1087578 ], [ 72.6883094, 23.1086253 ], [ 72.6882882, 23.108576 ] ] } },
{ "type": "Feature", "properties": { "element": "way", "id": 758691086, "waterway": null }, "geometry": { "type": "Polygon", "coordinates": [ [ [ 72.6881486, 23.1085565 ], [ 72.6880719, 23.1084528 ], [ 72.6877877, 23.1083117 ], [ 72.6876569, 23.108237 ], [ 72.6875125, 23.1080337 ], [ 72.6875125, 23.1078719 ], [ 72.6875847, 23.1077475 ], [ 72.6877471, 23.1076396 ], [ 72.6879817, 23.107594 ], [ 72.6882162, 23.1076271 ], [ 72.6883786, 23.1076852 ], [ 72.68855, 23.1078221 ], [ 72.6886403, 23.1080296 ], [ 72.6886312, 23.1082412 ], [ 72.6885906, 23.1084072 ], [ 72.6885049, 23.1085109 ], [ 72.6883741, 23.1085607 ], [ 72.6882882, 23.108576 ], [ 72.6882343, 23.1085856 ], [ 72.6881486, 23.1085565 ] ] ] } },
{ "type": "Feature", "properties": { "element": "way", "id": 758691087, "waterway": null }, "geometry": { "type": "Polygon", "coordinates": [ [ [ 72.6962607, 23.0848529 ], [ 72.6961159, 23.0848183 ], [ 72.696073, 23.0847591 ], [ 72.6961212, 23.0845963 ], [ 72.6960354, 23.084537 ], [ 72.6960354, 23.0844877 ], [ 72.6962017, 23.0843397 ], [ 72.6963251, 23.0841669 ], [ 72.6964646, 23.0840534 ], [ 72.6968454, 23.0838264 ], [ 72.6970225, 23.0837524 ], [ 72.6971297, 23.0837524 ], [ 72.69728, 23.0837869 ], [ 72.6974784, 23.0838264 ], [ 72.6976286, 23.0838856 ], [ 72.6977467, 23.0839942 ], [ 72.6978379, 23.0840633 ], [ 72.6978969, 23.0840633 ], [ 72.697972, 23.0840041 ], [ 72.6980578, 23.0840041 ], [ 72.6980524, 23.0840633 ], [ 72.6979612, 23.0841965 ], [ 72.6978593, 23.0844877 ], [ 72.6977306, 23.0846851 ], [ 72.6976662, 23.0848331 ], [ 72.6975535, 23.0850009 ], [ 72.6974516, 23.0852181 ], [ 72.6973658, 23.0853562 ], [ 72.69728, 23.0854697 ], [ 72.6972209, 23.0855734 ], [ 72.6971727, 23.0856819 ], [ 72.6970976, 23.0856721 ], [ 72.6970976, 23.0855487 ], [ 72.6970439, 23.0854303 ], [ 72.6968991, 23.0853464 ], [ 72.6967918, 23.0852575 ], [ 72.6967542, 23.0850305 ], [ 72.6967542, 23.0849812 ], [ 72.6965933, 23.0848726 ], [ 72.6965772, 23.0848134 ], [ 72.6964431, 23.0848134 ], [ 72.696368, 23.0848479 ], [ 72.6962607, 23.0848529 ] ] ] } },
{ "type": "Feature", "properties": { "element": "way", "id": 758691088, "waterway": null }, "geometry": { "type": "Polygon", "coordinates": [ [ [ 72.7033829, 23.0590817 ], [ 72.7029537, 23.0592297 ], [ 72.7027606, 23.0592297 ], [ 72.7027016, 23.0592692 ], [ 72.7026694, 23.0593926 ], [ 72.7024012, 23.0594765 ], [ 72.7021652, 23.0595703 ], [ 72.7019291, 23.0597233 ], [ 72.701618, 23.0598319 ], [ 72.7014678, 23.0597085 ], [ 72.7014249, 23.059595 ], [ 72.701441, 23.0595259 ], [ 72.701511, 23.0595306 ], [ 72.7016134, 23.059548 ], [ 72.7017082, 23.0594678 ], [ 72.7017196, 23.0593945 ], [ 72.7016324, 23.0593456 ], [ 72.7015186, 23.0593665 ], [ 72.7014503, 23.0593247 ], [ 72.7014541, 23.0592304 ], [ 72.7014806, 23.0590454 ], [ 72.7014806, 23.0587872 ], [ 72.701505, 23.0585866 ], [ 72.7015847, 23.0583842 ], [ 72.7017023, 23.0582271 ], [ 72.7018123, 23.0581643 ], [ 72.7018616, 23.058091 ], [ 72.701945, 23.058084 ], [ 72.7019981, 23.0581783 ], [ 72.702093, 23.0582271 ], [ 72.702294, 23.0582655 ], [ 72.7025975, 23.0583039 ], [ 72.7026961, 23.0583249 ], [ 72.7027416, 23.0583423 ], [ 72.7030678, 23.0583633 ], [ 72.7032537, 23.0583633 ], [ 72.7035078, 23.0583807 ], [ 72.7036748, 23.0583877 ], [ 72.7037544, 23.0583772 ], [ 72.7040048, 23.0583563 ], [ 72.7040579, 23.0583772 ], [ 72.7041072, 23.0584505 ], [ 72.7041072, 23.0585657 ], [ 72.7040275, 23.0586634 ], [ 72.7038568, 23.0587891 ], [ 72.7037734, 23.05881 ], [ 72.7037051, 23.0588798 ], [ 72.7035723, 23.0589496 ], [ 72.7034244, 23.0590124 ], [ 72.7034244, 23.0590543 ], [ 72.7033829, 23.0590817 ] ] ] } },
{ "type": "Feature", "properties": { "element": "way", "id": 758691089, "waterway": null }, "geometry": { "type": "Polygon", "coordinates": [ [ [ 72.7064667, 23.0627009 ], [ 72.7063613, 23.0627155 ], [ 72.7063103, 23.0627332 ], [ 72.7061572, 23.0627273 ], [ 72.7060041, 23.0626745 ], [ 72.7059658, 23.0625864 ], [ 72.7059148, 23.0625189 ], [ 72.7059116, 23.0624221 ], [ 72.7059594, 23.0623546 ], [ 72.7060264, 23.06229 ], [ 72.7060679, 23.0621726 ], [ 72.7060009, 23.0620904 ], [ 72.7059849, 23.0619965 ], [ 72.7059754, 23.0619114 ], [ 72.7058669, 23.0618351 ], [ 72.7057904, 23.0618175 ], [ 72.7057393, 23.0618879 ], [ 72.7056947, 23.0619907 ], [ 72.7056213, 23.0620171 ], [ 72.7055735, 23.0619965 ], [ 72.7054044, 23.0620083 ], [ 72.7052545, 23.06202 ], [ 72.7051939, 23.0619584 ], [ 72.705213, 23.0618469 ], [ 72.7053024, 23.0618058 ], [ 72.7053502, 23.0617588 ], [ 72.7053406, 23.0616766 ], [ 72.7052832, 23.0615827 ], [ 72.7052864, 23.0614595 ], [ 72.7053661, 23.0613714 ], [ 72.7054555, 23.0612804 ], [ 72.7055607, 23.0612423 ], [ 72.7055543, 23.0611748 ], [ 72.7055256, 23.0608666 ], [ 72.7055703, 23.0606054 ], [ 72.7055958, 23.0605056 ], [ 72.7057106, 23.0604293 ], [ 72.7058127, 23.0603266 ], [ 72.7058223, 23.0602474 ], [ 72.705768, 23.0601505 ], [ 72.7057234, 23.0599774 ], [ 72.7056532, 23.059769 ], [ 72.7056022, 23.0596311 ], [ 72.7056149, 23.0595313 ], [ 72.70565, 23.0594902 ], [ 72.7057362, 23.0594814 ], [ 72.7058095, 23.0595606 ], [ 72.7058637, 23.059722 ], [ 72.7059403, 23.0597719 ], [ 72.7060168, 23.0597837 ], [ 72.706087, 23.0598306 ], [ 72.7060934, 23.0599187 ], [ 72.706087, 23.059951 ], [ 72.7061444, 23.060086 ], [ 72.7061317, 23.0601652 ], [ 72.7061412, 23.0602474 ], [ 72.7061476, 23.0603677 ], [ 72.7061125, 23.0604235 ], [ 72.7061923, 23.0605966 ], [ 72.7062975, 23.0607463 ], [ 72.7063167, 23.0608637 ], [ 72.7063007, 23.0609605 ], [ 72.7063326, 23.0610545 ], [ 72.7064634, 23.0611161 ], [ 72.7065974, 23.0610955 ], [ 72.7066644, 23.0611073 ], [ 72.706843, 23.0612305 ], [ 72.7069004, 23.0613421 ], [ 72.7070216, 23.0613949 ], [ 72.7071619, 23.0614301 ], [ 72.7072321, 23.061433 ], [ 72.7072576, 23.0614741 ], [ 72.7072863, 23.0615739 ], [ 72.7073693, 23.0615563 ], [ 72.7074171, 23.061706 ], [ 72.7074203, 23.0618586 ], [ 72.7074713, 23.0620435 ], [ 72.7074713, 23.0621227 ], [ 72.7074331, 23.0621638 ], [ 72.7074331, 23.0622665 ], [ 72.7074777, 23.0623252 ], [ 72.7074426, 23.0623751 ], [ 72.7073278, 23.0623428 ], [ 72.7072927, 23.062378 ], [ 72.7072672, 23.0624544 ], [ 72.707331, 23.0624866 ], [ 72.7073757, 23.0625453 ], [ 72.7073533, 23.06256 ], [ 72.7067951, 23.062604 ], [ 72.7067888, 23.0626422 ], [ 72.7066771, 23.0626921 ], [ 72.7065623, 23.0627273 ], [ 72.7064667, 23.0627009 ] ] ] } },
{ "type": "Feature", "properties": { "element": "way", "id": 758691090, "waterway": null }, "geometry": { "type": "Polygon", "coordinates": [ [ [ 72.7202277, 23.035636 ], [ 72.720217, 23.0353448 ], [ 72.720158, 23.0351522 ], [ 72.7200882, 23.0349153 ], [ 72.7200346, 23.0345055 ], [ 72.7200185, 23.0343179 ], [ 72.7199327, 23.0340612 ], [ 72.7197288, 23.033997 ], [ 72.7195679, 23.0343624 ], [ 72.7193855, 23.0344512 ], [ 72.7192621, 23.0348363 ], [ 72.7192567, 23.0352065 ], [ 72.719364, 23.0355867 ], [ 72.7194713, 23.0357446 ], [ 72.7196859, 23.0358187 ], [ 72.7200131, 23.0358137 ], [ 72.7201633, 23.0357446 ], [ 72.7202277, 23.035636 ] ] ] } },
{ "type": "Feature", "properties": { "element": "way", "id": 758691091, "waterway": null }, "geometry": { "type": "Polygon", "coordinates": [ [ [ 72.7204423, 23.0374424 ], [ 72.7203286, 23.0373342 ], [ 72.7202072, 23.0370549 ], [ 72.7200403, 23.0366395 ], [ 72.7199075, 23.036294 ], [ 72.719862, 23.0361159 ], [ 72.7198885, 23.0360322 ], [ 72.7201044, 23.0359642 ], [ 72.7201954, 23.0359851 ], [ 72.7202561, 23.0360004 ], [ 72.7203168, 23.0361191 ], [ 72.7203775, 23.0363146 ], [ 72.7204382, 23.0367893 ], [ 72.7205069, 23.0371724 ], [ 72.720561, 23.0373467 ], [ 72.7205429, 23.0374339 ], [ 72.7204423, 23.0374424 ] ] ] } },
{ "type": "Feature", "properties": { "element": "way", "id": 758691092, "waterway": null }, "geometry": { "type": "Polygon", "coordinates": [ [ [ 72.6698181, 23.0424015 ], [ 72.6698154, 23.0422731 ], [ 72.6698449, 23.0420905 ], [ 72.6698503, 23.0419621 ], [ 72.6698503, 23.0418338 ], [ 72.6697913, 23.0417671 ], [ 72.6697054, 23.0417499 ], [ 72.6696411, 23.0417647 ], [ 72.6694453, 23.0417425 ], [ 72.6692816, 23.0417449 ], [ 72.669228, 23.0417696 ], [ 72.6692173, 23.0418091 ], [ 72.6692387, 23.0418461 ], [ 72.6692012, 23.04193 ], [ 72.6692629, 23.0420288 ], [ 72.6693433, 23.0421201 ], [ 72.6694614, 23.0421571 ], [ 72.669515, 23.0422336 ], [ 72.6696303, 23.0423176 ], [ 72.6696759, 23.0423817 ], [ 72.6697671, 23.0424163 ], [ 72.6698181, 23.0424015 ] ] ] } },
{ "type": "Feature", "properties": { "element": "way", "id": 758933557, "waterway": "stream" }, "geometry": { "type": "LineString", "coordinates": [ [ 72.5771077, 23.0586409 ], [ 72.5769221, 23.0585358 ], [ 72.5767403, 23.0584273 ], [ 72.5765776, 23.0583451 ], [ 72.576399, 23.0582776 ], [ 72.5762459, 23.0581719 ], [ 72.5761885, 23.0581132 ], [ 72.5761821, 23.0580692 ], [ 72.5762587, 23.0578696 ], [ 72.5763225, 23.057717 ], [ 72.5763225, 23.0576114 ], [ 72.5762969, 23.0575028 ], [ 72.5761917, 23.0573736 ], [ 72.5760322, 23.0572122 ], [ 72.5758759, 23.0571095 ], [ 72.5757515, 23.0569892 ], [ 72.5757132, 23.0568835 ], [ 72.575608, 23.0567896 ], [ 72.5754899, 23.0567514 ], [ 72.5753113, 23.0567925 ], [ 72.5751732, 23.0568367 ], [ 72.5750083, 23.0568982 ], [ 72.5748169, 23.0569246 ], [ 72.5746096, 23.056995 ], [ 72.5744373, 23.0570537 ], [ 72.5743289, 23.0571095 ], [ 72.5740737, 23.0572357 ], [ 72.5739097, 23.0572813 ], [ 72.5737598, 23.0573458 ], [ 72.5735492, 23.0574662 ], [ 72.5732941, 23.0576569 ], [ 72.5731378, 23.0577245 ], [ 72.5730102, 23.0577039 ], [ 72.5728698, 23.0577039 ], [ 72.5726912, 23.0577068 ], [ 72.5724807, 23.0576834 ], [ 72.5723882, 23.0576481 ], [ 72.5721745, 23.0575542 ], [ 72.5720501, 23.0574985 ], [ 72.5719352, 23.057428 ] ] } },
{ "type": "Feature", "properties": { "element": "way", "id": 758933565, "waterway": "stream" }, "geometry": { "type": "LineString", "coordinates": [ [ 72.5800989, 23.0804014 ], [ 72.5801074, 23.0802566 ], [ 72.5800804, 23.0798872 ], [ 72.5800443, 23.0796673 ], [ 72.5801435, 23.0792481 ], [ 72.5802383, 23.0790614 ], [ 72.5803285, 23.0790531 ], [ 72.5803961, 23.0789742 ], [ 72.5804322, 23.0788124 ], [ 72.5804367, 23.0785551 ], [ 72.5804992, 23.077979 ], [ 72.5805268, 23.0769839 ], [ 72.580572, 23.076295 ] ] } },
{ "type": "Feature", "properties": { "element": "way", "id": 758933566, "waterway": "stream" }, "geometry": { "type": "LineString", "coordinates": [ [ 72.580572, 23.076295 ], [ 72.5805728, 23.0762114 ], [ 72.5805809, 23.0761159 ], [ 72.5805505, 23.0759903 ], [ 72.5806112, 23.0757809 ], [ 72.5806719, 23.0754668 ], [ 72.5807062, 23.0750358 ], [ 72.5807828, 23.0745281 ], [ 72.5808593, 23.0741584 ], [ 72.5809997, 23.0738532 ], [ 72.581073, 23.0736859 ], [ 72.5811592, 23.0736184 ], [ 72.5812261, 23.0733602 ], [ 72.5812453, 23.073231 ], [ 72.5812134, 23.0730814 ], [ 72.5811942, 23.0727556 ], [ 72.5811496, 23.0726588 ], [ 72.5810539, 23.0725796 ], [ 72.5809869, 23.0724974 ], [ 72.580971, 23.0723448 ], [ 72.5809135, 23.0721922 ], [ 72.5808083, 23.071975 ], [ 72.5806297, 23.0716757 ], [ 72.5803777, 23.0713412 ], [ 72.5800587, 23.0709274 ], [ 72.5797971, 23.0705928 ], [ 72.5795645, 23.0703323 ], [ 72.5795055, 23.0702188 ], [ 72.5795243, 23.0701078 ], [ 72.5795296, 23.0699375 ], [ 72.5794561, 23.069605 ], [ 72.5794696, 23.0694867 ], [ 72.579517, 23.0694369 ], [ 72.5795914, 23.0692916 ], [ 72.5796183, 23.0690808 ], [ 72.5796534, 23.0688079 ], [ 72.5797299, 23.0685497 ], [ 72.5797746, 23.0684088 ], [ 72.5797448, 23.0682855 ] ] } },
{ "type": "Feature", "properties": { "element": "way", "id": 758933567, "waterway": "stream" }, "geometry": { "type": "LineString", "coordinates": [ [ 72.5797448, 23.0682855 ], [ 72.579726, 23.0682077 ] ] } },
{ "type": "Feature", "properties": { "element": "way", "id": 758933570, "waterway": "stream" }, "geometry": { "type": "LineString", "coordinates": [ [ 72.579726, 23.0682077 ], [ 72.5797226, 23.0681939 ] ] } },
{ "type": "Feature", "properties": { "element": "way", "id": 758933571, "waterway": "stream" }, "geometry": { "type": "LineString", "coordinates": [ [ 72.5797226, 23.0681939 ], [ 72.5797039, 23.0681161 ] ] } },
{ "type": "Feature", "properties": { "element": "way", "id": 758933572, "waterway": "stream" }, "geometry": { "type": "LineString", "coordinates": [ [ 72.5782624, 23.0847183 ], [ 72.5782644, 23.0846876 ], [ 72.5783644, 23.0845324 ], [ 72.5784681, 23.0844038 ], [ 72.5787523, 23.0842751 ], [ 72.5790726, 23.0840884 ], [ 72.5791854, 23.0839639 ], [ 72.5792801, 23.0837647 ], [ 72.5794064, 23.083578 ], [ 72.5795823, 23.083412 ], [ 72.5798801, 23.0830842 ], [ 72.5800425, 23.0828435 ], [ 72.5801447, 23.0826263 ], [ 72.5801642, 23.0825405 ], [ 72.5802139, 23.0822127 ], [ 72.5802906, 23.0816566 ], [ 72.5803131, 23.0813827 ], [ 72.5803041, 23.0811421 ], [ 72.5801435, 23.0807296 ], [ 72.5800894, 23.0805637 ], [ 72.5800942, 23.0804812 ] ] } },
{ "type": "Feature", "properties": { "element": "way", "id": 758933573, "waterway": "stream" }, "geometry": { "type": "LineString", "coordinates": [ [ 72.5800942, 23.0804812 ], [ 72.5800989, 23.0804014 ] ] } },
{ "type": "Feature", "properties": { "element": "way", "id": 758933574, "waterway": "stream" }, "geometry": { "type": "LineString", "coordinates": [ [ 72.5809398, 23.0880552 ], [ 72.5809002, 23.0880402 ], [ 72.5805751, 23.0878724 ], [ 72.5802187, 23.0876317 ], [ 72.5798714, 23.0872707 ], [ 72.5797041, 23.0870484 ] ] } },
{ "type": "Feature", "properties": { "element": "way", "id": 758933575, "waterway": "stream" }, "geometry": { "type": "LineString", "coordinates": [ [ 72.5797041, 23.0870484 ], [ 72.579656, 23.0869845 ] ] } },
{ "type": "Feature", "properties": { "element": "way", "id": 758933576, "waterway": "stream" }, "geometry": { "type": "LineString", "coordinates": [ [ 72.579656, 23.0869845 ], [ 72.5790357, 23.08616 ] ] } },
{ "type": "Feature", "properties": { "element": "way", "id": 758933577, "waterway": "stream" }, "geometry": { "type": "LineString", "coordinates": [ [ 72.5790357, 23.08616 ], [ 72.5789876, 23.0860961 ] ] } },
{ "type": "Feature", "properties": { "element": "way", "id": 758933578, "waterway": "stream" }, "geometry": { "type": "LineString", "coordinates": [ [ 72.5815761, 23.0881689 ], [ 72.58146, 23.0881667 ], [ 72.5813545, 23.0881492 ] ] } },
{ "type": "Feature", "properties": { "element": "way", "id": 758933579, "waterway": "stream" }, "geometry": { "type": "LineString", "coordinates": [ [ 72.5810146, 23.0880836 ], [ 72.5809398, 23.0880552 ] ] } },
{ "type": "Feature", "properties": { "element": "way", "id": 758933580, "waterway": "stream" }, "geometry": { "type": "LineString", "coordinates": [ [ 72.5826509, 23.0889424 ], [ 72.5824916, 23.0887644 ], [ 72.5822382, 23.0884593 ] ] } },
{ "type": "Feature", "properties": { "element": "way", "id": 758933581, "waterway": "stream" }, "geometry": { "type": "LineString", "coordinates": [ [ 72.5822382, 23.0884593 ], [ 72.582187, 23.0883978 ] ] } },
{ "type": "Feature", "properties": { "element": "way", "id": 758933582, "waterway": "stream" }, "geometry": { "type": "LineString", "coordinates": [ [ 72.582187, 23.0883978 ], [ 72.5820688, 23.0882554 ], [ 72.5819802, 23.0881789 ], [ 72.5818488, 23.088174 ], [ 72.5817561, 23.0881722 ] ] } },
{ "type": "Feature", "properties": { "element": "way", "id": 758933583, "waterway": "stream" }, "geometry": { "type": "LineString", "coordinates": [ [ 72.5817561, 23.0881722 ], [ 72.5816761, 23.0881708 ] ] } },
{ "type": "Feature", "properties": { "element": "way", "id": 758933584, "waterway": "stream" }, "geometry": { "type": "LineString", "coordinates": [ [ 72.5816761, 23.0881708 ], [ 72.5816561, 23.0881704 ] ] } },
{ "type": "Feature", "properties": { "element": "way", "id": 758933585, "waterway": "stream" }, "geometry": { "type": "LineString", "coordinates": [ [ 72.5816561, 23.0881704 ], [ 72.5815761, 23.0881689 ] ] } },
{ "type": "Feature", "properties": { "element": "way", "id": 897957128, "waterway": "canal" }, "geometry": { "type": "LineString", "coordinates": [ [ 72.4302759, 23.0768223 ], [ 72.4292428, 23.0772942 ], [ 72.42882, 23.0775785 ], [ 72.4272101, 23.0786332 ], [ 72.4260078, 23.0794589 ], [ 72.4255689, 23.0797454 ], [ 72.4230065, 23.0804683 ], [ 72.4206778, 23.0811129 ], [ 72.4177968, 23.0819269 ], [ 72.4163529, 23.0823306 ], [ 72.4161547, 23.0823892 ], [ 72.4160131, 23.0823892 ], [ 72.4132879, 23.0816925 ], [ 72.4086516, 23.0804943 ], [ 72.4057777, 23.079752 ], [ 72.405358, 23.0796562 ] ] } },
{ "type": "Feature", "properties": { "element": "way", "id": 902939254, "waterway": "canal" }, "geometry": { "type": "LineString", "coordinates": [ [ 72.6531717, 23.1252981 ], [ 72.653199, 23.1251372 ] ] } },
{ "type": "Feature", "properties": { "element": "way", "id": 902939255, "waterway": "canal" }, "geometry": { "type": "LineString", "coordinates": [ [ 72.6530488, 23.1257644 ], [ 72.6531604, 23.1253646 ], [ 72.6531717, 23.1252981 ] ] } },
{ "type": "Feature", "properties": { "element": "way", "id": 950270679, "waterway": null }, "geometry": { "type": "Polygon", "coordinates": [ [ [ 72.5946944, 22.9610259 ], [ 72.5951235, 22.961263 ], [ 72.5956975, 22.9615495 ], [ 72.5961428, 22.9618064 ], [ 72.5964754, 22.9616483 ], [ 72.5967704, 22.9612927 ], [ 72.5969528, 22.9611247 ], [ 72.5967221, 22.9609667 ], [ 72.5966148, 22.9607197 ], [ 72.5965666, 22.9607296 ], [ 72.5964485, 22.9606357 ], [ 72.5963895, 22.9605024 ], [ 72.5963144, 22.9603887 ], [ 72.5962071, 22.9603196 ], [ 72.5961535, 22.9602356 ], [ 72.5961374, 22.9601665 ], [ 72.5959389, 22.9600232 ], [ 72.5957995, 22.9599936 ], [ 72.5957244, 22.9598997 ], [ 72.5956868, 22.9598257 ], [ 72.5953596, 22.9598306 ], [ 72.5953113, 22.9598899 ], [ 72.5951665, 22.9600578 ], [ 72.5950002, 22.9601912 ], [ 72.5949036, 22.9604085 ], [ 72.5947588, 22.9604727 ], [ 72.5946515, 22.9605863 ], [ 72.5946944, 22.9610259 ] ] ] } },
{ "type": "Feature", "properties": { "element": "way", "id": 972664074, "waterway": null }, "geometry": { "type": "Polygon", "coordinates": [ [ [ 72.4083481, 23.0260133 ], [ 72.4083546, 23.0261841 ], [ 72.4083285, 23.026313 ], [ 72.4083025, 23.0263879 ], [ 72.4083122, 23.0265018 ], [ 72.4083188, 23.0266037 ], [ 72.4083188, 23.0267026 ], [ 72.4083122, 23.0268225 ], [ 72.408296, 23.0268855 ], [ 72.4082666, 23.0270563 ], [ 72.408335, 23.0271642 ], [ 72.4083871, 23.0272421 ], [ 72.4084718, 23.0272661 ], [ 72.4085663, 23.0272721 ], [ 72.4086281, 23.0272571 ], [ 72.408677, 23.0271882 ], [ 72.4086933, 23.0271103 ], [ 72.408703, 23.0270353 ], [ 72.40869, 23.0269484 ], [ 72.4086509, 23.0268255 ], [ 72.4086281, 23.0267476 ], [ 72.4085858, 23.0266607 ], [ 72.4085663, 23.0265558 ], [ 72.4085597, 23.0264389 ], [ 72.408563, 23.026334 ], [ 72.408576, 23.026259 ], [ 72.408664, 23.0262291 ], [ 72.4087258, 23.026244 ], [ 72.4087258, 23.026316 ], [ 72.4087324, 23.0263789 ], [ 72.4087356, 23.0265078 ], [ 72.4087486, 23.0265707 ], [ 72.4087714, 23.0266517 ], [ 72.408791, 23.0267266 ], [ 72.4088105, 23.0268255 ], [ 72.4088203, 23.0268825 ], [ 72.4088529, 23.0269694 ], [ 72.4088691, 23.0270383 ], [ 72.4088887, 23.0270683 ], [ 72.4089212, 23.0270893 ], [ 72.4089571, 23.0270923 ], [ 72.4090027, 23.0270293 ], [ 72.4090515, 23.0269814 ], [ 72.4091069, 23.0269394 ], [ 72.4092371, 23.0269004 ], [ 72.4093642, 23.0268645 ], [ 72.409514, 23.0268974 ], [ 72.4097354, 23.0270533 ], [ 72.409908, 23.0272571 ], [ 72.4100513, 23.0275419 ], [ 72.4101621, 23.0276827 ], [ 72.410263, 23.0277247 ], [ 72.4102923, 23.0278086 ], [ 72.4103444, 23.0279105 ], [ 72.4104324, 23.0279854 ], [ 72.4105724, 23.0280304 ], [ 72.4107157, 23.0280754 ], [ 72.4108329, 23.0280873 ], [ 72.4109209, 23.0280754 ], [ 72.4109958, 23.0281053 ], [ 72.4110316, 23.0281833 ], [ 72.411087, 23.0282552 ], [ 72.4111228, 23.0283001 ], [ 72.4112107, 23.0282912 ], [ 72.4112335, 23.0282102 ], [ 72.4112335, 23.0281653 ], [ 72.4112531, 23.0280334 ], [ 72.4111879, 23.0278685 ], [ 72.4108362, 23.0276288 ], [ 72.4107873, 23.027425 ], [ 72.4107808, 23.0273201 ], [ 72.4107776, 23.0272241 ], [ 72.4107841, 23.0270683 ], [ 72.4107873, 23.0269274 ], [ 72.4107971, 23.0267955 ], [ 72.4107841, 23.0265558 ], [ 72.4107613, 23.0264239 ], [ 72.4107222, 23.026292 ], [ 72.4106766, 23.0261511 ], [ 72.410605, 23.0260792 ], [ 72.4104714, 23.0260342 ], [ 72.4102891, 23.0260612 ], [ 72.4100416, 23.0260762 ], [ 72.4099308, 23.0261871 ], [ 72.4098266, 23.026247 ], [ 72.4096996, 23.0262381 ], [ 72.4096182, 23.0261901 ], [ 72.4095465, 23.0261391 ], [ 72.4095107, 23.0261092 ], [ 72.4093642, 23.0260612 ], [ 72.4092144, 23.0260462 ], [ 72.4090092, 23.0260402 ], [ 72.4089278, 23.0260702 ], [ 72.4088431, 23.0260702 ], [ 72.4087779, 23.0261391 ], [ 72.4086444, 23.0261272 ], [ 72.4086119, 23.0260672 ], [ 72.4085728, 23.0259953 ], [ 72.4085337, 23.0259413 ], [ 72.4084848, 23.0259413 ], [ 72.408436, 23.0259563 ], [ 72.4083839, 23.0259893 ], [ 72.4083481, 23.0260133 ] ] ] } },
{ "type": "Feature", "properties": { "element": "way", "id": 972664075, "waterway": null }, "geometry": { "type": "Polygon", "coordinates": [ [ [ 72.4211881, 23.0363097 ], [ 72.4212634, 23.0364328 ], [ 72.4214765, 23.0363751 ], [ 72.4216813, 23.0363213 ], [ 72.4217858, 23.0362636 ], [ 72.4218485, 23.0362251 ], [ 72.4218736, 23.0361097 ], [ 72.4218778, 23.0360482 ], [ 72.4219698, 23.0360213 ], [ 72.4220074, 23.0360559 ], [ 72.4220868, 23.0360597 ], [ 72.4222205, 23.0360174 ], [ 72.4223501, 23.0359866 ], [ 72.4223835, 23.035902 ], [ 72.4224588, 23.0358443 ], [ 72.4225758, 23.0358789 ], [ 72.4225549, 23.0359328 ], [ 72.4226385, 23.0359443 ], [ 72.4227138, 23.035902 ], [ 72.4226761, 23.0358135 ], [ 72.422626, 23.0357482 ], [ 72.4226176, 23.0355712 ], [ 72.4226636, 23.035352 ], [ 72.422697, 23.0352327 ], [ 72.422906, 23.0351789 ], [ 72.423115, 23.0351827 ], [ 72.4233031, 23.0351289 ], [ 72.4234536, 23.035252 ], [ 72.4235455, 23.0353981 ], [ 72.4236124, 23.0355251 ], [ 72.4236208, 23.0356712 ], [ 72.423533, 23.0358789 ], [ 72.4234619, 23.0360405 ], [ 72.4234703, 23.0361674 ], [ 72.4234536, 23.0362444 ], [ 72.4234034, 23.0363174 ], [ 72.4234368, 23.0363982 ], [ 72.4235497, 23.0364367 ], [ 72.4238088, 23.0364174 ], [ 72.423976, 23.0364482 ], [ 72.4241934, 23.0364674 ], [ 72.4243815, 23.0363982 ], [ 72.4244484, 23.0362636 ], [ 72.4244066, 23.0361367 ], [ 72.4243397, 23.0359251 ], [ 72.4243857, 23.0356366 ], [ 72.4244484, 23.0353981 ], [ 72.4244442, 23.0351558 ], [ 72.4244233, 23.0349481 ], [ 72.4243857, 23.0347673 ], [ 72.4243021, 23.0346404 ], [ 72.4240889, 23.0346134 ], [ 72.423696, 23.0346634 ], [ 72.4233282, 23.0347481 ], [ 72.4227472, 23.0349019 ], [ 72.4221829, 23.0352327 ], [ 72.4217399, 23.0355674 ], [ 72.4215978, 23.0357559 ], [ 72.4214013, 23.0360751 ], [ 72.421255, 23.0362405 ], [ 72.4211881, 23.0363097 ] ] ] } },
{ "type": "Feature", "properties": { "element": "way", "id": 972664076, "waterway": null }, "geometry": { "type": "Polygon", "coordinates": [ [ [ 72.4343215, 23.036332 ], [ 72.4344433, 23.0364441 ], [ 72.4345909, 23.0364644 ], [ 72.4346979, 23.0364984 ], [ 72.4347643, 23.0366376 ], [ 72.4348639, 23.0367428 ], [ 72.4349229, 23.0368209 ], [ 72.4349783, 23.0368651 ], [ 72.4350515, 23.0368526 ], [ 72.4351143, 23.0368322 ], [ 72.4352214, 23.0367833 ], [ 72.4352908, 23.0367556 ], [ 72.4353463, 23.0365901 ], [ 72.4353288, 23.0364678 ], [ 72.4353361, 23.0363388 ], [ 72.4353472, 23.0361724 ], [ 72.4352992, 23.0360366 ], [ 72.4351849, 23.0360332 ], [ 72.4351111, 23.0359314 ], [ 72.4351074, 23.035799 ], [ 72.4351369, 23.0357277 ], [ 72.4350816, 23.0355545 ], [ 72.4350336, 23.0354628 ], [ 72.4349082, 23.0354289 ], [ 72.4348454, 23.0355002 ], [ 72.4347864, 23.0355952 ], [ 72.4347052, 23.0357073 ], [ 72.434613, 23.0357956 ], [ 72.4345466, 23.035945 ], [ 72.4344765, 23.0360536 ], [ 72.4343758, 23.0361864 ], [ 72.4343658, 23.0362777 ], [ 72.4343215, 23.036332 ] ] ] } },
{ "type": "Feature", "properties": { "element": "way", "id": 973444845, "waterway": null }, "geometry": { "type": "Polygon", "coordinates": [ [ [ 72.4297287, 22.9841161 ], [ 72.429638, 22.983729 ], [ 72.4296545, 22.9835089 ], [ 72.4299101, 22.9833267 ], [ 72.4303388, 22.983061 ], [ 72.4306521, 22.9829776 ], [ 72.4309406, 22.983266 ], [ 72.4309653, 22.9834633 ], [ 72.4306356, 22.9835468 ], [ 72.4305779, 22.9837821 ], [ 72.43038, 22.9839491 ], [ 72.4299925, 22.9840781 ], [ 72.4297287, 22.9841161 ] ] ] } },
{ "type": "Feature", "properties": { "element": "way", "id": 973444846, "waterway": null }, "geometry": { "type": "Polygon", "coordinates": [ [ [ 72.4348813, 22.9864625 ], [ 72.4350414, 22.9861476 ], [ 72.4351287, 22.9858863 ], [ 72.4353325, 22.9856518 ], [ 72.4353689, 22.9853705 ], [ 72.4353398, 22.9851159 ], [ 72.4356163, 22.9848747 ], [ 72.4358419, 22.9846938 ], [ 72.436213, 22.9847139 ], [ 72.4362422, 22.9849283 ], [ 72.4360311, 22.9852901 ], [ 72.4359583, 22.985625 ], [ 72.4358346, 22.9858662 ], [ 72.4357255, 22.9861208 ], [ 72.4356163, 22.9863017 ], [ 72.4353616, 22.9865496 ], [ 72.4350923, 22.9866032 ], [ 72.4348813, 22.9864625 ] ] ] } },
{ "type": "Feature", "properties": { "element": "way", "id": 973458072, "waterway": "canal" }, "geometry": { "type": "LineString", "coordinates": [ [ 72.549828, 22.9916583 ], [ 72.5403218, 22.9875803 ], [ 72.5395557, 22.9872456 ] ] } },
{ "type": "Feature", "properties": { "element": "way", "id": 973458073, "waterway": "canal" }, "geometry": { "type": "LineString", "coordinates": [ [ 72.5248919, 22.9823571 ], [ 72.524784, 22.9823526 ] ] } },
{ "type": "Feature", "properties": { "element": "way", "id": 973458074, "waterway": "canal" }, "geometry": { "type": "LineString", "coordinates": [ [ 72.539292, 22.9871303 ], [ 72.5350325, 22.9852691 ], [ 72.5253707, 22.9824178 ], [ 72.5252352, 22.9823844 ], [ 72.5250869, 22.9823652 ], [ 72.5248919, 22.9823571 ] ] } },
{ "type": "Feature", "properties": { "element": "way", "id": 973458075, "waterway": "canal" }, "geometry": { "type": "LineString", "coordinates": [ [ 72.5393629, 22.9871613 ], [ 72.539292, 22.9871303 ] ] } },
{ "type": "Feature", "properties": { "element": "way", "id": 973458076, "waterway": "canal" }, "geometry": { "type": "LineString", "coordinates": [ [ 72.5394847, 22.9872145 ], [ 72.5393629, 22.9871613 ] ] } },
{ "type": "Feature", "properties": { "element": "way", "id": 973458077, "waterway": "canal" }, "geometry": { "type": "LineString", "coordinates": [ [ 72.5395557, 22.9872456 ], [ 72.5394847, 22.9872145 ] ] } },
{ "type": "Feature", "properties": { "element": "way", "id": 973458078, "waterway": "canal" }, "geometry": { "type": "LineString", "coordinates": [ [ 72.5539052, 22.992759 ], [ 72.5536036, 22.9930144 ], [ 72.5534432, 22.9931408 ], [ 72.5532173, 22.9932119 ], [ 72.5529706, 22.9932218 ], [ 72.5527243, 22.9931507 ], [ 72.5525307, 22.9929749 ], [ 72.5524776, 22.9927556 ], [ 72.5522303, 22.9926588 ], [ 72.5506639, 22.9920169 ], [ 72.5499345, 22.991704 ] ] } },
{ "type": "Feature", "properties": { "element": "way", "id": 973458079, "waterway": "canal" }, "geometry": { "type": "LineString", "coordinates": [ [ 72.5499345, 22.991704 ], [ 72.549828, 22.9916583 ] ] } },
{ "type": "Feature", "properties": { "element": "way", "id": 973458080, "waterway": "canal" }, "geometry": { "type": "LineString", "coordinates": [ [ 72.5539884, 22.9926886 ], [ 72.5539052, 22.992759 ] ] } },
{ "type": "Feature", "properties": { "element": "way", "id": 973458081, "waterway": "stream" }, "geometry": { "type": "LineString", "coordinates": [ [ 72.5783732, 23.0571719 ], [ 72.5786502, 23.0569005 ], [ 72.5791003, 23.0559738 ] ] } },
{ "type": "Feature", "properties": { "element": "way", "id": 973458082, "waterway": "stream" }, "geometry": { "type": "LineString", "coordinates": [ [ 72.5774539, 23.0579337 ], [ 72.5775149, 23.057888 ] ] } },
{ "type": "Feature", "properties": { "element": "way", "id": 973458083, "waterway": "stream" }, "geometry": { "type": "LineString", "coordinates": [ [ 72.5775227, 23.0578821 ], [ 72.5775837, 23.0578364 ] ] } },
{ "type": "Feature", "properties": { "element": "way", "id": 973458084, "waterway": "stream" }, "geometry": { "type": "LineString", "coordinates": [ [ 72.5775149, 23.057888 ], [ 72.5775227, 23.0578821 ] ] } },
{ "type": "Feature", "properties": { "element": "way", "id": 973458085, "waterway": "stream" }, "geometry": { "type": "LineString", "coordinates": [ [ 72.5775837, 23.0578364 ], [ 72.5778094, 23.0576671 ] ] } },
{ "type": "Feature", "properties": { "element": "way", "id": 973458086, "waterway": "stream" }, "geometry": { "type": "LineString", "coordinates": [ [ 72.5778094, 23.0576671 ], [ 72.5778647, 23.0576257 ] ] } },
{ "type": "Feature", "properties": { "element": "way", "id": 973458087, "waterway": "stream" }, "geometry": { "type": "LineString", "coordinates": [ [ 72.5778647, 23.0576257 ], [ 72.5780574, 23.0574812 ], [ 72.5783262, 23.0572179 ] ] } },
{ "type": "Feature", "properties": { "element": "way", "id": 973458088, "waterway": "stream" }, "geometry": { "type": "LineString", "coordinates": [ [ 72.5783262, 23.0572179 ], [ 72.5783732, 23.0571719 ] ] } },
{ "type": "Feature", "properties": { "element": "way", "id": 973934641, "waterway": null }, "geometry": { "type": "Polygon", "coordinates": [ [ [ 72.4061766, 23.0561339 ], [ 72.4062078, 23.0561913 ], [ 72.4063326, 23.0562092 ], [ 72.4065705, 23.05622 ], [ 72.4066797, 23.0562487 ], [ 72.4067187, 23.056263 ], [ 72.4068396, 23.056263 ], [ 72.4069137, 23.0562164 ], [ 72.4069644, 23.0560621 ], [ 72.4070151, 23.0560119 ], [ 72.4069917, 23.0558934 ], [ 72.4068942, 23.0558001 ], [ 72.4067538, 23.055671 ], [ 72.4065861, 23.055671 ], [ 72.4064808, 23.0557714 ], [ 72.4063287, 23.0558683 ], [ 72.4062078, 23.0559365 ], [ 72.4062, 23.0559939 ], [ 72.4061727, 23.0560764 ], [ 72.4061766, 23.0561339 ] ] ] } },
{ "type": "Feature", "properties": { "element": "way", "id": 976280297, "waterway": null }, "geometry": { "type": "Polygon", "coordinates": [ [ [ 72.4248783, 22.9824971 ], [ 72.4249057, 22.982539 ], [ 72.424917, 22.9825869 ], [ 72.4249109, 22.9826355 ], [ 72.424888, 22.9826797 ], [ 72.4248508, 22.9827147 ], [ 72.4248033, 22.9827367 ], [ 72.4247506, 22.9827435 ], [ 72.4246984, 22.9827342 ], [ 72.4246518, 22.9827095 ], [ 72.4246165, 22.9826721 ], [ 72.4245965, 22.9826261 ], [ 72.4245939, 22.9825767 ], [ 72.4246089, 22.9825291 ], [ 72.4246401, 22.9824887 ], [ 72.4246838, 22.9824599 ], [ 72.4247348, 22.982446 ], [ 72.4247879, 22.982448 ], [ 72.4248375, 22.9824656 ], [ 72.4248783, 22.9824971 ] ] ] } },
{ "type": "Feature", "properties": { "element": "way", "id": 976280298, "waterway": null }, "geometry": { "type": "Polygon", "coordinates": [ [ [ 72.4248766, 22.9821877 ], [ 72.424904, 22.9822296 ], [ 72.4249153, 22.9822775 ], [ 72.4249092, 22.9823261 ], [ 72.4248863, 22.9823703 ], [ 72.4248491, 22.9824053 ], [ 72.4248016, 22.9824274 ], [ 72.4247489, 22.9824341 ], [ 72.4246967, 22.9824248 ], [ 72.4246501, 22.9824001 ], [ 72.4246148, 22.9823627 ], [ 72.4245948, 22.9823167 ], [ 72.4245922, 22.9822673 ], [ 72.4246072, 22.9822197 ], [ 72.4246384, 22.9821793 ], [ 72.4246821, 22.9821506 ], [ 72.4247331, 22.9821366 ], [ 72.4247862, 22.9821386 ], [ 72.4248358, 22.9821562 ], [ 72.4248766, 22.9821877 ] ] ] } },
{ "type": "Feature", "properties": { "element": "way", "id": 976280299, "waterway": null }, "geometry": { "type": "Polygon", "coordinates": [ [ [ 72.4242693, 22.9821977 ], [ 72.4242967, 22.9822396 ], [ 72.424308, 22.9822874 ], [ 72.4243019, 22.9823361 ], [ 72.424279, 22.9823803 ], [ 72.4242418, 22.9824153 ], [ 72.4242134, 22.9824284 ], [ 72.4241943, 22.9824373 ], [ 72.4241417, 22.982444 ], [ 72.4240894, 22.9824347 ], [ 72.4240428, 22.98241 ], [ 72.4240076, 22.9823726 ], [ 72.4239875, 22.9823267 ], [ 72.4239849, 22.9822772 ], [ 72.424, 22.9822297 ], [ 72.4240311, 22.9821893 ], [ 72.4240749, 22.9821605 ], [ 72.4241258, 22.9821466 ], [ 72.424179, 22.9821485 ], [ 72.4242286, 22.9821662 ], [ 72.4242693, 22.9821977 ] ] ] } },
{ "type": "Feature", "properties": { "element": "way", "id": 976280300, "waterway": null }, "geometry": { "type": "Polygon", "coordinates": [ [ [ 72.4242729, 22.9825013 ], [ 72.4243003, 22.9825432 ], [ 72.4243116, 22.982591 ], [ 72.4243055, 22.9826397 ], [ 72.4242826, 22.9826839 ], [ 72.4242454, 22.9827189 ], [ 72.4241979, 22.9827409 ], [ 72.4241453, 22.9827476 ], [ 72.4240931, 22.9827383 ], [ 72.4240464, 22.9827136 ], [ 72.4240112, 22.9826762 ], [ 72.4239911, 22.9826303 ], [ 72.4239885, 22.9825808 ], [ 72.4240036, 22.9825333 ], [ 72.4240347, 22.9824929 ], [ 72.4240785, 22.9824641 ], [ 72.4241294, 22.9824501 ], [ 72.4241826, 22.9824521 ], [ 72.4242322, 22.9824698 ], [ 72.4242729, 22.9825013 ] ] ] } },
{ "type": "Feature", "properties": { "element": "way", "id": 986289292, "waterway": null }, "geometry": { "type": "Polygon", "coordinates": [ [ [ 72.5397124, 23.1228632 ], [ 72.5396746, 23.1230401 ], [ 72.5397055, 23.1231476 ], [ 72.5397296, 23.1233023 ], [ 72.5397227, 23.1234824 ], [ 72.5397468, 23.123672 ], [ 72.5398842, 23.1237762 ], [ 72.5401933, 23.1237667 ], [ 72.5403719, 23.1237415 ], [ 72.5406914, 23.1236752 ], [ 72.5409353, 23.1235267 ], [ 72.5411311, 23.1232328 ], [ 72.5412204, 23.122879 ], [ 72.5412582, 23.1225979 ], [ 72.5411895, 23.1224273 ], [ 72.5410143, 23.1222598 ], [ 72.5407429, 23.1222598 ], [ 72.5404578, 23.1223388 ], [ 72.5399048, 23.1225915 ], [ 72.5398257, 23.1227084 ], [ 72.5397124, 23.1228632 ] ] ] } },
{ "type": "Feature", "properties": { "element": "way", "id": 986297013, "waterway": null }, "geometry": { "type": "Polygon", "coordinates": [ [ [ 72.4421798, 23.0100244 ], [ 72.4421736, 23.010274 ], [ 72.4421921, 23.0107844 ], [ 72.44234, 23.0110907 ], [ 72.4426912, 23.0114083 ], [ 72.4429439, 23.0117203 ], [ 72.443178, 23.0119812 ], [ 72.4432704, 23.0120039 ], [ 72.4434923, 23.0119812 ], [ 72.4435231, 23.0117373 ], [ 72.4435416, 23.0116012 ], [ 72.4435477, 23.011431 ], [ 72.443406, 23.0112665 ], [ 72.4432704, 23.0110226 ], [ 72.4432088, 23.0108582 ], [ 72.4432335, 23.0106767 ], [ 72.4433197, 23.0104952 ], [ 72.4433875, 23.0103817 ], [ 72.4433506, 23.0101322 ], [ 72.4431965, 23.009911 ], [ 72.4429685, 23.0098089 ], [ 72.442796, 23.0097522 ], [ 72.4425618, 23.0097011 ], [ 72.4424016, 23.0096954 ], [ 72.4422907, 23.0097351 ], [ 72.4422167, 23.0097975 ], [ 72.4421798, 23.0100244 ] ] ] } },
{ "type": "Feature", "properties": { "element": "way", "id": 988190662, "waterway": "canal" }, "geometry": { "type": "LineString", "coordinates": [ [ 72.4181403, 23.0225878 ], [ 72.4178086, 23.0225402 ], [ 72.4176504, 23.0225081 ], [ 72.417535, 23.0224069 ], [ 72.4175002, 23.0222686 ], [ 72.4175082, 23.0219897 ], [ 72.4174331, 23.0216737 ], [ 72.4171641, 23.0209451 ], [ 72.4161427, 23.017772 ], [ 72.4156531, 23.0162437 ], [ 72.415206, 23.0148603 ], [ 72.4144566, 23.0125325 ], [ 72.4137158, 23.0102752 ], [ 72.4134774, 23.0094993 ], [ 72.413124, 23.0090995 ], [ 72.411489, 23.0073046 ], [ 72.4096795, 23.0053451 ], [ 72.4078273, 23.0033385 ], [ 72.4070269, 23.0024684 ], [ 72.4053153, 23.0005558 ], [ 72.4046383, 22.9998151 ], [ 72.4041657, 22.9993056 ], [ 72.4039528, 22.9991096 ], [ 72.4034887, 22.9985962 ], [ 72.4033056, 22.9983257 ], [ 72.4032417, 22.9972126 ], [ 72.4031522, 22.9959566 ], [ 72.4030136, 22.9938848 ], [ 72.402919, 22.9921955 ], [ 72.4028548, 22.9913743 ], [ 72.4027906, 22.9906059 ], [ 72.4027737, 22.9901672 ], [ 72.4027129, 22.9889788 ], [ 72.4025743, 22.9872211 ], [ 72.4024729, 22.9858834 ], [ 72.402429, 22.9854727 ], [ 72.4023723, 22.9844489 ], [ 72.4023191, 22.983663 ], [ 72.402302, 22.9834572 ], [ 72.4022808, 22.983369 ], [ 72.4022318, 22.9833004 ], [ 72.4006671, 22.9823596 ], [ 72.3987064, 22.9811837 ], [ 72.3971182, 22.9802351 ], [ 72.3957366, 22.9794041 ], [ 72.3955429, 22.9793061 ], [ 72.3951533, 22.9790689 ], [ 72.3940803, 22.9784261 ], [ 72.3939739, 22.9783967 ], [ 72.3918812, 22.9781791 ] ] } },
{ "type": "Feature", "properties": { "element": "way", "id": 988821262, "waterway": null }, "geometry": { "type": "Polygon", "coordinates": [ [ [ 72.4810217, 23.0285967 ], [ 72.4810594, 23.028739 ], [ 72.4811262, 23.0288468 ], [ 72.4812098, 23.0289391 ], [ 72.4813687, 23.0290199 ], [ 72.4815108, 23.0290391 ], [ 72.4817239, 23.0289968 ], [ 72.4818953, 23.0289814 ], [ 72.4819914, 23.0290545 ], [ 72.4821001, 23.0290929 ], [ 72.4822757, 23.0291237 ], [ 72.4823551, 23.0290352 ], [ 72.4823467, 23.0288891 ], [ 72.4823384, 23.0288006 ], [ 72.4822924, 23.0287467 ], [ 72.4821879, 23.0286967 ], [ 72.4821294, 23.0286583 ], [ 72.4819789, 23.0285313 ], [ 72.4817783, 23.0284659 ], [ 72.4815902, 23.0284044 ], [ 72.4814021, 23.0283505 ], [ 72.4812307, 23.0283698 ], [ 72.4811095, 23.0284275 ], [ 72.4810176, 23.0285044 ], [ 72.4810217, 23.0285967 ] ] ] } },
{ "type": "Feature", "properties": { "element": "way", "id": 991912189, "waterway": null }, "geometry": { "type": "Polygon", "coordinates": [ [ [ 72.4619044, 22.9967057 ], [ 72.4619623, 22.9967183 ], [ 72.4620236, 22.996757 ], [ 72.462077, 22.9968071 ], [ 72.4621372, 22.9968552 ], [ 72.462211, 22.9969524 ], [ 72.4622939, 22.9970423 ], [ 72.4624267, 22.9971186 ], [ 72.4624892, 22.9971291 ], [ 72.4625323, 22.9970956 ], [ 72.4625539, 22.9970685 ], [ 72.4625426, 22.9969963 ], [ 72.4624551, 22.9968939 ], [ 72.4623654, 22.9968385 ], [ 72.4622905, 22.9967737 ], [ 72.4621758, 22.9967047 ], [ 72.4620679, 22.9966671 ], [ 72.4620009, 22.9966367 ], [ 72.4619487, 22.9966252 ], [ 72.4619191, 22.9966347 ], [ 72.461901, 22.9966556 ], [ 72.4618964, 22.9966786 ], [ 72.4619044, 22.9967057 ] ] ] } },
{ "type": "Feature", "properties": { "element": "way", "id": 993784183, "waterway": null }, "geometry": { "type": "Polygon", "coordinates": [ [ [ 72.583286, 23.1362234 ], [ 72.5833055, 23.1362478 ], [ 72.5833781, 23.1362559 ], [ 72.5834789, 23.136251 ], [ 72.583578, 23.1362445 ], [ 72.5835763, 23.1361973 ], [ 72.583601, 23.1360851 ], [ 72.5835904, 23.1354455 ], [ 72.5835391, 23.1354146 ], [ 72.5834772, 23.1354081 ], [ 72.5833975, 23.1354162 ], [ 72.5833444, 23.135426 ], [ 72.5833144, 23.1354667 ], [ 72.583263, 23.1358328 ], [ 72.5832719, 23.1359614 ], [ 72.583279, 23.1361518 ], [ 72.583286, 23.1362234 ] ] ] } },
{ "type": "Feature", "properties": { "element": "way", "id": 993792327, "waterway": null }, "geometry": { "type": "Polygon", "coordinates": [ [ [ 72.5375165, 23.0947296 ], [ 72.537397, 23.0946306 ], [ 72.5373177, 23.0946031 ], [ 72.537235, 23.0946081 ], [ 72.5371674, 23.094628 ], [ 72.5371042, 23.094661 ], [ 72.5370243, 23.0946477 ], [ 72.5368996, 23.0947241 ], [ 72.5368843, 23.0948435 ], [ 72.5368555, 23.0949374 ], [ 72.536834, 23.0950061 ], [ 72.5368311, 23.0951674 ], [ 72.5368412, 23.0953089 ], [ 72.5368235, 23.095379 ], [ 72.5368316, 23.0954705 ], [ 72.5368383, 23.0955852 ], [ 72.5367945, 23.0957214 ], [ 72.5367747, 23.095848 ], [ 72.5368092, 23.0959642 ], [ 72.5368331, 23.0960325 ], [ 72.536863, 23.0961516 ], [ 72.5368999, 23.0962338 ], [ 72.53692, 23.0963416 ], [ 72.5371776, 23.0965876 ], [ 72.5372404, 23.0966567 ], [ 72.5372917, 23.096765 ], [ 72.5373422, 23.0968273 ], [ 72.537406, 23.0968994 ], [ 72.537429, 23.0969708 ], [ 72.5374477, 23.0970435 ], [ 72.5374578, 23.0971044 ], [ 72.537452, 23.0971758 ], [ 72.5374822, 23.0972353 ], [ 72.5375726, 23.0973767 ], [ 72.5376157, 23.097415 ], [ 72.5376329, 23.097456 ], [ 72.5376976, 23.0974771 ], [ 72.5377494, 23.097497 ], [ 72.5377752, 23.0975009 ], [ 72.5378687, 23.0975481 ], [ 72.5379501, 23.0975245 ], [ 72.5380709, 23.0975137 ], [ 72.5381771, 23.0975928 ], [ 72.538254, 23.0975597 ], [ 72.5383179, 23.0975215 ], [ 72.5383501, 23.097466 ], [ 72.5383875, 23.0974263 ], [ 72.5383975, 23.0973629 ], [ 72.5383717, 23.0972611 ], [ 72.5383573, 23.0972029 ], [ 72.53822, 23.0971694 ], [ 72.5381999, 23.097176 ], [ 72.5381438, 23.0971443 ], [ 72.5381295, 23.0971099 ], [ 72.5381622, 23.0969939 ], [ 72.5382393, 23.0969725 ], [ 72.5382982, 23.0969725 ], [ 72.5383773, 23.0969421 ], [ 72.5384233, 23.096872 ], [ 72.5384161, 23.096794 ], [ 72.5383485, 23.0967531 ], [ 72.5383589, 23.0966161 ], [ 72.5383907, 23.0964625 ], [ 72.53839, 23.0963262 ], [ 72.5383064, 23.0961794 ], [ 72.5382848, 23.0960997 ], [ 72.538185, 23.0960642 ], [ 72.5380988, 23.0959929 ], [ 72.5379968, 23.0960123 ], [ 72.5379235, 23.0959977 ], [ 72.5378387, 23.0960149 ], [ 72.5377869, 23.0960043 ], [ 72.5377769, 23.0959581 ], [ 72.5376288, 23.0958972 ], [ 72.5376346, 23.09581 ], [ 72.5376533, 23.0957478 ], [ 72.5376073, 23.0955535 ], [ 72.5375383, 23.095453 ], [ 72.5374722, 23.0953671 ], [ 72.5375438, 23.0953024 ], [ 72.5375357, 23.0952129 ], [ 72.5375353, 23.0951052 ], [ 72.5375198, 23.0950006 ], [ 72.5375821, 23.0949156 ], [ 72.5375566, 23.0948362 ], [ 72.5375165, 23.0947296 ] ] ] } },
{ "type": "Feature", "properties": { "element": "way", "id": 996610809, "waterway": null }, "geometry": { "type": "Polygon", "coordinates": [ [ [ 72.6047051, 23.0976053 ], [ 72.6050806, 23.0982567 ], [ 72.6059818, 23.0993916 ], [ 72.6064861, 23.0997468 ], [ 72.6072586, 23.0975461 ], [ 72.6073551, 23.0966678 ], [ 72.6055848, 23.0954046 ], [ 72.6049626, 23.095898 ], [ 72.6047051, 23.0974376 ], [ 72.6047051, 23.0976053 ] ] ] } },
{ "type": "Feature", "properties": { "element": "way", "id": 1004354574, "waterway": null }, "geometry": { "type": "Polygon", "coordinates": [ [ [ 72.5155134, 23.1355604 ], [ 72.5155558, 23.1357251 ], [ 72.515673, 23.1359527 ], [ 72.5157674, 23.1360995 ], [ 72.515813, 23.1360965 ], [ 72.5158424, 23.1360126 ], [ 72.5158977, 23.1359557 ], [ 72.5159629, 23.1359527 ], [ 72.5160801, 23.1359557 ], [ 72.5161192, 23.1360366 ], [ 72.5161224, 23.1361055 ], [ 72.5161029, 23.1361654 ], [ 72.5160508, 23.1362103 ], [ 72.516142, 23.1362762 ], [ 72.5163439, 23.136366 ], [ 72.5165523, 23.1365607 ], [ 72.5167445, 23.1369201 ], [ 72.5168357, 23.1370009 ], [ 72.5169236, 23.1370099 ], [ 72.5169627, 23.136977 ], [ 72.5169334, 23.1368272 ], [ 72.516865, 23.1366984 ], [ 72.5167803, 23.1365547 ], [ 72.5166728, 23.136399 ], [ 72.5165523, 23.1363001 ], [ 72.5164188, 23.1361474 ], [ 72.5163667, 23.1359977 ], [ 72.5162592, 23.135824 ], [ 72.5161094, 23.1356592 ], [ 72.5159759, 23.1355065 ], [ 72.5158586, 23.1354676 ], [ 72.5156763, 23.1354346 ], [ 72.5155818, 23.1354676 ], [ 72.5155134, 23.1355604 ] ] ] } },
{ "type": "Feature", "properties": { "element": "way", "id": 1006791519, "waterway": null }, "geometry": { "type": "Polygon", "coordinates": [ [ [ 72.5118773, 23.0445639 ], [ 72.5118713, 23.0446087 ], [ 72.5118852, 23.0446437 ], [ 72.5119113, 23.0446676 ], [ 72.5119374, 23.044688 ], [ 72.5119452, 23.0447152 ], [ 72.5119444, 23.0447537 ], [ 72.511953, 23.0448036 ], [ 72.5119615, 23.0448362 ], [ 72.5119701, 23.0448622 ], [ 72.5119571, 23.0449393 ], [ 72.5119436, 23.0449677 ], [ 72.5119499, 23.0449948 ], [ 72.5119696, 23.0450077 ], [ 72.5119978, 23.0450039 ], [ 72.5120148, 23.0449776 ], [ 72.5120091, 23.0449236 ], [ 72.5120131, 23.0448893 ], [ 72.5120414, 23.0448667 ], [ 72.5120372, 23.0448058 ], [ 72.5120555, 23.0447794 ], [ 72.5120868, 23.044762 ], [ 72.5121097, 23.0447459 ], [ 72.5121268, 23.0447343 ], [ 72.512142, 23.0447074 ], [ 72.5121422, 23.0446707 ], [ 72.5121258, 23.0446433 ], [ 72.5120832, 23.0446303 ], [ 72.5120504, 23.044616 ], [ 72.5120164, 23.0445998 ], [ 72.5119979, 23.0445684 ], [ 72.5119941, 23.0445426 ], [ 72.512031, 23.0445072 ], [ 72.5120582, 23.0444763 ], [ 72.5120583, 23.0444613 ], [ 72.5120444, 23.0444533 ], [ 72.5120227, 23.0444551 ], [ 72.5120005, 23.0444867 ], [ 72.5119897, 23.0445111 ], [ 72.5119611, 23.0445322 ], [ 72.5119338, 23.0445342 ], [ 72.5119037, 23.0445395 ], [ 72.5118773, 23.0445639 ] ] ] } },
{ "type": "Feature", "properties": { "element": "way", "id": 1008019382, "waterway": null }, "geometry": { "type": "Polygon", "coordinates": [ [ [ 72.4987982, 23.1327523 ], [ 72.4989398, 23.1326647 ], [ 72.4991509, 23.1326575 ], [ 72.4993945, 23.1327327 ], [ 72.4995177, 23.132878 ], [ 72.499553, 23.1331555 ], [ 72.4996159, 23.1333847 ], [ 72.4996076, 23.1335821 ], [ 72.4994075, 23.1335901 ], [ 72.4992892, 23.1335203 ], [ 72.4990316, 23.1334649 ], [ 72.4989376, 23.1333454 ], [ 72.4989044, 23.1331364 ], [ 72.4988571, 23.1329383 ], [ 72.4987982, 23.1327523 ] ] ] } },
{ "type": "Feature", "properties": { "element": "way", "id": 1008020840, "waterway": null }, "geometry": { "type": "Polygon", "coordinates": [ [ [ 72.511277, 23.1482561 ], [ 72.5113082, 23.1505098 ], [ 72.5111645, 23.1505324 ], [ 72.5109427, 23.1505303 ], [ 72.5106619, 23.1504691 ], [ 72.5104116, 23.150266 ], [ 72.5102656, 23.1498867 ], [ 72.5102476, 23.1495573 ], [ 72.5101787, 23.1492583 ], [ 72.5102444, 23.1489008 ], [ 72.5103807, 23.1486887 ], [ 72.510574, 23.1484727 ], [ 72.5107632, 23.1482837 ], [ 72.5109163, 23.1482188 ], [ 72.5110816, 23.1481803 ], [ 72.5112252, 23.1481977 ], [ 72.511277, 23.1482561 ] ] ] } },
{ "type": "Feature", "properties": { "element": "way", "id": 1008020841, "waterway": null }, "geometry": { "type": "Polygon", "coordinates": [ [ [ 72.4944064, 23.1493245 ], [ 72.4944801, 23.1495107 ], [ 72.4945782, 23.1497201 ], [ 72.4948439, 23.1498111 ], [ 72.4952195, 23.1497782 ], [ 72.49551, 23.1497349 ], [ 72.4957691, 23.1495131 ], [ 72.4958635, 23.1490094 ], [ 72.4956783, 23.1485915 ], [ 72.4950059, 23.1485907 ], [ 72.4946362, 23.1487488 ], [ 72.4944187, 23.1490484 ], [ 72.4944064, 23.1493245 ] ] ] } },
{ "type": "Feature", "properties": { "element": "way", "id": 1008100438, "waterway": null }, "geometry": { "type": "Polygon", "coordinates": [ [ [ 72.7201421, 23.0905046 ], [ 72.7202554, 23.090849 ], [ 72.7204273, 23.091151 ], [ 72.7206506, 23.0913746 ], [ 72.7208457, 23.0914713 ], [ 72.7210409, 23.0914205 ], [ 72.7211016, 23.0912779 ], [ 72.7210926, 23.0910766 ], [ 72.7210187, 23.0908504 ], [ 72.7209407, 23.0906059 ], [ 72.7208252, 23.0904313 ], [ 72.7205931, 23.0903302 ], [ 72.7203491, 23.0903395 ], [ 72.7201904, 23.0904228 ], [ 72.7201421, 23.0905046 ] ] ] } },
{ "type": "Feature", "properties": { "element": "way", "id": 1008655803, "waterway": null }, "geometry": { "type": "Polygon", "coordinates": [ [ [ 72.5300265, 23.0847932 ], [ 72.5300957, 23.0848219 ], [ 72.53017, 23.0848813 ], [ 72.530251, 23.0849391 ], [ 72.5303305, 23.0849897 ], [ 72.5304251, 23.0850189 ], [ 72.5304941, 23.0849488 ], [ 72.5305457, 23.0847726 ], [ 72.5305393, 23.0847308 ], [ 72.530449, 23.0846926 ], [ 72.5300635, 23.0846249 ], [ 72.5300194, 23.0846459 ], [ 72.5300123, 23.0847036 ], [ 72.5300265, 23.0847932 ] ] ] } },
{ "type": "Feature", "properties": { "element": "way", "id": 1010049324, "waterway": null }, "geometry": { "type": "Polygon", "coordinates": [ [ [ 72.4252868, 23.0044413 ], [ 72.4255603, 23.0040167 ], [ 72.4257535, 23.0037155 ], [ 72.4259734, 23.0035574 ], [ 72.4264991, 23.0035377 ], [ 72.4266064, 23.0037698 ], [ 72.4263918, 23.0041006 ], [ 72.4261719, 23.0044166 ], [ 72.4262255, 23.0048265 ], [ 72.4262094, 23.0051672 ], [ 72.4260807, 23.0052807 ], [ 72.4258554, 23.0053104 ], [ 72.4255389, 23.0052116 ], [ 72.4254155, 23.0050734 ], [ 72.4254209, 23.0048166 ], [ 72.425319, 23.0046882 ], [ 72.4252868, 23.0044413 ] ] ] } },
{ "type": "Feature", "properties": { "element": "way", "id": 1017007889, "waterway": null }, "geometry": { "type": "Polygon", "coordinates": [ [ [ 72.4937944, 23.0390287 ], [ 72.4939111, 23.038951 ], [ 72.4940707, 23.038872 ], [ 72.4942584, 23.0388621 ], [ 72.4943845, 23.0388991 ], [ 72.4944341, 23.0389164 ], [ 72.4945199, 23.0388559 ], [ 72.4946232, 23.03893 ], [ 72.4946634, 23.0390275 ], [ 72.4946862, 23.0391904 ], [ 72.4946447, 23.0393274 ], [ 72.4945682, 23.0393607 ], [ 72.4944046, 23.0393841 ], [ 72.4941082, 23.0393878 ], [ 72.4939312, 23.039336 ], [ 72.4938038, 23.0392188 ], [ 72.4937823, 23.0391089 ], [ 72.4937944, 23.0390287 ] ] ] } },
{ "type": "Feature", "properties": { "element": "way", "id": 1019925049, "waterway": null }, "geometry": { "type": "Polygon", "coordinates": [ [ [ 72.5050744, 23.0046043 ], [ 72.505179, 23.0046783 ], [ 72.5054473, 23.0047178 ], [ 72.5056538, 23.004787 ], [ 72.5058737, 23.0048882 ], [ 72.5059059, 23.0050215 ], [ 72.5059515, 23.0050635 ], [ 72.5062492, 23.004982 ], [ 72.5064129, 23.0049919 ], [ 72.5067025, 23.0049845 ], [ 72.5067937, 23.0049104 ], [ 72.5067267, 23.0047425 ], [ 72.5064987, 23.0045401 ], [ 72.5065953, 23.0045796 ], [ 72.5067669, 23.004629 ], [ 72.5068286, 23.0046438 ], [ 72.5068367, 23.0045327 ], [ 72.5068098, 23.0044388 ], [ 72.5068286, 23.0043105 ], [ 72.5065738, 23.004192 ], [ 72.5065443, 23.0040438 ], [ 72.5065497, 23.0039105 ], [ 72.5064558, 23.0037821 ], [ 72.5062197, 23.0038093 ], [ 72.5059301, 23.0038883 ], [ 72.5057772, 23.0040068 ], [ 72.5055438, 23.0041129 ], [ 72.5053614, 23.0041747 ], [ 72.5051147, 23.0044438 ], [ 72.5050744, 23.0046043 ] ] ] } },
{ "type": "Feature", "properties": { "element": "way", "id": 1026135343, "waterway": null }, "geometry": { "type": "Polygon", "coordinates": [ [ [ 72.606934, 23.1497641 ], [ 72.6068938, 23.1500058 ], [ 72.6068535, 23.1502006 ], [ 72.6068079, 23.1504053 ], [ 72.6067972, 23.1505557 ], [ 72.6068643, 23.1507013 ], [ 72.606985, 23.1507259 ], [ 72.6070359, 23.1508443 ], [ 72.6070923, 23.1508542 ], [ 72.6071835, 23.1508295 ], [ 72.6073953, 23.1508024 ], [ 72.6074919, 23.1507802 ], [ 72.6075321, 23.1505927 ], [ 72.6075482, 23.1504275 ], [ 72.6076421, 23.1501957 ], [ 72.6077548, 23.1500699 ], [ 72.6078245, 23.1499589 ], [ 72.6077843, 23.1498233 ], [ 72.6076689, 23.1496728 ], [ 72.6074812, 23.1495939 ], [ 72.6072934, 23.1495841 ], [ 72.6071593, 23.149626 ], [ 72.606934, 23.1497641 ] ] ] } },
{ "type": "Feature", "properties": { "element": "way", "id": 1026135355, "waterway": null }, "geometry": { "type": "Polygon", "coordinates": [ [ [ 72.5742486, 23.1789107 ], [ 72.5742111, 23.1789735 ], [ 72.5741588, 23.1790043 ], [ 72.5741306, 23.179066 ], [ 72.5741346, 23.1791276 ], [ 72.5741547, 23.1791683 ], [ 72.574193, 23.1792004 ], [ 72.5742298, 23.1792127 ], [ 72.5742681, 23.1792152 ], [ 72.574317, 23.1792059 ], [ 72.5743559, 23.1791868 ], [ 72.5743988, 23.1791511 ], [ 72.5744095, 23.179103 ], [ 72.5744075, 23.1790574 ], [ 72.5743894, 23.1790265 ], [ 72.574366, 23.1789963 ], [ 72.5743351, 23.1789507 ], [ 72.5743197, 23.178915 ], [ 72.574313, 23.1788811 ], [ 72.5743137, 23.1788188 ], [ 72.5743344, 23.1787701 ], [ 72.5743626, 23.1787331 ], [ 72.5743934, 23.1787017 ], [ 72.5744069, 23.1786715 ], [ 72.5743995, 23.1786339 ], [ 72.5743787, 23.1786111 ], [ 72.5743418, 23.1785938 ], [ 72.574313, 23.1785827 ], [ 72.5742821, 23.1785827 ], [ 72.5742613, 23.1785963 ], [ 72.5742506, 23.178616 ], [ 72.5742439, 23.1786524 ], [ 72.5742473, 23.178685 ], [ 72.5742573, 23.1787294 ], [ 72.5742721, 23.1787584 ], [ 72.5742882, 23.178804 ], [ 72.5742882, 23.1788176 ], [ 72.5742781, 23.1788669 ], [ 72.5742674, 23.1788897 ], [ 72.5742486, 23.1789107 ] ] ] } },
{ "type": "Feature", "properties": { "element": "way", "id": 1032926402, "waterway": null }, "geometry": { "type": "Polygon", "coordinates": [ [ [ 72.4021178, 23.0033599 ], [ 72.4021232, 23.0035303 ], [ 72.4021554, 23.0037179 ], [ 72.4021876, 23.0038907 ], [ 72.4023405, 23.0040537 ], [ 72.4024531, 23.0041031 ], [ 72.4026489, 23.0040315 ], [ 72.4027777, 23.0039302 ], [ 72.4027213, 23.0037574 ], [ 72.4028018, 23.0035698 ], [ 72.4029976, 23.0034982 ], [ 72.4030861, 23.0034587 ], [ 72.4030137, 23.003271 ], [ 72.4028635, 23.0032143 ], [ 72.402716, 23.003234 ], [ 72.4025363, 23.0032044 ], [ 72.4023914, 23.0031081 ], [ 72.4022627, 23.0032143 ], [ 72.4021205, 23.0033106 ], [ 72.4021178, 23.0033599 ] ] ] } },
{ "type": "Feature", "properties": { "element": "way", "id": 1033606001, "waterway": null }, "geometry": { "type": "Polygon", "coordinates": [ [ [ 72.6227027, 23.1674212 ], [ 72.6224318, 23.1680105 ], [ 72.6223674, 23.1682226 ], [ 72.6223084, 23.1685161 ], [ 72.6223057, 23.1686689 ], [ 72.6224184, 23.1686837 ], [ 72.6227751, 23.1684495 ], [ 72.6230326, 23.1681782 ], [ 72.6230165, 23.1679834 ], [ 72.6229387, 23.1677911 ], [ 72.6228315, 23.1676555 ], [ 72.622759, 23.1674878 ], [ 72.6227027, 23.1674212 ] ] ] } },
{ "type": "Feature", "properties": { "element": "way", "id": 1051243171, "waterway": null }, "geometry": { "type": "Polygon", "coordinates": [ [ [ 72.4226904, 22.9620806 ], [ 72.422681, 22.961862 ], [ 72.4226005, 22.9616768 ], [ 72.422445, 22.9615212 ], [ 72.4222653, 22.9614397 ], [ 72.4220788, 22.9614126 ], [ 72.4219018, 22.9614434 ], [ 72.4217489, 22.9615052 ], [ 72.4217033, 22.9615274 ], [ 72.4218254, 22.9616311 ], [ 72.4219649, 22.9615262 ], [ 72.4221016, 22.9615125 ], [ 72.422213, 22.9615286 ], [ 72.4223202, 22.9615817 ], [ 72.4224114, 22.9616163 ], [ 72.422457, 22.961767 ], [ 72.4225469, 22.9619089 ], [ 72.4225938, 22.9619287 ], [ 72.422618, 22.9620176 ], [ 72.4226327, 22.962072 ], [ 72.4226783, 22.9620954 ], [ 72.4226904, 22.9620806 ] ] ] } },
{ "type": "Feature", "properties": { "element": "way", "id": 1093518636, "waterway": "canal" }, "geometry": { "type": "LineString", "coordinates": [ [ 72.7236176, 22.9345596 ], [ 72.7233563, 22.9346757 ], [ 72.7227624, 22.934918 ], [ 72.7225089, 22.9350181 ], [ 72.7221891, 22.935063 ], [ 72.7218647, 22.9350543 ], [ 72.7216237, 22.9350282 ], [ 72.7207794, 22.9349572 ], [ 72.7201762, 22.9349078 ], [ 72.7185743, 22.9347932 ], [ 72.7168591, 22.9346569 ], [ 72.7166732, 22.9346395 ], [ 72.7158825, 22.9342435 ], [ 72.7148713, 22.9337329 ], [ 72.7135892, 22.9330497 ], [ 72.7126363, 22.9325477 ], [ 72.7118188, 22.9321039 ], [ 72.71177, 22.9320908 ], [ 72.7101996, 22.9322286 ], [ 72.7093759, 22.9321097 ], [ 72.7079331, 22.9320778 ], [ 72.707774, 22.932101 ], [ 72.7071708, 22.9321953 ], [ 72.7061548, 22.9321982 ], [ 72.7046302, 22.9321778 ], [ 72.7035922, 22.9321648 ], [ 72.7034961, 22.9321329 ], [ 72.7032961, 22.9319806 ], [ 72.7030236, 22.9315962 ], [ 72.7026471, 22.9310623 ] ] } },
{ "type": "Feature", "properties": { "element": "way", "id": 1111963573, "waterway": null }, "geometry": { "type": "Polygon", "coordinates": [ [ [ 72.6497757, 22.974562 ], [ 72.6498374, 22.9745847 ], [ 72.6501147, 22.9745762 ], [ 72.6501979, 22.974596 ], [ 72.6502163, 22.9746386 ], [ 72.6502163, 22.974701 ], [ 72.6502533, 22.9747407 ], [ 72.6503642, 22.9747407 ], [ 72.6504104, 22.9747208 ], [ 72.6504628, 22.9746755 ], [ 72.6506015, 22.9744485 ], [ 72.6506261, 22.9744315 ], [ 72.6506631, 22.9744173 ], [ 72.6507166, 22.9744128 ], [ 72.6507247, 22.9744939 ], [ 72.650774, 22.9745223 ], [ 72.6508048, 22.974579 ], [ 72.6510944, 22.9745251 ], [ 72.6511468, 22.9744457 ], [ 72.6511468, 22.9744202 ], [ 72.6511037, 22.9743663 ], [ 72.6510544, 22.9742273 ], [ 72.6510143, 22.9741875 ], [ 72.6509496, 22.9741904 ], [ 72.6508819, 22.9742513 ], [ 72.6508256, 22.9741982 ], [ 72.6507694, 22.9742088 ], [ 72.6506384, 22.9742868 ], [ 72.6505947, 22.9742698 ], [ 72.6506245, 22.9742048 ], [ 72.6507369, 22.9741143 ], [ 72.6507583, 22.9739673 ], [ 72.6507149, 22.9738775 ], [ 72.6506214, 22.973843 ], [ 72.6505838, 22.9739295 ], [ 72.650526, 22.9739081 ], [ 72.6504474, 22.9739294 ], [ 72.6504197, 22.9740627 ], [ 72.6503092, 22.9741429 ], [ 72.6502233, 22.974257 ], [ 72.6500885, 22.9742188 ], [ 72.6499599, 22.9743775 ], [ 72.6498128, 22.9743377 ], [ 72.649759, 22.9743886 ], [ 72.6496514, 22.9743825 ], [ 72.6495594, 22.9744327 ], [ 72.6495147, 22.9745309 ], [ 72.6496579, 22.9745861 ], [ 72.6497757, 22.974562 ] ] ] } },
{ "type": "Feature", "properties": { "element": "way", "id": 1111986043, "waterway": null }, "geometry": { "type": "Polygon", "coordinates": [ [ [ 72.6518321, 22.9765137 ], [ 72.6519842, 22.9765105 ], [ 72.6521754, 22.9764877 ], [ 72.6523382, 22.9764551 ], [ 72.652455, 22.9764258 ], [ 72.6525753, 22.9763345 ], [ 72.6526001, 22.9762563 ], [ 72.6526036, 22.9761781 ], [ 72.6526001, 22.976126 ], [ 72.6525328, 22.9760673 ], [ 72.6524231, 22.9760445 ], [ 72.6522285, 22.9760282 ], [ 72.6521612, 22.976012 ], [ 72.6520444, 22.9760087 ], [ 72.6518993, 22.9760054 ], [ 72.6517861, 22.9760087 ], [ 72.6516976, 22.9760478 ], [ 72.6515985, 22.9761162 ], [ 72.6515808, 22.9761846 ], [ 72.6515631, 22.9762661 ], [ 72.6515772, 22.9763378 ], [ 72.6516162, 22.9763932 ], [ 72.6517153, 22.9764746 ], [ 72.6518321, 22.9765137 ] ] ] } },
{ "type": "Feature", "properties": { "element": "way", "id": 1111986044, "waterway": null }, "geometry": { "type": "Polygon", "coordinates": [ [ [ 72.6534353, 22.9773512 ], [ 72.653407, 22.9772501 ], [ 72.6534141, 22.9771263 ], [ 72.6534636, 22.9769602 ], [ 72.6534813, 22.9768722 ], [ 72.6535238, 22.9768396 ], [ 72.6536264, 22.9768233 ], [ 72.6537255, 22.97682 ], [ 72.6538105, 22.9768298 ], [ 72.6538636, 22.9768494 ], [ 72.6538813, 22.9768819 ], [ 72.6538954, 22.9769341 ], [ 72.6538954, 22.9769993 ], [ 72.6538671, 22.9770775 ], [ 72.6538211, 22.9771426 ], [ 72.6537857, 22.9771882 ], [ 72.6537361, 22.9772534 ], [ 72.6536831, 22.9772925 ], [ 72.6536087, 22.9773218 ], [ 72.6535238, 22.9773642 ], [ 72.6534353, 22.9773512 ] ] ] } },
{ "type": "Feature", "properties": { "element": "way", "id": 1115524176, "waterway": "canal" }, "geometry": { "type": "LineString", "coordinates": [ [ 72.6523111, 23.050453 ], [ 72.6522363, 23.0507325 ], [ 72.6518586, 23.0510406 ], [ 72.6510003, 23.0515776 ], [ 72.6507514, 23.0518145 ], [ 72.6506313, 23.0521067 ], [ 72.6506313, 23.0524779 ], [ 72.6507514, 23.0527307 ], [ 72.6511205, 23.0529518 ], [ 72.6513265, 23.0531729 ], [ 72.6515325, 23.0535362 ], [ 72.6516183, 23.0537495 ], [ 72.6518586, 23.0539627 ], [ 72.6520732, 23.0541443 ], [ 72.6521762, 23.0543497 ], [ 72.6521848, 23.0545629 ], [ 72.6521505, 23.0548314 ], [ 72.6518415, 23.055329 ], [ 72.6514259, 23.055984 ], [ 72.6511656, 23.0564284 ], [ 72.6503738, 23.0575797 ], [ 72.6499027, 23.0586373 ], [ 72.6498063, 23.0589854 ], [ 72.6497632, 23.0593556 ], [ 72.6497935, 23.059585 ], [ 72.649974, 23.0602791 ], [ 72.6500597, 23.0606363 ], [ 72.6501763, 23.0609216 ], [ 72.6504231, 23.0611108 ], [ 72.6506995, 23.0613331 ], [ 72.6513351, 23.0618522 ], [ 72.65179, 23.0624208 ], [ 72.652104, 23.0630367 ], [ 72.6522972, 23.0633884 ], [ 72.6525539, 23.0637159 ], [ 72.6527341, 23.0639449 ], [ 72.6529659, 23.0640396 ], [ 72.6533521, 23.0640396 ], [ 72.6536525, 23.0639923 ], [ 72.6538671, 23.0639133 ], [ 72.6540216, 23.0639291 ], [ 72.6541417, 23.0640712 ], [ 72.6543906, 23.0644187 ], [ 72.6546138, 23.064553 ], [ 72.6549485, 23.0647425 ], [ 72.655103, 23.0653426 ], [ 72.6557039, 23.0657691 ], [ 72.6560386, 23.0661165 ], [ 72.6563476, 23.0662824 ], [ 72.6567252, 23.0664956 ], [ 72.6570342, 23.0667246 ], [ 72.6574291, 23.06708 ], [ 72.6578067, 23.0675459 ], [ 72.6580556, 23.0677907 ], [ 72.6582273, 23.0679091 ], [ 72.6585105, 23.0679486 ], [ 72.6589139, 23.0679091 ], [ 72.6595577, 23.0678381 ], [ 72.6600211, 23.0679012 ], [ 72.6607294, 23.0681374 ], [ 72.660823, 23.068164 ] ] } },
{ "type": "Feature", "properties": { "element": "way", "id": 1115524177, "waterway": "canal" }, "geometry": { "type": "LineString", "coordinates": [ [ 72.660823, 23.068164 ], [ 72.6610438, 23.0682267 ] ] } },
{ "type": "Feature", "properties": { "element": "way", "id": 1194712611, "waterway": "stream" }, "geometry": { "type": "LineString", "coordinates": [ [ 72.5812674, 23.0881347 ], [ 72.5812479, 23.0881315 ], [ 72.5810326, 23.0880904 ], [ 72.5810146, 23.0880836 ] ] } },
{ "type": "Feature", "properties": { "element": "way", "id": 1194712612, "waterway": "stream" }, "geometry": { "type": "LineString", "coordinates": [ [ 72.5813545, 23.0881492 ], [ 72.5812674, 23.0881347 ] ] } },
{ "type": "Feature", "properties": { "element": "way", "id": 1195588791, "waterway": "river" }, "geometry": { "type": "LineString", "coordinates": [ [ 72.6643628, 22.935349 ], [ 72.6636381, 22.9356608 ], [ 72.6629386, 22.9357123 ], [ 72.6594396, 22.9364282 ], [ 72.6584463, 22.9365661 ], [ 72.6577115, 22.9365034 ], [ 72.6568135, 22.9364032 ], [ 72.6562284, 22.9363781 ], [ 72.6553303, 22.9363781 ], [ 72.6547316, 22.9364157 ], [ 72.6542418, 22.9365034 ], [ 72.653575, 22.9367039 ], [ 72.6530307, 22.9368793 ], [ 72.6527858, 22.9367916 ], [ 72.6525001, 22.9365159 ], [ 72.6522415, 22.9360022 ], [ 72.6524865, 22.9351125 ], [ 72.6525409, 22.9346237 ], [ 72.6524729, 22.9340849 ], [ 72.6520919, 22.93312 ], [ 72.6514251, 22.9324934 ], [ 72.650704, 22.9318418 ], [ 72.6501053, 22.9313656 ], [ 72.6495338, 22.9309019 ], [ 72.6489351, 22.9304884 ], [ 72.6483228, 22.9304508 ], [ 72.6479554, 22.9306513 ], [ 72.6471386, 22.9308408 ], [ 72.6463881, 22.9304775 ], [ 72.6454067, 22.9295382 ], [ 72.6452259, 22.9292606 ], [ 72.6447428, 22.9285191 ], [ 72.6442521, 22.9279166 ], [ 72.6441105, 22.9276449 ], [ 72.6435594, 22.9265873 ], [ 72.6427897, 22.9254619 ], [ 72.6416447, 22.924115 ], [ 72.640952, 22.9230073 ], [ 72.6404709, 22.9220945 ], [ 72.6399032, 22.921297 ], [ 72.6396049, 22.9199322 ], [ 72.6396146, 22.9190638 ], [ 72.6397589, 22.9186295 ], [ 72.6401053, 22.9179383 ], [ 72.6414234, 22.9159177 ], [ 72.641943, 22.914872 ], [ 72.6422124, 22.9137199 ], [ 72.6422462, 22.9129312 ], [ 72.6422701, 22.9123728 ], [ 72.6433958, 22.9097761 ], [ 72.6439154, 22.9085088 ], [ 72.6446466, 22.9072503 ], [ 72.6446755, 22.9064172 ], [ 72.6446947, 22.9060006 ], [ 72.6445889, 22.9055221 ], [ 72.644483, 22.9052828 ], [ 72.6443676, 22.9051941 ], [ 72.6441463, 22.9050966 ], [ 72.6436364, 22.9051498 ], [ 72.6430158, 22.9053492 ], [ 72.6421402, 22.9056373 ], [ 72.6416255, 22.9057614 ], [ 72.6410097, 22.9060051 ], [ 72.6405527, 22.9060583 ], [ 72.6400908, 22.9060715 ], [ 72.639706, 22.905881 ], [ 72.6394895, 22.9057436 ], [ 72.6391864, 22.9056461 ], [ 72.6389459, 22.9055221 ], [ 72.6385418, 22.905141 ], [ 72.6375363, 22.903847 ], [ 72.6370889, 22.9033595 ], [ 72.6370168, 22.9031069 ], [ 72.6369987, 22.9025822 ], [ 72.6369879, 22.9022694 ], [ 72.6367714, 22.9017553 ], [ 72.6368436, 22.9007759 ], [ 72.6367425, 22.9002131 ], [ 72.6370023, 22.8996547 ], [ 72.6371707, 22.8986975 ], [ 72.6373872, 22.8984715 ], [ 72.6377528, 22.8984626 ], [ 72.638104, 22.8983829 ], [ 72.6386043, 22.8980638 ], [ 72.6389844, 22.8978954 ], [ 72.6392634, 22.8978245 ], [ 72.6396001, 22.8977314 ], [ 72.6399754, 22.8976694 ], [ 72.6404372, 22.8973459 ], [ 72.6411155, 22.8969027 ], [ 72.6412935, 22.8967653 ], [ 72.64151, 22.8964861 ], [ 72.6416399, 22.8962335 ], [ 72.6417698, 22.8958524 ], [ 72.6415581, 22.8956485 ], [ 72.6414763, 22.8954447 ], [ 72.6414667, 22.8951832 ], [ 72.6415148, 22.8948552 ], [ 72.6415485, 22.8938492 ], [ 72.641409, 22.8932864 ], [ 72.6412165, 22.8929363 ], [ 72.6409904, 22.8927457 ], [ 72.6406441, 22.8924886 ], [ 72.6402448, 22.8924 ], [ 72.639196, 22.8922316 ], [ 72.6385754, 22.8921607 ], [ 72.6383445, 22.8920588 ], [ 72.638104, 22.8918505 ], [ 72.6379019, 22.8913408 ], [ 72.637671, 22.8910306 ], [ 72.637469, 22.8907381 ], [ 72.6372621, 22.8905608 ], [ 72.6367666, 22.8902373 ], [ 72.6362567, 22.8898251 ], [ 72.6358285, 22.8896655 ], [ 72.6356024, 22.8895281 ], [ 72.6352849, 22.8892445 ], [ 72.6350925, 22.8889697 ], [ 72.6350299, 22.8887348 ], [ 72.6349578, 22.8885753 ], [ 72.6350251, 22.8884024 ], [ 72.6351165, 22.8882252 ], [ 72.6351502, 22.8878972 ], [ 72.6353041, 22.8873698 ], [ 72.6353907, 22.8870241 ], [ 72.6353907, 22.8867316 ], [ 72.6353763, 22.8864922 ], [ 72.6353474, 22.8862529 ], [ 72.6354148, 22.8857565 ], [ 72.6354052, 22.8853576 ], [ 72.6353715, 22.8851449 ], [ 72.6354148, 22.8847637 ], [ 72.6354725, 22.8841166 ], [ 72.6352705, 22.8839482 ], [ 72.6350973, 22.8837931 ], [ 72.6349337, 22.8836335 ], [ 72.6347653, 22.8833721 ], [ 72.6344719, 22.8826851 ], [ 72.6342265, 22.881936 ], [ 72.633808, 22.8810939 ], [ 72.6334905, 22.8804202 ], [ 72.6332884, 22.879977 ], [ 72.6328458, 22.879485 ], [ 72.6326967, 22.8789265 ], [ 72.6326149, 22.8786562 ], [ 72.6326727, 22.878439 ], [ 72.6328699, 22.8780578 ], [ 72.6328699, 22.8778539 ], [ 72.6328458, 22.8775924 ], [ 72.6326101, 22.8772644 ], [ 72.6323263, 22.8762406 ], [ 72.6321531, 22.8755181 ], [ 72.632028, 22.8751458 ], [ 72.6318404, 22.8747114 ], [ 72.6314603, 22.8743479 ], [ 72.6309552, 22.8737052 ], [ 72.6305944, 22.8729428 ], [ 72.6304517, 22.8726206 ], [ 72.6302256, 22.8723147 ], [ 72.6298335, 22.8720687 ], [ 72.6294053, 22.8717186 ], [ 72.6287871, 22.8714349 ], [ 72.628371, 22.8710781 ], [ 72.6279958, 22.8708165 ], [ 72.6278587, 22.8706171 ], [ 72.6277793, 22.8704664 ], [ 72.6277264, 22.8702979 ], [ 72.6276518, 22.86995 ], [ 72.6276157, 22.8695754 ], [ 72.6275243, 22.8690457 ], [ 72.6273271, 22.86868 ], [ 72.6268484, 22.867829 ], [ 72.626579, 22.8673923 ], [ 72.6262206, 22.866774 ], [ 72.6260306, 22.8664238 ], [ 72.6257949, 22.8657478 ], [ 72.6254894, 22.8654154 ], [ 72.6249385, 22.8647859 ], [ 72.6247654, 22.864582 ], [ 72.6244815, 22.8645754 ], [ 72.6242771, 22.8645377 ], [ 72.6240943, 22.8644579 ], [ 72.6237311, 22.8639614 ], [ 72.6235314, 22.8636356 ], [ 72.6230407, 22.8631746 ], [ 72.62274, 22.8629995 ], [ 72.6226342, 22.8628798 ], [ 72.6224947, 22.8626804 ], [ 72.6224466, 22.862492 ], [ 72.622473, 22.8622925 ], [ 72.6224394, 22.8620686 ], [ 72.6223504, 22.861694 ], [ 72.6222397, 22.861335 ], [ 72.6220834, 22.8610912 ], [ 72.6216937, 22.8606146 ], [ 72.6216456, 22.8603775 ], [ 72.6213425, 22.8597968 ], [ 72.6211381, 22.859553 ], [ 72.6209601, 22.8593978 ], [ 72.6208422, 22.8593446 ], [ 72.6207532, 22.8593557 ], [ 72.620669, 22.8594022 ], [ 72.6204381, 22.8595441 ], [ 72.6203274, 22.8595242 ], [ 72.6197718, 22.8592582 ], [ 72.6195096, 22.8590565 ], [ 72.6192114, 22.8585977 ], [ 72.6185571, 22.8579948 ], [ 72.6180496, 22.8576867 ], [ 72.6174795, 22.8571658 ], [ 72.6169888, 22.8566826 ], [ 72.6162455, 22.8558315 ], [ 72.6156995, 22.8552796 ], [ 72.6153459, 22.8549449 ], [ 72.6149875, 22.854393 ], [ 72.6150476, 22.8541824 ], [ 72.6151391, 22.8540206 ], [ 72.6151944, 22.8538632 ], [ 72.6155143, 22.8531938 ], [ 72.615649, 22.8531007 ], [ 72.6160435, 22.8530209 ], [ 72.6166496, 22.8528746 ], [ 72.6171764, 22.852715 ], [ 72.6177753, 22.8523493 ], [ 72.6180327, 22.8521609 ], [ 72.618177, 22.851937 ], [ 72.6182372, 22.8518084 ], [ 72.6182901, 22.8513452 ], [ 72.6182709, 22.8511191 ], [ 72.6181265, 22.8508553 ], [ 72.6180111, 22.850443 ], [ 72.6181097, 22.8501615 ], [ 72.6183502, 22.8494854 ], [ 72.6185547, 22.8490732 ], [ 72.6188265, 22.8487318 ], [ 72.6192138, 22.8484481 ], [ 72.6198656, 22.8478961 ], [ 72.6201927, 22.8478895 ], [ 72.6206931, 22.8478651 ], [ 72.6210034, 22.847956 ], [ 72.6212607, 22.8479914 ], [ 72.621992, 22.8481156 ], [ 72.6227328, 22.8484193 ], [ 72.623149, 22.8484193 ], [ 72.6237671, 22.8482663 ], [ 72.624265, 22.8481754 ], [ 72.6247317, 22.8480823 ], [ 72.624977, 22.8480336 ], [ 72.6251045, 22.8479538 ], [ 72.6252296, 22.8478141 ], [ 72.6253739, 22.8476855 ], [ 72.6254076, 22.8474794 ], [ 72.6254124, 22.8472466 ], [ 72.6254822, 22.8469407 ], [ 72.6254509, 22.8466592 ], [ 72.625422, 22.8464553 ], [ 72.6252945, 22.8459543 ], [ 72.6250396, 22.8455974 ], [ 72.6247606, 22.8448393 ], [ 72.6244454, 22.8440746 ], [ 72.6242747, 22.8436246 ], [ 72.62433, 22.8433541 ], [ 72.6246066, 22.8432012 ], [ 72.6246451, 22.8428642 ], [ 72.6247437, 22.8422901 ], [ 72.6249025, 22.8416539 ], [ 72.6250973, 22.8414766 ], [ 72.6251574, 22.841317 ], [ 72.62522, 22.8408404 ], [ 72.6255351, 22.8403881 ], [ 72.6259873, 22.8399093 ], [ 72.6262591, 22.8397142 ], [ 72.6265429, 22.8393751 ], [ 72.6265357, 22.8392132 ], [ 72.6265189, 22.8390603 ], [ 72.6265718, 22.8389007 ], [ 72.6266873, 22.8387167 ], [ 72.6270384, 22.8381713 ], [ 72.6271443, 22.837943 ], [ 72.6271828, 22.8377723 ], [ 72.6271298, 22.8376526 ], [ 72.627036, 22.837575 ], [ 72.6264539, 22.8371937 ], [ 72.6258454, 22.8368546 ], [ 72.6251598, 22.8363159 ], [ 72.6245585, 22.8362649 ], [ 72.6242699, 22.836143 ], [ 72.6240919, 22.835837 ], [ 72.6237743, 22.8355134 ], [ 72.6235001, 22.8355156 ], [ 72.6232981, 22.8356841 ], [ 72.6230696, 22.8356508 ], [ 72.6229156, 22.8355178 ], [ 72.6226775, 22.8352673 ], [ 72.6224394, 22.8350368 ], [ 72.6218308, 22.8342498 ], [ 72.6216624, 22.8339594 ], [ 72.6215037, 22.8334362 ], [ 72.6214051, 22.8331347 ], [ 72.6213401, 22.8328997 ], [ 72.6211405, 22.8325228 ], [ 72.6209095, 22.8323876 ], [ 72.6207604, 22.8322856 ], [ 72.6202216, 22.832055 ], [ 72.6198776, 22.8320506 ], [ 72.6195914, 22.8320373 ], [ 72.6193268, 22.8318866 ], [ 72.6191921, 22.8316804 ], [ 72.6190911, 22.8314764 ], [ 72.6190309, 22.8313412 ], [ 72.6190141, 22.8311971 ], [ 72.6190189, 22.8309444 ], [ 72.618788, 22.8305564 ], [ 72.6186293, 22.8304611 ], [ 72.6184296, 22.830419 ], [ 72.6181169, 22.8304101 ], [ 72.6176118, 22.8305387 ], [ 72.6173376, 22.8305697 ], [ 72.6171331, 22.8305143 ], [ 72.6170032, 22.8303458 ], [ 72.6170465, 22.8301285 ], [ 72.6173616, 22.8299889 ], [ 72.6175613, 22.8300133 ], [ 72.6177248, 22.8300221 ], [ 72.617963, 22.8299379 ], [ 72.6180135, 22.8297849 ], [ 72.6180207, 22.8297007 ], [ 72.6180135, 22.8296275 ], [ 72.6179076, 22.8293726 ], [ 72.6178643, 22.8291243 ], [ 72.6178451, 22.8289026 ], [ 72.6177489, 22.8287385 ], [ 72.6174506, 22.8286809 ], [ 72.6172341, 22.8286587 ], [ 72.6170225, 22.8286498 ], [ 72.6168397, 22.8286676 ], [ 72.616652, 22.8287784 ], [ 72.6164404, 22.8288228 ], [ 72.6163105, 22.8286986 ], [ 72.6162191, 22.8284769 ], [ 72.6151511, 22.8275502 ], [ 72.6147807, 22.827027 ], [ 72.6145064, 22.826526 ], [ 72.614492, 22.826291 ], [ 72.6145545, 22.8259762 ], [ 72.6144102, 22.8258387 ], [ 72.6140831, 22.8257988 ], [ 72.613679, 22.8256392 ], [ 72.613501, 22.8255372 ], [ 72.6130007, 22.8252845 ], [ 72.6129333, 22.8249785 ], [ 72.6130007, 22.8247169 ], [ 72.6128179, 22.8245174 ], [ 72.6125629, 22.8243932 ], [ 72.6119808, 22.8241759 ], [ 72.6104173, 22.8235729 ], [ 72.6085219, 22.8228457 ], [ 72.6071749, 22.8223181 ], [ 72.6057028, 22.8217904 ], [ 72.6046685, 22.8213691 ], [ 72.6040815, 22.8209834 ], [ 72.6037737, 22.8205444 ], [ 72.603461, 22.8199103 ], [ 72.6028548, 22.8194846 ], [ 72.6019311, 22.8187663 ], [ 72.6017147, 22.8184736 ], [ 72.6014645, 22.8181011 ], [ 72.5989687, 22.8158478 ], [ 72.5966202, 22.8135956 ] ] } },
{ "type": "Feature", "properties": { "element": "way", "id": 1195588792, "waterway": "river" }, "geometry": { "type": "LineString", "coordinates": [ [ 72.6644706, 22.9353026 ], [ 72.6643628, 22.935349 ] ] } },
{ "type": "Feature", "properties": { "element": "way", "id": 1196756498, "waterway": null }, "geometry": { "type": "Polygon", "coordinates": [ [ [ 72.4949746, 23.0774283 ], [ 72.4950953, 23.0774172 ], [ 72.4951248, 23.0773839 ], [ 72.4952133, 23.0771779 ], [ 72.495283, 23.0771112 ], [ 72.4954681, 23.0769965 ], [ 72.4956304, 23.0769089 ], [ 72.495794, 23.0768151 ], [ 72.4958745, 23.0767004 ], [ 72.4959026, 23.0765622 ], [ 72.4958758, 23.0764339 ], [ 72.4958034, 23.0764067 ], [ 72.4956049, 23.0764215 ], [ 72.4955124, 23.076461 ], [ 72.4955714, 23.0765313 ], [ 72.495629, 23.0765128 ], [ 72.4957108, 23.0765017 ], [ 72.4957806, 23.0765326 ], [ 72.4957886, 23.0766202 ], [ 72.4957176, 23.0767473 ], [ 72.4956156, 23.0768077 ], [ 72.4954493, 23.076883 ], [ 72.4953863, 23.0768941 ], [ 72.4953555, 23.0768645 ], [ 72.4953595, 23.0768139 ], [ 72.4954547, 23.0766967 ], [ 72.4955526, 23.0765733 ], [ 72.4954802, 23.0765091 ], [ 72.4952401, 23.0768151 ], [ 72.4950698, 23.0769644 ], [ 72.4950349, 23.076957 ], [ 72.4949746, 23.0769151 ], [ 72.4948673, 23.0768077 ], [ 72.4947828, 23.0766029 ], [ 72.4946031, 23.0763907 ], [ 72.4945709, 23.0763747 ], [ 72.4945427, 23.0764734 ], [ 72.4946406, 23.0765906 ], [ 72.4947587, 23.0768114 ], [ 72.4947399, 23.0768423 ], [ 72.4947023, 23.0768546 ], [ 72.4946634, 23.0768472 ], [ 72.4944837, 23.076751 ], [ 72.4943939, 23.0766436 ], [ 72.4943483, 23.0765017 ], [ 72.4943858, 23.07644 ], [ 72.4944851, 23.0764437 ], [ 72.4945226, 23.0763524 ], [ 72.4944288, 23.0763438 ], [ 72.4943215, 23.076371 ], [ 72.4942692, 23.07644 ], [ 72.4942544, 23.076556 ], [ 72.4943107, 23.0767164 ], [ 72.4944019, 23.0768089 ], [ 72.4946836, 23.0769693 ], [ 72.4947962, 23.0770569 ], [ 72.4949223, 23.0772654 ], [ 72.4949518, 23.0773814 ], [ 72.4949746, 23.0774283 ] ] ] } },
{ "type": "Feature", "properties": { "element": "way", "id": 1196756505, "waterway": null }, "geometry": { "type": "Polygon", "coordinates": [ [ [ 72.4748875, 23.0379661 ], [ 72.4749586, 23.0379192 ], [ 72.4750672, 23.037913 ], [ 72.4751732, 23.037913 ], [ 72.4752872, 23.0379266 ], [ 72.4752671, 23.0383808 ], [ 72.4752195, 23.0383922 ], [ 72.4749631, 23.03839 ], [ 72.4749059, 23.0383754 ], [ 72.4748585, 23.0383452 ], [ 72.4748875, 23.0379661 ] ] ] } },
{ "type": "Feature", "properties": { "element": "way", "id": 1198134753, "waterway": null }, "geometry": { "type": "Polygon", "coordinates": [ [ [ 72.6675694, 22.9992861 ], [ 72.6673923, 22.9994145 ], [ 72.6673427, 22.9995071 ], [ 72.6673052, 22.9997046 ], [ 72.6673199, 22.9998824 ], [ 72.6674245, 22.9999787 ], [ 72.667556, 23.0000219 ], [ 72.6678966, 23.0000454 ], [ 72.6680562, 22.9999997 ], [ 72.6683754, 22.9999651 ], [ 72.668535, 22.9999157 ], [ 72.6686154, 22.9997799 ], [ 72.6686355, 22.9996145 ], [ 72.6686852, 22.999417 ], [ 72.6687361, 22.9992084 ], [ 72.6685765, 22.9990071 ], [ 72.6684813, 22.9989578 ], [ 72.6683593, 22.9989528 ], [ 72.6682614, 22.9989269 ], [ 72.668201, 22.9988862 ], [ 72.6681085, 22.99888 ], [ 72.6679516, 22.9988775 ], [ 72.6678376, 22.9988713 ], [ 72.6676834, 22.9988652 ], [ 72.6675171, 22.9989244 ], [ 72.6674272, 22.9990639 ], [ 72.6674366, 22.9991652 ], [ 72.6675385, 22.9992306 ], [ 72.6675694, 22.9992861 ] ] ] } },
{ "type": "Feature", "properties": { "element": "way", "id": 1200779816, "waterway": null }, "geometry": { "type": "Polygon", "coordinates": [ [ [ 72.5547275, 23.1508221 ], [ 72.5546148, 23.1509503 ], [ 72.5545666, 23.1511378 ], [ 72.5546175, 23.1514732 ], [ 72.5548482, 23.1518998 ], [ 72.555044, 23.1524745 ], [ 72.5550789, 23.1525558 ], [ 72.5550386, 23.152763 ], [ 72.5550279, 23.1528888 ], [ 72.555052, 23.1529603 ], [ 72.5551191, 23.1530146 ], [ 72.5552371, 23.1530589 ], [ 72.5553256, 23.1530614 ], [ 72.5554302, 23.1530219 ], [ 72.5554839, 23.1529011 ], [ 72.5554275, 23.1521686 ], [ 72.5553069, 23.1514448 ], [ 72.5552344, 23.1514103 ], [ 72.5552492, 23.1512771 ], [ 72.5553377, 23.1510478 ], [ 72.5553524, 23.1509158 ], [ 72.5553095, 23.1508159 ], [ 72.5552224, 23.1507641 ], [ 72.5551768, 23.150758 ], [ 72.5549729, 23.1507678 ], [ 72.5548643, 23.1507974 ], [ 72.5548616, 23.1508221 ], [ 72.5548053, 23.1508394 ], [ 72.5547825, 23.1508172 ], [ 72.5547275, 23.1508221 ] ] ] } },
{ "type": "Feature", "properties": { "element": "way", "id": 1200946272, "waterway": null }, "geometry": { "type": "Polygon", "coordinates": [ [ [ 72.5798464, 23.1689303 ], [ 72.5801817, 23.1688958 ], [ 72.580297, 23.1689624 ], [ 72.5802675, 23.1690684 ], [ 72.5800529, 23.1692386 ], [ 72.5799684, 23.1694001 ], [ 72.5797887, 23.1694247 ], [ 72.5797176, 23.169479 ], [ 72.5798343, 23.1695061 ], [ 72.5801414, 23.1695086 ], [ 72.5802474, 23.1695727 ], [ 72.5804391, 23.1697157 ], [ 72.5806135, 23.1697884 ], [ 72.5806698, 23.1697675 ], [ 72.5807489, 23.1696664 ], [ 72.5810453, 23.1696787 ], [ 72.5811164, 23.1697379 ], [ 72.5811982, 23.1697958 ], [ 72.5813793, 23.1698279 ], [ 72.5816368, 23.1697342 ], [ 72.5817373, 23.1695406 ], [ 72.5817762, 23.1692583 ], [ 72.5816998, 23.1690327 ], [ 72.5815549, 23.1687824 ], [ 72.5814316, 23.1686578 ], [ 72.5813122, 23.1685222 ], [ 72.5812076, 23.1683792 ], [ 72.5811607, 23.1682584 ], [ 72.5811177, 23.1680673 ], [ 72.5810467, 23.1679144 ], [ 72.5809541, 23.1678786 ], [ 72.5807959, 23.1678416 ], [ 72.5807101, 23.1678996 ], [ 72.5806645, 23.1679871 ], [ 72.5805826, 23.1682497 ], [ 72.5804257, 23.1682275 ], [ 72.5803211, 23.1682448 ], [ 72.580238, 23.1683028 ], [ 72.5800797, 23.168463 ], [ 72.5798719, 23.168701 ], [ 72.5798491, 23.1688218 ], [ 72.5798464, 23.1689303 ] ] ] } },
{ "type": "Feature", "properties": { "element": "way", "id": 1201443674, "waterway": "canal" }, "geometry": { "type": "LineString", "coordinates": [ [ 72.5551047, 22.8972048 ], [ 72.5530887, 22.8958202 ], [ 72.5513425, 22.8945897 ], [ 72.5497708, 22.8934827 ], [ 72.5488803, 22.8928378 ], [ 72.5485289, 22.8925091 ], [ 72.5483492, 22.8922793 ], [ 72.5481534, 22.8919507 ], [ 72.5480354, 22.891501 ], [ 72.5478476, 22.8906806 ], [ 72.5475982, 22.8893537 ], [ 72.5475821, 22.8887706 ], [ 72.5475928, 22.8881034 ], [ 72.5476143, 22.8878612 ], [ 72.5478584, 22.8870828 ], [ 72.5481293, 22.8864206 ], [ 72.5483331, 22.8860944 ], [ 72.54884, 22.8855063 ], [ 72.5490546, 22.8852542 ], [ 72.5492424, 22.8849281 ], [ 72.5495294, 22.8843597 ] ] } },
{ "type": "Feature", "properties": { "element": "way", "id": 1201443675, "waterway": "canal" }, "geometry": { "type": "LineString", "coordinates": [ [ 72.5551861, 22.8972607 ], [ 72.5551047, 22.8972048 ] ] } },
{ "type": "Feature", "properties": { "element": "way", "id": 1202581108, "waterway": null }, "geometry": { "type": "Polygon", "coordinates": [ [ [ 72.6105982, 23.1226807 ], [ 72.6111062, 23.122468 ], [ 72.611307, 23.1223611 ], [ 72.6111957, 23.1220484 ], [ 72.6107345, 23.1219912 ], [ 72.6102385, 23.1220679 ], [ 72.6105982, 23.1226807 ] ] ] } },
{ "type": "Feature", "properties": { "element": "way", "id": 1202585140, "waterway": null }, "geometry": { "type": "Polygon", "coordinates": [ [ [ 72.6167784, 23.1246318 ], [ 72.6169176, 23.1247482 ], [ 72.617285, 23.1248333 ], [ 72.6173928, 23.1248183 ], [ 72.6174323, 23.1242083 ], [ 72.6174167, 23.1240575 ], [ 72.6173319, 23.1240058 ], [ 72.6172483, 23.1239577 ], [ 72.6170431, 23.1239703 ], [ 72.6167784, 23.1246318 ] ] ] } },
{ "type": "Feature", "properties": { "element": "way", "id": 1202722672, "waterway": null }, "geometry": { "type": "Polygon", "coordinates": [ [ [ 72.4547264, 23.0459077 ], [ 72.4546843, 23.0459565 ], [ 72.4546851, 23.0459798 ], [ 72.4546971, 23.0460006 ], [ 72.4547454, 23.0460265 ], [ 72.4548142, 23.0460382 ], [ 72.4548414, 23.0460187 ], [ 72.4548481, 23.0459746 ], [ 72.4548957, 23.0459438 ], [ 72.4549353, 23.0459074 ], [ 72.4549474, 23.0458675 ], [ 72.4549225, 23.0458243 ], [ 72.4548607, 23.0457926 ], [ 72.4547832, 23.0457793 ], [ 72.4547247, 23.0457983 ], [ 72.454716, 23.0458255 ], [ 72.4547146, 23.0458519 ], [ 72.454728, 23.045878 ], [ 72.4547264, 23.0459077 ] ] ] } },
{ "type": "Feature", "properties": { "element": "way", "id": 1204808494, "waterway": null }, "geometry": { "type": "Polygon", "coordinates": [ [ [ 72.4888122, 22.9847331 ], [ 72.4887934, 22.9843133 ], [ 72.4888068, 22.9839725 ], [ 72.4890536, 22.9838022 ], [ 72.4898851, 22.9836491 ], [ 72.4903303, 22.9837503 ], [ 72.490494, 22.9843577 ], [ 72.490679, 22.9850294 ], [ 72.4904913, 22.9852269 ], [ 72.4899387, 22.9852121 ], [ 72.4893165, 22.9849701 ], [ 72.4891448, 22.9848318 ], [ 72.4889141, 22.9848565 ], [ 72.4888122, 22.9847331 ] ] ] } },
{ "type": "Feature", "properties": { "element": "way", "id": 1204809885, "waterway": "stream" }, "geometry": { "type": "LineString", "coordinates": [ [ 72.6374761, 22.9869393 ], [ 72.6374521, 22.9868172 ], [ 72.6373919, 22.9865113 ], [ 72.6374419, 22.9858403 ], [ 72.6369595, 22.9839819 ], [ 72.6369027, 22.9837631 ], [ 72.6365133, 22.983423 ], [ 72.6361839, 22.9816122 ], [ 72.6361925, 22.9814984 ], [ 72.6362338, 22.9795073 ], [ 72.636114, 22.9791672 ], [ 72.6354993, 22.9786581 ] ] } },
{ "type": "Feature", "properties": { "element": "way", "id": 1204809886, "waterway": "stream" }, "geometry": { "type": "LineString", "coordinates": [ [ 72.6354993, 22.9786581 ], [ 72.635399, 22.9785708 ] ] } },
{ "type": "Feature", "properties": { "element": "way", "id": 1216682278, "waterway": "canal" }, "geometry": { "type": "LineString", "coordinates": [ [ 72.4369888, 22.8788165 ], [ 72.4369087, 22.8807199 ], [ 72.436825, 22.8826906 ], [ 72.436751, 22.8843532 ], [ 72.4366561, 22.8853843 ], [ 72.4361466, 22.8889389 ], [ 72.4359724, 22.8902668 ], [ 72.4358896, 22.8907884 ], [ 72.435894, 22.8910371 ], [ 72.4359462, 22.8911695 ], [ 72.4386457, 22.8953785 ], [ 72.4413293, 22.8995305 ], [ 72.4439696, 22.903763 ], [ 72.444111, 22.903873 ], [ 72.446078, 22.9069393 ], [ 72.4483251, 22.9104532 ], [ 72.4490567, 22.9115723 ], [ 72.4510627, 22.9147456 ], [ 72.4533598, 22.9183205 ], [ 72.4541143, 22.9194656 ], [ 72.4543727, 22.9198708 ], [ 72.4557387, 22.9220126 ], [ 72.4575296, 22.9247925 ], [ 72.4609683, 22.9302064 ], [ 72.461126, 22.9304684 ] ] } },
{ "type": "Feature", "properties": { "element": "way", "id": 1216682279, "waterway": "canal" }, "geometry": { "type": "LineString", "coordinates": [ [ 72.461126, 22.9304684 ], [ 72.4611979, 22.930581 ] ] } },
{ "type": "Feature", "properties": { "element": "way", "id": 1216682280, "waterway": "canal" }, "geometry": { "type": "LineString", "coordinates": [ [ 72.4611979, 22.930581 ], [ 72.4612548, 22.9306701 ] ] } },
{ "type": "Feature", "properties": { "element": "way", "id": 1216682281, "waterway": "canal" }, "geometry": { "type": "LineString", "coordinates": [ [ 72.4612548, 22.9306701 ], [ 72.4622887, 22.9322887 ], [ 72.4638634, 22.9347817 ], [ 72.4652674, 22.9370083 ], [ 72.4660636, 22.9382684 ], [ 72.4665912, 22.9391034 ], [ 72.4675562, 22.9406048 ], [ 72.4699979, 22.944437 ], [ 72.47257, 22.948491 ], [ 72.4731996, 22.9494876 ], [ 72.4734058, 22.9497596 ], [ 72.4736511, 22.9500034 ], [ 72.4740162, 22.9502729 ], [ 72.4750669, 22.9508709 ], [ 72.4756935, 22.9511957 ], [ 72.4758075, 22.9512597 ] ] } },
{ "type": "Feature", "properties": { "element": "way", "id": 1216682282, "waterway": "canal" }, "geometry": { "type": "LineString", "coordinates": [ [ 72.4758075, 22.9512597 ], [ 72.4759119, 22.9513183 ] ] } },
{ "type": "Feature", "properties": { "element": "way", "id": 1216682283, "waterway": "canal" }, "geometry": { "type": "LineString", "coordinates": [ [ 72.4759119, 22.9513183 ], [ 72.4760981, 22.9514227 ] ] } },
{ "type": "Feature", "properties": { "element": "way", "id": 1225669374, "waterway": "canal" }, "geometry": { "type": "LineString", "coordinates": [ [ 72.466124, 22.9381788 ], [ 72.4670153, 22.9367961 ], [ 72.4681461, 22.9350499 ] ] } },
{ "type": "Feature", "properties": { "element": "way", "id": 1225669375, "waterway": "canal" }, "geometry": { "type": "LineString", "coordinates": [ [ 72.4660636, 22.9382684 ], [ 72.466124, 22.9381788 ] ] } },
{ "type": "Feature", "properties": { "element": "way", "id": 1225669376, "waterway": "canal" }, "geometry": { "type": "LineString", "coordinates": [ [ 72.4681926, 22.9349601 ], [ 72.4684759, 22.934511 ], [ 72.4684828, 22.9344747 ], [ 72.4684805, 22.9344019 ], [ 72.4682022, 22.9320402 ], [ 72.4681235, 22.931413 ] ] } },
{ "type": "Feature", "properties": { "element": "way", "id": 1225669377, "waterway": "canal" }, "geometry": { "type": "LineString", "coordinates": [ [ 72.4681461, 22.9350499 ], [ 72.4681926, 22.9349601 ] ] } },
{ "type": "Feature", "properties": { "element": "way", "id": 1225669378, "waterway": "canal" }, "geometry": { "type": "LineString", "coordinates": [ [ 72.4680979, 22.9312291 ], [ 72.4680445, 22.9307286 ], [ 72.4679118, 22.9295691 ], [ 72.4678808, 22.9293412 ], [ 72.4678837, 22.929046 ], [ 72.4678696, 22.9289761 ] ] } },
{ "type": "Feature", "properties": { "element": "way", "id": 1225669379, "waterway": "canal" }, "geometry": { "type": "LineString", "coordinates": [ [ 72.4681235, 22.931413 ], [ 72.4680979, 22.9312291 ] ] } },
{ "type": "Feature", "properties": { "element": "way", "id": 1225669380, "waterway": "canal" }, "geometry": { "type": "LineString", "coordinates": [ [ 72.4673734, 22.9249282 ], [ 72.4671797, 22.9233412 ], [ 72.4668829, 22.9208733 ], [ 72.4665985, 22.9184547 ], [ 72.4663223, 22.9161387 ], [ 72.4661368, 22.9145516 ], [ 72.4661079, 22.9142706 ], [ 72.4660997, 22.9141871 ], [ 72.4669324, 22.9112368 ], [ 72.4675053, 22.9091788 ], [ 72.4682638, 22.9065208 ], [ 72.4689275, 22.9041628 ], [ 72.4695087, 22.9021047 ] ] } },
{ "type": "Feature", "properties": { "element": "way", "id": 1225669381, "waterway": "canal" }, "geometry": { "type": "LineString", "coordinates": [ [ 72.4678696, 22.9289761 ], [ 72.4677852, 22.9286809 ] ] } },
{ "type": "Feature", "properties": { "element": "way", "id": 1239619340, "waterway": null }, "geometry": { "type": "Polygon", "coordinates": [ [ [ 72.521157, 23.0262153 ], [ 72.5211543, 23.0262696 ], [ 72.5211744, 23.0263017 ], [ 72.5212388, 23.0263165 ], [ 72.5213139, 23.0263091 ], [ 72.5213662, 23.0262758 ], [ 72.5213662, 23.0262067 ], [ 72.5213434, 23.0261437 ], [ 72.5212817, 23.0261215 ], [ 72.5212294, 23.0261363 ], [ 72.5211905, 23.0261647 ], [ 72.521157, 23.0262153 ] ] ] } },
{ "type": "Feature", "properties": { "element": "way", "id": 1239619341, "waterway": null }, "geometry": { "type": "Polygon", "coordinates": [ [ [ 72.5211283, 23.027029 ], [ 72.5211562, 23.0270125 ], [ 72.5211678, 23.0269994 ], [ 72.5211937, 23.0269975 ], [ 72.521211, 23.0270087 ], [ 72.5212205, 23.0270218 ], [ 72.5212126, 23.0270339 ], [ 72.5212089, 23.0270417 ], [ 72.5212147, 23.0270494 ], [ 72.5212166, 23.027053 ], [ 72.5212179, 23.0270581 ], [ 72.5212047, 23.02708 ], [ 72.521211, 23.0270892 ], [ 72.5212137, 23.0270974 ], [ 72.5212058, 23.0271086 ], [ 72.5212002, 23.0271108 ], [ 72.5211844, 23.0271108 ], [ 72.5211668, 23.0270999 ], [ 72.5211604, 23.0270802 ], [ 72.5211583, 23.02707 ], [ 72.5211507, 23.0270545 ], [ 72.5211305, 23.0270389 ], [ 72.5211288, 23.0270315 ], [ 72.5211283, 23.027029 ] ] ] } },
{ "type": "Feature", "properties": { "element": "way", "id": 1272180401, "waterway": null }, "geometry": { "type": "Polygon", "coordinates": [ [ [ 72.5835002, 23.0576166 ], [ 72.5830965, 23.057252 ], [ 72.583053, 23.0572729 ], [ 72.5830027, 23.057318 ], [ 72.5830181, 23.0573377 ], [ 72.5830174, 23.0573902 ], [ 72.5831086, 23.0574741 ], [ 72.5831582, 23.0574704 ], [ 72.5832253, 23.0575062 ], [ 72.5832488, 23.0575598 ], [ 72.5832482, 23.057573 ], [ 72.5832441, 23.0576715 ], [ 72.5833051, 23.057727 ], [ 72.583352, 23.0577443 ], [ 72.5833822, 23.0577931 ], [ 72.5834231, 23.0578029 ], [ 72.5834613, 23.0577906 ], [ 72.5834868, 23.0577536 ], [ 72.5834325, 23.057695 ], [ 72.5834882, 23.0576388 ], [ 72.5835002, 23.0576166 ] ] ] } },
{ "type": "Feature", "properties": { "element": "way", "id": 1272460965, "waterway": null }, "geometry": { "type": "Polygon", "coordinates": [ [ [ 72.5272571, 23.0989705 ], [ 72.5272652, 23.0990083 ], [ 72.527267, 23.0990412 ], [ 72.5272603, 23.0991226 ], [ 72.527196, 23.0991498 ], [ 72.5271604, 23.099165 ], [ 72.5271225, 23.0991741 ], [ 72.5270834, 23.0991769 ], [ 72.5270444, 23.0991732 ], [ 72.5270199, 23.0991675 ], [ 72.5269962, 23.0991592 ], [ 72.5269515, 23.0991376 ], [ 72.5269116, 23.0991091 ], [ 72.5268811, 23.0990784 ], [ 72.5268571, 23.099043 ], [ 72.5268406, 23.0990042 ], [ 72.526833, 23.0989713 ], [ 72.5268308, 23.0989378 ], [ 72.5268339, 23.0989043 ], [ 72.5268437, 23.0988675 ], [ 72.5268599, 23.0988326 ], [ 72.5268821, 23.0988007 ], [ 72.5269368, 23.098794 ], [ 72.526992, 23.0987919 ], [ 72.5270471, 23.0987945 ], [ 72.5270876, 23.0987994 ], [ 72.5271262, 23.0988119 ], [ 72.5271611, 23.0988315 ], [ 72.5271789, 23.0988457 ], [ 72.5271948, 23.0988617 ], [ 72.5272228, 23.0988964 ], [ 72.5272444, 23.0989348 ], [ 72.5271953, 23.0989407 ], [ 72.5271796, 23.0989112 ], [ 72.5271571, 23.0988858 ], [ 72.5271349, 23.0988692 ], [ 72.5271098, 23.0988565 ], [ 72.5270826, 23.0988482 ], [ 72.5270691, 23.0988429 ], [ 72.5270544, 23.0988436 ], [ 72.5270415, 23.0988501 ], [ 72.527033, 23.0988611 ], [ 72.5270305, 23.0988728 ], [ 72.5270331, 23.0988846 ], [ 72.5270404, 23.0988944 ], [ 72.5270535, 23.0989052 ], [ 72.5270692, 23.0989123 ], [ 72.527094, 23.0989117 ], [ 72.5271119, 23.0989089 ], [ 72.5271296, 23.0989123 ], [ 72.5271434, 23.0989203 ], [ 72.5271537, 23.0989321 ], [ 72.5271591, 23.0989462 ], [ 72.5271665, 23.0989814 ], [ 72.5271638, 23.0990172 ], [ 72.5271698, 23.0990301 ], [ 72.5271781, 23.0990288 ], [ 72.5271852, 23.0990246 ], [ 72.527191, 23.0990147 ], [ 72.5271899, 23.0990036 ], [ 72.5271906, 23.0989845 ], [ 72.5272571, 23.0989705 ] ] ] } },
{ "type": "Feature", "properties": { "element": "way", "id": 1273603782, "waterway": null }, "geometry": { "type": "Polygon", "coordinates": [ [ [ 72.4869212, 23.0418277 ], [ 72.4869452, 23.0418113 ], [ 72.4869678, 23.0417949 ], [ 72.4869849, 23.0417735 ], [ 72.486995, 23.0417487 ], [ 72.4869976, 23.0417303 ], [ 72.4869964, 23.0417117 ], [ 72.4869749, 23.0416923 ], [ 72.486959, 23.0416688 ], [ 72.4869494, 23.0416426 ], [ 72.4869467, 23.0416185 ], [ 72.4869494, 23.0415945 ], [ 72.486972, 23.041563 ], [ 72.4869923, 23.0415303 ], [ 72.4870165, 23.0414834 ], [ 72.4870138, 23.0414526 ], [ 72.4870044, 23.0414229 ], [ 72.4869893, 23.0413964 ], [ 72.486969, 23.041373 ], [ 72.486944, 23.0413538 ], [ 72.4868207, 23.0413415 ], [ 72.4867716, 23.0413389 ], [ 72.4867228, 23.0413443 ], [ 72.4866758, 23.0413575 ], [ 72.4866367, 23.0413754 ], [ 72.4866011, 23.0413986 ], [ 72.4865699, 23.0414266 ], [ 72.4865425, 23.0414601 ], [ 72.4865209, 23.041497 ], [ 72.4865055, 23.0415364 ], [ 72.4864968, 23.0415767 ], [ 72.4864945, 23.0416177 ], [ 72.4864988, 23.0416586 ], [ 72.4865039, 23.0416941 ], [ 72.4865147, 23.0417285 ], [ 72.486531, 23.0417611 ], [ 72.4865541, 23.0417931 ], [ 72.4865825, 23.0418213 ], [ 72.4866155, 23.041845 ], [ 72.4866419, 23.0418655 ], [ 72.486672, 23.0418813 ], [ 72.4867047, 23.0418919 ], [ 72.4867389, 23.0418968 ], [ 72.4867767, 23.0418956 ], [ 72.4868135, 23.0418875 ], [ 72.4868478, 23.0418729 ], [ 72.4868891, 23.0418524 ], [ 72.4869212, 23.0418277 ] ] ] } },
{ "type": "Feature", "properties": { "element": "way", "id": 1275046998, "waterway": null }, "geometry": { "type": "Polygon", "coordinates": [ [ [ 72.5500806, 23.1382857 ], [ 72.5501074, 23.138372 ], [ 72.5501852, 23.1384201 ], [ 72.5502184, 23.1384522 ], [ 72.5502556, 23.1384804 ], [ 72.5502961, 23.1385043 ], [ 72.5503394, 23.1385237 ], [ 72.5503945, 23.1385406 ], [ 72.5504517, 23.1385502 ], [ 72.5505097, 23.1385521 ], [ 72.5505572, 23.1385614 ], [ 72.5506055, 23.1385647 ], [ 72.5506539, 23.138562 ], [ 72.5507015, 23.1385533 ], [ 72.5507509, 23.1385375 ], [ 72.5507973, 23.1385152 ], [ 72.5508397, 23.138487 ], [ 72.5508772, 23.1384534 ], [ 72.550936, 23.138379 ], [ 72.5509902, 23.1383017 ], [ 72.5510395, 23.1382216 ], [ 72.5510978, 23.13811 ], [ 72.5511467, 23.1379947 ], [ 72.5512513, 23.1377258 ], [ 72.5512683, 23.1376845 ], [ 72.5512923, 23.1376462 ], [ 72.5513226, 23.137612 ], [ 72.5513586, 23.1375828 ], [ 72.5513982, 23.1375598 ], [ 72.5514411, 23.1375429 ], [ 72.5514864, 23.1375324 ], [ 72.551533, 23.1375285 ], [ 72.5515703, 23.1375172 ], [ 72.5516047, 23.1374998 ], [ 72.5516349, 23.1374767 ], [ 72.5516579, 23.1374517 ], [ 72.5516759, 23.1374235 ], [ 72.5516885, 23.1373929 ], [ 72.5517069, 23.137344 ], [ 72.5517199, 23.1372937 ], [ 72.5517274, 23.1372424 ], [ 72.5517288, 23.137175 ], [ 72.5517207, 23.137108 ], [ 72.5517048, 23.1370641 ], [ 72.5516809, 23.1370234 ], [ 72.5516497, 23.1369871 ], [ 72.5516121, 23.1369563 ], [ 72.5515685, 23.1369316 ], [ 72.5515209, 23.1369144 ], [ 72.5514771, 23.1369103 ], [ 72.5514331, 23.1369112 ], [ 72.5513895, 23.1369168 ], [ 72.5513409, 23.1369292 ], [ 72.5512947, 23.1369475 ], [ 72.5512516, 23.1369715 ], [ 72.5512125, 23.1370007 ], [ 72.5510867, 23.1370785 ], [ 72.5509651, 23.1371616 ], [ 72.5508477, 23.1372498 ], [ 72.5507162, 23.1373591 ], [ 72.5505914, 23.1374747 ], [ 72.5505309, 23.1375342 ], [ 72.5504735, 23.1375963 ], [ 72.5504039, 23.1376809 ], [ 72.5503401, 23.1377692 ], [ 72.5502825, 23.1378611 ], [ 72.5502312, 23.1379561 ], [ 72.5501865, 23.1380539 ], [ 72.5500806, 23.1382857 ] ] ] } },
{ "type": "Feature", "properties": { "element": "way", "id": 1283855603, "waterway": null }, "geometry": { "type": "Polygon", "coordinates": [ [ [ 72.6517646, 23.0216426 ], [ 72.6517585, 23.0216742 ], [ 72.6517637, 23.0217059 ], [ 72.6517797, 23.0217344 ], [ 72.6518024, 23.0217538 ], [ 72.6518364, 23.0217704 ], [ 72.651871, 23.021774 ], [ 72.6519059, 23.0217669 ], [ 72.6519364, 23.0217496 ], [ 72.6519589, 23.0217241 ], [ 72.6519711, 23.0216931 ], [ 72.6519716, 23.0216602 ], [ 72.6519602, 23.021629 ], [ 72.6519383, 23.021603 ], [ 72.6519084, 23.021585 ], [ 72.6518737, 23.0215771 ], [ 72.6518389, 23.0215799 ], [ 72.651807, 23.0215929 ], [ 72.6517814, 23.0216145 ], [ 72.6517646, 23.0216426 ] ] ] } },
{ "type": "Feature", "properties": { "element": "way", "id": 1283879716, "waterway": null }, "geometry": { "type": "Polygon", "coordinates": [ [ [ 72.5165269, 23.0294518 ], [ 72.5165044, 23.029459 ], [ 72.5164805, 23.0294587 ], [ 72.5164583, 23.0294509 ], [ 72.5164402, 23.0294366 ], [ 72.5164285, 23.0294175 ], [ 72.5164246, 23.0293977 ], [ 72.5164276, 23.0293778 ], [ 72.5164372, 23.0293598 ], [ 72.5164525, 23.0293455 ], [ 72.5164719, 23.0293362 ], [ 72.5164934, 23.0293331 ], [ 72.516515, 23.0293362 ], [ 72.5165343, 23.0293455 ], [ 72.5165496, 23.0293598 ], [ 72.5165593, 23.0293778 ], [ 72.5165623, 23.0293977 ], [ 72.5165577, 23.0294192 ], [ 72.5165454, 23.029438 ], [ 72.5165269, 23.0294518 ] ] ] } },
{ "type": "Feature", "properties": { "element": "way", "id": 1283881916, "waterway": null }, "geometry": { "type": "Polygon", "coordinates": [ [ [ 72.651396, 22.9888022 ], [ 72.6514087, 22.9888035 ], [ 72.6514202, 22.9888085 ], [ 72.6514295, 22.9888166 ], [ 72.6514354, 22.9888269 ], [ 72.6514375, 22.9888385 ], [ 72.6514354, 22.9888501 ], [ 72.6514294, 22.9888605 ], [ 72.6514202, 22.9888685 ], [ 72.6514086, 22.9888735 ], [ 72.651396, 22.9888748 ], [ 72.6513835, 22.9888723 ], [ 72.6513726, 22.9888663 ], [ 72.6513638, 22.9888566 ], [ 72.6513591, 22.9888448 ], [ 72.6513591, 22.9888321 ], [ 72.6513638, 22.9888203 ], [ 72.6513726, 22.9888106 ], [ 72.6513836, 22.9888046 ], [ 72.651396, 22.9888022 ] ] ] } },
{ "type": "Feature", "properties": { "element": "way", "id": 1288891874, "waterway": null }, "geometry": { "type": "Polygon", "coordinates": [ [ [ 72.555626, 23.1432013 ], [ 72.5558245, 23.1437192 ], [ 72.556141, 23.1442223 ], [ 72.5565594, 23.1444147 ], [ 72.5567633, 23.1444147 ], [ 72.5569993, 23.1444838 ], [ 72.5570656, 23.144477 ], [ 72.5571303, 23.1444624 ], [ 72.5571925, 23.1444403 ], [ 72.5572511, 23.1444111 ], [ 72.5573051, 23.1443753 ], [ 72.5573518, 23.1443352 ], [ 72.5573928, 23.1442901 ], [ 72.5574275, 23.1442407 ], [ 72.5574553, 23.1441878 ], [ 72.5574607, 23.1438918 ], [ 72.5573695, 23.1437389 ], [ 72.5573212, 23.143369 ], [ 72.5573319, 23.1429448 ], [ 72.5572032, 23.1426636 ], [ 72.5571368, 23.1426192 ], [ 72.5570659, 23.1425811 ], [ 72.5569912, 23.1425498 ], [ 72.5569135, 23.1425255 ], [ 72.5568289, 23.1425077 ], [ 72.5567427, 23.1424983 ], [ 72.5566559, 23.1424973 ], [ 72.5565694, 23.1425047 ], [ 72.5564843, 23.1425206 ], [ 72.5562483, 23.1425896 ], [ 72.5559533, 23.1426439 ], [ 72.5558888, 23.1426498 ], [ 72.5558261, 23.1426645 ], [ 72.5557664, 23.1426875 ], [ 72.5557111, 23.1427185 ], [ 72.5556614, 23.1427566 ], [ 72.5556184, 23.1428012 ], [ 72.5555831, 23.142851 ], [ 72.5555588, 23.1428991 ], [ 72.5555415, 23.1429496 ], [ 72.5555317, 23.1430018 ], [ 72.5555294, 23.1430548 ], [ 72.5555348, 23.1431075 ], [ 72.555626, 23.1432013 ] ] ] } },
{ "type": "Feature", "properties": { "element": "way", "id": 1289251134, "waterway": "stream" }, "geometry": { "type": "LineString", "coordinates": [ [ 72.5757509, 23.0642872 ], [ 72.5755305, 23.0638906 ], [ 72.5753997, 23.0629368 ], [ 72.5755398, 23.0623094 ], [ 72.5769501, 23.0603845 ], [ 72.5772397, 23.0597314 ], [ 72.5772957, 23.0592845 ], [ 72.5771077, 23.0586409 ] ] } },
{ "type": "Feature", "properties": { "element": "way", "id": 1289251135, "waterway": "stream" }, "geometry": { "type": "LineString", "coordinates": [ [ 72.5771077, 23.0586409 ], [ 72.5771202, 23.0586251 ], [ 72.5772828, 23.058062 ], [ 72.5774539, 23.0579337 ] ] } },
{ "type": "Feature", "properties": { "element": "way", "id": 1290153167, "waterway": null }, "geometry": { "type": "Polygon", "coordinates": [ [ [ 72.6423284, 22.952083 ], [ 72.6426798, 22.9521595 ], [ 72.642881, 22.9523127 ], [ 72.6430982, 22.952614 ], [ 72.6431653, 22.9529227 ], [ 72.6430956, 22.9531178 ], [ 72.64294, 22.9534043 ], [ 72.6429185, 22.9537057 ], [ 72.6430178, 22.9539255 ], [ 72.6432672, 22.9541897 ], [ 72.643514, 22.9543626 ], [ 72.6436025, 22.954617 ], [ 72.6435542, 22.9549183 ], [ 72.6433209, 22.9550986 ], [ 72.6430419, 22.9550863 ], [ 72.6428515, 22.9549924 ], [ 72.6425806, 22.9547751 ], [ 72.642256, 22.9543453 ], [ 72.6420683, 22.9537921 ], [ 72.641843, 22.953592 ], [ 72.6417437, 22.9532463 ], [ 72.6414353, 22.9530437 ], [ 72.6411402, 22.952735 ], [ 72.6410383, 22.9524485 ], [ 72.641049, 22.9522262 ], [ 72.6415291, 22.9519916 ], [ 72.6418698, 22.9519471 ], [ 72.6422185, 22.9519718 ], [ 72.6423284, 22.952083 ] ] ] } },
{ "type": "Feature", "properties": { "element": "way", "id": 1303259908, "waterway": null }, "geometry": { "type": "Polygon", "coordinates": [ [ [ 72.4433917, 23.0735406 ], [ 72.4435312, 23.0735579 ], [ 72.4435553, 23.0735949 ], [ 72.4435553, 23.0736689 ], [ 72.4436223, 23.0737257 ], [ 72.4437618, 23.0737676 ], [ 72.443912, 23.0737602 ], [ 72.4440864, 23.0737479 ], [ 72.4441695, 23.0737775 ], [ 72.4442634, 23.0738194 ], [ 72.4444646, 23.0738515 ], [ 72.4445879, 23.0738367 ], [ 72.4447033, 23.0737133 ], [ 72.4447945, 23.0735826 ], [ 72.444824, 23.0734148 ], [ 72.4445692, 23.0732667 ], [ 72.4444512, 23.0731803 ], [ 72.4441159, 23.0731803 ], [ 72.4438101, 23.0731877 ], [ 72.4435258, 23.0731951 ], [ 72.4433863, 23.0731803 ], [ 72.4432844, 23.0732223 ], [ 72.4432066, 23.073284 ], [ 72.4432066, 23.0734073 ], [ 72.4433032, 23.0734715 ], [ 72.4433917, 23.0735406 ] ] ] } },
{ "type": "Feature", "properties": { "element": "way", "id": 1304027700, "waterway": null }, "geometry": { "type": "Polygon", "coordinates": [ [ [ 72.5148618, 23.1202424 ], [ 72.5147921, 23.1203756 ], [ 72.5147465, 23.1204225 ], [ 72.5146741, 23.1204299 ], [ 72.5145721, 23.1203756 ], [ 72.51454, 23.1203289 ], [ 72.514513, 23.1202794 ], [ 72.5144917, 23.1202276 ], [ 72.5144761, 23.1201746 ], [ 72.5144664, 23.1201203 ], [ 72.5144627, 23.1200655 ], [ 72.5144649, 23.1200106 ], [ 72.5145453, 23.1198724 ], [ 72.5145507, 23.1197392 ], [ 72.5145829, 23.1196529 ], [ 72.5147223, 23.119606 ], [ 72.5147599, 23.1194876 ], [ 72.5148967, 23.1193815 ], [ 72.5150657, 23.1193519 ], [ 72.5153393, 23.119231 ], [ 72.5153584, 23.1192113 ], [ 72.5153818, 23.119196 ], [ 72.5154083, 23.1191856 ], [ 72.5154366, 23.1191808 ], [ 72.5154653, 23.1191817 ], [ 72.5154961, 23.1191894 ], [ 72.5155239, 23.1192037 ], [ 72.5155472, 23.1192237 ], [ 72.5155646, 23.1192483 ], [ 72.5155447, 23.1192839 ], [ 72.515534, 23.1193226 ], [ 72.5155329, 23.1193626 ], [ 72.5155414, 23.1194018 ], [ 72.5155592, 23.1194383 ], [ 72.5155829, 23.1194678 ], [ 72.5156127, 23.1194923 ], [ 72.5156473, 23.1195106 ], [ 72.5156668, 23.1195151 ], [ 72.5156853, 23.1195221 ], [ 72.5157122, 23.1195387 ], [ 72.5157341, 23.1195607 ], [ 72.5157495, 23.119587 ], [ 72.5157577, 23.1196159 ], [ 72.5157534, 23.1196418 ], [ 72.5157443, 23.1196667 ], [ 72.5157309, 23.1196899 ], [ 72.5157058, 23.1197176 ], [ 72.5156745, 23.1197392 ], [ 72.515633, 23.1197675 ], [ 72.515597, 23.1198015 ], [ 72.5155672, 23.1198403 ], [ 72.5155469, 23.1198778 ], [ 72.5155325, 23.1199176 ], [ 72.5155243, 23.1199587 ], [ 72.5155059, 23.1200136 ], [ 72.5154795, 23.1200657 ], [ 72.5154456, 23.120114 ], [ 72.5154049, 23.1201575 ], [ 72.515358, 23.1201956 ], [ 72.5152051, 23.1203707 ], [ 72.5151827, 23.1203945 ], [ 72.5151558, 23.120414 ], [ 72.5151253, 23.1204284 ], [ 72.5150925, 23.1204373 ], [ 72.5150552, 23.1204403 ], [ 72.515018, 23.1204361 ], [ 72.5149825, 23.120425 ], [ 72.5149594, 23.1203946 ], [ 72.5149439, 23.1203604 ], [ 72.5149369, 23.1203238 ], [ 72.5149384, 23.1202888 ], [ 72.5149477, 23.1202548 ], [ 72.5149396, 23.1202042 ], [ 72.5148994, 23.1202054 ], [ 72.5148618, 23.1202424 ] ] ] } },
{ "type": "Feature", "properties": { "element": "way", "id": 1306596656, "waterway": "canal" }, "geometry": { "type": "LineString", "coordinates": [ [ 72.7010148, 22.9284542 ], [ 72.7004508, 22.9275509 ], [ 72.7003485, 22.9273992 ], [ 72.7001014, 22.9271947 ], [ 72.6987937, 22.9261075 ], [ 72.6967298, 22.9242939 ], [ 72.6959536, 22.9238158 ], [ 72.6946303, 22.9230441 ], [ 72.6938163, 22.9225559 ], [ 72.6936381, 22.9224635 ] ] } },
{ "type": "Feature", "properties": { "element": "way", "id": 1306596657, "waterway": "canal" }, "geometry": { "type": "LineString", "coordinates": [ [ 72.7014765, 22.9291737 ], [ 72.7010148, 22.9284542 ] ] } },
{ "type": "Feature", "properties": { "element": "way", "id": 1306596658, "waterway": "canal" }, "geometry": { "type": "LineString", "coordinates": [ [ 72.7020664, 22.9301247 ], [ 72.7014765, 22.9291737 ] ] } },
{ "type": "Feature", "properties": { "element": "way", "id": 1306596659, "waterway": "canal" }, "geometry": { "type": "LineString", "coordinates": [ [ 72.7026471, 22.9310623 ], [ 72.7020664, 22.9301247 ] ] } },
{ "type": "Feature", "properties": { "element": "way", "id": 1306596660, "waterway": "canal" }, "geometry": { "type": "LineString", "coordinates": [ [ 72.6931908, 22.9221864 ], [ 72.6925704, 22.9218276 ], [ 72.690659, 22.9206863 ], [ 72.690598, 22.9206657 ], [ 72.6887987, 22.9203797 ], [ 72.6886194, 22.9203455 ], [ 72.6877248, 22.9202164 ], [ 72.6856809, 22.9199262 ], [ 72.6843657, 22.9197124 ], [ 72.6842035, 22.9196596 ], [ 72.6840937, 22.9196113 ], [ 72.6839814, 22.9195331 ], [ 72.6838815, 22.919455 ], [ 72.6838067, 22.9193653 ], [ 72.6828858, 22.9177494 ], [ 72.6821271, 22.9163886 ], [ 72.6817652, 22.9157587 ] ] } },
{ "type": "Feature", "properties": { "element": "way", "id": 1306596661, "waterway": "canal" }, "geometry": { "type": "LineString", "coordinates": [ [ 72.6936381, 22.9224635 ], [ 72.6931908, 22.9221864 ] ] } },
{ "type": "Feature", "properties": { "element": "way", "id": 1306596664, "waterway": "canal" }, "geometry": { "type": "LineString", "coordinates": [ [ 72.6817278, 22.9156162 ], [ 72.6815181, 22.9153588 ], [ 72.680435, 22.9138485 ], [ 72.6794218, 22.912421 ], [ 72.6786107, 22.9113153 ], [ 72.6785034, 22.9112049 ], [ 72.6784285, 22.9111383 ], [ 72.6782938, 22.9110302 ], [ 72.678159, 22.9109383 ], [ 72.6774103, 22.9106578 ], [ 72.6746601, 22.9096349 ], [ 72.6717576, 22.9085498 ], [ 72.6706071, 22.9081268 ], [ 72.6690773, 22.90732 ] ] } },
{ "type": "Feature", "properties": { "element": "way", "id": 1306596665, "waterway": "canal" }, "geometry": { "type": "LineString", "coordinates": [ [ 72.6817652, 22.9157587 ], [ 72.6817278, 22.9156162 ] ] } },
{ "type": "Feature", "properties": { "element": "way", "id": 1306596666, "waterway": "canal" }, "geometry": { "type": "LineString", "coordinates": [ [ 72.66897, 22.9072625 ], [ 72.6682737, 22.906897 ], [ 72.6669235, 22.9061452 ] ] } },
{ "type": "Feature", "properties": { "element": "way", "id": 1306596667, "waterway": "canal" }, "geometry": { "type": "LineString", "coordinates": [ [ 72.6690773, 22.90732 ], [ 72.66897, 22.9072625 ] ] } },
{ "type": "Feature", "properties": { "element": "way", "id": 1306596668, "waterway": "canal" }, "geometry": { "type": "LineString", "coordinates": [ [ 72.6669235, 22.9061452 ], [ 72.6663196, 22.9057268 ] ] } },
{ "type": "Feature", "properties": { "element": "way", "id": 1307204745, "waterway": "stream" }, "geometry": { "type": "LineString", "coordinates": [ [ 72.5789876, 23.0860961 ], [ 72.5789837, 23.0860909 ], [ 72.5788657, 23.085975 ], [ 72.5786021, 23.0857905 ], [ 72.5785243, 23.0857683 ], [ 72.5785258, 23.0857251 ] ] } },
{ "type": "Feature", "properties": { "element": "way", "id": 1307204746, "waterway": "stream" }, "geometry": { "type": "LineString", "coordinates": [ [ 72.5782551, 23.0848265 ], [ 72.5782624, 23.0847183 ] ] } },
{ "type": "Feature", "properties": { "element": "way", "id": 1307206347, "waterway": "stream" }, "geometry": { "type": "LineString", "coordinates": [ [ 72.5782616, 23.0850636 ], [ 72.578243, 23.0850083 ], [ 72.5782551, 23.0848265 ] ] } },
{ "type": "Feature", "properties": { "element": "way", "id": 1307206348, "waterway": "stream" }, "geometry": { "type": "LineString", "coordinates": [ [ 72.5782876, 23.0851411 ], [ 72.5782616, 23.0850636 ] ] } },
{ "type": "Feature", "properties": { "element": "way", "id": 1307206349, "waterway": "stream" }, "geometry": { "type": "LineString", "coordinates": [ [ 72.5783066, 23.0851977 ], [ 72.5782876, 23.0851411 ] ] } },
{ "type": "Feature", "properties": { "element": "way", "id": 1307206350, "waterway": "stream" }, "geometry": { "type": "LineString", "coordinates": [ [ 72.5785202, 23.0854917 ], [ 72.5784361, 23.0854229 ], [ 72.5783556, 23.0853439 ], [ 72.5783066, 23.0851977 ] ] } },
{ "type": "Feature", "properties": { "element": "way", "id": 1307206351, "waterway": "stream" }, "geometry": { "type": "LineString", "coordinates": [ [ 72.5785964, 23.0855543 ], [ 72.5785202, 23.0854917 ] ] } },
{ "type": "Feature", "properties": { "element": "way", "id": 1307206352, "waterway": "stream" }, "geometry": { "type": "LineString", "coordinates": [ [ 72.5785258, 23.0857251 ], [ 72.5785964, 23.0855543 ] ] } },
{ "type": "Feature", "properties": { "element": "way", "id": 1330894779, "waterway": null }, "geometry": { "type": "Polygon", "coordinates": [ [ [ 72.6245595, 23.125426 ], [ 72.6245665, 23.1257905 ], [ 72.6249983, 23.1258426 ], [ 72.6252461, 23.1254455 ], [ 72.6245595, 23.125426 ] ] ] } },
{ "type": "Feature", "properties": { "element": "way", "id": 1349775590, "waterway": null }, "geometry": { "type": "Polygon", "coordinates": [ [ [ 72.6570685, 22.9939629 ], [ 72.6571584, 22.9939641 ], [ 72.6573864, 22.9938876 ], [ 72.6576599, 22.9938592 ], [ 72.6578692, 22.9938641 ], [ 72.6578397, 22.9937258 ], [ 72.6577377, 22.9934888 ], [ 72.6577485, 22.9933184 ], [ 72.6577297, 22.9930962 ], [ 72.6576814, 22.9930123 ], [ 72.6575285, 22.9929333 ], [ 72.6572764, 22.9929777 ], [ 72.6569197, 22.9930814 ], [ 72.6568741, 22.9931703 ], [ 72.6569009, 22.9932937 ], [ 72.6570564, 22.9935086 ], [ 72.6570404, 22.9939579 ], [ 72.6570685, 22.9939629 ] ] ] } },
{ "type": "Feature", "properties": { "element": "way", "id": 1352794749, "waterway": "stream" }, "geometry": { "type": "LineString", "coordinates": [ [ 72.5797039, 23.0681161 ], [ 72.5796776, 23.0680072 ], [ 72.5795448, 23.0675892 ], [ 72.5792283, 23.0670771 ], [ 72.5776008, 23.0658111 ] ] } },
{ "type": "Feature", "properties": { "element": "way", "id": 1352794750, "waterway": "stream" }, "geometry": { "type": "LineString", "coordinates": [ [ 72.5758257, 23.0644552 ], [ 72.5757509, 23.0642872 ] ] } },
{ "type": "Feature", "properties": { "element": "way", "id": 1355024719, "waterway": "canal" }, "geometry": { "type": "LineString", "coordinates": [ [ 72.605465, 22.9538057 ], [ 72.6068583, 22.9493935 ], [ 72.6068675, 22.9493454 ] ] } },
{ "type": "Feature", "properties": { "element": "way", "id": 1355024720, "waterway": "canal" }, "geometry": { "type": "LineString", "coordinates": [ [ 72.6054348, 22.9539015 ], [ 72.605465, 22.9538057 ] ] } },
{ "type": "Feature", "properties": { "element": "way", "id": 1368330303, "waterway": null }, "geometry": { "type": "Polygon", "coordinates": [ [ [ 72.5532765, 23.1295994 ], [ 72.5533422, 23.1296148 ], [ 72.5534291, 23.1296148 ], [ 72.5534682, 23.1296121 ], [ 72.553501, 23.129598 ], [ 72.5535216, 23.12958 ], [ 72.553538, 23.1295499 ], [ 72.5535465, 23.129521 ], [ 72.553538, 23.1294957 ], [ 72.5535208, 23.1294053 ], [ 72.5535064, 23.1292919 ], [ 72.5535637, 23.1291625 ], [ 72.5536425, 23.1290842 ], [ 72.5537959, 23.1290377 ], [ 72.5539769, 23.1289782 ], [ 72.554051, 23.1289484 ], [ 72.5540794, 23.1288969 ], [ 72.5541063, 23.1288454 ], [ 72.5541126, 23.1288272 ], [ 72.5541169, 23.1288068 ], [ 72.5541184, 23.1287876 ], [ 72.5541163, 23.1287574 ], [ 72.5541064, 23.1287179 ], [ 72.5541009, 23.1286951 ], [ 72.554096, 23.1286832 ], [ 72.5540901, 23.1286734 ], [ 72.5540778, 23.1286592 ], [ 72.5540489, 23.1286362 ], [ 72.5540192, 23.1286088 ], [ 72.5539993, 23.1285952 ], [ 72.5539778, 23.1285847 ], [ 72.5539516, 23.1285765 ], [ 72.5539287, 23.1285729 ], [ 72.5538242, 23.1285777 ], [ 72.5537716, 23.1285736 ], [ 72.5537567, 23.1286418 ], [ 72.5537289, 23.1286922 ], [ 72.5536918, 23.128737 ], [ 72.5536481, 23.1287739 ], [ 72.5535983, 23.1288032 ], [ 72.553519, 23.1288336 ], [ 72.5533946, 23.1288195 ], [ 72.553326, 23.1288047 ], [ 72.5532931, 23.1288167 ], [ 72.5532383, 23.1288996 ], [ 72.5531837, 23.128925 ], [ 72.5531242, 23.1289949 ], [ 72.5530891, 23.1290475 ], [ 72.5530904, 23.1290458 ], [ 72.553123, 23.1291489 ], [ 72.5531319, 23.1292472 ], [ 72.5531475, 23.1293448 ], [ 72.5531324, 23.1294651 ], [ 72.5531428, 23.1295012 ], [ 72.5531574, 23.1295214 ], [ 72.5531847, 23.1295487 ], [ 72.5532125, 23.1295695 ], [ 72.5532437, 23.1295867 ], [ 72.5532765, 23.1295994 ] ] ] } },
{ "type": "Feature", "properties": { "element": "way", "id": 1375690864, "waterway": null }, "geometry": { "type": "Polygon", "coordinates": [ [ [ 72.4948308, 23.0364465 ], [ 72.4950217, 23.0364307 ], [ 72.4950078, 23.0362974 ], [ 72.4948093, 23.0363181 ], [ 72.4948308, 23.0364465 ] ] ] } },
{ "type": "Feature", "properties": { "element": "way", "id": 1375690865, "waterway": null }, "geometry": { "type": "Polygon", "coordinates": [ [ [ 72.4939178, 23.0369477 ], [ 72.4938966, 23.0367588 ], [ 72.4943666, 23.0367054 ], [ 72.4943893, 23.0368943 ], [ 72.4939178, 23.0369477 ] ] ] } },
{ "type": "Feature", "properties": { "element": "way", "id": 1375690866, "waterway": null }, "geometry": { "type": "Polygon", "coordinates": [ [ [ 72.4937345, 23.036729 ], [ 72.4936943, 23.0364933 ], [ 72.494343, 23.0363997 ], [ 72.4944617, 23.0366242 ], [ 72.4937345, 23.036729 ] ] ] } },
{ "type": "Feature", "properties": { "element": "way", "id": 1378628240, "waterway": null }, "geometry": { "type": "Polygon", "coordinates": [ [ [ 72.5644034, 23.1622034 ], [ 72.5641238, 23.1620667 ], [ 72.5633665, 23.1611393 ], [ 72.5627329, 23.1594765 ], [ 72.5623967, 23.1585426 ], [ 72.5624463, 23.1580643 ], [ 72.5625108, 23.158049 ], [ 72.562556, 23.1580383 ], [ 72.5626055, 23.1581034 ], [ 72.5626834, 23.1585329 ], [ 72.5627754, 23.1585361 ], [ 72.562871, 23.1588257 ], [ 72.5637133, 23.1609799 ], [ 72.5642052, 23.1616307 ], [ 72.5644565, 23.1617934 ], [ 72.5645627, 23.1620309 ], [ 72.5645556, 23.162122 ], [ 72.5644034, 23.1622034 ] ] ] } },
{ "type": "Feature", "properties": { "element": "way", "id": 1378628241, "waterway": "stream" }, "geometry": { "type": "LineString", "coordinates": [ [ 72.5603067, 23.1558037 ], [ 72.561159, 23.156261 ], [ 72.5615372, 23.1565272 ], [ 72.5622167, 23.1573537 ], [ 72.5625108, 23.158049 ] ] } },
{ "type": "Feature", "properties": { "element": "way", "id": 1378628242, "waterway": null }, "geometry": { "type": "Polygon", "coordinates": [ [ [ 72.513796, 23.0810172 ], [ 72.5135359, 23.0809777 ], [ 72.5131818, 23.0804916 ], [ 72.5130477, 23.0796971 ], [ 72.5130236, 23.0793418 ], [ 72.5130933, 23.0792159 ], [ 72.5133508, 23.0792406 ], [ 72.513839, 23.0791419 ], [ 72.5140723, 23.0790999 ], [ 72.514311, 23.0791814 ], [ 72.5144049, 23.0795243 ], [ 72.5144478, 23.0798969 ], [ 72.5142332, 23.0799956 ], [ 72.5140482, 23.0799364 ], [ 72.5138846, 23.0799636 ], [ 72.5137934, 23.0801264 ], [ 72.5138872, 23.0806619 ], [ 72.5139677, 23.0808223 ], [ 72.5139248, 23.0809333 ], [ 72.513796, 23.0810172 ] ] ] } },
{ "type": "Feature", "properties": { "element": "way", "id": 1378628243, "waterway": null }, "geometry": { "type": "Polygon", "coordinates": [ [ [ 72.5160931, 23.0797481 ], [ 72.515971, 23.0796704 ], [ 72.5156505, 23.0793977 ], [ 72.5156626, 23.0793126 ], [ 72.5158369, 23.0792324 ], [ 72.5160757, 23.0792435 ], [ 72.5163036, 23.0794718 ], [ 72.5163144, 23.0795668 ], [ 72.5162151, 23.0796531 ], [ 72.5161762, 23.0797173 ], [ 72.5160931, 23.0797481 ] ] ] } },
{ "type": "Feature", "properties": { "element": "way", "id": 1378628244, "waterway": null }, "geometry": { "type": "Polygon", "coordinates": [ [ [ 72.4850038, 23.0809065 ], [ 72.4848676, 23.080798 ], [ 72.4849245, 23.0805381 ], [ 72.4851136, 23.0802594 ], [ 72.4853372, 23.0802445 ], [ 72.4854225, 23.0805605 ], [ 72.4852721, 23.0808055 ], [ 72.4852762, 23.0808672 ], [ 72.4851562, 23.080914 ], [ 72.4850851, 23.0809514 ], [ 72.4850038, 23.0809065 ] ] ] } },
{ "type": "Feature", "properties": { "element": "way", "id": 1378628245, "waterway": null }, "geometry": { "type": "Polygon", "coordinates": [ [ [ 72.4769646, 23.0805128 ], [ 72.4765499, 23.0803688 ], [ 72.4762206, 23.0800771 ], [ 72.4761942, 23.0798882 ], [ 72.4764849, 23.0796564 ], [ 72.476863, 23.0795479 ], [ 72.4770622, 23.0797199 ], [ 72.4771313, 23.0801201 ], [ 72.4770642, 23.0803389 ], [ 72.4769646, 23.0805128 ] ] ] } },
{ "type": "Feature", "properties": { "element": "way", "id": 1378628246, "waterway": null }, "geometry": { "type": "Polygon", "coordinates": [ [ [ 72.4482785, 23.0809849 ], [ 72.4476531, 23.0809962 ], [ 72.4474559, 23.0811493 ], [ 72.4473727, 23.0813505 ], [ 72.4469598, 23.0810898 ], [ 72.4467811, 23.0807865 ], [ 72.4468643, 23.0804832 ], [ 72.447385, 23.0803868 ], [ 72.4479704, 23.0806986 ], [ 72.4482169, 23.0806731 ], [ 72.4483617, 23.0807383 ], [ 72.4483432, 23.0809112 ], [ 72.4482785, 23.0809849 ] ] ] } },
{ "type": "Feature", "properties": { "element": "way", "id": 1388481208, "waterway": "stream" }, "geometry": { "type": "LineString", "coordinates": [ [ 72.5774176, 23.0656686 ], [ 72.576101, 23.0646444 ], [ 72.5758257, 23.0644552 ] ] } },
{ "type": "Feature", "properties": { "element": "way", "id": 1388481209, "waterway": "stream" }, "geometry": { "type": "LineString", "coordinates": [ [ 72.5776008, 23.0658111 ], [ 72.5774176, 23.0656686 ] ] } },
{ "type": "Feature", "properties": { "element": "way", "id": 1392507660, "waterway": null }, "geometry": { "type": "Polygon", "coordinates": [ [ [ 72.4174126, 23.0875712 ], [ 72.4176939, 23.0871118 ], [ 72.4171946, 23.0868531 ], [ 72.4169133, 23.0873125 ], [ 72.4174126, 23.0875712 ] ] ] } },
{ "type": "Feature", "properties": { "element": "way", "id": 1395103922, "waterway": null }, "geometry": { "type": "Polygon", "coordinates": [ [ [ 72.6449431, 23.0930292 ], [ 72.6455366, 23.0924931 ], [ 72.6461034, 23.0930295 ], [ 72.6455176, 23.0935685 ], [ 72.6449431, 23.0930292 ] ] ] } },
{ "type": "Feature", "properties": { "element": "way", "id": 1395103925, "waterway": null }, "geometry": { "type": "Polygon", "coordinates": [ [ [ 72.6448013, 23.0927459 ], [ 72.6449942, 23.0925743 ], [ 72.6450983, 23.0926733 ], [ 72.6449055, 23.092845 ], [ 72.6448013, 23.0927459 ] ] ] } },
{ "type": "Feature", "properties": { "element": "way", "id": 1457782747, "waterway": null }, "geometry": { "type": "Polygon", "coordinates": [ [ [ 72.4832225, 23.1023965 ], [ 72.4836409, 23.1023127 ], [ 72.4841881, 23.102441 ], [ 72.4843222, 23.1027123 ], [ 72.4843705, 23.1030577 ], [ 72.4846548, 23.1032255 ], [ 72.4848479, 23.1033192 ], [ 72.484805, 23.1037041 ], [ 72.4846548, 23.1038324 ], [ 72.4843329, 23.1037979 ], [ 72.4841559, 23.1040051 ], [ 72.4838877, 23.1040446 ], [ 72.4833351, 23.1039508 ], [ 72.4828523, 23.1036104 ], [ 72.4827826, 23.103265 ], [ 72.4828631, 23.1028308 ], [ 72.4831098, 23.1025594 ], [ 72.4832225, 23.1023965 ] ] ] } },
{ "type": "Feature", "properties": { "element": "way", "id": 1482917211, "waterway": "river" }, "geometry": { "type": "LineString", "coordinates": [ [ 72.6118807, 23.0918218 ], [ 72.6115763, 23.0918774 ], [ 72.6112701, 23.091924 ], [ 72.6109625, 23.0919615 ], [ 72.6106537, 23.0919898 ], [ 72.610344, 23.0920089 ], [ 72.6100339, 23.0920189 ], [ 72.6097236, 23.0920196 ], [ 72.6094134, 23.0920111 ], [ 72.6091036, 23.0919934 ], [ 72.6087947, 23.0919665 ], [ 72.6084868, 23.0919304 ], [ 72.6081804, 23.0918853 ], [ 72.6078757, 23.091831 ], [ 72.6075731, 23.0917678 ], [ 72.6072729, 23.0916955 ], [ 72.6069754, 23.0916144 ], [ 72.6066808, 23.0915246 ], [ 72.6063896, 23.091426 ], [ 72.6061019, 23.0913188 ], [ 72.6058182, 23.0912031 ], [ 72.6055387, 23.0910791 ], [ 72.6052637, 23.0909468 ], [ 72.6049935, 23.0908064 ], [ 72.6047283, 23.0906581 ], [ 72.6044685, 23.090502 ], [ 72.6042143, 23.0903382 ], [ 72.603966, 23.090167 ], [ 72.6037238, 23.0899885 ], [ 72.603488, 23.0898029 ], [ 72.6032541, 23.0896063 ], [ 72.6030273, 23.0894026 ], [ 72.6028079, 23.0891922 ], [ 72.6025962, 23.0889752 ], [ 72.6023923, 23.0887519 ], [ 72.6021966, 23.0885226 ], [ 72.6020093, 23.0882874 ], [ 72.6018304, 23.0880467 ], [ 72.6016603, 23.0878007 ], [ 72.6014991, 23.0875497 ], [ 72.6013469, 23.0872939 ], [ 72.601204, 23.0870336 ], [ 72.6010706, 23.0867692 ], [ 72.6009466, 23.0865008 ], [ 72.6008324, 23.0862289 ], [ 72.6007279, 23.0859536 ], [ 72.6006334, 23.0856753 ], [ 72.6005489, 23.0853943 ], [ 72.6004746, 23.0851109 ], [ 72.6004104, 23.0848253 ], [ 72.6003565, 23.084538 ], [ 72.6003129, 23.0842492 ], [ 72.6002797, 23.0839592 ], [ 72.6002569, 23.0836684 ], [ 72.6002445, 23.0833771 ], [ 72.6002426, 23.0830855 ] ] } },
{ "type": "Feature", "properties": { "element": "way", "id": 1482917212, "waterway": "river" }, "geometry": { "type": "LineString", "coordinates": [ [ 72.6481302, 23.1191573 ], [ 72.6487308, 23.1140633 ], [ 72.6488633, 23.1069973 ], [ 72.6473962, 23.1009284 ], [ 72.6437479, 23.095841 ], [ 72.6396623, 23.0927827 ], [ 72.6360517, 23.0917508 ], [ 72.6322319, 23.0905302 ], [ 72.6292311, 23.0902731 ], [ 72.6254098, 23.0906325 ], [ 72.6198689, 23.0910871 ], [ 72.6118807, 23.0918218 ] ] } },
{ "type": "Feature", "properties": { "element": "way", "id": 1482917213, "waterway": null }, "geometry": { "type": "Polygon", "coordinates": [ [ [ 72.6015341, 23.0826049 ], [ 72.5989759, 23.0822486 ], [ 72.5989008, 23.083433 ], [ 72.5989114, 23.0837104 ], [ 72.5989296, 23.0839874 ], [ 72.5989553, 23.084264 ], [ 72.5989887, 23.0845398 ], [ 72.5990295, 23.0848148 ], [ 72.5990759, 23.0850779 ], [ 72.5991291, 23.0853398 ], [ 72.5991892, 23.0856006 ], [ 72.5992562, 23.0858598 ], [ 72.5993299, 23.0861176 ], [ 72.5994174, 23.0863711 ], [ 72.5995126, 23.0866221 ], [ 72.5996155, 23.0868707 ], [ 72.599726, 23.0871164 ], [ 72.5998441, 23.0873591 ], [ 72.5999696, 23.0875987 ], [ 72.6001024, 23.0878349 ], [ 72.6002542, 23.0880863 ], [ 72.6004142, 23.0883332 ], [ 72.6005824, 23.0885756 ], [ 72.6007587, 23.0888131 ], [ 72.6009427, 23.0890455 ], [ 72.6011344, 23.0892726 ], [ 72.6013336, 23.0894942 ], [ 72.6015401, 23.0897101 ], [ 72.6017757, 23.089927 ], [ 72.6020179, 23.0901377 ], [ 72.6022666, 23.090342 ], [ 72.6025214, 23.0905397 ], [ 72.6027822, 23.0907307 ], [ 72.6030489, 23.0909147 ], [ 72.6033211, 23.0910918 ], [ 72.6036066, 23.0912664 ], [ 72.6038975, 23.0914332 ], [ 72.6041936, 23.0915921 ], [ 72.6044947, 23.0917431 ], [ 72.6048004, 23.0918859 ], [ 72.6051105, 23.0920204 ], [ 72.6054247, 23.0921465 ], [ 72.6057428, 23.0922641 ], [ 72.6060645, 23.0923731 ], [ 72.6063895, 23.0924735 ], [ 72.6067599, 23.0925538 ], [ 72.6071322, 23.0926268 ], [ 72.607506, 23.0926923 ], [ 72.6078813, 23.0927504 ], [ 72.6082579, 23.092801 ], [ 72.6086356, 23.0928441 ], [ 72.6090142, 23.0928797 ], [ 72.6093936, 23.0929077 ], [ 72.6098016, 23.0929294 ], [ 72.61021, 23.0929424 ], [ 72.6106187, 23.0929467 ], [ 72.6110273, 23.0929422 ], [ 72.6114358, 23.092929 ], [ 72.6118437, 23.0929071 ], [ 72.6122511, 23.0928765 ], [ 72.6126575, 23.0928372 ], [ 72.6130628, 23.0927893 ], [ 72.6270747, 23.0917826 ], [ 72.6271176, 23.089414 ], [ 72.625637, 23.0895127 ], [ 72.6229763, 23.0897002 ], [ 72.6152086, 23.0902726 ], [ 72.6117217, 23.0905292 ], [ 72.6113178, 23.0905486 ], [ 72.6109135, 23.0905589 ], [ 72.610509, 23.0905602 ], [ 72.6101046, 23.0905523 ], [ 72.6097005, 23.0905354 ], [ 72.609297, 23.0905095 ], [ 72.6088823, 23.0904733 ], [ 72.6084687, 23.0904275 ], [ 72.6080564, 23.0903722 ], [ 72.6076458, 23.0903074 ], [ 72.6072371, 23.0902332 ], [ 72.6069755, 23.0901727 ], [ 72.6067165, 23.0901034 ], [ 72.6064605, 23.0900253 ], [ 72.6062077, 23.0899386 ], [ 72.6059587, 23.0898433 ], [ 72.6057136, 23.0897397 ], [ 72.6054678, 23.0896253 ], [ 72.605227, 23.0895025 ], [ 72.6049913, 23.0893714 ], [ 72.6047612, 23.0892322 ], [ 72.6045369, 23.0890851 ], [ 72.6043188, 23.0889304 ], [ 72.604138, 23.0887952 ], [ 72.603962, 23.0886546 ], [ 72.603791, 23.0885089 ], [ 72.6036253, 23.0883581 ], [ 72.603465, 23.0882025 ], [ 72.6033103, 23.0880421 ], [ 72.6031491, 23.0878632 ], [ 72.6029948, 23.087679 ], [ 72.6028476, 23.0874901 ], [ 72.6027078, 23.0872964 ], [ 72.6025755, 23.0870984 ], [ 72.6024508, 23.0868961 ], [ 72.602334, 23.08669 ], [ 72.6022141, 23.0864687 ], [ 72.6021027, 23.0862435 ], [ 72.6020001, 23.0860149 ], [ 72.6019064, 23.0857831 ], [ 72.6018217, 23.0855484 ], [ 72.601746, 23.085311 ], [ 72.6016796, 23.0850714 ], [ 72.6016222, 23.0848288 ], [ 72.6015742, 23.0845844 ], [ 72.6015357, 23.0843386 ], [ 72.6015067, 23.0840918 ], [ 72.6014873, 23.0838441 ], [ 72.6014775, 23.083596 ], [ 72.6014772, 23.0833477 ], [ 72.6014826, 23.0832055 ], [ 72.6014866, 23.0830995 ], [ 72.6015056, 23.0828518 ], [ 72.6015341, 23.0826049 ] ] ] } },
{ "type": "Feature", "properties": { "element": "way", "id": 1482917214, "waterway": null }, "geometry": { "type": "Polygon", "coordinates": [ [ [ 72.6271176, 23.089414 ], [ 72.6270747, 23.0917826 ], [ 72.6296499, 23.0918965 ], [ 72.6316817, 23.0919863 ], [ 72.6339133, 23.0921363 ], [ 72.6362049, 23.0927758 ], [ 72.6385653, 23.093589 ], [ 72.6405394, 23.0948207 ], [ 72.6423762, 23.0967234 ], [ 72.6441958, 23.099084 ], [ 72.6453974, 23.1009788 ], [ 72.6465218, 23.104413 ], [ 72.6466763, 23.1064419 ], [ 72.6471781, 23.1100727 ], [ 72.6510978, 23.1100889 ], [ 72.6501009, 23.105763 ], [ 72.6495001, 23.1038209 ], [ 72.6493071, 23.1033049 ], [ 72.648762, 23.1018472 ], [ 72.6480582, 23.1003078 ], [ 72.6472685, 23.098863 ], [ 72.6457751, 23.0968734 ], [ 72.6445391, 23.0952707 ], [ 72.6423247, 23.0926969 ], [ 72.6414921, 23.0917415 ], [ 72.6406252, 23.0912317 ], [ 72.640136, 23.0909441 ], [ 72.6387884, 23.090502 ], [ 72.6378241, 23.0903765 ], [ 72.6370289, 23.090273 ], [ 72.6354067, 23.0901072 ], [ 72.6340163, 23.0898624 ], [ 72.6326859, 23.0895545 ], [ 72.6309103, 23.0897016 ], [ 72.6297979, 23.0895757 ], [ 72.6292441, 23.0895131 ], [ 72.6271176, 23.089414 ] ] ] } },
{ "type": "Feature", "properties": { "element": "way", "id": 1482917215, "waterway": null }, "geometry": { "type": "Polygon", "coordinates": [ [ [ 72.6077843, 23.0999047 ], [ 72.6092219, 23.0995593 ], [ 72.6094472, 23.0994212 ], [ 72.6096511, 23.0980001 ], [ 72.6095653, 23.0971908 ], [ 72.6092434, 23.0968356 ], [ 72.6089859, 23.0967467 ], [ 72.6084387, 23.0968849 ], [ 72.6076126, 23.0992633 ], [ 72.6075804, 23.0995988 ], [ 72.6077843, 23.0999047 ] ] ] } },
{ "type": "Feature", "properties": { "element": "way", "id": 1509301524, "waterway": null }, "geometry": { "type": "Polygon", "coordinates": [ [ [ 72.4678428, 23.045765 ], [ 72.4690679, 23.0458515 ], [ 72.4691072, 23.0457023 ], [ 72.4678579, 23.0456205 ], [ 72.4678428, 23.045765 ] ] ] } },
{ "type": "Feature", "properties": { "element": "way", "id": 1509301622, "waterway": null }, "geometry": { "type": "Polygon", "coordinates": [ [ [ 72.4691519, 23.0458169 ], [ 72.4716418, 23.0464192 ], [ 72.471686, 23.0462908 ], [ 72.4691072, 23.0457023 ], [ 72.4690679, 23.0458515 ], [ 72.4691519, 23.0458169 ] ] ] } },
{ "type": "Feature", "properties": { "element": "way", "id": 1528982634, "waterway": "canal" }, "geometry": { "type": "LineString", "coordinates": [ [ 72.4677852, 22.9286809 ], [ 72.4677881, 22.928554 ], [ 72.4676025, 22.9270236 ], [ 72.467473, 22.9261583 ] ] } },
{ "type": "Feature", "properties": { "element": "way", "id": 1528982635, "waterway": "canal" }, "geometry": { "type": "LineString", "coordinates": [ [ 72.467473, 22.9261583 ], [ 72.4673734, 22.9249282 ] ] } },
{ "type": "Feature", "properties": { "element": "way", "id": 1534885299, "waterway": null }, "geometry": { "type": "Polygon", "coordinates": [ [ [ 72.4792301, 22.9065455 ], [ 72.4791143, 22.9065008 ], [ 72.4790302, 22.9064716 ], [ 72.4789966, 22.9064165 ], [ 72.478907, 22.9063735 ], [ 72.4788266, 22.906327 ], [ 72.4787874, 22.9062685 ], [ 72.478793, 22.9062324 ], [ 72.47875, 22.9062169 ], [ 72.4787015, 22.9062117 ], [ 72.4786529, 22.9061618 ], [ 72.4786454, 22.906124 ], [ 72.4785894, 22.906124 ], [ 72.478567, 22.9060861 ], [ 72.4785259, 22.9060758 ], [ 72.4784867, 22.9060672 ], [ 72.4784456, 22.9060104 ], [ 72.4784437, 22.9059743 ], [ 72.4784063, 22.9059554 ], [ 72.4783615, 22.9059467 ], [ 72.4783297, 22.9059141 ], [ 72.4782868, 22.9058831 ], [ 72.4782793, 22.9058211 ], [ 72.4783503, 22.9057317 ], [ 72.4783802, 22.9057127 ], [ 72.4784344, 22.9056818 ], [ 72.4784661, 22.9056525 ], [ 72.4784885, 22.905637 ], [ 72.4785371, 22.9056387 ], [ 72.4785819, 22.9056319 ], [ 72.4785987, 22.9056078 ], [ 72.4786305, 22.9056095 ], [ 72.478651, 22.9055596 ], [ 72.4786623, 22.90552 ], [ 72.4787276, 22.9055097 ], [ 72.4787781, 22.9054873 ], [ 72.4788322, 22.9054563 ], [ 72.4788715, 22.9054099 ], [ 72.4788958, 22.9054047 ], [ 72.4789219, 22.9054409 ], [ 72.4789705, 22.9054237 ], [ 72.479006, 22.9054185 ], [ 72.4790676, 22.905477 ], [ 72.4790994, 22.9054959 ], [ 72.479161, 22.9054736 ], [ 72.4792002, 22.9054581 ], [ 72.4792376, 22.905477 ], [ 72.4792376, 22.905508 ], [ 72.4792581, 22.9055166 ], [ 72.4792936, 22.9054908 ], [ 72.4793646, 22.905489 ], [ 72.4793534, 22.9055665 ], [ 72.4794076, 22.9055665 ], [ 72.4794935, 22.9055888 ], [ 72.4796056, 22.9056284 ], [ 72.4796766, 22.9056009 ], [ 72.4797364, 22.9056009 ], [ 72.4798036, 22.9056198 ], [ 72.4798391, 22.9056181 ], [ 72.4798615, 22.9056336 ], [ 72.4799325, 22.905637 ], [ 72.4799867, 22.9056078 ], [ 72.4800315, 22.9056267 ], [ 72.4800408, 22.9056663 ], [ 72.480024, 22.9056938 ], [ 72.4799848, 22.9057127 ], [ 72.479968, 22.9057575 ], [ 72.4799175, 22.9058246 ], [ 72.4798596, 22.905828 ], [ 72.4798148, 22.905859 ], [ 72.4797868, 22.9058968 ], [ 72.479798, 22.9059381 ], [ 72.4797606, 22.9059364 ], [ 72.4797476, 22.9059966 ], [ 72.4797102, 22.9060121 ], [ 72.4796766, 22.9060603 ], [ 72.4796635, 22.9060758 ], [ 72.479628, 22.906093 ], [ 72.4795794, 22.9060964 ], [ 72.4795477, 22.9061412 ], [ 72.4795439, 22.9061928 ], [ 72.4795141, 22.9062307 ], [ 72.4794618, 22.9062616 ], [ 72.4794281, 22.906284 ], [ 72.4794207, 22.9063115 ], [ 72.4794188, 22.9063546 ], [ 72.4793926, 22.906401 ], [ 72.479387, 22.9064354 ], [ 72.4793758, 22.9064664 ], [ 72.4793254, 22.906475 ], [ 72.4792955, 22.906463 ], [ 72.479275, 22.9064888 ], [ 72.479275, 22.9065197 ], [ 72.479275, 22.9065438 ], [ 72.4792301, 22.9065455 ] ] ] } },
{ "type": "Feature", "properties": { "element": "way", "id": 1534885300, "waterway": null }, "geometry": { "type": "Polygon", "coordinates": [ [ [ 72.4751067, 22.9162843 ], [ 72.4751161, 22.9163875 ], [ 72.4751385, 22.9163893 ], [ 72.4751777, 22.9163996 ], [ 72.475187, 22.9164409 ], [ 72.4751964, 22.9164719 ], [ 72.4752375, 22.916465 ], [ 72.4752319, 22.9164288 ], [ 72.4752412, 22.9163961 ], [ 72.4752468, 22.9163583 ], [ 72.4752562, 22.9163308 ], [ 72.4752543, 22.9163118 ], [ 72.4752375, 22.9162791 ], [ 72.4752543, 22.9162413 ], [ 72.4752935, 22.9162258 ], [ 72.4752935, 22.916188 ], [ 72.4753141, 22.9161742 ], [ 72.4753066, 22.9161226 ], [ 72.4752973, 22.9160985 ], [ 72.4752804, 22.9160503 ], [ 72.4753178, 22.9160211 ], [ 72.4753346, 22.9160297 ], [ 72.4753402, 22.9159798 ], [ 72.4753757, 22.915935 ], [ 72.4754131, 22.9159471 ], [ 72.4754374, 22.9159626 ], [ 72.4754691, 22.9159849 ], [ 72.4755196, 22.915978 ], [ 72.475555, 22.9159849 ], [ 72.4755438, 22.9159299 ], [ 72.4755401, 22.9158765 ], [ 72.4755849, 22.9158404 ], [ 72.4755756, 22.9157836 ], [ 72.4755793, 22.915732 ], [ 72.4755793, 22.9156769 ], [ 72.4755681, 22.9156494 ], [ 72.4754953, 22.9156408 ], [ 72.4754243, 22.9156322 ], [ 72.4753944, 22.9156288 ], [ 72.4753122, 22.9156856 ], [ 72.4752319, 22.91572 ], [ 72.475159, 22.9157664 ], [ 72.4750955, 22.9158129 ], [ 72.47506, 22.9158937 ], [ 72.4750283, 22.9159436 ], [ 72.4749797, 22.915966 ], [ 72.4749051, 22.9160076 ], [ 72.4748956, 22.9160882 ], [ 72.4748377, 22.9161432 ], [ 72.4748527, 22.9162034 ], [ 72.4748097, 22.9162396 ], [ 72.4747537, 22.9162912 ], [ 72.4748377, 22.9162774 ], [ 72.4748601, 22.9162998 ], [ 72.4748527, 22.9163222 ], [ 72.4748247, 22.9163428 ], [ 72.4748508, 22.9163531 ], [ 72.47489, 22.9163549 ], [ 72.4748994, 22.9163755 ], [ 72.4749031, 22.9164048 ], [ 72.4749367, 22.9164185 ], [ 72.4749666, 22.9163944 ], [ 72.4750002, 22.9163755 ], [ 72.4750059, 22.9163376 ], [ 72.4750171, 22.9162748 ], [ 72.4750694, 22.9162731 ], [ 72.4751067, 22.9162843 ] ] ] } },
{ "type": "Feature", "properties": { "element": "way", "id": 1534885304, "waterway": null }, "geometry": { "type": "Polygon", "coordinates": [ [ [ 72.4493436, 22.9473716 ], [ 72.4493393, 22.9473183 ], [ 72.4493501, 22.9472333 ], [ 72.4493243, 22.9471681 ], [ 72.4493115, 22.9471266 ], [ 72.4493565, 22.9471108 ], [ 72.4493522, 22.9470772 ], [ 72.4493522, 22.9470456 ], [ 72.4493823, 22.947012 ], [ 72.4493823, 22.9469804 ], [ 72.4493522, 22.9468954 ], [ 72.4493587, 22.946844 ], [ 72.4493844, 22.9468045 ], [ 72.4493908, 22.946763 ], [ 72.4494102, 22.9467136 ], [ 72.4494273, 22.946684 ], [ 72.4494466, 22.9466524 ], [ 72.4494509, 22.9466128 ], [ 72.4494381, 22.9465832 ], [ 72.4493973, 22.9465872 ], [ 72.4493973, 22.9465496 ], [ 72.4493887, 22.9464804 ], [ 72.4493608, 22.9464844 ], [ 72.4493222, 22.9463402 ], [ 72.4493179, 22.9462433 ], [ 72.4493629, 22.9462473 ], [ 72.4494209, 22.9462097 ], [ 72.4494659, 22.9462335 ], [ 72.4495368, 22.9462315 ], [ 72.4495883, 22.9462354 ], [ 72.4496333, 22.9462769 ], [ 72.4497106, 22.9462868 ], [ 72.4497749, 22.9462809 ], [ 72.4498372, 22.9462848 ], [ 72.4498715, 22.9463283 ], [ 72.4499058, 22.946354 ], [ 72.4499573, 22.9463461 ], [ 72.4499831, 22.9463283 ], [ 72.4500238, 22.946352 ], [ 72.4500646, 22.9463836 ], [ 72.4500904, 22.9464192 ], [ 72.4501504, 22.9464508 ], [ 72.4502041, 22.9464884 ], [ 72.4502599, 22.9465022 ], [ 72.450335, 22.9465457 ], [ 72.4503822, 22.9465457 ], [ 72.4504273, 22.9465219 ], [ 72.4504981, 22.9465101 ], [ 72.4505174, 22.9465654 ], [ 72.4505302, 22.9466267 ], [ 72.450526, 22.9466899 ], [ 72.4505195, 22.9467373 ], [ 72.4505603, 22.9467591 ], [ 72.4505968, 22.9467729 ], [ 72.4505839, 22.9468361 ], [ 72.4506483, 22.9468618 ], [ 72.4506526, 22.9469329 ], [ 72.4506397, 22.9470041 ], [ 72.4506182, 22.9470634 ], [ 72.450644, 22.9471325 ], [ 72.4506504, 22.9472056 ], [ 72.450674, 22.947261 ], [ 72.4506976, 22.9473163 ], [ 72.4506955, 22.9474052 ], [ 72.450689, 22.9474704 ], [ 72.450689, 22.947506 ], [ 72.4506955, 22.9475909 ], [ 72.4507148, 22.9477115 ], [ 72.450674, 22.9477352 ], [ 72.4505817, 22.9477273 ], [ 72.4505217, 22.9477391 ], [ 72.4504358, 22.947747 ], [ 72.4504079, 22.9477549 ], [ 72.4503457, 22.9477036 ], [ 72.4503243, 22.9476601 ], [ 72.4503243, 22.9476087 ], [ 72.45032, 22.9475672 ], [ 72.4502749, 22.9475751 ], [ 72.4502255, 22.9475613 ], [ 72.4502019, 22.9474961 ], [ 72.450159, 22.947506 ], [ 72.4501204, 22.9474744 ], [ 72.4501161, 22.9474526 ], [ 72.4500625, 22.9474289 ], [ 72.4500303, 22.9474427 ], [ 72.4499766, 22.9474388 ], [ 72.4499509, 22.9474526 ], [ 72.4499058, 22.947419 ], [ 72.4498565, 22.9474092 ], [ 72.4498179, 22.9474368 ], [ 72.4497749, 22.947421 ], [ 72.4497342, 22.9474111 ], [ 72.4496848, 22.947423 ], [ 72.4496612, 22.9474467 ], [ 72.449614, 22.9474566 ], [ 72.4495024, 22.9474289 ], [ 72.4494209, 22.9474111 ], [ 72.4493694, 22.9473973 ], [ 72.4493436, 22.9473716 ] ] ] } },
{ "type": "Feature", "properties": { "element": "way", "id": 1534885305, "waterway": null }, "geometry": { "type": "Polygon", "coordinates": [ [ [ 72.441943, 22.961415 ], [ 72.4419664, 22.961407 ], [ 72.4419763, 22.961424 ], [ 72.4419627, 22.9614558 ], [ 72.4419418, 22.9614842 ], [ 72.441911, 22.9615035 ], [ 72.4418765, 22.9615171 ], [ 72.4418518, 22.961525 ], [ 72.4418075, 22.9615352 ], [ 72.4417668, 22.9615205 ], [ 72.4417323, 22.961508 ], [ 72.4416707, 22.9615001 ], [ 72.4416287, 22.9614864 ], [ 72.4415893, 22.9614876 ], [ 72.4415622, 22.9614796 ], [ 72.4415351, 22.9614694 ], [ 72.4415166, 22.9614513 ], [ 72.4415067, 22.9614422 ], [ 72.4415277, 22.9614093 ], [ 72.4415339, 22.9613752 ], [ 72.4415006, 22.9613264 ], [ 72.4414944, 22.961289 ], [ 72.4414735, 22.9612686 ], [ 72.4414858, 22.9612379 ], [ 72.441503, 22.9612141 ], [ 72.4415067, 22.9611801 ], [ 72.4415178, 22.9611528 ], [ 72.4415314, 22.9611358 ], [ 72.4415351, 22.9611006 ], [ 72.4415499, 22.9611052 ], [ 72.4415782, 22.9610881 ], [ 72.4415795, 22.9610405 ], [ 72.441593, 22.9610166 ], [ 72.441614, 22.9610552 ], [ 72.441646, 22.9610223 ], [ 72.4416596, 22.9609758 ], [ 72.4416214, 22.9609803 ], [ 72.4416374, 22.9609372 ], [ 72.4416719, 22.9609043 ], [ 72.4416978, 22.9608725 ], [ 72.4417163, 22.9608635 ], [ 72.4417729, 22.9608623 ], [ 72.4417655, 22.9609009 ], [ 72.441805, 22.9609066 ], [ 72.4418284, 22.9608941 ], [ 72.4418469, 22.9608646 ], [ 72.4418592, 22.9608487 ], [ 72.4419048, 22.9608555 ], [ 72.4419369, 22.9608725 ], [ 72.4419763, 22.9609009 ], [ 72.4420034, 22.9609395 ], [ 72.4420034, 22.9609781 ], [ 72.4419886, 22.961062 ], [ 72.4419529, 22.9611131 ], [ 72.4419418, 22.9611801 ], [ 72.441964, 22.96123 ], [ 72.4419677, 22.9613026 ], [ 72.4419689, 22.9613219 ], [ 72.4419344, 22.961382 ], [ 72.441943, 22.961415 ] ] ] } },
{ "type": "Feature", "properties": { "element": "way", "id": 1539775940, "waterway": null }, "geometry": { "type": "Polygon", "coordinates": [ [ [ 72.5473407, 23.1143368 ], [ 72.5473353, 23.11447 ], [ 72.5473487, 23.1146871 ], [ 72.5473943, 23.114808 ], [ 72.5474989, 23.1148993 ], [ 72.5475848, 23.1149363 ], [ 72.5476321, 23.1149583 ], [ 72.5476826, 23.1149732 ], [ 72.547735, 23.1149807 ], [ 72.5477808, 23.114981 ], [ 72.5478262, 23.1149757 ], [ 72.547912, 23.1149289 ], [ 72.5480568, 23.1148055 ], [ 72.5481158, 23.1147735 ], [ 72.5481507, 23.1147167 ], [ 72.5482419, 23.1141691 ], [ 72.5482339, 23.1140605 ], [ 72.5482293, 23.1140323 ], [ 72.5482189, 23.1140055 ], [ 72.5482033, 23.1139808 ], [ 72.5481829, 23.1139594 ], [ 72.5481533, 23.1139389 ], [ 72.5481195, 23.1139251 ], [ 72.5480831, 23.1139187 ], [ 72.5480461, 23.1139199 ], [ 72.5475338, 23.113878 ], [ 72.5474507, 23.1139175 ], [ 72.5474308, 23.1139613 ], [ 72.5474077, 23.1140038 ], [ 72.5473739, 23.1140558 ], [ 72.5473353, 23.1141049 ], [ 72.5473273, 23.1141888 ], [ 72.5473407, 23.1143368 ] ] ] } },
{ "type": "Feature", "properties": { "element": "way", "id": 1546467662, "waterway": null }, "geometry": { "type": "Polygon", "coordinates": [ [ [ 72.5800639, 23.1670503 ], [ 72.5801529, 23.16705 ], [ 72.5801533, 23.1671278 ], [ 72.5800643, 23.1671282 ], [ 72.5800639, 23.1670503 ] ] ] } },
{ "type": "Feature", "properties": { "element": "way", "id": 1546674322, "waterway": null }, "geometry": { "type": "Polygon", "coordinates": [ [ [ 72.5870789, 23.0238782 ], [ 72.5870778, 23.0237555 ], [ 72.5871474, 23.0237549 ], [ 72.5871485, 23.0238776 ], [ 72.5870789, 23.0238782 ] ] ] } }
]
}
